{"type": "FeatureCollection", "metadata": {"variable": "sst", "name": "Sea Surface Temperature", "unit": "\u00b0C", "date": "2025-12-16", "hours": 24, "timestamps": ["2025-12-16T00:00:00", "2025-12-16T01:00:00", "2025-12-16T02:00:00", "2025-12-16T03:00:00", "2025-12-16T04:00:00", "2025-12-16T05:00:00", "2025-12-16T06:00:00", "2025-12-16T07:00:00", "2025-12-16T08:00:00", "2025-12-16T09:00:00", "2025-12-16T10:00:00", "2025-12-16T11:00:00", "2025-12-16T12:00:00", "2025-12-16T13:00:00", "2025-12-16T14:00:00", "2025-12-16T15:00:00", "2025-12-16T16:00:00", "2025-12-16T17:00:00", "2025-12-16T18:00:00", "2025-12-16T19:00:00", "2025-12-16T20:00:00", "2025-12-16T21:00:00", "2025-12-16T22:00:00", "2025-12-16T23:00:00"], "color_scale": {"vmin": 5, "vmax": 20, "colors": ["#313695", "#4575b4", "#74add1", "#abd9e9", "#e0f3f8", "#fee090", "#fdae61", "#f46d43", "#d73027"]}}, "features": [{"type": "Feature", "geometry": {"type": "Point", "coordinates": [5.25, 52.75]}, "properties": {"value": 6.812, "time": "2025-12-16T00:00:00", "date": "2025-12-16", "hour": 0}}, {"type": "Feature", "geometry": {"type": "Point", "coordinates": [5.5, 52.75]}, "properties": {"value": 6.813, "time": "2025-12-16T00:00:00", "date": "2025-12-16", "hour": 0}}, {"type": "Feature", "geometry": {"type": "Point", "coordinates": [5.0, 53.0]}, "properties": {"value": 7.319, "time": "2025-12-16T00:00:00", "date": "2025-12-16", "hour": 0}}, {"type": "Feature", "geometry": {"type": "Point", "coordinates": [5.25, 53.0]}, "properties": {"value": 7.042, "time": "2025-12-16T00:00:00", "date": "2025-12-16", "hour": 0}}, {"type": "Feature", "geometry": {"type": "Point", "coordinates": [5.5, 53.0]}, "properties": {"value": 6.799, "time": "2025-12-16T00:00:00", "date": "2025-12-16", "hour": 0}}, {"type": "Feature", "geometry": {"type": "Point", "coordinates": [5.0, 53.25]}, "properties": {"value": 8.008, "time": "2025-12-16T00:00:00", "date": "2025-12-16", "hour": 0}}, {"type": "Feature", "geometry": {"type": "Point", "coordinates": [5.25, 53.25]}, "properties": {"value": 7.442, "time": "2025-12-16T00:00:00", "date": "2025-12-16", "hour": 0}}, {"type": "Feature", "geometry": {"type": "Point", "coordinates": [5.5, 53.25]}, "properties": {"value": 7.099, "time": "2025-12-16T00:00:00", "date": "2025-12-16", "hour": 0}}, {"type": "Feature", "geometry": {"type": "Point", "coordinates": [5.0, 53.5]}, "properties": {"value": 9.558, "time": "2025-12-16T00:00:00", "date": "2025-12-16", "hour": 0}}, {"type": "Feature", "geometry": {"type": "Point", "coordinates": [5.25, 53.5]}, "properties": {"value": 8.981, "time": "2025-12-16T00:00:00", "date": "2025-12-16", "hour": 0}}, {"type": "Feature", "geometry": {"type": "Point", "coordinates": [5.5, 53.5]}, "properties": {"value": 8.797, "time": "2025-12-16T00:00:00", "date": "2025-12-16", "hour": 0}}, {"type": "Feature", "geometry": {"type": "Point", "coordinates": [5.75, 53.5]}, "properties": {"value": 8.375, "time": "2025-12-16T00:00:00", "date": "2025-12-16", "hour": 0}}, {"type": "Feature", "geometry": {"type": "Point", "coordinates": [6.0, 53.5]}, "properties": {"value": 8.022, "time": "2025-12-16T00:00:00", "date": "2025-12-16", "hour": 0}}, {"type": "Feature", "geometry": {"type": "Point", "coordinates": [6.25, 53.5]}, "properties": {"value": 7.727, "time": "2025-12-16T00:00:00", "date": "2025-12-16", "hour": 0}}, {"type": "Feature", "geometry": {"type": "Point", "coordinates": [6.5, 53.5]}, "properties": {"value": 7.554, "time": "2025-12-16T00:00:00", "date": "2025-12-16", "hour": 0}}, {"type": "Feature", "geometry": {"type": "Point", "coordinates": [6.75, 53.5]}, "properties": {"value": 7.247, "time": "2025-12-16T00:00:00", "date": "2025-12-16", "hour": 0}}, {"type": "Feature", "geometry": {"type": "Point", "coordinates": [5.0, 53.75]}, "properties": {"value": 10.229, "time": "2025-12-16T00:00:00", "date": "2025-12-16", "hour": 0}}, {"type": "Feature", "geometry": {"type": "Point", "coordinates": [5.25, 53.75]}, "properties": {"value": 9.866, "time": "2025-12-16T00:00:00", "date": "2025-12-16", "hour": 0}}, {"type": "Feature", "geometry": {"type": "Point", "coordinates": [5.5, 53.75]}, "properties": {"value": 9.563, "time": "2025-12-16T00:00:00", "date": "2025-12-16", "hour": 0}}, {"type": "Feature", "geometry": {"type": "Point", "coordinates": [5.75, 53.75]}, "properties": {"value": 9.251, "time": "2025-12-16T00:00:00", "date": "2025-12-16", "hour": 0}}, {"type": "Feature", "geometry": {"type": "Point", "coordinates": [6.0, 53.75]}, "properties": {"value": 8.924, "time": "2025-12-16T00:00:00", "date": "2025-12-16", "hour": 0}}, {"type": "Feature", "geometry": {"type": "Point", "coordinates": [6.25, 53.75]}, "properties": {"value": 8.53, "time": "2025-12-16T00:00:00", "date": "2025-12-16", "hour": 0}}, {"type": "Feature", "geometry": {"type": "Point", "coordinates": [6.5, 53.75]}, "properties": {"value": 8.097, "time": "2025-12-16T00:00:00", "date": "2025-12-16", "hour": 0}}, {"type": "Feature", "geometry": {"type": "Point", "coordinates": [6.75, 53.75]}, "properties": {"value": 7.733, "time": "2025-12-16T00:00:00", "date": "2025-12-16", "hour": 0}}, {"type": "Feature", "geometry": {"type": "Point", "coordinates": [7.0, 53.75]}, "properties": {"value": 7.699, "time": "2025-12-16T00:00:00", "date": "2025-12-16", "hour": 0}}, {"type": "Feature", "geometry": {"type": "Point", "coordinates": [7.25, 53.75]}, "properties": {"value": 7.42, "time": "2025-12-16T00:00:00", "date": "2025-12-16", "hour": 0}}, {"type": "Feature", "geometry": {"type": "Point", "coordinates": [7.5, 53.75]}, "properties": {"value": 7.347, "time": "2025-12-16T00:00:00", "date": "2025-12-16", "hour": 0}}, {"type": "Feature", "geometry": {"type": "Point", "coordinates": [7.75, 53.75]}, "properties": {"value": 7.335, "time": "2025-12-16T00:00:00", "date": "2025-12-16", "hour": 0}}, {"type": "Feature", "geometry": {"type": "Point", "coordinates": [8.0, 53.75]}, "properties": {"value": 7.199, "time": "2025-12-16T00:00:00", "date": "2025-12-16", "hour": 0}}, {"type": "Feature", "geometry": {"type": "Point", "coordinates": [8.25, 53.75]}, "properties": {"value": 6.78, "time": "2025-12-16T00:00:00", "date": "2025-12-16", "hour": 0}}, {"type": "Feature", "geometry": {"type": "Point", "coordinates": [8.5, 53.75]}, "properties": {"value": 6.318, "time": "2025-12-16T00:00:00", "date": "2025-12-16", "hour": 0}}, {"type": "Feature", "geometry": {"type": "Point", "coordinates": [8.75, 53.75]}, "properties": {"value": 6.318, "time": "2025-12-16T00:00:00", "date": "2025-12-16", "hour": 0}}, {"type": "Feature", "geometry": {"type": "Point", "coordinates": [14.25, 53.75]}, "properties": {"value": 4.019, "time": "2025-12-16T00:00:00", "date": "2025-12-16", "hour": 0}}, {"type": "Feature", "geometry": {"type": "Point", "coordinates": [14.5, 53.75]}, "properties": {"value": 4.019, "time": "2025-12-16T00:00:00", "date": "2025-12-16", "hour": 0}}, {"type": "Feature", "geometry": {"type": "Point", "coordinates": [5.0, 54.0]}, "properties": {"value": 10.358, "time": "2025-12-16T00:00:00", "date": "2025-12-16", "hour": 0}}, {"type": "Feature", "geometry": {"type": "Point", "coordinates": [5.25, 54.0]}, "properties": {"value": 10.289, "time": "2025-12-16T00:00:00", "date": "2025-12-16", "hour": 0}}, {"type": "Feature", "geometry": {"type": "Point", "coordinates": [5.5, 54.0]}, "properties": {"value": 9.988, "time": "2025-12-16T00:00:00", "date": "2025-12-16", "hour": 0}}, {"type": "Feature", "geometry": {"type": "Point", "coordinates": [5.75, 54.0]}, "properties": {"value": 9.715, "time": "2025-12-16T00:00:00", "date": "2025-12-16", "hour": 0}}, {"type": "Feature", "geometry": {"type": "Point", "coordinates": [6.0, 54.0]}, "properties": {"value": 9.437, "time": "2025-12-16T00:00:00", "date": "2025-12-16", "hour": 0}}, {"type": "Feature", "geometry": {"type": "Point", "coordinates": [6.25, 54.0]}, "properties": {"value": 9.104, "time": "2025-12-16T00:00:00", "date": "2025-12-16", "hour": 0}}, {"type": "Feature", "geometry": {"type": "Point", "coordinates": [6.5, 54.0]}, "properties": {"value": 8.729, "time": "2025-12-16T00:00:00", "date": "2025-12-16", "hour": 0}}, {"type": "Feature", "geometry": {"type": "Point", "coordinates": [6.75, 54.0]}, "properties": {"value": 8.619, "time": "2025-12-16T00:00:00", "date": "2025-12-16", "hour": 0}}, {"type": "Feature", "geometry": {"type": "Point", "coordinates": [7.0, 54.0]}, "properties": {"value": 8.61, "time": "2025-12-16T00:00:00", "date": "2025-12-16", "hour": 0}}, {"type": "Feature", "geometry": {"type": "Point", "coordinates": [7.25, 54.0]}, "properties": {"value": 8.44, "time": "2025-12-16T00:00:00", "date": "2025-12-16", "hour": 0}}, {"type": "Feature", "geometry": {"type": "Point", "coordinates": [7.5, 54.0]}, "properties": {"value": 8.324, "time": "2025-12-16T00:00:00", "date": "2025-12-16", "hour": 0}}, {"type": "Feature", "geometry": {"type": "Point", "coordinates": [7.75, 54.0]}, "properties": {"value": 8.191, "time": "2025-12-16T00:00:00", "date": "2025-12-16", "hour": 0}}, {"type": "Feature", "geometry": {"type": "Point", "coordinates": [8.0, 54.0]}, "properties": {"value": 8.098, "time": "2025-12-16T00:00:00", "date": "2025-12-16", "hour": 0}}, {"type": "Feature", "geometry": {"type": "Point", "coordinates": [8.25, 54.0]}, "properties": {"value": 7.782, "time": "2025-12-16T00:00:00", "date": "2025-12-16", "hour": 0}}, {"type": "Feature", "geometry": {"type": "Point", "coordinates": [8.5, 54.0]}, "properties": {"value": 6.801, "time": "2025-12-16T00:00:00", "date": "2025-12-16", "hour": 0}}, {"type": "Feature", "geometry": {"type": "Point", "coordinates": [11.25, 54.0]}, "properties": {"value": 6.357, "time": "2025-12-16T00:00:00", "date": "2025-12-16", "hour": 0}}, {"type": "Feature", "geometry": {"type": "Point", "coordinates": [14.0, 54.0]}, "properties": {"value": 5.063, "time": "2025-12-16T00:00:00", "date": "2025-12-16", "hour": 0}}, {"type": "Feature", "geometry": {"type": "Point", "coordinates": [14.25, 54.0]}, "properties": {"value": 5.53, "time": "2025-12-16T00:00:00", "date": "2025-12-16", "hour": 0}}, {"type": "Feature", "geometry": {"type": "Point", "coordinates": [14.5, 54.0]}, "properties": {"value": 5.315, "time": "2025-12-16T00:00:00", "date": "2025-12-16", "hour": 0}}, {"type": "Feature", "geometry": {"type": "Point", "coordinates": [14.75, 54.0]}, "properties": {"value": 5.745, "time": "2025-12-16T00:00:00", "date": "2025-12-16", "hour": 0}}, {"type": "Feature", "geometry": {"type": "Point", "coordinates": [5.0, 54.25]}, "properties": {"value": 10.358, "time": "2025-12-16T00:00:00", "date": "2025-12-16", "hour": 0}}, {"type": "Feature", "geometry": {"type": "Point", "coordinates": [5.25, 54.25]}, "properties": {"value": 10.323, "time": "2025-12-16T00:00:00", "date": "2025-12-16", "hour": 0}}, {"type": "Feature", "geometry": {"type": "Point", "coordinates": [5.5, 54.25]}, "properties": {"value": 10.215, "time": "2025-12-16T00:00:00", "date": "2025-12-16", "hour": 0}}, {"type": "Feature", "geometry": {"type": "Point", "coordinates": [5.75, 54.25]}, "properties": {"value": 9.978, "time": "2025-12-16T00:00:00", "date": "2025-12-16", "hour": 0}}, {"type": "Feature", "geometry": {"type": "Point", "coordinates": [6.0, 54.25]}, "properties": {"value": 9.837, "time": "2025-12-16T00:00:00", "date": "2025-12-16", "hour": 0}}, {"type": "Feature", "geometry": {"type": "Point", "coordinates": [6.25, 54.25]}, "properties": {"value": 9.578, "time": "2025-12-16T00:00:00", "date": "2025-12-16", "hour": 0}}, {"type": "Feature", "geometry": {"type": "Point", "coordinates": [6.5, 54.25]}, "properties": {"value": 9.419, "time": "2025-12-16T00:00:00", "date": "2025-12-16", "hour": 0}}, {"type": "Feature", "geometry": {"type": "Point", "coordinates": [6.75, 54.25]}, "properties": {"value": 9.317, "time": "2025-12-16T00:00:00", "date": "2025-12-16", "hour": 0}}, {"type": "Feature", "geometry": {"type": "Point", "coordinates": [7.0, 54.25]}, "properties": {"value": 9.259, "time": "2025-12-16T00:00:00", "date": "2025-12-16", "hour": 0}}, {"type": "Feature", "geometry": {"type": "Point", "coordinates": [7.25, 54.25]}, "properties": {"value": 9.112, "time": "2025-12-16T00:00:00", "date": "2025-12-16", "hour": 0}}, {"type": "Feature", "geometry": {"type": "Point", "coordinates": [7.5, 54.25]}, "properties": {"value": 8.909, "time": "2025-12-16T00:00:00", "date": "2025-12-16", "hour": 0}}, {"type": "Feature", "geometry": {"type": "Point", "coordinates": [7.75, 54.25]}, "properties": {"value": 8.648, "time": "2025-12-16T00:00:00", "date": "2025-12-16", "hour": 0}}, {"type": "Feature", "geometry": {"type": "Point", "coordinates": [8.0, 54.25]}, "properties": {"value": 8.501, "time": "2025-12-16T00:00:00", "date": "2025-12-16", "hour": 0}}, {"type": "Feature", "geometry": {"type": "Point", "coordinates": [8.25, 54.25]}, "properties": {"value": 7.519, "time": "2025-12-16T00:00:00", "date": "2025-12-16", "hour": 0}}, {"type": "Feature", "geometry": {"type": "Point", "coordinates": [8.5, 54.25]}, "properties": {"value": 6.558, "time": "2025-12-16T00:00:00", "date": "2025-12-16", "hour": 0}}, {"type": "Feature", "geometry": {"type": "Point", "coordinates": [10.75, 54.25]}, "properties": {"value": 6.417, "time": "2025-12-16T00:00:00", "date": "2025-12-16", "hour": 0}}, {"type": "Feature", "geometry": {"type": "Point", "coordinates": [11.25, 54.25]}, "properties": {"value": 6.624, "time": "2025-12-16T00:00:00", "date": "2025-12-16", "hour": 0}}, {"type": "Feature", "geometry": {"type": "Point", "coordinates": [11.75, 54.25]}, "properties": {"value": 6.805, "time": "2025-12-16T00:00:00", "date": "2025-12-16", "hour": 0}}, {"type": "Feature", "geometry": {"type": "Point", "coordinates": [12.25, 54.25]}, "properties": {"value": 6.282, "time": "2025-12-16T00:00:00", "date": "2025-12-16", "hour": 0}}, {"type": "Feature", "geometry": {"type": "Point", "coordinates": [13.75, 54.25]}, "properties": {"value": 5.208, "time": "2025-12-16T00:00:00", "date": "2025-12-16", "hour": 0}}, {"type": "Feature", "geometry": {"type": "Point", "coordinates": [14.0, 54.25]}, "properties": {"value": 5.585, "time": "2025-12-16T00:00:00", "date": "2025-12-16", "hour": 0}}, {"type": "Feature", "geometry": {"type": "Point", "coordinates": [14.25, 54.25]}, "properties": {"value": 5.873, "time": "2025-12-16T00:00:00", "date": "2025-12-16", "hour": 0}}, {"type": "Feature", "geometry": {"type": "Point", "coordinates": [14.5, 54.25]}, "properties": {"value": 5.816, "time": "2025-12-16T00:00:00", "date": "2025-12-16", "hour": 0}}, {"type": "Feature", "geometry": {"type": "Point", "coordinates": [14.75, 54.25]}, "properties": {"value": 6.102, "time": "2025-12-16T00:00:00", "date": "2025-12-16", "hour": 0}}, {"type": "Feature", "geometry": {"type": "Point", "coordinates": [15.0, 54.25]}, "properties": {"value": 6.699, "time": "2025-12-16T00:00:00", "date": "2025-12-16", "hour": 0}}, {"type": "Feature", "geometry": {"type": "Point", "coordinates": [5.0, 54.5]}, "properties": {"value": 10.326, "time": "2025-12-16T00:00:00", "date": "2025-12-16", "hour": 0}}, {"type": "Feature", "geometry": {"type": "Point", "coordinates": [5.25, 54.5]}, "properties": {"value": 10.398, "time": "2025-12-16T00:00:00", "date": "2025-12-16", "hour": 0}}, {"type": "Feature", "geometry": {"type": "Point", "coordinates": [5.5, 54.5]}, "properties": {"value": 10.352, "time": "2025-12-16T00:00:00", "date": "2025-12-16", "hour": 0}}, {"type": "Feature", "geometry": {"type": "Point", "coordinates": [5.75, 54.5]}, "properties": {"value": 10.232, "time": "2025-12-16T00:00:00", "date": "2025-12-16", "hour": 0}}, {"type": "Feature", "geometry": {"type": "Point", "coordinates": [6.0, 54.5]}, "properties": {"value": 10.123, "time": "2025-12-16T00:00:00", "date": "2025-12-16", "hour": 0}}, {"type": "Feature", "geometry": {"type": "Point", "coordinates": [6.25, 54.5]}, "properties": {"value": 10.017, "time": "2025-12-16T00:00:00", "date": "2025-12-16", "hour": 0}}, {"type": "Feature", "geometry": {"type": "Point", "coordinates": [6.5, 54.5]}, "properties": {"value": 9.854, "time": "2025-12-16T00:00:00", "date": "2025-12-16", "hour": 0}}, {"type": "Feature", "geometry": {"type": "Point", "coordinates": [6.75, 54.5]}, "properties": {"value": 9.744, "time": "2025-12-16T00:00:00", "date": "2025-12-16", "hour": 0}}, {"type": "Feature", "geometry": {"type": "Point", "coordinates": [7.0, 54.5]}, "properties": {"value": 9.655, "time": "2025-12-16T00:00:00", "date": "2025-12-16", "hour": 0}}, {"type": "Feature", "geometry": {"type": "Point", "coordinates": [7.25, 54.5]}, "properties": {"value": 9.301, "time": "2025-12-16T00:00:00", "date": "2025-12-16", "hour": 0}}, {"type": "Feature", "geometry": {"type": "Point", "coordinates": [7.5, 54.5]}, "properties": {"value": 9.048, "time": "2025-12-16T00:00:00", "date": "2025-12-16", "hour": 0}}, {"type": "Feature", "geometry": {"type": "Point", "coordinates": [7.75, 54.5]}, "properties": {"value": 8.751, "time": "2025-12-16T00:00:00", "date": "2025-12-16", "hour": 0}}, {"type": "Feature", "geometry": {"type": "Point", "coordinates": [8.0, 54.5]}, "properties": {"value": 7.841, "time": "2025-12-16T00:00:00", "date": "2025-12-16", "hour": 0}}, {"type": "Feature", "geometry": {"type": "Point", "coordinates": [8.25, 54.5]}, "properties": {"value": 6.972, "time": "2025-12-16T00:00:00", "date": "2025-12-16", "hour": 0}}, {"type": "Feature", "geometry": {"type": "Point", "coordinates": [8.5, 54.5]}, "properties": {"value": 6.117, "time": "2025-12-16T00:00:00", "date": "2025-12-16", "hour": 0}}, {"type": "Feature", "geometry": {"type": "Point", "coordinates": [10.5, 54.5]}, "properties": {"value": 6.819, "time": "2025-12-16T00:00:00", "date": "2025-12-16", "hour": 0}}, {"type": "Feature", "geometry": {"type": "Point", "coordinates": [10.75, 54.5]}, "properties": {"value": 6.623, "time": "2025-12-16T00:00:00", "date": "2025-12-16", "hour": 0}}, {"type": "Feature", "geometry": {"type": "Point", "coordinates": [11.0, 54.5]}, "properties": {"value": 6.469, "time": "2025-12-16T00:00:00", "date": "2025-12-16", "hour": 0}}, {"type": "Feature", "geometry": {"type": "Point", "coordinates": [11.25, 54.5]}, "properties": {"value": 6.7, "time": "2025-12-16T00:00:00", "date": "2025-12-16", "hour": 0}}, {"type": "Feature", "geometry": {"type": "Point", "coordinates": [11.5, 54.5]}, "properties": {"value": 6.676, "time": "2025-12-16T00:00:00", "date": "2025-12-16", "hour": 0}}, {"type": "Feature", "geometry": {"type": "Point", "coordinates": [11.75, 54.5]}, "properties": {"value": 6.785, "time": "2025-12-16T00:00:00", "date": "2025-12-16", "hour": 0}}, {"type": "Feature", "geometry": {"type": "Point", "coordinates": [12.0, 54.5]}, "properties": {"value": 6.632, "time": "2025-12-16T00:00:00", "date": "2025-12-16", "hour": 0}}, {"type": "Feature", "geometry": {"type": "Point", "coordinates": [12.25, 54.5]}, "properties": {"value": 6.445, "time": "2025-12-16T00:00:00", "date": "2025-12-16", "hour": 0}}, {"type": "Feature", "geometry": {"type": "Point", "coordinates": [13.0, 54.5]}, "properties": {"value": 6.844, "time": "2025-12-16T00:00:00", "date": "2025-12-16", "hour": 0}}, {"type": "Feature", "geometry": {"type": "Point", "coordinates": [13.25, 54.5]}, "properties": {"value": 6.297, "time": "2025-12-16T00:00:00", "date": "2025-12-16", "hour": 0}}, {"type": "Feature", "geometry": {"type": "Point", "coordinates": [13.5, 54.5]}, "properties": {"value": 6.049, "time": "2025-12-16T00:00:00", "date": "2025-12-16", "hour": 0}}, {"type": "Feature", "geometry": {"type": "Point", "coordinates": [13.75, 54.5]}, "properties": {"value": 6.15, "time": "2025-12-16T00:00:00", "date": "2025-12-16", "hour": 0}}, {"type": "Feature", "geometry": {"type": "Point", "coordinates": [14.0, 54.5]}, "properties": {"value": 6.496, "time": "2025-12-16T00:00:00", "date": "2025-12-16", "hour": 0}}, {"type": "Feature", "geometry": {"type": "Point", "coordinates": [14.25, 54.5]}, "properties": {"value": 6.531, "time": "2025-12-16T00:00:00", "date": "2025-12-16", "hour": 0}}, {"type": "Feature", "geometry": {"type": "Point", "coordinates": [14.5, 54.5]}, "properties": {"value": 6.777, "time": "2025-12-16T00:00:00", "date": "2025-12-16", "hour": 0}}, {"type": "Feature", "geometry": {"type": "Point", "coordinates": [14.75, 54.5]}, "properties": {"value": 6.974, "time": "2025-12-16T00:00:00", "date": "2025-12-16", "hour": 0}}, {"type": "Feature", "geometry": {"type": "Point", "coordinates": [15.0, 54.5]}, "properties": {"value": 7.613, "time": "2025-12-16T00:00:00", "date": "2025-12-16", "hour": 0}}, {"type": "Feature", "geometry": {"type": "Point", "coordinates": [5.0, 54.75]}, "properties": {"value": 10.267, "time": "2025-12-16T00:00:00", "date": "2025-12-16", "hour": 0}}, {"type": "Feature", "geometry": {"type": "Point", "coordinates": [5.25, 54.75]}, "properties": {"value": 10.34, "time": "2025-12-16T00:00:00", "date": "2025-12-16", "hour": 0}}, {"type": "Feature", "geometry": {"type": "Point", "coordinates": [5.5, 54.75]}, "properties": {"value": 10.381, "time": "2025-12-16T00:00:00", "date": "2025-12-16", "hour": 0}}, {"type": "Feature", "geometry": {"type": "Point", "coordinates": [5.75, 54.75]}, "properties": {"value": 10.38, "time": "2025-12-16T00:00:00", "date": "2025-12-16", "hour": 0}}, {"type": "Feature", "geometry": {"type": "Point", "coordinates": [6.0, 54.75]}, "properties": {"value": 10.299, "time": "2025-12-16T00:00:00", "date": "2025-12-16", "hour": 0}}, {"type": "Feature", "geometry": {"type": "Point", "coordinates": [6.25, 54.75]}, "properties": {"value": 10.196, "time": "2025-12-16T00:00:00", "date": "2025-12-16", "hour": 0}}, {"type": "Feature", "geometry": {"type": "Point", "coordinates": [6.5, 54.75]}, "properties": {"value": 10.082, "time": "2025-12-16T00:00:00", "date": "2025-12-16", "hour": 0}}, {"type": "Feature", "geometry": {"type": "Point", "coordinates": [6.75, 54.75]}, "properties": {"value": 9.954, "time": "2025-12-16T00:00:00", "date": "2025-12-16", "hour": 0}}, {"type": "Feature", "geometry": {"type": "Point", "coordinates": [7.0, 54.75]}, "properties": {"value": 9.864, "time": "2025-12-16T00:00:00", "date": "2025-12-16", "hour": 0}}, {"type": "Feature", "geometry": {"type": "Point", "coordinates": [7.25, 54.75]}, "properties": {"value": 9.502, "time": "2025-12-16T00:00:00", "date": "2025-12-16", "hour": 0}}, {"type": "Feature", "geometry": {"type": "Point", "coordinates": [7.5, 54.75]}, "properties": {"value": 9.154, "time": "2025-12-16T00:00:00", "date": "2025-12-16", "hour": 0}}, {"type": "Feature", "geometry": {"type": "Point", "coordinates": [7.75, 54.75]}, "properties": {"value": 8.209, "time": "2025-12-16T00:00:00", "date": "2025-12-16", "hour": 0}}, {"type": "Feature", "geometry": {"type": "Point", "coordinates": [8.0, 54.75]}, "properties": {"value": 7.254, "time": "2025-12-16T00:00:00", "date": "2025-12-16", "hour": 0}}, {"type": "Feature", "geometry": {"type": "Point", "coordinates": [8.25, 54.75]}, "properties": {"value": 6.497, "time": "2025-12-16T00:00:00", "date": "2025-12-16", "hour": 0}}, {"type": "Feature", "geometry": {"type": "Point", "coordinates": [8.5, 54.75]}, "properties": {"value": 5.865, "time": "2025-12-16T00:00:00", "date": "2025-12-16", "hour": 0}}, {"type": "Feature", "geometry": {"type": "Point", "coordinates": [10.25, 54.75]}, "properties": {"value": 7.163, "time": "2025-12-16T00:00:00", "date": "2025-12-16", "hour": 0}}, {"type": "Feature", "geometry": {"type": "Point", "coordinates": [10.5, 54.75]}, "properties": {"value": 7.016, "time": "2025-12-16T00:00:00", "date": "2025-12-16", "hour": 0}}, {"type": "Feature", "geometry": {"type": "Point", "coordinates": [10.75, 54.75]}, "properties": {"value": 6.83, "time": "2025-12-16T00:00:00", "date": "2025-12-16", "hour": 0}}, {"type": "Feature", "geometry": {"type": "Point", "coordinates": [11.0, 54.75]}, "properties": {"value": 6.646, "time": "2025-12-16T00:00:00", "date": "2025-12-16", "hour": 0}}, {"type": "Feature", "geometry": {"type": "Point", "coordinates": [11.25, 54.75]}, "properties": {"value": 6.313, "time": "2025-12-16T00:00:00", "date": "2025-12-16", "hour": 0}}, {"type": "Feature", "geometry": {"type": "Point", "coordinates": [11.5, 54.75]}, "properties": {"value": 6.009, "time": "2025-12-16T00:00:00", "date": "2025-12-16", "hour": 0}}, {"type": "Feature", "geometry": {"type": "Point", "coordinates": [12.0, 54.75]}, "properties": {"value": 6.154, "time": "2025-12-16T00:00:00", "date": "2025-12-16", "hour": 0}}, {"type": "Feature", "geometry": {"type": "Point", "coordinates": [12.25, 54.75]}, "properties": {"value": 6.574, "time": "2025-12-16T00:00:00", "date": "2025-12-16", "hour": 0}}, {"type": "Feature", "geometry": {"type": "Point", "coordinates": [12.5, 54.75]}, "properties": {"value": 6.943, "time": "2025-12-16T00:00:00", "date": "2025-12-16", "hour": 0}}, {"type": "Feature", "geometry": {"type": "Point", "coordinates": [12.75, 54.75]}, "properties": {"value": 7.042, "time": "2025-12-16T00:00:00", "date": "2025-12-16", "hour": 0}}, {"type": "Feature", "geometry": {"type": "Point", "coordinates": [13.0, 54.75]}, "properties": {"value": 6.97, "time": "2025-12-16T00:00:00", "date": "2025-12-16", "hour": 0}}, {"type": "Feature", "geometry": {"type": "Point", "coordinates": [13.25, 54.75]}, "properties": {"value": 6.999, "time": "2025-12-16T00:00:00", "date": "2025-12-16", "hour": 0}}, {"type": "Feature", "geometry": {"type": "Point", "coordinates": [13.5, 54.75]}, "properties": {"value": 7.044, "time": "2025-12-16T00:00:00", "date": "2025-12-16", "hour": 0}}, {"type": "Feature", "geometry": {"type": "Point", "coordinates": [13.75, 54.75]}, "properties": {"value": 7.144, "time": "2025-12-16T00:00:00", "date": "2025-12-16", "hour": 0}}, {"type": "Feature", "geometry": {"type": "Point", "coordinates": [14.0, 54.75]}, "properties": {"value": 7.238, "time": "2025-12-16T00:00:00", "date": "2025-12-16", "hour": 0}}, {"type": "Feature", "geometry": {"type": "Point", "coordinates": [14.25, 54.75]}, "properties": {"value": 7.402, "time": "2025-12-16T00:00:00", "date": "2025-12-16", "hour": 0}}, {"type": "Feature", "geometry": {"type": "Point", "coordinates": [14.5, 54.75]}, "properties": {"value": 7.803, "time": "2025-12-16T00:00:00", "date": "2025-12-16", "hour": 0}}, {"type": "Feature", "geometry": {"type": "Point", "coordinates": [14.75, 54.75]}, "properties": {"value": 7.963, "time": "2025-12-16T00:00:00", "date": "2025-12-16", "hour": 0}}, {"type": "Feature", "geometry": {"type": "Point", "coordinates": [15.0, 54.75]}, "properties": {"value": 8.052, "time": "2025-12-16T00:00:00", "date": "2025-12-16", "hour": 0}}, {"type": "Feature", "geometry": {"type": "Point", "coordinates": [5.0, 55.0]}, "properties": {"value": 10.113, "time": "2025-12-16T00:00:00", "date": "2025-12-16", "hour": 0}}, {"type": "Feature", "geometry": {"type": "Point", "coordinates": [5.25, 55.0]}, "properties": {"value": 10.274, "time": "2025-12-16T00:00:00", "date": "2025-12-16", "hour": 0}}, {"type": "Feature", "geometry": {"type": "Point", "coordinates": [5.5, 55.0]}, "properties": {"value": 10.323, "time": "2025-12-16T00:00:00", "date": "2025-12-16", "hour": 0}}, {"type": "Feature", "geometry": {"type": "Point", "coordinates": [5.75, 55.0]}, "properties": {"value": 10.323, "time": "2025-12-16T00:00:00", "date": "2025-12-16", "hour": 0}}, {"type": "Feature", "geometry": {"type": "Point", "coordinates": [6.0, 55.0]}, "properties": {"value": 10.274, "time": "2025-12-16T00:00:00", "date": "2025-12-16", "hour": 0}}, {"type": "Feature", "geometry": {"type": "Point", "coordinates": [6.25, 55.0]}, "properties": {"value": 10.224, "time": "2025-12-16T00:00:00", "date": "2025-12-16", "hour": 0}}, {"type": "Feature", "geometry": {"type": "Point", "coordinates": [6.5, 55.0]}, "properties": {"value": 10.116, "time": "2025-12-16T00:00:00", "date": "2025-12-16", "hour": 0}}, {"type": "Feature", "geometry": {"type": "Point", "coordinates": [6.75, 55.0]}, "properties": {"value": 9.98, "time": "2025-12-16T00:00:00", "date": "2025-12-16", "hour": 0}}, {"type": "Feature", "geometry": {"type": "Point", "coordinates": [7.0, 55.0]}, "properties": {"value": 9.81, "time": "2025-12-16T00:00:00", "date": "2025-12-16", "hour": 0}}, {"type": "Feature", "geometry": {"type": "Point", "coordinates": [7.25, 55.0]}, "properties": {"value": 9.486, "time": "2025-12-16T00:00:00", "date": "2025-12-16", "hour": 0}}, {"type": "Feature", "geometry": {"type": "Point", "coordinates": [7.5, 55.0]}, "properties": {"value": 9.176, "time": "2025-12-16T00:00:00", "date": "2025-12-16", "hour": 0}}, {"type": "Feature", "geometry": {"type": "Point", "coordinates": [7.75, 55.0]}, "properties": {"value": 8.262, "time": "2025-12-16T00:00:00", "date": "2025-12-16", "hour": 0}}, {"type": "Feature", "geometry": {"type": "Point", "coordinates": [8.0, 55.0]}, "properties": {"value": 7.421, "time": "2025-12-16T00:00:00", "date": "2025-12-16", "hour": 0}}, {"type": "Feature", "geometry": {"type": "Point", "coordinates": [8.25, 55.0]}, "properties": {"value": 6.589, "time": "2025-12-16T00:00:00", "date": "2025-12-16", "hour": 0}}, {"type": "Feature", "geometry": {"type": "Point", "coordinates": [8.5, 55.0]}, "properties": {"value": 5.959, "time": "2025-12-16T00:00:00", "date": "2025-12-16", "hour": 0}}, {"type": "Feature", "geometry": {"type": "Point", "coordinates": [10.25, 55.0]}, "properties": {"value": 7.051, "time": "2025-12-16T00:00:00", "date": "2025-12-16", "hour": 0}}, {"type": "Feature", "geometry": {"type": "Point", "coordinates": [10.5, 55.0]}, "properties": {"value": 6.888, "time": "2025-12-16T00:00:00", "date": "2025-12-16", "hour": 0}}, {"type": "Feature", "geometry": {"type": "Point", "coordinates": [10.75, 55.0]}, "properties": {"value": 6.727, "time": "2025-12-16T00:00:00", "date": "2025-12-16", "hour": 0}}, {"type": "Feature", "geometry": {"type": "Point", "coordinates": [11.0, 55.0]}, "properties": {"value": 6.484, "time": "2025-12-16T00:00:00", "date": "2025-12-16", "hour": 0}}, {"type": "Feature", "geometry": {"type": "Point", "coordinates": [11.25, 55.0]}, "properties": {"value": 6.052, "time": "2025-12-16T00:00:00", "date": "2025-12-16", "hour": 0}}, {"type": "Feature", "geometry": {"type": "Point", "coordinates": [11.5, 55.0]}, "properties": {"value": 5.719, "time": "2025-12-16T00:00:00", "date": "2025-12-16", "hour": 0}}, {"type": "Feature", "geometry": {"type": "Point", "coordinates": [11.75, 55.0]}, "properties": {"value": 5.292, "time": "2025-12-16T00:00:00", "date": "2025-12-16", "hour": 0}}, {"type": "Feature", "geometry": {"type": "Point", "coordinates": [12.0, 55.0]}, "properties": {"value": 5.625, "time": "2025-12-16T00:00:00", "date": "2025-12-16", "hour": 0}}, {"type": "Feature", "geometry": {"type": "Point", "coordinates": [12.25, 55.0]}, "properties": {"value": 6.174, "time": "2025-12-16T00:00:00", "date": "2025-12-16", "hour": 0}}, {"type": "Feature", "geometry": {"type": "Point", "coordinates": [12.5, 55.0]}, "properties": {"value": 7.017, "time": "2025-12-16T00:00:00", "date": "2025-12-16", "hour": 0}}, {"type": "Feature", "geometry": {"type": "Point", "coordinates": [12.75, 55.0]}, "properties": {"value": 7.281, "time": "2025-12-16T00:00:00", "date": "2025-12-16", "hour": 0}}, {"type": "Feature", "geometry": {"type": "Point", "coordinates": [13.0, 55.0]}, "properties": {"value": 7.358, "time": "2025-12-16T00:00:00", "date": "2025-12-16", "hour": 0}}, {"type": "Feature", "geometry": {"type": "Point", "coordinates": [13.25, 55.0]}, "properties": {"value": 7.385, "time": "2025-12-16T00:00:00", "date": "2025-12-16", "hour": 0}}, {"type": "Feature", "geometry": {"type": "Point", "coordinates": [13.5, 55.0]}, "properties": {"value": 7.365, "time": "2025-12-16T00:00:00", "date": "2025-12-16", "hour": 0}}, {"type": "Feature", "geometry": {"type": "Point", "coordinates": [13.75, 55.0]}, "properties": {"value": 7.413, "time": "2025-12-16T00:00:00", "date": "2025-12-16", "hour": 0}}, {"type": "Feature", "geometry": {"type": "Point", "coordinates": [14.0, 55.0]}, "properties": {"value": 7.438, "time": "2025-12-16T00:00:00", "date": "2025-12-16", "hour": 0}}, {"type": "Feature", "geometry": {"type": "Point", "coordinates": [14.25, 55.0]}, "properties": {"value": 7.563, "time": "2025-12-16T00:00:00", "date": "2025-12-16", "hour": 0}}, {"type": "Feature", "geometry": {"type": "Point", "coordinates": [14.5, 55.0]}, "properties": {"value": 7.666, "time": "2025-12-16T00:00:00", "date": "2025-12-16", "hour": 0}}, {"type": "Feature", "geometry": {"type": "Point", "coordinates": [14.75, 55.0]}, "properties": {"value": 7.713, "time": "2025-12-16T00:00:00", "date": "2025-12-16", "hour": 0}}, {"type": "Feature", "geometry": {"type": "Point", "coordinates": [15.0, 55.0]}, "properties": {"value": 7.778, "time": "2025-12-16T00:00:00", "date": "2025-12-16", "hour": 0}}, {"type": "Feature", "geometry": {"type": "Point", "coordinates": [5.25, 52.75]}, "properties": {"value": 6.812, "time": "2025-12-16T01:00:00", "date": "2025-12-16", "hour": 1}}, {"type": "Feature", "geometry": {"type": "Point", "coordinates": [5.5, 52.75]}, "properties": {"value": 6.813, "time": "2025-12-16T01:00:00", "date": "2025-12-16", "hour": 1}}, {"type": "Feature", "geometry": {"type": "Point", "coordinates": [5.0, 53.0]}, "properties": {"value": 7.319, "time": "2025-12-16T01:00:00", "date": "2025-12-16", "hour": 1}}, {"type": "Feature", "geometry": {"type": "Point", "coordinates": [5.25, 53.0]}, "properties": {"value": 7.042, "time": "2025-12-16T01:00:00", "date": "2025-12-16", "hour": 1}}, {"type": "Feature", "geometry": {"type": "Point", "coordinates": [5.5, 53.0]}, "properties": {"value": 6.799, "time": "2025-12-16T01:00:00", "date": "2025-12-16", "hour": 1}}, {"type": "Feature", "geometry": {"type": "Point", "coordinates": [5.0, 53.25]}, "properties": {"value": 8.008, "time": "2025-12-16T01:00:00", "date": "2025-12-16", "hour": 1}}, {"type": "Feature", "geometry": {"type": "Point", "coordinates": [5.25, 53.25]}, "properties": {"value": 7.442, "time": "2025-12-16T01:00:00", "date": "2025-12-16", "hour": 1}}, {"type": "Feature", "geometry": {"type": "Point", "coordinates": [5.5, 53.25]}, "properties": {"value": 7.099, "time": "2025-12-16T01:00:00", "date": "2025-12-16", "hour": 1}}, {"type": "Feature", "geometry": {"type": "Point", "coordinates": [5.0, 53.5]}, "properties": {"value": 9.558, "time": "2025-12-16T01:00:00", "date": "2025-12-16", "hour": 1}}, {"type": "Feature", "geometry": {"type": "Point", "coordinates": [5.25, 53.5]}, "properties": {"value": 8.981, "time": "2025-12-16T01:00:00", "date": "2025-12-16", "hour": 1}}, {"type": "Feature", "geometry": {"type": "Point", "coordinates": [5.5, 53.5]}, "properties": {"value": 8.797, "time": "2025-12-16T01:00:00", "date": "2025-12-16", "hour": 1}}, {"type": "Feature", "geometry": {"type": "Point", "coordinates": [5.75, 53.5]}, "properties": {"value": 8.375, "time": "2025-12-16T01:00:00", "date": "2025-12-16", "hour": 1}}, {"type": "Feature", "geometry": {"type": "Point", "coordinates": [6.0, 53.5]}, "properties": {"value": 8.022, "time": "2025-12-16T01:00:00", "date": "2025-12-16", "hour": 1}}, {"type": "Feature", "geometry": {"type": "Point", "coordinates": [6.25, 53.5]}, "properties": {"value": 7.727, "time": "2025-12-16T01:00:00", "date": "2025-12-16", "hour": 1}}, {"type": "Feature", "geometry": {"type": "Point", "coordinates": [6.5, 53.5]}, "properties": {"value": 7.554, "time": "2025-12-16T01:00:00", "date": "2025-12-16", "hour": 1}}, {"type": "Feature", "geometry": {"type": "Point", "coordinates": [6.75, 53.5]}, "properties": {"value": 7.247, "time": "2025-12-16T01:00:00", "date": "2025-12-16", "hour": 1}}, {"type": "Feature", "geometry": {"type": "Point", "coordinates": [5.0, 53.75]}, "properties": {"value": 10.229, "time": "2025-12-16T01:00:00", "date": "2025-12-16", "hour": 1}}, {"type": "Feature", "geometry": {"type": "Point", "coordinates": [5.25, 53.75]}, "properties": {"value": 9.866, "time": "2025-12-16T01:00:00", "date": "2025-12-16", "hour": 1}}, {"type": "Feature", "geometry": {"type": "Point", "coordinates": [5.5, 53.75]}, "properties": {"value": 9.563, "time": "2025-12-16T01:00:00", "date": "2025-12-16", "hour": 1}}, {"type": "Feature", "geometry": {"type": "Point", "coordinates": [5.75, 53.75]}, "properties": {"value": 9.251, "time": "2025-12-16T01:00:00", "date": "2025-12-16", "hour": 1}}, {"type": "Feature", "geometry": {"type": "Point", "coordinates": [6.0, 53.75]}, "properties": {"value": 8.924, "time": "2025-12-16T01:00:00", "date": "2025-12-16", "hour": 1}}, {"type": "Feature", "geometry": {"type": "Point", "coordinates": [6.25, 53.75]}, "properties": {"value": 8.53, "time": "2025-12-16T01:00:00", "date": "2025-12-16", "hour": 1}}, {"type": "Feature", "geometry": {"type": "Point", "coordinates": [6.5, 53.75]}, "properties": {"value": 8.097, "time": "2025-12-16T01:00:00", "date": "2025-12-16", "hour": 1}}, {"type": "Feature", "geometry": {"type": "Point", "coordinates": [6.75, 53.75]}, "properties": {"value": 7.733, "time": "2025-12-16T01:00:00", "date": "2025-12-16", "hour": 1}}, {"type": "Feature", "geometry": {"type": "Point", "coordinates": [7.0, 53.75]}, "properties": {"value": 7.699, "time": "2025-12-16T01:00:00", "date": "2025-12-16", "hour": 1}}, {"type": "Feature", "geometry": {"type": "Point", "coordinates": [7.25, 53.75]}, "properties": {"value": 7.42, "time": "2025-12-16T01:00:00", "date": "2025-12-16", "hour": 1}}, {"type": "Feature", "geometry": {"type": "Point", "coordinates": [7.5, 53.75]}, "properties": {"value": 7.347, "time": "2025-12-16T01:00:00", "date": "2025-12-16", "hour": 1}}, {"type": "Feature", "geometry": {"type": "Point", "coordinates": [7.75, 53.75]}, "properties": {"value": 7.335, "time": "2025-12-16T01:00:00", "date": "2025-12-16", "hour": 1}}, {"type": "Feature", "geometry": {"type": "Point", "coordinates": [8.0, 53.75]}, "properties": {"value": 7.199, "time": "2025-12-16T01:00:00", "date": "2025-12-16", "hour": 1}}, {"type": "Feature", "geometry": {"type": "Point", "coordinates": [8.25, 53.75]}, "properties": {"value": 6.78, "time": "2025-12-16T01:00:00", "date": "2025-12-16", "hour": 1}}, {"type": "Feature", "geometry": {"type": "Point", "coordinates": [8.5, 53.75]}, "properties": {"value": 6.318, "time": "2025-12-16T01:00:00", "date": "2025-12-16", "hour": 1}}, {"type": "Feature", "geometry": {"type": "Point", "coordinates": [8.75, 53.75]}, "properties": {"value": 6.318, "time": "2025-12-16T01:00:00", "date": "2025-12-16", "hour": 1}}, {"type": "Feature", "geometry": {"type": "Point", "coordinates": [14.25, 53.75]}, "properties": {"value": 4.019, "time": "2025-12-16T01:00:00", "date": "2025-12-16", "hour": 1}}, {"type": "Feature", "geometry": {"type": "Point", "coordinates": [14.5, 53.75]}, "properties": {"value": 4.019, "time": "2025-12-16T01:00:00", "date": "2025-12-16", "hour": 1}}, {"type": "Feature", "geometry": {"type": "Point", "coordinates": [5.0, 54.0]}, "properties": {"value": 10.358, "time": "2025-12-16T01:00:00", "date": "2025-12-16", "hour": 1}}, {"type": "Feature", "geometry": {"type": "Point", "coordinates": [5.25, 54.0]}, "properties": {"value": 10.289, "time": "2025-12-16T01:00:00", "date": "2025-12-16", "hour": 1}}, {"type": "Feature", "geometry": {"type": "Point", "coordinates": [5.5, 54.0]}, "properties": {"value": 9.988, "time": "2025-12-16T01:00:00", "date": "2025-12-16", "hour": 1}}, {"type": "Feature", "geometry": {"type": "Point", "coordinates": [5.75, 54.0]}, "properties": {"value": 9.715, "time": "2025-12-16T01:00:00", "date": "2025-12-16", "hour": 1}}, {"type": "Feature", "geometry": {"type": "Point", "coordinates": [6.0, 54.0]}, "properties": {"value": 9.437, "time": "2025-12-16T01:00:00", "date": "2025-12-16", "hour": 1}}, {"type": "Feature", "geometry": {"type": "Point", "coordinates": [6.25, 54.0]}, "properties": {"value": 9.104, "time": "2025-12-16T01:00:00", "date": "2025-12-16", "hour": 1}}, {"type": "Feature", "geometry": {"type": "Point", "coordinates": [6.5, 54.0]}, "properties": {"value": 8.729, "time": "2025-12-16T01:00:00", "date": "2025-12-16", "hour": 1}}, {"type": "Feature", "geometry": {"type": "Point", "coordinates": [6.75, 54.0]}, "properties": {"value": 8.619, "time": "2025-12-16T01:00:00", "date": "2025-12-16", "hour": 1}}, {"type": "Feature", "geometry": {"type": "Point", "coordinates": [7.0, 54.0]}, "properties": {"value": 8.61, "time": "2025-12-16T01:00:00", "date": "2025-12-16", "hour": 1}}, {"type": "Feature", "geometry": {"type": "Point", "coordinates": [7.25, 54.0]}, "properties": {"value": 8.44, "time": "2025-12-16T01:00:00", "date": "2025-12-16", "hour": 1}}, {"type": "Feature", "geometry": {"type": "Point", "coordinates": [7.5, 54.0]}, "properties": {"value": 8.324, "time": "2025-12-16T01:00:00", "date": "2025-12-16", "hour": 1}}, {"type": "Feature", "geometry": {"type": "Point", "coordinates": [7.75, 54.0]}, "properties": {"value": 8.191, "time": "2025-12-16T01:00:00", "date": "2025-12-16", "hour": 1}}, {"type": "Feature", "geometry": {"type": "Point", "coordinates": [8.0, 54.0]}, "properties": {"value": 8.098, "time": "2025-12-16T01:00:00", "date": "2025-12-16", "hour": 1}}, {"type": "Feature", "geometry": {"type": "Point", "coordinates": [8.25, 54.0]}, "properties": {"value": 7.782, "time": "2025-12-16T01:00:00", "date": "2025-12-16", "hour": 1}}, {"type": "Feature", "geometry": {"type": "Point", "coordinates": [8.5, 54.0]}, "properties": {"value": 6.801, "time": "2025-12-16T01:00:00", "date": "2025-12-16", "hour": 1}}, {"type": "Feature", "geometry": {"type": "Point", "coordinates": [11.25, 54.0]}, "properties": {"value": 6.357, "time": "2025-12-16T01:00:00", "date": "2025-12-16", "hour": 1}}, {"type": "Feature", "geometry": {"type": "Point", "coordinates": [14.0, 54.0]}, "properties": {"value": 5.063, "time": "2025-12-16T01:00:00", "date": "2025-12-16", "hour": 1}}, {"type": "Feature", "geometry": {"type": "Point", "coordinates": [14.25, 54.0]}, "properties": {"value": 5.53, "time": "2025-12-16T01:00:00", "date": "2025-12-16", "hour": 1}}, {"type": "Feature", "geometry": {"type": "Point", "coordinates": [14.5, 54.0]}, "properties": {"value": 5.315, "time": "2025-12-16T01:00:00", "date": "2025-12-16", "hour": 1}}, {"type": "Feature", "geometry": {"type": "Point", "coordinates": [14.75, 54.0]}, "properties": {"value": 5.745, "time": "2025-12-16T01:00:00", "date": "2025-12-16", "hour": 1}}, {"type": "Feature", "geometry": {"type": "Point", "coordinates": [5.0, 54.25]}, "properties": {"value": 10.358, "time": "2025-12-16T01:00:00", "date": "2025-12-16", "hour": 1}}, {"type": "Feature", "geometry": {"type": "Point", "coordinates": [5.25, 54.25]}, "properties": {"value": 10.323, "time": "2025-12-16T01:00:00", "date": "2025-12-16", "hour": 1}}, {"type": "Feature", "geometry": {"type": "Point", "coordinates": [5.5, 54.25]}, "properties": {"value": 10.215, "time": "2025-12-16T01:00:00", "date": "2025-12-16", "hour": 1}}, {"type": "Feature", "geometry": {"type": "Point", "coordinates": [5.75, 54.25]}, "properties": {"value": 9.978, "time": "2025-12-16T01:00:00", "date": "2025-12-16", "hour": 1}}, {"type": "Feature", "geometry": {"type": "Point", "coordinates": [6.0, 54.25]}, "properties": {"value": 9.837, "time": "2025-12-16T01:00:00", "date": "2025-12-16", "hour": 1}}, {"type": "Feature", "geometry": {"type": "Point", "coordinates": [6.25, 54.25]}, "properties": {"value": 9.578, "time": "2025-12-16T01:00:00", "date": "2025-12-16", "hour": 1}}, {"type": "Feature", "geometry": {"type": "Point", "coordinates": [6.5, 54.25]}, "properties": {"value": 9.419, "time": "2025-12-16T01:00:00", "date": "2025-12-16", "hour": 1}}, {"type": "Feature", "geometry": {"type": "Point", "coordinates": [6.75, 54.25]}, "properties": {"value": 9.317, "time": "2025-12-16T01:00:00", "date": "2025-12-16", "hour": 1}}, {"type": "Feature", "geometry": {"type": "Point", "coordinates": [7.0, 54.25]}, "properties": {"value": 9.259, "time": "2025-12-16T01:00:00", "date": "2025-12-16", "hour": 1}}, {"type": "Feature", "geometry": {"type": "Point", "coordinates": [7.25, 54.25]}, "properties": {"value": 9.112, "time": "2025-12-16T01:00:00", "date": "2025-12-16", "hour": 1}}, {"type": "Feature", "geometry": {"type": "Point", "coordinates": [7.5, 54.25]}, "properties": {"value": 8.909, "time": "2025-12-16T01:00:00", "date": "2025-12-16", "hour": 1}}, {"type": "Feature", "geometry": {"type": "Point", "coordinates": [7.75, 54.25]}, "properties": {"value": 8.648, "time": "2025-12-16T01:00:00", "date": "2025-12-16", "hour": 1}}, {"type": "Feature", "geometry": {"type": "Point", "coordinates": [8.0, 54.25]}, "properties": {"value": 8.501, "time": "2025-12-16T01:00:00", "date": "2025-12-16", "hour": 1}}, {"type": "Feature", "geometry": {"type": "Point", "coordinates": [8.25, 54.25]}, "properties": {"value": 7.519, "time": "2025-12-16T01:00:00", "date": "2025-12-16", "hour": 1}}, {"type": "Feature", "geometry": {"type": "Point", "coordinates": [8.5, 54.25]}, "properties": {"value": 6.558, "time": "2025-12-16T01:00:00", "date": "2025-12-16", "hour": 1}}, {"type": "Feature", "geometry": {"type": "Point", "coordinates": [10.75, 54.25]}, "properties": {"value": 6.417, "time": "2025-12-16T01:00:00", "date": "2025-12-16", "hour": 1}}, {"type": "Feature", "geometry": {"type": "Point", "coordinates": [11.25, 54.25]}, "properties": {"value": 6.624, "time": "2025-12-16T01:00:00", "date": "2025-12-16", "hour": 1}}, {"type": "Feature", "geometry": {"type": "Point", "coordinates": [11.75, 54.25]}, "properties": {"value": 6.805, "time": "2025-12-16T01:00:00", "date": "2025-12-16", "hour": 1}}, {"type": "Feature", "geometry": {"type": "Point", "coordinates": [12.25, 54.25]}, "properties": {"value": 6.282, "time": "2025-12-16T01:00:00", "date": "2025-12-16", "hour": 1}}, {"type": "Feature", "geometry": {"type": "Point", "coordinates": [13.75, 54.25]}, "properties": {"value": 5.208, "time": "2025-12-16T01:00:00", "date": "2025-12-16", "hour": 1}}, {"type": "Feature", "geometry": {"type": "Point", "coordinates": [14.0, 54.25]}, "properties": {"value": 5.585, "time": "2025-12-16T01:00:00", "date": "2025-12-16", "hour": 1}}, {"type": "Feature", "geometry": {"type": "Point", "coordinates": [14.25, 54.25]}, "properties": {"value": 5.873, "time": "2025-12-16T01:00:00", "date": "2025-12-16", "hour": 1}}, {"type": "Feature", "geometry": {"type": "Point", "coordinates": [14.5, 54.25]}, "properties": {"value": 5.816, "time": "2025-12-16T01:00:00", "date": "2025-12-16", "hour": 1}}, {"type": "Feature", "geometry": {"type": "Point", "coordinates": [14.75, 54.25]}, "properties": {"value": 6.102, "time": "2025-12-16T01:00:00", "date": "2025-12-16", "hour": 1}}, {"type": "Feature", "geometry": {"type": "Point", "coordinates": [15.0, 54.25]}, "properties": {"value": 6.699, "time": "2025-12-16T01:00:00", "date": "2025-12-16", "hour": 1}}, {"type": "Feature", "geometry": {"type": "Point", "coordinates": [5.0, 54.5]}, "properties": {"value": 10.326, "time": "2025-12-16T01:00:00", "date": "2025-12-16", "hour": 1}}, {"type": "Feature", "geometry": {"type": "Point", "coordinates": [5.25, 54.5]}, "properties": {"value": 10.398, "time": "2025-12-16T01:00:00", "date": "2025-12-16", "hour": 1}}, {"type": "Feature", "geometry": {"type": "Point", "coordinates": [5.5, 54.5]}, "properties": {"value": 10.352, "time": "2025-12-16T01:00:00", "date": "2025-12-16", "hour": 1}}, {"type": "Feature", "geometry": {"type": "Point", "coordinates": [5.75, 54.5]}, "properties": {"value": 10.232, "time": "2025-12-16T01:00:00", "date": "2025-12-16", "hour": 1}}, {"type": "Feature", "geometry": {"type": "Point", "coordinates": [6.0, 54.5]}, "properties": {"value": 10.123, "time": "2025-12-16T01:00:00", "date": "2025-12-16", "hour": 1}}, {"type": "Feature", "geometry": {"type": "Point", "coordinates": [6.25, 54.5]}, "properties": {"value": 10.017, "time": "2025-12-16T01:00:00", "date": "2025-12-16", "hour": 1}}, {"type": "Feature", "geometry": {"type": "Point", "coordinates": [6.5, 54.5]}, "properties": {"value": 9.854, "time": "2025-12-16T01:00:00", "date": "2025-12-16", "hour": 1}}, {"type": "Feature", "geometry": {"type": "Point", "coordinates": [6.75, 54.5]}, "properties": {"value": 9.744, "time": "2025-12-16T01:00:00", "date": "2025-12-16", "hour": 1}}, {"type": "Feature", "geometry": {"type": "Point", "coordinates": [7.0, 54.5]}, "properties": {"value": 9.655, "time": "2025-12-16T01:00:00", "date": "2025-12-16", "hour": 1}}, {"type": "Feature", "geometry": {"type": "Point", "coordinates": [7.25, 54.5]}, "properties": {"value": 9.301, "time": "2025-12-16T01:00:00", "date": "2025-12-16", "hour": 1}}, {"type": "Feature", "geometry": {"type": "Point", "coordinates": [7.5, 54.5]}, "properties": {"value": 9.048, "time": "2025-12-16T01:00:00", "date": "2025-12-16", "hour": 1}}, {"type": "Feature", "geometry": {"type": "Point", "coordinates": [7.75, 54.5]}, "properties": {"value": 8.751, "time": "2025-12-16T01:00:00", "date": "2025-12-16", "hour": 1}}, {"type": "Feature", "geometry": {"type": "Point", "coordinates": [8.0, 54.5]}, "properties": {"value": 7.841, "time": "2025-12-16T01:00:00", "date": "2025-12-16", "hour": 1}}, {"type": "Feature", "geometry": {"type": "Point", "coordinates": [8.25, 54.5]}, "properties": {"value": 6.972, "time": "2025-12-16T01:00:00", "date": "2025-12-16", "hour": 1}}, {"type": "Feature", "geometry": {"type": "Point", "coordinates": [8.5, 54.5]}, "properties": {"value": 6.117, "time": "2025-12-16T01:00:00", "date": "2025-12-16", "hour": 1}}, {"type": "Feature", "geometry": {"type": "Point", "coordinates": [10.5, 54.5]}, "properties": {"value": 6.819, "time": "2025-12-16T01:00:00", "date": "2025-12-16", "hour": 1}}, {"type": "Feature", "geometry": {"type": "Point", "coordinates": [10.75, 54.5]}, "properties": {"value": 6.623, "time": "2025-12-16T01:00:00", "date": "2025-12-16", "hour": 1}}, {"type": "Feature", "geometry": {"type": "Point", "coordinates": [11.0, 54.5]}, "properties": {"value": 6.469, "time": "2025-12-16T01:00:00", "date": "2025-12-16", "hour": 1}}, {"type": "Feature", "geometry": {"type": "Point", "coordinates": [11.25, 54.5]}, "properties": {"value": 6.7, "time": "2025-12-16T01:00:00", "date": "2025-12-16", "hour": 1}}, {"type": "Feature", "geometry": {"type": "Point", "coordinates": [11.5, 54.5]}, "properties": {"value": 6.676, "time": "2025-12-16T01:00:00", "date": "2025-12-16", "hour": 1}}, {"type": "Feature", "geometry": {"type": "Point", "coordinates": [11.75, 54.5]}, "properties": {"value": 6.785, "time": "2025-12-16T01:00:00", "date": "2025-12-16", "hour": 1}}, {"type": "Feature", "geometry": {"type": "Point", "coordinates": [12.0, 54.5]}, "properties": {"value": 6.632, "time": "2025-12-16T01:00:00", "date": "2025-12-16", "hour": 1}}, {"type": "Feature", "geometry": {"type": "Point", "coordinates": [12.25, 54.5]}, "properties": {"value": 6.445, "time": "2025-12-16T01:00:00", "date": "2025-12-16", "hour": 1}}, {"type": "Feature", "geometry": {"type": "Point", "coordinates": [13.0, 54.5]}, "properties": {"value": 6.844, "time": "2025-12-16T01:00:00", "date": "2025-12-16", "hour": 1}}, {"type": "Feature", "geometry": {"type": "Point", "coordinates": [13.25, 54.5]}, "properties": {"value": 6.297, "time": "2025-12-16T01:00:00", "date": "2025-12-16", "hour": 1}}, {"type": "Feature", "geometry": {"type": "Point", "coordinates": [13.5, 54.5]}, "properties": {"value": 6.049, "time": "2025-12-16T01:00:00", "date": "2025-12-16", "hour": 1}}, {"type": "Feature", "geometry": {"type": "Point", "coordinates": [13.75, 54.5]}, "properties": {"value": 6.15, "time": "2025-12-16T01:00:00", "date": "2025-12-16", "hour": 1}}, {"type": "Feature", "geometry": {"type": "Point", "coordinates": [14.0, 54.5]}, "properties": {"value": 6.496, "time": "2025-12-16T01:00:00", "date": "2025-12-16", "hour": 1}}, {"type": "Feature", "geometry": {"type": "Point", "coordinates": [14.25, 54.5]}, "properties": {"value": 6.531, "time": "2025-12-16T01:00:00", "date": "2025-12-16", "hour": 1}}, {"type": "Feature", "geometry": {"type": "Point", "coordinates": [14.5, 54.5]}, "properties": {"value": 6.777, "time": "2025-12-16T01:00:00", "date": "2025-12-16", "hour": 1}}, {"type": "Feature", "geometry": {"type": "Point", "coordinates": [14.75, 54.5]}, "properties": {"value": 6.974, "time": "2025-12-16T01:00:00", "date": "2025-12-16", "hour": 1}}, {"type": "Feature", "geometry": {"type": "Point", "coordinates": [15.0, 54.5]}, "properties": {"value": 7.613, "time": "2025-12-16T01:00:00", "date": "2025-12-16", "hour": 1}}, {"type": "Feature", "geometry": {"type": "Point", "coordinates": [5.0, 54.75]}, "properties": {"value": 10.267, "time": "2025-12-16T01:00:00", "date": "2025-12-16", "hour": 1}}, {"type": "Feature", "geometry": {"type": "Point", "coordinates": [5.25, 54.75]}, "properties": {"value": 10.34, "time": "2025-12-16T01:00:00", "date": "2025-12-16", "hour": 1}}, {"type": "Feature", "geometry": {"type": "Point", "coordinates": [5.5, 54.75]}, "properties": {"value": 10.381, "time": "2025-12-16T01:00:00", "date": "2025-12-16", "hour": 1}}, {"type": "Feature", "geometry": {"type": "Point", "coordinates": [5.75, 54.75]}, "properties": {"value": 10.38, "time": "2025-12-16T01:00:00", "date": "2025-12-16", "hour": 1}}, {"type": "Feature", "geometry": {"type": "Point", "coordinates": [6.0, 54.75]}, "properties": {"value": 10.299, "time": "2025-12-16T01:00:00", "date": "2025-12-16", "hour": 1}}, {"type": "Feature", "geometry": {"type": "Point", "coordinates": [6.25, 54.75]}, "properties": {"value": 10.196, "time": "2025-12-16T01:00:00", "date": "2025-12-16", "hour": 1}}, {"type": "Feature", "geometry": {"type": "Point", "coordinates": [6.5, 54.75]}, "properties": {"value": 10.082, "time": "2025-12-16T01:00:00", "date": "2025-12-16", "hour": 1}}, {"type": "Feature", "geometry": {"type": "Point", "coordinates": [6.75, 54.75]}, "properties": {"value": 9.954, "time": "2025-12-16T01:00:00", "date": "2025-12-16", "hour": 1}}, {"type": "Feature", "geometry": {"type": "Point", "coordinates": [7.0, 54.75]}, "properties": {"value": 9.864, "time": "2025-12-16T01:00:00", "date": "2025-12-16", "hour": 1}}, {"type": "Feature", "geometry": {"type": "Point", "coordinates": [7.25, 54.75]}, "properties": {"value": 9.502, "time": "2025-12-16T01:00:00", "date": "2025-12-16", "hour": 1}}, {"type": "Feature", "geometry": {"type": "Point", "coordinates": [7.5, 54.75]}, "properties": {"value": 9.154, "time": "2025-12-16T01:00:00", "date": "2025-12-16", "hour": 1}}, {"type": "Feature", "geometry": {"type": "Point", "coordinates": [7.75, 54.75]}, "properties": {"value": 8.209, "time": "2025-12-16T01:00:00", "date": "2025-12-16", "hour": 1}}, {"type": "Feature", "geometry": {"type": "Point", "coordinates": [8.0, 54.75]}, "properties": {"value": 7.254, "time": "2025-12-16T01:00:00", "date": "2025-12-16", "hour": 1}}, {"type": "Feature", "geometry": {"type": "Point", "coordinates": [8.25, 54.75]}, "properties": {"value": 6.497, "time": "2025-12-16T01:00:00", "date": "2025-12-16", "hour": 1}}, {"type": "Feature", "geometry": {"type": "Point", "coordinates": [8.5, 54.75]}, "properties": {"value": 5.865, "time": "2025-12-16T01:00:00", "date": "2025-12-16", "hour": 1}}, {"type": "Feature", "geometry": {"type": "Point", "coordinates": [10.25, 54.75]}, "properties": {"value": 7.163, "time": "2025-12-16T01:00:00", "date": "2025-12-16", "hour": 1}}, {"type": "Feature", "geometry": {"type": "Point", "coordinates": [10.5, 54.75]}, "properties": {"value": 7.016, "time": "2025-12-16T01:00:00", "date": "2025-12-16", "hour": 1}}, {"type": "Feature", "geometry": {"type": "Point", "coordinates": [10.75, 54.75]}, "properties": {"value": 6.83, "time": "2025-12-16T01:00:00", "date": "2025-12-16", "hour": 1}}, {"type": "Feature", "geometry": {"type": "Point", "coordinates": [11.0, 54.75]}, "properties": {"value": 6.646, "time": "2025-12-16T01:00:00", "date": "2025-12-16", "hour": 1}}, {"type": "Feature", "geometry": {"type": "Point", "coordinates": [11.25, 54.75]}, "properties": {"value": 6.313, "time": "2025-12-16T01:00:00", "date": "2025-12-16", "hour": 1}}, {"type": "Feature", "geometry": {"type": "Point", "coordinates": [11.5, 54.75]}, "properties": {"value": 6.009, "time": "2025-12-16T01:00:00", "date": "2025-12-16", "hour": 1}}, {"type": "Feature", "geometry": {"type": "Point", "coordinates": [12.0, 54.75]}, "properties": {"value": 6.154, "time": "2025-12-16T01:00:00", "date": "2025-12-16", "hour": 1}}, {"type": "Feature", "geometry": {"type": "Point", "coordinates": [12.25, 54.75]}, "properties": {"value": 6.574, "time": "2025-12-16T01:00:00", "date": "2025-12-16", "hour": 1}}, {"type": "Feature", "geometry": {"type": "Point", "coordinates": [12.5, 54.75]}, "properties": {"value": 6.943, "time": "2025-12-16T01:00:00", "date": "2025-12-16", "hour": 1}}, {"type": "Feature", "geometry": {"type": "Point", "coordinates": [12.75, 54.75]}, "properties": {"value": 7.042, "time": "2025-12-16T01:00:00", "date": "2025-12-16", "hour": 1}}, {"type": "Feature", "geometry": {"type": "Point", "coordinates": [13.0, 54.75]}, "properties": {"value": 6.97, "time": "2025-12-16T01:00:00", "date": "2025-12-16", "hour": 1}}, {"type": "Feature", "geometry": {"type": "Point", "coordinates": [13.25, 54.75]}, "properties": {"value": 6.999, "time": "2025-12-16T01:00:00", "date": "2025-12-16", "hour": 1}}, {"type": "Feature", "geometry": {"type": "Point", "coordinates": [13.5, 54.75]}, "properties": {"value": 7.044, "time": "2025-12-16T01:00:00", "date": "2025-12-16", "hour": 1}}, {"type": "Feature", "geometry": {"type": "Point", "coordinates": [13.75, 54.75]}, "properties": {"value": 7.144, "time": "2025-12-16T01:00:00", "date": "2025-12-16", "hour": 1}}, {"type": "Feature", "geometry": {"type": "Point", "coordinates": [14.0, 54.75]}, "properties": {"value": 7.238, "time": "2025-12-16T01:00:00", "date": "2025-12-16", "hour": 1}}, {"type": "Feature", "geometry": {"type": "Point", "coordinates": [14.25, 54.75]}, "properties": {"value": 7.402, "time": "2025-12-16T01:00:00", "date": "2025-12-16", "hour": 1}}, {"type": "Feature", "geometry": {"type": "Point", "coordinates": [14.5, 54.75]}, "properties": {"value": 7.803, "time": "2025-12-16T01:00:00", "date": "2025-12-16", "hour": 1}}, {"type": "Feature", "geometry": {"type": "Point", "coordinates": [14.75, 54.75]}, "properties": {"value": 7.963, "time": "2025-12-16T01:00:00", "date": "2025-12-16", "hour": 1}}, {"type": "Feature", "geometry": {"type": "Point", "coordinates": [15.0, 54.75]}, "properties": {"value": 8.052, "time": "2025-12-16T01:00:00", "date": "2025-12-16", "hour": 1}}, {"type": "Feature", "geometry": {"type": "Point", "coordinates": [5.0, 55.0]}, "properties": {"value": 10.113, "time": "2025-12-16T01:00:00", "date": "2025-12-16", "hour": 1}}, {"type": "Feature", "geometry": {"type": "Point", "coordinates": [5.25, 55.0]}, "properties": {"value": 10.274, "time": "2025-12-16T01:00:00", "date": "2025-12-16", "hour": 1}}, {"type": "Feature", "geometry": {"type": "Point", "coordinates": [5.5, 55.0]}, "properties": {"value": 10.323, "time": "2025-12-16T01:00:00", "date": "2025-12-16", "hour": 1}}, {"type": "Feature", "geometry": {"type": "Point", "coordinates": [5.75, 55.0]}, "properties": {"value": 10.323, "time": "2025-12-16T01:00:00", "date": "2025-12-16", "hour": 1}}, {"type": "Feature", "geometry": {"type": "Point", "coordinates": [6.0, 55.0]}, "properties": {"value": 10.274, "time": "2025-12-16T01:00:00", "date": "2025-12-16", "hour": 1}}, {"type": "Feature", "geometry": {"type": "Point", "coordinates": [6.25, 55.0]}, "properties": {"value": 10.224, "time": "2025-12-16T01:00:00", "date": "2025-12-16", "hour": 1}}, {"type": "Feature", "geometry": {"type": "Point", "coordinates": [6.5, 55.0]}, "properties": {"value": 10.116, "time": "2025-12-16T01:00:00", "date": "2025-12-16", "hour": 1}}, {"type": "Feature", "geometry": {"type": "Point", "coordinates": [6.75, 55.0]}, "properties": {"value": 9.98, "time": "2025-12-16T01:00:00", "date": "2025-12-16", "hour": 1}}, {"type": "Feature", "geometry": {"type": "Point", "coordinates": [7.0, 55.0]}, "properties": {"value": 9.81, "time": "2025-12-16T01:00:00", "date": "2025-12-16", "hour": 1}}, {"type": "Feature", "geometry": {"type": "Point", "coordinates": [7.25, 55.0]}, "properties": {"value": 9.486, "time": "2025-12-16T01:00:00", "date": "2025-12-16", "hour": 1}}, {"type": "Feature", "geometry": {"type": "Point", "coordinates": [7.5, 55.0]}, "properties": {"value": 9.176, "time": "2025-12-16T01:00:00", "date": "2025-12-16", "hour": 1}}, {"type": "Feature", "geometry": {"type": "Point", "coordinates": [7.75, 55.0]}, "properties": {"value": 8.262, "time": "2025-12-16T01:00:00", "date": "2025-12-16", "hour": 1}}, {"type": "Feature", "geometry": {"type": "Point", "coordinates": [8.0, 55.0]}, "properties": {"value": 7.421, "time": "2025-12-16T01:00:00", "date": "2025-12-16", "hour": 1}}, {"type": "Feature", "geometry": {"type": "Point", "coordinates": [8.25, 55.0]}, "properties": {"value": 6.589, "time": "2025-12-16T01:00:00", "date": "2025-12-16", "hour": 1}}, {"type": "Feature", "geometry": {"type": "Point", "coordinates": [8.5, 55.0]}, "properties": {"value": 5.959, "time": "2025-12-16T01:00:00", "date": "2025-12-16", "hour": 1}}, {"type": "Feature", "geometry": {"type": "Point", "coordinates": [10.25, 55.0]}, "properties": {"value": 7.051, "time": "2025-12-16T01:00:00", "date": "2025-12-16", "hour": 1}}, {"type": "Feature", "geometry": {"type": "Point", "coordinates": [10.5, 55.0]}, "properties": {"value": 6.888, "time": "2025-12-16T01:00:00", "date": "2025-12-16", "hour": 1}}, {"type": "Feature", "geometry": {"type": "Point", "coordinates": [10.75, 55.0]}, "properties": {"value": 6.727, "time": "2025-12-16T01:00:00", "date": "2025-12-16", "hour": 1}}, {"type": "Feature", "geometry": {"type": "Point", "coordinates": [11.0, 55.0]}, "properties": {"value": 6.484, "time": "2025-12-16T01:00:00", "date": "2025-12-16", "hour": 1}}, {"type": "Feature", "geometry": {"type": "Point", "coordinates": [11.25, 55.0]}, "properties": {"value": 6.052, "time": "2025-12-16T01:00:00", "date": "2025-12-16", "hour": 1}}, {"type": "Feature", "geometry": {"type": "Point", "coordinates": [11.5, 55.0]}, "properties": {"value": 5.719, "time": "2025-12-16T01:00:00", "date": "2025-12-16", "hour": 1}}, {"type": "Feature", "geometry": {"type": "Point", "coordinates": [11.75, 55.0]}, "properties": {"value": 5.292, "time": "2025-12-16T01:00:00", "date": "2025-12-16", "hour": 1}}, {"type": "Feature", "geometry": {"type": "Point", "coordinates": [12.0, 55.0]}, "properties": {"value": 5.625, "time": "2025-12-16T01:00:00", "date": "2025-12-16", "hour": 1}}, {"type": "Feature", "geometry": {"type": "Point", "coordinates": [12.25, 55.0]}, "properties": {"value": 6.174, "time": "2025-12-16T01:00:00", "date": "2025-12-16", "hour": 1}}, {"type": "Feature", "geometry": {"type": "Point", "coordinates": [12.5, 55.0]}, "properties": {"value": 7.017, "time": "2025-12-16T01:00:00", "date": "2025-12-16", "hour": 1}}, {"type": "Feature", "geometry": {"type": "Point", "coordinates": [12.75, 55.0]}, "properties": {"value": 7.281, "time": "2025-12-16T01:00:00", "date": "2025-12-16", "hour": 1}}, {"type": "Feature", "geometry": {"type": "Point", "coordinates": [13.0, 55.0]}, "properties": {"value": 7.358, "time": "2025-12-16T01:00:00", "date": "2025-12-16", "hour": 1}}, {"type": "Feature", "geometry": {"type": "Point", "coordinates": [13.25, 55.0]}, "properties": {"value": 7.385, "time": "2025-12-16T01:00:00", "date": "2025-12-16", "hour": 1}}, {"type": "Feature", "geometry": {"type": "Point", "coordinates": [13.5, 55.0]}, "properties": {"value": 7.365, "time": "2025-12-16T01:00:00", "date": "2025-12-16", "hour": 1}}, {"type": "Feature", "geometry": {"type": "Point", "coordinates": [13.75, 55.0]}, "properties": {"value": 7.413, "time": "2025-12-16T01:00:00", "date": "2025-12-16", "hour": 1}}, {"type": "Feature", "geometry": {"type": "Point", "coordinates": [14.0, 55.0]}, "properties": {"value": 7.438, "time": "2025-12-16T01:00:00", "date": "2025-12-16", "hour": 1}}, {"type": "Feature", "geometry": {"type": "Point", "coordinates": [14.25, 55.0]}, "properties": {"value": 7.563, "time": "2025-12-16T01:00:00", "date": "2025-12-16", "hour": 1}}, {"type": "Feature", "geometry": {"type": "Point", "coordinates": [14.5, 55.0]}, "properties": {"value": 7.666, "time": "2025-12-16T01:00:00", "date": "2025-12-16", "hour": 1}}, {"type": "Feature", "geometry": {"type": "Point", "coordinates": [14.75, 55.0]}, "properties": {"value": 7.713, "time": "2025-12-16T01:00:00", "date": "2025-12-16", "hour": 1}}, {"type": "Feature", "geometry": {"type": "Point", "coordinates": [15.0, 55.0]}, "properties": {"value": 7.778, "time": "2025-12-16T01:00:00", "date": "2025-12-16", "hour": 1}}, {"type": "Feature", "geometry": {"type": "Point", "coordinates": [5.25, 52.75]}, "properties": {"value": 6.812, "time": "2025-12-16T02:00:00", "date": "2025-12-16", "hour": 2}}, {"type": "Feature", "geometry": {"type": "Point", "coordinates": [5.5, 52.75]}, "properties": {"value": 6.813, "time": "2025-12-16T02:00:00", "date": "2025-12-16", "hour": 2}}, {"type": "Feature", "geometry": {"type": "Point", "coordinates": [5.0, 53.0]}, "properties": {"value": 7.319, "time": "2025-12-16T02:00:00", "date": "2025-12-16", "hour": 2}}, {"type": "Feature", "geometry": {"type": "Point", "coordinates": [5.25, 53.0]}, "properties": {"value": 7.042, "time": "2025-12-16T02:00:00", "date": "2025-12-16", "hour": 2}}, {"type": "Feature", "geometry": {"type": "Point", "coordinates": [5.5, 53.0]}, "properties": {"value": 6.799, "time": "2025-12-16T02:00:00", "date": "2025-12-16", "hour": 2}}, {"type": "Feature", "geometry": {"type": "Point", "coordinates": [5.0, 53.25]}, "properties": {"value": 8.008, "time": "2025-12-16T02:00:00", "date": "2025-12-16", "hour": 2}}, {"type": "Feature", "geometry": {"type": "Point", "coordinates": [5.25, 53.25]}, "properties": {"value": 7.442, "time": "2025-12-16T02:00:00", "date": "2025-12-16", "hour": 2}}, {"type": "Feature", "geometry": {"type": "Point", "coordinates": [5.5, 53.25]}, "properties": {"value": 7.099, "time": "2025-12-16T02:00:00", "date": "2025-12-16", "hour": 2}}, {"type": "Feature", "geometry": {"type": "Point", "coordinates": [5.0, 53.5]}, "properties": {"value": 9.558, "time": "2025-12-16T02:00:00", "date": "2025-12-16", "hour": 2}}, {"type": "Feature", "geometry": {"type": "Point", "coordinates": [5.25, 53.5]}, "properties": {"value": 8.981, "time": "2025-12-16T02:00:00", "date": "2025-12-16", "hour": 2}}, {"type": "Feature", "geometry": {"type": "Point", "coordinates": [5.5, 53.5]}, "properties": {"value": 8.797, "time": "2025-12-16T02:00:00", "date": "2025-12-16", "hour": 2}}, {"type": "Feature", "geometry": {"type": "Point", "coordinates": [5.75, 53.5]}, "properties": {"value": 8.375, "time": "2025-12-16T02:00:00", "date": "2025-12-16", "hour": 2}}, {"type": "Feature", "geometry": {"type": "Point", "coordinates": [6.0, 53.5]}, "properties": {"value": 8.022, "time": "2025-12-16T02:00:00", "date": "2025-12-16", "hour": 2}}, {"type": "Feature", "geometry": {"type": "Point", "coordinates": [6.25, 53.5]}, "properties": {"value": 7.727, "time": "2025-12-16T02:00:00", "date": "2025-12-16", "hour": 2}}, {"type": "Feature", "geometry": {"type": "Point", "coordinates": [6.5, 53.5]}, "properties": {"value": 7.554, "time": "2025-12-16T02:00:00", "date": "2025-12-16", "hour": 2}}, {"type": "Feature", "geometry": {"type": "Point", "coordinates": [6.75, 53.5]}, "properties": {"value": 7.247, "time": "2025-12-16T02:00:00", "date": "2025-12-16", "hour": 2}}, {"type": "Feature", "geometry": {"type": "Point", "coordinates": [5.0, 53.75]}, "properties": {"value": 10.229, "time": "2025-12-16T02:00:00", "date": "2025-12-16", "hour": 2}}, {"type": "Feature", "geometry": {"type": "Point", "coordinates": [5.25, 53.75]}, "properties": {"value": 9.866, "time": "2025-12-16T02:00:00", "date": "2025-12-16", "hour": 2}}, {"type": "Feature", "geometry": {"type": "Point", "coordinates": [5.5, 53.75]}, "properties": {"value": 9.563, "time": "2025-12-16T02:00:00", "date": "2025-12-16", "hour": 2}}, {"type": "Feature", "geometry": {"type": "Point", "coordinates": [5.75, 53.75]}, "properties": {"value": 9.251, "time": "2025-12-16T02:00:00", "date": "2025-12-16", "hour": 2}}, {"type": "Feature", "geometry": {"type": "Point", "coordinates": [6.0, 53.75]}, "properties": {"value": 8.924, "time": "2025-12-16T02:00:00", "date": "2025-12-16", "hour": 2}}, {"type": "Feature", "geometry": {"type": "Point", "coordinates": [6.25, 53.75]}, "properties": {"value": 8.53, "time": "2025-12-16T02:00:00", "date": "2025-12-16", "hour": 2}}, {"type": "Feature", "geometry": {"type": "Point", "coordinates": [6.5, 53.75]}, "properties": {"value": 8.097, "time": "2025-12-16T02:00:00", "date": "2025-12-16", "hour": 2}}, {"type": "Feature", "geometry": {"type": "Point", "coordinates": [6.75, 53.75]}, "properties": {"value": 7.733, "time": "2025-12-16T02:00:00", "date": "2025-12-16", "hour": 2}}, {"type": "Feature", "geometry": {"type": "Point", "coordinates": [7.0, 53.75]}, "properties": {"value": 7.699, "time": "2025-12-16T02:00:00", "date": "2025-12-16", "hour": 2}}, {"type": "Feature", "geometry": {"type": "Point", "coordinates": [7.25, 53.75]}, "properties": {"value": 7.42, "time": "2025-12-16T02:00:00", "date": "2025-12-16", "hour": 2}}, {"type": "Feature", "geometry": {"type": "Point", "coordinates": [7.5, 53.75]}, "properties": {"value": 7.347, "time": "2025-12-16T02:00:00", "date": "2025-12-16", "hour": 2}}, {"type": "Feature", "geometry": {"type": "Point", "coordinates": [7.75, 53.75]}, "properties": {"value": 7.335, "time": "2025-12-16T02:00:00", "date": "2025-12-16", "hour": 2}}, {"type": "Feature", "geometry": {"type": "Point", "coordinates": [8.0, 53.75]}, "properties": {"value": 7.199, "time": "2025-12-16T02:00:00", "date": "2025-12-16", "hour": 2}}, {"type": "Feature", "geometry": {"type": "Point", "coordinates": [8.25, 53.75]}, "properties": {"value": 6.78, "time": "2025-12-16T02:00:00", "date": "2025-12-16", "hour": 2}}, {"type": "Feature", "geometry": {"type": "Point", "coordinates": [8.5, 53.75]}, "properties": {"value": 6.318, "time": "2025-12-16T02:00:00", "date": "2025-12-16", "hour": 2}}, {"type": "Feature", "geometry": {"type": "Point", "coordinates": [8.75, 53.75]}, "properties": {"value": 6.318, "time": "2025-12-16T02:00:00", "date": "2025-12-16", "hour": 2}}, {"type": "Feature", "geometry": {"type": "Point", "coordinates": [14.25, 53.75]}, "properties": {"value": 4.019, "time": "2025-12-16T02:00:00", "date": "2025-12-16", "hour": 2}}, {"type": "Feature", "geometry": {"type": "Point", "coordinates": [14.5, 53.75]}, "properties": {"value": 4.019, "time": "2025-12-16T02:00:00", "date": "2025-12-16", "hour": 2}}, {"type": "Feature", "geometry": {"type": "Point", "coordinates": [5.0, 54.0]}, "properties": {"value": 10.358, "time": "2025-12-16T02:00:00", "date": "2025-12-16", "hour": 2}}, {"type": "Feature", "geometry": {"type": "Point", "coordinates": [5.25, 54.0]}, "properties": {"value": 10.289, "time": "2025-12-16T02:00:00", "date": "2025-12-16", "hour": 2}}, {"type": "Feature", "geometry": {"type": "Point", "coordinates": [5.5, 54.0]}, "properties": {"value": 9.988, "time": "2025-12-16T02:00:00", "date": "2025-12-16", "hour": 2}}, {"type": "Feature", "geometry": {"type": "Point", "coordinates": [5.75, 54.0]}, "properties": {"value": 9.715, "time": "2025-12-16T02:00:00", "date": "2025-12-16", "hour": 2}}, {"type": "Feature", "geometry": {"type": "Point", "coordinates": [6.0, 54.0]}, "properties": {"value": 9.437, "time": "2025-12-16T02:00:00", "date": "2025-12-16", "hour": 2}}, {"type": "Feature", "geometry": {"type": "Point", "coordinates": [6.25, 54.0]}, "properties": {"value": 9.104, "time": "2025-12-16T02:00:00", "date": "2025-12-16", "hour": 2}}, {"type": "Feature", "geometry": {"type": "Point", "coordinates": [6.5, 54.0]}, "properties": {"value": 8.729, "time": "2025-12-16T02:00:00", "date": "2025-12-16", "hour": 2}}, {"type": "Feature", "geometry": {"type": "Point", "coordinates": [6.75, 54.0]}, "properties": {"value": 8.619, "time": "2025-12-16T02:00:00", "date": "2025-12-16", "hour": 2}}, {"type": "Feature", "geometry": {"type": "Point", "coordinates": [7.0, 54.0]}, "properties": {"value": 8.61, "time": "2025-12-16T02:00:00", "date": "2025-12-16", "hour": 2}}, {"type": "Feature", "geometry": {"type": "Point", "coordinates": [7.25, 54.0]}, "properties": {"value": 8.44, "time": "2025-12-16T02:00:00", "date": "2025-12-16", "hour": 2}}, {"type": "Feature", "geometry": {"type": "Point", "coordinates": [7.5, 54.0]}, "properties": {"value": 8.324, "time": "2025-12-16T02:00:00", "date": "2025-12-16", "hour": 2}}, {"type": "Feature", "geometry": {"type": "Point", "coordinates": [7.75, 54.0]}, "properties": {"value": 8.191, "time": "2025-12-16T02:00:00", "date": "2025-12-16", "hour": 2}}, {"type": "Feature", "geometry": {"type": "Point", "coordinates": [8.0, 54.0]}, "properties": {"value": 8.098, "time": "2025-12-16T02:00:00", "date": "2025-12-16", "hour": 2}}, {"type": "Feature", "geometry": {"type": "Point", "coordinates": [8.25, 54.0]}, "properties": {"value": 7.782, "time": "2025-12-16T02:00:00", "date": "2025-12-16", "hour": 2}}, {"type": "Feature", "geometry": {"type": "Point", "coordinates": [8.5, 54.0]}, "properties": {"value": 6.801, "time": "2025-12-16T02:00:00", "date": "2025-12-16", "hour": 2}}, {"type": "Feature", "geometry": {"type": "Point", "coordinates": [11.25, 54.0]}, "properties": {"value": 6.357, "time": "2025-12-16T02:00:00", "date": "2025-12-16", "hour": 2}}, {"type": "Feature", "geometry": {"type": "Point", "coordinates": [14.0, 54.0]}, "properties": {"value": 5.063, "time": "2025-12-16T02:00:00", "date": "2025-12-16", "hour": 2}}, {"type": "Feature", "geometry": {"type": "Point", "coordinates": [14.25, 54.0]}, "properties": {"value": 5.53, "time": "2025-12-16T02:00:00", "date": "2025-12-16", "hour": 2}}, {"type": "Feature", "geometry": {"type": "Point", "coordinates": [14.5, 54.0]}, "properties": {"value": 5.315, "time": "2025-12-16T02:00:00", "date": "2025-12-16", "hour": 2}}, {"type": "Feature", "geometry": {"type": "Point", "coordinates": [14.75, 54.0]}, "properties": {"value": 5.745, "time": "2025-12-16T02:00:00", "date": "2025-12-16", "hour": 2}}, {"type": "Feature", "geometry": {"type": "Point", "coordinates": [5.0, 54.25]}, "properties": {"value": 10.358, "time": "2025-12-16T02:00:00", "date": "2025-12-16", "hour": 2}}, {"type": "Feature", "geometry": {"type": "Point", "coordinates": [5.25, 54.25]}, "properties": {"value": 10.323, "time": "2025-12-16T02:00:00", "date": "2025-12-16", "hour": 2}}, {"type": "Feature", "geometry": {"type": "Point", "coordinates": [5.5, 54.25]}, "properties": {"value": 10.215, "time": "2025-12-16T02:00:00", "date": "2025-12-16", "hour": 2}}, {"type": "Feature", "geometry": {"type": "Point", "coordinates": [5.75, 54.25]}, "properties": {"value": 9.978, "time": "2025-12-16T02:00:00", "date": "2025-12-16", "hour": 2}}, {"type": "Feature", "geometry": {"type": "Point", "coordinates": [6.0, 54.25]}, "properties": {"value": 9.837, "time": "2025-12-16T02:00:00", "date": "2025-12-16", "hour": 2}}, {"type": "Feature", "geometry": {"type": "Point", "coordinates": [6.25, 54.25]}, "properties": {"value": 9.578, "time": "2025-12-16T02:00:00", "date": "2025-12-16", "hour": 2}}, {"type": "Feature", "geometry": {"type": "Point", "coordinates": [6.5, 54.25]}, "properties": {"value": 9.419, "time": "2025-12-16T02:00:00", "date": "2025-12-16", "hour": 2}}, {"type": "Feature", "geometry": {"type": "Point", "coordinates": [6.75, 54.25]}, "properties": {"value": 9.317, "time": "2025-12-16T02:00:00", "date": "2025-12-16", "hour": 2}}, {"type": "Feature", "geometry": {"type": "Point", "coordinates": [7.0, 54.25]}, "properties": {"value": 9.259, "time": "2025-12-16T02:00:00", "date": "2025-12-16", "hour": 2}}, {"type": "Feature", "geometry": {"type": "Point", "coordinates": [7.25, 54.25]}, "properties": {"value": 9.112, "time": "2025-12-16T02:00:00", "date": "2025-12-16", "hour": 2}}, {"type": "Feature", "geometry": {"type": "Point", "coordinates": [7.5, 54.25]}, "properties": {"value": 8.909, "time": "2025-12-16T02:00:00", "date": "2025-12-16", "hour": 2}}, {"type": "Feature", "geometry": {"type": "Point", "coordinates": [7.75, 54.25]}, "properties": {"value": 8.648, "time": "2025-12-16T02:00:00", "date": "2025-12-16", "hour": 2}}, {"type": "Feature", "geometry": {"type": "Point", "coordinates": [8.0, 54.25]}, "properties": {"value": 8.501, "time": "2025-12-16T02:00:00", "date": "2025-12-16", "hour": 2}}, {"type": "Feature", "geometry": {"type": "Point", "coordinates": [8.25, 54.25]}, "properties": {"value": 7.519, "time": "2025-12-16T02:00:00", "date": "2025-12-16", "hour": 2}}, {"type": "Feature", "geometry": {"type": "Point", "coordinates": [8.5, 54.25]}, "properties": {"value": 6.558, "time": "2025-12-16T02:00:00", "date": "2025-12-16", "hour": 2}}, {"type": "Feature", "geometry": {"type": "Point", "coordinates": [10.75, 54.25]}, "properties": {"value": 6.417, "time": "2025-12-16T02:00:00", "date": "2025-12-16", "hour": 2}}, {"type": "Feature", "geometry": {"type": "Point", "coordinates": [11.25, 54.25]}, "properties": {"value": 6.624, "time": "2025-12-16T02:00:00", "date": "2025-12-16", "hour": 2}}, {"type": "Feature", "geometry": {"type": "Point", "coordinates": [11.75, 54.25]}, "properties": {"value": 6.805, "time": "2025-12-16T02:00:00", "date": "2025-12-16", "hour": 2}}, {"type": "Feature", "geometry": {"type": "Point", "coordinates": [12.25, 54.25]}, "properties": {"value": 6.282, "time": "2025-12-16T02:00:00", "date": "2025-12-16", "hour": 2}}, {"type": "Feature", "geometry": {"type": "Point", "coordinates": [13.75, 54.25]}, "properties": {"value": 5.208, "time": "2025-12-16T02:00:00", "date": "2025-12-16", "hour": 2}}, {"type": "Feature", "geometry": {"type": "Point", "coordinates": [14.0, 54.25]}, "properties": {"value": 5.585, "time": "2025-12-16T02:00:00", "date": "2025-12-16", "hour": 2}}, {"type": "Feature", "geometry": {"type": "Point", "coordinates": [14.25, 54.25]}, "properties": {"value": 5.873, "time": "2025-12-16T02:00:00", "date": "2025-12-16", "hour": 2}}, {"type": "Feature", "geometry": {"type": "Point", "coordinates": [14.5, 54.25]}, "properties": {"value": 5.816, "time": "2025-12-16T02:00:00", "date": "2025-12-16", "hour": 2}}, {"type": "Feature", "geometry": {"type": "Point", "coordinates": [14.75, 54.25]}, "properties": {"value": 6.102, "time": "2025-12-16T02:00:00", "date": "2025-12-16", "hour": 2}}, {"type": "Feature", "geometry": {"type": "Point", "coordinates": [15.0, 54.25]}, "properties": {"value": 6.699, "time": "2025-12-16T02:00:00", "date": "2025-12-16", "hour": 2}}, {"type": "Feature", "geometry": {"type": "Point", "coordinates": [5.0, 54.5]}, "properties": {"value": 10.326, "time": "2025-12-16T02:00:00", "date": "2025-12-16", "hour": 2}}, {"type": "Feature", "geometry": {"type": "Point", "coordinates": [5.25, 54.5]}, "properties": {"value": 10.398, "time": "2025-12-16T02:00:00", "date": "2025-12-16", "hour": 2}}, {"type": "Feature", "geometry": {"type": "Point", "coordinates": [5.5, 54.5]}, "properties": {"value": 10.352, "time": "2025-12-16T02:00:00", "date": "2025-12-16", "hour": 2}}, {"type": "Feature", "geometry": {"type": "Point", "coordinates": [5.75, 54.5]}, "properties": {"value": 10.232, "time": "2025-12-16T02:00:00", "date": "2025-12-16", "hour": 2}}, {"type": "Feature", "geometry": {"type": "Point", "coordinates": [6.0, 54.5]}, "properties": {"value": 10.123, "time": "2025-12-16T02:00:00", "date": "2025-12-16", "hour": 2}}, {"type": "Feature", "geometry": {"type": "Point", "coordinates": [6.25, 54.5]}, "properties": {"value": 10.017, "time": "2025-12-16T02:00:00", "date": "2025-12-16", "hour": 2}}, {"type": "Feature", "geometry": {"type": "Point", "coordinates": [6.5, 54.5]}, "properties": {"value": 9.854, "time": "2025-12-16T02:00:00", "date": "2025-12-16", "hour": 2}}, {"type": "Feature", "geometry": {"type": "Point", "coordinates": [6.75, 54.5]}, "properties": {"value": 9.744, "time": "2025-12-16T02:00:00", "date": "2025-12-16", "hour": 2}}, {"type": "Feature", "geometry": {"type": "Point", "coordinates": [7.0, 54.5]}, "properties": {"value": 9.655, "time": "2025-12-16T02:00:00", "date": "2025-12-16", "hour": 2}}, {"type": "Feature", "geometry": {"type": "Point", "coordinates": [7.25, 54.5]}, "properties": {"value": 9.301, "time": "2025-12-16T02:00:00", "date": "2025-12-16", "hour": 2}}, {"type": "Feature", "geometry": {"type": "Point", "coordinates": [7.5, 54.5]}, "properties": {"value": 9.048, "time": "2025-12-16T02:00:00", "date": "2025-12-16", "hour": 2}}, {"type": "Feature", "geometry": {"type": "Point", "coordinates": [7.75, 54.5]}, "properties": {"value": 8.751, "time": "2025-12-16T02:00:00", "date": "2025-12-16", "hour": 2}}, {"type": "Feature", "geometry": {"type": "Point", "coordinates": [8.0, 54.5]}, "properties": {"value": 7.841, "time": "2025-12-16T02:00:00", "date": "2025-12-16", "hour": 2}}, {"type": "Feature", "geometry": {"type": "Point", "coordinates": [8.25, 54.5]}, "properties": {"value": 6.972, "time": "2025-12-16T02:00:00", "date": "2025-12-16", "hour": 2}}, {"type": "Feature", "geometry": {"type": "Point", "coordinates": [8.5, 54.5]}, "properties": {"value": 6.117, "time": "2025-12-16T02:00:00", "date": "2025-12-16", "hour": 2}}, {"type": "Feature", "geometry": {"type": "Point", "coordinates": [10.5, 54.5]}, "properties": {"value": 6.819, "time": "2025-12-16T02:00:00", "date": "2025-12-16", "hour": 2}}, {"type": "Feature", "geometry": {"type": "Point", "coordinates": [10.75, 54.5]}, "properties": {"value": 6.623, "time": "2025-12-16T02:00:00", "date": "2025-12-16", "hour": 2}}, {"type": "Feature", "geometry": {"type": "Point", "coordinates": [11.0, 54.5]}, "properties": {"value": 6.469, "time": "2025-12-16T02:00:00", "date": "2025-12-16", "hour": 2}}, {"type": "Feature", "geometry": {"type": "Point", "coordinates": [11.25, 54.5]}, "properties": {"value": 6.7, "time": "2025-12-16T02:00:00", "date": "2025-12-16", "hour": 2}}, {"type": "Feature", "geometry": {"type": "Point", "coordinates": [11.5, 54.5]}, "properties": {"value": 6.676, "time": "2025-12-16T02:00:00", "date": "2025-12-16", "hour": 2}}, {"type": "Feature", "geometry": {"type": "Point", "coordinates": [11.75, 54.5]}, "properties": {"value": 6.785, "time": "2025-12-16T02:00:00", "date": "2025-12-16", "hour": 2}}, {"type": "Feature", "geometry": {"type": "Point", "coordinates": [12.0, 54.5]}, "properties": {"value": 6.632, "time": "2025-12-16T02:00:00", "date": "2025-12-16", "hour": 2}}, {"type": "Feature", "geometry": {"type": "Point", "coordinates": [12.25, 54.5]}, "properties": {"value": 6.445, "time": "2025-12-16T02:00:00", "date": "2025-12-16", "hour": 2}}, {"type": "Feature", "geometry": {"type": "Point", "coordinates": [13.0, 54.5]}, "properties": {"value": 6.844, "time": "2025-12-16T02:00:00", "date": "2025-12-16", "hour": 2}}, {"type": "Feature", "geometry": {"type": "Point", "coordinates": [13.25, 54.5]}, "properties": {"value": 6.297, "time": "2025-12-16T02:00:00", "date": "2025-12-16", "hour": 2}}, {"type": "Feature", "geometry": {"type": "Point", "coordinates": [13.5, 54.5]}, "properties": {"value": 6.049, "time": "2025-12-16T02:00:00", "date": "2025-12-16", "hour": 2}}, {"type": "Feature", "geometry": {"type": "Point", "coordinates": [13.75, 54.5]}, "properties": {"value": 6.15, "time": "2025-12-16T02:00:00", "date": "2025-12-16", "hour": 2}}, {"type": "Feature", "geometry": {"type": "Point", "coordinates": [14.0, 54.5]}, "properties": {"value": 6.496, "time": "2025-12-16T02:00:00", "date": "2025-12-16", "hour": 2}}, {"type": "Feature", "geometry": {"type": "Point", "coordinates": [14.25, 54.5]}, "properties": {"value": 6.531, "time": "2025-12-16T02:00:00", "date": "2025-12-16", "hour": 2}}, {"type": "Feature", "geometry": {"type": "Point", "coordinates": [14.5, 54.5]}, "properties": {"value": 6.777, "time": "2025-12-16T02:00:00", "date": "2025-12-16", "hour": 2}}, {"type": "Feature", "geometry": {"type": "Point", "coordinates": [14.75, 54.5]}, "properties": {"value": 6.974, "time": "2025-12-16T02:00:00", "date": "2025-12-16", "hour": 2}}, {"type": "Feature", "geometry": {"type": "Point", "coordinates": [15.0, 54.5]}, "properties": {"value": 7.613, "time": "2025-12-16T02:00:00", "date": "2025-12-16", "hour": 2}}, {"type": "Feature", "geometry": {"type": "Point", "coordinates": [5.0, 54.75]}, "properties": {"value": 10.267, "time": "2025-12-16T02:00:00", "date": "2025-12-16", "hour": 2}}, {"type": "Feature", "geometry": {"type": "Point", "coordinates": [5.25, 54.75]}, "properties": {"value": 10.34, "time": "2025-12-16T02:00:00", "date": "2025-12-16", "hour": 2}}, {"type": "Feature", "geometry": {"type": "Point", "coordinates": [5.5, 54.75]}, "properties": {"value": 10.381, "time": "2025-12-16T02:00:00", "date": "2025-12-16", "hour": 2}}, {"type": "Feature", "geometry": {"type": "Point", "coordinates": [5.75, 54.75]}, "properties": {"value": 10.38, "time": "2025-12-16T02:00:00", "date": "2025-12-16", "hour": 2}}, {"type": "Feature", "geometry": {"type": "Point", "coordinates": [6.0, 54.75]}, "properties": {"value": 10.299, "time": "2025-12-16T02:00:00", "date": "2025-12-16", "hour": 2}}, {"type": "Feature", "geometry": {"type": "Point", "coordinates": [6.25, 54.75]}, "properties": {"value": 10.196, "time": "2025-12-16T02:00:00", "date": "2025-12-16", "hour": 2}}, {"type": "Feature", "geometry": {"type": "Point", "coordinates": [6.5, 54.75]}, "properties": {"value": 10.082, "time": "2025-12-16T02:00:00", "date": "2025-12-16", "hour": 2}}, {"type": "Feature", "geometry": {"type": "Point", "coordinates": [6.75, 54.75]}, "properties": {"value": 9.954, "time": "2025-12-16T02:00:00", "date": "2025-12-16", "hour": 2}}, {"type": "Feature", "geometry": {"type": "Point", "coordinates": [7.0, 54.75]}, "properties": {"value": 9.864, "time": "2025-12-16T02:00:00", "date": "2025-12-16", "hour": 2}}, {"type": "Feature", "geometry": {"type": "Point", "coordinates": [7.25, 54.75]}, "properties": {"value": 9.502, "time": "2025-12-16T02:00:00", "date": "2025-12-16", "hour": 2}}, {"type": "Feature", "geometry": {"type": "Point", "coordinates": [7.5, 54.75]}, "properties": {"value": 9.154, "time": "2025-12-16T02:00:00", "date": "2025-12-16", "hour": 2}}, {"type": "Feature", "geometry": {"type": "Point", "coordinates": [7.75, 54.75]}, "properties": {"value": 8.209, "time": "2025-12-16T02:00:00", "date": "2025-12-16", "hour": 2}}, {"type": "Feature", "geometry": {"type": "Point", "coordinates": [8.0, 54.75]}, "properties": {"value": 7.254, "time": "2025-12-16T02:00:00", "date": "2025-12-16", "hour": 2}}, {"type": "Feature", "geometry": {"type": "Point", "coordinates": [8.25, 54.75]}, "properties": {"value": 6.497, "time": "2025-12-16T02:00:00", "date": "2025-12-16", "hour": 2}}, {"type": "Feature", "geometry": {"type": "Point", "coordinates": [8.5, 54.75]}, "properties": {"value": 5.865, "time": "2025-12-16T02:00:00", "date": "2025-12-16", "hour": 2}}, {"type": "Feature", "geometry": {"type": "Point", "coordinates": [10.25, 54.75]}, "properties": {"value": 7.163, "time": "2025-12-16T02:00:00", "date": "2025-12-16", "hour": 2}}, {"type": "Feature", "geometry": {"type": "Point", "coordinates": [10.5, 54.75]}, "properties": {"value": 7.016, "time": "2025-12-16T02:00:00", "date": "2025-12-16", "hour": 2}}, {"type": "Feature", "geometry": {"type": "Point", "coordinates": [10.75, 54.75]}, "properties": {"value": 6.83, "time": "2025-12-16T02:00:00", "date": "2025-12-16", "hour": 2}}, {"type": "Feature", "geometry": {"type": "Point", "coordinates": [11.0, 54.75]}, "properties": {"value": 6.646, "time": "2025-12-16T02:00:00", "date": "2025-12-16", "hour": 2}}, {"type": "Feature", "geometry": {"type": "Point", "coordinates": [11.25, 54.75]}, "properties": {"value": 6.313, "time": "2025-12-16T02:00:00", "date": "2025-12-16", "hour": 2}}, {"type": "Feature", "geometry": {"type": "Point", "coordinates": [11.5, 54.75]}, "properties": {"value": 6.009, "time": "2025-12-16T02:00:00", "date": "2025-12-16", "hour": 2}}, {"type": "Feature", "geometry": {"type": "Point", "coordinates": [12.0, 54.75]}, "properties": {"value": 6.154, "time": "2025-12-16T02:00:00", "date": "2025-12-16", "hour": 2}}, {"type": "Feature", "geometry": {"type": "Point", "coordinates": [12.25, 54.75]}, "properties": {"value": 6.574, "time": "2025-12-16T02:00:00", "date": "2025-12-16", "hour": 2}}, {"type": "Feature", "geometry": {"type": "Point", "coordinates": [12.5, 54.75]}, "properties": {"value": 6.943, "time": "2025-12-16T02:00:00", "date": "2025-12-16", "hour": 2}}, {"type": "Feature", "geometry": {"type": "Point", "coordinates": [12.75, 54.75]}, "properties": {"value": 7.042, "time": "2025-12-16T02:00:00", "date": "2025-12-16", "hour": 2}}, {"type": "Feature", "geometry": {"type": "Point", "coordinates": [13.0, 54.75]}, "properties": {"value": 6.97, "time": "2025-12-16T02:00:00", "date": "2025-12-16", "hour": 2}}, {"type": "Feature", "geometry": {"type": "Point", "coordinates": [13.25, 54.75]}, "properties": {"value": 6.999, "time": "2025-12-16T02:00:00", "date": "2025-12-16", "hour": 2}}, {"type": "Feature", "geometry": {"type": "Point", "coordinates": [13.5, 54.75]}, "properties": {"value": 7.044, "time": "2025-12-16T02:00:00", "date": "2025-12-16", "hour": 2}}, {"type": "Feature", "geometry": {"type": "Point", "coordinates": [13.75, 54.75]}, "properties": {"value": 7.144, "time": "2025-12-16T02:00:00", "date": "2025-12-16", "hour": 2}}, {"type": "Feature", "geometry": {"type": "Point", "coordinates": [14.0, 54.75]}, "properties": {"value": 7.238, "time": "2025-12-16T02:00:00", "date": "2025-12-16", "hour": 2}}, {"type": "Feature", "geometry": {"type": "Point", "coordinates": [14.25, 54.75]}, "properties": {"value": 7.402, "time": "2025-12-16T02:00:00", "date": "2025-12-16", "hour": 2}}, {"type": "Feature", "geometry": {"type": "Point", "coordinates": [14.5, 54.75]}, "properties": {"value": 7.803, "time": "2025-12-16T02:00:00", "date": "2025-12-16", "hour": 2}}, {"type": "Feature", "geometry": {"type": "Point", "coordinates": [14.75, 54.75]}, "properties": {"value": 7.963, "time": "2025-12-16T02:00:00", "date": "2025-12-16", "hour": 2}}, {"type": "Feature", "geometry": {"type": "Point", "coordinates": [15.0, 54.75]}, "properties": {"value": 8.052, "time": "2025-12-16T02:00:00", "date": "2025-12-16", "hour": 2}}, {"type": "Feature", "geometry": {"type": "Point", "coordinates": [5.0, 55.0]}, "properties": {"value": 10.113, "time": "2025-12-16T02:00:00", "date": "2025-12-16", "hour": 2}}, {"type": "Feature", "geometry": {"type": "Point", "coordinates": [5.25, 55.0]}, "properties": {"value": 10.274, "time": "2025-12-16T02:00:00", "date": "2025-12-16", "hour": 2}}, {"type": "Feature", "geometry": {"type": "Point", "coordinates": [5.5, 55.0]}, "properties": {"value": 10.323, "time": "2025-12-16T02:00:00", "date": "2025-12-16", "hour": 2}}, {"type": "Feature", "geometry": {"type": "Point", "coordinates": [5.75, 55.0]}, "properties": {"value": 10.323, "time": "2025-12-16T02:00:00", "date": "2025-12-16", "hour": 2}}, {"type": "Feature", "geometry": {"type": "Point", "coordinates": [6.0, 55.0]}, "properties": {"value": 10.274, "time": "2025-12-16T02:00:00", "date": "2025-12-16", "hour": 2}}, {"type": "Feature", "geometry": {"type": "Point", "coordinates": [6.25, 55.0]}, "properties": {"value": 10.224, "time": "2025-12-16T02:00:00", "date": "2025-12-16", "hour": 2}}, {"type": "Feature", "geometry": {"type": "Point", "coordinates": [6.5, 55.0]}, "properties": {"value": 10.116, "time": "2025-12-16T02:00:00", "date": "2025-12-16", "hour": 2}}, {"type": "Feature", "geometry": {"type": "Point", "coordinates": [6.75, 55.0]}, "properties": {"value": 9.98, "time": "2025-12-16T02:00:00", "date": "2025-12-16", "hour": 2}}, {"type": "Feature", "geometry": {"type": "Point", "coordinates": [7.0, 55.0]}, "properties": {"value": 9.81, "time": "2025-12-16T02:00:00", "date": "2025-12-16", "hour": 2}}, {"type": "Feature", "geometry": {"type": "Point", "coordinates": [7.25, 55.0]}, "properties": {"value": 9.486, "time": "2025-12-16T02:00:00", "date": "2025-12-16", "hour": 2}}, {"type": "Feature", "geometry": {"type": "Point", "coordinates": [7.5, 55.0]}, "properties": {"value": 9.176, "time": "2025-12-16T02:00:00", "date": "2025-12-16", "hour": 2}}, {"type": "Feature", "geometry": {"type": "Point", "coordinates": [7.75, 55.0]}, "properties": {"value": 8.262, "time": "2025-12-16T02:00:00", "date": "2025-12-16", "hour": 2}}, {"type": "Feature", "geometry": {"type": "Point", "coordinates": [8.0, 55.0]}, "properties": {"value": 7.421, "time": "2025-12-16T02:00:00", "date": "2025-12-16", "hour": 2}}, {"type": "Feature", "geometry": {"type": "Point", "coordinates": [8.25, 55.0]}, "properties": {"value": 6.589, "time": "2025-12-16T02:00:00", "date": "2025-12-16", "hour": 2}}, {"type": "Feature", "geometry": {"type": "Point", "coordinates": [8.5, 55.0]}, "properties": {"value": 5.959, "time": "2025-12-16T02:00:00", "date": "2025-12-16", "hour": 2}}, {"type": "Feature", "geometry": {"type": "Point", "coordinates": [10.25, 55.0]}, "properties": {"value": 7.051, "time": "2025-12-16T02:00:00", "date": "2025-12-16", "hour": 2}}, {"type": "Feature", "geometry": {"type": "Point", "coordinates": [10.5, 55.0]}, "properties": {"value": 6.888, "time": "2025-12-16T02:00:00", "date": "2025-12-16", "hour": 2}}, {"type": "Feature", "geometry": {"type": "Point", "coordinates": [10.75, 55.0]}, "properties": {"value": 6.727, "time": "2025-12-16T02:00:00", "date": "2025-12-16", "hour": 2}}, {"type": "Feature", "geometry": {"type": "Point", "coordinates": [11.0, 55.0]}, "properties": {"value": 6.484, "time": "2025-12-16T02:00:00", "date": "2025-12-16", "hour": 2}}, {"type": "Feature", "geometry": {"type": "Point", "coordinates": [11.25, 55.0]}, "properties": {"value": 6.052, "time": "2025-12-16T02:00:00", "date": "2025-12-16", "hour": 2}}, {"type": "Feature", "geometry": {"type": "Point", "coordinates": [11.5, 55.0]}, "properties": {"value": 5.719, "time": "2025-12-16T02:00:00", "date": "2025-12-16", "hour": 2}}, {"type": "Feature", "geometry": {"type": "Point", "coordinates": [11.75, 55.0]}, "properties": {"value": 5.292, "time": "2025-12-16T02:00:00", "date": "2025-12-16", "hour": 2}}, {"type": "Feature", "geometry": {"type": "Point", "coordinates": [12.0, 55.0]}, "properties": {"value": 5.625, "time": "2025-12-16T02:00:00", "date": "2025-12-16", "hour": 2}}, {"type": "Feature", "geometry": {"type": "Point", "coordinates": [12.25, 55.0]}, "properties": {"value": 6.174, "time": "2025-12-16T02:00:00", "date": "2025-12-16", "hour": 2}}, {"type": "Feature", "geometry": {"type": "Point", "coordinates": [12.5, 55.0]}, "properties": {"value": 7.017, "time": "2025-12-16T02:00:00", "date": "2025-12-16", "hour": 2}}, {"type": "Feature", "geometry": {"type": "Point", "coordinates": [12.75, 55.0]}, "properties": {"value": 7.281, "time": "2025-12-16T02:00:00", "date": "2025-12-16", "hour": 2}}, {"type": "Feature", "geometry": {"type": "Point", "coordinates": [13.0, 55.0]}, "properties": {"value": 7.358, "time": "2025-12-16T02:00:00", "date": "2025-12-16", "hour": 2}}, {"type": "Feature", "geometry": {"type": "Point", "coordinates": [13.25, 55.0]}, "properties": {"value": 7.385, "time": "2025-12-16T02:00:00", "date": "2025-12-16", "hour": 2}}, {"type": "Feature", "geometry": {"type": "Point", "coordinates": [13.5, 55.0]}, "properties": {"value": 7.365, "time": "2025-12-16T02:00:00", "date": "2025-12-16", "hour": 2}}, {"type": "Feature", "geometry": {"type": "Point", "coordinates": [13.75, 55.0]}, "properties": {"value": 7.413, "time": "2025-12-16T02:00:00", "date": "2025-12-16", "hour": 2}}, {"type": "Feature", "geometry": {"type": "Point", "coordinates": [14.0, 55.0]}, "properties": {"value": 7.438, "time": "2025-12-16T02:00:00", "date": "2025-12-16", "hour": 2}}, {"type": "Feature", "geometry": {"type": "Point", "coordinates": [14.25, 55.0]}, "properties": {"value": 7.563, "time": "2025-12-16T02:00:00", "date": "2025-12-16", "hour": 2}}, {"type": "Feature", "geometry": {"type": "Point", "coordinates": [14.5, 55.0]}, "properties": {"value": 7.666, "time": "2025-12-16T02:00:00", "date": "2025-12-16", "hour": 2}}, {"type": "Feature", "geometry": {"type": "Point", "coordinates": [14.75, 55.0]}, "properties": {"value": 7.713, "time": "2025-12-16T02:00:00", "date": "2025-12-16", "hour": 2}}, {"type": "Feature", "geometry": {"type": "Point", "coordinates": [15.0, 55.0]}, "properties": {"value": 7.778, "time": "2025-12-16T02:00:00", "date": "2025-12-16", "hour": 2}}, {"type": "Feature", "geometry": {"type": "Point", "coordinates": [5.25, 52.75]}, "properties": {"value": 6.812, "time": "2025-12-16T03:00:00", "date": "2025-12-16", "hour": 3}}, {"type": "Feature", "geometry": {"type": "Point", "coordinates": [5.5, 52.75]}, "properties": {"value": 6.813, "time": "2025-12-16T03:00:00", "date": "2025-12-16", "hour": 3}}, {"type": "Feature", "geometry": {"type": "Point", "coordinates": [5.0, 53.0]}, "properties": {"value": 7.319, "time": "2025-12-16T03:00:00", "date": "2025-12-16", "hour": 3}}, {"type": "Feature", "geometry": {"type": "Point", "coordinates": [5.25, 53.0]}, "properties": {"value": 7.042, "time": "2025-12-16T03:00:00", "date": "2025-12-16", "hour": 3}}, {"type": "Feature", "geometry": {"type": "Point", "coordinates": [5.5, 53.0]}, "properties": {"value": 6.799, "time": "2025-12-16T03:00:00", "date": "2025-12-16", "hour": 3}}, {"type": "Feature", "geometry": {"type": "Point", "coordinates": [5.0, 53.25]}, "properties": {"value": 8.008, "time": "2025-12-16T03:00:00", "date": "2025-12-16", "hour": 3}}, {"type": "Feature", "geometry": {"type": "Point", "coordinates": [5.25, 53.25]}, "properties": {"value": 7.442, "time": "2025-12-16T03:00:00", "date": "2025-12-16", "hour": 3}}, {"type": "Feature", "geometry": {"type": "Point", "coordinates": [5.5, 53.25]}, "properties": {"value": 7.099, "time": "2025-12-16T03:00:00", "date": "2025-12-16", "hour": 3}}, {"type": "Feature", "geometry": {"type": "Point", "coordinates": [5.0, 53.5]}, "properties": {"value": 9.558, "time": "2025-12-16T03:00:00", "date": "2025-12-16", "hour": 3}}, {"type": "Feature", "geometry": {"type": "Point", "coordinates": [5.25, 53.5]}, "properties": {"value": 8.981, "time": "2025-12-16T03:00:00", "date": "2025-12-16", "hour": 3}}, {"type": "Feature", "geometry": {"type": "Point", "coordinates": [5.5, 53.5]}, "properties": {"value": 8.797, "time": "2025-12-16T03:00:00", "date": "2025-12-16", "hour": 3}}, {"type": "Feature", "geometry": {"type": "Point", "coordinates": [5.75, 53.5]}, "properties": {"value": 8.375, "time": "2025-12-16T03:00:00", "date": "2025-12-16", "hour": 3}}, {"type": "Feature", "geometry": {"type": "Point", "coordinates": [6.0, 53.5]}, "properties": {"value": 8.022, "time": "2025-12-16T03:00:00", "date": "2025-12-16", "hour": 3}}, {"type": "Feature", "geometry": {"type": "Point", "coordinates": [6.25, 53.5]}, "properties": {"value": 7.727, "time": "2025-12-16T03:00:00", "date": "2025-12-16", "hour": 3}}, {"type": "Feature", "geometry": {"type": "Point", "coordinates": [6.5, 53.5]}, "properties": {"value": 7.554, "time": "2025-12-16T03:00:00", "date": "2025-12-16", "hour": 3}}, {"type": "Feature", "geometry": {"type": "Point", "coordinates": [6.75, 53.5]}, "properties": {"value": 7.247, "time": "2025-12-16T03:00:00", "date": "2025-12-16", "hour": 3}}, {"type": "Feature", "geometry": {"type": "Point", "coordinates": [5.0, 53.75]}, "properties": {"value": 10.229, "time": "2025-12-16T03:00:00", "date": "2025-12-16", "hour": 3}}, {"type": "Feature", "geometry": {"type": "Point", "coordinates": [5.25, 53.75]}, "properties": {"value": 9.866, "time": "2025-12-16T03:00:00", "date": "2025-12-16", "hour": 3}}, {"type": "Feature", "geometry": {"type": "Point", "coordinates": [5.5, 53.75]}, "properties": {"value": 9.563, "time": "2025-12-16T03:00:00", "date": "2025-12-16", "hour": 3}}, {"type": "Feature", "geometry": {"type": "Point", "coordinates": [5.75, 53.75]}, "properties": {"value": 9.251, "time": "2025-12-16T03:00:00", "date": "2025-12-16", "hour": 3}}, {"type": "Feature", "geometry": {"type": "Point", "coordinates": [6.0, 53.75]}, "properties": {"value": 8.924, "time": "2025-12-16T03:00:00", "date": "2025-12-16", "hour": 3}}, {"type": "Feature", "geometry": {"type": "Point", "coordinates": [6.25, 53.75]}, "properties": {"value": 8.53, "time": "2025-12-16T03:00:00", "date": "2025-12-16", "hour": 3}}, {"type": "Feature", "geometry": {"type": "Point", "coordinates": [6.5, 53.75]}, "properties": {"value": 8.097, "time": "2025-12-16T03:00:00", "date": "2025-12-16", "hour": 3}}, {"type": "Feature", "geometry": {"type": "Point", "coordinates": [6.75, 53.75]}, "properties": {"value": 7.733, "time": "2025-12-16T03:00:00", "date": "2025-12-16", "hour": 3}}, {"type": "Feature", "geometry": {"type": "Point", "coordinates": [7.0, 53.75]}, "properties": {"value": 7.699, "time": "2025-12-16T03:00:00", "date": "2025-12-16", "hour": 3}}, {"type": "Feature", "geometry": {"type": "Point", "coordinates": [7.25, 53.75]}, "properties": {"value": 7.42, "time": "2025-12-16T03:00:00", "date": "2025-12-16", "hour": 3}}, {"type": "Feature", "geometry": {"type": "Point", "coordinates": [7.5, 53.75]}, "properties": {"value": 7.347, "time": "2025-12-16T03:00:00", "date": "2025-12-16", "hour": 3}}, {"type": "Feature", "geometry": {"type": "Point", "coordinates": [7.75, 53.75]}, "properties": {"value": 7.335, "time": "2025-12-16T03:00:00", "date": "2025-12-16", "hour": 3}}, {"type": "Feature", "geometry": {"type": "Point", "coordinates": [8.0, 53.75]}, "properties": {"value": 7.199, "time": "2025-12-16T03:00:00", "date": "2025-12-16", "hour": 3}}, {"type": "Feature", "geometry": {"type": "Point", "coordinates": [8.25, 53.75]}, "properties": {"value": 6.78, "time": "2025-12-16T03:00:00", "date": "2025-12-16", "hour": 3}}, {"type": "Feature", "geometry": {"type": "Point", "coordinates": [8.5, 53.75]}, "properties": {"value": 6.318, "time": "2025-12-16T03:00:00", "date": "2025-12-16", "hour": 3}}, {"type": "Feature", "geometry": {"type": "Point", "coordinates": [8.75, 53.75]}, "properties": {"value": 6.318, "time": "2025-12-16T03:00:00", "date": "2025-12-16", "hour": 3}}, {"type": "Feature", "geometry": {"type": "Point", "coordinates": [14.25, 53.75]}, "properties": {"value": 4.019, "time": "2025-12-16T03:00:00", "date": "2025-12-16", "hour": 3}}, {"type": "Feature", "geometry": {"type": "Point", "coordinates": [14.5, 53.75]}, "properties": {"value": 4.019, "time": "2025-12-16T03:00:00", "date": "2025-12-16", "hour": 3}}, {"type": "Feature", "geometry": {"type": "Point", "coordinates": [5.0, 54.0]}, "properties": {"value": 10.358, "time": "2025-12-16T03:00:00", "date": "2025-12-16", "hour": 3}}, {"type": "Feature", "geometry": {"type": "Point", "coordinates": [5.25, 54.0]}, "properties": {"value": 10.289, "time": "2025-12-16T03:00:00", "date": "2025-12-16", "hour": 3}}, {"type": "Feature", "geometry": {"type": "Point", "coordinates": [5.5, 54.0]}, "properties": {"value": 9.988, "time": "2025-12-16T03:00:00", "date": "2025-12-16", "hour": 3}}, {"type": "Feature", "geometry": {"type": "Point", "coordinates": [5.75, 54.0]}, "properties": {"value": 9.715, "time": "2025-12-16T03:00:00", "date": "2025-12-16", "hour": 3}}, {"type": "Feature", "geometry": {"type": "Point", "coordinates": [6.0, 54.0]}, "properties": {"value": 9.437, "time": "2025-12-16T03:00:00", "date": "2025-12-16", "hour": 3}}, {"type": "Feature", "geometry": {"type": "Point", "coordinates": [6.25, 54.0]}, "properties": {"value": 9.104, "time": "2025-12-16T03:00:00", "date": "2025-12-16", "hour": 3}}, {"type": "Feature", "geometry": {"type": "Point", "coordinates": [6.5, 54.0]}, "properties": {"value": 8.729, "time": "2025-12-16T03:00:00", "date": "2025-12-16", "hour": 3}}, {"type": "Feature", "geometry": {"type": "Point", "coordinates": [6.75, 54.0]}, "properties": {"value": 8.619, "time": "2025-12-16T03:00:00", "date": "2025-12-16", "hour": 3}}, {"type": "Feature", "geometry": {"type": "Point", "coordinates": [7.0, 54.0]}, "properties": {"value": 8.61, "time": "2025-12-16T03:00:00", "date": "2025-12-16", "hour": 3}}, {"type": "Feature", "geometry": {"type": "Point", "coordinates": [7.25, 54.0]}, "properties": {"value": 8.44, "time": "2025-12-16T03:00:00", "date": "2025-12-16", "hour": 3}}, {"type": "Feature", "geometry": {"type": "Point", "coordinates": [7.5, 54.0]}, "properties": {"value": 8.324, "time": "2025-12-16T03:00:00", "date": "2025-12-16", "hour": 3}}, {"type": "Feature", "geometry": {"type": "Point", "coordinates": [7.75, 54.0]}, "properties": {"value": 8.191, "time": "2025-12-16T03:00:00", "date": "2025-12-16", "hour": 3}}, {"type": "Feature", "geometry": {"type": "Point", "coordinates": [8.0, 54.0]}, "properties": {"value": 8.098, "time": "2025-12-16T03:00:00", "date": "2025-12-16", "hour": 3}}, {"type": "Feature", "geometry": {"type": "Point", "coordinates": [8.25, 54.0]}, "properties": {"value": 7.782, "time": "2025-12-16T03:00:00", "date": "2025-12-16", "hour": 3}}, {"type": "Feature", "geometry": {"type": "Point", "coordinates": [8.5, 54.0]}, "properties": {"value": 6.801, "time": "2025-12-16T03:00:00", "date": "2025-12-16", "hour": 3}}, {"type": "Feature", "geometry": {"type": "Point", "coordinates": [11.25, 54.0]}, "properties": {"value": 6.357, "time": "2025-12-16T03:00:00", "date": "2025-12-16", "hour": 3}}, {"type": "Feature", "geometry": {"type": "Point", "coordinates": [14.0, 54.0]}, "properties": {"value": 5.063, "time": "2025-12-16T03:00:00", "date": "2025-12-16", "hour": 3}}, {"type": "Feature", "geometry": {"type": "Point", "coordinates": [14.25, 54.0]}, "properties": {"value": 5.53, "time": "2025-12-16T03:00:00", "date": "2025-12-16", "hour": 3}}, {"type": "Feature", "geometry": {"type": "Point", "coordinates": [14.5, 54.0]}, "properties": {"value": 5.315, "time": "2025-12-16T03:00:00", "date": "2025-12-16", "hour": 3}}, {"type": "Feature", "geometry": {"type": "Point", "coordinates": [14.75, 54.0]}, "properties": {"value": 5.745, "time": "2025-12-16T03:00:00", "date": "2025-12-16", "hour": 3}}, {"type": "Feature", "geometry": {"type": "Point", "coordinates": [5.0, 54.25]}, "properties": {"value": 10.358, "time": "2025-12-16T03:00:00", "date": "2025-12-16", "hour": 3}}, {"type": "Feature", "geometry": {"type": "Point", "coordinates": [5.25, 54.25]}, "properties": {"value": 10.323, "time": "2025-12-16T03:00:00", "date": "2025-12-16", "hour": 3}}, {"type": "Feature", "geometry": {"type": "Point", "coordinates": [5.5, 54.25]}, "properties": {"value": 10.215, "time": "2025-12-16T03:00:00", "date": "2025-12-16", "hour": 3}}, {"type": "Feature", "geometry": {"type": "Point", "coordinates": [5.75, 54.25]}, "properties": {"value": 9.978, "time": "2025-12-16T03:00:00", "date": "2025-12-16", "hour": 3}}, {"type": "Feature", "geometry": {"type": "Point", "coordinates": [6.0, 54.25]}, "properties": {"value": 9.837, "time": "2025-12-16T03:00:00", "date": "2025-12-16", "hour": 3}}, {"type": "Feature", "geometry": {"type": "Point", "coordinates": [6.25, 54.25]}, "properties": {"value": 9.578, "time": "2025-12-16T03:00:00", "date": "2025-12-16", "hour": 3}}, {"type": "Feature", "geometry": {"type": "Point", "coordinates": [6.5, 54.25]}, "properties": {"value": 9.419, "time": "2025-12-16T03:00:00", "date": "2025-12-16", "hour": 3}}, {"type": "Feature", "geometry": {"type": "Point", "coordinates": [6.75, 54.25]}, "properties": {"value": 9.317, "time": "2025-12-16T03:00:00", "date": "2025-12-16", "hour": 3}}, {"type": "Feature", "geometry": {"type": "Point", "coordinates": [7.0, 54.25]}, "properties": {"value": 9.259, "time": "2025-12-16T03:00:00", "date": "2025-12-16", "hour": 3}}, {"type": "Feature", "geometry": {"type": "Point", "coordinates": [7.25, 54.25]}, "properties": {"value": 9.112, "time": "2025-12-16T03:00:00", "date": "2025-12-16", "hour": 3}}, {"type": "Feature", "geometry": {"type": "Point", "coordinates": [7.5, 54.25]}, "properties": {"value": 8.909, "time": "2025-12-16T03:00:00", "date": "2025-12-16", "hour": 3}}, {"type": "Feature", "geometry": {"type": "Point", "coordinates": [7.75, 54.25]}, "properties": {"value": 8.648, "time": "2025-12-16T03:00:00", "date": "2025-12-16", "hour": 3}}, {"type": "Feature", "geometry": {"type": "Point", "coordinates": [8.0, 54.25]}, "properties": {"value": 8.501, "time": "2025-12-16T03:00:00", "date": "2025-12-16", "hour": 3}}, {"type": "Feature", "geometry": {"type": "Point", "coordinates": [8.25, 54.25]}, "properties": {"value": 7.519, "time": "2025-12-16T03:00:00", "date": "2025-12-16", "hour": 3}}, {"type": "Feature", "geometry": {"type": "Point", "coordinates": [8.5, 54.25]}, "properties": {"value": 6.558, "time": "2025-12-16T03:00:00", "date": "2025-12-16", "hour": 3}}, {"type": "Feature", "geometry": {"type": "Point", "coordinates": [10.75, 54.25]}, "properties": {"value": 6.417, "time": "2025-12-16T03:00:00", "date": "2025-12-16", "hour": 3}}, {"type": "Feature", "geometry": {"type": "Point", "coordinates": [11.25, 54.25]}, "properties": {"value": 6.624, "time": "2025-12-16T03:00:00", "date": "2025-12-16", "hour": 3}}, {"type": "Feature", "geometry": {"type": "Point", "coordinates": [11.75, 54.25]}, "properties": {"value": 6.805, "time": "2025-12-16T03:00:00", "date": "2025-12-16", "hour": 3}}, {"type": "Feature", "geometry": {"type": "Point", "coordinates": [12.25, 54.25]}, "properties": {"value": 6.282, "time": "2025-12-16T03:00:00", "date": "2025-12-16", "hour": 3}}, {"type": "Feature", "geometry": {"type": "Point", "coordinates": [13.75, 54.25]}, "properties": {"value": 5.208, "time": "2025-12-16T03:00:00", "date": "2025-12-16", "hour": 3}}, {"type": "Feature", "geometry": {"type": "Point", "coordinates": [14.0, 54.25]}, "properties": {"value": 5.585, "time": "2025-12-16T03:00:00", "date": "2025-12-16", "hour": 3}}, {"type": "Feature", "geometry": {"type": "Point", "coordinates": [14.25, 54.25]}, "properties": {"value": 5.873, "time": "2025-12-16T03:00:00", "date": "2025-12-16", "hour": 3}}, {"type": "Feature", "geometry": {"type": "Point", "coordinates": [14.5, 54.25]}, "properties": {"value": 5.816, "time": "2025-12-16T03:00:00", "date": "2025-12-16", "hour": 3}}, {"type": "Feature", "geometry": {"type": "Point", "coordinates": [14.75, 54.25]}, "properties": {"value": 6.102, "time": "2025-12-16T03:00:00", "date": "2025-12-16", "hour": 3}}, {"type": "Feature", "geometry": {"type": "Point", "coordinates": [15.0, 54.25]}, "properties": {"value": 6.699, "time": "2025-12-16T03:00:00", "date": "2025-12-16", "hour": 3}}, {"type": "Feature", "geometry": {"type": "Point", "coordinates": [5.0, 54.5]}, "properties": {"value": 10.326, "time": "2025-12-16T03:00:00", "date": "2025-12-16", "hour": 3}}, {"type": "Feature", "geometry": {"type": "Point", "coordinates": [5.25, 54.5]}, "properties": {"value": 10.398, "time": "2025-12-16T03:00:00", "date": "2025-12-16", "hour": 3}}, {"type": "Feature", "geometry": {"type": "Point", "coordinates": [5.5, 54.5]}, "properties": {"value": 10.352, "time": "2025-12-16T03:00:00", "date": "2025-12-16", "hour": 3}}, {"type": "Feature", "geometry": {"type": "Point", "coordinates": [5.75, 54.5]}, "properties": {"value": 10.232, "time": "2025-12-16T03:00:00", "date": "2025-12-16", "hour": 3}}, {"type": "Feature", "geometry": {"type": "Point", "coordinates": [6.0, 54.5]}, "properties": {"value": 10.123, "time": "2025-12-16T03:00:00", "date": "2025-12-16", "hour": 3}}, {"type": "Feature", "geometry": {"type": "Point", "coordinates": [6.25, 54.5]}, "properties": {"value": 10.017, "time": "2025-12-16T03:00:00", "date": "2025-12-16", "hour": 3}}, {"type": "Feature", "geometry": {"type": "Point", "coordinates": [6.5, 54.5]}, "properties": {"value": 9.854, "time": "2025-12-16T03:00:00", "date": "2025-12-16", "hour": 3}}, {"type": "Feature", "geometry": {"type": "Point", "coordinates": [6.75, 54.5]}, "properties": {"value": 9.744, "time": "2025-12-16T03:00:00", "date": "2025-12-16", "hour": 3}}, {"type": "Feature", "geometry": {"type": "Point", "coordinates": [7.0, 54.5]}, "properties": {"value": 9.655, "time": "2025-12-16T03:00:00", "date": "2025-12-16", "hour": 3}}, {"type": "Feature", "geometry": {"type": "Point", "coordinates": [7.25, 54.5]}, "properties": {"value": 9.301, "time": "2025-12-16T03:00:00", "date": "2025-12-16", "hour": 3}}, {"type": "Feature", "geometry": {"type": "Point", "coordinates": [7.5, 54.5]}, "properties": {"value": 9.048, "time": "2025-12-16T03:00:00", "date": "2025-12-16", "hour": 3}}, {"type": "Feature", "geometry": {"type": "Point", "coordinates": [7.75, 54.5]}, "properties": {"value": 8.751, "time": "2025-12-16T03:00:00", "date": "2025-12-16", "hour": 3}}, {"type": "Feature", "geometry": {"type": "Point", "coordinates": [8.0, 54.5]}, "properties": {"value": 7.841, "time": "2025-12-16T03:00:00", "date": "2025-12-16", "hour": 3}}, {"type": "Feature", "geometry": {"type": "Point", "coordinates": [8.25, 54.5]}, "properties": {"value": 6.972, "time": "2025-12-16T03:00:00", "date": "2025-12-16", "hour": 3}}, {"type": "Feature", "geometry": {"type": "Point", "coordinates": [8.5, 54.5]}, "properties": {"value": 6.117, "time": "2025-12-16T03:00:00", "date": "2025-12-16", "hour": 3}}, {"type": "Feature", "geometry": {"type": "Point", "coordinates": [10.5, 54.5]}, "properties": {"value": 6.819, "time": "2025-12-16T03:00:00", "date": "2025-12-16", "hour": 3}}, {"type": "Feature", "geometry": {"type": "Point", "coordinates": [10.75, 54.5]}, "properties": {"value": 6.623, "time": "2025-12-16T03:00:00", "date": "2025-12-16", "hour": 3}}, {"type": "Feature", "geometry": {"type": "Point", "coordinates": [11.0, 54.5]}, "properties": {"value": 6.469, "time": "2025-12-16T03:00:00", "date": "2025-12-16", "hour": 3}}, {"type": "Feature", "geometry": {"type": "Point", "coordinates": [11.25, 54.5]}, "properties": {"value": 6.7, "time": "2025-12-16T03:00:00", "date": "2025-12-16", "hour": 3}}, {"type": "Feature", "geometry": {"type": "Point", "coordinates": [11.5, 54.5]}, "properties": {"value": 6.676, "time": "2025-12-16T03:00:00", "date": "2025-12-16", "hour": 3}}, {"type": "Feature", "geometry": {"type": "Point", "coordinates": [11.75, 54.5]}, "properties": {"value": 6.785, "time": "2025-12-16T03:00:00", "date": "2025-12-16", "hour": 3}}, {"type": "Feature", "geometry": {"type": "Point", "coordinates": [12.0, 54.5]}, "properties": {"value": 6.632, "time": "2025-12-16T03:00:00", "date": "2025-12-16", "hour": 3}}, {"type": "Feature", "geometry": {"type": "Point", "coordinates": [12.25, 54.5]}, "properties": {"value": 6.445, "time": "2025-12-16T03:00:00", "date": "2025-12-16", "hour": 3}}, {"type": "Feature", "geometry": {"type": "Point", "coordinates": [13.0, 54.5]}, "properties": {"value": 6.844, "time": "2025-12-16T03:00:00", "date": "2025-12-16", "hour": 3}}, {"type": "Feature", "geometry": {"type": "Point", "coordinates": [13.25, 54.5]}, "properties": {"value": 6.297, "time": "2025-12-16T03:00:00", "date": "2025-12-16", "hour": 3}}, {"type": "Feature", "geometry": {"type": "Point", "coordinates": [13.5, 54.5]}, "properties": {"value": 6.049, "time": "2025-12-16T03:00:00", "date": "2025-12-16", "hour": 3}}, {"type": "Feature", "geometry": {"type": "Point", "coordinates": [13.75, 54.5]}, "properties": {"value": 6.15, "time": "2025-12-16T03:00:00", "date": "2025-12-16", "hour": 3}}, {"type": "Feature", "geometry": {"type": "Point", "coordinates": [14.0, 54.5]}, "properties": {"value": 6.496, "time": "2025-12-16T03:00:00", "date": "2025-12-16", "hour": 3}}, {"type": "Feature", "geometry": {"type": "Point", "coordinates": [14.25, 54.5]}, "properties": {"value": 6.531, "time": "2025-12-16T03:00:00", "date": "2025-12-16", "hour": 3}}, {"type": "Feature", "geometry": {"type": "Point", "coordinates": [14.5, 54.5]}, "properties": {"value": 6.777, "time": "2025-12-16T03:00:00", "date": "2025-12-16", "hour": 3}}, {"type": "Feature", "geometry": {"type": "Point", "coordinates": [14.75, 54.5]}, "properties": {"value": 6.974, "time": "2025-12-16T03:00:00", "date": "2025-12-16", "hour": 3}}, {"type": "Feature", "geometry": {"type": "Point", "coordinates": [15.0, 54.5]}, "properties": {"value": 7.613, "time": "2025-12-16T03:00:00", "date": "2025-12-16", "hour": 3}}, {"type": "Feature", "geometry": {"type": "Point", "coordinates": [5.0, 54.75]}, "properties": {"value": 10.267, "time": "2025-12-16T03:00:00", "date": "2025-12-16", "hour": 3}}, {"type": "Feature", "geometry": {"type": "Point", "coordinates": [5.25, 54.75]}, "properties": {"value": 10.34, "time": "2025-12-16T03:00:00", "date": "2025-12-16", "hour": 3}}, {"type": "Feature", "geometry": {"type": "Point", "coordinates": [5.5, 54.75]}, "properties": {"value": 10.381, "time": "2025-12-16T03:00:00", "date": "2025-12-16", "hour": 3}}, {"type": "Feature", "geometry": {"type": "Point", "coordinates": [5.75, 54.75]}, "properties": {"value": 10.38, "time": "2025-12-16T03:00:00", "date": "2025-12-16", "hour": 3}}, {"type": "Feature", "geometry": {"type": "Point", "coordinates": [6.0, 54.75]}, "properties": {"value": 10.299, "time": "2025-12-16T03:00:00", "date": "2025-12-16", "hour": 3}}, {"type": "Feature", "geometry": {"type": "Point", "coordinates": [6.25, 54.75]}, "properties": {"value": 10.196, "time": "2025-12-16T03:00:00", "date": "2025-12-16", "hour": 3}}, {"type": "Feature", "geometry": {"type": "Point", "coordinates": [6.5, 54.75]}, "properties": {"value": 10.082, "time": "2025-12-16T03:00:00", "date": "2025-12-16", "hour": 3}}, {"type": "Feature", "geometry": {"type": "Point", "coordinates": [6.75, 54.75]}, "properties": {"value": 9.954, "time": "2025-12-16T03:00:00", "date": "2025-12-16", "hour": 3}}, {"type": "Feature", "geometry": {"type": "Point", "coordinates": [7.0, 54.75]}, "properties": {"value": 9.864, "time": "2025-12-16T03:00:00", "date": "2025-12-16", "hour": 3}}, {"type": "Feature", "geometry": {"type": "Point", "coordinates": [7.25, 54.75]}, "properties": {"value": 9.502, "time": "2025-12-16T03:00:00", "date": "2025-12-16", "hour": 3}}, {"type": "Feature", "geometry": {"type": "Point", "coordinates": [7.5, 54.75]}, "properties": {"value": 9.154, "time": "2025-12-16T03:00:00", "date": "2025-12-16", "hour": 3}}, {"type": "Feature", "geometry": {"type": "Point", "coordinates": [7.75, 54.75]}, "properties": {"value": 8.209, "time": "2025-12-16T03:00:00", "date": "2025-12-16", "hour": 3}}, {"type": "Feature", "geometry": {"type": "Point", "coordinates": [8.0, 54.75]}, "properties": {"value": 7.254, "time": "2025-12-16T03:00:00", "date": "2025-12-16", "hour": 3}}, {"type": "Feature", "geometry": {"type": "Point", "coordinates": [8.25, 54.75]}, "properties": {"value": 6.497, "time": "2025-12-16T03:00:00", "date": "2025-12-16", "hour": 3}}, {"type": "Feature", "geometry": {"type": "Point", "coordinates": [8.5, 54.75]}, "properties": {"value": 5.865, "time": "2025-12-16T03:00:00", "date": "2025-12-16", "hour": 3}}, {"type": "Feature", "geometry": {"type": "Point", "coordinates": [10.25, 54.75]}, "properties": {"value": 7.163, "time": "2025-12-16T03:00:00", "date": "2025-12-16", "hour": 3}}, {"type": "Feature", "geometry": {"type": "Point", "coordinates": [10.5, 54.75]}, "properties": {"value": 7.016, "time": "2025-12-16T03:00:00", "date": "2025-12-16", "hour": 3}}, {"type": "Feature", "geometry": {"type": "Point", "coordinates": [10.75, 54.75]}, "properties": {"value": 6.83, "time": "2025-12-16T03:00:00", "date": "2025-12-16", "hour": 3}}, {"type": "Feature", "geometry": {"type": "Point", "coordinates": [11.0, 54.75]}, "properties": {"value": 6.646, "time": "2025-12-16T03:00:00", "date": "2025-12-16", "hour": 3}}, {"type": "Feature", "geometry": {"type": "Point", "coordinates": [11.25, 54.75]}, "properties": {"value": 6.313, "time": "2025-12-16T03:00:00", "date": "2025-12-16", "hour": 3}}, {"type": "Feature", "geometry": {"type": "Point", "coordinates": [11.5, 54.75]}, "properties": {"value": 6.009, "time": "2025-12-16T03:00:00", "date": "2025-12-16", "hour": 3}}, {"type": "Feature", "geometry": {"type": "Point", "coordinates": [12.0, 54.75]}, "properties": {"value": 6.154, "time": "2025-12-16T03:00:00", "date": "2025-12-16", "hour": 3}}, {"type": "Feature", "geometry": {"type": "Point", "coordinates": [12.25, 54.75]}, "properties": {"value": 6.574, "time": "2025-12-16T03:00:00", "date": "2025-12-16", "hour": 3}}, {"type": "Feature", "geometry": {"type": "Point", "coordinates": [12.5, 54.75]}, "properties": {"value": 6.943, "time": "2025-12-16T03:00:00", "date": "2025-12-16", "hour": 3}}, {"type": "Feature", "geometry": {"type": "Point", "coordinates": [12.75, 54.75]}, "properties": {"value": 7.042, "time": "2025-12-16T03:00:00", "date": "2025-12-16", "hour": 3}}, {"type": "Feature", "geometry": {"type": "Point", "coordinates": [13.0, 54.75]}, "properties": {"value": 6.97, "time": "2025-12-16T03:00:00", "date": "2025-12-16", "hour": 3}}, {"type": "Feature", "geometry": {"type": "Point", "coordinates": [13.25, 54.75]}, "properties": {"value": 6.999, "time": "2025-12-16T03:00:00", "date": "2025-12-16", "hour": 3}}, {"type": "Feature", "geometry": {"type": "Point", "coordinates": [13.5, 54.75]}, "properties": {"value": 7.044, "time": "2025-12-16T03:00:00", "date": "2025-12-16", "hour": 3}}, {"type": "Feature", "geometry": {"type": "Point", "coordinates": [13.75, 54.75]}, "properties": {"value": 7.144, "time": "2025-12-16T03:00:00", "date": "2025-12-16", "hour": 3}}, {"type": "Feature", "geometry": {"type": "Point", "coordinates": [14.0, 54.75]}, "properties": {"value": 7.238, "time": "2025-12-16T03:00:00", "date": "2025-12-16", "hour": 3}}, {"type": "Feature", "geometry": {"type": "Point", "coordinates": [14.25, 54.75]}, "properties": {"value": 7.402, "time": "2025-12-16T03:00:00", "date": "2025-12-16", "hour": 3}}, {"type": "Feature", "geometry": {"type": "Point", "coordinates": [14.5, 54.75]}, "properties": {"value": 7.803, "time": "2025-12-16T03:00:00", "date": "2025-12-16", "hour": 3}}, {"type": "Feature", "geometry": {"type": "Point", "coordinates": [14.75, 54.75]}, "properties": {"value": 7.963, "time": "2025-12-16T03:00:00", "date": "2025-12-16", "hour": 3}}, {"type": "Feature", "geometry": {"type": "Point", "coordinates": [15.0, 54.75]}, "properties": {"value": 8.052, "time": "2025-12-16T03:00:00", "date": "2025-12-16", "hour": 3}}, {"type": "Feature", "geometry": {"type": "Point", "coordinates": [5.0, 55.0]}, "properties": {"value": 10.113, "time": "2025-12-16T03:00:00", "date": "2025-12-16", "hour": 3}}, {"type": "Feature", "geometry": {"type": "Point", "coordinates": [5.25, 55.0]}, "properties": {"value": 10.274, "time": "2025-12-16T03:00:00", "date": "2025-12-16", "hour": 3}}, {"type": "Feature", "geometry": {"type": "Point", "coordinates": [5.5, 55.0]}, "properties": {"value": 10.323, "time": "2025-12-16T03:00:00", "date": "2025-12-16", "hour": 3}}, {"type": "Feature", "geometry": {"type": "Point", "coordinates": [5.75, 55.0]}, "properties": {"value": 10.323, "time": "2025-12-16T03:00:00", "date": "2025-12-16", "hour": 3}}, {"type": "Feature", "geometry": {"type": "Point", "coordinates": [6.0, 55.0]}, "properties": {"value": 10.274, "time": "2025-12-16T03:00:00", "date": "2025-12-16", "hour": 3}}, {"type": "Feature", "geometry": {"type": "Point", "coordinates": [6.25, 55.0]}, "properties": {"value": 10.224, "time": "2025-12-16T03:00:00", "date": "2025-12-16", "hour": 3}}, {"type": "Feature", "geometry": {"type": "Point", "coordinates": [6.5, 55.0]}, "properties": {"value": 10.116, "time": "2025-12-16T03:00:00", "date": "2025-12-16", "hour": 3}}, {"type": "Feature", "geometry": {"type": "Point", "coordinates": [6.75, 55.0]}, "properties": {"value": 9.98, "time": "2025-12-16T03:00:00", "date": "2025-12-16", "hour": 3}}, {"type": "Feature", "geometry": {"type": "Point", "coordinates": [7.0, 55.0]}, "properties": {"value": 9.81, "time": "2025-12-16T03:00:00", "date": "2025-12-16", "hour": 3}}, {"type": "Feature", "geometry": {"type": "Point", "coordinates": [7.25, 55.0]}, "properties": {"value": 9.486, "time": "2025-12-16T03:00:00", "date": "2025-12-16", "hour": 3}}, {"type": "Feature", "geometry": {"type": "Point", "coordinates": [7.5, 55.0]}, "properties": {"value": 9.176, "time": "2025-12-16T03:00:00", "date": "2025-12-16", "hour": 3}}, {"type": "Feature", "geometry": {"type": "Point", "coordinates": [7.75, 55.0]}, "properties": {"value": 8.262, "time": "2025-12-16T03:00:00", "date": "2025-12-16", "hour": 3}}, {"type": "Feature", "geometry": {"type": "Point", "coordinates": [8.0, 55.0]}, "properties": {"value": 7.421, "time": "2025-12-16T03:00:00", "date": "2025-12-16", "hour": 3}}, {"type": "Feature", "geometry": {"type": "Point", "coordinates": [8.25, 55.0]}, "properties": {"value": 6.589, "time": "2025-12-16T03:00:00", "date": "2025-12-16", "hour": 3}}, {"type": "Feature", "geometry": {"type": "Point", "coordinates": [8.5, 55.0]}, "properties": {"value": 5.959, "time": "2025-12-16T03:00:00", "date": "2025-12-16", "hour": 3}}, {"type": "Feature", "geometry": {"type": "Point", "coordinates": [10.25, 55.0]}, "properties": {"value": 7.051, "time": "2025-12-16T03:00:00", "date": "2025-12-16", "hour": 3}}, {"type": "Feature", "geometry": {"type": "Point", "coordinates": [10.5, 55.0]}, "properties": {"value": 6.888, "time": "2025-12-16T03:00:00", "date": "2025-12-16", "hour": 3}}, {"type": "Feature", "geometry": {"type": "Point", "coordinates": [10.75, 55.0]}, "properties": {"value": 6.727, "time": "2025-12-16T03:00:00", "date": "2025-12-16", "hour": 3}}, {"type": "Feature", "geometry": {"type": "Point", "coordinates": [11.0, 55.0]}, "properties": {"value": 6.484, "time": "2025-12-16T03:00:00", "date": "2025-12-16", "hour": 3}}, {"type": "Feature", "geometry": {"type": "Point", "coordinates": [11.25, 55.0]}, "properties": {"value": 6.052, "time": "2025-12-16T03:00:00", "date": "2025-12-16", "hour": 3}}, {"type": "Feature", "geometry": {"type": "Point", "coordinates": [11.5, 55.0]}, "properties": {"value": 5.719, "time": "2025-12-16T03:00:00", "date": "2025-12-16", "hour": 3}}, {"type": "Feature", "geometry": {"type": "Point", "coordinates": [11.75, 55.0]}, "properties": {"value": 5.292, "time": "2025-12-16T03:00:00", "date": "2025-12-16", "hour": 3}}, {"type": "Feature", "geometry": {"type": "Point", "coordinates": [12.0, 55.0]}, "properties": {"value": 5.625, "time": "2025-12-16T03:00:00", "date": "2025-12-16", "hour": 3}}, {"type": "Feature", "geometry": {"type": "Point", "coordinates": [12.25, 55.0]}, "properties": {"value": 6.174, "time": "2025-12-16T03:00:00", "date": "2025-12-16", "hour": 3}}, {"type": "Feature", "geometry": {"type": "Point", "coordinates": [12.5, 55.0]}, "properties": {"value": 7.017, "time": "2025-12-16T03:00:00", "date": "2025-12-16", "hour": 3}}, {"type": "Feature", "geometry": {"type": "Point", "coordinates": [12.75, 55.0]}, "properties": {"value": 7.281, "time": "2025-12-16T03:00:00", "date": "2025-12-16", "hour": 3}}, {"type": "Feature", "geometry": {"type": "Point", "coordinates": [13.0, 55.0]}, "properties": {"value": 7.358, "time": "2025-12-16T03:00:00", "date": "2025-12-16", "hour": 3}}, {"type": "Feature", "geometry": {"type": "Point", "coordinates": [13.25, 55.0]}, "properties": {"value": 7.385, "time": "2025-12-16T03:00:00", "date": "2025-12-16", "hour": 3}}, {"type": "Feature", "geometry": {"type": "Point", "coordinates": [13.5, 55.0]}, "properties": {"value": 7.365, "time": "2025-12-16T03:00:00", "date": "2025-12-16", "hour": 3}}, {"type": "Feature", "geometry": {"type": "Point", "coordinates": [13.75, 55.0]}, "properties": {"value": 7.413, "time": "2025-12-16T03:00:00", "date": "2025-12-16", "hour": 3}}, {"type": "Feature", "geometry": {"type": "Point", "coordinates": [14.0, 55.0]}, "properties": {"value": 7.438, "time": "2025-12-16T03:00:00", "date": "2025-12-16", "hour": 3}}, {"type": "Feature", "geometry": {"type": "Point", "coordinates": [14.25, 55.0]}, "properties": {"value": 7.563, "time": "2025-12-16T03:00:00", "date": "2025-12-16", "hour": 3}}, {"type": "Feature", "geometry": {"type": "Point", "coordinates": [14.5, 55.0]}, "properties": {"value": 7.666, "time": "2025-12-16T03:00:00", "date": "2025-12-16", "hour": 3}}, {"type": "Feature", "geometry": {"type": "Point", "coordinates": [14.75, 55.0]}, "properties": {"value": 7.713, "time": "2025-12-16T03:00:00", "date": "2025-12-16", "hour": 3}}, {"type": "Feature", "geometry": {"type": "Point", "coordinates": [15.0, 55.0]}, "properties": {"value": 7.778, "time": "2025-12-16T03:00:00", "date": "2025-12-16", "hour": 3}}, {"type": "Feature", "geometry": {"type": "Point", "coordinates": [5.25, 52.75]}, "properties": {"value": 6.812, "time": "2025-12-16T04:00:00", "date": "2025-12-16", "hour": 4}}, {"type": "Feature", "geometry": {"type": "Point", "coordinates": [5.5, 52.75]}, "properties": {"value": 6.813, "time": "2025-12-16T04:00:00", "date": "2025-12-16", "hour": 4}}, {"type": "Feature", "geometry": {"type": "Point", "coordinates": [5.0, 53.0]}, "properties": {"value": 7.319, "time": "2025-12-16T04:00:00", "date": "2025-12-16", "hour": 4}}, {"type": "Feature", "geometry": {"type": "Point", "coordinates": [5.25, 53.0]}, "properties": {"value": 7.042, "time": "2025-12-16T04:00:00", "date": "2025-12-16", "hour": 4}}, {"type": "Feature", "geometry": {"type": "Point", "coordinates": [5.5, 53.0]}, "properties": {"value": 6.799, "time": "2025-12-16T04:00:00", "date": "2025-12-16", "hour": 4}}, {"type": "Feature", "geometry": {"type": "Point", "coordinates": [5.0, 53.25]}, "properties": {"value": 8.008, "time": "2025-12-16T04:00:00", "date": "2025-12-16", "hour": 4}}, {"type": "Feature", "geometry": {"type": "Point", "coordinates": [5.25, 53.25]}, "properties": {"value": 7.442, "time": "2025-12-16T04:00:00", "date": "2025-12-16", "hour": 4}}, {"type": "Feature", "geometry": {"type": "Point", "coordinates": [5.5, 53.25]}, "properties": {"value": 7.099, "time": "2025-12-16T04:00:00", "date": "2025-12-16", "hour": 4}}, {"type": "Feature", "geometry": {"type": "Point", "coordinates": [5.0, 53.5]}, "properties": {"value": 9.558, "time": "2025-12-16T04:00:00", "date": "2025-12-16", "hour": 4}}, {"type": "Feature", "geometry": {"type": "Point", "coordinates": [5.25, 53.5]}, "properties": {"value": 8.981, "time": "2025-12-16T04:00:00", "date": "2025-12-16", "hour": 4}}, {"type": "Feature", "geometry": {"type": "Point", "coordinates": [5.5, 53.5]}, "properties": {"value": 8.797, "time": "2025-12-16T04:00:00", "date": "2025-12-16", "hour": 4}}, {"type": "Feature", "geometry": {"type": "Point", "coordinates": [5.75, 53.5]}, "properties": {"value": 8.375, "time": "2025-12-16T04:00:00", "date": "2025-12-16", "hour": 4}}, {"type": "Feature", "geometry": {"type": "Point", "coordinates": [6.0, 53.5]}, "properties": {"value": 8.022, "time": "2025-12-16T04:00:00", "date": "2025-12-16", "hour": 4}}, {"type": "Feature", "geometry": {"type": "Point", "coordinates": [6.25, 53.5]}, "properties": {"value": 7.727, "time": "2025-12-16T04:00:00", "date": "2025-12-16", "hour": 4}}, {"type": "Feature", "geometry": {"type": "Point", "coordinates": [6.5, 53.5]}, "properties": {"value": 7.554, "time": "2025-12-16T04:00:00", "date": "2025-12-16", "hour": 4}}, {"type": "Feature", "geometry": {"type": "Point", "coordinates": [6.75, 53.5]}, "properties": {"value": 7.247, "time": "2025-12-16T04:00:00", "date": "2025-12-16", "hour": 4}}, {"type": "Feature", "geometry": {"type": "Point", "coordinates": [5.0, 53.75]}, "properties": {"value": 10.229, "time": "2025-12-16T04:00:00", "date": "2025-12-16", "hour": 4}}, {"type": "Feature", "geometry": {"type": "Point", "coordinates": [5.25, 53.75]}, "properties": {"value": 9.866, "time": "2025-12-16T04:00:00", "date": "2025-12-16", "hour": 4}}, {"type": "Feature", "geometry": {"type": "Point", "coordinates": [5.5, 53.75]}, "properties": {"value": 9.563, "time": "2025-12-16T04:00:00", "date": "2025-12-16", "hour": 4}}, {"type": "Feature", "geometry": {"type": "Point", "coordinates": [5.75, 53.75]}, "properties": {"value": 9.251, "time": "2025-12-16T04:00:00", "date": "2025-12-16", "hour": 4}}, {"type": "Feature", "geometry": {"type": "Point", "coordinates": [6.0, 53.75]}, "properties": {"value": 8.924, "time": "2025-12-16T04:00:00", "date": "2025-12-16", "hour": 4}}, {"type": "Feature", "geometry": {"type": "Point", "coordinates": [6.25, 53.75]}, "properties": {"value": 8.53, "time": "2025-12-16T04:00:00", "date": "2025-12-16", "hour": 4}}, {"type": "Feature", "geometry": {"type": "Point", "coordinates": [6.5, 53.75]}, "properties": {"value": 8.097, "time": "2025-12-16T04:00:00", "date": "2025-12-16", "hour": 4}}, {"type": "Feature", "geometry": {"type": "Point", "coordinates": [6.75, 53.75]}, "properties": {"value": 7.733, "time": "2025-12-16T04:00:00", "date": "2025-12-16", "hour": 4}}, {"type": "Feature", "geometry": {"type": "Point", "coordinates": [7.0, 53.75]}, "properties": {"value": 7.699, "time": "2025-12-16T04:00:00", "date": "2025-12-16", "hour": 4}}, {"type": "Feature", "geometry": {"type": "Point", "coordinates": [7.25, 53.75]}, "properties": {"value": 7.42, "time": "2025-12-16T04:00:00", "date": "2025-12-16", "hour": 4}}, {"type": "Feature", "geometry": {"type": "Point", "coordinates": [7.5, 53.75]}, "properties": {"value": 7.347, "time": "2025-12-16T04:00:00", "date": "2025-12-16", "hour": 4}}, {"type": "Feature", "geometry": {"type": "Point", "coordinates": [7.75, 53.75]}, "properties": {"value": 7.335, "time": "2025-12-16T04:00:00", "date": "2025-12-16", "hour": 4}}, {"type": "Feature", "geometry": {"type": "Point", "coordinates": [8.0, 53.75]}, "properties": {"value": 7.199, "time": "2025-12-16T04:00:00", "date": "2025-12-16", "hour": 4}}, {"type": "Feature", "geometry": {"type": "Point", "coordinates": [8.25, 53.75]}, "properties": {"value": 6.78, "time": "2025-12-16T04:00:00", "date": "2025-12-16", "hour": 4}}, {"type": "Feature", "geometry": {"type": "Point", "coordinates": [8.5, 53.75]}, "properties": {"value": 6.318, "time": "2025-12-16T04:00:00", "date": "2025-12-16", "hour": 4}}, {"type": "Feature", "geometry": {"type": "Point", "coordinates": [8.75, 53.75]}, "properties": {"value": 6.318, "time": "2025-12-16T04:00:00", "date": "2025-12-16", "hour": 4}}, {"type": "Feature", "geometry": {"type": "Point", "coordinates": [14.25, 53.75]}, "properties": {"value": 4.019, "time": "2025-12-16T04:00:00", "date": "2025-12-16", "hour": 4}}, {"type": "Feature", "geometry": {"type": "Point", "coordinates": [14.5, 53.75]}, "properties": {"value": 4.019, "time": "2025-12-16T04:00:00", "date": "2025-12-16", "hour": 4}}, {"type": "Feature", "geometry": {"type": "Point", "coordinates": [5.0, 54.0]}, "properties": {"value": 10.358, "time": "2025-12-16T04:00:00", "date": "2025-12-16", "hour": 4}}, {"type": "Feature", "geometry": {"type": "Point", "coordinates": [5.25, 54.0]}, "properties": {"value": 10.289, "time": "2025-12-16T04:00:00", "date": "2025-12-16", "hour": 4}}, {"type": "Feature", "geometry": {"type": "Point", "coordinates": [5.5, 54.0]}, "properties": {"value": 9.988, "time": "2025-12-16T04:00:00", "date": "2025-12-16", "hour": 4}}, {"type": "Feature", "geometry": {"type": "Point", "coordinates": [5.75, 54.0]}, "properties": {"value": 9.715, "time": "2025-12-16T04:00:00", "date": "2025-12-16", "hour": 4}}, {"type": "Feature", "geometry": {"type": "Point", "coordinates": [6.0, 54.0]}, "properties": {"value": 9.437, "time": "2025-12-16T04:00:00", "date": "2025-12-16", "hour": 4}}, {"type": "Feature", "geometry": {"type": "Point", "coordinates": [6.25, 54.0]}, "properties": {"value": 9.104, "time": "2025-12-16T04:00:00", "date": "2025-12-16", "hour": 4}}, {"type": "Feature", "geometry": {"type": "Point", "coordinates": [6.5, 54.0]}, "properties": {"value": 8.729, "time": "2025-12-16T04:00:00", "date": "2025-12-16", "hour": 4}}, {"type": "Feature", "geometry": {"type": "Point", "coordinates": [6.75, 54.0]}, "properties": {"value": 8.619, "time": "2025-12-16T04:00:00", "date": "2025-12-16", "hour": 4}}, {"type": "Feature", "geometry": {"type": "Point", "coordinates": [7.0, 54.0]}, "properties": {"value": 8.61, "time": "2025-12-16T04:00:00", "date": "2025-12-16", "hour": 4}}, {"type": "Feature", "geometry": {"type": "Point", "coordinates": [7.25, 54.0]}, "properties": {"value": 8.44, "time": "2025-12-16T04:00:00", "date": "2025-12-16", "hour": 4}}, {"type": "Feature", "geometry": {"type": "Point", "coordinates": [7.5, 54.0]}, "properties": {"value": 8.324, "time": "2025-12-16T04:00:00", "date": "2025-12-16", "hour": 4}}, {"type": "Feature", "geometry": {"type": "Point", "coordinates": [7.75, 54.0]}, "properties": {"value": 8.191, "time": "2025-12-16T04:00:00", "date": "2025-12-16", "hour": 4}}, {"type": "Feature", "geometry": {"type": "Point", "coordinates": [8.0, 54.0]}, "properties": {"value": 8.098, "time": "2025-12-16T04:00:00", "date": "2025-12-16", "hour": 4}}, {"type": "Feature", "geometry": {"type": "Point", "coordinates": [8.25, 54.0]}, "properties": {"value": 7.782, "time": "2025-12-16T04:00:00", "date": "2025-12-16", "hour": 4}}, {"type": "Feature", "geometry": {"type": "Point", "coordinates": [8.5, 54.0]}, "properties": {"value": 6.801, "time": "2025-12-16T04:00:00", "date": "2025-12-16", "hour": 4}}, {"type": "Feature", "geometry": {"type": "Point", "coordinates": [11.25, 54.0]}, "properties": {"value": 6.357, "time": "2025-12-16T04:00:00", "date": "2025-12-16", "hour": 4}}, {"type": "Feature", "geometry": {"type": "Point", "coordinates": [14.0, 54.0]}, "properties": {"value": 5.063, "time": "2025-12-16T04:00:00", "date": "2025-12-16", "hour": 4}}, {"type": "Feature", "geometry": {"type": "Point", "coordinates": [14.25, 54.0]}, "properties": {"value": 5.53, "time": "2025-12-16T04:00:00", "date": "2025-12-16", "hour": 4}}, {"type": "Feature", "geometry": {"type": "Point", "coordinates": [14.5, 54.0]}, "properties": {"value": 5.315, "time": "2025-12-16T04:00:00", "date": "2025-12-16", "hour": 4}}, {"type": "Feature", "geometry": {"type": "Point", "coordinates": [14.75, 54.0]}, "properties": {"value": 5.745, "time": "2025-12-16T04:00:00", "date": "2025-12-16", "hour": 4}}, {"type": "Feature", "geometry": {"type": "Point", "coordinates": [5.0, 54.25]}, "properties": {"value": 10.358, "time": "2025-12-16T04:00:00", "date": "2025-12-16", "hour": 4}}, {"type": "Feature", "geometry": {"type": "Point", "coordinates": [5.25, 54.25]}, "properties": {"value": 10.323, "time": "2025-12-16T04:00:00", "date": "2025-12-16", "hour": 4}}, {"type": "Feature", "geometry": {"type": "Point", "coordinates": [5.5, 54.25]}, "properties": {"value": 10.215, "time": "2025-12-16T04:00:00", "date": "2025-12-16", "hour": 4}}, {"type": "Feature", "geometry": {"type": "Point", "coordinates": [5.75, 54.25]}, "properties": {"value": 9.978, "time": "2025-12-16T04:00:00", "date": "2025-12-16", "hour": 4}}, {"type": "Feature", "geometry": {"type": "Point", "coordinates": [6.0, 54.25]}, "properties": {"value": 9.837, "time": "2025-12-16T04:00:00", "date": "2025-12-16", "hour": 4}}, {"type": "Feature", "geometry": {"type": "Point", "coordinates": [6.25, 54.25]}, "properties": {"value": 9.578, "time": "2025-12-16T04:00:00", "date": "2025-12-16", "hour": 4}}, {"type": "Feature", "geometry": {"type": "Point", "coordinates": [6.5, 54.25]}, "properties": {"value": 9.419, "time": "2025-12-16T04:00:00", "date": "2025-12-16", "hour": 4}}, {"type": "Feature", "geometry": {"type": "Point", "coordinates": [6.75, 54.25]}, "properties": {"value": 9.317, "time": "2025-12-16T04:00:00", "date": "2025-12-16", "hour": 4}}, {"type": "Feature", "geometry": {"type": "Point", "coordinates": [7.0, 54.25]}, "properties": {"value": 9.259, "time": "2025-12-16T04:00:00", "date": "2025-12-16", "hour": 4}}, {"type": "Feature", "geometry": {"type": "Point", "coordinates": [7.25, 54.25]}, "properties": {"value": 9.112, "time": "2025-12-16T04:00:00", "date": "2025-12-16", "hour": 4}}, {"type": "Feature", "geometry": {"type": "Point", "coordinates": [7.5, 54.25]}, "properties": {"value": 8.909, "time": "2025-12-16T04:00:00", "date": "2025-12-16", "hour": 4}}, {"type": "Feature", "geometry": {"type": "Point", "coordinates": [7.75, 54.25]}, "properties": {"value": 8.648, "time": "2025-12-16T04:00:00", "date": "2025-12-16", "hour": 4}}, {"type": "Feature", "geometry": {"type": "Point", "coordinates": [8.0, 54.25]}, "properties": {"value": 8.501, "time": "2025-12-16T04:00:00", "date": "2025-12-16", "hour": 4}}, {"type": "Feature", "geometry": {"type": "Point", "coordinates": [8.25, 54.25]}, "properties": {"value": 7.519, "time": "2025-12-16T04:00:00", "date": "2025-12-16", "hour": 4}}, {"type": "Feature", "geometry": {"type": "Point", "coordinates": [8.5, 54.25]}, "properties": {"value": 6.558, "time": "2025-12-16T04:00:00", "date": "2025-12-16", "hour": 4}}, {"type": "Feature", "geometry": {"type": "Point", "coordinates": [10.75, 54.25]}, "properties": {"value": 6.417, "time": "2025-12-16T04:00:00", "date": "2025-12-16", "hour": 4}}, {"type": "Feature", "geometry": {"type": "Point", "coordinates": [11.25, 54.25]}, "properties": {"value": 6.624, "time": "2025-12-16T04:00:00", "date": "2025-12-16", "hour": 4}}, {"type": "Feature", "geometry": {"type": "Point", "coordinates": [11.75, 54.25]}, "properties": {"value": 6.805, "time": "2025-12-16T04:00:00", "date": "2025-12-16", "hour": 4}}, {"type": "Feature", "geometry": {"type": "Point", "coordinates": [12.25, 54.25]}, "properties": {"value": 6.282, "time": "2025-12-16T04:00:00", "date": "2025-12-16", "hour": 4}}, {"type": "Feature", "geometry": {"type": "Point", "coordinates": [13.75, 54.25]}, "properties": {"value": 5.208, "time": "2025-12-16T04:00:00", "date": "2025-12-16", "hour": 4}}, {"type": "Feature", "geometry": {"type": "Point", "coordinates": [14.0, 54.25]}, "properties": {"value": 5.585, "time": "2025-12-16T04:00:00", "date": "2025-12-16", "hour": 4}}, {"type": "Feature", "geometry": {"type": "Point", "coordinates": [14.25, 54.25]}, "properties": {"value": 5.873, "time": "2025-12-16T04:00:00", "date": "2025-12-16", "hour": 4}}, {"type": "Feature", "geometry": {"type": "Point", "coordinates": [14.5, 54.25]}, "properties": {"value": 5.816, "time": "2025-12-16T04:00:00", "date": "2025-12-16", "hour": 4}}, {"type": "Feature", "geometry": {"type": "Point", "coordinates": [14.75, 54.25]}, "properties": {"value": 6.102, "time": "2025-12-16T04:00:00", "date": "2025-12-16", "hour": 4}}, {"type": "Feature", "geometry": {"type": "Point", "coordinates": [15.0, 54.25]}, "properties": {"value": 6.699, "time": "2025-12-16T04:00:00", "date": "2025-12-16", "hour": 4}}, {"type": "Feature", "geometry": {"type": "Point", "coordinates": [5.0, 54.5]}, "properties": {"value": 10.326, "time": "2025-12-16T04:00:00", "date": "2025-12-16", "hour": 4}}, {"type": "Feature", "geometry": {"type": "Point", "coordinates": [5.25, 54.5]}, "properties": {"value": 10.398, "time": "2025-12-16T04:00:00", "date": "2025-12-16", "hour": 4}}, {"type": "Feature", "geometry": {"type": "Point", "coordinates": [5.5, 54.5]}, "properties": {"value": 10.352, "time": "2025-12-16T04:00:00", "date": "2025-12-16", "hour": 4}}, {"type": "Feature", "geometry": {"type": "Point", "coordinates": [5.75, 54.5]}, "properties": {"value": 10.232, "time": "2025-12-16T04:00:00", "date": "2025-12-16", "hour": 4}}, {"type": "Feature", "geometry": {"type": "Point", "coordinates": [6.0, 54.5]}, "properties": {"value": 10.123, "time": "2025-12-16T04:00:00", "date": "2025-12-16", "hour": 4}}, {"type": "Feature", "geometry": {"type": "Point", "coordinates": [6.25, 54.5]}, "properties": {"value": 10.017, "time": "2025-12-16T04:00:00", "date": "2025-12-16", "hour": 4}}, {"type": "Feature", "geometry": {"type": "Point", "coordinates": [6.5, 54.5]}, "properties": {"value": 9.854, "time": "2025-12-16T04:00:00", "date": "2025-12-16", "hour": 4}}, {"type": "Feature", "geometry": {"type": "Point", "coordinates": [6.75, 54.5]}, "properties": {"value": 9.744, "time": "2025-12-16T04:00:00", "date": "2025-12-16", "hour": 4}}, {"type": "Feature", "geometry": {"type": "Point", "coordinates": [7.0, 54.5]}, "properties": {"value": 9.655, "time": "2025-12-16T04:00:00", "date": "2025-12-16", "hour": 4}}, {"type": "Feature", "geometry": {"type": "Point", "coordinates": [7.25, 54.5]}, "properties": {"value": 9.301, "time": "2025-12-16T04:00:00", "date": "2025-12-16", "hour": 4}}, {"type": "Feature", "geometry": {"type": "Point", "coordinates": [7.5, 54.5]}, "properties": {"value": 9.048, "time": "2025-12-16T04:00:00", "date": "2025-12-16", "hour": 4}}, {"type": "Feature", "geometry": {"type": "Point", "coordinates": [7.75, 54.5]}, "properties": {"value": 8.751, "time": "2025-12-16T04:00:00", "date": "2025-12-16", "hour": 4}}, {"type": "Feature", "geometry": {"type": "Point", "coordinates": [8.0, 54.5]}, "properties": {"value": 7.841, "time": "2025-12-16T04:00:00", "date": "2025-12-16", "hour": 4}}, {"type": "Feature", "geometry": {"type": "Point", "coordinates": [8.25, 54.5]}, "properties": {"value": 6.972, "time": "2025-12-16T04:00:00", "date": "2025-12-16", "hour": 4}}, {"type": "Feature", "geometry": {"type": "Point", "coordinates": [8.5, 54.5]}, "properties": {"value": 6.117, "time": "2025-12-16T04:00:00", "date": "2025-12-16", "hour": 4}}, {"type": "Feature", "geometry": {"type": "Point", "coordinates": [10.5, 54.5]}, "properties": {"value": 6.819, "time": "2025-12-16T04:00:00", "date": "2025-12-16", "hour": 4}}, {"type": "Feature", "geometry": {"type": "Point", "coordinates": [10.75, 54.5]}, "properties": {"value": 6.623, "time": "2025-12-16T04:00:00", "date": "2025-12-16", "hour": 4}}, {"type": "Feature", "geometry": {"type": "Point", "coordinates": [11.0, 54.5]}, "properties": {"value": 6.469, "time": "2025-12-16T04:00:00", "date": "2025-12-16", "hour": 4}}, {"type": "Feature", "geometry": {"type": "Point", "coordinates": [11.25, 54.5]}, "properties": {"value": 6.7, "time": "2025-12-16T04:00:00", "date": "2025-12-16", "hour": 4}}, {"type": "Feature", "geometry": {"type": "Point", "coordinates": [11.5, 54.5]}, "properties": {"value": 6.676, "time": "2025-12-16T04:00:00", "date": "2025-12-16", "hour": 4}}, {"type": "Feature", "geometry": {"type": "Point", "coordinates": [11.75, 54.5]}, "properties": {"value": 6.785, "time": "2025-12-16T04:00:00", "date": "2025-12-16", "hour": 4}}, {"type": "Feature", "geometry": {"type": "Point", "coordinates": [12.0, 54.5]}, "properties": {"value": 6.632, "time": "2025-12-16T04:00:00", "date": "2025-12-16", "hour": 4}}, {"type": "Feature", "geometry": {"type": "Point", "coordinates": [12.25, 54.5]}, "properties": {"value": 6.445, "time": "2025-12-16T04:00:00", "date": "2025-12-16", "hour": 4}}, {"type": "Feature", "geometry": {"type": "Point", "coordinates": [13.0, 54.5]}, "properties": {"value": 6.844, "time": "2025-12-16T04:00:00", "date": "2025-12-16", "hour": 4}}, {"type": "Feature", "geometry": {"type": "Point", "coordinates": [13.25, 54.5]}, "properties": {"value": 6.297, "time": "2025-12-16T04:00:00", "date": "2025-12-16", "hour": 4}}, {"type": "Feature", "geometry": {"type": "Point", "coordinates": [13.5, 54.5]}, "properties": {"value": 6.049, "time": "2025-12-16T04:00:00", "date": "2025-12-16", "hour": 4}}, {"type": "Feature", "geometry": {"type": "Point", "coordinates": [13.75, 54.5]}, "properties": {"value": 6.15, "time": "2025-12-16T04:00:00", "date": "2025-12-16", "hour": 4}}, {"type": "Feature", "geometry": {"type": "Point", "coordinates": [14.0, 54.5]}, "properties": {"value": 6.496, "time": "2025-12-16T04:00:00", "date": "2025-12-16", "hour": 4}}, {"type": "Feature", "geometry": {"type": "Point", "coordinates": [14.25, 54.5]}, "properties": {"value": 6.531, "time": "2025-12-16T04:00:00", "date": "2025-12-16", "hour": 4}}, {"type": "Feature", "geometry": {"type": "Point", "coordinates": [14.5, 54.5]}, "properties": {"value": 6.777, "time": "2025-12-16T04:00:00", "date": "2025-12-16", "hour": 4}}, {"type": "Feature", "geometry": {"type": "Point", "coordinates": [14.75, 54.5]}, "properties": {"value": 6.974, "time": "2025-12-16T04:00:00", "date": "2025-12-16", "hour": 4}}, {"type": "Feature", "geometry": {"type": "Point", "coordinates": [15.0, 54.5]}, "properties": {"value": 7.613, "time": "2025-12-16T04:00:00", "date": "2025-12-16", "hour": 4}}, {"type": "Feature", "geometry": {"type": "Point", "coordinates": [5.0, 54.75]}, "properties": {"value": 10.267, "time": "2025-12-16T04:00:00", "date": "2025-12-16", "hour": 4}}, {"type": "Feature", "geometry": {"type": "Point", "coordinates": [5.25, 54.75]}, "properties": {"value": 10.34, "time": "2025-12-16T04:00:00", "date": "2025-12-16", "hour": 4}}, {"type": "Feature", "geometry": {"type": "Point", "coordinates": [5.5, 54.75]}, "properties": {"value": 10.381, "time": "2025-12-16T04:00:00", "date": "2025-12-16", "hour": 4}}, {"type": "Feature", "geometry": {"type": "Point", "coordinates": [5.75, 54.75]}, "properties": {"value": 10.38, "time": "2025-12-16T04:00:00", "date": "2025-12-16", "hour": 4}}, {"type": "Feature", "geometry": {"type": "Point", "coordinates": [6.0, 54.75]}, "properties": {"value": 10.299, "time": "2025-12-16T04:00:00", "date": "2025-12-16", "hour": 4}}, {"type": "Feature", "geometry": {"type": "Point", "coordinates": [6.25, 54.75]}, "properties": {"value": 10.196, "time": "2025-12-16T04:00:00", "date": "2025-12-16", "hour": 4}}, {"type": "Feature", "geometry": {"type": "Point", "coordinates": [6.5, 54.75]}, "properties": {"value": 10.082, "time": "2025-12-16T04:00:00", "date": "2025-12-16", "hour": 4}}, {"type": "Feature", "geometry": {"type": "Point", "coordinates": [6.75, 54.75]}, "properties": {"value": 9.954, "time": "2025-12-16T04:00:00", "date": "2025-12-16", "hour": 4}}, {"type": "Feature", "geometry": {"type": "Point", "coordinates": [7.0, 54.75]}, "properties": {"value": 9.864, "time": "2025-12-16T04:00:00", "date": "2025-12-16", "hour": 4}}, {"type": "Feature", "geometry": {"type": "Point", "coordinates": [7.25, 54.75]}, "properties": {"value": 9.502, "time": "2025-12-16T04:00:00", "date": "2025-12-16", "hour": 4}}, {"type": "Feature", "geometry": {"type": "Point", "coordinates": [7.5, 54.75]}, "properties": {"value": 9.154, "time": "2025-12-16T04:00:00", "date": "2025-12-16", "hour": 4}}, {"type": "Feature", "geometry": {"type": "Point", "coordinates": [7.75, 54.75]}, "properties": {"value": 8.209, "time": "2025-12-16T04:00:00", "date": "2025-12-16", "hour": 4}}, {"type": "Feature", "geometry": {"type": "Point", "coordinates": [8.0, 54.75]}, "properties": {"value": 7.254, "time": "2025-12-16T04:00:00", "date": "2025-12-16", "hour": 4}}, {"type": "Feature", "geometry": {"type": "Point", "coordinates": [8.25, 54.75]}, "properties": {"value": 6.497, "time": "2025-12-16T04:00:00", "date": "2025-12-16", "hour": 4}}, {"type": "Feature", "geometry": {"type": "Point", "coordinates": [8.5, 54.75]}, "properties": {"value": 5.865, "time": "2025-12-16T04:00:00", "date": "2025-12-16", "hour": 4}}, {"type": "Feature", "geometry": {"type": "Point", "coordinates": [10.25, 54.75]}, "properties": {"value": 7.163, "time": "2025-12-16T04:00:00", "date": "2025-12-16", "hour": 4}}, {"type": "Feature", "geometry": {"type": "Point", "coordinates": [10.5, 54.75]}, "properties": {"value": 7.016, "time": "2025-12-16T04:00:00", "date": "2025-12-16", "hour": 4}}, {"type": "Feature", "geometry": {"type": "Point", "coordinates": [10.75, 54.75]}, "properties": {"value": 6.83, "time": "2025-12-16T04:00:00", "date": "2025-12-16", "hour": 4}}, {"type": "Feature", "geometry": {"type": "Point", "coordinates": [11.0, 54.75]}, "properties": {"value": 6.646, "time": "2025-12-16T04:00:00", "date": "2025-12-16", "hour": 4}}, {"type": "Feature", "geometry": {"type": "Point", "coordinates": [11.25, 54.75]}, "properties": {"value": 6.313, "time": "2025-12-16T04:00:00", "date": "2025-12-16", "hour": 4}}, {"type": "Feature", "geometry": {"type": "Point", "coordinates": [11.5, 54.75]}, "properties": {"value": 6.009, "time": "2025-12-16T04:00:00", "date": "2025-12-16", "hour": 4}}, {"type": "Feature", "geometry": {"type": "Point", "coordinates": [12.0, 54.75]}, "properties": {"value": 6.154, "time": "2025-12-16T04:00:00", "date": "2025-12-16", "hour": 4}}, {"type": "Feature", "geometry": {"type": "Point", "coordinates": [12.25, 54.75]}, "properties": {"value": 6.574, "time": "2025-12-16T04:00:00", "date": "2025-12-16", "hour": 4}}, {"type": "Feature", "geometry": {"type": "Point", "coordinates": [12.5, 54.75]}, "properties": {"value": 6.943, "time": "2025-12-16T04:00:00", "date": "2025-12-16", "hour": 4}}, {"type": "Feature", "geometry": {"type": "Point", "coordinates": [12.75, 54.75]}, "properties": {"value": 7.042, "time": "2025-12-16T04:00:00", "date": "2025-12-16", "hour": 4}}, {"type": "Feature", "geometry": {"type": "Point", "coordinates": [13.0, 54.75]}, "properties": {"value": 6.97, "time": "2025-12-16T04:00:00", "date": "2025-12-16", "hour": 4}}, {"type": "Feature", "geometry": {"type": "Point", "coordinates": [13.25, 54.75]}, "properties": {"value": 6.999, "time": "2025-12-16T04:00:00", "date": "2025-12-16", "hour": 4}}, {"type": "Feature", "geometry": {"type": "Point", "coordinates": [13.5, 54.75]}, "properties": {"value": 7.044, "time": "2025-12-16T04:00:00", "date": "2025-12-16", "hour": 4}}, {"type": "Feature", "geometry": {"type": "Point", "coordinates": [13.75, 54.75]}, "properties": {"value": 7.144, "time": "2025-12-16T04:00:00", "date": "2025-12-16", "hour": 4}}, {"type": "Feature", "geometry": {"type": "Point", "coordinates": [14.0, 54.75]}, "properties": {"value": 7.238, "time": "2025-12-16T04:00:00", "date": "2025-12-16", "hour": 4}}, {"type": "Feature", "geometry": {"type": "Point", "coordinates": [14.25, 54.75]}, "properties": {"value": 7.402, "time": "2025-12-16T04:00:00", "date": "2025-12-16", "hour": 4}}, {"type": "Feature", "geometry": {"type": "Point", "coordinates": [14.5, 54.75]}, "properties": {"value": 7.803, "time": "2025-12-16T04:00:00", "date": "2025-12-16", "hour": 4}}, {"type": "Feature", "geometry": {"type": "Point", "coordinates": [14.75, 54.75]}, "properties": {"value": 7.963, "time": "2025-12-16T04:00:00", "date": "2025-12-16", "hour": 4}}, {"type": "Feature", "geometry": {"type": "Point", "coordinates": [15.0, 54.75]}, "properties": {"value": 8.052, "time": "2025-12-16T04:00:00", "date": "2025-12-16", "hour": 4}}, {"type": "Feature", "geometry": {"type": "Point", "coordinates": [5.0, 55.0]}, "properties": {"value": 10.113, "time": "2025-12-16T04:00:00", "date": "2025-12-16", "hour": 4}}, {"type": "Feature", "geometry": {"type": "Point", "coordinates": [5.25, 55.0]}, "properties": {"value": 10.274, "time": "2025-12-16T04:00:00", "date": "2025-12-16", "hour": 4}}, {"type": "Feature", "geometry": {"type": "Point", "coordinates": [5.5, 55.0]}, "properties": {"value": 10.323, "time": "2025-12-16T04:00:00", "date": "2025-12-16", "hour": 4}}, {"type": "Feature", "geometry": {"type": "Point", "coordinates": [5.75, 55.0]}, "properties": {"value": 10.323, "time": "2025-12-16T04:00:00", "date": "2025-12-16", "hour": 4}}, {"type": "Feature", "geometry": {"type": "Point", "coordinates": [6.0, 55.0]}, "properties": {"value": 10.274, "time": "2025-12-16T04:00:00", "date": "2025-12-16", "hour": 4}}, {"type": "Feature", "geometry": {"type": "Point", "coordinates": [6.25, 55.0]}, "properties": {"value": 10.224, "time": "2025-12-16T04:00:00", "date": "2025-12-16", "hour": 4}}, {"type": "Feature", "geometry": {"type": "Point", "coordinates": [6.5, 55.0]}, "properties": {"value": 10.116, "time": "2025-12-16T04:00:00", "date": "2025-12-16", "hour": 4}}, {"type": "Feature", "geometry": {"type": "Point", "coordinates": [6.75, 55.0]}, "properties": {"value": 9.98, "time": "2025-12-16T04:00:00", "date": "2025-12-16", "hour": 4}}, {"type": "Feature", "geometry": {"type": "Point", "coordinates": [7.0, 55.0]}, "properties": {"value": 9.81, "time": "2025-12-16T04:00:00", "date": "2025-12-16", "hour": 4}}, {"type": "Feature", "geometry": {"type": "Point", "coordinates": [7.25, 55.0]}, "properties": {"value": 9.486, "time": "2025-12-16T04:00:00", "date": "2025-12-16", "hour": 4}}, {"type": "Feature", "geometry": {"type": "Point", "coordinates": [7.5, 55.0]}, "properties": {"value": 9.176, "time": "2025-12-16T04:00:00", "date": "2025-12-16", "hour": 4}}, {"type": "Feature", "geometry": {"type": "Point", "coordinates": [7.75, 55.0]}, "properties": {"value": 8.262, "time": "2025-12-16T04:00:00", "date": "2025-12-16", "hour": 4}}, {"type": "Feature", "geometry": {"type": "Point", "coordinates": [8.0, 55.0]}, "properties": {"value": 7.421, "time": "2025-12-16T04:00:00", "date": "2025-12-16", "hour": 4}}, {"type": "Feature", "geometry": {"type": "Point", "coordinates": [8.25, 55.0]}, "properties": {"value": 6.589, "time": "2025-12-16T04:00:00", "date": "2025-12-16", "hour": 4}}, {"type": "Feature", "geometry": {"type": "Point", "coordinates": [8.5, 55.0]}, "properties": {"value": 5.959, "time": "2025-12-16T04:00:00", "date": "2025-12-16", "hour": 4}}, {"type": "Feature", "geometry": {"type": "Point", "coordinates": [10.25, 55.0]}, "properties": {"value": 7.051, "time": "2025-12-16T04:00:00", "date": "2025-12-16", "hour": 4}}, {"type": "Feature", "geometry": {"type": "Point", "coordinates": [10.5, 55.0]}, "properties": {"value": 6.888, "time": "2025-12-16T04:00:00", "date": "2025-12-16", "hour": 4}}, {"type": "Feature", "geometry": {"type": "Point", "coordinates": [10.75, 55.0]}, "properties": {"value": 6.727, "time": "2025-12-16T04:00:00", "date": "2025-12-16", "hour": 4}}, {"type": "Feature", "geometry": {"type": "Point", "coordinates": [11.0, 55.0]}, "properties": {"value": 6.484, "time": "2025-12-16T04:00:00", "date": "2025-12-16", "hour": 4}}, {"type": "Feature", "geometry": {"type": "Point", "coordinates": [11.25, 55.0]}, "properties": {"value": 6.052, "time": "2025-12-16T04:00:00", "date": "2025-12-16", "hour": 4}}, {"type": "Feature", "geometry": {"type": "Point", "coordinates": [11.5, 55.0]}, "properties": {"value": 5.719, "time": "2025-12-16T04:00:00", "date": "2025-12-16", "hour": 4}}, {"type": "Feature", "geometry": {"type": "Point", "coordinates": [11.75, 55.0]}, "properties": {"value": 5.292, "time": "2025-12-16T04:00:00", "date": "2025-12-16", "hour": 4}}, {"type": "Feature", "geometry": {"type": "Point", "coordinates": [12.0, 55.0]}, "properties": {"value": 5.625, "time": "2025-12-16T04:00:00", "date": "2025-12-16", "hour": 4}}, {"type": "Feature", "geometry": {"type": "Point", "coordinates": [12.25, 55.0]}, "properties": {"value": 6.174, "time": "2025-12-16T04:00:00", "date": "2025-12-16", "hour": 4}}, {"type": "Feature", "geometry": {"type": "Point", "coordinates": [12.5, 55.0]}, "properties": {"value": 7.017, "time": "2025-12-16T04:00:00", "date": "2025-12-16", "hour": 4}}, {"type": "Feature", "geometry": {"type": "Point", "coordinates": [12.75, 55.0]}, "properties": {"value": 7.281, "time": "2025-12-16T04:00:00", "date": "2025-12-16", "hour": 4}}, {"type": "Feature", "geometry": {"type": "Point", "coordinates": [13.0, 55.0]}, "properties": {"value": 7.358, "time": "2025-12-16T04:00:00", "date": "2025-12-16", "hour": 4}}, {"type": "Feature", "geometry": {"type": "Point", "coordinates": [13.25, 55.0]}, "properties": {"value": 7.385, "time": "2025-12-16T04:00:00", "date": "2025-12-16", "hour": 4}}, {"type": "Feature", "geometry": {"type": "Point", "coordinates": [13.5, 55.0]}, "properties": {"value": 7.365, "time": "2025-12-16T04:00:00", "date": "2025-12-16", "hour": 4}}, {"type": "Feature", "geometry": {"type": "Point", "coordinates": [13.75, 55.0]}, "properties": {"value": 7.413, "time": "2025-12-16T04:00:00", "date": "2025-12-16", "hour": 4}}, {"type": "Feature", "geometry": {"type": "Point", "coordinates": [14.0, 55.0]}, "properties": {"value": 7.438, "time": "2025-12-16T04:00:00", "date": "2025-12-16", "hour": 4}}, {"type": "Feature", "geometry": {"type": "Point", "coordinates": [14.25, 55.0]}, "properties": {"value": 7.563, "time": "2025-12-16T04:00:00", "date": "2025-12-16", "hour": 4}}, {"type": "Feature", "geometry": {"type": "Point", "coordinates": [14.5, 55.0]}, "properties": {"value": 7.666, "time": "2025-12-16T04:00:00", "date": "2025-12-16", "hour": 4}}, {"type": "Feature", "geometry": {"type": "Point", "coordinates": [14.75, 55.0]}, "properties": {"value": 7.713, "time": "2025-12-16T04:00:00", "date": "2025-12-16", "hour": 4}}, {"type": "Feature", "geometry": {"type": "Point", "coordinates": [15.0, 55.0]}, "properties": {"value": 7.778, "time": "2025-12-16T04:00:00", "date": "2025-12-16", "hour": 4}}, {"type": "Feature", "geometry": {"type": "Point", "coordinates": [5.25, 52.75]}, "properties": {"value": 6.812, "time": "2025-12-16T05:00:00", "date": "2025-12-16", "hour": 5}}, {"type": "Feature", "geometry": {"type": "Point", "coordinates": [5.5, 52.75]}, "properties": {"value": 6.813, "time": "2025-12-16T05:00:00", "date": "2025-12-16", "hour": 5}}, {"type": "Feature", "geometry": {"type": "Point", "coordinates": [5.0, 53.0]}, "properties": {"value": 7.319, "time": "2025-12-16T05:00:00", "date": "2025-12-16", "hour": 5}}, {"type": "Feature", "geometry": {"type": "Point", "coordinates": [5.25, 53.0]}, "properties": {"value": 7.042, "time": "2025-12-16T05:00:00", "date": "2025-12-16", "hour": 5}}, {"type": "Feature", "geometry": {"type": "Point", "coordinates": [5.5, 53.0]}, "properties": {"value": 6.799, "time": "2025-12-16T05:00:00", "date": "2025-12-16", "hour": 5}}, {"type": "Feature", "geometry": {"type": "Point", "coordinates": [5.0, 53.25]}, "properties": {"value": 8.008, "time": "2025-12-16T05:00:00", "date": "2025-12-16", "hour": 5}}, {"type": "Feature", "geometry": {"type": "Point", "coordinates": [5.25, 53.25]}, "properties": {"value": 7.442, "time": "2025-12-16T05:00:00", "date": "2025-12-16", "hour": 5}}, {"type": "Feature", "geometry": {"type": "Point", "coordinates": [5.5, 53.25]}, "properties": {"value": 7.099, "time": "2025-12-16T05:00:00", "date": "2025-12-16", "hour": 5}}, {"type": "Feature", "geometry": {"type": "Point", "coordinates": [5.0, 53.5]}, "properties": {"value": 9.558, "time": "2025-12-16T05:00:00", "date": "2025-12-16", "hour": 5}}, {"type": "Feature", "geometry": {"type": "Point", "coordinates": [5.25, 53.5]}, "properties": {"value": 8.981, "time": "2025-12-16T05:00:00", "date": "2025-12-16", "hour": 5}}, {"type": "Feature", "geometry": {"type": "Point", "coordinates": [5.5, 53.5]}, "properties": {"value": 8.797, "time": "2025-12-16T05:00:00", "date": "2025-12-16", "hour": 5}}, {"type": "Feature", "geometry": {"type": "Point", "coordinates": [5.75, 53.5]}, "properties": {"value": 8.375, "time": "2025-12-16T05:00:00", "date": "2025-12-16", "hour": 5}}, {"type": "Feature", "geometry": {"type": "Point", "coordinates": [6.0, 53.5]}, "properties": {"value": 8.022, "time": "2025-12-16T05:00:00", "date": "2025-12-16", "hour": 5}}, {"type": "Feature", "geometry": {"type": "Point", "coordinates": [6.25, 53.5]}, "properties": {"value": 7.727, "time": "2025-12-16T05:00:00", "date": "2025-12-16", "hour": 5}}, {"type": "Feature", "geometry": {"type": "Point", "coordinates": [6.5, 53.5]}, "properties": {"value": 7.554, "time": "2025-12-16T05:00:00", "date": "2025-12-16", "hour": 5}}, {"type": "Feature", "geometry": {"type": "Point", "coordinates": [6.75, 53.5]}, "properties": {"value": 7.247, "time": "2025-12-16T05:00:00", "date": "2025-12-16", "hour": 5}}, {"type": "Feature", "geometry": {"type": "Point", "coordinates": [5.0, 53.75]}, "properties": {"value": 10.229, "time": "2025-12-16T05:00:00", "date": "2025-12-16", "hour": 5}}, {"type": "Feature", "geometry": {"type": "Point", "coordinates": [5.25, 53.75]}, "properties": {"value": 9.866, "time": "2025-12-16T05:00:00", "date": "2025-12-16", "hour": 5}}, {"type": "Feature", "geometry": {"type": "Point", "coordinates": [5.5, 53.75]}, "properties": {"value": 9.563, "time": "2025-12-16T05:00:00", "date": "2025-12-16", "hour": 5}}, {"type": "Feature", "geometry": {"type": "Point", "coordinates": [5.75, 53.75]}, "properties": {"value": 9.251, "time": "2025-12-16T05:00:00", "date": "2025-12-16", "hour": 5}}, {"type": "Feature", "geometry": {"type": "Point", "coordinates": [6.0, 53.75]}, "properties": {"value": 8.924, "time": "2025-12-16T05:00:00", "date": "2025-12-16", "hour": 5}}, {"type": "Feature", "geometry": {"type": "Point", "coordinates": [6.25, 53.75]}, "properties": {"value": 8.53, "time": "2025-12-16T05:00:00", "date": "2025-12-16", "hour": 5}}, {"type": "Feature", "geometry": {"type": "Point", "coordinates": [6.5, 53.75]}, "properties": {"value": 8.097, "time": "2025-12-16T05:00:00", "date": "2025-12-16", "hour": 5}}, {"type": "Feature", "geometry": {"type": "Point", "coordinates": [6.75, 53.75]}, "properties": {"value": 7.733, "time": "2025-12-16T05:00:00", "date": "2025-12-16", "hour": 5}}, {"type": "Feature", "geometry": {"type": "Point", "coordinates": [7.0, 53.75]}, "properties": {"value": 7.699, "time": "2025-12-16T05:00:00", "date": "2025-12-16", "hour": 5}}, {"type": "Feature", "geometry": {"type": "Point", "coordinates": [7.25, 53.75]}, "properties": {"value": 7.42, "time": "2025-12-16T05:00:00", "date": "2025-12-16", "hour": 5}}, {"type": "Feature", "geometry": {"type": "Point", "coordinates": [7.5, 53.75]}, "properties": {"value": 7.347, "time": "2025-12-16T05:00:00", "date": "2025-12-16", "hour": 5}}, {"type": "Feature", "geometry": {"type": "Point", "coordinates": [7.75, 53.75]}, "properties": {"value": 7.335, "time": "2025-12-16T05:00:00", "date": "2025-12-16", "hour": 5}}, {"type": "Feature", "geometry": {"type": "Point", "coordinates": [8.0, 53.75]}, "properties": {"value": 7.199, "time": "2025-12-16T05:00:00", "date": "2025-12-16", "hour": 5}}, {"type": "Feature", "geometry": {"type": "Point", "coordinates": [8.25, 53.75]}, "properties": {"value": 6.78, "time": "2025-12-16T05:00:00", "date": "2025-12-16", "hour": 5}}, {"type": "Feature", "geometry": {"type": "Point", "coordinates": [8.5, 53.75]}, "properties": {"value": 6.318, "time": "2025-12-16T05:00:00", "date": "2025-12-16", "hour": 5}}, {"type": "Feature", "geometry": {"type": "Point", "coordinates": [8.75, 53.75]}, "properties": {"value": 6.318, "time": "2025-12-16T05:00:00", "date": "2025-12-16", "hour": 5}}, {"type": "Feature", "geometry": {"type": "Point", "coordinates": [14.25, 53.75]}, "properties": {"value": 4.019, "time": "2025-12-16T05:00:00", "date": "2025-12-16", "hour": 5}}, {"type": "Feature", "geometry": {"type": "Point", "coordinates": [14.5, 53.75]}, "properties": {"value": 4.019, "time": "2025-12-16T05:00:00", "date": "2025-12-16", "hour": 5}}, {"type": "Feature", "geometry": {"type": "Point", "coordinates": [5.0, 54.0]}, "properties": {"value": 10.358, "time": "2025-12-16T05:00:00", "date": "2025-12-16", "hour": 5}}, {"type": "Feature", "geometry": {"type": "Point", "coordinates": [5.25, 54.0]}, "properties": {"value": 10.289, "time": "2025-12-16T05:00:00", "date": "2025-12-16", "hour": 5}}, {"type": "Feature", "geometry": {"type": "Point", "coordinates": [5.5, 54.0]}, "properties": {"value": 9.988, "time": "2025-12-16T05:00:00", "date": "2025-12-16", "hour": 5}}, {"type": "Feature", "geometry": {"type": "Point", "coordinates": [5.75, 54.0]}, "properties": {"value": 9.715, "time": "2025-12-16T05:00:00", "date": "2025-12-16", "hour": 5}}, {"type": "Feature", "geometry": {"type": "Point", "coordinates": [6.0, 54.0]}, "properties": {"value": 9.437, "time": "2025-12-16T05:00:00", "date": "2025-12-16", "hour": 5}}, {"type": "Feature", "geometry": {"type": "Point", "coordinates": [6.25, 54.0]}, "properties": {"value": 9.104, "time": "2025-12-16T05:00:00", "date": "2025-12-16", "hour": 5}}, {"type": "Feature", "geometry": {"type": "Point", "coordinates": [6.5, 54.0]}, "properties": {"value": 8.729, "time": "2025-12-16T05:00:00", "date": "2025-12-16", "hour": 5}}, {"type": "Feature", "geometry": {"type": "Point", "coordinates": [6.75, 54.0]}, "properties": {"value": 8.619, "time": "2025-12-16T05:00:00", "date": "2025-12-16", "hour": 5}}, {"type": "Feature", "geometry": {"type": "Point", "coordinates": [7.0, 54.0]}, "properties": {"value": 8.61, "time": "2025-12-16T05:00:00", "date": "2025-12-16", "hour": 5}}, {"type": "Feature", "geometry": {"type": "Point", "coordinates": [7.25, 54.0]}, "properties": {"value": 8.44, "time": "2025-12-16T05:00:00", "date": "2025-12-16", "hour": 5}}, {"type": "Feature", "geometry": {"type": "Point", "coordinates": [7.5, 54.0]}, "properties": {"value": 8.324, "time": "2025-12-16T05:00:00", "date": "2025-12-16", "hour": 5}}, {"type": "Feature", "geometry": {"type": "Point", "coordinates": [7.75, 54.0]}, "properties": {"value": 8.191, "time": "2025-12-16T05:00:00", "date": "2025-12-16", "hour": 5}}, {"type": "Feature", "geometry": {"type": "Point", "coordinates": [8.0, 54.0]}, "properties": {"value": 8.098, "time": "2025-12-16T05:00:00", "date": "2025-12-16", "hour": 5}}, {"type": "Feature", "geometry": {"type": "Point", "coordinates": [8.25, 54.0]}, "properties": {"value": 7.782, "time": "2025-12-16T05:00:00", "date": "2025-12-16", "hour": 5}}, {"type": "Feature", "geometry": {"type": "Point", "coordinates": [8.5, 54.0]}, "properties": {"value": 6.801, "time": "2025-12-16T05:00:00", "date": "2025-12-16", "hour": 5}}, {"type": "Feature", "geometry": {"type": "Point", "coordinates": [11.25, 54.0]}, "properties": {"value": 6.357, "time": "2025-12-16T05:00:00", "date": "2025-12-16", "hour": 5}}, {"type": "Feature", "geometry": {"type": "Point", "coordinates": [14.0, 54.0]}, "properties": {"value": 5.063, "time": "2025-12-16T05:00:00", "date": "2025-12-16", "hour": 5}}, {"type": "Feature", "geometry": {"type": "Point", "coordinates": [14.25, 54.0]}, "properties": {"value": 5.53, "time": "2025-12-16T05:00:00", "date": "2025-12-16", "hour": 5}}, {"type": "Feature", "geometry": {"type": "Point", "coordinates": [14.5, 54.0]}, "properties": {"value": 5.315, "time": "2025-12-16T05:00:00", "date": "2025-12-16", "hour": 5}}, {"type": "Feature", "geometry": {"type": "Point", "coordinates": [14.75, 54.0]}, "properties": {"value": 5.745, "time": "2025-12-16T05:00:00", "date": "2025-12-16", "hour": 5}}, {"type": "Feature", "geometry": {"type": "Point", "coordinates": [5.0, 54.25]}, "properties": {"value": 10.358, "time": "2025-12-16T05:00:00", "date": "2025-12-16", "hour": 5}}, {"type": "Feature", "geometry": {"type": "Point", "coordinates": [5.25, 54.25]}, "properties": {"value": 10.323, "time": "2025-12-16T05:00:00", "date": "2025-12-16", "hour": 5}}, {"type": "Feature", "geometry": {"type": "Point", "coordinates": [5.5, 54.25]}, "properties": {"value": 10.215, "time": "2025-12-16T05:00:00", "date": "2025-12-16", "hour": 5}}, {"type": "Feature", "geometry": {"type": "Point", "coordinates": [5.75, 54.25]}, "properties": {"value": 9.978, "time": "2025-12-16T05:00:00", "date": "2025-12-16", "hour": 5}}, {"type": "Feature", "geometry": {"type": "Point", "coordinates": [6.0, 54.25]}, "properties": {"value": 9.837, "time": "2025-12-16T05:00:00", "date": "2025-12-16", "hour": 5}}, {"type": "Feature", "geometry": {"type": "Point", "coordinates": [6.25, 54.25]}, "properties": {"value": 9.578, "time": "2025-12-16T05:00:00", "date": "2025-12-16", "hour": 5}}, {"type": "Feature", "geometry": {"type": "Point", "coordinates": [6.5, 54.25]}, "properties": {"value": 9.419, "time": "2025-12-16T05:00:00", "date": "2025-12-16", "hour": 5}}, {"type": "Feature", "geometry": {"type": "Point", "coordinates": [6.75, 54.25]}, "properties": {"value": 9.317, "time": "2025-12-16T05:00:00", "date": "2025-12-16", "hour": 5}}, {"type": "Feature", "geometry": {"type": "Point", "coordinates": [7.0, 54.25]}, "properties": {"value": 9.259, "time": "2025-12-16T05:00:00", "date": "2025-12-16", "hour": 5}}, {"type": "Feature", "geometry": {"type": "Point", "coordinates": [7.25, 54.25]}, "properties": {"value": 9.112, "time": "2025-12-16T05:00:00", "date": "2025-12-16", "hour": 5}}, {"type": "Feature", "geometry": {"type": "Point", "coordinates": [7.5, 54.25]}, "properties": {"value": 8.909, "time": "2025-12-16T05:00:00", "date": "2025-12-16", "hour": 5}}, {"type": "Feature", "geometry": {"type": "Point", "coordinates": [7.75, 54.25]}, "properties": {"value": 8.648, "time": "2025-12-16T05:00:00", "date": "2025-12-16", "hour": 5}}, {"type": "Feature", "geometry": {"type": "Point", "coordinates": [8.0, 54.25]}, "properties": {"value": 8.501, "time": "2025-12-16T05:00:00", "date": "2025-12-16", "hour": 5}}, {"type": "Feature", "geometry": {"type": "Point", "coordinates": [8.25, 54.25]}, "properties": {"value": 7.519, "time": "2025-12-16T05:00:00", "date": "2025-12-16", "hour": 5}}, {"type": "Feature", "geometry": {"type": "Point", "coordinates": [8.5, 54.25]}, "properties": {"value": 6.558, "time": "2025-12-16T05:00:00", "date": "2025-12-16", "hour": 5}}, {"type": "Feature", "geometry": {"type": "Point", "coordinates": [10.75, 54.25]}, "properties": {"value": 6.417, "time": "2025-12-16T05:00:00", "date": "2025-12-16", "hour": 5}}, {"type": "Feature", "geometry": {"type": "Point", "coordinates": [11.25, 54.25]}, "properties": {"value": 6.624, "time": "2025-12-16T05:00:00", "date": "2025-12-16", "hour": 5}}, {"type": "Feature", "geometry": {"type": "Point", "coordinates": [11.75, 54.25]}, "properties": {"value": 6.805, "time": "2025-12-16T05:00:00", "date": "2025-12-16", "hour": 5}}, {"type": "Feature", "geometry": {"type": "Point", "coordinates": [12.25, 54.25]}, "properties": {"value": 6.282, "time": "2025-12-16T05:00:00", "date": "2025-12-16", "hour": 5}}, {"type": "Feature", "geometry": {"type": "Point", "coordinates": [13.75, 54.25]}, "properties": {"value": 5.208, "time": "2025-12-16T05:00:00", "date": "2025-12-16", "hour": 5}}, {"type": "Feature", "geometry": {"type": "Point", "coordinates": [14.0, 54.25]}, "properties": {"value": 5.585, "time": "2025-12-16T05:00:00", "date": "2025-12-16", "hour": 5}}, {"type": "Feature", "geometry": {"type": "Point", "coordinates": [14.25, 54.25]}, "properties": {"value": 5.873, "time": "2025-12-16T05:00:00", "date": "2025-12-16", "hour": 5}}, {"type": "Feature", "geometry": {"type": "Point", "coordinates": [14.5, 54.25]}, "properties": {"value": 5.816, "time": "2025-12-16T05:00:00", "date": "2025-12-16", "hour": 5}}, {"type": "Feature", "geometry": {"type": "Point", "coordinates": [14.75, 54.25]}, "properties": {"value": 6.102, "time": "2025-12-16T05:00:00", "date": "2025-12-16", "hour": 5}}, {"type": "Feature", "geometry": {"type": "Point", "coordinates": [15.0, 54.25]}, "properties": {"value": 6.699, "time": "2025-12-16T05:00:00", "date": "2025-12-16", "hour": 5}}, {"type": "Feature", "geometry": {"type": "Point", "coordinates": [5.0, 54.5]}, "properties": {"value": 10.326, "time": "2025-12-16T05:00:00", "date": "2025-12-16", "hour": 5}}, {"type": "Feature", "geometry": {"type": "Point", "coordinates": [5.25, 54.5]}, "properties": {"value": 10.398, "time": "2025-12-16T05:00:00", "date": "2025-12-16", "hour": 5}}, {"type": "Feature", "geometry": {"type": "Point", "coordinates": [5.5, 54.5]}, "properties": {"value": 10.352, "time": "2025-12-16T05:00:00", "date": "2025-12-16", "hour": 5}}, {"type": "Feature", "geometry": {"type": "Point", "coordinates": [5.75, 54.5]}, "properties": {"value": 10.232, "time": "2025-12-16T05:00:00", "date": "2025-12-16", "hour": 5}}, {"type": "Feature", "geometry": {"type": "Point", "coordinates": [6.0, 54.5]}, "properties": {"value": 10.123, "time": "2025-12-16T05:00:00", "date": "2025-12-16", "hour": 5}}, {"type": "Feature", "geometry": {"type": "Point", "coordinates": [6.25, 54.5]}, "properties": {"value": 10.017, "time": "2025-12-16T05:00:00", "date": "2025-12-16", "hour": 5}}, {"type": "Feature", "geometry": {"type": "Point", "coordinates": [6.5, 54.5]}, "properties": {"value": 9.854, "time": "2025-12-16T05:00:00", "date": "2025-12-16", "hour": 5}}, {"type": "Feature", "geometry": {"type": "Point", "coordinates": [6.75, 54.5]}, "properties": {"value": 9.744, "time": "2025-12-16T05:00:00", "date": "2025-12-16", "hour": 5}}, {"type": "Feature", "geometry": {"type": "Point", "coordinates": [7.0, 54.5]}, "properties": {"value": 9.655, "time": "2025-12-16T05:00:00", "date": "2025-12-16", "hour": 5}}, {"type": "Feature", "geometry": {"type": "Point", "coordinates": [7.25, 54.5]}, "properties": {"value": 9.301, "time": "2025-12-16T05:00:00", "date": "2025-12-16", "hour": 5}}, {"type": "Feature", "geometry": {"type": "Point", "coordinates": [7.5, 54.5]}, "properties": {"value": 9.048, "time": "2025-12-16T05:00:00", "date": "2025-12-16", "hour": 5}}, {"type": "Feature", "geometry": {"type": "Point", "coordinates": [7.75, 54.5]}, "properties": {"value": 8.751, "time": "2025-12-16T05:00:00", "date": "2025-12-16", "hour": 5}}, {"type": "Feature", "geometry": {"type": "Point", "coordinates": [8.0, 54.5]}, "properties": {"value": 7.841, "time": "2025-12-16T05:00:00", "date": "2025-12-16", "hour": 5}}, {"type": "Feature", "geometry": {"type": "Point", "coordinates": [8.25, 54.5]}, "properties": {"value": 6.972, "time": "2025-12-16T05:00:00", "date": "2025-12-16", "hour": 5}}, {"type": "Feature", "geometry": {"type": "Point", "coordinates": [8.5, 54.5]}, "properties": {"value": 6.117, "time": "2025-12-16T05:00:00", "date": "2025-12-16", "hour": 5}}, {"type": "Feature", "geometry": {"type": "Point", "coordinates": [10.5, 54.5]}, "properties": {"value": 6.819, "time": "2025-12-16T05:00:00", "date": "2025-12-16", "hour": 5}}, {"type": "Feature", "geometry": {"type": "Point", "coordinates": [10.75, 54.5]}, "properties": {"value": 6.623, "time": "2025-12-16T05:00:00", "date": "2025-12-16", "hour": 5}}, {"type": "Feature", "geometry": {"type": "Point", "coordinates": [11.0, 54.5]}, "properties": {"value": 6.469, "time": "2025-12-16T05:00:00", "date": "2025-12-16", "hour": 5}}, {"type": "Feature", "geometry": {"type": "Point", "coordinates": [11.25, 54.5]}, "properties": {"value": 6.7, "time": "2025-12-16T05:00:00", "date": "2025-12-16", "hour": 5}}, {"type": "Feature", "geometry": {"type": "Point", "coordinates": [11.5, 54.5]}, "properties": {"value": 6.676, "time": "2025-12-16T05:00:00", "date": "2025-12-16", "hour": 5}}, {"type": "Feature", "geometry": {"type": "Point", "coordinates": [11.75, 54.5]}, "properties": {"value": 6.785, "time": "2025-12-16T05:00:00", "date": "2025-12-16", "hour": 5}}, {"type": "Feature", "geometry": {"type": "Point", "coordinates": [12.0, 54.5]}, "properties": {"value": 6.632, "time": "2025-12-16T05:00:00", "date": "2025-12-16", "hour": 5}}, {"type": "Feature", "geometry": {"type": "Point", "coordinates": [12.25, 54.5]}, "properties": {"value": 6.445, "time": "2025-12-16T05:00:00", "date": "2025-12-16", "hour": 5}}, {"type": "Feature", "geometry": {"type": "Point", "coordinates": [13.0, 54.5]}, "properties": {"value": 6.844, "time": "2025-12-16T05:00:00", "date": "2025-12-16", "hour": 5}}, {"type": "Feature", "geometry": {"type": "Point", "coordinates": [13.25, 54.5]}, "properties": {"value": 6.297, "time": "2025-12-16T05:00:00", "date": "2025-12-16", "hour": 5}}, {"type": "Feature", "geometry": {"type": "Point", "coordinates": [13.5, 54.5]}, "properties": {"value": 6.049, "time": "2025-12-16T05:00:00", "date": "2025-12-16", "hour": 5}}, {"type": "Feature", "geometry": {"type": "Point", "coordinates": [13.75, 54.5]}, "properties": {"value": 6.15, "time": "2025-12-16T05:00:00", "date": "2025-12-16", "hour": 5}}, {"type": "Feature", "geometry": {"type": "Point", "coordinates": [14.0, 54.5]}, "properties": {"value": 6.496, "time": "2025-12-16T05:00:00", "date": "2025-12-16", "hour": 5}}, {"type": "Feature", "geometry": {"type": "Point", "coordinates": [14.25, 54.5]}, "properties": {"value": 6.531, "time": "2025-12-16T05:00:00", "date": "2025-12-16", "hour": 5}}, {"type": "Feature", "geometry": {"type": "Point", "coordinates": [14.5, 54.5]}, "properties": {"value": 6.777, "time": "2025-12-16T05:00:00", "date": "2025-12-16", "hour": 5}}, {"type": "Feature", "geometry": {"type": "Point", "coordinates": [14.75, 54.5]}, "properties": {"value": 6.974, "time": "2025-12-16T05:00:00", "date": "2025-12-16", "hour": 5}}, {"type": "Feature", "geometry": {"type": "Point", "coordinates": [15.0, 54.5]}, "properties": {"value": 7.613, "time": "2025-12-16T05:00:00", "date": "2025-12-16", "hour": 5}}, {"type": "Feature", "geometry": {"type": "Point", "coordinates": [5.0, 54.75]}, "properties": {"value": 10.267, "time": "2025-12-16T05:00:00", "date": "2025-12-16", "hour": 5}}, {"type": "Feature", "geometry": {"type": "Point", "coordinates": [5.25, 54.75]}, "properties": {"value": 10.34, "time": "2025-12-16T05:00:00", "date": "2025-12-16", "hour": 5}}, {"type": "Feature", "geometry": {"type": "Point", "coordinates": [5.5, 54.75]}, "properties": {"value": 10.381, "time": "2025-12-16T05:00:00", "date": "2025-12-16", "hour": 5}}, {"type": "Feature", "geometry": {"type": "Point", "coordinates": [5.75, 54.75]}, "properties": {"value": 10.38, "time": "2025-12-16T05:00:00", "date": "2025-12-16", "hour": 5}}, {"type": "Feature", "geometry": {"type": "Point", "coordinates": [6.0, 54.75]}, "properties": {"value": 10.299, "time": "2025-12-16T05:00:00", "date": "2025-12-16", "hour": 5}}, {"type": "Feature", "geometry": {"type": "Point", "coordinates": [6.25, 54.75]}, "properties": {"value": 10.196, "time": "2025-12-16T05:00:00", "date": "2025-12-16", "hour": 5}}, {"type": "Feature", "geometry": {"type": "Point", "coordinates": [6.5, 54.75]}, "properties": {"value": 10.082, "time": "2025-12-16T05:00:00", "date": "2025-12-16", "hour": 5}}, {"type": "Feature", "geometry": {"type": "Point", "coordinates": [6.75, 54.75]}, "properties": {"value": 9.954, "time": "2025-12-16T05:00:00", "date": "2025-12-16", "hour": 5}}, {"type": "Feature", "geometry": {"type": "Point", "coordinates": [7.0, 54.75]}, "properties": {"value": 9.864, "time": "2025-12-16T05:00:00", "date": "2025-12-16", "hour": 5}}, {"type": "Feature", "geometry": {"type": "Point", "coordinates": [7.25, 54.75]}, "properties": {"value": 9.502, "time": "2025-12-16T05:00:00", "date": "2025-12-16", "hour": 5}}, {"type": "Feature", "geometry": {"type": "Point", "coordinates": [7.5, 54.75]}, "properties": {"value": 9.154, "time": "2025-12-16T05:00:00", "date": "2025-12-16", "hour": 5}}, {"type": "Feature", "geometry": {"type": "Point", "coordinates": [7.75, 54.75]}, "properties": {"value": 8.209, "time": "2025-12-16T05:00:00", "date": "2025-12-16", "hour": 5}}, {"type": "Feature", "geometry": {"type": "Point", "coordinates": [8.0, 54.75]}, "properties": {"value": 7.254, "time": "2025-12-16T05:00:00", "date": "2025-12-16", "hour": 5}}, {"type": "Feature", "geometry": {"type": "Point", "coordinates": [8.25, 54.75]}, "properties": {"value": 6.497, "time": "2025-12-16T05:00:00", "date": "2025-12-16", "hour": 5}}, {"type": "Feature", "geometry": {"type": "Point", "coordinates": [8.5, 54.75]}, "properties": {"value": 5.865, "time": "2025-12-16T05:00:00", "date": "2025-12-16", "hour": 5}}, {"type": "Feature", "geometry": {"type": "Point", "coordinates": [10.25, 54.75]}, "properties": {"value": 7.163, "time": "2025-12-16T05:00:00", "date": "2025-12-16", "hour": 5}}, {"type": "Feature", "geometry": {"type": "Point", "coordinates": [10.5, 54.75]}, "properties": {"value": 7.016, "time": "2025-12-16T05:00:00", "date": "2025-12-16", "hour": 5}}, {"type": "Feature", "geometry": {"type": "Point", "coordinates": [10.75, 54.75]}, "properties": {"value": 6.83, "time": "2025-12-16T05:00:00", "date": "2025-12-16", "hour": 5}}, {"type": "Feature", "geometry": {"type": "Point", "coordinates": [11.0, 54.75]}, "properties": {"value": 6.646, "time": "2025-12-16T05:00:00", "date": "2025-12-16", "hour": 5}}, {"type": "Feature", "geometry": {"type": "Point", "coordinates": [11.25, 54.75]}, "properties": {"value": 6.313, "time": "2025-12-16T05:00:00", "date": "2025-12-16", "hour": 5}}, {"type": "Feature", "geometry": {"type": "Point", "coordinates": [11.5, 54.75]}, "properties": {"value": 6.009, "time": "2025-12-16T05:00:00", "date": "2025-12-16", "hour": 5}}, {"type": "Feature", "geometry": {"type": "Point", "coordinates": [12.0, 54.75]}, "properties": {"value": 6.154, "time": "2025-12-16T05:00:00", "date": "2025-12-16", "hour": 5}}, {"type": "Feature", "geometry": {"type": "Point", "coordinates": [12.25, 54.75]}, "properties": {"value": 6.574, "time": "2025-12-16T05:00:00", "date": "2025-12-16", "hour": 5}}, {"type": "Feature", "geometry": {"type": "Point", "coordinates": [12.5, 54.75]}, "properties": {"value": 6.943, "time": "2025-12-16T05:00:00", "date": "2025-12-16", "hour": 5}}, {"type": "Feature", "geometry": {"type": "Point", "coordinates": [12.75, 54.75]}, "properties": {"value": 7.042, "time": "2025-12-16T05:00:00", "date": "2025-12-16", "hour": 5}}, {"type": "Feature", "geometry": {"type": "Point", "coordinates": [13.0, 54.75]}, "properties": {"value": 6.97, "time": "2025-12-16T05:00:00", "date": "2025-12-16", "hour": 5}}, {"type": "Feature", "geometry": {"type": "Point", "coordinates": [13.25, 54.75]}, "properties": {"value": 6.999, "time": "2025-12-16T05:00:00", "date": "2025-12-16", "hour": 5}}, {"type": "Feature", "geometry": {"type": "Point", "coordinates": [13.5, 54.75]}, "properties": {"value": 7.044, "time": "2025-12-16T05:00:00", "date": "2025-12-16", "hour": 5}}, {"type": "Feature", "geometry": {"type": "Point", "coordinates": [13.75, 54.75]}, "properties": {"value": 7.144, "time": "2025-12-16T05:00:00", "date": "2025-12-16", "hour": 5}}, {"type": "Feature", "geometry": {"type": "Point", "coordinates": [14.0, 54.75]}, "properties": {"value": 7.238, "time": "2025-12-16T05:00:00", "date": "2025-12-16", "hour": 5}}, {"type": "Feature", "geometry": {"type": "Point", "coordinates": [14.25, 54.75]}, "properties": {"value": 7.402, "time": "2025-12-16T05:00:00", "date": "2025-12-16", "hour": 5}}, {"type": "Feature", "geometry": {"type": "Point", "coordinates": [14.5, 54.75]}, "properties": {"value": 7.803, "time": "2025-12-16T05:00:00", "date": "2025-12-16", "hour": 5}}, {"type": "Feature", "geometry": {"type": "Point", "coordinates": [14.75, 54.75]}, "properties": {"value": 7.963, "time": "2025-12-16T05:00:00", "date": "2025-12-16", "hour": 5}}, {"type": "Feature", "geometry": {"type": "Point", "coordinates": [15.0, 54.75]}, "properties": {"value": 8.052, "time": "2025-12-16T05:00:00", "date": "2025-12-16", "hour": 5}}, {"type": "Feature", "geometry": {"type": "Point", "coordinates": [5.0, 55.0]}, "properties": {"value": 10.113, "time": "2025-12-16T05:00:00", "date": "2025-12-16", "hour": 5}}, {"type": "Feature", "geometry": {"type": "Point", "coordinates": [5.25, 55.0]}, "properties": {"value": 10.274, "time": "2025-12-16T05:00:00", "date": "2025-12-16", "hour": 5}}, {"type": "Feature", "geometry": {"type": "Point", "coordinates": [5.5, 55.0]}, "properties": {"value": 10.323, "time": "2025-12-16T05:00:00", "date": "2025-12-16", "hour": 5}}, {"type": "Feature", "geometry": {"type": "Point", "coordinates": [5.75, 55.0]}, "properties": {"value": 10.323, "time": "2025-12-16T05:00:00", "date": "2025-12-16", "hour": 5}}, {"type": "Feature", "geometry": {"type": "Point", "coordinates": [6.0, 55.0]}, "properties": {"value": 10.274, "time": "2025-12-16T05:00:00", "date": "2025-12-16", "hour": 5}}, {"type": "Feature", "geometry": {"type": "Point", "coordinates": [6.25, 55.0]}, "properties": {"value": 10.224, "time": "2025-12-16T05:00:00", "date": "2025-12-16", "hour": 5}}, {"type": "Feature", "geometry": {"type": "Point", "coordinates": [6.5, 55.0]}, "properties": {"value": 10.116, "time": "2025-12-16T05:00:00", "date": "2025-12-16", "hour": 5}}, {"type": "Feature", "geometry": {"type": "Point", "coordinates": [6.75, 55.0]}, "properties": {"value": 9.98, "time": "2025-12-16T05:00:00", "date": "2025-12-16", "hour": 5}}, {"type": "Feature", "geometry": {"type": "Point", "coordinates": [7.0, 55.0]}, "properties": {"value": 9.81, "time": "2025-12-16T05:00:00", "date": "2025-12-16", "hour": 5}}, {"type": "Feature", "geometry": {"type": "Point", "coordinates": [7.25, 55.0]}, "properties": {"value": 9.486, "time": "2025-12-16T05:00:00", "date": "2025-12-16", "hour": 5}}, {"type": "Feature", "geometry": {"type": "Point", "coordinates": [7.5, 55.0]}, "properties": {"value": 9.176, "time": "2025-12-16T05:00:00", "date": "2025-12-16", "hour": 5}}, {"type": "Feature", "geometry": {"type": "Point", "coordinates": [7.75, 55.0]}, "properties": {"value": 8.262, "time": "2025-12-16T05:00:00", "date": "2025-12-16", "hour": 5}}, {"type": "Feature", "geometry": {"type": "Point", "coordinates": [8.0, 55.0]}, "properties": {"value": 7.421, "time": "2025-12-16T05:00:00", "date": "2025-12-16", "hour": 5}}, {"type": "Feature", "geometry": {"type": "Point", "coordinates": [8.25, 55.0]}, "properties": {"value": 6.589, "time": "2025-12-16T05:00:00", "date": "2025-12-16", "hour": 5}}, {"type": "Feature", "geometry": {"type": "Point", "coordinates": [8.5, 55.0]}, "properties": {"value": 5.959, "time": "2025-12-16T05:00:00", "date": "2025-12-16", "hour": 5}}, {"type": "Feature", "geometry": {"type": "Point", "coordinates": [10.25, 55.0]}, "properties": {"value": 7.051, "time": "2025-12-16T05:00:00", "date": "2025-12-16", "hour": 5}}, {"type": "Feature", "geometry": {"type": "Point", "coordinates": [10.5, 55.0]}, "properties": {"value": 6.888, "time": "2025-12-16T05:00:00", "date": "2025-12-16", "hour": 5}}, {"type": "Feature", "geometry": {"type": "Point", "coordinates": [10.75, 55.0]}, "properties": {"value": 6.727, "time": "2025-12-16T05:00:00", "date": "2025-12-16", "hour": 5}}, {"type": "Feature", "geometry": {"type": "Point", "coordinates": [11.0, 55.0]}, "properties": {"value": 6.484, "time": "2025-12-16T05:00:00", "date": "2025-12-16", "hour": 5}}, {"type": "Feature", "geometry": {"type": "Point", "coordinates": [11.25, 55.0]}, "properties": {"value": 6.052, "time": "2025-12-16T05:00:00", "date": "2025-12-16", "hour": 5}}, {"type": "Feature", "geometry": {"type": "Point", "coordinates": [11.5, 55.0]}, "properties": {"value": 5.719, "time": "2025-12-16T05:00:00", "date": "2025-12-16", "hour": 5}}, {"type": "Feature", "geometry": {"type": "Point", "coordinates": [11.75, 55.0]}, "properties": {"value": 5.292, "time": "2025-12-16T05:00:00", "date": "2025-12-16", "hour": 5}}, {"type": "Feature", "geometry": {"type": "Point", "coordinates": [12.0, 55.0]}, "properties": {"value": 5.625, "time": "2025-12-16T05:00:00", "date": "2025-12-16", "hour": 5}}, {"type": "Feature", "geometry": {"type": "Point", "coordinates": [12.25, 55.0]}, "properties": {"value": 6.174, "time": "2025-12-16T05:00:00", "date": "2025-12-16", "hour": 5}}, {"type": "Feature", "geometry": {"type": "Point", "coordinates": [12.5, 55.0]}, "properties": {"value": 7.017, "time": "2025-12-16T05:00:00", "date": "2025-12-16", "hour": 5}}, {"type": "Feature", "geometry": {"type": "Point", "coordinates": [12.75, 55.0]}, "properties": {"value": 7.281, "time": "2025-12-16T05:00:00", "date": "2025-12-16", "hour": 5}}, {"type": "Feature", "geometry": {"type": "Point", "coordinates": [13.0, 55.0]}, "properties": {"value": 7.358, "time": "2025-12-16T05:00:00", "date": "2025-12-16", "hour": 5}}, {"type": "Feature", "geometry": {"type": "Point", "coordinates": [13.25, 55.0]}, "properties": {"value": 7.385, "time": "2025-12-16T05:00:00", "date": "2025-12-16", "hour": 5}}, {"type": "Feature", "geometry": {"type": "Point", "coordinates": [13.5, 55.0]}, "properties": {"value": 7.365, "time": "2025-12-16T05:00:00", "date": "2025-12-16", "hour": 5}}, {"type": "Feature", "geometry": {"type": "Point", "coordinates": [13.75, 55.0]}, "properties": {"value": 7.413, "time": "2025-12-16T05:00:00", "date": "2025-12-16", "hour": 5}}, {"type": "Feature", "geometry": {"type": "Point", "coordinates": [14.0, 55.0]}, "properties": {"value": 7.438, "time": "2025-12-16T05:00:00", "date": "2025-12-16", "hour": 5}}, {"type": "Feature", "geometry": {"type": "Point", "coordinates": [14.25, 55.0]}, "properties": {"value": 7.563, "time": "2025-12-16T05:00:00", "date": "2025-12-16", "hour": 5}}, {"type": "Feature", "geometry": {"type": "Point", "coordinates": [14.5, 55.0]}, "properties": {"value": 7.666, "time": "2025-12-16T05:00:00", "date": "2025-12-16", "hour": 5}}, {"type": "Feature", "geometry": {"type": "Point", "coordinates": [14.75, 55.0]}, "properties": {"value": 7.713, "time": "2025-12-16T05:00:00", "date": "2025-12-16", "hour": 5}}, {"type": "Feature", "geometry": {"type": "Point", "coordinates": [15.0, 55.0]}, "properties": {"value": 7.778, "time": "2025-12-16T05:00:00", "date": "2025-12-16", "hour": 5}}, {"type": "Feature", "geometry": {"type": "Point", "coordinates": [5.25, 52.75]}, "properties": {"value": 6.812, "time": "2025-12-16T06:00:00", "date": "2025-12-16", "hour": 6}}, {"type": "Feature", "geometry": {"type": "Point", "coordinates": [5.5, 52.75]}, "properties": {"value": 6.813, "time": "2025-12-16T06:00:00", "date": "2025-12-16", "hour": 6}}, {"type": "Feature", "geometry": {"type": "Point", "coordinates": [5.0, 53.0]}, "properties": {"value": 7.319, "time": "2025-12-16T06:00:00", "date": "2025-12-16", "hour": 6}}, {"type": "Feature", "geometry": {"type": "Point", "coordinates": [5.25, 53.0]}, "properties": {"value": 7.042, "time": "2025-12-16T06:00:00", "date": "2025-12-16", "hour": 6}}, {"type": "Feature", "geometry": {"type": "Point", "coordinates": [5.5, 53.0]}, "properties": {"value": 6.799, "time": "2025-12-16T06:00:00", "date": "2025-12-16", "hour": 6}}, {"type": "Feature", "geometry": {"type": "Point", "coordinates": [5.0, 53.25]}, "properties": {"value": 8.008, "time": "2025-12-16T06:00:00", "date": "2025-12-16", "hour": 6}}, {"type": "Feature", "geometry": {"type": "Point", "coordinates": [5.25, 53.25]}, "properties": {"value": 7.442, "time": "2025-12-16T06:00:00", "date": "2025-12-16", "hour": 6}}, {"type": "Feature", "geometry": {"type": "Point", "coordinates": [5.5, 53.25]}, "properties": {"value": 7.099, "time": "2025-12-16T06:00:00", "date": "2025-12-16", "hour": 6}}, {"type": "Feature", "geometry": {"type": "Point", "coordinates": [5.0, 53.5]}, "properties": {"value": 9.558, "time": "2025-12-16T06:00:00", "date": "2025-12-16", "hour": 6}}, {"type": "Feature", "geometry": {"type": "Point", "coordinates": [5.25, 53.5]}, "properties": {"value": 8.981, "time": "2025-12-16T06:00:00", "date": "2025-12-16", "hour": 6}}, {"type": "Feature", "geometry": {"type": "Point", "coordinates": [5.5, 53.5]}, "properties": {"value": 8.797, "time": "2025-12-16T06:00:00", "date": "2025-12-16", "hour": 6}}, {"type": "Feature", "geometry": {"type": "Point", "coordinates": [5.75, 53.5]}, "properties": {"value": 8.375, "time": "2025-12-16T06:00:00", "date": "2025-12-16", "hour": 6}}, {"type": "Feature", "geometry": {"type": "Point", "coordinates": [6.0, 53.5]}, "properties": {"value": 8.022, "time": "2025-12-16T06:00:00", "date": "2025-12-16", "hour": 6}}, {"type": "Feature", "geometry": {"type": "Point", "coordinates": [6.25, 53.5]}, "properties": {"value": 7.727, "time": "2025-12-16T06:00:00", "date": "2025-12-16", "hour": 6}}, {"type": "Feature", "geometry": {"type": "Point", "coordinates": [6.5, 53.5]}, "properties": {"value": 7.554, "time": "2025-12-16T06:00:00", "date": "2025-12-16", "hour": 6}}, {"type": "Feature", "geometry": {"type": "Point", "coordinates": [6.75, 53.5]}, "properties": {"value": 7.247, "time": "2025-12-16T06:00:00", "date": "2025-12-16", "hour": 6}}, {"type": "Feature", "geometry": {"type": "Point", "coordinates": [5.0, 53.75]}, "properties": {"value": 10.229, "time": "2025-12-16T06:00:00", "date": "2025-12-16", "hour": 6}}, {"type": "Feature", "geometry": {"type": "Point", "coordinates": [5.25, 53.75]}, "properties": {"value": 9.866, "time": "2025-12-16T06:00:00", "date": "2025-12-16", "hour": 6}}, {"type": "Feature", "geometry": {"type": "Point", "coordinates": [5.5, 53.75]}, "properties": {"value": 9.563, "time": "2025-12-16T06:00:00", "date": "2025-12-16", "hour": 6}}, {"type": "Feature", "geometry": {"type": "Point", "coordinates": [5.75, 53.75]}, "properties": {"value": 9.251, "time": "2025-12-16T06:00:00", "date": "2025-12-16", "hour": 6}}, {"type": "Feature", "geometry": {"type": "Point", "coordinates": [6.0, 53.75]}, "properties": {"value": 8.924, "time": "2025-12-16T06:00:00", "date": "2025-12-16", "hour": 6}}, {"type": "Feature", "geometry": {"type": "Point", "coordinates": [6.25, 53.75]}, "properties": {"value": 8.53, "time": "2025-12-16T06:00:00", "date": "2025-12-16", "hour": 6}}, {"type": "Feature", "geometry": {"type": "Point", "coordinates": [6.5, 53.75]}, "properties": {"value": 8.097, "time": "2025-12-16T06:00:00", "date": "2025-12-16", "hour": 6}}, {"type": "Feature", "geometry": {"type": "Point", "coordinates": [6.75, 53.75]}, "properties": {"value": 7.733, "time": "2025-12-16T06:00:00", "date": "2025-12-16", "hour": 6}}, {"type": "Feature", "geometry": {"type": "Point", "coordinates": [7.0, 53.75]}, "properties": {"value": 7.699, "time": "2025-12-16T06:00:00", "date": "2025-12-16", "hour": 6}}, {"type": "Feature", "geometry": {"type": "Point", "coordinates": [7.25, 53.75]}, "properties": {"value": 7.42, "time": "2025-12-16T06:00:00", "date": "2025-12-16", "hour": 6}}, {"type": "Feature", "geometry": {"type": "Point", "coordinates": [7.5, 53.75]}, "properties": {"value": 7.347, "time": "2025-12-16T06:00:00", "date": "2025-12-16", "hour": 6}}, {"type": "Feature", "geometry": {"type": "Point", "coordinates": [7.75, 53.75]}, "properties": {"value": 7.335, "time": "2025-12-16T06:00:00", "date": "2025-12-16", "hour": 6}}, {"type": "Feature", "geometry": {"type": "Point", "coordinates": [8.0, 53.75]}, "properties": {"value": 7.199, "time": "2025-12-16T06:00:00", "date": "2025-12-16", "hour": 6}}, {"type": "Feature", "geometry": {"type": "Point", "coordinates": [8.25, 53.75]}, "properties": {"value": 6.78, "time": "2025-12-16T06:00:00", "date": "2025-12-16", "hour": 6}}, {"type": "Feature", "geometry": {"type": "Point", "coordinates": [8.5, 53.75]}, "properties": {"value": 6.318, "time": "2025-12-16T06:00:00", "date": "2025-12-16", "hour": 6}}, {"type": "Feature", "geometry": {"type": "Point", "coordinates": [8.75, 53.75]}, "properties": {"value": 6.318, "time": "2025-12-16T06:00:00", "date": "2025-12-16", "hour": 6}}, {"type": "Feature", "geometry": {"type": "Point", "coordinates": [14.25, 53.75]}, "properties": {"value": 4.019, "time": "2025-12-16T06:00:00", "date": "2025-12-16", "hour": 6}}, {"type": "Feature", "geometry": {"type": "Point", "coordinates": [14.5, 53.75]}, "properties": {"value": 4.019, "time": "2025-12-16T06:00:00", "date": "2025-12-16", "hour": 6}}, {"type": "Feature", "geometry": {"type": "Point", "coordinates": [5.0, 54.0]}, "properties": {"value": 10.358, "time": "2025-12-16T06:00:00", "date": "2025-12-16", "hour": 6}}, {"type": "Feature", "geometry": {"type": "Point", "coordinates": [5.25, 54.0]}, "properties": {"value": 10.289, "time": "2025-12-16T06:00:00", "date": "2025-12-16", "hour": 6}}, {"type": "Feature", "geometry": {"type": "Point", "coordinates": [5.5, 54.0]}, "properties": {"value": 9.988, "time": "2025-12-16T06:00:00", "date": "2025-12-16", "hour": 6}}, {"type": "Feature", "geometry": {"type": "Point", "coordinates": [5.75, 54.0]}, "properties": {"value": 9.715, "time": "2025-12-16T06:00:00", "date": "2025-12-16", "hour": 6}}, {"type": "Feature", "geometry": {"type": "Point", "coordinates": [6.0, 54.0]}, "properties": {"value": 9.437, "time": "2025-12-16T06:00:00", "date": "2025-12-16", "hour": 6}}, {"type": "Feature", "geometry": {"type": "Point", "coordinates": [6.25, 54.0]}, "properties": {"value": 9.104, "time": "2025-12-16T06:00:00", "date": "2025-12-16", "hour": 6}}, {"type": "Feature", "geometry": {"type": "Point", "coordinates": [6.5, 54.0]}, "properties": {"value": 8.729, "time": "2025-12-16T06:00:00", "date": "2025-12-16", "hour": 6}}, {"type": "Feature", "geometry": {"type": "Point", "coordinates": [6.75, 54.0]}, "properties": {"value": 8.619, "time": "2025-12-16T06:00:00", "date": "2025-12-16", "hour": 6}}, {"type": "Feature", "geometry": {"type": "Point", "coordinates": [7.0, 54.0]}, "properties": {"value": 8.61, "time": "2025-12-16T06:00:00", "date": "2025-12-16", "hour": 6}}, {"type": "Feature", "geometry": {"type": "Point", "coordinates": [7.25, 54.0]}, "properties": {"value": 8.44, "time": "2025-12-16T06:00:00", "date": "2025-12-16", "hour": 6}}, {"type": "Feature", "geometry": {"type": "Point", "coordinates": [7.5, 54.0]}, "properties": {"value": 8.324, "time": "2025-12-16T06:00:00", "date": "2025-12-16", "hour": 6}}, {"type": "Feature", "geometry": {"type": "Point", "coordinates": [7.75, 54.0]}, "properties": {"value": 8.191, "time": "2025-12-16T06:00:00", "date": "2025-12-16", "hour": 6}}, {"type": "Feature", "geometry": {"type": "Point", "coordinates": [8.0, 54.0]}, "properties": {"value": 8.098, "time": "2025-12-16T06:00:00", "date": "2025-12-16", "hour": 6}}, {"type": "Feature", "geometry": {"type": "Point", "coordinates": [8.25, 54.0]}, "properties": {"value": 7.782, "time": "2025-12-16T06:00:00", "date": "2025-12-16", "hour": 6}}, {"type": "Feature", "geometry": {"type": "Point", "coordinates": [8.5, 54.0]}, "properties": {"value": 6.801, "time": "2025-12-16T06:00:00", "date": "2025-12-16", "hour": 6}}, {"type": "Feature", "geometry": {"type": "Point", "coordinates": [11.25, 54.0]}, "properties": {"value": 6.357, "time": "2025-12-16T06:00:00", "date": "2025-12-16", "hour": 6}}, {"type": "Feature", "geometry": {"type": "Point", "coordinates": [14.0, 54.0]}, "properties": {"value": 5.063, "time": "2025-12-16T06:00:00", "date": "2025-12-16", "hour": 6}}, {"type": "Feature", "geometry": {"type": "Point", "coordinates": [14.25, 54.0]}, "properties": {"value": 5.53, "time": "2025-12-16T06:00:00", "date": "2025-12-16", "hour": 6}}, {"type": "Feature", "geometry": {"type": "Point", "coordinates": [14.5, 54.0]}, "properties": {"value": 5.315, "time": "2025-12-16T06:00:00", "date": "2025-12-16", "hour": 6}}, {"type": "Feature", "geometry": {"type": "Point", "coordinates": [14.75, 54.0]}, "properties": {"value": 5.745, "time": "2025-12-16T06:00:00", "date": "2025-12-16", "hour": 6}}, {"type": "Feature", "geometry": {"type": "Point", "coordinates": [5.0, 54.25]}, "properties": {"value": 10.358, "time": "2025-12-16T06:00:00", "date": "2025-12-16", "hour": 6}}, {"type": "Feature", "geometry": {"type": "Point", "coordinates": [5.25, 54.25]}, "properties": {"value": 10.323, "time": "2025-12-16T06:00:00", "date": "2025-12-16", "hour": 6}}, {"type": "Feature", "geometry": {"type": "Point", "coordinates": [5.5, 54.25]}, "properties": {"value": 10.215, "time": "2025-12-16T06:00:00", "date": "2025-12-16", "hour": 6}}, {"type": "Feature", "geometry": {"type": "Point", "coordinates": [5.75, 54.25]}, "properties": {"value": 9.978, "time": "2025-12-16T06:00:00", "date": "2025-12-16", "hour": 6}}, {"type": "Feature", "geometry": {"type": "Point", "coordinates": [6.0, 54.25]}, "properties": {"value": 9.837, "time": "2025-12-16T06:00:00", "date": "2025-12-16", "hour": 6}}, {"type": "Feature", "geometry": {"type": "Point", "coordinates": [6.25, 54.25]}, "properties": {"value": 9.578, "time": "2025-12-16T06:00:00", "date": "2025-12-16", "hour": 6}}, {"type": "Feature", "geometry": {"type": "Point", "coordinates": [6.5, 54.25]}, "properties": {"value": 9.419, "time": "2025-12-16T06:00:00", "date": "2025-12-16", "hour": 6}}, {"type": "Feature", "geometry": {"type": "Point", "coordinates": [6.75, 54.25]}, "properties": {"value": 9.317, "time": "2025-12-16T06:00:00", "date": "2025-12-16", "hour": 6}}, {"type": "Feature", "geometry": {"type": "Point", "coordinates": [7.0, 54.25]}, "properties": {"value": 9.259, "time": "2025-12-16T06:00:00", "date": "2025-12-16", "hour": 6}}, {"type": "Feature", "geometry": {"type": "Point", "coordinates": [7.25, 54.25]}, "properties": {"value": 9.112, "time": "2025-12-16T06:00:00", "date": "2025-12-16", "hour": 6}}, {"type": "Feature", "geometry": {"type": "Point", "coordinates": [7.5, 54.25]}, "properties": {"value": 8.909, "time": "2025-12-16T06:00:00", "date": "2025-12-16", "hour": 6}}, {"type": "Feature", "geometry": {"type": "Point", "coordinates": [7.75, 54.25]}, "properties": {"value": 8.648, "time": "2025-12-16T06:00:00", "date": "2025-12-16", "hour": 6}}, {"type": "Feature", "geometry": {"type": "Point", "coordinates": [8.0, 54.25]}, "properties": {"value": 8.501, "time": "2025-12-16T06:00:00", "date": "2025-12-16", "hour": 6}}, {"type": "Feature", "geometry": {"type": "Point", "coordinates": [8.25, 54.25]}, "properties": {"value": 7.519, "time": "2025-12-16T06:00:00", "date": "2025-12-16", "hour": 6}}, {"type": "Feature", "geometry": {"type": "Point", "coordinates": [8.5, 54.25]}, "properties": {"value": 6.558, "time": "2025-12-16T06:00:00", "date": "2025-12-16", "hour": 6}}, {"type": "Feature", "geometry": {"type": "Point", "coordinates": [10.75, 54.25]}, "properties": {"value": 6.417, "time": "2025-12-16T06:00:00", "date": "2025-12-16", "hour": 6}}, {"type": "Feature", "geometry": {"type": "Point", "coordinates": [11.25, 54.25]}, "properties": {"value": 6.624, "time": "2025-12-16T06:00:00", "date": "2025-12-16", "hour": 6}}, {"type": "Feature", "geometry": {"type": "Point", "coordinates": [11.75, 54.25]}, "properties": {"value": 6.805, "time": "2025-12-16T06:00:00", "date": "2025-12-16", "hour": 6}}, {"type": "Feature", "geometry": {"type": "Point", "coordinates": [12.25, 54.25]}, "properties": {"value": 6.282, "time": "2025-12-16T06:00:00", "date": "2025-12-16", "hour": 6}}, {"type": "Feature", "geometry": {"type": "Point", "coordinates": [13.75, 54.25]}, "properties": {"value": 5.208, "time": "2025-12-16T06:00:00", "date": "2025-12-16", "hour": 6}}, {"type": "Feature", "geometry": {"type": "Point", "coordinates": [14.0, 54.25]}, "properties": {"value": 5.585, "time": "2025-12-16T06:00:00", "date": "2025-12-16", "hour": 6}}, {"type": "Feature", "geometry": {"type": "Point", "coordinates": [14.25, 54.25]}, "properties": {"value": 5.873, "time": "2025-12-16T06:00:00", "date": "2025-12-16", "hour": 6}}, {"type": "Feature", "geometry": {"type": "Point", "coordinates": [14.5, 54.25]}, "properties": {"value": 5.816, "time": "2025-12-16T06:00:00", "date": "2025-12-16", "hour": 6}}, {"type": "Feature", "geometry": {"type": "Point", "coordinates": [14.75, 54.25]}, "properties": {"value": 6.102, "time": "2025-12-16T06:00:00", "date": "2025-12-16", "hour": 6}}, {"type": "Feature", "geometry": {"type": "Point", "coordinates": [15.0, 54.25]}, "properties": {"value": 6.699, "time": "2025-12-16T06:00:00", "date": "2025-12-16", "hour": 6}}, {"type": "Feature", "geometry": {"type": "Point", "coordinates": [5.0, 54.5]}, "properties": {"value": 10.326, "time": "2025-12-16T06:00:00", "date": "2025-12-16", "hour": 6}}, {"type": "Feature", "geometry": {"type": "Point", "coordinates": [5.25, 54.5]}, "properties": {"value": 10.398, "time": "2025-12-16T06:00:00", "date": "2025-12-16", "hour": 6}}, {"type": "Feature", "geometry": {"type": "Point", "coordinates": [5.5, 54.5]}, "properties": {"value": 10.352, "time": "2025-12-16T06:00:00", "date": "2025-12-16", "hour": 6}}, {"type": "Feature", "geometry": {"type": "Point", "coordinates": [5.75, 54.5]}, "properties": {"value": 10.232, "time": "2025-12-16T06:00:00", "date": "2025-12-16", "hour": 6}}, {"type": "Feature", "geometry": {"type": "Point", "coordinates": [6.0, 54.5]}, "properties": {"value": 10.123, "time": "2025-12-16T06:00:00", "date": "2025-12-16", "hour": 6}}, {"type": "Feature", "geometry": {"type": "Point", "coordinates": [6.25, 54.5]}, "properties": {"value": 10.017, "time": "2025-12-16T06:00:00", "date": "2025-12-16", "hour": 6}}, {"type": "Feature", "geometry": {"type": "Point", "coordinates": [6.5, 54.5]}, "properties": {"value": 9.854, "time": "2025-12-16T06:00:00", "date": "2025-12-16", "hour": 6}}, {"type": "Feature", "geometry": {"type": "Point", "coordinates": [6.75, 54.5]}, "properties": {"value": 9.744, "time": "2025-12-16T06:00:00", "date": "2025-12-16", "hour": 6}}, {"type": "Feature", "geometry": {"type": "Point", "coordinates": [7.0, 54.5]}, "properties": {"value": 9.655, "time": "2025-12-16T06:00:00", "date": "2025-12-16", "hour": 6}}, {"type": "Feature", "geometry": {"type": "Point", "coordinates": [7.25, 54.5]}, "properties": {"value": 9.301, "time": "2025-12-16T06:00:00", "date": "2025-12-16", "hour": 6}}, {"type": "Feature", "geometry": {"type": "Point", "coordinates": [7.5, 54.5]}, "properties": {"value": 9.048, "time": "2025-12-16T06:00:00", "date": "2025-12-16", "hour": 6}}, {"type": "Feature", "geometry": {"type": "Point", "coordinates": [7.75, 54.5]}, "properties": {"value": 8.751, "time": "2025-12-16T06:00:00", "date": "2025-12-16", "hour": 6}}, {"type": "Feature", "geometry": {"type": "Point", "coordinates": [8.0, 54.5]}, "properties": {"value": 7.841, "time": "2025-12-16T06:00:00", "date": "2025-12-16", "hour": 6}}, {"type": "Feature", "geometry": {"type": "Point", "coordinates": [8.25, 54.5]}, "properties": {"value": 6.972, "time": "2025-12-16T06:00:00", "date": "2025-12-16", "hour": 6}}, {"type": "Feature", "geometry": {"type": "Point", "coordinates": [8.5, 54.5]}, "properties": {"value": 6.117, "time": "2025-12-16T06:00:00", "date": "2025-12-16", "hour": 6}}, {"type": "Feature", "geometry": {"type": "Point", "coordinates": [10.5, 54.5]}, "properties": {"value": 6.819, "time": "2025-12-16T06:00:00", "date": "2025-12-16", "hour": 6}}, {"type": "Feature", "geometry": {"type": "Point", "coordinates": [10.75, 54.5]}, "properties": {"value": 6.623, "time": "2025-12-16T06:00:00", "date": "2025-12-16", "hour": 6}}, {"type": "Feature", "geometry": {"type": "Point", "coordinates": [11.0, 54.5]}, "properties": {"value": 6.469, "time": "2025-12-16T06:00:00", "date": "2025-12-16", "hour": 6}}, {"type": "Feature", "geometry": {"type": "Point", "coordinates": [11.25, 54.5]}, "properties": {"value": 6.7, "time": "2025-12-16T06:00:00", "date": "2025-12-16", "hour": 6}}, {"type": "Feature", "geometry": {"type": "Point", "coordinates": [11.5, 54.5]}, "properties": {"value": 6.676, "time": "2025-12-16T06:00:00", "date": "2025-12-16", "hour": 6}}, {"type": "Feature", "geometry": {"type": "Point", "coordinates": [11.75, 54.5]}, "properties": {"value": 6.785, "time": "2025-12-16T06:00:00", "date": "2025-12-16", "hour": 6}}, {"type": "Feature", "geometry": {"type": "Point", "coordinates": [12.0, 54.5]}, "properties": {"value": 6.632, "time": "2025-12-16T06:00:00", "date": "2025-12-16", "hour": 6}}, {"type": "Feature", "geometry": {"type": "Point", "coordinates": [12.25, 54.5]}, "properties": {"value": 6.445, "time": "2025-12-16T06:00:00", "date": "2025-12-16", "hour": 6}}, {"type": "Feature", "geometry": {"type": "Point", "coordinates": [13.0, 54.5]}, "properties": {"value": 6.844, "time": "2025-12-16T06:00:00", "date": "2025-12-16", "hour": 6}}, {"type": "Feature", "geometry": {"type": "Point", "coordinates": [13.25, 54.5]}, "properties": {"value": 6.297, "time": "2025-12-16T06:00:00", "date": "2025-12-16", "hour": 6}}, {"type": "Feature", "geometry": {"type": "Point", "coordinates": [13.5, 54.5]}, "properties": {"value": 6.049, "time": "2025-12-16T06:00:00", "date": "2025-12-16", "hour": 6}}, {"type": "Feature", "geometry": {"type": "Point", "coordinates": [13.75, 54.5]}, "properties": {"value": 6.15, "time": "2025-12-16T06:00:00", "date": "2025-12-16", "hour": 6}}, {"type": "Feature", "geometry": {"type": "Point", "coordinates": [14.0, 54.5]}, "properties": {"value": 6.496, "time": "2025-12-16T06:00:00", "date": "2025-12-16", "hour": 6}}, {"type": "Feature", "geometry": {"type": "Point", "coordinates": [14.25, 54.5]}, "properties": {"value": 6.531, "time": "2025-12-16T06:00:00", "date": "2025-12-16", "hour": 6}}, {"type": "Feature", "geometry": {"type": "Point", "coordinates": [14.5, 54.5]}, "properties": {"value": 6.777, "time": "2025-12-16T06:00:00", "date": "2025-12-16", "hour": 6}}, {"type": "Feature", "geometry": {"type": "Point", "coordinates": [14.75, 54.5]}, "properties": {"value": 6.974, "time": "2025-12-16T06:00:00", "date": "2025-12-16", "hour": 6}}, {"type": "Feature", "geometry": {"type": "Point", "coordinates": [15.0, 54.5]}, "properties": {"value": 7.613, "time": "2025-12-16T06:00:00", "date": "2025-12-16", "hour": 6}}, {"type": "Feature", "geometry": {"type": "Point", "coordinates": [5.0, 54.75]}, "properties": {"value": 10.267, "time": "2025-12-16T06:00:00", "date": "2025-12-16", "hour": 6}}, {"type": "Feature", "geometry": {"type": "Point", "coordinates": [5.25, 54.75]}, "properties": {"value": 10.34, "time": "2025-12-16T06:00:00", "date": "2025-12-16", "hour": 6}}, {"type": "Feature", "geometry": {"type": "Point", "coordinates": [5.5, 54.75]}, "properties": {"value": 10.381, "time": "2025-12-16T06:00:00", "date": "2025-12-16", "hour": 6}}, {"type": "Feature", "geometry": {"type": "Point", "coordinates": [5.75, 54.75]}, "properties": {"value": 10.38, "time": "2025-12-16T06:00:00", "date": "2025-12-16", "hour": 6}}, {"type": "Feature", "geometry": {"type": "Point", "coordinates": [6.0, 54.75]}, "properties": {"value": 10.299, "time": "2025-12-16T06:00:00", "date": "2025-12-16", "hour": 6}}, {"type": "Feature", "geometry": {"type": "Point", "coordinates": [6.25, 54.75]}, "properties": {"value": 10.196, "time": "2025-12-16T06:00:00", "date": "2025-12-16", "hour": 6}}, {"type": "Feature", "geometry": {"type": "Point", "coordinates": [6.5, 54.75]}, "properties": {"value": 10.082, "time": "2025-12-16T06:00:00", "date": "2025-12-16", "hour": 6}}, {"type": "Feature", "geometry": {"type": "Point", "coordinates": [6.75, 54.75]}, "properties": {"value": 9.954, "time": "2025-12-16T06:00:00", "date": "2025-12-16", "hour": 6}}, {"type": "Feature", "geometry": {"type": "Point", "coordinates": [7.0, 54.75]}, "properties": {"value": 9.864, "time": "2025-12-16T06:00:00", "date": "2025-12-16", "hour": 6}}, {"type": "Feature", "geometry": {"type": "Point", "coordinates": [7.25, 54.75]}, "properties": {"value": 9.502, "time": "2025-12-16T06:00:00", "date": "2025-12-16", "hour": 6}}, {"type": "Feature", "geometry": {"type": "Point", "coordinates": [7.5, 54.75]}, "properties": {"value": 9.154, "time": "2025-12-16T06:00:00", "date": "2025-12-16", "hour": 6}}, {"type": "Feature", "geometry": {"type": "Point", "coordinates": [7.75, 54.75]}, "properties": {"value": 8.209, "time": "2025-12-16T06:00:00", "date": "2025-12-16", "hour": 6}}, {"type": "Feature", "geometry": {"type": "Point", "coordinates": [8.0, 54.75]}, "properties": {"value": 7.254, "time": "2025-12-16T06:00:00", "date": "2025-12-16", "hour": 6}}, {"type": "Feature", "geometry": {"type": "Point", "coordinates": [8.25, 54.75]}, "properties": {"value": 6.497, "time": "2025-12-16T06:00:00", "date": "2025-12-16", "hour": 6}}, {"type": "Feature", "geometry": {"type": "Point", "coordinates": [8.5, 54.75]}, "properties": {"value": 5.865, "time": "2025-12-16T06:00:00", "date": "2025-12-16", "hour": 6}}, {"type": "Feature", "geometry": {"type": "Point", "coordinates": [10.25, 54.75]}, "properties": {"value": 7.163, "time": "2025-12-16T06:00:00", "date": "2025-12-16", "hour": 6}}, {"type": "Feature", "geometry": {"type": "Point", "coordinates": [10.5, 54.75]}, "properties": {"value": 7.016, "time": "2025-12-16T06:00:00", "date": "2025-12-16", "hour": 6}}, {"type": "Feature", "geometry": {"type": "Point", "coordinates": [10.75, 54.75]}, "properties": {"value": 6.83, "time": "2025-12-16T06:00:00", "date": "2025-12-16", "hour": 6}}, {"type": "Feature", "geometry": {"type": "Point", "coordinates": [11.0, 54.75]}, "properties": {"value": 6.646, "time": "2025-12-16T06:00:00", "date": "2025-12-16", "hour": 6}}, {"type": "Feature", "geometry": {"type": "Point", "coordinates": [11.25, 54.75]}, "properties": {"value": 6.313, "time": "2025-12-16T06:00:00", "date": "2025-12-16", "hour": 6}}, {"type": "Feature", "geometry": {"type": "Point", "coordinates": [11.5, 54.75]}, "properties": {"value": 6.009, "time": "2025-12-16T06:00:00", "date": "2025-12-16", "hour": 6}}, {"type": "Feature", "geometry": {"type": "Point", "coordinates": [12.0, 54.75]}, "properties": {"value": 6.154, "time": "2025-12-16T06:00:00", "date": "2025-12-16", "hour": 6}}, {"type": "Feature", "geometry": {"type": "Point", "coordinates": [12.25, 54.75]}, "properties": {"value": 6.574, "time": "2025-12-16T06:00:00", "date": "2025-12-16", "hour": 6}}, {"type": "Feature", "geometry": {"type": "Point", "coordinates": [12.5, 54.75]}, "properties": {"value": 6.943, "time": "2025-12-16T06:00:00", "date": "2025-12-16", "hour": 6}}, {"type": "Feature", "geometry": {"type": "Point", "coordinates": [12.75, 54.75]}, "properties": {"value": 7.042, "time": "2025-12-16T06:00:00", "date": "2025-12-16", "hour": 6}}, {"type": "Feature", "geometry": {"type": "Point", "coordinates": [13.0, 54.75]}, "properties": {"value": 6.97, "time": "2025-12-16T06:00:00", "date": "2025-12-16", "hour": 6}}, {"type": "Feature", "geometry": {"type": "Point", "coordinates": [13.25, 54.75]}, "properties": {"value": 6.999, "time": "2025-12-16T06:00:00", "date": "2025-12-16", "hour": 6}}, {"type": "Feature", "geometry": {"type": "Point", "coordinates": [13.5, 54.75]}, "properties": {"value": 7.044, "time": "2025-12-16T06:00:00", "date": "2025-12-16", "hour": 6}}, {"type": "Feature", "geometry": {"type": "Point", "coordinates": [13.75, 54.75]}, "properties": {"value": 7.144, "time": "2025-12-16T06:00:00", "date": "2025-12-16", "hour": 6}}, {"type": "Feature", "geometry": {"type": "Point", "coordinates": [14.0, 54.75]}, "properties": {"value": 7.238, "time": "2025-12-16T06:00:00", "date": "2025-12-16", "hour": 6}}, {"type": "Feature", "geometry": {"type": "Point", "coordinates": [14.25, 54.75]}, "properties": {"value": 7.402, "time": "2025-12-16T06:00:00", "date": "2025-12-16", "hour": 6}}, {"type": "Feature", "geometry": {"type": "Point", "coordinates": [14.5, 54.75]}, "properties": {"value": 7.803, "time": "2025-12-16T06:00:00", "date": "2025-12-16", "hour": 6}}, {"type": "Feature", "geometry": {"type": "Point", "coordinates": [14.75, 54.75]}, "properties": {"value": 7.963, "time": "2025-12-16T06:00:00", "date": "2025-12-16", "hour": 6}}, {"type": "Feature", "geometry": {"type": "Point", "coordinates": [15.0, 54.75]}, "properties": {"value": 8.052, "time": "2025-12-16T06:00:00", "date": "2025-12-16", "hour": 6}}, {"type": "Feature", "geometry": {"type": "Point", "coordinates": [5.0, 55.0]}, "properties": {"value": 10.113, "time": "2025-12-16T06:00:00", "date": "2025-12-16", "hour": 6}}, {"type": "Feature", "geometry": {"type": "Point", "coordinates": [5.25, 55.0]}, "properties": {"value": 10.274, "time": "2025-12-16T06:00:00", "date": "2025-12-16", "hour": 6}}, {"type": "Feature", "geometry": {"type": "Point", "coordinates": [5.5, 55.0]}, "properties": {"value": 10.323, "time": "2025-12-16T06:00:00", "date": "2025-12-16", "hour": 6}}, {"type": "Feature", "geometry": {"type": "Point", "coordinates": [5.75, 55.0]}, "properties": {"value": 10.323, "time": "2025-12-16T06:00:00", "date": "2025-12-16", "hour": 6}}, {"type": "Feature", "geometry": {"type": "Point", "coordinates": [6.0, 55.0]}, "properties": {"value": 10.274, "time": "2025-12-16T06:00:00", "date": "2025-12-16", "hour": 6}}, {"type": "Feature", "geometry": {"type": "Point", "coordinates": [6.25, 55.0]}, "properties": {"value": 10.224, "time": "2025-12-16T06:00:00", "date": "2025-12-16", "hour": 6}}, {"type": "Feature", "geometry": {"type": "Point", "coordinates": [6.5, 55.0]}, "properties": {"value": 10.116, "time": "2025-12-16T06:00:00", "date": "2025-12-16", "hour": 6}}, {"type": "Feature", "geometry": {"type": "Point", "coordinates": [6.75, 55.0]}, "properties": {"value": 9.98, "time": "2025-12-16T06:00:00", "date": "2025-12-16", "hour": 6}}, {"type": "Feature", "geometry": {"type": "Point", "coordinates": [7.0, 55.0]}, "properties": {"value": 9.81, "time": "2025-12-16T06:00:00", "date": "2025-12-16", "hour": 6}}, {"type": "Feature", "geometry": {"type": "Point", "coordinates": [7.25, 55.0]}, "properties": {"value": 9.486, "time": "2025-12-16T06:00:00", "date": "2025-12-16", "hour": 6}}, {"type": "Feature", "geometry": {"type": "Point", "coordinates": [7.5, 55.0]}, "properties": {"value": 9.176, "time": "2025-12-16T06:00:00", "date": "2025-12-16", "hour": 6}}, {"type": "Feature", "geometry": {"type": "Point", "coordinates": [7.75, 55.0]}, "properties": {"value": 8.262, "time": "2025-12-16T06:00:00", "date": "2025-12-16", "hour": 6}}, {"type": "Feature", "geometry": {"type": "Point", "coordinates": [8.0, 55.0]}, "properties": {"value": 7.421, "time": "2025-12-16T06:00:00", "date": "2025-12-16", "hour": 6}}, {"type": "Feature", "geometry": {"type": "Point", "coordinates": [8.25, 55.0]}, "properties": {"value": 6.589, "time": "2025-12-16T06:00:00", "date": "2025-12-16", "hour": 6}}, {"type": "Feature", "geometry": {"type": "Point", "coordinates": [8.5, 55.0]}, "properties": {"value": 5.959, "time": "2025-12-16T06:00:00", "date": "2025-12-16", "hour": 6}}, {"type": "Feature", "geometry": {"type": "Point", "coordinates": [10.25, 55.0]}, "properties": {"value": 7.051, "time": "2025-12-16T06:00:00", "date": "2025-12-16", "hour": 6}}, {"type": "Feature", "geometry": {"type": "Point", "coordinates": [10.5, 55.0]}, "properties": {"value": 6.888, "time": "2025-12-16T06:00:00", "date": "2025-12-16", "hour": 6}}, {"type": "Feature", "geometry": {"type": "Point", "coordinates": [10.75, 55.0]}, "properties": {"value": 6.727, "time": "2025-12-16T06:00:00", "date": "2025-12-16", "hour": 6}}, {"type": "Feature", "geometry": {"type": "Point", "coordinates": [11.0, 55.0]}, "properties": {"value": 6.484, "time": "2025-12-16T06:00:00", "date": "2025-12-16", "hour": 6}}, {"type": "Feature", "geometry": {"type": "Point", "coordinates": [11.25, 55.0]}, "properties": {"value": 6.052, "time": "2025-12-16T06:00:00", "date": "2025-12-16", "hour": 6}}, {"type": "Feature", "geometry": {"type": "Point", "coordinates": [11.5, 55.0]}, "properties": {"value": 5.719, "time": "2025-12-16T06:00:00", "date": "2025-12-16", "hour": 6}}, {"type": "Feature", "geometry": {"type": "Point", "coordinates": [11.75, 55.0]}, "properties": {"value": 5.292, "time": "2025-12-16T06:00:00", "date": "2025-12-16", "hour": 6}}, {"type": "Feature", "geometry": {"type": "Point", "coordinates": [12.0, 55.0]}, "properties": {"value": 5.625, "time": "2025-12-16T06:00:00", "date": "2025-12-16", "hour": 6}}, {"type": "Feature", "geometry": {"type": "Point", "coordinates": [12.25, 55.0]}, "properties": {"value": 6.174, "time": "2025-12-16T06:00:00", "date": "2025-12-16", "hour": 6}}, {"type": "Feature", "geometry": {"type": "Point", "coordinates": [12.5, 55.0]}, "properties": {"value": 7.017, "time": "2025-12-16T06:00:00", "date": "2025-12-16", "hour": 6}}, {"type": "Feature", "geometry": {"type": "Point", "coordinates": [12.75, 55.0]}, "properties": {"value": 7.281, "time": "2025-12-16T06:00:00", "date": "2025-12-16", "hour": 6}}, {"type": "Feature", "geometry": {"type": "Point", "coordinates": [13.0, 55.0]}, "properties": {"value": 7.358, "time": "2025-12-16T06:00:00", "date": "2025-12-16", "hour": 6}}, {"type": "Feature", "geometry": {"type": "Point", "coordinates": [13.25, 55.0]}, "properties": {"value": 7.385, "time": "2025-12-16T06:00:00", "date": "2025-12-16", "hour": 6}}, {"type": "Feature", "geometry": {"type": "Point", "coordinates": [13.5, 55.0]}, "properties": {"value": 7.365, "time": "2025-12-16T06:00:00", "date": "2025-12-16", "hour": 6}}, {"type": "Feature", "geometry": {"type": "Point", "coordinates": [13.75, 55.0]}, "properties": {"value": 7.413, "time": "2025-12-16T06:00:00", "date": "2025-12-16", "hour": 6}}, {"type": "Feature", "geometry": {"type": "Point", "coordinates": [14.0, 55.0]}, "properties": {"value": 7.438, "time": "2025-12-16T06:00:00", "date": "2025-12-16", "hour": 6}}, {"type": "Feature", "geometry": {"type": "Point", "coordinates": [14.25, 55.0]}, "properties": {"value": 7.563, "time": "2025-12-16T06:00:00", "date": "2025-12-16", "hour": 6}}, {"type": "Feature", "geometry": {"type": "Point", "coordinates": [14.5, 55.0]}, "properties": {"value": 7.666, "time": "2025-12-16T06:00:00", "date": "2025-12-16", "hour": 6}}, {"type": "Feature", "geometry": {"type": "Point", "coordinates": [14.75, 55.0]}, "properties": {"value": 7.713, "time": "2025-12-16T06:00:00", "date": "2025-12-16", "hour": 6}}, {"type": "Feature", "geometry": {"type": "Point", "coordinates": [15.0, 55.0]}, "properties": {"value": 7.778, "time": "2025-12-16T06:00:00", "date": "2025-12-16", "hour": 6}}, {"type": "Feature", "geometry": {"type": "Point", "coordinates": [5.25, 52.75]}, "properties": {"value": 6.812, "time": "2025-12-16T07:00:00", "date": "2025-12-16", "hour": 7}}, {"type": "Feature", "geometry": {"type": "Point", "coordinates": [5.5, 52.75]}, "properties": {"value": 6.813, "time": "2025-12-16T07:00:00", "date": "2025-12-16", "hour": 7}}, {"type": "Feature", "geometry": {"type": "Point", "coordinates": [5.0, 53.0]}, "properties": {"value": 7.319, "time": "2025-12-16T07:00:00", "date": "2025-12-16", "hour": 7}}, {"type": "Feature", "geometry": {"type": "Point", "coordinates": [5.25, 53.0]}, "properties": {"value": 7.042, "time": "2025-12-16T07:00:00", "date": "2025-12-16", "hour": 7}}, {"type": "Feature", "geometry": {"type": "Point", "coordinates": [5.5, 53.0]}, "properties": {"value": 6.799, "time": "2025-12-16T07:00:00", "date": "2025-12-16", "hour": 7}}, {"type": "Feature", "geometry": {"type": "Point", "coordinates": [5.0, 53.25]}, "properties": {"value": 8.008, "time": "2025-12-16T07:00:00", "date": "2025-12-16", "hour": 7}}, {"type": "Feature", "geometry": {"type": "Point", "coordinates": [5.25, 53.25]}, "properties": {"value": 7.442, "time": "2025-12-16T07:00:00", "date": "2025-12-16", "hour": 7}}, {"type": "Feature", "geometry": {"type": "Point", "coordinates": [5.5, 53.25]}, "properties": {"value": 7.099, "time": "2025-12-16T07:00:00", "date": "2025-12-16", "hour": 7}}, {"type": "Feature", "geometry": {"type": "Point", "coordinates": [5.0, 53.5]}, "properties": {"value": 9.558, "time": "2025-12-16T07:00:00", "date": "2025-12-16", "hour": 7}}, {"type": "Feature", "geometry": {"type": "Point", "coordinates": [5.25, 53.5]}, "properties": {"value": 8.981, "time": "2025-12-16T07:00:00", "date": "2025-12-16", "hour": 7}}, {"type": "Feature", "geometry": {"type": "Point", "coordinates": [5.5, 53.5]}, "properties": {"value": 8.797, "time": "2025-12-16T07:00:00", "date": "2025-12-16", "hour": 7}}, {"type": "Feature", "geometry": {"type": "Point", "coordinates": [5.75, 53.5]}, "properties": {"value": 8.375, "time": "2025-12-16T07:00:00", "date": "2025-12-16", "hour": 7}}, {"type": "Feature", "geometry": {"type": "Point", "coordinates": [6.0, 53.5]}, "properties": {"value": 8.022, "time": "2025-12-16T07:00:00", "date": "2025-12-16", "hour": 7}}, {"type": "Feature", "geometry": {"type": "Point", "coordinates": [6.25, 53.5]}, "properties": {"value": 7.727, "time": "2025-12-16T07:00:00", "date": "2025-12-16", "hour": 7}}, {"type": "Feature", "geometry": {"type": "Point", "coordinates": [6.5, 53.5]}, "properties": {"value": 7.554, "time": "2025-12-16T07:00:00", "date": "2025-12-16", "hour": 7}}, {"type": "Feature", "geometry": {"type": "Point", "coordinates": [6.75, 53.5]}, "properties": {"value": 7.247, "time": "2025-12-16T07:00:00", "date": "2025-12-16", "hour": 7}}, {"type": "Feature", "geometry": {"type": "Point", "coordinates": [5.0, 53.75]}, "properties": {"value": 10.229, "time": "2025-12-16T07:00:00", "date": "2025-12-16", "hour": 7}}, {"type": "Feature", "geometry": {"type": "Point", "coordinates": [5.25, 53.75]}, "properties": {"value": 9.866, "time": "2025-12-16T07:00:00", "date": "2025-12-16", "hour": 7}}, {"type": "Feature", "geometry": {"type": "Point", "coordinates": [5.5, 53.75]}, "properties": {"value": 9.563, "time": "2025-12-16T07:00:00", "date": "2025-12-16", "hour": 7}}, {"type": "Feature", "geometry": {"type": "Point", "coordinates": [5.75, 53.75]}, "properties": {"value": 9.251, "time": "2025-12-16T07:00:00", "date": "2025-12-16", "hour": 7}}, {"type": "Feature", "geometry": {"type": "Point", "coordinates": [6.0, 53.75]}, "properties": {"value": 8.924, "time": "2025-12-16T07:00:00", "date": "2025-12-16", "hour": 7}}, {"type": "Feature", "geometry": {"type": "Point", "coordinates": [6.25, 53.75]}, "properties": {"value": 8.53, "time": "2025-12-16T07:00:00", "date": "2025-12-16", "hour": 7}}, {"type": "Feature", "geometry": {"type": "Point", "coordinates": [6.5, 53.75]}, "properties": {"value": 8.097, "time": "2025-12-16T07:00:00", "date": "2025-12-16", "hour": 7}}, {"type": "Feature", "geometry": {"type": "Point", "coordinates": [6.75, 53.75]}, "properties": {"value": 7.733, "time": "2025-12-16T07:00:00", "date": "2025-12-16", "hour": 7}}, {"type": "Feature", "geometry": {"type": "Point", "coordinates": [7.0, 53.75]}, "properties": {"value": 7.699, "time": "2025-12-16T07:00:00", "date": "2025-12-16", "hour": 7}}, {"type": "Feature", "geometry": {"type": "Point", "coordinates": [7.25, 53.75]}, "properties": {"value": 7.42, "time": "2025-12-16T07:00:00", "date": "2025-12-16", "hour": 7}}, {"type": "Feature", "geometry": {"type": "Point", "coordinates": [7.5, 53.75]}, "properties": {"value": 7.347, "time": "2025-12-16T07:00:00", "date": "2025-12-16", "hour": 7}}, {"type": "Feature", "geometry": {"type": "Point", "coordinates": [7.75, 53.75]}, "properties": {"value": 7.335, "time": "2025-12-16T07:00:00", "date": "2025-12-16", "hour": 7}}, {"type": "Feature", "geometry": {"type": "Point", "coordinates": [8.0, 53.75]}, "properties": {"value": 7.199, "time": "2025-12-16T07:00:00", "date": "2025-12-16", "hour": 7}}, {"type": "Feature", "geometry": {"type": "Point", "coordinates": [8.25, 53.75]}, "properties": {"value": 6.78, "time": "2025-12-16T07:00:00", "date": "2025-12-16", "hour": 7}}, {"type": "Feature", "geometry": {"type": "Point", "coordinates": [8.5, 53.75]}, "properties": {"value": 6.318, "time": "2025-12-16T07:00:00", "date": "2025-12-16", "hour": 7}}, {"type": "Feature", "geometry": {"type": "Point", "coordinates": [8.75, 53.75]}, "properties": {"value": 6.318, "time": "2025-12-16T07:00:00", "date": "2025-12-16", "hour": 7}}, {"type": "Feature", "geometry": {"type": "Point", "coordinates": [14.25, 53.75]}, "properties": {"value": 4.019, "time": "2025-12-16T07:00:00", "date": "2025-12-16", "hour": 7}}, {"type": "Feature", "geometry": {"type": "Point", "coordinates": [14.5, 53.75]}, "properties": {"value": 4.019, "time": "2025-12-16T07:00:00", "date": "2025-12-16", "hour": 7}}, {"type": "Feature", "geometry": {"type": "Point", "coordinates": [5.0, 54.0]}, "properties": {"value": 10.358, "time": "2025-12-16T07:00:00", "date": "2025-12-16", "hour": 7}}, {"type": "Feature", "geometry": {"type": "Point", "coordinates": [5.25, 54.0]}, "properties": {"value": 10.289, "time": "2025-12-16T07:00:00", "date": "2025-12-16", "hour": 7}}, {"type": "Feature", "geometry": {"type": "Point", "coordinates": [5.5, 54.0]}, "properties": {"value": 9.988, "time": "2025-12-16T07:00:00", "date": "2025-12-16", "hour": 7}}, {"type": "Feature", "geometry": {"type": "Point", "coordinates": [5.75, 54.0]}, "properties": {"value": 9.715, "time": "2025-12-16T07:00:00", "date": "2025-12-16", "hour": 7}}, {"type": "Feature", "geometry": {"type": "Point", "coordinates": [6.0, 54.0]}, "properties": {"value": 9.437, "time": "2025-12-16T07:00:00", "date": "2025-12-16", "hour": 7}}, {"type": "Feature", "geometry": {"type": "Point", "coordinates": [6.25, 54.0]}, "properties": {"value": 9.104, "time": "2025-12-16T07:00:00", "date": "2025-12-16", "hour": 7}}, {"type": "Feature", "geometry": {"type": "Point", "coordinates": [6.5, 54.0]}, "properties": {"value": 8.729, "time": "2025-12-16T07:00:00", "date": "2025-12-16", "hour": 7}}, {"type": "Feature", "geometry": {"type": "Point", "coordinates": [6.75, 54.0]}, "properties": {"value": 8.619, "time": "2025-12-16T07:00:00", "date": "2025-12-16", "hour": 7}}, {"type": "Feature", "geometry": {"type": "Point", "coordinates": [7.0, 54.0]}, "properties": {"value": 8.61, "time": "2025-12-16T07:00:00", "date": "2025-12-16", "hour": 7}}, {"type": "Feature", "geometry": {"type": "Point", "coordinates": [7.25, 54.0]}, "properties": {"value": 8.44, "time": "2025-12-16T07:00:00", "date": "2025-12-16", "hour": 7}}, {"type": "Feature", "geometry": {"type": "Point", "coordinates": [7.5, 54.0]}, "properties": {"value": 8.324, "time": "2025-12-16T07:00:00", "date": "2025-12-16", "hour": 7}}, {"type": "Feature", "geometry": {"type": "Point", "coordinates": [7.75, 54.0]}, "properties": {"value": 8.191, "time": "2025-12-16T07:00:00", "date": "2025-12-16", "hour": 7}}, {"type": "Feature", "geometry": {"type": "Point", "coordinates": [8.0, 54.0]}, "properties": {"value": 8.098, "time": "2025-12-16T07:00:00", "date": "2025-12-16", "hour": 7}}, {"type": "Feature", "geometry": {"type": "Point", "coordinates": [8.25, 54.0]}, "properties": {"value": 7.782, "time": "2025-12-16T07:00:00", "date": "2025-12-16", "hour": 7}}, {"type": "Feature", "geometry": {"type": "Point", "coordinates": [8.5, 54.0]}, "properties": {"value": 6.801, "time": "2025-12-16T07:00:00", "date": "2025-12-16", "hour": 7}}, {"type": "Feature", "geometry": {"type": "Point", "coordinates": [11.25, 54.0]}, "properties": {"value": 6.357, "time": "2025-12-16T07:00:00", "date": "2025-12-16", "hour": 7}}, {"type": "Feature", "geometry": {"type": "Point", "coordinates": [14.0, 54.0]}, "properties": {"value": 5.063, "time": "2025-12-16T07:00:00", "date": "2025-12-16", "hour": 7}}, {"type": "Feature", "geometry": {"type": "Point", "coordinates": [14.25, 54.0]}, "properties": {"value": 5.53, "time": "2025-12-16T07:00:00", "date": "2025-12-16", "hour": 7}}, {"type": "Feature", "geometry": {"type": "Point", "coordinates": [14.5, 54.0]}, "properties": {"value": 5.315, "time": "2025-12-16T07:00:00", "date": "2025-12-16", "hour": 7}}, {"type": "Feature", "geometry": {"type": "Point", "coordinates": [14.75, 54.0]}, "properties": {"value": 5.745, "time": "2025-12-16T07:00:00", "date": "2025-12-16", "hour": 7}}, {"type": "Feature", "geometry": {"type": "Point", "coordinates": [5.0, 54.25]}, "properties": {"value": 10.358, "time": "2025-12-16T07:00:00", "date": "2025-12-16", "hour": 7}}, {"type": "Feature", "geometry": {"type": "Point", "coordinates": [5.25, 54.25]}, "properties": {"value": 10.323, "time": "2025-12-16T07:00:00", "date": "2025-12-16", "hour": 7}}, {"type": "Feature", "geometry": {"type": "Point", "coordinates": [5.5, 54.25]}, "properties": {"value": 10.215, "time": "2025-12-16T07:00:00", "date": "2025-12-16", "hour": 7}}, {"type": "Feature", "geometry": {"type": "Point", "coordinates": [5.75, 54.25]}, "properties": {"value": 9.978, "time": "2025-12-16T07:00:00", "date": "2025-12-16", "hour": 7}}, {"type": "Feature", "geometry": {"type": "Point", "coordinates": [6.0, 54.25]}, "properties": {"value": 9.837, "time": "2025-12-16T07:00:00", "date": "2025-12-16", "hour": 7}}, {"type": "Feature", "geometry": {"type": "Point", "coordinates": [6.25, 54.25]}, "properties": {"value": 9.578, "time": "2025-12-16T07:00:00", "date": "2025-12-16", "hour": 7}}, {"type": "Feature", "geometry": {"type": "Point", "coordinates": [6.5, 54.25]}, "properties": {"value": 9.419, "time": "2025-12-16T07:00:00", "date": "2025-12-16", "hour": 7}}, {"type": "Feature", "geometry": {"type": "Point", "coordinates": [6.75, 54.25]}, "properties": {"value": 9.317, "time": "2025-12-16T07:00:00", "date": "2025-12-16", "hour": 7}}, {"type": "Feature", "geometry": {"type": "Point", "coordinates": [7.0, 54.25]}, "properties": {"value": 9.259, "time": "2025-12-16T07:00:00", "date": "2025-12-16", "hour": 7}}, {"type": "Feature", "geometry": {"type": "Point", "coordinates": [7.25, 54.25]}, "properties": {"value": 9.112, "time": "2025-12-16T07:00:00", "date": "2025-12-16", "hour": 7}}, {"type": "Feature", "geometry": {"type": "Point", "coordinates": [7.5, 54.25]}, "properties": {"value": 8.909, "time": "2025-12-16T07:00:00", "date": "2025-12-16", "hour": 7}}, {"type": "Feature", "geometry": {"type": "Point", "coordinates": [7.75, 54.25]}, "properties": {"value": 8.648, "time": "2025-12-16T07:00:00", "date": "2025-12-16", "hour": 7}}, {"type": "Feature", "geometry": {"type": "Point", "coordinates": [8.0, 54.25]}, "properties": {"value": 8.501, "time": "2025-12-16T07:00:00", "date": "2025-12-16", "hour": 7}}, {"type": "Feature", "geometry": {"type": "Point", "coordinates": [8.25, 54.25]}, "properties": {"value": 7.519, "time": "2025-12-16T07:00:00", "date": "2025-12-16", "hour": 7}}, {"type": "Feature", "geometry": {"type": "Point", "coordinates": [8.5, 54.25]}, "properties": {"value": 6.558, "time": "2025-12-16T07:00:00", "date": "2025-12-16", "hour": 7}}, {"type": "Feature", "geometry": {"type": "Point", "coordinates": [10.75, 54.25]}, "properties": {"value": 6.417, "time": "2025-12-16T07:00:00", "date": "2025-12-16", "hour": 7}}, {"type": "Feature", "geometry": {"type": "Point", "coordinates": [11.25, 54.25]}, "properties": {"value": 6.624, "time": "2025-12-16T07:00:00", "date": "2025-12-16", "hour": 7}}, {"type": "Feature", "geometry": {"type": "Point", "coordinates": [11.75, 54.25]}, "properties": {"value": 6.805, "time": "2025-12-16T07:00:00", "date": "2025-12-16", "hour": 7}}, {"type": "Feature", "geometry": {"type": "Point", "coordinates": [12.25, 54.25]}, "properties": {"value": 6.282, "time": "2025-12-16T07:00:00", "date": "2025-12-16", "hour": 7}}, {"type": "Feature", "geometry": {"type": "Point", "coordinates": [13.75, 54.25]}, "properties": {"value": 5.208, "time": "2025-12-16T07:00:00", "date": "2025-12-16", "hour": 7}}, {"type": "Feature", "geometry": {"type": "Point", "coordinates": [14.0, 54.25]}, "properties": {"value": 5.585, "time": "2025-12-16T07:00:00", "date": "2025-12-16", "hour": 7}}, {"type": "Feature", "geometry": {"type": "Point", "coordinates": [14.25, 54.25]}, "properties": {"value": 5.873, "time": "2025-12-16T07:00:00", "date": "2025-12-16", "hour": 7}}, {"type": "Feature", "geometry": {"type": "Point", "coordinates": [14.5, 54.25]}, "properties": {"value": 5.816, "time": "2025-12-16T07:00:00", "date": "2025-12-16", "hour": 7}}, {"type": "Feature", "geometry": {"type": "Point", "coordinates": [14.75, 54.25]}, "properties": {"value": 6.102, "time": "2025-12-16T07:00:00", "date": "2025-12-16", "hour": 7}}, {"type": "Feature", "geometry": {"type": "Point", "coordinates": [15.0, 54.25]}, "properties": {"value": 6.699, "time": "2025-12-16T07:00:00", "date": "2025-12-16", "hour": 7}}, {"type": "Feature", "geometry": {"type": "Point", "coordinates": [5.0, 54.5]}, "properties": {"value": 10.326, "time": "2025-12-16T07:00:00", "date": "2025-12-16", "hour": 7}}, {"type": "Feature", "geometry": {"type": "Point", "coordinates": [5.25, 54.5]}, "properties": {"value": 10.398, "time": "2025-12-16T07:00:00", "date": "2025-12-16", "hour": 7}}, {"type": "Feature", "geometry": {"type": "Point", "coordinates": [5.5, 54.5]}, "properties": {"value": 10.352, "time": "2025-12-16T07:00:00", "date": "2025-12-16", "hour": 7}}, {"type": "Feature", "geometry": {"type": "Point", "coordinates": [5.75, 54.5]}, "properties": {"value": 10.232, "time": "2025-12-16T07:00:00", "date": "2025-12-16", "hour": 7}}, {"type": "Feature", "geometry": {"type": "Point", "coordinates": [6.0, 54.5]}, "properties": {"value": 10.123, "time": "2025-12-16T07:00:00", "date": "2025-12-16", "hour": 7}}, {"type": "Feature", "geometry": {"type": "Point", "coordinates": [6.25, 54.5]}, "properties": {"value": 10.017, "time": "2025-12-16T07:00:00", "date": "2025-12-16", "hour": 7}}, {"type": "Feature", "geometry": {"type": "Point", "coordinates": [6.5, 54.5]}, "properties": {"value": 9.854, "time": "2025-12-16T07:00:00", "date": "2025-12-16", "hour": 7}}, {"type": "Feature", "geometry": {"type": "Point", "coordinates": [6.75, 54.5]}, "properties": {"value": 9.744, "time": "2025-12-16T07:00:00", "date": "2025-12-16", "hour": 7}}, {"type": "Feature", "geometry": {"type": "Point", "coordinates": [7.0, 54.5]}, "properties": {"value": 9.655, "time": "2025-12-16T07:00:00", "date": "2025-12-16", "hour": 7}}, {"type": "Feature", "geometry": {"type": "Point", "coordinates": [7.25, 54.5]}, "properties": {"value": 9.301, "time": "2025-12-16T07:00:00", "date": "2025-12-16", "hour": 7}}, {"type": "Feature", "geometry": {"type": "Point", "coordinates": [7.5, 54.5]}, "properties": {"value": 9.048, "time": "2025-12-16T07:00:00", "date": "2025-12-16", "hour": 7}}, {"type": "Feature", "geometry": {"type": "Point", "coordinates": [7.75, 54.5]}, "properties": {"value": 8.751, "time": "2025-12-16T07:00:00", "date": "2025-12-16", "hour": 7}}, {"type": "Feature", "geometry": {"type": "Point", "coordinates": [8.0, 54.5]}, "properties": {"value": 7.841, "time": "2025-12-16T07:00:00", "date": "2025-12-16", "hour": 7}}, {"type": "Feature", "geometry": {"type": "Point", "coordinates": [8.25, 54.5]}, "properties": {"value": 6.972, "time": "2025-12-16T07:00:00", "date": "2025-12-16", "hour": 7}}, {"type": "Feature", "geometry": {"type": "Point", "coordinates": [8.5, 54.5]}, "properties": {"value": 6.117, "time": "2025-12-16T07:00:00", "date": "2025-12-16", "hour": 7}}, {"type": "Feature", "geometry": {"type": "Point", "coordinates": [10.5, 54.5]}, "properties": {"value": 6.819, "time": "2025-12-16T07:00:00", "date": "2025-12-16", "hour": 7}}, {"type": "Feature", "geometry": {"type": "Point", "coordinates": [10.75, 54.5]}, "properties": {"value": 6.623, "time": "2025-12-16T07:00:00", "date": "2025-12-16", "hour": 7}}, {"type": "Feature", "geometry": {"type": "Point", "coordinates": [11.0, 54.5]}, "properties": {"value": 6.469, "time": "2025-12-16T07:00:00", "date": "2025-12-16", "hour": 7}}, {"type": "Feature", "geometry": {"type": "Point", "coordinates": [11.25, 54.5]}, "properties": {"value": 6.7, "time": "2025-12-16T07:00:00", "date": "2025-12-16", "hour": 7}}, {"type": "Feature", "geometry": {"type": "Point", "coordinates": [11.5, 54.5]}, "properties": {"value": 6.676, "time": "2025-12-16T07:00:00", "date": "2025-12-16", "hour": 7}}, {"type": "Feature", "geometry": {"type": "Point", "coordinates": [11.75, 54.5]}, "properties": {"value": 6.785, "time": "2025-12-16T07:00:00", "date": "2025-12-16", "hour": 7}}, {"type": "Feature", "geometry": {"type": "Point", "coordinates": [12.0, 54.5]}, "properties": {"value": 6.632, "time": "2025-12-16T07:00:00", "date": "2025-12-16", "hour": 7}}, {"type": "Feature", "geometry": {"type": "Point", "coordinates": [12.25, 54.5]}, "properties": {"value": 6.445, "time": "2025-12-16T07:00:00", "date": "2025-12-16", "hour": 7}}, {"type": "Feature", "geometry": {"type": "Point", "coordinates": [13.0, 54.5]}, "properties": {"value": 6.844, "time": "2025-12-16T07:00:00", "date": "2025-12-16", "hour": 7}}, {"type": "Feature", "geometry": {"type": "Point", "coordinates": [13.25, 54.5]}, "properties": {"value": 6.297, "time": "2025-12-16T07:00:00", "date": "2025-12-16", "hour": 7}}, {"type": "Feature", "geometry": {"type": "Point", "coordinates": [13.5, 54.5]}, "properties": {"value": 6.049, "time": "2025-12-16T07:00:00", "date": "2025-12-16", "hour": 7}}, {"type": "Feature", "geometry": {"type": "Point", "coordinates": [13.75, 54.5]}, "properties": {"value": 6.15, "time": "2025-12-16T07:00:00", "date": "2025-12-16", "hour": 7}}, {"type": "Feature", "geometry": {"type": "Point", "coordinates": [14.0, 54.5]}, "properties": {"value": 6.496, "time": "2025-12-16T07:00:00", "date": "2025-12-16", "hour": 7}}, {"type": "Feature", "geometry": {"type": "Point", "coordinates": [14.25, 54.5]}, "properties": {"value": 6.531, "time": "2025-12-16T07:00:00", "date": "2025-12-16", "hour": 7}}, {"type": "Feature", "geometry": {"type": "Point", "coordinates": [14.5, 54.5]}, "properties": {"value": 6.777, "time": "2025-12-16T07:00:00", "date": "2025-12-16", "hour": 7}}, {"type": "Feature", "geometry": {"type": "Point", "coordinates": [14.75, 54.5]}, "properties": {"value": 6.974, "time": "2025-12-16T07:00:00", "date": "2025-12-16", "hour": 7}}, {"type": "Feature", "geometry": {"type": "Point", "coordinates": [15.0, 54.5]}, "properties": {"value": 7.613, "time": "2025-12-16T07:00:00", "date": "2025-12-16", "hour": 7}}, {"type": "Feature", "geometry": {"type": "Point", "coordinates": [5.0, 54.75]}, "properties": {"value": 10.267, "time": "2025-12-16T07:00:00", "date": "2025-12-16", "hour": 7}}, {"type": "Feature", "geometry": {"type": "Point", "coordinates": [5.25, 54.75]}, "properties": {"value": 10.34, "time": "2025-12-16T07:00:00", "date": "2025-12-16", "hour": 7}}, {"type": "Feature", "geometry": {"type": "Point", "coordinates": [5.5, 54.75]}, "properties": {"value": 10.381, "time": "2025-12-16T07:00:00", "date": "2025-12-16", "hour": 7}}, {"type": "Feature", "geometry": {"type": "Point", "coordinates": [5.75, 54.75]}, "properties": {"value": 10.38, "time": "2025-12-16T07:00:00", "date": "2025-12-16", "hour": 7}}, {"type": "Feature", "geometry": {"type": "Point", "coordinates": [6.0, 54.75]}, "properties": {"value": 10.299, "time": "2025-12-16T07:00:00", "date": "2025-12-16", "hour": 7}}, {"type": "Feature", "geometry": {"type": "Point", "coordinates": [6.25, 54.75]}, "properties": {"value": 10.196, "time": "2025-12-16T07:00:00", "date": "2025-12-16", "hour": 7}}, {"type": "Feature", "geometry": {"type": "Point", "coordinates": [6.5, 54.75]}, "properties": {"value": 10.082, "time": "2025-12-16T07:00:00", "date": "2025-12-16", "hour": 7}}, {"type": "Feature", "geometry": {"type": "Point", "coordinates": [6.75, 54.75]}, "properties": {"value": 9.954, "time": "2025-12-16T07:00:00", "date": "2025-12-16", "hour": 7}}, {"type": "Feature", "geometry": {"type": "Point", "coordinates": [7.0, 54.75]}, "properties": {"value": 9.864, "time": "2025-12-16T07:00:00", "date": "2025-12-16", "hour": 7}}, {"type": "Feature", "geometry": {"type": "Point", "coordinates": [7.25, 54.75]}, "properties": {"value": 9.502, "time": "2025-12-16T07:00:00", "date": "2025-12-16", "hour": 7}}, {"type": "Feature", "geometry": {"type": "Point", "coordinates": [7.5, 54.75]}, "properties": {"value": 9.154, "time": "2025-12-16T07:00:00", "date": "2025-12-16", "hour": 7}}, {"type": "Feature", "geometry": {"type": "Point", "coordinates": [7.75, 54.75]}, "properties": {"value": 8.209, "time": "2025-12-16T07:00:00", "date": "2025-12-16", "hour": 7}}, {"type": "Feature", "geometry": {"type": "Point", "coordinates": [8.0, 54.75]}, "properties": {"value": 7.254, "time": "2025-12-16T07:00:00", "date": "2025-12-16", "hour": 7}}, {"type": "Feature", "geometry": {"type": "Point", "coordinates": [8.25, 54.75]}, "properties": {"value": 6.497, "time": "2025-12-16T07:00:00", "date": "2025-12-16", "hour": 7}}, {"type": "Feature", "geometry": {"type": "Point", "coordinates": [8.5, 54.75]}, "properties": {"value": 5.865, "time": "2025-12-16T07:00:00", "date": "2025-12-16", "hour": 7}}, {"type": "Feature", "geometry": {"type": "Point", "coordinates": [10.25, 54.75]}, "properties": {"value": 7.163, "time": "2025-12-16T07:00:00", "date": "2025-12-16", "hour": 7}}, {"type": "Feature", "geometry": {"type": "Point", "coordinates": [10.5, 54.75]}, "properties": {"value": 7.016, "time": "2025-12-16T07:00:00", "date": "2025-12-16", "hour": 7}}, {"type": "Feature", "geometry": {"type": "Point", "coordinates": [10.75, 54.75]}, "properties": {"value": 6.83, "time": "2025-12-16T07:00:00", "date": "2025-12-16", "hour": 7}}, {"type": "Feature", "geometry": {"type": "Point", "coordinates": [11.0, 54.75]}, "properties": {"value": 6.646, "time": "2025-12-16T07:00:00", "date": "2025-12-16", "hour": 7}}, {"type": "Feature", "geometry": {"type": "Point", "coordinates": [11.25, 54.75]}, "properties": {"value": 6.313, "time": "2025-12-16T07:00:00", "date": "2025-12-16", "hour": 7}}, {"type": "Feature", "geometry": {"type": "Point", "coordinates": [11.5, 54.75]}, "properties": {"value": 6.009, "time": "2025-12-16T07:00:00", "date": "2025-12-16", "hour": 7}}, {"type": "Feature", "geometry": {"type": "Point", "coordinates": [12.0, 54.75]}, "properties": {"value": 6.154, "time": "2025-12-16T07:00:00", "date": "2025-12-16", "hour": 7}}, {"type": "Feature", "geometry": {"type": "Point", "coordinates": [12.25, 54.75]}, "properties": {"value": 6.574, "time": "2025-12-16T07:00:00", "date": "2025-12-16", "hour": 7}}, {"type": "Feature", "geometry": {"type": "Point", "coordinates": [12.5, 54.75]}, "properties": {"value": 6.943, "time": "2025-12-16T07:00:00", "date": "2025-12-16", "hour": 7}}, {"type": "Feature", "geometry": {"type": "Point", "coordinates": [12.75, 54.75]}, "properties": {"value": 7.042, "time": "2025-12-16T07:00:00", "date": "2025-12-16", "hour": 7}}, {"type": "Feature", "geometry": {"type": "Point", "coordinates": [13.0, 54.75]}, "properties": {"value": 6.97, "time": "2025-12-16T07:00:00", "date": "2025-12-16", "hour": 7}}, {"type": "Feature", "geometry": {"type": "Point", "coordinates": [13.25, 54.75]}, "properties": {"value": 6.999, "time": "2025-12-16T07:00:00", "date": "2025-12-16", "hour": 7}}, {"type": "Feature", "geometry": {"type": "Point", "coordinates": [13.5, 54.75]}, "properties": {"value": 7.044, "time": "2025-12-16T07:00:00", "date": "2025-12-16", "hour": 7}}, {"type": "Feature", "geometry": {"type": "Point", "coordinates": [13.75, 54.75]}, "properties": {"value": 7.144, "time": "2025-12-16T07:00:00", "date": "2025-12-16", "hour": 7}}, {"type": "Feature", "geometry": {"type": "Point", "coordinates": [14.0, 54.75]}, "properties": {"value": 7.238, "time": "2025-12-16T07:00:00", "date": "2025-12-16", "hour": 7}}, {"type": "Feature", "geometry": {"type": "Point", "coordinates": [14.25, 54.75]}, "properties": {"value": 7.402, "time": "2025-12-16T07:00:00", "date": "2025-12-16", "hour": 7}}, {"type": "Feature", "geometry": {"type": "Point", "coordinates": [14.5, 54.75]}, "properties": {"value": 7.803, "time": "2025-12-16T07:00:00", "date": "2025-12-16", "hour": 7}}, {"type": "Feature", "geometry": {"type": "Point", "coordinates": [14.75, 54.75]}, "properties": {"value": 7.963, "time": "2025-12-16T07:00:00", "date": "2025-12-16", "hour": 7}}, {"type": "Feature", "geometry": {"type": "Point", "coordinates": [15.0, 54.75]}, "properties": {"value": 8.052, "time": "2025-12-16T07:00:00", "date": "2025-12-16", "hour": 7}}, {"type": "Feature", "geometry": {"type": "Point", "coordinates": [5.0, 55.0]}, "properties": {"value": 10.113, "time": "2025-12-16T07:00:00", "date": "2025-12-16", "hour": 7}}, {"type": "Feature", "geometry": {"type": "Point", "coordinates": [5.25, 55.0]}, "properties": {"value": 10.274, "time": "2025-12-16T07:00:00", "date": "2025-12-16", "hour": 7}}, {"type": "Feature", "geometry": {"type": "Point", "coordinates": [5.5, 55.0]}, "properties": {"value": 10.323, "time": "2025-12-16T07:00:00", "date": "2025-12-16", "hour": 7}}, {"type": "Feature", "geometry": {"type": "Point", "coordinates": [5.75, 55.0]}, "properties": {"value": 10.323, "time": "2025-12-16T07:00:00", "date": "2025-12-16", "hour": 7}}, {"type": "Feature", "geometry": {"type": "Point", "coordinates": [6.0, 55.0]}, "properties": {"value": 10.274, "time": "2025-12-16T07:00:00", "date": "2025-12-16", "hour": 7}}, {"type": "Feature", "geometry": {"type": "Point", "coordinates": [6.25, 55.0]}, "properties": {"value": 10.224, "time": "2025-12-16T07:00:00", "date": "2025-12-16", "hour": 7}}, {"type": "Feature", "geometry": {"type": "Point", "coordinates": [6.5, 55.0]}, "properties": {"value": 10.116, "time": "2025-12-16T07:00:00", "date": "2025-12-16", "hour": 7}}, {"type": "Feature", "geometry": {"type": "Point", "coordinates": [6.75, 55.0]}, "properties": {"value": 9.98, "time": "2025-12-16T07:00:00", "date": "2025-12-16", "hour": 7}}, {"type": "Feature", "geometry": {"type": "Point", "coordinates": [7.0, 55.0]}, "properties": {"value": 9.81, "time": "2025-12-16T07:00:00", "date": "2025-12-16", "hour": 7}}, {"type": "Feature", "geometry": {"type": "Point", "coordinates": [7.25, 55.0]}, "properties": {"value": 9.486, "time": "2025-12-16T07:00:00", "date": "2025-12-16", "hour": 7}}, {"type": "Feature", "geometry": {"type": "Point", "coordinates": [7.5, 55.0]}, "properties": {"value": 9.176, "time": "2025-12-16T07:00:00", "date": "2025-12-16", "hour": 7}}, {"type": "Feature", "geometry": {"type": "Point", "coordinates": [7.75, 55.0]}, "properties": {"value": 8.262, "time": "2025-12-16T07:00:00", "date": "2025-12-16", "hour": 7}}, {"type": "Feature", "geometry": {"type": "Point", "coordinates": [8.0, 55.0]}, "properties": {"value": 7.421, "time": "2025-12-16T07:00:00", "date": "2025-12-16", "hour": 7}}, {"type": "Feature", "geometry": {"type": "Point", "coordinates": [8.25, 55.0]}, "properties": {"value": 6.589, "time": "2025-12-16T07:00:00", "date": "2025-12-16", "hour": 7}}, {"type": "Feature", "geometry": {"type": "Point", "coordinates": [8.5, 55.0]}, "properties": {"value": 5.959, "time": "2025-12-16T07:00:00", "date": "2025-12-16", "hour": 7}}, {"type": "Feature", "geometry": {"type": "Point", "coordinates": [10.25, 55.0]}, "properties": {"value": 7.051, "time": "2025-12-16T07:00:00", "date": "2025-12-16", "hour": 7}}, {"type": "Feature", "geometry": {"type": "Point", "coordinates": [10.5, 55.0]}, "properties": {"value": 6.888, "time": "2025-12-16T07:00:00", "date": "2025-12-16", "hour": 7}}, {"type": "Feature", "geometry": {"type": "Point", "coordinates": [10.75, 55.0]}, "properties": {"value": 6.727, "time": "2025-12-16T07:00:00", "date": "2025-12-16", "hour": 7}}, {"type": "Feature", "geometry": {"type": "Point", "coordinates": [11.0, 55.0]}, "properties": {"value": 6.484, "time": "2025-12-16T07:00:00", "date": "2025-12-16", "hour": 7}}, {"type": "Feature", "geometry": {"type": "Point", "coordinates": [11.25, 55.0]}, "properties": {"value": 6.052, "time": "2025-12-16T07:00:00", "date": "2025-12-16", "hour": 7}}, {"type": "Feature", "geometry": {"type": "Point", "coordinates": [11.5, 55.0]}, "properties": {"value": 5.719, "time": "2025-12-16T07:00:00", "date": "2025-12-16", "hour": 7}}, {"type": "Feature", "geometry": {"type": "Point", "coordinates": [11.75, 55.0]}, "properties": {"value": 5.292, "time": "2025-12-16T07:00:00", "date": "2025-12-16", "hour": 7}}, {"type": "Feature", "geometry": {"type": "Point", "coordinates": [12.0, 55.0]}, "properties": {"value": 5.625, "time": "2025-12-16T07:00:00", "date": "2025-12-16", "hour": 7}}, {"type": "Feature", "geometry": {"type": "Point", "coordinates": [12.25, 55.0]}, "properties": {"value": 6.174, "time": "2025-12-16T07:00:00", "date": "2025-12-16", "hour": 7}}, {"type": "Feature", "geometry": {"type": "Point", "coordinates": [12.5, 55.0]}, "properties": {"value": 7.017, "time": "2025-12-16T07:00:00", "date": "2025-12-16", "hour": 7}}, {"type": "Feature", "geometry": {"type": "Point", "coordinates": [12.75, 55.0]}, "properties": {"value": 7.281, "time": "2025-12-16T07:00:00", "date": "2025-12-16", "hour": 7}}, {"type": "Feature", "geometry": {"type": "Point", "coordinates": [13.0, 55.0]}, "properties": {"value": 7.358, "time": "2025-12-16T07:00:00", "date": "2025-12-16", "hour": 7}}, {"type": "Feature", "geometry": {"type": "Point", "coordinates": [13.25, 55.0]}, "properties": {"value": 7.385, "time": "2025-12-16T07:00:00", "date": "2025-12-16", "hour": 7}}, {"type": "Feature", "geometry": {"type": "Point", "coordinates": [13.5, 55.0]}, "properties": {"value": 7.365, "time": "2025-12-16T07:00:00", "date": "2025-12-16", "hour": 7}}, {"type": "Feature", "geometry": {"type": "Point", "coordinates": [13.75, 55.0]}, "properties": {"value": 7.413, "time": "2025-12-16T07:00:00", "date": "2025-12-16", "hour": 7}}, {"type": "Feature", "geometry": {"type": "Point", "coordinates": [14.0, 55.0]}, "properties": {"value": 7.438, "time": "2025-12-16T07:00:00", "date": "2025-12-16", "hour": 7}}, {"type": "Feature", "geometry": {"type": "Point", "coordinates": [14.25, 55.0]}, "properties": {"value": 7.563, "time": "2025-12-16T07:00:00", "date": "2025-12-16", "hour": 7}}, {"type": "Feature", "geometry": {"type": "Point", "coordinates": [14.5, 55.0]}, "properties": {"value": 7.666, "time": "2025-12-16T07:00:00", "date": "2025-12-16", "hour": 7}}, {"type": "Feature", "geometry": {"type": "Point", "coordinates": [14.75, 55.0]}, "properties": {"value": 7.713, "time": "2025-12-16T07:00:00", "date": "2025-12-16", "hour": 7}}, {"type": "Feature", "geometry": {"type": "Point", "coordinates": [15.0, 55.0]}, "properties": {"value": 7.778, "time": "2025-12-16T07:00:00", "date": "2025-12-16", "hour": 7}}, {"type": "Feature", "geometry": {"type": "Point", "coordinates": [5.25, 52.75]}, "properties": {"value": 6.812, "time": "2025-12-16T08:00:00", "date": "2025-12-16", "hour": 8}}, {"type": "Feature", "geometry": {"type": "Point", "coordinates": [5.5, 52.75]}, "properties": {"value": 6.813, "time": "2025-12-16T08:00:00", "date": "2025-12-16", "hour": 8}}, {"type": "Feature", "geometry": {"type": "Point", "coordinates": [5.0, 53.0]}, "properties": {"value": 7.319, "time": "2025-12-16T08:00:00", "date": "2025-12-16", "hour": 8}}, {"type": "Feature", "geometry": {"type": "Point", "coordinates": [5.25, 53.0]}, "properties": {"value": 7.042, "time": "2025-12-16T08:00:00", "date": "2025-12-16", "hour": 8}}, {"type": "Feature", "geometry": {"type": "Point", "coordinates": [5.5, 53.0]}, "properties": {"value": 6.799, "time": "2025-12-16T08:00:00", "date": "2025-12-16", "hour": 8}}, {"type": "Feature", "geometry": {"type": "Point", "coordinates": [5.0, 53.25]}, "properties": {"value": 8.008, "time": "2025-12-16T08:00:00", "date": "2025-12-16", "hour": 8}}, {"type": "Feature", "geometry": {"type": "Point", "coordinates": [5.25, 53.25]}, "properties": {"value": 7.442, "time": "2025-12-16T08:00:00", "date": "2025-12-16", "hour": 8}}, {"type": "Feature", "geometry": {"type": "Point", "coordinates": [5.5, 53.25]}, "properties": {"value": 7.099, "time": "2025-12-16T08:00:00", "date": "2025-12-16", "hour": 8}}, {"type": "Feature", "geometry": {"type": "Point", "coordinates": [5.0, 53.5]}, "properties": {"value": 9.558, "time": "2025-12-16T08:00:00", "date": "2025-12-16", "hour": 8}}, {"type": "Feature", "geometry": {"type": "Point", "coordinates": [5.25, 53.5]}, "properties": {"value": 8.981, "time": "2025-12-16T08:00:00", "date": "2025-12-16", "hour": 8}}, {"type": "Feature", "geometry": {"type": "Point", "coordinates": [5.5, 53.5]}, "properties": {"value": 8.797, "time": "2025-12-16T08:00:00", "date": "2025-12-16", "hour": 8}}, {"type": "Feature", "geometry": {"type": "Point", "coordinates": [5.75, 53.5]}, "properties": {"value": 8.375, "time": "2025-12-16T08:00:00", "date": "2025-12-16", "hour": 8}}, {"type": "Feature", "geometry": {"type": "Point", "coordinates": [6.0, 53.5]}, "properties": {"value": 8.022, "time": "2025-12-16T08:00:00", "date": "2025-12-16", "hour": 8}}, {"type": "Feature", "geometry": {"type": "Point", "coordinates": [6.25, 53.5]}, "properties": {"value": 7.727, "time": "2025-12-16T08:00:00", "date": "2025-12-16", "hour": 8}}, {"type": "Feature", "geometry": {"type": "Point", "coordinates": [6.5, 53.5]}, "properties": {"value": 7.554, "time": "2025-12-16T08:00:00", "date": "2025-12-16", "hour": 8}}, {"type": "Feature", "geometry": {"type": "Point", "coordinates": [6.75, 53.5]}, "properties": {"value": 7.247, "time": "2025-12-16T08:00:00", "date": "2025-12-16", "hour": 8}}, {"type": "Feature", "geometry": {"type": "Point", "coordinates": [5.0, 53.75]}, "properties": {"value": 10.229, "time": "2025-12-16T08:00:00", "date": "2025-12-16", "hour": 8}}, {"type": "Feature", "geometry": {"type": "Point", "coordinates": [5.25, 53.75]}, "properties": {"value": 9.866, "time": "2025-12-16T08:00:00", "date": "2025-12-16", "hour": 8}}, {"type": "Feature", "geometry": {"type": "Point", "coordinates": [5.5, 53.75]}, "properties": {"value": 9.563, "time": "2025-12-16T08:00:00", "date": "2025-12-16", "hour": 8}}, {"type": "Feature", "geometry": {"type": "Point", "coordinates": [5.75, 53.75]}, "properties": {"value": 9.251, "time": "2025-12-16T08:00:00", "date": "2025-12-16", "hour": 8}}, {"type": "Feature", "geometry": {"type": "Point", "coordinates": [6.0, 53.75]}, "properties": {"value": 8.924, "time": "2025-12-16T08:00:00", "date": "2025-12-16", "hour": 8}}, {"type": "Feature", "geometry": {"type": "Point", "coordinates": [6.25, 53.75]}, "properties": {"value": 8.53, "time": "2025-12-16T08:00:00", "date": "2025-12-16", "hour": 8}}, {"type": "Feature", "geometry": {"type": "Point", "coordinates": [6.5, 53.75]}, "properties": {"value": 8.097, "time": "2025-12-16T08:00:00", "date": "2025-12-16", "hour": 8}}, {"type": "Feature", "geometry": {"type": "Point", "coordinates": [6.75, 53.75]}, "properties": {"value": 7.733, "time": "2025-12-16T08:00:00", "date": "2025-12-16", "hour": 8}}, {"type": "Feature", "geometry": {"type": "Point", "coordinates": [7.0, 53.75]}, "properties": {"value": 7.699, "time": "2025-12-16T08:00:00", "date": "2025-12-16", "hour": 8}}, {"type": "Feature", "geometry": {"type": "Point", "coordinates": [7.25, 53.75]}, "properties": {"value": 7.42, "time": "2025-12-16T08:00:00", "date": "2025-12-16", "hour": 8}}, {"type": "Feature", "geometry": {"type": "Point", "coordinates": [7.5, 53.75]}, "properties": {"value": 7.347, "time": "2025-12-16T08:00:00", "date": "2025-12-16", "hour": 8}}, {"type": "Feature", "geometry": {"type": "Point", "coordinates": [7.75, 53.75]}, "properties": {"value": 7.335, "time": "2025-12-16T08:00:00", "date": "2025-12-16", "hour": 8}}, {"type": "Feature", "geometry": {"type": "Point", "coordinates": [8.0, 53.75]}, "properties": {"value": 7.199, "time": "2025-12-16T08:00:00", "date": "2025-12-16", "hour": 8}}, {"type": "Feature", "geometry": {"type": "Point", "coordinates": [8.25, 53.75]}, "properties": {"value": 6.78, "time": "2025-12-16T08:00:00", "date": "2025-12-16", "hour": 8}}, {"type": "Feature", "geometry": {"type": "Point", "coordinates": [8.5, 53.75]}, "properties": {"value": 6.318, "time": "2025-12-16T08:00:00", "date": "2025-12-16", "hour": 8}}, {"type": "Feature", "geometry": {"type": "Point", "coordinates": [8.75, 53.75]}, "properties": {"value": 6.318, "time": "2025-12-16T08:00:00", "date": "2025-12-16", "hour": 8}}, {"type": "Feature", "geometry": {"type": "Point", "coordinates": [14.25, 53.75]}, "properties": {"value": 4.019, "time": "2025-12-16T08:00:00", "date": "2025-12-16", "hour": 8}}, {"type": "Feature", "geometry": {"type": "Point", "coordinates": [14.5, 53.75]}, "properties": {"value": 4.019, "time": "2025-12-16T08:00:00", "date": "2025-12-16", "hour": 8}}, {"type": "Feature", "geometry": {"type": "Point", "coordinates": [5.0, 54.0]}, "properties": {"value": 10.358, "time": "2025-12-16T08:00:00", "date": "2025-12-16", "hour": 8}}, {"type": "Feature", "geometry": {"type": "Point", "coordinates": [5.25, 54.0]}, "properties": {"value": 10.289, "time": "2025-12-16T08:00:00", "date": "2025-12-16", "hour": 8}}, {"type": "Feature", "geometry": {"type": "Point", "coordinates": [5.5, 54.0]}, "properties": {"value": 9.988, "time": "2025-12-16T08:00:00", "date": "2025-12-16", "hour": 8}}, {"type": "Feature", "geometry": {"type": "Point", "coordinates": [5.75, 54.0]}, "properties": {"value": 9.715, "time": "2025-12-16T08:00:00", "date": "2025-12-16", "hour": 8}}, {"type": "Feature", "geometry": {"type": "Point", "coordinates": [6.0, 54.0]}, "properties": {"value": 9.437, "time": "2025-12-16T08:00:00", "date": "2025-12-16", "hour": 8}}, {"type": "Feature", "geometry": {"type": "Point", "coordinates": [6.25, 54.0]}, "properties": {"value": 9.104, "time": "2025-12-16T08:00:00", "date": "2025-12-16", "hour": 8}}, {"type": "Feature", "geometry": {"type": "Point", "coordinates": [6.5, 54.0]}, "properties": {"value": 8.729, "time": "2025-12-16T08:00:00", "date": "2025-12-16", "hour": 8}}, {"type": "Feature", "geometry": {"type": "Point", "coordinates": [6.75, 54.0]}, "properties": {"value": 8.619, "time": "2025-12-16T08:00:00", "date": "2025-12-16", "hour": 8}}, {"type": "Feature", "geometry": {"type": "Point", "coordinates": [7.0, 54.0]}, "properties": {"value": 8.61, "time": "2025-12-16T08:00:00", "date": "2025-12-16", "hour": 8}}, {"type": "Feature", "geometry": {"type": "Point", "coordinates": [7.25, 54.0]}, "properties": {"value": 8.44, "time": "2025-12-16T08:00:00", "date": "2025-12-16", "hour": 8}}, {"type": "Feature", "geometry": {"type": "Point", "coordinates": [7.5, 54.0]}, "properties": {"value": 8.324, "time": "2025-12-16T08:00:00", "date": "2025-12-16", "hour": 8}}, {"type": "Feature", "geometry": {"type": "Point", "coordinates": [7.75, 54.0]}, "properties": {"value": 8.191, "time": "2025-12-16T08:00:00", "date": "2025-12-16", "hour": 8}}, {"type": "Feature", "geometry": {"type": "Point", "coordinates": [8.0, 54.0]}, "properties": {"value": 8.098, "time": "2025-12-16T08:00:00", "date": "2025-12-16", "hour": 8}}, {"type": "Feature", "geometry": {"type": "Point", "coordinates": [8.25, 54.0]}, "properties": {"value": 7.782, "time": "2025-12-16T08:00:00", "date": "2025-12-16", "hour": 8}}, {"type": "Feature", "geometry": {"type": "Point", "coordinates": [8.5, 54.0]}, "properties": {"value": 6.801, "time": "2025-12-16T08:00:00", "date": "2025-12-16", "hour": 8}}, {"type": "Feature", "geometry": {"type": "Point", "coordinates": [11.25, 54.0]}, "properties": {"value": 6.357, "time": "2025-12-16T08:00:00", "date": "2025-12-16", "hour": 8}}, {"type": "Feature", "geometry": {"type": "Point", "coordinates": [14.0, 54.0]}, "properties": {"value": 5.063, "time": "2025-12-16T08:00:00", "date": "2025-12-16", "hour": 8}}, {"type": "Feature", "geometry": {"type": "Point", "coordinates": [14.25, 54.0]}, "properties": {"value": 5.53, "time": "2025-12-16T08:00:00", "date": "2025-12-16", "hour": 8}}, {"type": "Feature", "geometry": {"type": "Point", "coordinates": [14.5, 54.0]}, "properties": {"value": 5.315, "time": "2025-12-16T08:00:00", "date": "2025-12-16", "hour": 8}}, {"type": "Feature", "geometry": {"type": "Point", "coordinates": [14.75, 54.0]}, "properties": {"value": 5.745, "time": "2025-12-16T08:00:00", "date": "2025-12-16", "hour": 8}}, {"type": "Feature", "geometry": {"type": "Point", "coordinates": [5.0, 54.25]}, "properties": {"value": 10.358, "time": "2025-12-16T08:00:00", "date": "2025-12-16", "hour": 8}}, {"type": "Feature", "geometry": {"type": "Point", "coordinates": [5.25, 54.25]}, "properties": {"value": 10.323, "time": "2025-12-16T08:00:00", "date": "2025-12-16", "hour": 8}}, {"type": "Feature", "geometry": {"type": "Point", "coordinates": [5.5, 54.25]}, "properties": {"value": 10.215, "time": "2025-12-16T08:00:00", "date": "2025-12-16", "hour": 8}}, {"type": "Feature", "geometry": {"type": "Point", "coordinates": [5.75, 54.25]}, "properties": {"value": 9.978, "time": "2025-12-16T08:00:00", "date": "2025-12-16", "hour": 8}}, {"type": "Feature", "geometry": {"type": "Point", "coordinates": [6.0, 54.25]}, "properties": {"value": 9.837, "time": "2025-12-16T08:00:00", "date": "2025-12-16", "hour": 8}}, {"type": "Feature", "geometry": {"type": "Point", "coordinates": [6.25, 54.25]}, "properties": {"value": 9.578, "time": "2025-12-16T08:00:00", "date": "2025-12-16", "hour": 8}}, {"type": "Feature", "geometry": {"type": "Point", "coordinates": [6.5, 54.25]}, "properties": {"value": 9.419, "time": "2025-12-16T08:00:00", "date": "2025-12-16", "hour": 8}}, {"type": "Feature", "geometry": {"type": "Point", "coordinates": [6.75, 54.25]}, "properties": {"value": 9.317, "time": "2025-12-16T08:00:00", "date": "2025-12-16", "hour": 8}}, {"type": "Feature", "geometry": {"type": "Point", "coordinates": [7.0, 54.25]}, "properties": {"value": 9.259, "time": "2025-12-16T08:00:00", "date": "2025-12-16", "hour": 8}}, {"type": "Feature", "geometry": {"type": "Point", "coordinates": [7.25, 54.25]}, "properties": {"value": 9.112, "time": "2025-12-16T08:00:00", "date": "2025-12-16", "hour": 8}}, {"type": "Feature", "geometry": {"type": "Point", "coordinates": [7.5, 54.25]}, "properties": {"value": 8.909, "time": "2025-12-16T08:00:00", "date": "2025-12-16", "hour": 8}}, {"type": "Feature", "geometry": {"type": "Point", "coordinates": [7.75, 54.25]}, "properties": {"value": 8.648, "time": "2025-12-16T08:00:00", "date": "2025-12-16", "hour": 8}}, {"type": "Feature", "geometry": {"type": "Point", "coordinates": [8.0, 54.25]}, "properties": {"value": 8.501, "time": "2025-12-16T08:00:00", "date": "2025-12-16", "hour": 8}}, {"type": "Feature", "geometry": {"type": "Point", "coordinates": [8.25, 54.25]}, "properties": {"value": 7.519, "time": "2025-12-16T08:00:00", "date": "2025-12-16", "hour": 8}}, {"type": "Feature", "geometry": {"type": "Point", "coordinates": [8.5, 54.25]}, "properties": {"value": 6.558, "time": "2025-12-16T08:00:00", "date": "2025-12-16", "hour": 8}}, {"type": "Feature", "geometry": {"type": "Point", "coordinates": [10.75, 54.25]}, "properties": {"value": 6.417, "time": "2025-12-16T08:00:00", "date": "2025-12-16", "hour": 8}}, {"type": "Feature", "geometry": {"type": "Point", "coordinates": [11.25, 54.25]}, "properties": {"value": 6.624, "time": "2025-12-16T08:00:00", "date": "2025-12-16", "hour": 8}}, {"type": "Feature", "geometry": {"type": "Point", "coordinates": [11.75, 54.25]}, "properties": {"value": 6.805, "time": "2025-12-16T08:00:00", "date": "2025-12-16", "hour": 8}}, {"type": "Feature", "geometry": {"type": "Point", "coordinates": [12.25, 54.25]}, "properties": {"value": 6.282, "time": "2025-12-16T08:00:00", "date": "2025-12-16", "hour": 8}}, {"type": "Feature", "geometry": {"type": "Point", "coordinates": [13.75, 54.25]}, "properties": {"value": 5.208, "time": "2025-12-16T08:00:00", "date": "2025-12-16", "hour": 8}}, {"type": "Feature", "geometry": {"type": "Point", "coordinates": [14.0, 54.25]}, "properties": {"value": 5.585, "time": "2025-12-16T08:00:00", "date": "2025-12-16", "hour": 8}}, {"type": "Feature", "geometry": {"type": "Point", "coordinates": [14.25, 54.25]}, "properties": {"value": 5.873, "time": "2025-12-16T08:00:00", "date": "2025-12-16", "hour": 8}}, {"type": "Feature", "geometry": {"type": "Point", "coordinates": [14.5, 54.25]}, "properties": {"value": 5.816, "time": "2025-12-16T08:00:00", "date": "2025-12-16", "hour": 8}}, {"type": "Feature", "geometry": {"type": "Point", "coordinates": [14.75, 54.25]}, "properties": {"value": 6.102, "time": "2025-12-16T08:00:00", "date": "2025-12-16", "hour": 8}}, {"type": "Feature", "geometry": {"type": "Point", "coordinates": [15.0, 54.25]}, "properties": {"value": 6.699, "time": "2025-12-16T08:00:00", "date": "2025-12-16", "hour": 8}}, {"type": "Feature", "geometry": {"type": "Point", "coordinates": [5.0, 54.5]}, "properties": {"value": 10.326, "time": "2025-12-16T08:00:00", "date": "2025-12-16", "hour": 8}}, {"type": "Feature", "geometry": {"type": "Point", "coordinates": [5.25, 54.5]}, "properties": {"value": 10.398, "time": "2025-12-16T08:00:00", "date": "2025-12-16", "hour": 8}}, {"type": "Feature", "geometry": {"type": "Point", "coordinates": [5.5, 54.5]}, "properties": {"value": 10.352, "time": "2025-12-16T08:00:00", "date": "2025-12-16", "hour": 8}}, {"type": "Feature", "geometry": {"type": "Point", "coordinates": [5.75, 54.5]}, "properties": {"value": 10.232, "time": "2025-12-16T08:00:00", "date": "2025-12-16", "hour": 8}}, {"type": "Feature", "geometry": {"type": "Point", "coordinates": [6.0, 54.5]}, "properties": {"value": 10.123, "time": "2025-12-16T08:00:00", "date": "2025-12-16", "hour": 8}}, {"type": "Feature", "geometry": {"type": "Point", "coordinates": [6.25, 54.5]}, "properties": {"value": 10.017, "time": "2025-12-16T08:00:00", "date": "2025-12-16", "hour": 8}}, {"type": "Feature", "geometry": {"type": "Point", "coordinates": [6.5, 54.5]}, "properties": {"value": 9.854, "time": "2025-12-16T08:00:00", "date": "2025-12-16", "hour": 8}}, {"type": "Feature", "geometry": {"type": "Point", "coordinates": [6.75, 54.5]}, "properties": {"value": 9.744, "time": "2025-12-16T08:00:00", "date": "2025-12-16", "hour": 8}}, {"type": "Feature", "geometry": {"type": "Point", "coordinates": [7.0, 54.5]}, "properties": {"value": 9.655, "time": "2025-12-16T08:00:00", "date": "2025-12-16", "hour": 8}}, {"type": "Feature", "geometry": {"type": "Point", "coordinates": [7.25, 54.5]}, "properties": {"value": 9.301, "time": "2025-12-16T08:00:00", "date": "2025-12-16", "hour": 8}}, {"type": "Feature", "geometry": {"type": "Point", "coordinates": [7.5, 54.5]}, "properties": {"value": 9.048, "time": "2025-12-16T08:00:00", "date": "2025-12-16", "hour": 8}}, {"type": "Feature", "geometry": {"type": "Point", "coordinates": [7.75, 54.5]}, "properties": {"value": 8.751, "time": "2025-12-16T08:00:00", "date": "2025-12-16", "hour": 8}}, {"type": "Feature", "geometry": {"type": "Point", "coordinates": [8.0, 54.5]}, "properties": {"value": 7.841, "time": "2025-12-16T08:00:00", "date": "2025-12-16", "hour": 8}}, {"type": "Feature", "geometry": {"type": "Point", "coordinates": [8.25, 54.5]}, "properties": {"value": 6.972, "time": "2025-12-16T08:00:00", "date": "2025-12-16", "hour": 8}}, {"type": "Feature", "geometry": {"type": "Point", "coordinates": [8.5, 54.5]}, "properties": {"value": 6.117, "time": "2025-12-16T08:00:00", "date": "2025-12-16", "hour": 8}}, {"type": "Feature", "geometry": {"type": "Point", "coordinates": [10.5, 54.5]}, "properties": {"value": 6.819, "time": "2025-12-16T08:00:00", "date": "2025-12-16", "hour": 8}}, {"type": "Feature", "geometry": {"type": "Point", "coordinates": [10.75, 54.5]}, "properties": {"value": 6.623, "time": "2025-12-16T08:00:00", "date": "2025-12-16", "hour": 8}}, {"type": "Feature", "geometry": {"type": "Point", "coordinates": [11.0, 54.5]}, "properties": {"value": 6.469, "time": "2025-12-16T08:00:00", "date": "2025-12-16", "hour": 8}}, {"type": "Feature", "geometry": {"type": "Point", "coordinates": [11.25, 54.5]}, "properties": {"value": 6.7, "time": "2025-12-16T08:00:00", "date": "2025-12-16", "hour": 8}}, {"type": "Feature", "geometry": {"type": "Point", "coordinates": [11.5, 54.5]}, "properties": {"value": 6.676, "time": "2025-12-16T08:00:00", "date": "2025-12-16", "hour": 8}}, {"type": "Feature", "geometry": {"type": "Point", "coordinates": [11.75, 54.5]}, "properties": {"value": 6.785, "time": "2025-12-16T08:00:00", "date": "2025-12-16", "hour": 8}}, {"type": "Feature", "geometry": {"type": "Point", "coordinates": [12.0, 54.5]}, "properties": {"value": 6.632, "time": "2025-12-16T08:00:00", "date": "2025-12-16", "hour": 8}}, {"type": "Feature", "geometry": {"type": "Point", "coordinates": [12.25, 54.5]}, "properties": {"value": 6.445, "time": "2025-12-16T08:00:00", "date": "2025-12-16", "hour": 8}}, {"type": "Feature", "geometry": {"type": "Point", "coordinates": [13.0, 54.5]}, "properties": {"value": 6.844, "time": "2025-12-16T08:00:00", "date": "2025-12-16", "hour": 8}}, {"type": "Feature", "geometry": {"type": "Point", "coordinates": [13.25, 54.5]}, "properties": {"value": 6.297, "time": "2025-12-16T08:00:00", "date": "2025-12-16", "hour": 8}}, {"type": "Feature", "geometry": {"type": "Point", "coordinates": [13.5, 54.5]}, "properties": {"value": 6.049, "time": "2025-12-16T08:00:00", "date": "2025-12-16", "hour": 8}}, {"type": "Feature", "geometry": {"type": "Point", "coordinates": [13.75, 54.5]}, "properties": {"value": 6.15, "time": "2025-12-16T08:00:00", "date": "2025-12-16", "hour": 8}}, {"type": "Feature", "geometry": {"type": "Point", "coordinates": [14.0, 54.5]}, "properties": {"value": 6.496, "time": "2025-12-16T08:00:00", "date": "2025-12-16", "hour": 8}}, {"type": "Feature", "geometry": {"type": "Point", "coordinates": [14.25, 54.5]}, "properties": {"value": 6.531, "time": "2025-12-16T08:00:00", "date": "2025-12-16", "hour": 8}}, {"type": "Feature", "geometry": {"type": "Point", "coordinates": [14.5, 54.5]}, "properties": {"value": 6.777, "time": "2025-12-16T08:00:00", "date": "2025-12-16", "hour": 8}}, {"type": "Feature", "geometry": {"type": "Point", "coordinates": [14.75, 54.5]}, "properties": {"value": 6.974, "time": "2025-12-16T08:00:00", "date": "2025-12-16", "hour": 8}}, {"type": "Feature", "geometry": {"type": "Point", "coordinates": [15.0, 54.5]}, "properties": {"value": 7.613, "time": "2025-12-16T08:00:00", "date": "2025-12-16", "hour": 8}}, {"type": "Feature", "geometry": {"type": "Point", "coordinates": [5.0, 54.75]}, "properties": {"value": 10.267, "time": "2025-12-16T08:00:00", "date": "2025-12-16", "hour": 8}}, {"type": "Feature", "geometry": {"type": "Point", "coordinates": [5.25, 54.75]}, "properties": {"value": 10.34, "time": "2025-12-16T08:00:00", "date": "2025-12-16", "hour": 8}}, {"type": "Feature", "geometry": {"type": "Point", "coordinates": [5.5, 54.75]}, "properties": {"value": 10.381, "time": "2025-12-16T08:00:00", "date": "2025-12-16", "hour": 8}}, {"type": "Feature", "geometry": {"type": "Point", "coordinates": [5.75, 54.75]}, "properties": {"value": 10.38, "time": "2025-12-16T08:00:00", "date": "2025-12-16", "hour": 8}}, {"type": "Feature", "geometry": {"type": "Point", "coordinates": [6.0, 54.75]}, "properties": {"value": 10.299, "time": "2025-12-16T08:00:00", "date": "2025-12-16", "hour": 8}}, {"type": "Feature", "geometry": {"type": "Point", "coordinates": [6.25, 54.75]}, "properties": {"value": 10.196, "time": "2025-12-16T08:00:00", "date": "2025-12-16", "hour": 8}}, {"type": "Feature", "geometry": {"type": "Point", "coordinates": [6.5, 54.75]}, "properties": {"value": 10.082, "time": "2025-12-16T08:00:00", "date": "2025-12-16", "hour": 8}}, {"type": "Feature", "geometry": {"type": "Point", "coordinates": [6.75, 54.75]}, "properties": {"value": 9.954, "time": "2025-12-16T08:00:00", "date": "2025-12-16", "hour": 8}}, {"type": "Feature", "geometry": {"type": "Point", "coordinates": [7.0, 54.75]}, "properties": {"value": 9.864, "time": "2025-12-16T08:00:00", "date": "2025-12-16", "hour": 8}}, {"type": "Feature", "geometry": {"type": "Point", "coordinates": [7.25, 54.75]}, "properties": {"value": 9.502, "time": "2025-12-16T08:00:00", "date": "2025-12-16", "hour": 8}}, {"type": "Feature", "geometry": {"type": "Point", "coordinates": [7.5, 54.75]}, "properties": {"value": 9.154, "time": "2025-12-16T08:00:00", "date": "2025-12-16", "hour": 8}}, {"type": "Feature", "geometry": {"type": "Point", "coordinates": [7.75, 54.75]}, "properties": {"value": 8.209, "time": "2025-12-16T08:00:00", "date": "2025-12-16", "hour": 8}}, {"type": "Feature", "geometry": {"type": "Point", "coordinates": [8.0, 54.75]}, "properties": {"value": 7.254, "time": "2025-12-16T08:00:00", "date": "2025-12-16", "hour": 8}}, {"type": "Feature", "geometry": {"type": "Point", "coordinates": [8.25, 54.75]}, "properties": {"value": 6.497, "time": "2025-12-16T08:00:00", "date": "2025-12-16", "hour": 8}}, {"type": "Feature", "geometry": {"type": "Point", "coordinates": [8.5, 54.75]}, "properties": {"value": 5.865, "time": "2025-12-16T08:00:00", "date": "2025-12-16", "hour": 8}}, {"type": "Feature", "geometry": {"type": "Point", "coordinates": [10.25, 54.75]}, "properties": {"value": 7.163, "time": "2025-12-16T08:00:00", "date": "2025-12-16", "hour": 8}}, {"type": "Feature", "geometry": {"type": "Point", "coordinates": [10.5, 54.75]}, "properties": {"value": 7.016, "time": "2025-12-16T08:00:00", "date": "2025-12-16", "hour": 8}}, {"type": "Feature", "geometry": {"type": "Point", "coordinates": [10.75, 54.75]}, "properties": {"value": 6.83, "time": "2025-12-16T08:00:00", "date": "2025-12-16", "hour": 8}}, {"type": "Feature", "geometry": {"type": "Point", "coordinates": [11.0, 54.75]}, "properties": {"value": 6.646, "time": "2025-12-16T08:00:00", "date": "2025-12-16", "hour": 8}}, {"type": "Feature", "geometry": {"type": "Point", "coordinates": [11.25, 54.75]}, "properties": {"value": 6.313, "time": "2025-12-16T08:00:00", "date": "2025-12-16", "hour": 8}}, {"type": "Feature", "geometry": {"type": "Point", "coordinates": [11.5, 54.75]}, "properties": {"value": 6.009, "time": "2025-12-16T08:00:00", "date": "2025-12-16", "hour": 8}}, {"type": "Feature", "geometry": {"type": "Point", "coordinates": [12.0, 54.75]}, "properties": {"value": 6.154, "time": "2025-12-16T08:00:00", "date": "2025-12-16", "hour": 8}}, {"type": "Feature", "geometry": {"type": "Point", "coordinates": [12.25, 54.75]}, "properties": {"value": 6.574, "time": "2025-12-16T08:00:00", "date": "2025-12-16", "hour": 8}}, {"type": "Feature", "geometry": {"type": "Point", "coordinates": [12.5, 54.75]}, "properties": {"value": 6.943, "time": "2025-12-16T08:00:00", "date": "2025-12-16", "hour": 8}}, {"type": "Feature", "geometry": {"type": "Point", "coordinates": [12.75, 54.75]}, "properties": {"value": 7.042, "time": "2025-12-16T08:00:00", "date": "2025-12-16", "hour": 8}}, {"type": "Feature", "geometry": {"type": "Point", "coordinates": [13.0, 54.75]}, "properties": {"value": 6.97, "time": "2025-12-16T08:00:00", "date": "2025-12-16", "hour": 8}}, {"type": "Feature", "geometry": {"type": "Point", "coordinates": [13.25, 54.75]}, "properties": {"value": 6.999, "time": "2025-12-16T08:00:00", "date": "2025-12-16", "hour": 8}}, {"type": "Feature", "geometry": {"type": "Point", "coordinates": [13.5, 54.75]}, "properties": {"value": 7.044, "time": "2025-12-16T08:00:00", "date": "2025-12-16", "hour": 8}}, {"type": "Feature", "geometry": {"type": "Point", "coordinates": [13.75, 54.75]}, "properties": {"value": 7.144, "time": "2025-12-16T08:00:00", "date": "2025-12-16", "hour": 8}}, {"type": "Feature", "geometry": {"type": "Point", "coordinates": [14.0, 54.75]}, "properties": {"value": 7.238, "time": "2025-12-16T08:00:00", "date": "2025-12-16", "hour": 8}}, {"type": "Feature", "geometry": {"type": "Point", "coordinates": [14.25, 54.75]}, "properties": {"value": 7.402, "time": "2025-12-16T08:00:00", "date": "2025-12-16", "hour": 8}}, {"type": "Feature", "geometry": {"type": "Point", "coordinates": [14.5, 54.75]}, "properties": {"value": 7.803, "time": "2025-12-16T08:00:00", "date": "2025-12-16", "hour": 8}}, {"type": "Feature", "geometry": {"type": "Point", "coordinates": [14.75, 54.75]}, "properties": {"value": 7.963, "time": "2025-12-16T08:00:00", "date": "2025-12-16", "hour": 8}}, {"type": "Feature", "geometry": {"type": "Point", "coordinates": [15.0, 54.75]}, "properties": {"value": 8.052, "time": "2025-12-16T08:00:00", "date": "2025-12-16", "hour": 8}}, {"type": "Feature", "geometry": {"type": "Point", "coordinates": [5.0, 55.0]}, "properties": {"value": 10.113, "time": "2025-12-16T08:00:00", "date": "2025-12-16", "hour": 8}}, {"type": "Feature", "geometry": {"type": "Point", "coordinates": [5.25, 55.0]}, "properties": {"value": 10.274, "time": "2025-12-16T08:00:00", "date": "2025-12-16", "hour": 8}}, {"type": "Feature", "geometry": {"type": "Point", "coordinates": [5.5, 55.0]}, "properties": {"value": 10.323, "time": "2025-12-16T08:00:00", "date": "2025-12-16", "hour": 8}}, {"type": "Feature", "geometry": {"type": "Point", "coordinates": [5.75, 55.0]}, "properties": {"value": 10.323, "time": "2025-12-16T08:00:00", "date": "2025-12-16", "hour": 8}}, {"type": "Feature", "geometry": {"type": "Point", "coordinates": [6.0, 55.0]}, "properties": {"value": 10.274, "time": "2025-12-16T08:00:00", "date": "2025-12-16", "hour": 8}}, {"type": "Feature", "geometry": {"type": "Point", "coordinates": [6.25, 55.0]}, "properties": {"value": 10.224, "time": "2025-12-16T08:00:00", "date": "2025-12-16", "hour": 8}}, {"type": "Feature", "geometry": {"type": "Point", "coordinates": [6.5, 55.0]}, "properties": {"value": 10.116, "time": "2025-12-16T08:00:00", "date": "2025-12-16", "hour": 8}}, {"type": "Feature", "geometry": {"type": "Point", "coordinates": [6.75, 55.0]}, "properties": {"value": 9.98, "time": "2025-12-16T08:00:00", "date": "2025-12-16", "hour": 8}}, {"type": "Feature", "geometry": {"type": "Point", "coordinates": [7.0, 55.0]}, "properties": {"value": 9.81, "time": "2025-12-16T08:00:00", "date": "2025-12-16", "hour": 8}}, {"type": "Feature", "geometry": {"type": "Point", "coordinates": [7.25, 55.0]}, "properties": {"value": 9.486, "time": "2025-12-16T08:00:00", "date": "2025-12-16", "hour": 8}}, {"type": "Feature", "geometry": {"type": "Point", "coordinates": [7.5, 55.0]}, "properties": {"value": 9.176, "time": "2025-12-16T08:00:00", "date": "2025-12-16", "hour": 8}}, {"type": "Feature", "geometry": {"type": "Point", "coordinates": [7.75, 55.0]}, "properties": {"value": 8.262, "time": "2025-12-16T08:00:00", "date": "2025-12-16", "hour": 8}}, {"type": "Feature", "geometry": {"type": "Point", "coordinates": [8.0, 55.0]}, "properties": {"value": 7.421, "time": "2025-12-16T08:00:00", "date": "2025-12-16", "hour": 8}}, {"type": "Feature", "geometry": {"type": "Point", "coordinates": [8.25, 55.0]}, "properties": {"value": 6.589, "time": "2025-12-16T08:00:00", "date": "2025-12-16", "hour": 8}}, {"type": "Feature", "geometry": {"type": "Point", "coordinates": [8.5, 55.0]}, "properties": {"value": 5.959, "time": "2025-12-16T08:00:00", "date": "2025-12-16", "hour": 8}}, {"type": "Feature", "geometry": {"type": "Point", "coordinates": [10.25, 55.0]}, "properties": {"value": 7.051, "time": "2025-12-16T08:00:00", "date": "2025-12-16", "hour": 8}}, {"type": "Feature", "geometry": {"type": "Point", "coordinates": [10.5, 55.0]}, "properties": {"value": 6.888, "time": "2025-12-16T08:00:00", "date": "2025-12-16", "hour": 8}}, {"type": "Feature", "geometry": {"type": "Point", "coordinates": [10.75, 55.0]}, "properties": {"value": 6.727, "time": "2025-12-16T08:00:00", "date": "2025-12-16", "hour": 8}}, {"type": "Feature", "geometry": {"type": "Point", "coordinates": [11.0, 55.0]}, "properties": {"value": 6.484, "time": "2025-12-16T08:00:00", "date": "2025-12-16", "hour": 8}}, {"type": "Feature", "geometry": {"type": "Point", "coordinates": [11.25, 55.0]}, "properties": {"value": 6.052, "time": "2025-12-16T08:00:00", "date": "2025-12-16", "hour": 8}}, {"type": "Feature", "geometry": {"type": "Point", "coordinates": [11.5, 55.0]}, "properties": {"value": 5.719, "time": "2025-12-16T08:00:00", "date": "2025-12-16", "hour": 8}}, {"type": "Feature", "geometry": {"type": "Point", "coordinates": [11.75, 55.0]}, "properties": {"value": 5.292, "time": "2025-12-16T08:00:00", "date": "2025-12-16", "hour": 8}}, {"type": "Feature", "geometry": {"type": "Point", "coordinates": [12.0, 55.0]}, "properties": {"value": 5.625, "time": "2025-12-16T08:00:00", "date": "2025-12-16", "hour": 8}}, {"type": "Feature", "geometry": {"type": "Point", "coordinates": [12.25, 55.0]}, "properties": {"value": 6.174, "time": "2025-12-16T08:00:00", "date": "2025-12-16", "hour": 8}}, {"type": "Feature", "geometry": {"type": "Point", "coordinates": [12.5, 55.0]}, "properties": {"value": 7.017, "time": "2025-12-16T08:00:00", "date": "2025-12-16", "hour": 8}}, {"type": "Feature", "geometry": {"type": "Point", "coordinates": [12.75, 55.0]}, "properties": {"value": 7.281, "time": "2025-12-16T08:00:00", "date": "2025-12-16", "hour": 8}}, {"type": "Feature", "geometry": {"type": "Point", "coordinates": [13.0, 55.0]}, "properties": {"value": 7.358, "time": "2025-12-16T08:00:00", "date": "2025-12-16", "hour": 8}}, {"type": "Feature", "geometry": {"type": "Point", "coordinates": [13.25, 55.0]}, "properties": {"value": 7.385, "time": "2025-12-16T08:00:00", "date": "2025-12-16", "hour": 8}}, {"type": "Feature", "geometry": {"type": "Point", "coordinates": [13.5, 55.0]}, "properties": {"value": 7.365, "time": "2025-12-16T08:00:00", "date": "2025-12-16", "hour": 8}}, {"type": "Feature", "geometry": {"type": "Point", "coordinates": [13.75, 55.0]}, "properties": {"value": 7.413, "time": "2025-12-16T08:00:00", "date": "2025-12-16", "hour": 8}}, {"type": "Feature", "geometry": {"type": "Point", "coordinates": [14.0, 55.0]}, "properties": {"value": 7.438, "time": "2025-12-16T08:00:00", "date": "2025-12-16", "hour": 8}}, {"type": "Feature", "geometry": {"type": "Point", "coordinates": [14.25, 55.0]}, "properties": {"value": 7.563, "time": "2025-12-16T08:00:00", "date": "2025-12-16", "hour": 8}}, {"type": "Feature", "geometry": {"type": "Point", "coordinates": [14.5, 55.0]}, "properties": {"value": 7.666, "time": "2025-12-16T08:00:00", "date": "2025-12-16", "hour": 8}}, {"type": "Feature", "geometry": {"type": "Point", "coordinates": [14.75, 55.0]}, "properties": {"value": 7.713, "time": "2025-12-16T08:00:00", "date": "2025-12-16", "hour": 8}}, {"type": "Feature", "geometry": {"type": "Point", "coordinates": [15.0, 55.0]}, "properties": {"value": 7.778, "time": "2025-12-16T08:00:00", "date": "2025-12-16", "hour": 8}}, {"type": "Feature", "geometry": {"type": "Point", "coordinates": [5.25, 52.75]}, "properties": {"value": 6.812, "time": "2025-12-16T09:00:00", "date": "2025-12-16", "hour": 9}}, {"type": "Feature", "geometry": {"type": "Point", "coordinates": [5.5, 52.75]}, "properties": {"value": 6.813, "time": "2025-12-16T09:00:00", "date": "2025-12-16", "hour": 9}}, {"type": "Feature", "geometry": {"type": "Point", "coordinates": [5.0, 53.0]}, "properties": {"value": 7.319, "time": "2025-12-16T09:00:00", "date": "2025-12-16", "hour": 9}}, {"type": "Feature", "geometry": {"type": "Point", "coordinates": [5.25, 53.0]}, "properties": {"value": 7.042, "time": "2025-12-16T09:00:00", "date": "2025-12-16", "hour": 9}}, {"type": "Feature", "geometry": {"type": "Point", "coordinates": [5.5, 53.0]}, "properties": {"value": 6.799, "time": "2025-12-16T09:00:00", "date": "2025-12-16", "hour": 9}}, {"type": "Feature", "geometry": {"type": "Point", "coordinates": [5.0, 53.25]}, "properties": {"value": 8.008, "time": "2025-12-16T09:00:00", "date": "2025-12-16", "hour": 9}}, {"type": "Feature", "geometry": {"type": "Point", "coordinates": [5.25, 53.25]}, "properties": {"value": 7.442, "time": "2025-12-16T09:00:00", "date": "2025-12-16", "hour": 9}}, {"type": "Feature", "geometry": {"type": "Point", "coordinates": [5.5, 53.25]}, "properties": {"value": 7.099, "time": "2025-12-16T09:00:00", "date": "2025-12-16", "hour": 9}}, {"type": "Feature", "geometry": {"type": "Point", "coordinates": [5.0, 53.5]}, "properties": {"value": 9.558, "time": "2025-12-16T09:00:00", "date": "2025-12-16", "hour": 9}}, {"type": "Feature", "geometry": {"type": "Point", "coordinates": [5.25, 53.5]}, "properties": {"value": 8.981, "time": "2025-12-16T09:00:00", "date": "2025-12-16", "hour": 9}}, {"type": "Feature", "geometry": {"type": "Point", "coordinates": [5.5, 53.5]}, "properties": {"value": 8.797, "time": "2025-12-16T09:00:00", "date": "2025-12-16", "hour": 9}}, {"type": "Feature", "geometry": {"type": "Point", "coordinates": [5.75, 53.5]}, "properties": {"value": 8.375, "time": "2025-12-16T09:00:00", "date": "2025-12-16", "hour": 9}}, {"type": "Feature", "geometry": {"type": "Point", "coordinates": [6.0, 53.5]}, "properties": {"value": 8.022, "time": "2025-12-16T09:00:00", "date": "2025-12-16", "hour": 9}}, {"type": "Feature", "geometry": {"type": "Point", "coordinates": [6.25, 53.5]}, "properties": {"value": 7.727, "time": "2025-12-16T09:00:00", "date": "2025-12-16", "hour": 9}}, {"type": "Feature", "geometry": {"type": "Point", "coordinates": [6.5, 53.5]}, "properties": {"value": 7.554, "time": "2025-12-16T09:00:00", "date": "2025-12-16", "hour": 9}}, {"type": "Feature", "geometry": {"type": "Point", "coordinates": [6.75, 53.5]}, "properties": {"value": 7.247, "time": "2025-12-16T09:00:00", "date": "2025-12-16", "hour": 9}}, {"type": "Feature", "geometry": {"type": "Point", "coordinates": [5.0, 53.75]}, "properties": {"value": 10.229, "time": "2025-12-16T09:00:00", "date": "2025-12-16", "hour": 9}}, {"type": "Feature", "geometry": {"type": "Point", "coordinates": [5.25, 53.75]}, "properties": {"value": 9.866, "time": "2025-12-16T09:00:00", "date": "2025-12-16", "hour": 9}}, {"type": "Feature", "geometry": {"type": "Point", "coordinates": [5.5, 53.75]}, "properties": {"value": 9.563, "time": "2025-12-16T09:00:00", "date": "2025-12-16", "hour": 9}}, {"type": "Feature", "geometry": {"type": "Point", "coordinates": [5.75, 53.75]}, "properties": {"value": 9.251, "time": "2025-12-16T09:00:00", "date": "2025-12-16", "hour": 9}}, {"type": "Feature", "geometry": {"type": "Point", "coordinates": [6.0, 53.75]}, "properties": {"value": 8.924, "time": "2025-12-16T09:00:00", "date": "2025-12-16", "hour": 9}}, {"type": "Feature", "geometry": {"type": "Point", "coordinates": [6.25, 53.75]}, "properties": {"value": 8.53, "time": "2025-12-16T09:00:00", "date": "2025-12-16", "hour": 9}}, {"type": "Feature", "geometry": {"type": "Point", "coordinates": [6.5, 53.75]}, "properties": {"value": 8.097, "time": "2025-12-16T09:00:00", "date": "2025-12-16", "hour": 9}}, {"type": "Feature", "geometry": {"type": "Point", "coordinates": [6.75, 53.75]}, "properties": {"value": 7.733, "time": "2025-12-16T09:00:00", "date": "2025-12-16", "hour": 9}}, {"type": "Feature", "geometry": {"type": "Point", "coordinates": [7.0, 53.75]}, "properties": {"value": 7.699, "time": "2025-12-16T09:00:00", "date": "2025-12-16", "hour": 9}}, {"type": "Feature", "geometry": {"type": "Point", "coordinates": [7.25, 53.75]}, "properties": {"value": 7.42, "time": "2025-12-16T09:00:00", "date": "2025-12-16", "hour": 9}}, {"type": "Feature", "geometry": {"type": "Point", "coordinates": [7.5, 53.75]}, "properties": {"value": 7.347, "time": "2025-12-16T09:00:00", "date": "2025-12-16", "hour": 9}}, {"type": "Feature", "geometry": {"type": "Point", "coordinates": [7.75, 53.75]}, "properties": {"value": 7.335, "time": "2025-12-16T09:00:00", "date": "2025-12-16", "hour": 9}}, {"type": "Feature", "geometry": {"type": "Point", "coordinates": [8.0, 53.75]}, "properties": {"value": 7.199, "time": "2025-12-16T09:00:00", "date": "2025-12-16", "hour": 9}}, {"type": "Feature", "geometry": {"type": "Point", "coordinates": [8.25, 53.75]}, "properties": {"value": 6.78, "time": "2025-12-16T09:00:00", "date": "2025-12-16", "hour": 9}}, {"type": "Feature", "geometry": {"type": "Point", "coordinates": [8.5, 53.75]}, "properties": {"value": 6.318, "time": "2025-12-16T09:00:00", "date": "2025-12-16", "hour": 9}}, {"type": "Feature", "geometry": {"type": "Point", "coordinates": [8.75, 53.75]}, "properties": {"value": 6.318, "time": "2025-12-16T09:00:00", "date": "2025-12-16", "hour": 9}}, {"type": "Feature", "geometry": {"type": "Point", "coordinates": [14.25, 53.75]}, "properties": {"value": 4.019, "time": "2025-12-16T09:00:00", "date": "2025-12-16", "hour": 9}}, {"type": "Feature", "geometry": {"type": "Point", "coordinates": [14.5, 53.75]}, "properties": {"value": 4.019, "time": "2025-12-16T09:00:00", "date": "2025-12-16", "hour": 9}}, {"type": "Feature", "geometry": {"type": "Point", "coordinates": [5.0, 54.0]}, "properties": {"value": 10.358, "time": "2025-12-16T09:00:00", "date": "2025-12-16", "hour": 9}}, {"type": "Feature", "geometry": {"type": "Point", "coordinates": [5.25, 54.0]}, "properties": {"value": 10.289, "time": "2025-12-16T09:00:00", "date": "2025-12-16", "hour": 9}}, {"type": "Feature", "geometry": {"type": "Point", "coordinates": [5.5, 54.0]}, "properties": {"value": 9.988, "time": "2025-12-16T09:00:00", "date": "2025-12-16", "hour": 9}}, {"type": "Feature", "geometry": {"type": "Point", "coordinates": [5.75, 54.0]}, "properties": {"value": 9.715, "time": "2025-12-16T09:00:00", "date": "2025-12-16", "hour": 9}}, {"type": "Feature", "geometry": {"type": "Point", "coordinates": [6.0, 54.0]}, "properties": {"value": 9.437, "time": "2025-12-16T09:00:00", "date": "2025-12-16", "hour": 9}}, {"type": "Feature", "geometry": {"type": "Point", "coordinates": [6.25, 54.0]}, "properties": {"value": 9.104, "time": "2025-12-16T09:00:00", "date": "2025-12-16", "hour": 9}}, {"type": "Feature", "geometry": {"type": "Point", "coordinates": [6.5, 54.0]}, "properties": {"value": 8.729, "time": "2025-12-16T09:00:00", "date": "2025-12-16", "hour": 9}}, {"type": "Feature", "geometry": {"type": "Point", "coordinates": [6.75, 54.0]}, "properties": {"value": 8.619, "time": "2025-12-16T09:00:00", "date": "2025-12-16", "hour": 9}}, {"type": "Feature", "geometry": {"type": "Point", "coordinates": [7.0, 54.0]}, "properties": {"value": 8.61, "time": "2025-12-16T09:00:00", "date": "2025-12-16", "hour": 9}}, {"type": "Feature", "geometry": {"type": "Point", "coordinates": [7.25, 54.0]}, "properties": {"value": 8.44, "time": "2025-12-16T09:00:00", "date": "2025-12-16", "hour": 9}}, {"type": "Feature", "geometry": {"type": "Point", "coordinates": [7.5, 54.0]}, "properties": {"value": 8.324, "time": "2025-12-16T09:00:00", "date": "2025-12-16", "hour": 9}}, {"type": "Feature", "geometry": {"type": "Point", "coordinates": [7.75, 54.0]}, "properties": {"value": 8.191, "time": "2025-12-16T09:00:00", "date": "2025-12-16", "hour": 9}}, {"type": "Feature", "geometry": {"type": "Point", "coordinates": [8.0, 54.0]}, "properties": {"value": 8.098, "time": "2025-12-16T09:00:00", "date": "2025-12-16", "hour": 9}}, {"type": "Feature", "geometry": {"type": "Point", "coordinates": [8.25, 54.0]}, "properties": {"value": 7.782, "time": "2025-12-16T09:00:00", "date": "2025-12-16", "hour": 9}}, {"type": "Feature", "geometry": {"type": "Point", "coordinates": [8.5, 54.0]}, "properties": {"value": 6.801, "time": "2025-12-16T09:00:00", "date": "2025-12-16", "hour": 9}}, {"type": "Feature", "geometry": {"type": "Point", "coordinates": [11.25, 54.0]}, "properties": {"value": 6.357, "time": "2025-12-16T09:00:00", "date": "2025-12-16", "hour": 9}}, {"type": "Feature", "geometry": {"type": "Point", "coordinates": [14.0, 54.0]}, "properties": {"value": 5.063, "time": "2025-12-16T09:00:00", "date": "2025-12-16", "hour": 9}}, {"type": "Feature", "geometry": {"type": "Point", "coordinates": [14.25, 54.0]}, "properties": {"value": 5.53, "time": "2025-12-16T09:00:00", "date": "2025-12-16", "hour": 9}}, {"type": "Feature", "geometry": {"type": "Point", "coordinates": [14.5, 54.0]}, "properties": {"value": 5.315, "time": "2025-12-16T09:00:00", "date": "2025-12-16", "hour": 9}}, {"type": "Feature", "geometry": {"type": "Point", "coordinates": [14.75, 54.0]}, "properties": {"value": 5.745, "time": "2025-12-16T09:00:00", "date": "2025-12-16", "hour": 9}}, {"type": "Feature", "geometry": {"type": "Point", "coordinates": [5.0, 54.25]}, "properties": {"value": 10.358, "time": "2025-12-16T09:00:00", "date": "2025-12-16", "hour": 9}}, {"type": "Feature", "geometry": {"type": "Point", "coordinates": [5.25, 54.25]}, "properties": {"value": 10.323, "time": "2025-12-16T09:00:00", "date": "2025-12-16", "hour": 9}}, {"type": "Feature", "geometry": {"type": "Point", "coordinates": [5.5, 54.25]}, "properties": {"value": 10.215, "time": "2025-12-16T09:00:00", "date": "2025-12-16", "hour": 9}}, {"type": "Feature", "geometry": {"type": "Point", "coordinates": [5.75, 54.25]}, "properties": {"value": 9.978, "time": "2025-12-16T09:00:00", "date": "2025-12-16", "hour": 9}}, {"type": "Feature", "geometry": {"type": "Point", "coordinates": [6.0, 54.25]}, "properties": {"value": 9.837, "time": "2025-12-16T09:00:00", "date": "2025-12-16", "hour": 9}}, {"type": "Feature", "geometry": {"type": "Point", "coordinates": [6.25, 54.25]}, "properties": {"value": 9.578, "time": "2025-12-16T09:00:00", "date": "2025-12-16", "hour": 9}}, {"type": "Feature", "geometry": {"type": "Point", "coordinates": [6.5, 54.25]}, "properties": {"value": 9.419, "time": "2025-12-16T09:00:00", "date": "2025-12-16", "hour": 9}}, {"type": "Feature", "geometry": {"type": "Point", "coordinates": [6.75, 54.25]}, "properties": {"value": 9.317, "time": "2025-12-16T09:00:00", "date": "2025-12-16", "hour": 9}}, {"type": "Feature", "geometry": {"type": "Point", "coordinates": [7.0, 54.25]}, "properties": {"value": 9.259, "time": "2025-12-16T09:00:00", "date": "2025-12-16", "hour": 9}}, {"type": "Feature", "geometry": {"type": "Point", "coordinates": [7.25, 54.25]}, "properties": {"value": 9.112, "time": "2025-12-16T09:00:00", "date": "2025-12-16", "hour": 9}}, {"type": "Feature", "geometry": {"type": "Point", "coordinates": [7.5, 54.25]}, "properties": {"value": 8.909, "time": "2025-12-16T09:00:00", "date": "2025-12-16", "hour": 9}}, {"type": "Feature", "geometry": {"type": "Point", "coordinates": [7.75, 54.25]}, "properties": {"value": 8.648, "time": "2025-12-16T09:00:00", "date": "2025-12-16", "hour": 9}}, {"type": "Feature", "geometry": {"type": "Point", "coordinates": [8.0, 54.25]}, "properties": {"value": 8.501, "time": "2025-12-16T09:00:00", "date": "2025-12-16", "hour": 9}}, {"type": "Feature", "geometry": {"type": "Point", "coordinates": [8.25, 54.25]}, "properties": {"value": 7.519, "time": "2025-12-16T09:00:00", "date": "2025-12-16", "hour": 9}}, {"type": "Feature", "geometry": {"type": "Point", "coordinates": [8.5, 54.25]}, "properties": {"value": 6.558, "time": "2025-12-16T09:00:00", "date": "2025-12-16", "hour": 9}}, {"type": "Feature", "geometry": {"type": "Point", "coordinates": [10.75, 54.25]}, "properties": {"value": 6.417, "time": "2025-12-16T09:00:00", "date": "2025-12-16", "hour": 9}}, {"type": "Feature", "geometry": {"type": "Point", "coordinates": [11.25, 54.25]}, "properties": {"value": 6.624, "time": "2025-12-16T09:00:00", "date": "2025-12-16", "hour": 9}}, {"type": "Feature", "geometry": {"type": "Point", "coordinates": [11.75, 54.25]}, "properties": {"value": 6.805, "time": "2025-12-16T09:00:00", "date": "2025-12-16", "hour": 9}}, {"type": "Feature", "geometry": {"type": "Point", "coordinates": [12.25, 54.25]}, "properties": {"value": 6.282, "time": "2025-12-16T09:00:00", "date": "2025-12-16", "hour": 9}}, {"type": "Feature", "geometry": {"type": "Point", "coordinates": [13.75, 54.25]}, "properties": {"value": 5.208, "time": "2025-12-16T09:00:00", "date": "2025-12-16", "hour": 9}}, {"type": "Feature", "geometry": {"type": "Point", "coordinates": [14.0, 54.25]}, "properties": {"value": 5.585, "time": "2025-12-16T09:00:00", "date": "2025-12-16", "hour": 9}}, {"type": "Feature", "geometry": {"type": "Point", "coordinates": [14.25, 54.25]}, "properties": {"value": 5.873, "time": "2025-12-16T09:00:00", "date": "2025-12-16", "hour": 9}}, {"type": "Feature", "geometry": {"type": "Point", "coordinates": [14.5, 54.25]}, "properties": {"value": 5.816, "time": "2025-12-16T09:00:00", "date": "2025-12-16", "hour": 9}}, {"type": "Feature", "geometry": {"type": "Point", "coordinates": [14.75, 54.25]}, "properties": {"value": 6.102, "time": "2025-12-16T09:00:00", "date": "2025-12-16", "hour": 9}}, {"type": "Feature", "geometry": {"type": "Point", "coordinates": [15.0, 54.25]}, "properties": {"value": 6.699, "time": "2025-12-16T09:00:00", "date": "2025-12-16", "hour": 9}}, {"type": "Feature", "geometry": {"type": "Point", "coordinates": [5.0, 54.5]}, "properties": {"value": 10.326, "time": "2025-12-16T09:00:00", "date": "2025-12-16", "hour": 9}}, {"type": "Feature", "geometry": {"type": "Point", "coordinates": [5.25, 54.5]}, "properties": {"value": 10.398, "time": "2025-12-16T09:00:00", "date": "2025-12-16", "hour": 9}}, {"type": "Feature", "geometry": {"type": "Point", "coordinates": [5.5, 54.5]}, "properties": {"value": 10.352, "time": "2025-12-16T09:00:00", "date": "2025-12-16", "hour": 9}}, {"type": "Feature", "geometry": {"type": "Point", "coordinates": [5.75, 54.5]}, "properties": {"value": 10.232, "time": "2025-12-16T09:00:00", "date": "2025-12-16", "hour": 9}}, {"type": "Feature", "geometry": {"type": "Point", "coordinates": [6.0, 54.5]}, "properties": {"value": 10.123, "time": "2025-12-16T09:00:00", "date": "2025-12-16", "hour": 9}}, {"type": "Feature", "geometry": {"type": "Point", "coordinates": [6.25, 54.5]}, "properties": {"value": 10.017, "time": "2025-12-16T09:00:00", "date": "2025-12-16", "hour": 9}}, {"type": "Feature", "geometry": {"type": "Point", "coordinates": [6.5, 54.5]}, "properties": {"value": 9.854, "time": "2025-12-16T09:00:00", "date": "2025-12-16", "hour": 9}}, {"type": "Feature", "geometry": {"type": "Point", "coordinates": [6.75, 54.5]}, "properties": {"value": 9.744, "time": "2025-12-16T09:00:00", "date": "2025-12-16", "hour": 9}}, {"type": "Feature", "geometry": {"type": "Point", "coordinates": [7.0, 54.5]}, "properties": {"value": 9.655, "time": "2025-12-16T09:00:00", "date": "2025-12-16", "hour": 9}}, {"type": "Feature", "geometry": {"type": "Point", "coordinates": [7.25, 54.5]}, "properties": {"value": 9.301, "time": "2025-12-16T09:00:00", "date": "2025-12-16", "hour": 9}}, {"type": "Feature", "geometry": {"type": "Point", "coordinates": [7.5, 54.5]}, "properties": {"value": 9.048, "time": "2025-12-16T09:00:00", "date": "2025-12-16", "hour": 9}}, {"type": "Feature", "geometry": {"type": "Point", "coordinates": [7.75, 54.5]}, "properties": {"value": 8.751, "time": "2025-12-16T09:00:00", "date": "2025-12-16", "hour": 9}}, {"type": "Feature", "geometry": {"type": "Point", "coordinates": [8.0, 54.5]}, "properties": {"value": 7.841, "time": "2025-12-16T09:00:00", "date": "2025-12-16", "hour": 9}}, {"type": "Feature", "geometry": {"type": "Point", "coordinates": [8.25, 54.5]}, "properties": {"value": 6.972, "time": "2025-12-16T09:00:00", "date": "2025-12-16", "hour": 9}}, {"type": "Feature", "geometry": {"type": "Point", "coordinates": [8.5, 54.5]}, "properties": {"value": 6.117, "time": "2025-12-16T09:00:00", "date": "2025-12-16", "hour": 9}}, {"type": "Feature", "geometry": {"type": "Point", "coordinates": [10.5, 54.5]}, "properties": {"value": 6.819, "time": "2025-12-16T09:00:00", "date": "2025-12-16", "hour": 9}}, {"type": "Feature", "geometry": {"type": "Point", "coordinates": [10.75, 54.5]}, "properties": {"value": 6.623, "time": "2025-12-16T09:00:00", "date": "2025-12-16", "hour": 9}}, {"type": "Feature", "geometry": {"type": "Point", "coordinates": [11.0, 54.5]}, "properties": {"value": 6.469, "time": "2025-12-16T09:00:00", "date": "2025-12-16", "hour": 9}}, {"type": "Feature", "geometry": {"type": "Point", "coordinates": [11.25, 54.5]}, "properties": {"value": 6.7, "time": "2025-12-16T09:00:00", "date": "2025-12-16", "hour": 9}}, {"type": "Feature", "geometry": {"type": "Point", "coordinates": [11.5, 54.5]}, "properties": {"value": 6.676, "time": "2025-12-16T09:00:00", "date": "2025-12-16", "hour": 9}}, {"type": "Feature", "geometry": {"type": "Point", "coordinates": [11.75, 54.5]}, "properties": {"value": 6.785, "time": "2025-12-16T09:00:00", "date": "2025-12-16", "hour": 9}}, {"type": "Feature", "geometry": {"type": "Point", "coordinates": [12.0, 54.5]}, "properties": {"value": 6.632, "time": "2025-12-16T09:00:00", "date": "2025-12-16", "hour": 9}}, {"type": "Feature", "geometry": {"type": "Point", "coordinates": [12.25, 54.5]}, "properties": {"value": 6.445, "time": "2025-12-16T09:00:00", "date": "2025-12-16", "hour": 9}}, {"type": "Feature", "geometry": {"type": "Point", "coordinates": [13.0, 54.5]}, "properties": {"value": 6.844, "time": "2025-12-16T09:00:00", "date": "2025-12-16", "hour": 9}}, {"type": "Feature", "geometry": {"type": "Point", "coordinates": [13.25, 54.5]}, "properties": {"value": 6.297, "time": "2025-12-16T09:00:00", "date": "2025-12-16", "hour": 9}}, {"type": "Feature", "geometry": {"type": "Point", "coordinates": [13.5, 54.5]}, "properties": {"value": 6.049, "time": "2025-12-16T09:00:00", "date": "2025-12-16", "hour": 9}}, {"type": "Feature", "geometry": {"type": "Point", "coordinates": [13.75, 54.5]}, "properties": {"value": 6.15, "time": "2025-12-16T09:00:00", "date": "2025-12-16", "hour": 9}}, {"type": "Feature", "geometry": {"type": "Point", "coordinates": [14.0, 54.5]}, "properties": {"value": 6.496, "time": "2025-12-16T09:00:00", "date": "2025-12-16", "hour": 9}}, {"type": "Feature", "geometry": {"type": "Point", "coordinates": [14.25, 54.5]}, "properties": {"value": 6.531, "time": "2025-12-16T09:00:00", "date": "2025-12-16", "hour": 9}}, {"type": "Feature", "geometry": {"type": "Point", "coordinates": [14.5, 54.5]}, "properties": {"value": 6.777, "time": "2025-12-16T09:00:00", "date": "2025-12-16", "hour": 9}}, {"type": "Feature", "geometry": {"type": "Point", "coordinates": [14.75, 54.5]}, "properties": {"value": 6.974, "time": "2025-12-16T09:00:00", "date": "2025-12-16", "hour": 9}}, {"type": "Feature", "geometry": {"type": "Point", "coordinates": [15.0, 54.5]}, "properties": {"value": 7.613, "time": "2025-12-16T09:00:00", "date": "2025-12-16", "hour": 9}}, {"type": "Feature", "geometry": {"type": "Point", "coordinates": [5.0, 54.75]}, "properties": {"value": 10.267, "time": "2025-12-16T09:00:00", "date": "2025-12-16", "hour": 9}}, {"type": "Feature", "geometry": {"type": "Point", "coordinates": [5.25, 54.75]}, "properties": {"value": 10.34, "time": "2025-12-16T09:00:00", "date": "2025-12-16", "hour": 9}}, {"type": "Feature", "geometry": {"type": "Point", "coordinates": [5.5, 54.75]}, "properties": {"value": 10.381, "time": "2025-12-16T09:00:00", "date": "2025-12-16", "hour": 9}}, {"type": "Feature", "geometry": {"type": "Point", "coordinates": [5.75, 54.75]}, "properties": {"value": 10.38, "time": "2025-12-16T09:00:00", "date": "2025-12-16", "hour": 9}}, {"type": "Feature", "geometry": {"type": "Point", "coordinates": [6.0, 54.75]}, "properties": {"value": 10.299, "time": "2025-12-16T09:00:00", "date": "2025-12-16", "hour": 9}}, {"type": "Feature", "geometry": {"type": "Point", "coordinates": [6.25, 54.75]}, "properties": {"value": 10.196, "time": "2025-12-16T09:00:00", "date": "2025-12-16", "hour": 9}}, {"type": "Feature", "geometry": {"type": "Point", "coordinates": [6.5, 54.75]}, "properties": {"value": 10.082, "time": "2025-12-16T09:00:00", "date": "2025-12-16", "hour": 9}}, {"type": "Feature", "geometry": {"type": "Point", "coordinates": [6.75, 54.75]}, "properties": {"value": 9.954, "time": "2025-12-16T09:00:00", "date": "2025-12-16", "hour": 9}}, {"type": "Feature", "geometry": {"type": "Point", "coordinates": [7.0, 54.75]}, "properties": {"value": 9.864, "time": "2025-12-16T09:00:00", "date": "2025-12-16", "hour": 9}}, {"type": "Feature", "geometry": {"type": "Point", "coordinates": [7.25, 54.75]}, "properties": {"value": 9.502, "time": "2025-12-16T09:00:00", "date": "2025-12-16", "hour": 9}}, {"type": "Feature", "geometry": {"type": "Point", "coordinates": [7.5, 54.75]}, "properties": {"value": 9.154, "time": "2025-12-16T09:00:00", "date": "2025-12-16", "hour": 9}}, {"type": "Feature", "geometry": {"type": "Point", "coordinates": [7.75, 54.75]}, "properties": {"value": 8.209, "time": "2025-12-16T09:00:00", "date": "2025-12-16", "hour": 9}}, {"type": "Feature", "geometry": {"type": "Point", "coordinates": [8.0, 54.75]}, "properties": {"value": 7.254, "time": "2025-12-16T09:00:00", "date": "2025-12-16", "hour": 9}}, {"type": "Feature", "geometry": {"type": "Point", "coordinates": [8.25, 54.75]}, "properties": {"value": 6.497, "time": "2025-12-16T09:00:00", "date": "2025-12-16", "hour": 9}}, {"type": "Feature", "geometry": {"type": "Point", "coordinates": [8.5, 54.75]}, "properties": {"value": 5.865, "time": "2025-12-16T09:00:00", "date": "2025-12-16", "hour": 9}}, {"type": "Feature", "geometry": {"type": "Point", "coordinates": [10.25, 54.75]}, "properties": {"value": 7.163, "time": "2025-12-16T09:00:00", "date": "2025-12-16", "hour": 9}}, {"type": "Feature", "geometry": {"type": "Point", "coordinates": [10.5, 54.75]}, "properties": {"value": 7.016, "time": "2025-12-16T09:00:00", "date": "2025-12-16", "hour": 9}}, {"type": "Feature", "geometry": {"type": "Point", "coordinates": [10.75, 54.75]}, "properties": {"value": 6.83, "time": "2025-12-16T09:00:00", "date": "2025-12-16", "hour": 9}}, {"type": "Feature", "geometry": {"type": "Point", "coordinates": [11.0, 54.75]}, "properties": {"value": 6.646, "time": "2025-12-16T09:00:00", "date": "2025-12-16", "hour": 9}}, {"type": "Feature", "geometry": {"type": "Point", "coordinates": [11.25, 54.75]}, "properties": {"value": 6.313, "time": "2025-12-16T09:00:00", "date": "2025-12-16", "hour": 9}}, {"type": "Feature", "geometry": {"type": "Point", "coordinates": [11.5, 54.75]}, "properties": {"value": 6.009, "time": "2025-12-16T09:00:00", "date": "2025-12-16", "hour": 9}}, {"type": "Feature", "geometry": {"type": "Point", "coordinates": [12.0, 54.75]}, "properties": {"value": 6.154, "time": "2025-12-16T09:00:00", "date": "2025-12-16", "hour": 9}}, {"type": "Feature", "geometry": {"type": "Point", "coordinates": [12.25, 54.75]}, "properties": {"value": 6.574, "time": "2025-12-16T09:00:00", "date": "2025-12-16", "hour": 9}}, {"type": "Feature", "geometry": {"type": "Point", "coordinates": [12.5, 54.75]}, "properties": {"value": 6.943, "time": "2025-12-16T09:00:00", "date": "2025-12-16", "hour": 9}}, {"type": "Feature", "geometry": {"type": "Point", "coordinates": [12.75, 54.75]}, "properties": {"value": 7.042, "time": "2025-12-16T09:00:00", "date": "2025-12-16", "hour": 9}}, {"type": "Feature", "geometry": {"type": "Point", "coordinates": [13.0, 54.75]}, "properties": {"value": 6.97, "time": "2025-12-16T09:00:00", "date": "2025-12-16", "hour": 9}}, {"type": "Feature", "geometry": {"type": "Point", "coordinates": [13.25, 54.75]}, "properties": {"value": 6.999, "time": "2025-12-16T09:00:00", "date": "2025-12-16", "hour": 9}}, {"type": "Feature", "geometry": {"type": "Point", "coordinates": [13.5, 54.75]}, "properties": {"value": 7.044, "time": "2025-12-16T09:00:00", "date": "2025-12-16", "hour": 9}}, {"type": "Feature", "geometry": {"type": "Point", "coordinates": [13.75, 54.75]}, "properties": {"value": 7.144, "time": "2025-12-16T09:00:00", "date": "2025-12-16", "hour": 9}}, {"type": "Feature", "geometry": {"type": "Point", "coordinates": [14.0, 54.75]}, "properties": {"value": 7.238, "time": "2025-12-16T09:00:00", "date": "2025-12-16", "hour": 9}}, {"type": "Feature", "geometry": {"type": "Point", "coordinates": [14.25, 54.75]}, "properties": {"value": 7.402, "time": "2025-12-16T09:00:00", "date": "2025-12-16", "hour": 9}}, {"type": "Feature", "geometry": {"type": "Point", "coordinates": [14.5, 54.75]}, "properties": {"value": 7.803, "time": "2025-12-16T09:00:00", "date": "2025-12-16", "hour": 9}}, {"type": "Feature", "geometry": {"type": "Point", "coordinates": [14.75, 54.75]}, "properties": {"value": 7.963, "time": "2025-12-16T09:00:00", "date": "2025-12-16", "hour": 9}}, {"type": "Feature", "geometry": {"type": "Point", "coordinates": [15.0, 54.75]}, "properties": {"value": 8.052, "time": "2025-12-16T09:00:00", "date": "2025-12-16", "hour": 9}}, {"type": "Feature", "geometry": {"type": "Point", "coordinates": [5.0, 55.0]}, "properties": {"value": 10.113, "time": "2025-12-16T09:00:00", "date": "2025-12-16", "hour": 9}}, {"type": "Feature", "geometry": {"type": "Point", "coordinates": [5.25, 55.0]}, "properties": {"value": 10.274, "time": "2025-12-16T09:00:00", "date": "2025-12-16", "hour": 9}}, {"type": "Feature", "geometry": {"type": "Point", "coordinates": [5.5, 55.0]}, "properties": {"value": 10.323, "time": "2025-12-16T09:00:00", "date": "2025-12-16", "hour": 9}}, {"type": "Feature", "geometry": {"type": "Point", "coordinates": [5.75, 55.0]}, "properties": {"value": 10.323, "time": "2025-12-16T09:00:00", "date": "2025-12-16", "hour": 9}}, {"type": "Feature", "geometry": {"type": "Point", "coordinates": [6.0, 55.0]}, "properties": {"value": 10.274, "time": "2025-12-16T09:00:00", "date": "2025-12-16", "hour": 9}}, {"type": "Feature", "geometry": {"type": "Point", "coordinates": [6.25, 55.0]}, "properties": {"value": 10.224, "time": "2025-12-16T09:00:00", "date": "2025-12-16", "hour": 9}}, {"type": "Feature", "geometry": {"type": "Point", "coordinates": [6.5, 55.0]}, "properties": {"value": 10.116, "time": "2025-12-16T09:00:00", "date": "2025-12-16", "hour": 9}}, {"type": "Feature", "geometry": {"type": "Point", "coordinates": [6.75, 55.0]}, "properties": {"value": 9.98, "time": "2025-12-16T09:00:00", "date": "2025-12-16", "hour": 9}}, {"type": "Feature", "geometry": {"type": "Point", "coordinates": [7.0, 55.0]}, "properties": {"value": 9.81, "time": "2025-12-16T09:00:00", "date": "2025-12-16", "hour": 9}}, {"type": "Feature", "geometry": {"type": "Point", "coordinates": [7.25, 55.0]}, "properties": {"value": 9.486, "time": "2025-12-16T09:00:00", "date": "2025-12-16", "hour": 9}}, {"type": "Feature", "geometry": {"type": "Point", "coordinates": [7.5, 55.0]}, "properties": {"value": 9.176, "time": "2025-12-16T09:00:00", "date": "2025-12-16", "hour": 9}}, {"type": "Feature", "geometry": {"type": "Point", "coordinates": [7.75, 55.0]}, "properties": {"value": 8.262, "time": "2025-12-16T09:00:00", "date": "2025-12-16", "hour": 9}}, {"type": "Feature", "geometry": {"type": "Point", "coordinates": [8.0, 55.0]}, "properties": {"value": 7.421, "time": "2025-12-16T09:00:00", "date": "2025-12-16", "hour": 9}}, {"type": "Feature", "geometry": {"type": "Point", "coordinates": [8.25, 55.0]}, "properties": {"value": 6.589, "time": "2025-12-16T09:00:00", "date": "2025-12-16", "hour": 9}}, {"type": "Feature", "geometry": {"type": "Point", "coordinates": [8.5, 55.0]}, "properties": {"value": 5.959, "time": "2025-12-16T09:00:00", "date": "2025-12-16", "hour": 9}}, {"type": "Feature", "geometry": {"type": "Point", "coordinates": [10.25, 55.0]}, "properties": {"value": 7.051, "time": "2025-12-16T09:00:00", "date": "2025-12-16", "hour": 9}}, {"type": "Feature", "geometry": {"type": "Point", "coordinates": [10.5, 55.0]}, "properties": {"value": 6.888, "time": "2025-12-16T09:00:00", "date": "2025-12-16", "hour": 9}}, {"type": "Feature", "geometry": {"type": "Point", "coordinates": [10.75, 55.0]}, "properties": {"value": 6.727, "time": "2025-12-16T09:00:00", "date": "2025-12-16", "hour": 9}}, {"type": "Feature", "geometry": {"type": "Point", "coordinates": [11.0, 55.0]}, "properties": {"value": 6.484, "time": "2025-12-16T09:00:00", "date": "2025-12-16", "hour": 9}}, {"type": "Feature", "geometry": {"type": "Point", "coordinates": [11.25, 55.0]}, "properties": {"value": 6.052, "time": "2025-12-16T09:00:00", "date": "2025-12-16", "hour": 9}}, {"type": "Feature", "geometry": {"type": "Point", "coordinates": [11.5, 55.0]}, "properties": {"value": 5.719, "time": "2025-12-16T09:00:00", "date": "2025-12-16", "hour": 9}}, {"type": "Feature", "geometry": {"type": "Point", "coordinates": [11.75, 55.0]}, "properties": {"value": 5.292, "time": "2025-12-16T09:00:00", "date": "2025-12-16", "hour": 9}}, {"type": "Feature", "geometry": {"type": "Point", "coordinates": [12.0, 55.0]}, "properties": {"value": 5.625, "time": "2025-12-16T09:00:00", "date": "2025-12-16", "hour": 9}}, {"type": "Feature", "geometry": {"type": "Point", "coordinates": [12.25, 55.0]}, "properties": {"value": 6.174, "time": "2025-12-16T09:00:00", "date": "2025-12-16", "hour": 9}}, {"type": "Feature", "geometry": {"type": "Point", "coordinates": [12.5, 55.0]}, "properties": {"value": 7.017, "time": "2025-12-16T09:00:00", "date": "2025-12-16", "hour": 9}}, {"type": "Feature", "geometry": {"type": "Point", "coordinates": [12.75, 55.0]}, "properties": {"value": 7.281, "time": "2025-12-16T09:00:00", "date": "2025-12-16", "hour": 9}}, {"type": "Feature", "geometry": {"type": "Point", "coordinates": [13.0, 55.0]}, "properties": {"value": 7.358, "time": "2025-12-16T09:00:00", "date": "2025-12-16", "hour": 9}}, {"type": "Feature", "geometry": {"type": "Point", "coordinates": [13.25, 55.0]}, "properties": {"value": 7.385, "time": "2025-12-16T09:00:00", "date": "2025-12-16", "hour": 9}}, {"type": "Feature", "geometry": {"type": "Point", "coordinates": [13.5, 55.0]}, "properties": {"value": 7.365, "time": "2025-12-16T09:00:00", "date": "2025-12-16", "hour": 9}}, {"type": "Feature", "geometry": {"type": "Point", "coordinates": [13.75, 55.0]}, "properties": {"value": 7.413, "time": "2025-12-16T09:00:00", "date": "2025-12-16", "hour": 9}}, {"type": "Feature", "geometry": {"type": "Point", "coordinates": [14.0, 55.0]}, "properties": {"value": 7.438, "time": "2025-12-16T09:00:00", "date": "2025-12-16", "hour": 9}}, {"type": "Feature", "geometry": {"type": "Point", "coordinates": [14.25, 55.0]}, "properties": {"value": 7.563, "time": "2025-12-16T09:00:00", "date": "2025-12-16", "hour": 9}}, {"type": "Feature", "geometry": {"type": "Point", "coordinates": [14.5, 55.0]}, "properties": {"value": 7.666, "time": "2025-12-16T09:00:00", "date": "2025-12-16", "hour": 9}}, {"type": "Feature", "geometry": {"type": "Point", "coordinates": [14.75, 55.0]}, "properties": {"value": 7.713, "time": "2025-12-16T09:00:00", "date": "2025-12-16", "hour": 9}}, {"type": "Feature", "geometry": {"type": "Point", "coordinates": [15.0, 55.0]}, "properties": {"value": 7.778, "time": "2025-12-16T09:00:00", "date": "2025-12-16", "hour": 9}}, {"type": "Feature", "geometry": {"type": "Point", "coordinates": [5.25, 52.75]}, "properties": {"value": 6.812, "time": "2025-12-16T10:00:00", "date": "2025-12-16", "hour": 10}}, {"type": "Feature", "geometry": {"type": "Point", "coordinates": [5.5, 52.75]}, "properties": {"value": 6.813, "time": "2025-12-16T10:00:00", "date": "2025-12-16", "hour": 10}}, {"type": "Feature", "geometry": {"type": "Point", "coordinates": [5.0, 53.0]}, "properties": {"value": 7.319, "time": "2025-12-16T10:00:00", "date": "2025-12-16", "hour": 10}}, {"type": "Feature", "geometry": {"type": "Point", "coordinates": [5.25, 53.0]}, "properties": {"value": 7.042, "time": "2025-12-16T10:00:00", "date": "2025-12-16", "hour": 10}}, {"type": "Feature", "geometry": {"type": "Point", "coordinates": [5.5, 53.0]}, "properties": {"value": 6.799, "time": "2025-12-16T10:00:00", "date": "2025-12-16", "hour": 10}}, {"type": "Feature", "geometry": {"type": "Point", "coordinates": [5.0, 53.25]}, "properties": {"value": 8.008, "time": "2025-12-16T10:00:00", "date": "2025-12-16", "hour": 10}}, {"type": "Feature", "geometry": {"type": "Point", "coordinates": [5.25, 53.25]}, "properties": {"value": 7.442, "time": "2025-12-16T10:00:00", "date": "2025-12-16", "hour": 10}}, {"type": "Feature", "geometry": {"type": "Point", "coordinates": [5.5, 53.25]}, "properties": {"value": 7.099, "time": "2025-12-16T10:00:00", "date": "2025-12-16", "hour": 10}}, {"type": "Feature", "geometry": {"type": "Point", "coordinates": [5.0, 53.5]}, "properties": {"value": 9.558, "time": "2025-12-16T10:00:00", "date": "2025-12-16", "hour": 10}}, {"type": "Feature", "geometry": {"type": "Point", "coordinates": [5.25, 53.5]}, "properties": {"value": 8.981, "time": "2025-12-16T10:00:00", "date": "2025-12-16", "hour": 10}}, {"type": "Feature", "geometry": {"type": "Point", "coordinates": [5.5, 53.5]}, "properties": {"value": 8.797, "time": "2025-12-16T10:00:00", "date": "2025-12-16", "hour": 10}}, {"type": "Feature", "geometry": {"type": "Point", "coordinates": [5.75, 53.5]}, "properties": {"value": 8.375, "time": "2025-12-16T10:00:00", "date": "2025-12-16", "hour": 10}}, {"type": "Feature", "geometry": {"type": "Point", "coordinates": [6.0, 53.5]}, "properties": {"value": 8.022, "time": "2025-12-16T10:00:00", "date": "2025-12-16", "hour": 10}}, {"type": "Feature", "geometry": {"type": "Point", "coordinates": [6.25, 53.5]}, "properties": {"value": 7.727, "time": "2025-12-16T10:00:00", "date": "2025-12-16", "hour": 10}}, {"type": "Feature", "geometry": {"type": "Point", "coordinates": [6.5, 53.5]}, "properties": {"value": 7.554, "time": "2025-12-16T10:00:00", "date": "2025-12-16", "hour": 10}}, {"type": "Feature", "geometry": {"type": "Point", "coordinates": [6.75, 53.5]}, "properties": {"value": 7.247, "time": "2025-12-16T10:00:00", "date": "2025-12-16", "hour": 10}}, {"type": "Feature", "geometry": {"type": "Point", "coordinates": [5.0, 53.75]}, "properties": {"value": 10.229, "time": "2025-12-16T10:00:00", "date": "2025-12-16", "hour": 10}}, {"type": "Feature", "geometry": {"type": "Point", "coordinates": [5.25, 53.75]}, "properties": {"value": 9.866, "time": "2025-12-16T10:00:00", "date": "2025-12-16", "hour": 10}}, {"type": "Feature", "geometry": {"type": "Point", "coordinates": [5.5, 53.75]}, "properties": {"value": 9.563, "time": "2025-12-16T10:00:00", "date": "2025-12-16", "hour": 10}}, {"type": "Feature", "geometry": {"type": "Point", "coordinates": [5.75, 53.75]}, "properties": {"value": 9.251, "time": "2025-12-16T10:00:00", "date": "2025-12-16", "hour": 10}}, {"type": "Feature", "geometry": {"type": "Point", "coordinates": [6.0, 53.75]}, "properties": {"value": 8.924, "time": "2025-12-16T10:00:00", "date": "2025-12-16", "hour": 10}}, {"type": "Feature", "geometry": {"type": "Point", "coordinates": [6.25, 53.75]}, "properties": {"value": 8.53, "time": "2025-12-16T10:00:00", "date": "2025-12-16", "hour": 10}}, {"type": "Feature", "geometry": {"type": "Point", "coordinates": [6.5, 53.75]}, "properties": {"value": 8.097, "time": "2025-12-16T10:00:00", "date": "2025-12-16", "hour": 10}}, {"type": "Feature", "geometry": {"type": "Point", "coordinates": [6.75, 53.75]}, "properties": {"value": 7.733, "time": "2025-12-16T10:00:00", "date": "2025-12-16", "hour": 10}}, {"type": "Feature", "geometry": {"type": "Point", "coordinates": [7.0, 53.75]}, "properties": {"value": 7.699, "time": "2025-12-16T10:00:00", "date": "2025-12-16", "hour": 10}}, {"type": "Feature", "geometry": {"type": "Point", "coordinates": [7.25, 53.75]}, "properties": {"value": 7.42, "time": "2025-12-16T10:00:00", "date": "2025-12-16", "hour": 10}}, {"type": "Feature", "geometry": {"type": "Point", "coordinates": [7.5, 53.75]}, "properties": {"value": 7.347, "time": "2025-12-16T10:00:00", "date": "2025-12-16", "hour": 10}}, {"type": "Feature", "geometry": {"type": "Point", "coordinates": [7.75, 53.75]}, "properties": {"value": 7.335, "time": "2025-12-16T10:00:00", "date": "2025-12-16", "hour": 10}}, {"type": "Feature", "geometry": {"type": "Point", "coordinates": [8.0, 53.75]}, "properties": {"value": 7.199, "time": "2025-12-16T10:00:00", "date": "2025-12-16", "hour": 10}}, {"type": "Feature", "geometry": {"type": "Point", "coordinates": [8.25, 53.75]}, "properties": {"value": 6.78, "time": "2025-12-16T10:00:00", "date": "2025-12-16", "hour": 10}}, {"type": "Feature", "geometry": {"type": "Point", "coordinates": [8.5, 53.75]}, "properties": {"value": 6.318, "time": "2025-12-16T10:00:00", "date": "2025-12-16", "hour": 10}}, {"type": "Feature", "geometry": {"type": "Point", "coordinates": [8.75, 53.75]}, "properties": {"value": 6.318, "time": "2025-12-16T10:00:00", "date": "2025-12-16", "hour": 10}}, {"type": "Feature", "geometry": {"type": "Point", "coordinates": [14.25, 53.75]}, "properties": {"value": 4.019, "time": "2025-12-16T10:00:00", "date": "2025-12-16", "hour": 10}}, {"type": "Feature", "geometry": {"type": "Point", "coordinates": [14.5, 53.75]}, "properties": {"value": 4.019, "time": "2025-12-16T10:00:00", "date": "2025-12-16", "hour": 10}}, {"type": "Feature", "geometry": {"type": "Point", "coordinates": [5.0, 54.0]}, "properties": {"value": 10.358, "time": "2025-12-16T10:00:00", "date": "2025-12-16", "hour": 10}}, {"type": "Feature", "geometry": {"type": "Point", "coordinates": [5.25, 54.0]}, "properties": {"value": 10.289, "time": "2025-12-16T10:00:00", "date": "2025-12-16", "hour": 10}}, {"type": "Feature", "geometry": {"type": "Point", "coordinates": [5.5, 54.0]}, "properties": {"value": 9.988, "time": "2025-12-16T10:00:00", "date": "2025-12-16", "hour": 10}}, {"type": "Feature", "geometry": {"type": "Point", "coordinates": [5.75, 54.0]}, "properties": {"value": 9.715, "time": "2025-12-16T10:00:00", "date": "2025-12-16", "hour": 10}}, {"type": "Feature", "geometry": {"type": "Point", "coordinates": [6.0, 54.0]}, "properties": {"value": 9.437, "time": "2025-12-16T10:00:00", "date": "2025-12-16", "hour": 10}}, {"type": "Feature", "geometry": {"type": "Point", "coordinates": [6.25, 54.0]}, "properties": {"value": 9.104, "time": "2025-12-16T10:00:00", "date": "2025-12-16", "hour": 10}}, {"type": "Feature", "geometry": {"type": "Point", "coordinates": [6.5, 54.0]}, "properties": {"value": 8.729, "time": "2025-12-16T10:00:00", "date": "2025-12-16", "hour": 10}}, {"type": "Feature", "geometry": {"type": "Point", "coordinates": [6.75, 54.0]}, "properties": {"value": 8.619, "time": "2025-12-16T10:00:00", "date": "2025-12-16", "hour": 10}}, {"type": "Feature", "geometry": {"type": "Point", "coordinates": [7.0, 54.0]}, "properties": {"value": 8.61, "time": "2025-12-16T10:00:00", "date": "2025-12-16", "hour": 10}}, {"type": "Feature", "geometry": {"type": "Point", "coordinates": [7.25, 54.0]}, "properties": {"value": 8.44, "time": "2025-12-16T10:00:00", "date": "2025-12-16", "hour": 10}}, {"type": "Feature", "geometry": {"type": "Point", "coordinates": [7.5, 54.0]}, "properties": {"value": 8.324, "time": "2025-12-16T10:00:00", "date": "2025-12-16", "hour": 10}}, {"type": "Feature", "geometry": {"type": "Point", "coordinates": [7.75, 54.0]}, "properties": {"value": 8.191, "time": "2025-12-16T10:00:00", "date": "2025-12-16", "hour": 10}}, {"type": "Feature", "geometry": {"type": "Point", "coordinates": [8.0, 54.0]}, "properties": {"value": 8.098, "time": "2025-12-16T10:00:00", "date": "2025-12-16", "hour": 10}}, {"type": "Feature", "geometry": {"type": "Point", "coordinates": [8.25, 54.0]}, "properties": {"value": 7.782, "time": "2025-12-16T10:00:00", "date": "2025-12-16", "hour": 10}}, {"type": "Feature", "geometry": {"type": "Point", "coordinates": [8.5, 54.0]}, "properties": {"value": 6.801, "time": "2025-12-16T10:00:00", "date": "2025-12-16", "hour": 10}}, {"type": "Feature", "geometry": {"type": "Point", "coordinates": [11.25, 54.0]}, "properties": {"value": 6.357, "time": "2025-12-16T10:00:00", "date": "2025-12-16", "hour": 10}}, {"type": "Feature", "geometry": {"type": "Point", "coordinates": [14.0, 54.0]}, "properties": {"value": 5.063, "time": "2025-12-16T10:00:00", "date": "2025-12-16", "hour": 10}}, {"type": "Feature", "geometry": {"type": "Point", "coordinates": [14.25, 54.0]}, "properties": {"value": 5.53, "time": "2025-12-16T10:00:00", "date": "2025-12-16", "hour": 10}}, {"type": "Feature", "geometry": {"type": "Point", "coordinates": [14.5, 54.0]}, "properties": {"value": 5.315, "time": "2025-12-16T10:00:00", "date": "2025-12-16", "hour": 10}}, {"type": "Feature", "geometry": {"type": "Point", "coordinates": [14.75, 54.0]}, "properties": {"value": 5.745, "time": "2025-12-16T10:00:00", "date": "2025-12-16", "hour": 10}}, {"type": "Feature", "geometry": {"type": "Point", "coordinates": [5.0, 54.25]}, "properties": {"value": 10.358, "time": "2025-12-16T10:00:00", "date": "2025-12-16", "hour": 10}}, {"type": "Feature", "geometry": {"type": "Point", "coordinates": [5.25, 54.25]}, "properties": {"value": 10.323, "time": "2025-12-16T10:00:00", "date": "2025-12-16", "hour": 10}}, {"type": "Feature", "geometry": {"type": "Point", "coordinates": [5.5, 54.25]}, "properties": {"value": 10.215, "time": "2025-12-16T10:00:00", "date": "2025-12-16", "hour": 10}}, {"type": "Feature", "geometry": {"type": "Point", "coordinates": [5.75, 54.25]}, "properties": {"value": 9.978, "time": "2025-12-16T10:00:00", "date": "2025-12-16", "hour": 10}}, {"type": "Feature", "geometry": {"type": "Point", "coordinates": [6.0, 54.25]}, "properties": {"value": 9.837, "time": "2025-12-16T10:00:00", "date": "2025-12-16", "hour": 10}}, {"type": "Feature", "geometry": {"type": "Point", "coordinates": [6.25, 54.25]}, "properties": {"value": 9.578, "time": "2025-12-16T10:00:00", "date": "2025-12-16", "hour": 10}}, {"type": "Feature", "geometry": {"type": "Point", "coordinates": [6.5, 54.25]}, "properties": {"value": 9.419, "time": "2025-12-16T10:00:00", "date": "2025-12-16", "hour": 10}}, {"type": "Feature", "geometry": {"type": "Point", "coordinates": [6.75, 54.25]}, "properties": {"value": 9.317, "time": "2025-12-16T10:00:00", "date": "2025-12-16", "hour": 10}}, {"type": "Feature", "geometry": {"type": "Point", "coordinates": [7.0, 54.25]}, "properties": {"value": 9.259, "time": "2025-12-16T10:00:00", "date": "2025-12-16", "hour": 10}}, {"type": "Feature", "geometry": {"type": "Point", "coordinates": [7.25, 54.25]}, "properties": {"value": 9.112, "time": "2025-12-16T10:00:00", "date": "2025-12-16", "hour": 10}}, {"type": "Feature", "geometry": {"type": "Point", "coordinates": [7.5, 54.25]}, "properties": {"value": 8.909, "time": "2025-12-16T10:00:00", "date": "2025-12-16", "hour": 10}}, {"type": "Feature", "geometry": {"type": "Point", "coordinates": [7.75, 54.25]}, "properties": {"value": 8.648, "time": "2025-12-16T10:00:00", "date": "2025-12-16", "hour": 10}}, {"type": "Feature", "geometry": {"type": "Point", "coordinates": [8.0, 54.25]}, "properties": {"value": 8.501, "time": "2025-12-16T10:00:00", "date": "2025-12-16", "hour": 10}}, {"type": "Feature", "geometry": {"type": "Point", "coordinates": [8.25, 54.25]}, "properties": {"value": 7.519, "time": "2025-12-16T10:00:00", "date": "2025-12-16", "hour": 10}}, {"type": "Feature", "geometry": {"type": "Point", "coordinates": [8.5, 54.25]}, "properties": {"value": 6.558, "time": "2025-12-16T10:00:00", "date": "2025-12-16", "hour": 10}}, {"type": "Feature", "geometry": {"type": "Point", "coordinates": [10.75, 54.25]}, "properties": {"value": 6.417, "time": "2025-12-16T10:00:00", "date": "2025-12-16", "hour": 10}}, {"type": "Feature", "geometry": {"type": "Point", "coordinates": [11.25, 54.25]}, "properties": {"value": 6.624, "time": "2025-12-16T10:00:00", "date": "2025-12-16", "hour": 10}}, {"type": "Feature", "geometry": {"type": "Point", "coordinates": [11.75, 54.25]}, "properties": {"value": 6.805, "time": "2025-12-16T10:00:00", "date": "2025-12-16", "hour": 10}}, {"type": "Feature", "geometry": {"type": "Point", "coordinates": [12.25, 54.25]}, "properties": {"value": 6.282, "time": "2025-12-16T10:00:00", "date": "2025-12-16", "hour": 10}}, {"type": "Feature", "geometry": {"type": "Point", "coordinates": [13.75, 54.25]}, "properties": {"value": 5.208, "time": "2025-12-16T10:00:00", "date": "2025-12-16", "hour": 10}}, {"type": "Feature", "geometry": {"type": "Point", "coordinates": [14.0, 54.25]}, "properties": {"value": 5.585, "time": "2025-12-16T10:00:00", "date": "2025-12-16", "hour": 10}}, {"type": "Feature", "geometry": {"type": "Point", "coordinates": [14.25, 54.25]}, "properties": {"value": 5.873, "time": "2025-12-16T10:00:00", "date": "2025-12-16", "hour": 10}}, {"type": "Feature", "geometry": {"type": "Point", "coordinates": [14.5, 54.25]}, "properties": {"value": 5.816, "time": "2025-12-16T10:00:00", "date": "2025-12-16", "hour": 10}}, {"type": "Feature", "geometry": {"type": "Point", "coordinates": [14.75, 54.25]}, "properties": {"value": 6.102, "time": "2025-12-16T10:00:00", "date": "2025-12-16", "hour": 10}}, {"type": "Feature", "geometry": {"type": "Point", "coordinates": [15.0, 54.25]}, "properties": {"value": 6.699, "time": "2025-12-16T10:00:00", "date": "2025-12-16", "hour": 10}}, {"type": "Feature", "geometry": {"type": "Point", "coordinates": [5.0, 54.5]}, "properties": {"value": 10.326, "time": "2025-12-16T10:00:00", "date": "2025-12-16", "hour": 10}}, {"type": "Feature", "geometry": {"type": "Point", "coordinates": [5.25, 54.5]}, "properties": {"value": 10.398, "time": "2025-12-16T10:00:00", "date": "2025-12-16", "hour": 10}}, {"type": "Feature", "geometry": {"type": "Point", "coordinates": [5.5, 54.5]}, "properties": {"value": 10.352, "time": "2025-12-16T10:00:00", "date": "2025-12-16", "hour": 10}}, {"type": "Feature", "geometry": {"type": "Point", "coordinates": [5.75, 54.5]}, "properties": {"value": 10.232, "time": "2025-12-16T10:00:00", "date": "2025-12-16", "hour": 10}}, {"type": "Feature", "geometry": {"type": "Point", "coordinates": [6.0, 54.5]}, "properties": {"value": 10.123, "time": "2025-12-16T10:00:00", "date": "2025-12-16", "hour": 10}}, {"type": "Feature", "geometry": {"type": "Point", "coordinates": [6.25, 54.5]}, "properties": {"value": 10.017, "time": "2025-12-16T10:00:00", "date": "2025-12-16", "hour": 10}}, {"type": "Feature", "geometry": {"type": "Point", "coordinates": [6.5, 54.5]}, "properties": {"value": 9.854, "time": "2025-12-16T10:00:00", "date": "2025-12-16", "hour": 10}}, {"type": "Feature", "geometry": {"type": "Point", "coordinates": [6.75, 54.5]}, "properties": {"value": 9.744, "time": "2025-12-16T10:00:00", "date": "2025-12-16", "hour": 10}}, {"type": "Feature", "geometry": {"type": "Point", "coordinates": [7.0, 54.5]}, "properties": {"value": 9.655, "time": "2025-12-16T10:00:00", "date": "2025-12-16", "hour": 10}}, {"type": "Feature", "geometry": {"type": "Point", "coordinates": [7.25, 54.5]}, "properties": {"value": 9.301, "time": "2025-12-16T10:00:00", "date": "2025-12-16", "hour": 10}}, {"type": "Feature", "geometry": {"type": "Point", "coordinates": [7.5, 54.5]}, "properties": {"value": 9.048, "time": "2025-12-16T10:00:00", "date": "2025-12-16", "hour": 10}}, {"type": "Feature", "geometry": {"type": "Point", "coordinates": [7.75, 54.5]}, "properties": {"value": 8.751, "time": "2025-12-16T10:00:00", "date": "2025-12-16", "hour": 10}}, {"type": "Feature", "geometry": {"type": "Point", "coordinates": [8.0, 54.5]}, "properties": {"value": 7.841, "time": "2025-12-16T10:00:00", "date": "2025-12-16", "hour": 10}}, {"type": "Feature", "geometry": {"type": "Point", "coordinates": [8.25, 54.5]}, "properties": {"value": 6.972, "time": "2025-12-16T10:00:00", "date": "2025-12-16", "hour": 10}}, {"type": "Feature", "geometry": {"type": "Point", "coordinates": [8.5, 54.5]}, "properties": {"value": 6.117, "time": "2025-12-16T10:00:00", "date": "2025-12-16", "hour": 10}}, {"type": "Feature", "geometry": {"type": "Point", "coordinates": [10.5, 54.5]}, "properties": {"value": 6.819, "time": "2025-12-16T10:00:00", "date": "2025-12-16", "hour": 10}}, {"type": "Feature", "geometry": {"type": "Point", "coordinates": [10.75, 54.5]}, "properties": {"value": 6.623, "time": "2025-12-16T10:00:00", "date": "2025-12-16", "hour": 10}}, {"type": "Feature", "geometry": {"type": "Point", "coordinates": [11.0, 54.5]}, "properties": {"value": 6.469, "time": "2025-12-16T10:00:00", "date": "2025-12-16", "hour": 10}}, {"type": "Feature", "geometry": {"type": "Point", "coordinates": [11.25, 54.5]}, "properties": {"value": 6.7, "time": "2025-12-16T10:00:00", "date": "2025-12-16", "hour": 10}}, {"type": "Feature", "geometry": {"type": "Point", "coordinates": [11.5, 54.5]}, "properties": {"value": 6.676, "time": "2025-12-16T10:00:00", "date": "2025-12-16", "hour": 10}}, {"type": "Feature", "geometry": {"type": "Point", "coordinates": [11.75, 54.5]}, "properties": {"value": 6.785, "time": "2025-12-16T10:00:00", "date": "2025-12-16", "hour": 10}}, {"type": "Feature", "geometry": {"type": "Point", "coordinates": [12.0, 54.5]}, "properties": {"value": 6.632, "time": "2025-12-16T10:00:00", "date": "2025-12-16", "hour": 10}}, {"type": "Feature", "geometry": {"type": "Point", "coordinates": [12.25, 54.5]}, "properties": {"value": 6.445, "time": "2025-12-16T10:00:00", "date": "2025-12-16", "hour": 10}}, {"type": "Feature", "geometry": {"type": "Point", "coordinates": [13.0, 54.5]}, "properties": {"value": 6.844, "time": "2025-12-16T10:00:00", "date": "2025-12-16", "hour": 10}}, {"type": "Feature", "geometry": {"type": "Point", "coordinates": [13.25, 54.5]}, "properties": {"value": 6.297, "time": "2025-12-16T10:00:00", "date": "2025-12-16", "hour": 10}}, {"type": "Feature", "geometry": {"type": "Point", "coordinates": [13.5, 54.5]}, "properties": {"value": 6.049, "time": "2025-12-16T10:00:00", "date": "2025-12-16", "hour": 10}}, {"type": "Feature", "geometry": {"type": "Point", "coordinates": [13.75, 54.5]}, "properties": {"value": 6.15, "time": "2025-12-16T10:00:00", "date": "2025-12-16", "hour": 10}}, {"type": "Feature", "geometry": {"type": "Point", "coordinates": [14.0, 54.5]}, "properties": {"value": 6.496, "time": "2025-12-16T10:00:00", "date": "2025-12-16", "hour": 10}}, {"type": "Feature", "geometry": {"type": "Point", "coordinates": [14.25, 54.5]}, "properties": {"value": 6.531, "time": "2025-12-16T10:00:00", "date": "2025-12-16", "hour": 10}}, {"type": "Feature", "geometry": {"type": "Point", "coordinates": [14.5, 54.5]}, "properties": {"value": 6.777, "time": "2025-12-16T10:00:00", "date": "2025-12-16", "hour": 10}}, {"type": "Feature", "geometry": {"type": "Point", "coordinates": [14.75, 54.5]}, "properties": {"value": 6.974, "time": "2025-12-16T10:00:00", "date": "2025-12-16", "hour": 10}}, {"type": "Feature", "geometry": {"type": "Point", "coordinates": [15.0, 54.5]}, "properties": {"value": 7.613, "time": "2025-12-16T10:00:00", "date": "2025-12-16", "hour": 10}}, {"type": "Feature", "geometry": {"type": "Point", "coordinates": [5.0, 54.75]}, "properties": {"value": 10.267, "time": "2025-12-16T10:00:00", "date": "2025-12-16", "hour": 10}}, {"type": "Feature", "geometry": {"type": "Point", "coordinates": [5.25, 54.75]}, "properties": {"value": 10.34, "time": "2025-12-16T10:00:00", "date": "2025-12-16", "hour": 10}}, {"type": "Feature", "geometry": {"type": "Point", "coordinates": [5.5, 54.75]}, "properties": {"value": 10.381, "time": "2025-12-16T10:00:00", "date": "2025-12-16", "hour": 10}}, {"type": "Feature", "geometry": {"type": "Point", "coordinates": [5.75, 54.75]}, "properties": {"value": 10.38, "time": "2025-12-16T10:00:00", "date": "2025-12-16", "hour": 10}}, {"type": "Feature", "geometry": {"type": "Point", "coordinates": [6.0, 54.75]}, "properties": {"value": 10.299, "time": "2025-12-16T10:00:00", "date": "2025-12-16", "hour": 10}}, {"type": "Feature", "geometry": {"type": "Point", "coordinates": [6.25, 54.75]}, "properties": {"value": 10.196, "time": "2025-12-16T10:00:00", "date": "2025-12-16", "hour": 10}}, {"type": "Feature", "geometry": {"type": "Point", "coordinates": [6.5, 54.75]}, "properties": {"value": 10.082, "time": "2025-12-16T10:00:00", "date": "2025-12-16", "hour": 10}}, {"type": "Feature", "geometry": {"type": "Point", "coordinates": [6.75, 54.75]}, "properties": {"value": 9.954, "time": "2025-12-16T10:00:00", "date": "2025-12-16", "hour": 10}}, {"type": "Feature", "geometry": {"type": "Point", "coordinates": [7.0, 54.75]}, "properties": {"value": 9.864, "time": "2025-12-16T10:00:00", "date": "2025-12-16", "hour": 10}}, {"type": "Feature", "geometry": {"type": "Point", "coordinates": [7.25, 54.75]}, "properties": {"value": 9.502, "time": "2025-12-16T10:00:00", "date": "2025-12-16", "hour": 10}}, {"type": "Feature", "geometry": {"type": "Point", "coordinates": [7.5, 54.75]}, "properties": {"value": 9.154, "time": "2025-12-16T10:00:00", "date": "2025-12-16", "hour": 10}}, {"type": "Feature", "geometry": {"type": "Point", "coordinates": [7.75, 54.75]}, "properties": {"value": 8.209, "time": "2025-12-16T10:00:00", "date": "2025-12-16", "hour": 10}}, {"type": "Feature", "geometry": {"type": "Point", "coordinates": [8.0, 54.75]}, "properties": {"value": 7.254, "time": "2025-12-16T10:00:00", "date": "2025-12-16", "hour": 10}}, {"type": "Feature", "geometry": {"type": "Point", "coordinates": [8.25, 54.75]}, "properties": {"value": 6.497, "time": "2025-12-16T10:00:00", "date": "2025-12-16", "hour": 10}}, {"type": "Feature", "geometry": {"type": "Point", "coordinates": [8.5, 54.75]}, "properties": {"value": 5.865, "time": "2025-12-16T10:00:00", "date": "2025-12-16", "hour": 10}}, {"type": "Feature", "geometry": {"type": "Point", "coordinates": [10.25, 54.75]}, "properties": {"value": 7.163, "time": "2025-12-16T10:00:00", "date": "2025-12-16", "hour": 10}}, {"type": "Feature", "geometry": {"type": "Point", "coordinates": [10.5, 54.75]}, "properties": {"value": 7.016, "time": "2025-12-16T10:00:00", "date": "2025-12-16", "hour": 10}}, {"type": "Feature", "geometry": {"type": "Point", "coordinates": [10.75, 54.75]}, "properties": {"value": 6.83, "time": "2025-12-16T10:00:00", "date": "2025-12-16", "hour": 10}}, {"type": "Feature", "geometry": {"type": "Point", "coordinates": [11.0, 54.75]}, "properties": {"value": 6.646, "time": "2025-12-16T10:00:00", "date": "2025-12-16", "hour": 10}}, {"type": "Feature", "geometry": {"type": "Point", "coordinates": [11.25, 54.75]}, "properties": {"value": 6.313, "time": "2025-12-16T10:00:00", "date": "2025-12-16", "hour": 10}}, {"type": "Feature", "geometry": {"type": "Point", "coordinates": [11.5, 54.75]}, "properties": {"value": 6.009, "time": "2025-12-16T10:00:00", "date": "2025-12-16", "hour": 10}}, {"type": "Feature", "geometry": {"type": "Point", "coordinates": [12.0, 54.75]}, "properties": {"value": 6.154, "time": "2025-12-16T10:00:00", "date": "2025-12-16", "hour": 10}}, {"type": "Feature", "geometry": {"type": "Point", "coordinates": [12.25, 54.75]}, "properties": {"value": 6.574, "time": "2025-12-16T10:00:00", "date": "2025-12-16", "hour": 10}}, {"type": "Feature", "geometry": {"type": "Point", "coordinates": [12.5, 54.75]}, "properties": {"value": 6.943, "time": "2025-12-16T10:00:00", "date": "2025-12-16", "hour": 10}}, {"type": "Feature", "geometry": {"type": "Point", "coordinates": [12.75, 54.75]}, "properties": {"value": 7.042, "time": "2025-12-16T10:00:00", "date": "2025-12-16", "hour": 10}}, {"type": "Feature", "geometry": {"type": "Point", "coordinates": [13.0, 54.75]}, "properties": {"value": 6.97, "time": "2025-12-16T10:00:00", "date": "2025-12-16", "hour": 10}}, {"type": "Feature", "geometry": {"type": "Point", "coordinates": [13.25, 54.75]}, "properties": {"value": 6.999, "time": "2025-12-16T10:00:00", "date": "2025-12-16", "hour": 10}}, {"type": "Feature", "geometry": {"type": "Point", "coordinates": [13.5, 54.75]}, "properties": {"value": 7.044, "time": "2025-12-16T10:00:00", "date": "2025-12-16", "hour": 10}}, {"type": "Feature", "geometry": {"type": "Point", "coordinates": [13.75, 54.75]}, "properties": {"value": 7.144, "time": "2025-12-16T10:00:00", "date": "2025-12-16", "hour": 10}}, {"type": "Feature", "geometry": {"type": "Point", "coordinates": [14.0, 54.75]}, "properties": {"value": 7.238, "time": "2025-12-16T10:00:00", "date": "2025-12-16", "hour": 10}}, {"type": "Feature", "geometry": {"type": "Point", "coordinates": [14.25, 54.75]}, "properties": {"value": 7.402, "time": "2025-12-16T10:00:00", "date": "2025-12-16", "hour": 10}}, {"type": "Feature", "geometry": {"type": "Point", "coordinates": [14.5, 54.75]}, "properties": {"value": 7.803, "time": "2025-12-16T10:00:00", "date": "2025-12-16", "hour": 10}}, {"type": "Feature", "geometry": {"type": "Point", "coordinates": [14.75, 54.75]}, "properties": {"value": 7.963, "time": "2025-12-16T10:00:00", "date": "2025-12-16", "hour": 10}}, {"type": "Feature", "geometry": {"type": "Point", "coordinates": [15.0, 54.75]}, "properties": {"value": 8.052, "time": "2025-12-16T10:00:00", "date": "2025-12-16", "hour": 10}}, {"type": "Feature", "geometry": {"type": "Point", "coordinates": [5.0, 55.0]}, "properties": {"value": 10.113, "time": "2025-12-16T10:00:00", "date": "2025-12-16", "hour": 10}}, {"type": "Feature", "geometry": {"type": "Point", "coordinates": [5.25, 55.0]}, "properties": {"value": 10.274, "time": "2025-12-16T10:00:00", "date": "2025-12-16", "hour": 10}}, {"type": "Feature", "geometry": {"type": "Point", "coordinates": [5.5, 55.0]}, "properties": {"value": 10.323, "time": "2025-12-16T10:00:00", "date": "2025-12-16", "hour": 10}}, {"type": "Feature", "geometry": {"type": "Point", "coordinates": [5.75, 55.0]}, "properties": {"value": 10.323, "time": "2025-12-16T10:00:00", "date": "2025-12-16", "hour": 10}}, {"type": "Feature", "geometry": {"type": "Point", "coordinates": [6.0, 55.0]}, "properties": {"value": 10.274, "time": "2025-12-16T10:00:00", "date": "2025-12-16", "hour": 10}}, {"type": "Feature", "geometry": {"type": "Point", "coordinates": [6.25, 55.0]}, "properties": {"value": 10.224, "time": "2025-12-16T10:00:00", "date": "2025-12-16", "hour": 10}}, {"type": "Feature", "geometry": {"type": "Point", "coordinates": [6.5, 55.0]}, "properties": {"value": 10.116, "time": "2025-12-16T10:00:00", "date": "2025-12-16", "hour": 10}}, {"type": "Feature", "geometry": {"type": "Point", "coordinates": [6.75, 55.0]}, "properties": {"value": 9.98, "time": "2025-12-16T10:00:00", "date": "2025-12-16", "hour": 10}}, {"type": "Feature", "geometry": {"type": "Point", "coordinates": [7.0, 55.0]}, "properties": {"value": 9.81, "time": "2025-12-16T10:00:00", "date": "2025-12-16", "hour": 10}}, {"type": "Feature", "geometry": {"type": "Point", "coordinates": [7.25, 55.0]}, "properties": {"value": 9.486, "time": "2025-12-16T10:00:00", "date": "2025-12-16", "hour": 10}}, {"type": "Feature", "geometry": {"type": "Point", "coordinates": [7.5, 55.0]}, "properties": {"value": 9.176, "time": "2025-12-16T10:00:00", "date": "2025-12-16", "hour": 10}}, {"type": "Feature", "geometry": {"type": "Point", "coordinates": [7.75, 55.0]}, "properties": {"value": 8.262, "time": "2025-12-16T10:00:00", "date": "2025-12-16", "hour": 10}}, {"type": "Feature", "geometry": {"type": "Point", "coordinates": [8.0, 55.0]}, "properties": {"value": 7.421, "time": "2025-12-16T10:00:00", "date": "2025-12-16", "hour": 10}}, {"type": "Feature", "geometry": {"type": "Point", "coordinates": [8.25, 55.0]}, "properties": {"value": 6.589, "time": "2025-12-16T10:00:00", "date": "2025-12-16", "hour": 10}}, {"type": "Feature", "geometry": {"type": "Point", "coordinates": [8.5, 55.0]}, "properties": {"value": 5.959, "time": "2025-12-16T10:00:00", "date": "2025-12-16", "hour": 10}}, {"type": "Feature", "geometry": {"type": "Point", "coordinates": [10.25, 55.0]}, "properties": {"value": 7.051, "time": "2025-12-16T10:00:00", "date": "2025-12-16", "hour": 10}}, {"type": "Feature", "geometry": {"type": "Point", "coordinates": [10.5, 55.0]}, "properties": {"value": 6.888, "time": "2025-12-16T10:00:00", "date": "2025-12-16", "hour": 10}}, {"type": "Feature", "geometry": {"type": "Point", "coordinates": [10.75, 55.0]}, "properties": {"value": 6.727, "time": "2025-12-16T10:00:00", "date": "2025-12-16", "hour": 10}}, {"type": "Feature", "geometry": {"type": "Point", "coordinates": [11.0, 55.0]}, "properties": {"value": 6.484, "time": "2025-12-16T10:00:00", "date": "2025-12-16", "hour": 10}}, {"type": "Feature", "geometry": {"type": "Point", "coordinates": [11.25, 55.0]}, "properties": {"value": 6.052, "time": "2025-12-16T10:00:00", "date": "2025-12-16", "hour": 10}}, {"type": "Feature", "geometry": {"type": "Point", "coordinates": [11.5, 55.0]}, "properties": {"value": 5.719, "time": "2025-12-16T10:00:00", "date": "2025-12-16", "hour": 10}}, {"type": "Feature", "geometry": {"type": "Point", "coordinates": [11.75, 55.0]}, "properties": {"value": 5.292, "time": "2025-12-16T10:00:00", "date": "2025-12-16", "hour": 10}}, {"type": "Feature", "geometry": {"type": "Point", "coordinates": [12.0, 55.0]}, "properties": {"value": 5.625, "time": "2025-12-16T10:00:00", "date": "2025-12-16", "hour": 10}}, {"type": "Feature", "geometry": {"type": "Point", "coordinates": [12.25, 55.0]}, "properties": {"value": 6.174, "time": "2025-12-16T10:00:00", "date": "2025-12-16", "hour": 10}}, {"type": "Feature", "geometry": {"type": "Point", "coordinates": [12.5, 55.0]}, "properties": {"value": 7.017, "time": "2025-12-16T10:00:00", "date": "2025-12-16", "hour": 10}}, {"type": "Feature", "geometry": {"type": "Point", "coordinates": [12.75, 55.0]}, "properties": {"value": 7.281, "time": "2025-12-16T10:00:00", "date": "2025-12-16", "hour": 10}}, {"type": "Feature", "geometry": {"type": "Point", "coordinates": [13.0, 55.0]}, "properties": {"value": 7.358, "time": "2025-12-16T10:00:00", "date": "2025-12-16", "hour": 10}}, {"type": "Feature", "geometry": {"type": "Point", "coordinates": [13.25, 55.0]}, "properties": {"value": 7.385, "time": "2025-12-16T10:00:00", "date": "2025-12-16", "hour": 10}}, {"type": "Feature", "geometry": {"type": "Point", "coordinates": [13.5, 55.0]}, "properties": {"value": 7.365, "time": "2025-12-16T10:00:00", "date": "2025-12-16", "hour": 10}}, {"type": "Feature", "geometry": {"type": "Point", "coordinates": [13.75, 55.0]}, "properties": {"value": 7.413, "time": "2025-12-16T10:00:00", "date": "2025-12-16", "hour": 10}}, {"type": "Feature", "geometry": {"type": "Point", "coordinates": [14.0, 55.0]}, "properties": {"value": 7.438, "time": "2025-12-16T10:00:00", "date": "2025-12-16", "hour": 10}}, {"type": "Feature", "geometry": {"type": "Point", "coordinates": [14.25, 55.0]}, "properties": {"value": 7.563, "time": "2025-12-16T10:00:00", "date": "2025-12-16", "hour": 10}}, {"type": "Feature", "geometry": {"type": "Point", "coordinates": [14.5, 55.0]}, "properties": {"value": 7.666, "time": "2025-12-16T10:00:00", "date": "2025-12-16", "hour": 10}}, {"type": "Feature", "geometry": {"type": "Point", "coordinates": [14.75, 55.0]}, "properties": {"value": 7.713, "time": "2025-12-16T10:00:00", "date": "2025-12-16", "hour": 10}}, {"type": "Feature", "geometry": {"type": "Point", "coordinates": [15.0, 55.0]}, "properties": {"value": 7.778, "time": "2025-12-16T10:00:00", "date": "2025-12-16", "hour": 10}}, {"type": "Feature", "geometry": {"type": "Point", "coordinates": [5.25, 52.75]}, "properties": {"value": 6.812, "time": "2025-12-16T11:00:00", "date": "2025-12-16", "hour": 11}}, {"type": "Feature", "geometry": {"type": "Point", "coordinates": [5.5, 52.75]}, "properties": {"value": 6.813, "time": "2025-12-16T11:00:00", "date": "2025-12-16", "hour": 11}}, {"type": "Feature", "geometry": {"type": "Point", "coordinates": [5.0, 53.0]}, "properties": {"value": 7.319, "time": "2025-12-16T11:00:00", "date": "2025-12-16", "hour": 11}}, {"type": "Feature", "geometry": {"type": "Point", "coordinates": [5.25, 53.0]}, "properties": {"value": 7.042, "time": "2025-12-16T11:00:00", "date": "2025-12-16", "hour": 11}}, {"type": "Feature", "geometry": {"type": "Point", "coordinates": [5.5, 53.0]}, "properties": {"value": 6.799, "time": "2025-12-16T11:00:00", "date": "2025-12-16", "hour": 11}}, {"type": "Feature", "geometry": {"type": "Point", "coordinates": [5.0, 53.25]}, "properties": {"value": 8.008, "time": "2025-12-16T11:00:00", "date": "2025-12-16", "hour": 11}}, {"type": "Feature", "geometry": {"type": "Point", "coordinates": [5.25, 53.25]}, "properties": {"value": 7.442, "time": "2025-12-16T11:00:00", "date": "2025-12-16", "hour": 11}}, {"type": "Feature", "geometry": {"type": "Point", "coordinates": [5.5, 53.25]}, "properties": {"value": 7.099, "time": "2025-12-16T11:00:00", "date": "2025-12-16", "hour": 11}}, {"type": "Feature", "geometry": {"type": "Point", "coordinates": [5.0, 53.5]}, "properties": {"value": 9.558, "time": "2025-12-16T11:00:00", "date": "2025-12-16", "hour": 11}}, {"type": "Feature", "geometry": {"type": "Point", "coordinates": [5.25, 53.5]}, "properties": {"value": 8.981, "time": "2025-12-16T11:00:00", "date": "2025-12-16", "hour": 11}}, {"type": "Feature", "geometry": {"type": "Point", "coordinates": [5.5, 53.5]}, "properties": {"value": 8.797, "time": "2025-12-16T11:00:00", "date": "2025-12-16", "hour": 11}}, {"type": "Feature", "geometry": {"type": "Point", "coordinates": [5.75, 53.5]}, "properties": {"value": 8.375, "time": "2025-12-16T11:00:00", "date": "2025-12-16", "hour": 11}}, {"type": "Feature", "geometry": {"type": "Point", "coordinates": [6.0, 53.5]}, "properties": {"value": 8.022, "time": "2025-12-16T11:00:00", "date": "2025-12-16", "hour": 11}}, {"type": "Feature", "geometry": {"type": "Point", "coordinates": [6.25, 53.5]}, "properties": {"value": 7.727, "time": "2025-12-16T11:00:00", "date": "2025-12-16", "hour": 11}}, {"type": "Feature", "geometry": {"type": "Point", "coordinates": [6.5, 53.5]}, "properties": {"value": 7.554, "time": "2025-12-16T11:00:00", "date": "2025-12-16", "hour": 11}}, {"type": "Feature", "geometry": {"type": "Point", "coordinates": [6.75, 53.5]}, "properties": {"value": 7.247, "time": "2025-12-16T11:00:00", "date": "2025-12-16", "hour": 11}}, {"type": "Feature", "geometry": {"type": "Point", "coordinates": [5.0, 53.75]}, "properties": {"value": 10.229, "time": "2025-12-16T11:00:00", "date": "2025-12-16", "hour": 11}}, {"type": "Feature", "geometry": {"type": "Point", "coordinates": [5.25, 53.75]}, "properties": {"value": 9.866, "time": "2025-12-16T11:00:00", "date": "2025-12-16", "hour": 11}}, {"type": "Feature", "geometry": {"type": "Point", "coordinates": [5.5, 53.75]}, "properties": {"value": 9.563, "time": "2025-12-16T11:00:00", "date": "2025-12-16", "hour": 11}}, {"type": "Feature", "geometry": {"type": "Point", "coordinates": [5.75, 53.75]}, "properties": {"value": 9.251, "time": "2025-12-16T11:00:00", "date": "2025-12-16", "hour": 11}}, {"type": "Feature", "geometry": {"type": "Point", "coordinates": [6.0, 53.75]}, "properties": {"value": 8.924, "time": "2025-12-16T11:00:00", "date": "2025-12-16", "hour": 11}}, {"type": "Feature", "geometry": {"type": "Point", "coordinates": [6.25, 53.75]}, "properties": {"value": 8.53, "time": "2025-12-16T11:00:00", "date": "2025-12-16", "hour": 11}}, {"type": "Feature", "geometry": {"type": "Point", "coordinates": [6.5, 53.75]}, "properties": {"value": 8.097, "time": "2025-12-16T11:00:00", "date": "2025-12-16", "hour": 11}}, {"type": "Feature", "geometry": {"type": "Point", "coordinates": [6.75, 53.75]}, "properties": {"value": 7.733, "time": "2025-12-16T11:00:00", "date": "2025-12-16", "hour": 11}}, {"type": "Feature", "geometry": {"type": "Point", "coordinates": [7.0, 53.75]}, "properties": {"value": 7.699, "time": "2025-12-16T11:00:00", "date": "2025-12-16", "hour": 11}}, {"type": "Feature", "geometry": {"type": "Point", "coordinates": [7.25, 53.75]}, "properties": {"value": 7.42, "time": "2025-12-16T11:00:00", "date": "2025-12-16", "hour": 11}}, {"type": "Feature", "geometry": {"type": "Point", "coordinates": [7.5, 53.75]}, "properties": {"value": 7.347, "time": "2025-12-16T11:00:00", "date": "2025-12-16", "hour": 11}}, {"type": "Feature", "geometry": {"type": "Point", "coordinates": [7.75, 53.75]}, "properties": {"value": 7.335, "time": "2025-12-16T11:00:00", "date": "2025-12-16", "hour": 11}}, {"type": "Feature", "geometry": {"type": "Point", "coordinates": [8.0, 53.75]}, "properties": {"value": 7.199, "time": "2025-12-16T11:00:00", "date": "2025-12-16", "hour": 11}}, {"type": "Feature", "geometry": {"type": "Point", "coordinates": [8.25, 53.75]}, "properties": {"value": 6.78, "time": "2025-12-16T11:00:00", "date": "2025-12-16", "hour": 11}}, {"type": "Feature", "geometry": {"type": "Point", "coordinates": [8.5, 53.75]}, "properties": {"value": 6.318, "time": "2025-12-16T11:00:00", "date": "2025-12-16", "hour": 11}}, {"type": "Feature", "geometry": {"type": "Point", "coordinates": [8.75, 53.75]}, "properties": {"value": 6.318, "time": "2025-12-16T11:00:00", "date": "2025-12-16", "hour": 11}}, {"type": "Feature", "geometry": {"type": "Point", "coordinates": [14.25, 53.75]}, "properties": {"value": 4.019, "time": "2025-12-16T11:00:00", "date": "2025-12-16", "hour": 11}}, {"type": "Feature", "geometry": {"type": "Point", "coordinates": [14.5, 53.75]}, "properties": {"value": 4.019, "time": "2025-12-16T11:00:00", "date": "2025-12-16", "hour": 11}}, {"type": "Feature", "geometry": {"type": "Point", "coordinates": [5.0, 54.0]}, "properties": {"value": 10.358, "time": "2025-12-16T11:00:00", "date": "2025-12-16", "hour": 11}}, {"type": "Feature", "geometry": {"type": "Point", "coordinates": [5.25, 54.0]}, "properties": {"value": 10.289, "time": "2025-12-16T11:00:00", "date": "2025-12-16", "hour": 11}}, {"type": "Feature", "geometry": {"type": "Point", "coordinates": [5.5, 54.0]}, "properties": {"value": 9.988, "time": "2025-12-16T11:00:00", "date": "2025-12-16", "hour": 11}}, {"type": "Feature", "geometry": {"type": "Point", "coordinates": [5.75, 54.0]}, "properties": {"value": 9.715, "time": "2025-12-16T11:00:00", "date": "2025-12-16", "hour": 11}}, {"type": "Feature", "geometry": {"type": "Point", "coordinates": [6.0, 54.0]}, "properties": {"value": 9.437, "time": "2025-12-16T11:00:00", "date": "2025-12-16", "hour": 11}}, {"type": "Feature", "geometry": {"type": "Point", "coordinates": [6.25, 54.0]}, "properties": {"value": 9.104, "time": "2025-12-16T11:00:00", "date": "2025-12-16", "hour": 11}}, {"type": "Feature", "geometry": {"type": "Point", "coordinates": [6.5, 54.0]}, "properties": {"value": 8.729, "time": "2025-12-16T11:00:00", "date": "2025-12-16", "hour": 11}}, {"type": "Feature", "geometry": {"type": "Point", "coordinates": [6.75, 54.0]}, "properties": {"value": 8.619, "time": "2025-12-16T11:00:00", "date": "2025-12-16", "hour": 11}}, {"type": "Feature", "geometry": {"type": "Point", "coordinates": [7.0, 54.0]}, "properties": {"value": 8.61, "time": "2025-12-16T11:00:00", "date": "2025-12-16", "hour": 11}}, {"type": "Feature", "geometry": {"type": "Point", "coordinates": [7.25, 54.0]}, "properties": {"value": 8.44, "time": "2025-12-16T11:00:00", "date": "2025-12-16", "hour": 11}}, {"type": "Feature", "geometry": {"type": "Point", "coordinates": [7.5, 54.0]}, "properties": {"value": 8.324, "time": "2025-12-16T11:00:00", "date": "2025-12-16", "hour": 11}}, {"type": "Feature", "geometry": {"type": "Point", "coordinates": [7.75, 54.0]}, "properties": {"value": 8.191, "time": "2025-12-16T11:00:00", "date": "2025-12-16", "hour": 11}}, {"type": "Feature", "geometry": {"type": "Point", "coordinates": [8.0, 54.0]}, "properties": {"value": 8.098, "time": "2025-12-16T11:00:00", "date": "2025-12-16", "hour": 11}}, {"type": "Feature", "geometry": {"type": "Point", "coordinates": [8.25, 54.0]}, "properties": {"value": 7.782, "time": "2025-12-16T11:00:00", "date": "2025-12-16", "hour": 11}}, {"type": "Feature", "geometry": {"type": "Point", "coordinates": [8.5, 54.0]}, "properties": {"value": 6.801, "time": "2025-12-16T11:00:00", "date": "2025-12-16", "hour": 11}}, {"type": "Feature", "geometry": {"type": "Point", "coordinates": [11.25, 54.0]}, "properties": {"value": 6.357, "time": "2025-12-16T11:00:00", "date": "2025-12-16", "hour": 11}}, {"type": "Feature", "geometry": {"type": "Point", "coordinates": [14.0, 54.0]}, "properties": {"value": 5.063, "time": "2025-12-16T11:00:00", "date": "2025-12-16", "hour": 11}}, {"type": "Feature", "geometry": {"type": "Point", "coordinates": [14.25, 54.0]}, "properties": {"value": 5.53, "time": "2025-12-16T11:00:00", "date": "2025-12-16", "hour": 11}}, {"type": "Feature", "geometry": {"type": "Point", "coordinates": [14.5, 54.0]}, "properties": {"value": 5.315, "time": "2025-12-16T11:00:00", "date": "2025-12-16", "hour": 11}}, {"type": "Feature", "geometry": {"type": "Point", "coordinates": [14.75, 54.0]}, "properties": {"value": 5.745, "time": "2025-12-16T11:00:00", "date": "2025-12-16", "hour": 11}}, {"type": "Feature", "geometry": {"type": "Point", "coordinates": [5.0, 54.25]}, "properties": {"value": 10.358, "time": "2025-12-16T11:00:00", "date": "2025-12-16", "hour": 11}}, {"type": "Feature", "geometry": {"type": "Point", "coordinates": [5.25, 54.25]}, "properties": {"value": 10.323, "time": "2025-12-16T11:00:00", "date": "2025-12-16", "hour": 11}}, {"type": "Feature", "geometry": {"type": "Point", "coordinates": [5.5, 54.25]}, "properties": {"value": 10.215, "time": "2025-12-16T11:00:00", "date": "2025-12-16", "hour": 11}}, {"type": "Feature", "geometry": {"type": "Point", "coordinates": [5.75, 54.25]}, "properties": {"value": 9.978, "time": "2025-12-16T11:00:00", "date": "2025-12-16", "hour": 11}}, {"type": "Feature", "geometry": {"type": "Point", "coordinates": [6.0, 54.25]}, "properties": {"value": 9.837, "time": "2025-12-16T11:00:00", "date": "2025-12-16", "hour": 11}}, {"type": "Feature", "geometry": {"type": "Point", "coordinates": [6.25, 54.25]}, "properties": {"value": 9.578, "time": "2025-12-16T11:00:00", "date": "2025-12-16", "hour": 11}}, {"type": "Feature", "geometry": {"type": "Point", "coordinates": [6.5, 54.25]}, "properties": {"value": 9.419, "time": "2025-12-16T11:00:00", "date": "2025-12-16", "hour": 11}}, {"type": "Feature", "geometry": {"type": "Point", "coordinates": [6.75, 54.25]}, "properties": {"value": 9.317, "time": "2025-12-16T11:00:00", "date": "2025-12-16", "hour": 11}}, {"type": "Feature", "geometry": {"type": "Point", "coordinates": [7.0, 54.25]}, "properties": {"value": 9.259, "time": "2025-12-16T11:00:00", "date": "2025-12-16", "hour": 11}}, {"type": "Feature", "geometry": {"type": "Point", "coordinates": [7.25, 54.25]}, "properties": {"value": 9.112, "time": "2025-12-16T11:00:00", "date": "2025-12-16", "hour": 11}}, {"type": "Feature", "geometry": {"type": "Point", "coordinates": [7.5, 54.25]}, "properties": {"value": 8.909, "time": "2025-12-16T11:00:00", "date": "2025-12-16", "hour": 11}}, {"type": "Feature", "geometry": {"type": "Point", "coordinates": [7.75, 54.25]}, "properties": {"value": 8.648, "time": "2025-12-16T11:00:00", "date": "2025-12-16", "hour": 11}}, {"type": "Feature", "geometry": {"type": "Point", "coordinates": [8.0, 54.25]}, "properties": {"value": 8.501, "time": "2025-12-16T11:00:00", "date": "2025-12-16", "hour": 11}}, {"type": "Feature", "geometry": {"type": "Point", "coordinates": [8.25, 54.25]}, "properties": {"value": 7.519, "time": "2025-12-16T11:00:00", "date": "2025-12-16", "hour": 11}}, {"type": "Feature", "geometry": {"type": "Point", "coordinates": [8.5, 54.25]}, "properties": {"value": 6.558, "time": "2025-12-16T11:00:00", "date": "2025-12-16", "hour": 11}}, {"type": "Feature", "geometry": {"type": "Point", "coordinates": [10.75, 54.25]}, "properties": {"value": 6.417, "time": "2025-12-16T11:00:00", "date": "2025-12-16", "hour": 11}}, {"type": "Feature", "geometry": {"type": "Point", "coordinates": [11.25, 54.25]}, "properties": {"value": 6.624, "time": "2025-12-16T11:00:00", "date": "2025-12-16", "hour": 11}}, {"type": "Feature", "geometry": {"type": "Point", "coordinates": [11.75, 54.25]}, "properties": {"value": 6.805, "time": "2025-12-16T11:00:00", "date": "2025-12-16", "hour": 11}}, {"type": "Feature", "geometry": {"type": "Point", "coordinates": [12.25, 54.25]}, "properties": {"value": 6.282, "time": "2025-12-16T11:00:00", "date": "2025-12-16", "hour": 11}}, {"type": "Feature", "geometry": {"type": "Point", "coordinates": [13.75, 54.25]}, "properties": {"value": 5.208, "time": "2025-12-16T11:00:00", "date": "2025-12-16", "hour": 11}}, {"type": "Feature", "geometry": {"type": "Point", "coordinates": [14.0, 54.25]}, "properties": {"value": 5.585, "time": "2025-12-16T11:00:00", "date": "2025-12-16", "hour": 11}}, {"type": "Feature", "geometry": {"type": "Point", "coordinates": [14.25, 54.25]}, "properties": {"value": 5.873, "time": "2025-12-16T11:00:00", "date": "2025-12-16", "hour": 11}}, {"type": "Feature", "geometry": {"type": "Point", "coordinates": [14.5, 54.25]}, "properties": {"value": 5.816, "time": "2025-12-16T11:00:00", "date": "2025-12-16", "hour": 11}}, {"type": "Feature", "geometry": {"type": "Point", "coordinates": [14.75, 54.25]}, "properties": {"value": 6.102, "time": "2025-12-16T11:00:00", "date": "2025-12-16", "hour": 11}}, {"type": "Feature", "geometry": {"type": "Point", "coordinates": [15.0, 54.25]}, "properties": {"value": 6.699, "time": "2025-12-16T11:00:00", "date": "2025-12-16", "hour": 11}}, {"type": "Feature", "geometry": {"type": "Point", "coordinates": [5.0, 54.5]}, "properties": {"value": 10.326, "time": "2025-12-16T11:00:00", "date": "2025-12-16", "hour": 11}}, {"type": "Feature", "geometry": {"type": "Point", "coordinates": [5.25, 54.5]}, "properties": {"value": 10.398, "time": "2025-12-16T11:00:00", "date": "2025-12-16", "hour": 11}}, {"type": "Feature", "geometry": {"type": "Point", "coordinates": [5.5, 54.5]}, "properties": {"value": 10.352, "time": "2025-12-16T11:00:00", "date": "2025-12-16", "hour": 11}}, {"type": "Feature", "geometry": {"type": "Point", "coordinates": [5.75, 54.5]}, "properties": {"value": 10.232, "time": "2025-12-16T11:00:00", "date": "2025-12-16", "hour": 11}}, {"type": "Feature", "geometry": {"type": "Point", "coordinates": [6.0, 54.5]}, "properties": {"value": 10.123, "time": "2025-12-16T11:00:00", "date": "2025-12-16", "hour": 11}}, {"type": "Feature", "geometry": {"type": "Point", "coordinates": [6.25, 54.5]}, "properties": {"value": 10.017, "time": "2025-12-16T11:00:00", "date": "2025-12-16", "hour": 11}}, {"type": "Feature", "geometry": {"type": "Point", "coordinates": [6.5, 54.5]}, "properties": {"value": 9.854, "time": "2025-12-16T11:00:00", "date": "2025-12-16", "hour": 11}}, {"type": "Feature", "geometry": {"type": "Point", "coordinates": [6.75, 54.5]}, "properties": {"value": 9.744, "time": "2025-12-16T11:00:00", "date": "2025-12-16", "hour": 11}}, {"type": "Feature", "geometry": {"type": "Point", "coordinates": [7.0, 54.5]}, "properties": {"value": 9.655, "time": "2025-12-16T11:00:00", "date": "2025-12-16", "hour": 11}}, {"type": "Feature", "geometry": {"type": "Point", "coordinates": [7.25, 54.5]}, "properties": {"value": 9.301, "time": "2025-12-16T11:00:00", "date": "2025-12-16", "hour": 11}}, {"type": "Feature", "geometry": {"type": "Point", "coordinates": [7.5, 54.5]}, "properties": {"value": 9.048, "time": "2025-12-16T11:00:00", "date": "2025-12-16", "hour": 11}}, {"type": "Feature", "geometry": {"type": "Point", "coordinates": [7.75, 54.5]}, "properties": {"value": 8.751, "time": "2025-12-16T11:00:00", "date": "2025-12-16", "hour": 11}}, {"type": "Feature", "geometry": {"type": "Point", "coordinates": [8.0, 54.5]}, "properties": {"value": 7.841, "time": "2025-12-16T11:00:00", "date": "2025-12-16", "hour": 11}}, {"type": "Feature", "geometry": {"type": "Point", "coordinates": [8.25, 54.5]}, "properties": {"value": 6.972, "time": "2025-12-16T11:00:00", "date": "2025-12-16", "hour": 11}}, {"type": "Feature", "geometry": {"type": "Point", "coordinates": [8.5, 54.5]}, "properties": {"value": 6.117, "time": "2025-12-16T11:00:00", "date": "2025-12-16", "hour": 11}}, {"type": "Feature", "geometry": {"type": "Point", "coordinates": [10.5, 54.5]}, "properties": {"value": 6.819, "time": "2025-12-16T11:00:00", "date": "2025-12-16", "hour": 11}}, {"type": "Feature", "geometry": {"type": "Point", "coordinates": [10.75, 54.5]}, "properties": {"value": 6.623, "time": "2025-12-16T11:00:00", "date": "2025-12-16", "hour": 11}}, {"type": "Feature", "geometry": {"type": "Point", "coordinates": [11.0, 54.5]}, "properties": {"value": 6.469, "time": "2025-12-16T11:00:00", "date": "2025-12-16", "hour": 11}}, {"type": "Feature", "geometry": {"type": "Point", "coordinates": [11.25, 54.5]}, "properties": {"value": 6.7, "time": "2025-12-16T11:00:00", "date": "2025-12-16", "hour": 11}}, {"type": "Feature", "geometry": {"type": "Point", "coordinates": [11.5, 54.5]}, "properties": {"value": 6.676, "time": "2025-12-16T11:00:00", "date": "2025-12-16", "hour": 11}}, {"type": "Feature", "geometry": {"type": "Point", "coordinates": [11.75, 54.5]}, "properties": {"value": 6.785, "time": "2025-12-16T11:00:00", "date": "2025-12-16", "hour": 11}}, {"type": "Feature", "geometry": {"type": "Point", "coordinates": [12.0, 54.5]}, "properties": {"value": 6.632, "time": "2025-12-16T11:00:00", "date": "2025-12-16", "hour": 11}}, {"type": "Feature", "geometry": {"type": "Point", "coordinates": [12.25, 54.5]}, "properties": {"value": 6.445, "time": "2025-12-16T11:00:00", "date": "2025-12-16", "hour": 11}}, {"type": "Feature", "geometry": {"type": "Point", "coordinates": [13.0, 54.5]}, "properties": {"value": 6.844, "time": "2025-12-16T11:00:00", "date": "2025-12-16", "hour": 11}}, {"type": "Feature", "geometry": {"type": "Point", "coordinates": [13.25, 54.5]}, "properties": {"value": 6.297, "time": "2025-12-16T11:00:00", "date": "2025-12-16", "hour": 11}}, {"type": "Feature", "geometry": {"type": "Point", "coordinates": [13.5, 54.5]}, "properties": {"value": 6.049, "time": "2025-12-16T11:00:00", "date": "2025-12-16", "hour": 11}}, {"type": "Feature", "geometry": {"type": "Point", "coordinates": [13.75, 54.5]}, "properties": {"value": 6.15, "time": "2025-12-16T11:00:00", "date": "2025-12-16", "hour": 11}}, {"type": "Feature", "geometry": {"type": "Point", "coordinates": [14.0, 54.5]}, "properties": {"value": 6.496, "time": "2025-12-16T11:00:00", "date": "2025-12-16", "hour": 11}}, {"type": "Feature", "geometry": {"type": "Point", "coordinates": [14.25, 54.5]}, "properties": {"value": 6.531, "time": "2025-12-16T11:00:00", "date": "2025-12-16", "hour": 11}}, {"type": "Feature", "geometry": {"type": "Point", "coordinates": [14.5, 54.5]}, "properties": {"value": 6.777, "time": "2025-12-16T11:00:00", "date": "2025-12-16", "hour": 11}}, {"type": "Feature", "geometry": {"type": "Point", "coordinates": [14.75, 54.5]}, "properties": {"value": 6.974, "time": "2025-12-16T11:00:00", "date": "2025-12-16", "hour": 11}}, {"type": "Feature", "geometry": {"type": "Point", "coordinates": [15.0, 54.5]}, "properties": {"value": 7.613, "time": "2025-12-16T11:00:00", "date": "2025-12-16", "hour": 11}}, {"type": "Feature", "geometry": {"type": "Point", "coordinates": [5.0, 54.75]}, "properties": {"value": 10.267, "time": "2025-12-16T11:00:00", "date": "2025-12-16", "hour": 11}}, {"type": "Feature", "geometry": {"type": "Point", "coordinates": [5.25, 54.75]}, "properties": {"value": 10.34, "time": "2025-12-16T11:00:00", "date": "2025-12-16", "hour": 11}}, {"type": "Feature", "geometry": {"type": "Point", "coordinates": [5.5, 54.75]}, "properties": {"value": 10.381, "time": "2025-12-16T11:00:00", "date": "2025-12-16", "hour": 11}}, {"type": "Feature", "geometry": {"type": "Point", "coordinates": [5.75, 54.75]}, "properties": {"value": 10.38, "time": "2025-12-16T11:00:00", "date": "2025-12-16", "hour": 11}}, {"type": "Feature", "geometry": {"type": "Point", "coordinates": [6.0, 54.75]}, "properties": {"value": 10.299, "time": "2025-12-16T11:00:00", "date": "2025-12-16", "hour": 11}}, {"type": "Feature", "geometry": {"type": "Point", "coordinates": [6.25, 54.75]}, "properties": {"value": 10.196, "time": "2025-12-16T11:00:00", "date": "2025-12-16", "hour": 11}}, {"type": "Feature", "geometry": {"type": "Point", "coordinates": [6.5, 54.75]}, "properties": {"value": 10.082, "time": "2025-12-16T11:00:00", "date": "2025-12-16", "hour": 11}}, {"type": "Feature", "geometry": {"type": "Point", "coordinates": [6.75, 54.75]}, "properties": {"value": 9.954, "time": "2025-12-16T11:00:00", "date": "2025-12-16", "hour": 11}}, {"type": "Feature", "geometry": {"type": "Point", "coordinates": [7.0, 54.75]}, "properties": {"value": 9.864, "time": "2025-12-16T11:00:00", "date": "2025-12-16", "hour": 11}}, {"type": "Feature", "geometry": {"type": "Point", "coordinates": [7.25, 54.75]}, "properties": {"value": 9.502, "time": "2025-12-16T11:00:00", "date": "2025-12-16", "hour": 11}}, {"type": "Feature", "geometry": {"type": "Point", "coordinates": [7.5, 54.75]}, "properties": {"value": 9.154, "time": "2025-12-16T11:00:00", "date": "2025-12-16", "hour": 11}}, {"type": "Feature", "geometry": {"type": "Point", "coordinates": [7.75, 54.75]}, "properties": {"value": 8.209, "time": "2025-12-16T11:00:00", "date": "2025-12-16", "hour": 11}}, {"type": "Feature", "geometry": {"type": "Point", "coordinates": [8.0, 54.75]}, "properties": {"value": 7.254, "time": "2025-12-16T11:00:00", "date": "2025-12-16", "hour": 11}}, {"type": "Feature", "geometry": {"type": "Point", "coordinates": [8.25, 54.75]}, "properties": {"value": 6.497, "time": "2025-12-16T11:00:00", "date": "2025-12-16", "hour": 11}}, {"type": "Feature", "geometry": {"type": "Point", "coordinates": [8.5, 54.75]}, "properties": {"value": 5.865, "time": "2025-12-16T11:00:00", "date": "2025-12-16", "hour": 11}}, {"type": "Feature", "geometry": {"type": "Point", "coordinates": [10.25, 54.75]}, "properties": {"value": 7.163, "time": "2025-12-16T11:00:00", "date": "2025-12-16", "hour": 11}}, {"type": "Feature", "geometry": {"type": "Point", "coordinates": [10.5, 54.75]}, "properties": {"value": 7.016, "time": "2025-12-16T11:00:00", "date": "2025-12-16", "hour": 11}}, {"type": "Feature", "geometry": {"type": "Point", "coordinates": [10.75, 54.75]}, "properties": {"value": 6.83, "time": "2025-12-16T11:00:00", "date": "2025-12-16", "hour": 11}}, {"type": "Feature", "geometry": {"type": "Point", "coordinates": [11.0, 54.75]}, "properties": {"value": 6.646, "time": "2025-12-16T11:00:00", "date": "2025-12-16", "hour": 11}}, {"type": "Feature", "geometry": {"type": "Point", "coordinates": [11.25, 54.75]}, "properties": {"value": 6.313, "time": "2025-12-16T11:00:00", "date": "2025-12-16", "hour": 11}}, {"type": "Feature", "geometry": {"type": "Point", "coordinates": [11.5, 54.75]}, "properties": {"value": 6.009, "time": "2025-12-16T11:00:00", "date": "2025-12-16", "hour": 11}}, {"type": "Feature", "geometry": {"type": "Point", "coordinates": [12.0, 54.75]}, "properties": {"value": 6.154, "time": "2025-12-16T11:00:00", "date": "2025-12-16", "hour": 11}}, {"type": "Feature", "geometry": {"type": "Point", "coordinates": [12.25, 54.75]}, "properties": {"value": 6.574, "time": "2025-12-16T11:00:00", "date": "2025-12-16", "hour": 11}}, {"type": "Feature", "geometry": {"type": "Point", "coordinates": [12.5, 54.75]}, "properties": {"value": 6.943, "time": "2025-12-16T11:00:00", "date": "2025-12-16", "hour": 11}}, {"type": "Feature", "geometry": {"type": "Point", "coordinates": [12.75, 54.75]}, "properties": {"value": 7.042, "time": "2025-12-16T11:00:00", "date": "2025-12-16", "hour": 11}}, {"type": "Feature", "geometry": {"type": "Point", "coordinates": [13.0, 54.75]}, "properties": {"value": 6.97, "time": "2025-12-16T11:00:00", "date": "2025-12-16", "hour": 11}}, {"type": "Feature", "geometry": {"type": "Point", "coordinates": [13.25, 54.75]}, "properties": {"value": 6.999, "time": "2025-12-16T11:00:00", "date": "2025-12-16", "hour": 11}}, {"type": "Feature", "geometry": {"type": "Point", "coordinates": [13.5, 54.75]}, "properties": {"value": 7.044, "time": "2025-12-16T11:00:00", "date": "2025-12-16", "hour": 11}}, {"type": "Feature", "geometry": {"type": "Point", "coordinates": [13.75, 54.75]}, "properties": {"value": 7.144, "time": "2025-12-16T11:00:00", "date": "2025-12-16", "hour": 11}}, {"type": "Feature", "geometry": {"type": "Point", "coordinates": [14.0, 54.75]}, "properties": {"value": 7.238, "time": "2025-12-16T11:00:00", "date": "2025-12-16", "hour": 11}}, {"type": "Feature", "geometry": {"type": "Point", "coordinates": [14.25, 54.75]}, "properties": {"value": 7.402, "time": "2025-12-16T11:00:00", "date": "2025-12-16", "hour": 11}}, {"type": "Feature", "geometry": {"type": "Point", "coordinates": [14.5, 54.75]}, "properties": {"value": 7.803, "time": "2025-12-16T11:00:00", "date": "2025-12-16", "hour": 11}}, {"type": "Feature", "geometry": {"type": "Point", "coordinates": [14.75, 54.75]}, "properties": {"value": 7.963, "time": "2025-12-16T11:00:00", "date": "2025-12-16", "hour": 11}}, {"type": "Feature", "geometry": {"type": "Point", "coordinates": [15.0, 54.75]}, "properties": {"value": 8.052, "time": "2025-12-16T11:00:00", "date": "2025-12-16", "hour": 11}}, {"type": "Feature", "geometry": {"type": "Point", "coordinates": [5.0, 55.0]}, "properties": {"value": 10.113, "time": "2025-12-16T11:00:00", "date": "2025-12-16", "hour": 11}}, {"type": "Feature", "geometry": {"type": "Point", "coordinates": [5.25, 55.0]}, "properties": {"value": 10.274, "time": "2025-12-16T11:00:00", "date": "2025-12-16", "hour": 11}}, {"type": "Feature", "geometry": {"type": "Point", "coordinates": [5.5, 55.0]}, "properties": {"value": 10.323, "time": "2025-12-16T11:00:00", "date": "2025-12-16", "hour": 11}}, {"type": "Feature", "geometry": {"type": "Point", "coordinates": [5.75, 55.0]}, "properties": {"value": 10.323, "time": "2025-12-16T11:00:00", "date": "2025-12-16", "hour": 11}}, {"type": "Feature", "geometry": {"type": "Point", "coordinates": [6.0, 55.0]}, "properties": {"value": 10.274, "time": "2025-12-16T11:00:00", "date": "2025-12-16", "hour": 11}}, {"type": "Feature", "geometry": {"type": "Point", "coordinates": [6.25, 55.0]}, "properties": {"value": 10.224, "time": "2025-12-16T11:00:00", "date": "2025-12-16", "hour": 11}}, {"type": "Feature", "geometry": {"type": "Point", "coordinates": [6.5, 55.0]}, "properties": {"value": 10.116, "time": "2025-12-16T11:00:00", "date": "2025-12-16", "hour": 11}}, {"type": "Feature", "geometry": {"type": "Point", "coordinates": [6.75, 55.0]}, "properties": {"value": 9.98, "time": "2025-12-16T11:00:00", "date": "2025-12-16", "hour": 11}}, {"type": "Feature", "geometry": {"type": "Point", "coordinates": [7.0, 55.0]}, "properties": {"value": 9.81, "time": "2025-12-16T11:00:00", "date": "2025-12-16", "hour": 11}}, {"type": "Feature", "geometry": {"type": "Point", "coordinates": [7.25, 55.0]}, "properties": {"value": 9.486, "time": "2025-12-16T11:00:00", "date": "2025-12-16", "hour": 11}}, {"type": "Feature", "geometry": {"type": "Point", "coordinates": [7.5, 55.0]}, "properties": {"value": 9.176, "time": "2025-12-16T11:00:00", "date": "2025-12-16", "hour": 11}}, {"type": "Feature", "geometry": {"type": "Point", "coordinates": [7.75, 55.0]}, "properties": {"value": 8.262, "time": "2025-12-16T11:00:00", "date": "2025-12-16", "hour": 11}}, {"type": "Feature", "geometry": {"type": "Point", "coordinates": [8.0, 55.0]}, "properties": {"value": 7.421, "time": "2025-12-16T11:00:00", "date": "2025-12-16", "hour": 11}}, {"type": "Feature", "geometry": {"type": "Point", "coordinates": [8.25, 55.0]}, "properties": {"value": 6.589, "time": "2025-12-16T11:00:00", "date": "2025-12-16", "hour": 11}}, {"type": "Feature", "geometry": {"type": "Point", "coordinates": [8.5, 55.0]}, "properties": {"value": 5.959, "time": "2025-12-16T11:00:00", "date": "2025-12-16", "hour": 11}}, {"type": "Feature", "geometry": {"type": "Point", "coordinates": [10.25, 55.0]}, "properties": {"value": 7.051, "time": "2025-12-16T11:00:00", "date": "2025-12-16", "hour": 11}}, {"type": "Feature", "geometry": {"type": "Point", "coordinates": [10.5, 55.0]}, "properties": {"value": 6.888, "time": "2025-12-16T11:00:00", "date": "2025-12-16", "hour": 11}}, {"type": "Feature", "geometry": {"type": "Point", "coordinates": [10.75, 55.0]}, "properties": {"value": 6.727, "time": "2025-12-16T11:00:00", "date": "2025-12-16", "hour": 11}}, {"type": "Feature", "geometry": {"type": "Point", "coordinates": [11.0, 55.0]}, "properties": {"value": 6.484, "time": "2025-12-16T11:00:00", "date": "2025-12-16", "hour": 11}}, {"type": "Feature", "geometry": {"type": "Point", "coordinates": [11.25, 55.0]}, "properties": {"value": 6.052, "time": "2025-12-16T11:00:00", "date": "2025-12-16", "hour": 11}}, {"type": "Feature", "geometry": {"type": "Point", "coordinates": [11.5, 55.0]}, "properties": {"value": 5.719, "time": "2025-12-16T11:00:00", "date": "2025-12-16", "hour": 11}}, {"type": "Feature", "geometry": {"type": "Point", "coordinates": [11.75, 55.0]}, "properties": {"value": 5.292, "time": "2025-12-16T11:00:00", "date": "2025-12-16", "hour": 11}}, {"type": "Feature", "geometry": {"type": "Point", "coordinates": [12.0, 55.0]}, "properties": {"value": 5.625, "time": "2025-12-16T11:00:00", "date": "2025-12-16", "hour": 11}}, {"type": "Feature", "geometry": {"type": "Point", "coordinates": [12.25, 55.0]}, "properties": {"value": 6.174, "time": "2025-12-16T11:00:00", "date": "2025-12-16", "hour": 11}}, {"type": "Feature", "geometry": {"type": "Point", "coordinates": [12.5, 55.0]}, "properties": {"value": 7.017, "time": "2025-12-16T11:00:00", "date": "2025-12-16", "hour": 11}}, {"type": "Feature", "geometry": {"type": "Point", "coordinates": [12.75, 55.0]}, "properties": {"value": 7.281, "time": "2025-12-16T11:00:00", "date": "2025-12-16", "hour": 11}}, {"type": "Feature", "geometry": {"type": "Point", "coordinates": [13.0, 55.0]}, "properties": {"value": 7.358, "time": "2025-12-16T11:00:00", "date": "2025-12-16", "hour": 11}}, {"type": "Feature", "geometry": {"type": "Point", "coordinates": [13.25, 55.0]}, "properties": {"value": 7.385, "time": "2025-12-16T11:00:00", "date": "2025-12-16", "hour": 11}}, {"type": "Feature", "geometry": {"type": "Point", "coordinates": [13.5, 55.0]}, "properties": {"value": 7.365, "time": "2025-12-16T11:00:00", "date": "2025-12-16", "hour": 11}}, {"type": "Feature", "geometry": {"type": "Point", "coordinates": [13.75, 55.0]}, "properties": {"value": 7.413, "time": "2025-12-16T11:00:00", "date": "2025-12-16", "hour": 11}}, {"type": "Feature", "geometry": {"type": "Point", "coordinates": [14.0, 55.0]}, "properties": {"value": 7.438, "time": "2025-12-16T11:00:00", "date": "2025-12-16", "hour": 11}}, {"type": "Feature", "geometry": {"type": "Point", "coordinates": [14.25, 55.0]}, "properties": {"value": 7.563, "time": "2025-12-16T11:00:00", "date": "2025-12-16", "hour": 11}}, {"type": "Feature", "geometry": {"type": "Point", "coordinates": [14.5, 55.0]}, "properties": {"value": 7.666, "time": "2025-12-16T11:00:00", "date": "2025-12-16", "hour": 11}}, {"type": "Feature", "geometry": {"type": "Point", "coordinates": [14.75, 55.0]}, "properties": {"value": 7.713, "time": "2025-12-16T11:00:00", "date": "2025-12-16", "hour": 11}}, {"type": "Feature", "geometry": {"type": "Point", "coordinates": [15.0, 55.0]}, "properties": {"value": 7.778, "time": "2025-12-16T11:00:00", "date": "2025-12-16", "hour": 11}}, {"type": "Feature", "geometry": {"type": "Point", "coordinates": [5.25, 52.75]}, "properties": {"value": 6.812, "time": "2025-12-16T12:00:00", "date": "2025-12-16", "hour": 12}}, {"type": "Feature", "geometry": {"type": "Point", "coordinates": [5.5, 52.75]}, "properties": {"value": 6.813, "time": "2025-12-16T12:00:00", "date": "2025-12-16", "hour": 12}}, {"type": "Feature", "geometry": {"type": "Point", "coordinates": [5.0, 53.0]}, "properties": {"value": 7.319, "time": "2025-12-16T12:00:00", "date": "2025-12-16", "hour": 12}}, {"type": "Feature", "geometry": {"type": "Point", "coordinates": [5.25, 53.0]}, "properties": {"value": 7.042, "time": "2025-12-16T12:00:00", "date": "2025-12-16", "hour": 12}}, {"type": "Feature", "geometry": {"type": "Point", "coordinates": [5.5, 53.0]}, "properties": {"value": 6.799, "time": "2025-12-16T12:00:00", "date": "2025-12-16", "hour": 12}}, {"type": "Feature", "geometry": {"type": "Point", "coordinates": [5.0, 53.25]}, "properties": {"value": 8.008, "time": "2025-12-16T12:00:00", "date": "2025-12-16", "hour": 12}}, {"type": "Feature", "geometry": {"type": "Point", "coordinates": [5.25, 53.25]}, "properties": {"value": 7.442, "time": "2025-12-16T12:00:00", "date": "2025-12-16", "hour": 12}}, {"type": "Feature", "geometry": {"type": "Point", "coordinates": [5.5, 53.25]}, "properties": {"value": 7.099, "time": "2025-12-16T12:00:00", "date": "2025-12-16", "hour": 12}}, {"type": "Feature", "geometry": {"type": "Point", "coordinates": [5.0, 53.5]}, "properties": {"value": 9.558, "time": "2025-12-16T12:00:00", "date": "2025-12-16", "hour": 12}}, {"type": "Feature", "geometry": {"type": "Point", "coordinates": [5.25, 53.5]}, "properties": {"value": 8.981, "time": "2025-12-16T12:00:00", "date": "2025-12-16", "hour": 12}}, {"type": "Feature", "geometry": {"type": "Point", "coordinates": [5.5, 53.5]}, "properties": {"value": 8.797, "time": "2025-12-16T12:00:00", "date": "2025-12-16", "hour": 12}}, {"type": "Feature", "geometry": {"type": "Point", "coordinates": [5.75, 53.5]}, "properties": {"value": 8.375, "time": "2025-12-16T12:00:00", "date": "2025-12-16", "hour": 12}}, {"type": "Feature", "geometry": {"type": "Point", "coordinates": [6.0, 53.5]}, "properties": {"value": 8.022, "time": "2025-12-16T12:00:00", "date": "2025-12-16", "hour": 12}}, {"type": "Feature", "geometry": {"type": "Point", "coordinates": [6.25, 53.5]}, "properties": {"value": 7.727, "time": "2025-12-16T12:00:00", "date": "2025-12-16", "hour": 12}}, {"type": "Feature", "geometry": {"type": "Point", "coordinates": [6.5, 53.5]}, "properties": {"value": 7.554, "time": "2025-12-16T12:00:00", "date": "2025-12-16", "hour": 12}}, {"type": "Feature", "geometry": {"type": "Point", "coordinates": [6.75, 53.5]}, "properties": {"value": 7.247, "time": "2025-12-16T12:00:00", "date": "2025-12-16", "hour": 12}}, {"type": "Feature", "geometry": {"type": "Point", "coordinates": [5.0, 53.75]}, "properties": {"value": 10.229, "time": "2025-12-16T12:00:00", "date": "2025-12-16", "hour": 12}}, {"type": "Feature", "geometry": {"type": "Point", "coordinates": [5.25, 53.75]}, "properties": {"value": 9.866, "time": "2025-12-16T12:00:00", "date": "2025-12-16", "hour": 12}}, {"type": "Feature", "geometry": {"type": "Point", "coordinates": [5.5, 53.75]}, "properties": {"value": 9.563, "time": "2025-12-16T12:00:00", "date": "2025-12-16", "hour": 12}}, {"type": "Feature", "geometry": {"type": "Point", "coordinates": [5.75, 53.75]}, "properties": {"value": 9.251, "time": "2025-12-16T12:00:00", "date": "2025-12-16", "hour": 12}}, {"type": "Feature", "geometry": {"type": "Point", "coordinates": [6.0, 53.75]}, "properties": {"value": 8.924, "time": "2025-12-16T12:00:00", "date": "2025-12-16", "hour": 12}}, {"type": "Feature", "geometry": {"type": "Point", "coordinates": [6.25, 53.75]}, "properties": {"value": 8.53, "time": "2025-12-16T12:00:00", "date": "2025-12-16", "hour": 12}}, {"type": "Feature", "geometry": {"type": "Point", "coordinates": [6.5, 53.75]}, "properties": {"value": 8.097, "time": "2025-12-16T12:00:00", "date": "2025-12-16", "hour": 12}}, {"type": "Feature", "geometry": {"type": "Point", "coordinates": [6.75, 53.75]}, "properties": {"value": 7.733, "time": "2025-12-16T12:00:00", "date": "2025-12-16", "hour": 12}}, {"type": "Feature", "geometry": {"type": "Point", "coordinates": [7.0, 53.75]}, "properties": {"value": 7.699, "time": "2025-12-16T12:00:00", "date": "2025-12-16", "hour": 12}}, {"type": "Feature", "geometry": {"type": "Point", "coordinates": [7.25, 53.75]}, "properties": {"value": 7.42, "time": "2025-12-16T12:00:00", "date": "2025-12-16", "hour": 12}}, {"type": "Feature", "geometry": {"type": "Point", "coordinates": [7.5, 53.75]}, "properties": {"value": 7.347, "time": "2025-12-16T12:00:00", "date": "2025-12-16", "hour": 12}}, {"type": "Feature", "geometry": {"type": "Point", "coordinates": [7.75, 53.75]}, "properties": {"value": 7.335, "time": "2025-12-16T12:00:00", "date": "2025-12-16", "hour": 12}}, {"type": "Feature", "geometry": {"type": "Point", "coordinates": [8.0, 53.75]}, "properties": {"value": 7.199, "time": "2025-12-16T12:00:00", "date": "2025-12-16", "hour": 12}}, {"type": "Feature", "geometry": {"type": "Point", "coordinates": [8.25, 53.75]}, "properties": {"value": 6.78, "time": "2025-12-16T12:00:00", "date": "2025-12-16", "hour": 12}}, {"type": "Feature", "geometry": {"type": "Point", "coordinates": [8.5, 53.75]}, "properties": {"value": 6.318, "time": "2025-12-16T12:00:00", "date": "2025-12-16", "hour": 12}}, {"type": "Feature", "geometry": {"type": "Point", "coordinates": [8.75, 53.75]}, "properties": {"value": 6.318, "time": "2025-12-16T12:00:00", "date": "2025-12-16", "hour": 12}}, {"type": "Feature", "geometry": {"type": "Point", "coordinates": [14.25, 53.75]}, "properties": {"value": 4.019, "time": "2025-12-16T12:00:00", "date": "2025-12-16", "hour": 12}}, {"type": "Feature", "geometry": {"type": "Point", "coordinates": [14.5, 53.75]}, "properties": {"value": 4.019, "time": "2025-12-16T12:00:00", "date": "2025-12-16", "hour": 12}}, {"type": "Feature", "geometry": {"type": "Point", "coordinates": [5.0, 54.0]}, "properties": {"value": 10.358, "time": "2025-12-16T12:00:00", "date": "2025-12-16", "hour": 12}}, {"type": "Feature", "geometry": {"type": "Point", "coordinates": [5.25, 54.0]}, "properties": {"value": 10.289, "time": "2025-12-16T12:00:00", "date": "2025-12-16", "hour": 12}}, {"type": "Feature", "geometry": {"type": "Point", "coordinates": [5.5, 54.0]}, "properties": {"value": 9.988, "time": "2025-12-16T12:00:00", "date": "2025-12-16", "hour": 12}}, {"type": "Feature", "geometry": {"type": "Point", "coordinates": [5.75, 54.0]}, "properties": {"value": 9.715, "time": "2025-12-16T12:00:00", "date": "2025-12-16", "hour": 12}}, {"type": "Feature", "geometry": {"type": "Point", "coordinates": [6.0, 54.0]}, "properties": {"value": 9.437, "time": "2025-12-16T12:00:00", "date": "2025-12-16", "hour": 12}}, {"type": "Feature", "geometry": {"type": "Point", "coordinates": [6.25, 54.0]}, "properties": {"value": 9.104, "time": "2025-12-16T12:00:00", "date": "2025-12-16", "hour": 12}}, {"type": "Feature", "geometry": {"type": "Point", "coordinates": [6.5, 54.0]}, "properties": {"value": 8.729, "time": "2025-12-16T12:00:00", "date": "2025-12-16", "hour": 12}}, {"type": "Feature", "geometry": {"type": "Point", "coordinates": [6.75, 54.0]}, "properties": {"value": 8.619, "time": "2025-12-16T12:00:00", "date": "2025-12-16", "hour": 12}}, {"type": "Feature", "geometry": {"type": "Point", "coordinates": [7.0, 54.0]}, "properties": {"value": 8.61, "time": "2025-12-16T12:00:00", "date": "2025-12-16", "hour": 12}}, {"type": "Feature", "geometry": {"type": "Point", "coordinates": [7.25, 54.0]}, "properties": {"value": 8.44, "time": "2025-12-16T12:00:00", "date": "2025-12-16", "hour": 12}}, {"type": "Feature", "geometry": {"type": "Point", "coordinates": [7.5, 54.0]}, "properties": {"value": 8.324, "time": "2025-12-16T12:00:00", "date": "2025-12-16", "hour": 12}}, {"type": "Feature", "geometry": {"type": "Point", "coordinates": [7.75, 54.0]}, "properties": {"value": 8.191, "time": "2025-12-16T12:00:00", "date": "2025-12-16", "hour": 12}}, {"type": "Feature", "geometry": {"type": "Point", "coordinates": [8.0, 54.0]}, "properties": {"value": 8.098, "time": "2025-12-16T12:00:00", "date": "2025-12-16", "hour": 12}}, {"type": "Feature", "geometry": {"type": "Point", "coordinates": [8.25, 54.0]}, "properties": {"value": 7.782, "time": "2025-12-16T12:00:00", "date": "2025-12-16", "hour": 12}}, {"type": "Feature", "geometry": {"type": "Point", "coordinates": [8.5, 54.0]}, "properties": {"value": 6.801, "time": "2025-12-16T12:00:00", "date": "2025-12-16", "hour": 12}}, {"type": "Feature", "geometry": {"type": "Point", "coordinates": [11.25, 54.0]}, "properties": {"value": 6.357, "time": "2025-12-16T12:00:00", "date": "2025-12-16", "hour": 12}}, {"type": "Feature", "geometry": {"type": "Point", "coordinates": [14.0, 54.0]}, "properties": {"value": 5.063, "time": "2025-12-16T12:00:00", "date": "2025-12-16", "hour": 12}}, {"type": "Feature", "geometry": {"type": "Point", "coordinates": [14.25, 54.0]}, "properties": {"value": 5.53, "time": "2025-12-16T12:00:00", "date": "2025-12-16", "hour": 12}}, {"type": "Feature", "geometry": {"type": "Point", "coordinates": [14.5, 54.0]}, "properties": {"value": 5.315, "time": "2025-12-16T12:00:00", "date": "2025-12-16", "hour": 12}}, {"type": "Feature", "geometry": {"type": "Point", "coordinates": [14.75, 54.0]}, "properties": {"value": 5.745, "time": "2025-12-16T12:00:00", "date": "2025-12-16", "hour": 12}}, {"type": "Feature", "geometry": {"type": "Point", "coordinates": [5.0, 54.25]}, "properties": {"value": 10.358, "time": "2025-12-16T12:00:00", "date": "2025-12-16", "hour": 12}}, {"type": "Feature", "geometry": {"type": "Point", "coordinates": [5.25, 54.25]}, "properties": {"value": 10.323, "time": "2025-12-16T12:00:00", "date": "2025-12-16", "hour": 12}}, {"type": "Feature", "geometry": {"type": "Point", "coordinates": [5.5, 54.25]}, "properties": {"value": 10.215, "time": "2025-12-16T12:00:00", "date": "2025-12-16", "hour": 12}}, {"type": "Feature", "geometry": {"type": "Point", "coordinates": [5.75, 54.25]}, "properties": {"value": 9.978, "time": "2025-12-16T12:00:00", "date": "2025-12-16", "hour": 12}}, {"type": "Feature", "geometry": {"type": "Point", "coordinates": [6.0, 54.25]}, "properties": {"value": 9.837, "time": "2025-12-16T12:00:00", "date": "2025-12-16", "hour": 12}}, {"type": "Feature", "geometry": {"type": "Point", "coordinates": [6.25, 54.25]}, "properties": {"value": 9.578, "time": "2025-12-16T12:00:00", "date": "2025-12-16", "hour": 12}}, {"type": "Feature", "geometry": {"type": "Point", "coordinates": [6.5, 54.25]}, "properties": {"value": 9.419, "time": "2025-12-16T12:00:00", "date": "2025-12-16", "hour": 12}}, {"type": "Feature", "geometry": {"type": "Point", "coordinates": [6.75, 54.25]}, "properties": {"value": 9.317, "time": "2025-12-16T12:00:00", "date": "2025-12-16", "hour": 12}}, {"type": "Feature", "geometry": {"type": "Point", "coordinates": [7.0, 54.25]}, "properties": {"value": 9.259, "time": "2025-12-16T12:00:00", "date": "2025-12-16", "hour": 12}}, {"type": "Feature", "geometry": {"type": "Point", "coordinates": [7.25, 54.25]}, "properties": {"value": 9.112, "time": "2025-12-16T12:00:00", "date": "2025-12-16", "hour": 12}}, {"type": "Feature", "geometry": {"type": "Point", "coordinates": [7.5, 54.25]}, "properties": {"value": 8.909, "time": "2025-12-16T12:00:00", "date": "2025-12-16", "hour": 12}}, {"type": "Feature", "geometry": {"type": "Point", "coordinates": [7.75, 54.25]}, "properties": {"value": 8.648, "time": "2025-12-16T12:00:00", "date": "2025-12-16", "hour": 12}}, {"type": "Feature", "geometry": {"type": "Point", "coordinates": [8.0, 54.25]}, "properties": {"value": 8.501, "time": "2025-12-16T12:00:00", "date": "2025-12-16", "hour": 12}}, {"type": "Feature", "geometry": {"type": "Point", "coordinates": [8.25, 54.25]}, "properties": {"value": 7.519, "time": "2025-12-16T12:00:00", "date": "2025-12-16", "hour": 12}}, {"type": "Feature", "geometry": {"type": "Point", "coordinates": [8.5, 54.25]}, "properties": {"value": 6.558, "time": "2025-12-16T12:00:00", "date": "2025-12-16", "hour": 12}}, {"type": "Feature", "geometry": {"type": "Point", "coordinates": [10.75, 54.25]}, "properties": {"value": 6.417, "time": "2025-12-16T12:00:00", "date": "2025-12-16", "hour": 12}}, {"type": "Feature", "geometry": {"type": "Point", "coordinates": [11.25, 54.25]}, "properties": {"value": 6.624, "time": "2025-12-16T12:00:00", "date": "2025-12-16", "hour": 12}}, {"type": "Feature", "geometry": {"type": "Point", "coordinates": [11.75, 54.25]}, "properties": {"value": 6.805, "time": "2025-12-16T12:00:00", "date": "2025-12-16", "hour": 12}}, {"type": "Feature", "geometry": {"type": "Point", "coordinates": [12.25, 54.25]}, "properties": {"value": 6.282, "time": "2025-12-16T12:00:00", "date": "2025-12-16", "hour": 12}}, {"type": "Feature", "geometry": {"type": "Point", "coordinates": [13.75, 54.25]}, "properties": {"value": 5.208, "time": "2025-12-16T12:00:00", "date": "2025-12-16", "hour": 12}}, {"type": "Feature", "geometry": {"type": "Point", "coordinates": [14.0, 54.25]}, "properties": {"value": 5.585, "time": "2025-12-16T12:00:00", "date": "2025-12-16", "hour": 12}}, {"type": "Feature", "geometry": {"type": "Point", "coordinates": [14.25, 54.25]}, "properties": {"value": 5.873, "time": "2025-12-16T12:00:00", "date": "2025-12-16", "hour": 12}}, {"type": "Feature", "geometry": {"type": "Point", "coordinates": [14.5, 54.25]}, "properties": {"value": 5.816, "time": "2025-12-16T12:00:00", "date": "2025-12-16", "hour": 12}}, {"type": "Feature", "geometry": {"type": "Point", "coordinates": [14.75, 54.25]}, "properties": {"value": 6.102, "time": "2025-12-16T12:00:00", "date": "2025-12-16", "hour": 12}}, {"type": "Feature", "geometry": {"type": "Point", "coordinates": [15.0, 54.25]}, "properties": {"value": 6.699, "time": "2025-12-16T12:00:00", "date": "2025-12-16", "hour": 12}}, {"type": "Feature", "geometry": {"type": "Point", "coordinates": [5.0, 54.5]}, "properties": {"value": 10.326, "time": "2025-12-16T12:00:00", "date": "2025-12-16", "hour": 12}}, {"type": "Feature", "geometry": {"type": "Point", "coordinates": [5.25, 54.5]}, "properties": {"value": 10.398, "time": "2025-12-16T12:00:00", "date": "2025-12-16", "hour": 12}}, {"type": "Feature", "geometry": {"type": "Point", "coordinates": [5.5, 54.5]}, "properties": {"value": 10.352, "time": "2025-12-16T12:00:00", "date": "2025-12-16", "hour": 12}}, {"type": "Feature", "geometry": {"type": "Point", "coordinates": [5.75, 54.5]}, "properties": {"value": 10.232, "time": "2025-12-16T12:00:00", "date": "2025-12-16", "hour": 12}}, {"type": "Feature", "geometry": {"type": "Point", "coordinates": [6.0, 54.5]}, "properties": {"value": 10.123, "time": "2025-12-16T12:00:00", "date": "2025-12-16", "hour": 12}}, {"type": "Feature", "geometry": {"type": "Point", "coordinates": [6.25, 54.5]}, "properties": {"value": 10.017, "time": "2025-12-16T12:00:00", "date": "2025-12-16", "hour": 12}}, {"type": "Feature", "geometry": {"type": "Point", "coordinates": [6.5, 54.5]}, "properties": {"value": 9.854, "time": "2025-12-16T12:00:00", "date": "2025-12-16", "hour": 12}}, {"type": "Feature", "geometry": {"type": "Point", "coordinates": [6.75, 54.5]}, "properties": {"value": 9.744, "time": "2025-12-16T12:00:00", "date": "2025-12-16", "hour": 12}}, {"type": "Feature", "geometry": {"type": "Point", "coordinates": [7.0, 54.5]}, "properties": {"value": 9.655, "time": "2025-12-16T12:00:00", "date": "2025-12-16", "hour": 12}}, {"type": "Feature", "geometry": {"type": "Point", "coordinates": [7.25, 54.5]}, "properties": {"value": 9.301, "time": "2025-12-16T12:00:00", "date": "2025-12-16", "hour": 12}}, {"type": "Feature", "geometry": {"type": "Point", "coordinates": [7.5, 54.5]}, "properties": {"value": 9.048, "time": "2025-12-16T12:00:00", "date": "2025-12-16", "hour": 12}}, {"type": "Feature", "geometry": {"type": "Point", "coordinates": [7.75, 54.5]}, "properties": {"value": 8.751, "time": "2025-12-16T12:00:00", "date": "2025-12-16", "hour": 12}}, {"type": "Feature", "geometry": {"type": "Point", "coordinates": [8.0, 54.5]}, "properties": {"value": 7.841, "time": "2025-12-16T12:00:00", "date": "2025-12-16", "hour": 12}}, {"type": "Feature", "geometry": {"type": "Point", "coordinates": [8.25, 54.5]}, "properties": {"value": 6.972, "time": "2025-12-16T12:00:00", "date": "2025-12-16", "hour": 12}}, {"type": "Feature", "geometry": {"type": "Point", "coordinates": [8.5, 54.5]}, "properties": {"value": 6.117, "time": "2025-12-16T12:00:00", "date": "2025-12-16", "hour": 12}}, {"type": "Feature", "geometry": {"type": "Point", "coordinates": [10.5, 54.5]}, "properties": {"value": 6.819, "time": "2025-12-16T12:00:00", "date": "2025-12-16", "hour": 12}}, {"type": "Feature", "geometry": {"type": "Point", "coordinates": [10.75, 54.5]}, "properties": {"value": 6.623, "time": "2025-12-16T12:00:00", "date": "2025-12-16", "hour": 12}}, {"type": "Feature", "geometry": {"type": "Point", "coordinates": [11.0, 54.5]}, "properties": {"value": 6.469, "time": "2025-12-16T12:00:00", "date": "2025-12-16", "hour": 12}}, {"type": "Feature", "geometry": {"type": "Point", "coordinates": [11.25, 54.5]}, "properties": {"value": 6.7, "time": "2025-12-16T12:00:00", "date": "2025-12-16", "hour": 12}}, {"type": "Feature", "geometry": {"type": "Point", "coordinates": [11.5, 54.5]}, "properties": {"value": 6.676, "time": "2025-12-16T12:00:00", "date": "2025-12-16", "hour": 12}}, {"type": "Feature", "geometry": {"type": "Point", "coordinates": [11.75, 54.5]}, "properties": {"value": 6.785, "time": "2025-12-16T12:00:00", "date": "2025-12-16", "hour": 12}}, {"type": "Feature", "geometry": {"type": "Point", "coordinates": [12.0, 54.5]}, "properties": {"value": 6.632, "time": "2025-12-16T12:00:00", "date": "2025-12-16", "hour": 12}}, {"type": "Feature", "geometry": {"type": "Point", "coordinates": [12.25, 54.5]}, "properties": {"value": 6.445, "time": "2025-12-16T12:00:00", "date": "2025-12-16", "hour": 12}}, {"type": "Feature", "geometry": {"type": "Point", "coordinates": [13.0, 54.5]}, "properties": {"value": 6.844, "time": "2025-12-16T12:00:00", "date": "2025-12-16", "hour": 12}}, {"type": "Feature", "geometry": {"type": "Point", "coordinates": [13.25, 54.5]}, "properties": {"value": 6.297, "time": "2025-12-16T12:00:00", "date": "2025-12-16", "hour": 12}}, {"type": "Feature", "geometry": {"type": "Point", "coordinates": [13.5, 54.5]}, "properties": {"value": 6.049, "time": "2025-12-16T12:00:00", "date": "2025-12-16", "hour": 12}}, {"type": "Feature", "geometry": {"type": "Point", "coordinates": [13.75, 54.5]}, "properties": {"value": 6.15, "time": "2025-12-16T12:00:00", "date": "2025-12-16", "hour": 12}}, {"type": "Feature", "geometry": {"type": "Point", "coordinates": [14.0, 54.5]}, "properties": {"value": 6.496, "time": "2025-12-16T12:00:00", "date": "2025-12-16", "hour": 12}}, {"type": "Feature", "geometry": {"type": "Point", "coordinates": [14.25, 54.5]}, "properties": {"value": 6.531, "time": "2025-12-16T12:00:00", "date": "2025-12-16", "hour": 12}}, {"type": "Feature", "geometry": {"type": "Point", "coordinates": [14.5, 54.5]}, "properties": {"value": 6.777, "time": "2025-12-16T12:00:00", "date": "2025-12-16", "hour": 12}}, {"type": "Feature", "geometry": {"type": "Point", "coordinates": [14.75, 54.5]}, "properties": {"value": 6.974, "time": "2025-12-16T12:00:00", "date": "2025-12-16", "hour": 12}}, {"type": "Feature", "geometry": {"type": "Point", "coordinates": [15.0, 54.5]}, "properties": {"value": 7.613, "time": "2025-12-16T12:00:00", "date": "2025-12-16", "hour": 12}}, {"type": "Feature", "geometry": {"type": "Point", "coordinates": [5.0, 54.75]}, "properties": {"value": 10.267, "time": "2025-12-16T12:00:00", "date": "2025-12-16", "hour": 12}}, {"type": "Feature", "geometry": {"type": "Point", "coordinates": [5.25, 54.75]}, "properties": {"value": 10.34, "time": "2025-12-16T12:00:00", "date": "2025-12-16", "hour": 12}}, {"type": "Feature", "geometry": {"type": "Point", "coordinates": [5.5, 54.75]}, "properties": {"value": 10.381, "time": "2025-12-16T12:00:00", "date": "2025-12-16", "hour": 12}}, {"type": "Feature", "geometry": {"type": "Point", "coordinates": [5.75, 54.75]}, "properties": {"value": 10.38, "time": "2025-12-16T12:00:00", "date": "2025-12-16", "hour": 12}}, {"type": "Feature", "geometry": {"type": "Point", "coordinates": [6.0, 54.75]}, "properties": {"value": 10.299, "time": "2025-12-16T12:00:00", "date": "2025-12-16", "hour": 12}}, {"type": "Feature", "geometry": {"type": "Point", "coordinates": [6.25, 54.75]}, "properties": {"value": 10.196, "time": "2025-12-16T12:00:00", "date": "2025-12-16", "hour": 12}}, {"type": "Feature", "geometry": {"type": "Point", "coordinates": [6.5, 54.75]}, "properties": {"value": 10.082, "time": "2025-12-16T12:00:00", "date": "2025-12-16", "hour": 12}}, {"type": "Feature", "geometry": {"type": "Point", "coordinates": [6.75, 54.75]}, "properties": {"value": 9.954, "time": "2025-12-16T12:00:00", "date": "2025-12-16", "hour": 12}}, {"type": "Feature", "geometry": {"type": "Point", "coordinates": [7.0, 54.75]}, "properties": {"value": 9.864, "time": "2025-12-16T12:00:00", "date": "2025-12-16", "hour": 12}}, {"type": "Feature", "geometry": {"type": "Point", "coordinates": [7.25, 54.75]}, "properties": {"value": 9.502, "time": "2025-12-16T12:00:00", "date": "2025-12-16", "hour": 12}}, {"type": "Feature", "geometry": {"type": "Point", "coordinates": [7.5, 54.75]}, "properties": {"value": 9.154, "time": "2025-12-16T12:00:00", "date": "2025-12-16", "hour": 12}}, {"type": "Feature", "geometry": {"type": "Point", "coordinates": [7.75, 54.75]}, "properties": {"value": 8.209, "time": "2025-12-16T12:00:00", "date": "2025-12-16", "hour": 12}}, {"type": "Feature", "geometry": {"type": "Point", "coordinates": [8.0, 54.75]}, "properties": {"value": 7.254, "time": "2025-12-16T12:00:00", "date": "2025-12-16", "hour": 12}}, {"type": "Feature", "geometry": {"type": "Point", "coordinates": [8.25, 54.75]}, "properties": {"value": 6.497, "time": "2025-12-16T12:00:00", "date": "2025-12-16", "hour": 12}}, {"type": "Feature", "geometry": {"type": "Point", "coordinates": [8.5, 54.75]}, "properties": {"value": 5.865, "time": "2025-12-16T12:00:00", "date": "2025-12-16", "hour": 12}}, {"type": "Feature", "geometry": {"type": "Point", "coordinates": [10.25, 54.75]}, "properties": {"value": 7.163, "time": "2025-12-16T12:00:00", "date": "2025-12-16", "hour": 12}}, {"type": "Feature", "geometry": {"type": "Point", "coordinates": [10.5, 54.75]}, "properties": {"value": 7.016, "time": "2025-12-16T12:00:00", "date": "2025-12-16", "hour": 12}}, {"type": "Feature", "geometry": {"type": "Point", "coordinates": [10.75, 54.75]}, "properties": {"value": 6.83, "time": "2025-12-16T12:00:00", "date": "2025-12-16", "hour": 12}}, {"type": "Feature", "geometry": {"type": "Point", "coordinates": [11.0, 54.75]}, "properties": {"value": 6.646, "time": "2025-12-16T12:00:00", "date": "2025-12-16", "hour": 12}}, {"type": "Feature", "geometry": {"type": "Point", "coordinates": [11.25, 54.75]}, "properties": {"value": 6.313, "time": "2025-12-16T12:00:00", "date": "2025-12-16", "hour": 12}}, {"type": "Feature", "geometry": {"type": "Point", "coordinates": [11.5, 54.75]}, "properties": {"value": 6.009, "time": "2025-12-16T12:00:00", "date": "2025-12-16", "hour": 12}}, {"type": "Feature", "geometry": {"type": "Point", "coordinates": [12.0, 54.75]}, "properties": {"value": 6.154, "time": "2025-12-16T12:00:00", "date": "2025-12-16", "hour": 12}}, {"type": "Feature", "geometry": {"type": "Point", "coordinates": [12.25, 54.75]}, "properties": {"value": 6.574, "time": "2025-12-16T12:00:00", "date": "2025-12-16", "hour": 12}}, {"type": "Feature", "geometry": {"type": "Point", "coordinates": [12.5, 54.75]}, "properties": {"value": 6.943, "time": "2025-12-16T12:00:00", "date": "2025-12-16", "hour": 12}}, {"type": "Feature", "geometry": {"type": "Point", "coordinates": [12.75, 54.75]}, "properties": {"value": 7.042, "time": "2025-12-16T12:00:00", "date": "2025-12-16", "hour": 12}}, {"type": "Feature", "geometry": {"type": "Point", "coordinates": [13.0, 54.75]}, "properties": {"value": 6.97, "time": "2025-12-16T12:00:00", "date": "2025-12-16", "hour": 12}}, {"type": "Feature", "geometry": {"type": "Point", "coordinates": [13.25, 54.75]}, "properties": {"value": 6.999, "time": "2025-12-16T12:00:00", "date": "2025-12-16", "hour": 12}}, {"type": "Feature", "geometry": {"type": "Point", "coordinates": [13.5, 54.75]}, "properties": {"value": 7.044, "time": "2025-12-16T12:00:00", "date": "2025-12-16", "hour": 12}}, {"type": "Feature", "geometry": {"type": "Point", "coordinates": [13.75, 54.75]}, "properties": {"value": 7.144, "time": "2025-12-16T12:00:00", "date": "2025-12-16", "hour": 12}}, {"type": "Feature", "geometry": {"type": "Point", "coordinates": [14.0, 54.75]}, "properties": {"value": 7.238, "time": "2025-12-16T12:00:00", "date": "2025-12-16", "hour": 12}}, {"type": "Feature", "geometry": {"type": "Point", "coordinates": [14.25, 54.75]}, "properties": {"value": 7.402, "time": "2025-12-16T12:00:00", "date": "2025-12-16", "hour": 12}}, {"type": "Feature", "geometry": {"type": "Point", "coordinates": [14.5, 54.75]}, "properties": {"value": 7.803, "time": "2025-12-16T12:00:00", "date": "2025-12-16", "hour": 12}}, {"type": "Feature", "geometry": {"type": "Point", "coordinates": [14.75, 54.75]}, "properties": {"value": 7.963, "time": "2025-12-16T12:00:00", "date": "2025-12-16", "hour": 12}}, {"type": "Feature", "geometry": {"type": "Point", "coordinates": [15.0, 54.75]}, "properties": {"value": 8.052, "time": "2025-12-16T12:00:00", "date": "2025-12-16", "hour": 12}}, {"type": "Feature", "geometry": {"type": "Point", "coordinates": [5.0, 55.0]}, "properties": {"value": 10.113, "time": "2025-12-16T12:00:00", "date": "2025-12-16", "hour": 12}}, {"type": "Feature", "geometry": {"type": "Point", "coordinates": [5.25, 55.0]}, "properties": {"value": 10.274, "time": "2025-12-16T12:00:00", "date": "2025-12-16", "hour": 12}}, {"type": "Feature", "geometry": {"type": "Point", "coordinates": [5.5, 55.0]}, "properties": {"value": 10.323, "time": "2025-12-16T12:00:00", "date": "2025-12-16", "hour": 12}}, {"type": "Feature", "geometry": {"type": "Point", "coordinates": [5.75, 55.0]}, "properties": {"value": 10.323, "time": "2025-12-16T12:00:00", "date": "2025-12-16", "hour": 12}}, {"type": "Feature", "geometry": {"type": "Point", "coordinates": [6.0, 55.0]}, "properties": {"value": 10.274, "time": "2025-12-16T12:00:00", "date": "2025-12-16", "hour": 12}}, {"type": "Feature", "geometry": {"type": "Point", "coordinates": [6.25, 55.0]}, "properties": {"value": 10.224, "time": "2025-12-16T12:00:00", "date": "2025-12-16", "hour": 12}}, {"type": "Feature", "geometry": {"type": "Point", "coordinates": [6.5, 55.0]}, "properties": {"value": 10.116, "time": "2025-12-16T12:00:00", "date": "2025-12-16", "hour": 12}}, {"type": "Feature", "geometry": {"type": "Point", "coordinates": [6.75, 55.0]}, "properties": {"value": 9.98, "time": "2025-12-16T12:00:00", "date": "2025-12-16", "hour": 12}}, {"type": "Feature", "geometry": {"type": "Point", "coordinates": [7.0, 55.0]}, "properties": {"value": 9.81, "time": "2025-12-16T12:00:00", "date": "2025-12-16", "hour": 12}}, {"type": "Feature", "geometry": {"type": "Point", "coordinates": [7.25, 55.0]}, "properties": {"value": 9.486, "time": "2025-12-16T12:00:00", "date": "2025-12-16", "hour": 12}}, {"type": "Feature", "geometry": {"type": "Point", "coordinates": [7.5, 55.0]}, "properties": {"value": 9.176, "time": "2025-12-16T12:00:00", "date": "2025-12-16", "hour": 12}}, {"type": "Feature", "geometry": {"type": "Point", "coordinates": [7.75, 55.0]}, "properties": {"value": 8.262, "time": "2025-12-16T12:00:00", "date": "2025-12-16", "hour": 12}}, {"type": "Feature", "geometry": {"type": "Point", "coordinates": [8.0, 55.0]}, "properties": {"value": 7.421, "time": "2025-12-16T12:00:00", "date": "2025-12-16", "hour": 12}}, {"type": "Feature", "geometry": {"type": "Point", "coordinates": [8.25, 55.0]}, "properties": {"value": 6.589, "time": "2025-12-16T12:00:00", "date": "2025-12-16", "hour": 12}}, {"type": "Feature", "geometry": {"type": "Point", "coordinates": [8.5, 55.0]}, "properties": {"value": 5.959, "time": "2025-12-16T12:00:00", "date": "2025-12-16", "hour": 12}}, {"type": "Feature", "geometry": {"type": "Point", "coordinates": [10.25, 55.0]}, "properties": {"value": 7.051, "time": "2025-12-16T12:00:00", "date": "2025-12-16", "hour": 12}}, {"type": "Feature", "geometry": {"type": "Point", "coordinates": [10.5, 55.0]}, "properties": {"value": 6.888, "time": "2025-12-16T12:00:00", "date": "2025-12-16", "hour": 12}}, {"type": "Feature", "geometry": {"type": "Point", "coordinates": [10.75, 55.0]}, "properties": {"value": 6.727, "time": "2025-12-16T12:00:00", "date": "2025-12-16", "hour": 12}}, {"type": "Feature", "geometry": {"type": "Point", "coordinates": [11.0, 55.0]}, "properties": {"value": 6.484, "time": "2025-12-16T12:00:00", "date": "2025-12-16", "hour": 12}}, {"type": "Feature", "geometry": {"type": "Point", "coordinates": [11.25, 55.0]}, "properties": {"value": 6.052, "time": "2025-12-16T12:00:00", "date": "2025-12-16", "hour": 12}}, {"type": "Feature", "geometry": {"type": "Point", "coordinates": [11.5, 55.0]}, "properties": {"value": 5.719, "time": "2025-12-16T12:00:00", "date": "2025-12-16", "hour": 12}}, {"type": "Feature", "geometry": {"type": "Point", "coordinates": [11.75, 55.0]}, "properties": {"value": 5.292, "time": "2025-12-16T12:00:00", "date": "2025-12-16", "hour": 12}}, {"type": "Feature", "geometry": {"type": "Point", "coordinates": [12.0, 55.0]}, "properties": {"value": 5.625, "time": "2025-12-16T12:00:00", "date": "2025-12-16", "hour": 12}}, {"type": "Feature", "geometry": {"type": "Point", "coordinates": [12.25, 55.0]}, "properties": {"value": 6.174, "time": "2025-12-16T12:00:00", "date": "2025-12-16", "hour": 12}}, {"type": "Feature", "geometry": {"type": "Point", "coordinates": [12.5, 55.0]}, "properties": {"value": 7.017, "time": "2025-12-16T12:00:00", "date": "2025-12-16", "hour": 12}}, {"type": "Feature", "geometry": {"type": "Point", "coordinates": [12.75, 55.0]}, "properties": {"value": 7.281, "time": "2025-12-16T12:00:00", "date": "2025-12-16", "hour": 12}}, {"type": "Feature", "geometry": {"type": "Point", "coordinates": [13.0, 55.0]}, "properties": {"value": 7.358, "time": "2025-12-16T12:00:00", "date": "2025-12-16", "hour": 12}}, {"type": "Feature", "geometry": {"type": "Point", "coordinates": [13.25, 55.0]}, "properties": {"value": 7.385, "time": "2025-12-16T12:00:00", "date": "2025-12-16", "hour": 12}}, {"type": "Feature", "geometry": {"type": "Point", "coordinates": [13.5, 55.0]}, "properties": {"value": 7.365, "time": "2025-12-16T12:00:00", "date": "2025-12-16", "hour": 12}}, {"type": "Feature", "geometry": {"type": "Point", "coordinates": [13.75, 55.0]}, "properties": {"value": 7.413, "time": "2025-12-16T12:00:00", "date": "2025-12-16", "hour": 12}}, {"type": "Feature", "geometry": {"type": "Point", "coordinates": [14.0, 55.0]}, "properties": {"value": 7.438, "time": "2025-12-16T12:00:00", "date": "2025-12-16", "hour": 12}}, {"type": "Feature", "geometry": {"type": "Point", "coordinates": [14.25, 55.0]}, "properties": {"value": 7.563, "time": "2025-12-16T12:00:00", "date": "2025-12-16", "hour": 12}}, {"type": "Feature", "geometry": {"type": "Point", "coordinates": [14.5, 55.0]}, "properties": {"value": 7.666, "time": "2025-12-16T12:00:00", "date": "2025-12-16", "hour": 12}}, {"type": "Feature", "geometry": {"type": "Point", "coordinates": [14.75, 55.0]}, "properties": {"value": 7.713, "time": "2025-12-16T12:00:00", "date": "2025-12-16", "hour": 12}}, {"type": "Feature", "geometry": {"type": "Point", "coordinates": [15.0, 55.0]}, "properties": {"value": 7.778, "time": "2025-12-16T12:00:00", "date": "2025-12-16", "hour": 12}}, {"type": "Feature", "geometry": {"type": "Point", "coordinates": [5.25, 52.75]}, "properties": {"value": 6.812, "time": "2025-12-16T13:00:00", "date": "2025-12-16", "hour": 13}}, {"type": "Feature", "geometry": {"type": "Point", "coordinates": [5.5, 52.75]}, "properties": {"value": 6.813, "time": "2025-12-16T13:00:00", "date": "2025-12-16", "hour": 13}}, {"type": "Feature", "geometry": {"type": "Point", "coordinates": [5.0, 53.0]}, "properties": {"value": 7.319, "time": "2025-12-16T13:00:00", "date": "2025-12-16", "hour": 13}}, {"type": "Feature", "geometry": {"type": "Point", "coordinates": [5.25, 53.0]}, "properties": {"value": 7.042, "time": "2025-12-16T13:00:00", "date": "2025-12-16", "hour": 13}}, {"type": "Feature", "geometry": {"type": "Point", "coordinates": [5.5, 53.0]}, "properties": {"value": 6.799, "time": "2025-12-16T13:00:00", "date": "2025-12-16", "hour": 13}}, {"type": "Feature", "geometry": {"type": "Point", "coordinates": [5.0, 53.25]}, "properties": {"value": 8.008, "time": "2025-12-16T13:00:00", "date": "2025-12-16", "hour": 13}}, {"type": "Feature", "geometry": {"type": "Point", "coordinates": [5.25, 53.25]}, "properties": {"value": 7.442, "time": "2025-12-16T13:00:00", "date": "2025-12-16", "hour": 13}}, {"type": "Feature", "geometry": {"type": "Point", "coordinates": [5.5, 53.25]}, "properties": {"value": 7.099, "time": "2025-12-16T13:00:00", "date": "2025-12-16", "hour": 13}}, {"type": "Feature", "geometry": {"type": "Point", "coordinates": [5.0, 53.5]}, "properties": {"value": 9.558, "time": "2025-12-16T13:00:00", "date": "2025-12-16", "hour": 13}}, {"type": "Feature", "geometry": {"type": "Point", "coordinates": [5.25, 53.5]}, "properties": {"value": 8.981, "time": "2025-12-16T13:00:00", "date": "2025-12-16", "hour": 13}}, {"type": "Feature", "geometry": {"type": "Point", "coordinates": [5.5, 53.5]}, "properties": {"value": 8.797, "time": "2025-12-16T13:00:00", "date": "2025-12-16", "hour": 13}}, {"type": "Feature", "geometry": {"type": "Point", "coordinates": [5.75, 53.5]}, "properties": {"value": 8.375, "time": "2025-12-16T13:00:00", "date": "2025-12-16", "hour": 13}}, {"type": "Feature", "geometry": {"type": "Point", "coordinates": [6.0, 53.5]}, "properties": {"value": 8.022, "time": "2025-12-16T13:00:00", "date": "2025-12-16", "hour": 13}}, {"type": "Feature", "geometry": {"type": "Point", "coordinates": [6.25, 53.5]}, "properties": {"value": 7.727, "time": "2025-12-16T13:00:00", "date": "2025-12-16", "hour": 13}}, {"type": "Feature", "geometry": {"type": "Point", "coordinates": [6.5, 53.5]}, "properties": {"value": 7.554, "time": "2025-12-16T13:00:00", "date": "2025-12-16", "hour": 13}}, {"type": "Feature", "geometry": {"type": "Point", "coordinates": [6.75, 53.5]}, "properties": {"value": 7.247, "time": "2025-12-16T13:00:00", "date": "2025-12-16", "hour": 13}}, {"type": "Feature", "geometry": {"type": "Point", "coordinates": [5.0, 53.75]}, "properties": {"value": 10.229, "time": "2025-12-16T13:00:00", "date": "2025-12-16", "hour": 13}}, {"type": "Feature", "geometry": {"type": "Point", "coordinates": [5.25, 53.75]}, "properties": {"value": 9.866, "time": "2025-12-16T13:00:00", "date": "2025-12-16", "hour": 13}}, {"type": "Feature", "geometry": {"type": "Point", "coordinates": [5.5, 53.75]}, "properties": {"value": 9.563, "time": "2025-12-16T13:00:00", "date": "2025-12-16", "hour": 13}}, {"type": "Feature", "geometry": {"type": "Point", "coordinates": [5.75, 53.75]}, "properties": {"value": 9.251, "time": "2025-12-16T13:00:00", "date": "2025-12-16", "hour": 13}}, {"type": "Feature", "geometry": {"type": "Point", "coordinates": [6.0, 53.75]}, "properties": {"value": 8.924, "time": "2025-12-16T13:00:00", "date": "2025-12-16", "hour": 13}}, {"type": "Feature", "geometry": {"type": "Point", "coordinates": [6.25, 53.75]}, "properties": {"value": 8.53, "time": "2025-12-16T13:00:00", "date": "2025-12-16", "hour": 13}}, {"type": "Feature", "geometry": {"type": "Point", "coordinates": [6.5, 53.75]}, "properties": {"value": 8.097, "time": "2025-12-16T13:00:00", "date": "2025-12-16", "hour": 13}}, {"type": "Feature", "geometry": {"type": "Point", "coordinates": [6.75, 53.75]}, "properties": {"value": 7.733, "time": "2025-12-16T13:00:00", "date": "2025-12-16", "hour": 13}}, {"type": "Feature", "geometry": {"type": "Point", "coordinates": [7.0, 53.75]}, "properties": {"value": 7.699, "time": "2025-12-16T13:00:00", "date": "2025-12-16", "hour": 13}}, {"type": "Feature", "geometry": {"type": "Point", "coordinates": [7.25, 53.75]}, "properties": {"value": 7.42, "time": "2025-12-16T13:00:00", "date": "2025-12-16", "hour": 13}}, {"type": "Feature", "geometry": {"type": "Point", "coordinates": [7.5, 53.75]}, "properties": {"value": 7.347, "time": "2025-12-16T13:00:00", "date": "2025-12-16", "hour": 13}}, {"type": "Feature", "geometry": {"type": "Point", "coordinates": [7.75, 53.75]}, "properties": {"value": 7.335, "time": "2025-12-16T13:00:00", "date": "2025-12-16", "hour": 13}}, {"type": "Feature", "geometry": {"type": "Point", "coordinates": [8.0, 53.75]}, "properties": {"value": 7.199, "time": "2025-12-16T13:00:00", "date": "2025-12-16", "hour": 13}}, {"type": "Feature", "geometry": {"type": "Point", "coordinates": [8.25, 53.75]}, "properties": {"value": 6.78, "time": "2025-12-16T13:00:00", "date": "2025-12-16", "hour": 13}}, {"type": "Feature", "geometry": {"type": "Point", "coordinates": [8.5, 53.75]}, "properties": {"value": 6.318, "time": "2025-12-16T13:00:00", "date": "2025-12-16", "hour": 13}}, {"type": "Feature", "geometry": {"type": "Point", "coordinates": [8.75, 53.75]}, "properties": {"value": 6.318, "time": "2025-12-16T13:00:00", "date": "2025-12-16", "hour": 13}}, {"type": "Feature", "geometry": {"type": "Point", "coordinates": [14.25, 53.75]}, "properties": {"value": 4.019, "time": "2025-12-16T13:00:00", "date": "2025-12-16", "hour": 13}}, {"type": "Feature", "geometry": {"type": "Point", "coordinates": [14.5, 53.75]}, "properties": {"value": 4.019, "time": "2025-12-16T13:00:00", "date": "2025-12-16", "hour": 13}}, {"type": "Feature", "geometry": {"type": "Point", "coordinates": [5.0, 54.0]}, "properties": {"value": 10.358, "time": "2025-12-16T13:00:00", "date": "2025-12-16", "hour": 13}}, {"type": "Feature", "geometry": {"type": "Point", "coordinates": [5.25, 54.0]}, "properties": {"value": 10.289, "time": "2025-12-16T13:00:00", "date": "2025-12-16", "hour": 13}}, {"type": "Feature", "geometry": {"type": "Point", "coordinates": [5.5, 54.0]}, "properties": {"value": 9.988, "time": "2025-12-16T13:00:00", "date": "2025-12-16", "hour": 13}}, {"type": "Feature", "geometry": {"type": "Point", "coordinates": [5.75, 54.0]}, "properties": {"value": 9.715, "time": "2025-12-16T13:00:00", "date": "2025-12-16", "hour": 13}}, {"type": "Feature", "geometry": {"type": "Point", "coordinates": [6.0, 54.0]}, "properties": {"value": 9.437, "time": "2025-12-16T13:00:00", "date": "2025-12-16", "hour": 13}}, {"type": "Feature", "geometry": {"type": "Point", "coordinates": [6.25, 54.0]}, "properties": {"value": 9.104, "time": "2025-12-16T13:00:00", "date": "2025-12-16", "hour": 13}}, {"type": "Feature", "geometry": {"type": "Point", "coordinates": [6.5, 54.0]}, "properties": {"value": 8.729, "time": "2025-12-16T13:00:00", "date": "2025-12-16", "hour": 13}}, {"type": "Feature", "geometry": {"type": "Point", "coordinates": [6.75, 54.0]}, "properties": {"value": 8.619, "time": "2025-12-16T13:00:00", "date": "2025-12-16", "hour": 13}}, {"type": "Feature", "geometry": {"type": "Point", "coordinates": [7.0, 54.0]}, "properties": {"value": 8.61, "time": "2025-12-16T13:00:00", "date": "2025-12-16", "hour": 13}}, {"type": "Feature", "geometry": {"type": "Point", "coordinates": [7.25, 54.0]}, "properties": {"value": 8.44, "time": "2025-12-16T13:00:00", "date": "2025-12-16", "hour": 13}}, {"type": "Feature", "geometry": {"type": "Point", "coordinates": [7.5, 54.0]}, "properties": {"value": 8.324, "time": "2025-12-16T13:00:00", "date": "2025-12-16", "hour": 13}}, {"type": "Feature", "geometry": {"type": "Point", "coordinates": [7.75, 54.0]}, "properties": {"value": 8.191, "time": "2025-12-16T13:00:00", "date": "2025-12-16", "hour": 13}}, {"type": "Feature", "geometry": {"type": "Point", "coordinates": [8.0, 54.0]}, "properties": {"value": 8.098, "time": "2025-12-16T13:00:00", "date": "2025-12-16", "hour": 13}}, {"type": "Feature", "geometry": {"type": "Point", "coordinates": [8.25, 54.0]}, "properties": {"value": 7.782, "time": "2025-12-16T13:00:00", "date": "2025-12-16", "hour": 13}}, {"type": "Feature", "geometry": {"type": "Point", "coordinates": [8.5, 54.0]}, "properties": {"value": 6.801, "time": "2025-12-16T13:00:00", "date": "2025-12-16", "hour": 13}}, {"type": "Feature", "geometry": {"type": "Point", "coordinates": [11.25, 54.0]}, "properties": {"value": 6.357, "time": "2025-12-16T13:00:00", "date": "2025-12-16", "hour": 13}}, {"type": "Feature", "geometry": {"type": "Point", "coordinates": [14.0, 54.0]}, "properties": {"value": 5.063, "time": "2025-12-16T13:00:00", "date": "2025-12-16", "hour": 13}}, {"type": "Feature", "geometry": {"type": "Point", "coordinates": [14.25, 54.0]}, "properties": {"value": 5.53, "time": "2025-12-16T13:00:00", "date": "2025-12-16", "hour": 13}}, {"type": "Feature", "geometry": {"type": "Point", "coordinates": [14.5, 54.0]}, "properties": {"value": 5.315, "time": "2025-12-16T13:00:00", "date": "2025-12-16", "hour": 13}}, {"type": "Feature", "geometry": {"type": "Point", "coordinates": [14.75, 54.0]}, "properties": {"value": 5.745, "time": "2025-12-16T13:00:00", "date": "2025-12-16", "hour": 13}}, {"type": "Feature", "geometry": {"type": "Point", "coordinates": [5.0, 54.25]}, "properties": {"value": 10.358, "time": "2025-12-16T13:00:00", "date": "2025-12-16", "hour": 13}}, {"type": "Feature", "geometry": {"type": "Point", "coordinates": [5.25, 54.25]}, "properties": {"value": 10.323, "time": "2025-12-16T13:00:00", "date": "2025-12-16", "hour": 13}}, {"type": "Feature", "geometry": {"type": "Point", "coordinates": [5.5, 54.25]}, "properties": {"value": 10.215, "time": "2025-12-16T13:00:00", "date": "2025-12-16", "hour": 13}}, {"type": "Feature", "geometry": {"type": "Point", "coordinates": [5.75, 54.25]}, "properties": {"value": 9.978, "time": "2025-12-16T13:00:00", "date": "2025-12-16", "hour": 13}}, {"type": "Feature", "geometry": {"type": "Point", "coordinates": [6.0, 54.25]}, "properties": {"value": 9.837, "time": "2025-12-16T13:00:00", "date": "2025-12-16", "hour": 13}}, {"type": "Feature", "geometry": {"type": "Point", "coordinates": [6.25, 54.25]}, "properties": {"value": 9.578, "time": "2025-12-16T13:00:00", "date": "2025-12-16", "hour": 13}}, {"type": "Feature", "geometry": {"type": "Point", "coordinates": [6.5, 54.25]}, "properties": {"value": 9.419, "time": "2025-12-16T13:00:00", "date": "2025-12-16", "hour": 13}}, {"type": "Feature", "geometry": {"type": "Point", "coordinates": [6.75, 54.25]}, "properties": {"value": 9.317, "time": "2025-12-16T13:00:00", "date": "2025-12-16", "hour": 13}}, {"type": "Feature", "geometry": {"type": "Point", "coordinates": [7.0, 54.25]}, "properties": {"value": 9.259, "time": "2025-12-16T13:00:00", "date": "2025-12-16", "hour": 13}}, {"type": "Feature", "geometry": {"type": "Point", "coordinates": [7.25, 54.25]}, "properties": {"value": 9.112, "time": "2025-12-16T13:00:00", "date": "2025-12-16", "hour": 13}}, {"type": "Feature", "geometry": {"type": "Point", "coordinates": [7.5, 54.25]}, "properties": {"value": 8.909, "time": "2025-12-16T13:00:00", "date": "2025-12-16", "hour": 13}}, {"type": "Feature", "geometry": {"type": "Point", "coordinates": [7.75, 54.25]}, "properties": {"value": 8.648, "time": "2025-12-16T13:00:00", "date": "2025-12-16", "hour": 13}}, {"type": "Feature", "geometry": {"type": "Point", "coordinates": [8.0, 54.25]}, "properties": {"value": 8.501, "time": "2025-12-16T13:00:00", "date": "2025-12-16", "hour": 13}}, {"type": "Feature", "geometry": {"type": "Point", "coordinates": [8.25, 54.25]}, "properties": {"value": 7.519, "time": "2025-12-16T13:00:00", "date": "2025-12-16", "hour": 13}}, {"type": "Feature", "geometry": {"type": "Point", "coordinates": [8.5, 54.25]}, "properties": {"value": 6.558, "time": "2025-12-16T13:00:00", "date": "2025-12-16", "hour": 13}}, {"type": "Feature", "geometry": {"type": "Point", "coordinates": [10.75, 54.25]}, "properties": {"value": 6.417, "time": "2025-12-16T13:00:00", "date": "2025-12-16", "hour": 13}}, {"type": "Feature", "geometry": {"type": "Point", "coordinates": [11.25, 54.25]}, "properties": {"value": 6.624, "time": "2025-12-16T13:00:00", "date": "2025-12-16", "hour": 13}}, {"type": "Feature", "geometry": {"type": "Point", "coordinates": [11.75, 54.25]}, "properties": {"value": 6.805, "time": "2025-12-16T13:00:00", "date": "2025-12-16", "hour": 13}}, {"type": "Feature", "geometry": {"type": "Point", "coordinates": [12.25, 54.25]}, "properties": {"value": 6.282, "time": "2025-12-16T13:00:00", "date": "2025-12-16", "hour": 13}}, {"type": "Feature", "geometry": {"type": "Point", "coordinates": [13.75, 54.25]}, "properties": {"value": 5.208, "time": "2025-12-16T13:00:00", "date": "2025-12-16", "hour": 13}}, {"type": "Feature", "geometry": {"type": "Point", "coordinates": [14.0, 54.25]}, "properties": {"value": 5.585, "time": "2025-12-16T13:00:00", "date": "2025-12-16", "hour": 13}}, {"type": "Feature", "geometry": {"type": "Point", "coordinates": [14.25, 54.25]}, "properties": {"value": 5.873, "time": "2025-12-16T13:00:00", "date": "2025-12-16", "hour": 13}}, {"type": "Feature", "geometry": {"type": "Point", "coordinates": [14.5, 54.25]}, "properties": {"value": 5.816, "time": "2025-12-16T13:00:00", "date": "2025-12-16", "hour": 13}}, {"type": "Feature", "geometry": {"type": "Point", "coordinates": [14.75, 54.25]}, "properties": {"value": 6.102, "time": "2025-12-16T13:00:00", "date": "2025-12-16", "hour": 13}}, {"type": "Feature", "geometry": {"type": "Point", "coordinates": [15.0, 54.25]}, "properties": {"value": 6.699, "time": "2025-12-16T13:00:00", "date": "2025-12-16", "hour": 13}}, {"type": "Feature", "geometry": {"type": "Point", "coordinates": [5.0, 54.5]}, "properties": {"value": 10.326, "time": "2025-12-16T13:00:00", "date": "2025-12-16", "hour": 13}}, {"type": "Feature", "geometry": {"type": "Point", "coordinates": [5.25, 54.5]}, "properties": {"value": 10.398, "time": "2025-12-16T13:00:00", "date": "2025-12-16", "hour": 13}}, {"type": "Feature", "geometry": {"type": "Point", "coordinates": [5.5, 54.5]}, "properties": {"value": 10.352, "time": "2025-12-16T13:00:00", "date": "2025-12-16", "hour": 13}}, {"type": "Feature", "geometry": {"type": "Point", "coordinates": [5.75, 54.5]}, "properties": {"value": 10.232, "time": "2025-12-16T13:00:00", "date": "2025-12-16", "hour": 13}}, {"type": "Feature", "geometry": {"type": "Point", "coordinates": [6.0, 54.5]}, "properties": {"value": 10.123, "time": "2025-12-16T13:00:00", "date": "2025-12-16", "hour": 13}}, {"type": "Feature", "geometry": {"type": "Point", "coordinates": [6.25, 54.5]}, "properties": {"value": 10.017, "time": "2025-12-16T13:00:00", "date": "2025-12-16", "hour": 13}}, {"type": "Feature", "geometry": {"type": "Point", "coordinates": [6.5, 54.5]}, "properties": {"value": 9.854, "time": "2025-12-16T13:00:00", "date": "2025-12-16", "hour": 13}}, {"type": "Feature", "geometry": {"type": "Point", "coordinates": [6.75, 54.5]}, "properties": {"value": 9.744, "time": "2025-12-16T13:00:00", "date": "2025-12-16", "hour": 13}}, {"type": "Feature", "geometry": {"type": "Point", "coordinates": [7.0, 54.5]}, "properties": {"value": 9.655, "time": "2025-12-16T13:00:00", "date": "2025-12-16", "hour": 13}}, {"type": "Feature", "geometry": {"type": "Point", "coordinates": [7.25, 54.5]}, "properties": {"value": 9.301, "time": "2025-12-16T13:00:00", "date": "2025-12-16", "hour": 13}}, {"type": "Feature", "geometry": {"type": "Point", "coordinates": [7.5, 54.5]}, "properties": {"value": 9.048, "time": "2025-12-16T13:00:00", "date": "2025-12-16", "hour": 13}}, {"type": "Feature", "geometry": {"type": "Point", "coordinates": [7.75, 54.5]}, "properties": {"value": 8.751, "time": "2025-12-16T13:00:00", "date": "2025-12-16", "hour": 13}}, {"type": "Feature", "geometry": {"type": "Point", "coordinates": [8.0, 54.5]}, "properties": {"value": 7.841, "time": "2025-12-16T13:00:00", "date": "2025-12-16", "hour": 13}}, {"type": "Feature", "geometry": {"type": "Point", "coordinates": [8.25, 54.5]}, "properties": {"value": 6.972, "time": "2025-12-16T13:00:00", "date": "2025-12-16", "hour": 13}}, {"type": "Feature", "geometry": {"type": "Point", "coordinates": [8.5, 54.5]}, "properties": {"value": 6.117, "time": "2025-12-16T13:00:00", "date": "2025-12-16", "hour": 13}}, {"type": "Feature", "geometry": {"type": "Point", "coordinates": [10.5, 54.5]}, "properties": {"value": 6.819, "time": "2025-12-16T13:00:00", "date": "2025-12-16", "hour": 13}}, {"type": "Feature", "geometry": {"type": "Point", "coordinates": [10.75, 54.5]}, "properties": {"value": 6.623, "time": "2025-12-16T13:00:00", "date": "2025-12-16", "hour": 13}}, {"type": "Feature", "geometry": {"type": "Point", "coordinates": [11.0, 54.5]}, "properties": {"value": 6.469, "time": "2025-12-16T13:00:00", "date": "2025-12-16", "hour": 13}}, {"type": "Feature", "geometry": {"type": "Point", "coordinates": [11.25, 54.5]}, "properties": {"value": 6.7, "time": "2025-12-16T13:00:00", "date": "2025-12-16", "hour": 13}}, {"type": "Feature", "geometry": {"type": "Point", "coordinates": [11.5, 54.5]}, "properties": {"value": 6.676, "time": "2025-12-16T13:00:00", "date": "2025-12-16", "hour": 13}}, {"type": "Feature", "geometry": {"type": "Point", "coordinates": [11.75, 54.5]}, "properties": {"value": 6.785, "time": "2025-12-16T13:00:00", "date": "2025-12-16", "hour": 13}}, {"type": "Feature", "geometry": {"type": "Point", "coordinates": [12.0, 54.5]}, "properties": {"value": 6.632, "time": "2025-12-16T13:00:00", "date": "2025-12-16", "hour": 13}}, {"type": "Feature", "geometry": {"type": "Point", "coordinates": [12.25, 54.5]}, "properties": {"value": 6.445, "time": "2025-12-16T13:00:00", "date": "2025-12-16", "hour": 13}}, {"type": "Feature", "geometry": {"type": "Point", "coordinates": [13.0, 54.5]}, "properties": {"value": 6.844, "time": "2025-12-16T13:00:00", "date": "2025-12-16", "hour": 13}}, {"type": "Feature", "geometry": {"type": "Point", "coordinates": [13.25, 54.5]}, "properties": {"value": 6.297, "time": "2025-12-16T13:00:00", "date": "2025-12-16", "hour": 13}}, {"type": "Feature", "geometry": {"type": "Point", "coordinates": [13.5, 54.5]}, "properties": {"value": 6.049, "time": "2025-12-16T13:00:00", "date": "2025-12-16", "hour": 13}}, {"type": "Feature", "geometry": {"type": "Point", "coordinates": [13.75, 54.5]}, "properties": {"value": 6.15, "time": "2025-12-16T13:00:00", "date": "2025-12-16", "hour": 13}}, {"type": "Feature", "geometry": {"type": "Point", "coordinates": [14.0, 54.5]}, "properties": {"value": 6.496, "time": "2025-12-16T13:00:00", "date": "2025-12-16", "hour": 13}}, {"type": "Feature", "geometry": {"type": "Point", "coordinates": [14.25, 54.5]}, "properties": {"value": 6.531, "time": "2025-12-16T13:00:00", "date": "2025-12-16", "hour": 13}}, {"type": "Feature", "geometry": {"type": "Point", "coordinates": [14.5, 54.5]}, "properties": {"value": 6.777, "time": "2025-12-16T13:00:00", "date": "2025-12-16", "hour": 13}}, {"type": "Feature", "geometry": {"type": "Point", "coordinates": [14.75, 54.5]}, "properties": {"value": 6.974, "time": "2025-12-16T13:00:00", "date": "2025-12-16", "hour": 13}}, {"type": "Feature", "geometry": {"type": "Point", "coordinates": [15.0, 54.5]}, "properties": {"value": 7.613, "time": "2025-12-16T13:00:00", "date": "2025-12-16", "hour": 13}}, {"type": "Feature", "geometry": {"type": "Point", "coordinates": [5.0, 54.75]}, "properties": {"value": 10.267, "time": "2025-12-16T13:00:00", "date": "2025-12-16", "hour": 13}}, {"type": "Feature", "geometry": {"type": "Point", "coordinates": [5.25, 54.75]}, "properties": {"value": 10.34, "time": "2025-12-16T13:00:00", "date": "2025-12-16", "hour": 13}}, {"type": "Feature", "geometry": {"type": "Point", "coordinates": [5.5, 54.75]}, "properties": {"value": 10.381, "time": "2025-12-16T13:00:00", "date": "2025-12-16", "hour": 13}}, {"type": "Feature", "geometry": {"type": "Point", "coordinates": [5.75, 54.75]}, "properties": {"value": 10.38, "time": "2025-12-16T13:00:00", "date": "2025-12-16", "hour": 13}}, {"type": "Feature", "geometry": {"type": "Point", "coordinates": [6.0, 54.75]}, "properties": {"value": 10.299, "time": "2025-12-16T13:00:00", "date": "2025-12-16", "hour": 13}}, {"type": "Feature", "geometry": {"type": "Point", "coordinates": [6.25, 54.75]}, "properties": {"value": 10.196, "time": "2025-12-16T13:00:00", "date": "2025-12-16", "hour": 13}}, {"type": "Feature", "geometry": {"type": "Point", "coordinates": [6.5, 54.75]}, "properties": {"value": 10.082, "time": "2025-12-16T13:00:00", "date": "2025-12-16", "hour": 13}}, {"type": "Feature", "geometry": {"type": "Point", "coordinates": [6.75, 54.75]}, "properties": {"value": 9.954, "time": "2025-12-16T13:00:00", "date": "2025-12-16", "hour": 13}}, {"type": "Feature", "geometry": {"type": "Point", "coordinates": [7.0, 54.75]}, "properties": {"value": 9.864, "time": "2025-12-16T13:00:00", "date": "2025-12-16", "hour": 13}}, {"type": "Feature", "geometry": {"type": "Point", "coordinates": [7.25, 54.75]}, "properties": {"value": 9.502, "time": "2025-12-16T13:00:00", "date": "2025-12-16", "hour": 13}}, {"type": "Feature", "geometry": {"type": "Point", "coordinates": [7.5, 54.75]}, "properties": {"value": 9.154, "time": "2025-12-16T13:00:00", "date": "2025-12-16", "hour": 13}}, {"type": "Feature", "geometry": {"type": "Point", "coordinates": [7.75, 54.75]}, "properties": {"value": 8.209, "time": "2025-12-16T13:00:00", "date": "2025-12-16", "hour": 13}}, {"type": "Feature", "geometry": {"type": "Point", "coordinates": [8.0, 54.75]}, "properties": {"value": 7.254, "time": "2025-12-16T13:00:00", "date": "2025-12-16", "hour": 13}}, {"type": "Feature", "geometry": {"type": "Point", "coordinates": [8.25, 54.75]}, "properties": {"value": 6.497, "time": "2025-12-16T13:00:00", "date": "2025-12-16", "hour": 13}}, {"type": "Feature", "geometry": {"type": "Point", "coordinates": [8.5, 54.75]}, "properties": {"value": 5.865, "time": "2025-12-16T13:00:00", "date": "2025-12-16", "hour": 13}}, {"type": "Feature", "geometry": {"type": "Point", "coordinates": [10.25, 54.75]}, "properties": {"value": 7.163, "time": "2025-12-16T13:00:00", "date": "2025-12-16", "hour": 13}}, {"type": "Feature", "geometry": {"type": "Point", "coordinates": [10.5, 54.75]}, "properties": {"value": 7.016, "time": "2025-12-16T13:00:00", "date": "2025-12-16", "hour": 13}}, {"type": "Feature", "geometry": {"type": "Point", "coordinates": [10.75, 54.75]}, "properties": {"value": 6.83, "time": "2025-12-16T13:00:00", "date": "2025-12-16", "hour": 13}}, {"type": "Feature", "geometry": {"type": "Point", "coordinates": [11.0, 54.75]}, "properties": {"value": 6.646, "time": "2025-12-16T13:00:00", "date": "2025-12-16", "hour": 13}}, {"type": "Feature", "geometry": {"type": "Point", "coordinates": [11.25, 54.75]}, "properties": {"value": 6.313, "time": "2025-12-16T13:00:00", "date": "2025-12-16", "hour": 13}}, {"type": "Feature", "geometry": {"type": "Point", "coordinates": [11.5, 54.75]}, "properties": {"value": 6.009, "time": "2025-12-16T13:00:00", "date": "2025-12-16", "hour": 13}}, {"type": "Feature", "geometry": {"type": "Point", "coordinates": [12.0, 54.75]}, "properties": {"value": 6.154, "time": "2025-12-16T13:00:00", "date": "2025-12-16", "hour": 13}}, {"type": "Feature", "geometry": {"type": "Point", "coordinates": [12.25, 54.75]}, "properties": {"value": 6.574, "time": "2025-12-16T13:00:00", "date": "2025-12-16", "hour": 13}}, {"type": "Feature", "geometry": {"type": "Point", "coordinates": [12.5, 54.75]}, "properties": {"value": 6.943, "time": "2025-12-16T13:00:00", "date": "2025-12-16", "hour": 13}}, {"type": "Feature", "geometry": {"type": "Point", "coordinates": [12.75, 54.75]}, "properties": {"value": 7.042, "time": "2025-12-16T13:00:00", "date": "2025-12-16", "hour": 13}}, {"type": "Feature", "geometry": {"type": "Point", "coordinates": [13.0, 54.75]}, "properties": {"value": 6.97, "time": "2025-12-16T13:00:00", "date": "2025-12-16", "hour": 13}}, {"type": "Feature", "geometry": {"type": "Point", "coordinates": [13.25, 54.75]}, "properties": {"value": 6.999, "time": "2025-12-16T13:00:00", "date": "2025-12-16", "hour": 13}}, {"type": "Feature", "geometry": {"type": "Point", "coordinates": [13.5, 54.75]}, "properties": {"value": 7.044, "time": "2025-12-16T13:00:00", "date": "2025-12-16", "hour": 13}}, {"type": "Feature", "geometry": {"type": "Point", "coordinates": [13.75, 54.75]}, "properties": {"value": 7.144, "time": "2025-12-16T13:00:00", "date": "2025-12-16", "hour": 13}}, {"type": "Feature", "geometry": {"type": "Point", "coordinates": [14.0, 54.75]}, "properties": {"value": 7.238, "time": "2025-12-16T13:00:00", "date": "2025-12-16", "hour": 13}}, {"type": "Feature", "geometry": {"type": "Point", "coordinates": [14.25, 54.75]}, "properties": {"value": 7.402, "time": "2025-12-16T13:00:00", "date": "2025-12-16", "hour": 13}}, {"type": "Feature", "geometry": {"type": "Point", "coordinates": [14.5, 54.75]}, "properties": {"value": 7.803, "time": "2025-12-16T13:00:00", "date": "2025-12-16", "hour": 13}}, {"type": "Feature", "geometry": {"type": "Point", "coordinates": [14.75, 54.75]}, "properties": {"value": 7.963, "time": "2025-12-16T13:00:00", "date": "2025-12-16", "hour": 13}}, {"type": "Feature", "geometry": {"type": "Point", "coordinates": [15.0, 54.75]}, "properties": {"value": 8.052, "time": "2025-12-16T13:00:00", "date": "2025-12-16", "hour": 13}}, {"type": "Feature", "geometry": {"type": "Point", "coordinates": [5.0, 55.0]}, "properties": {"value": 10.113, "time": "2025-12-16T13:00:00", "date": "2025-12-16", "hour": 13}}, {"type": "Feature", "geometry": {"type": "Point", "coordinates": [5.25, 55.0]}, "properties": {"value": 10.274, "time": "2025-12-16T13:00:00", "date": "2025-12-16", "hour": 13}}, {"type": "Feature", "geometry": {"type": "Point", "coordinates": [5.5, 55.0]}, "properties": {"value": 10.323, "time": "2025-12-16T13:00:00", "date": "2025-12-16", "hour": 13}}, {"type": "Feature", "geometry": {"type": "Point", "coordinates": [5.75, 55.0]}, "properties": {"value": 10.323, "time": "2025-12-16T13:00:00", "date": "2025-12-16", "hour": 13}}, {"type": "Feature", "geometry": {"type": "Point", "coordinates": [6.0, 55.0]}, "properties": {"value": 10.274, "time": "2025-12-16T13:00:00", "date": "2025-12-16", "hour": 13}}, {"type": "Feature", "geometry": {"type": "Point", "coordinates": [6.25, 55.0]}, "properties": {"value": 10.224, "time": "2025-12-16T13:00:00", "date": "2025-12-16", "hour": 13}}, {"type": "Feature", "geometry": {"type": "Point", "coordinates": [6.5, 55.0]}, "properties": {"value": 10.116, "time": "2025-12-16T13:00:00", "date": "2025-12-16", "hour": 13}}, {"type": "Feature", "geometry": {"type": "Point", "coordinates": [6.75, 55.0]}, "properties": {"value": 9.98, "time": "2025-12-16T13:00:00", "date": "2025-12-16", "hour": 13}}, {"type": "Feature", "geometry": {"type": "Point", "coordinates": [7.0, 55.0]}, "properties": {"value": 9.81, "time": "2025-12-16T13:00:00", "date": "2025-12-16", "hour": 13}}, {"type": "Feature", "geometry": {"type": "Point", "coordinates": [7.25, 55.0]}, "properties": {"value": 9.486, "time": "2025-12-16T13:00:00", "date": "2025-12-16", "hour": 13}}, {"type": "Feature", "geometry": {"type": "Point", "coordinates": [7.5, 55.0]}, "properties": {"value": 9.176, "time": "2025-12-16T13:00:00", "date": "2025-12-16", "hour": 13}}, {"type": "Feature", "geometry": {"type": "Point", "coordinates": [7.75, 55.0]}, "properties": {"value": 8.262, "time": "2025-12-16T13:00:00", "date": "2025-12-16", "hour": 13}}, {"type": "Feature", "geometry": {"type": "Point", "coordinates": [8.0, 55.0]}, "properties": {"value": 7.421, "time": "2025-12-16T13:00:00", "date": "2025-12-16", "hour": 13}}, {"type": "Feature", "geometry": {"type": "Point", "coordinates": [8.25, 55.0]}, "properties": {"value": 6.589, "time": "2025-12-16T13:00:00", "date": "2025-12-16", "hour": 13}}, {"type": "Feature", "geometry": {"type": "Point", "coordinates": [8.5, 55.0]}, "properties": {"value": 5.959, "time": "2025-12-16T13:00:00", "date": "2025-12-16", "hour": 13}}, {"type": "Feature", "geometry": {"type": "Point", "coordinates": [10.25, 55.0]}, "properties": {"value": 7.051, "time": "2025-12-16T13:00:00", "date": "2025-12-16", "hour": 13}}, {"type": "Feature", "geometry": {"type": "Point", "coordinates": [10.5, 55.0]}, "properties": {"value": 6.888, "time": "2025-12-16T13:00:00", "date": "2025-12-16", "hour": 13}}, {"type": "Feature", "geometry": {"type": "Point", "coordinates": [10.75, 55.0]}, "properties": {"value": 6.727, "time": "2025-12-16T13:00:00", "date": "2025-12-16", "hour": 13}}, {"type": "Feature", "geometry": {"type": "Point", "coordinates": [11.0, 55.0]}, "properties": {"value": 6.484, "time": "2025-12-16T13:00:00", "date": "2025-12-16", "hour": 13}}, {"type": "Feature", "geometry": {"type": "Point", "coordinates": [11.25, 55.0]}, "properties": {"value": 6.052, "time": "2025-12-16T13:00:00", "date": "2025-12-16", "hour": 13}}, {"type": "Feature", "geometry": {"type": "Point", "coordinates": [11.5, 55.0]}, "properties": {"value": 5.719, "time": "2025-12-16T13:00:00", "date": "2025-12-16", "hour": 13}}, {"type": "Feature", "geometry": {"type": "Point", "coordinates": [11.75, 55.0]}, "properties": {"value": 5.292, "time": "2025-12-16T13:00:00", "date": "2025-12-16", "hour": 13}}, {"type": "Feature", "geometry": {"type": "Point", "coordinates": [12.0, 55.0]}, "properties": {"value": 5.625, "time": "2025-12-16T13:00:00", "date": "2025-12-16", "hour": 13}}, {"type": "Feature", "geometry": {"type": "Point", "coordinates": [12.25, 55.0]}, "properties": {"value": 6.174, "time": "2025-12-16T13:00:00", "date": "2025-12-16", "hour": 13}}, {"type": "Feature", "geometry": {"type": "Point", "coordinates": [12.5, 55.0]}, "properties": {"value": 7.017, "time": "2025-12-16T13:00:00", "date": "2025-12-16", "hour": 13}}, {"type": "Feature", "geometry": {"type": "Point", "coordinates": [12.75, 55.0]}, "properties": {"value": 7.281, "time": "2025-12-16T13:00:00", "date": "2025-12-16", "hour": 13}}, {"type": "Feature", "geometry": {"type": "Point", "coordinates": [13.0, 55.0]}, "properties": {"value": 7.358, "time": "2025-12-16T13:00:00", "date": "2025-12-16", "hour": 13}}, {"type": "Feature", "geometry": {"type": "Point", "coordinates": [13.25, 55.0]}, "properties": {"value": 7.385, "time": "2025-12-16T13:00:00", "date": "2025-12-16", "hour": 13}}, {"type": "Feature", "geometry": {"type": "Point", "coordinates": [13.5, 55.0]}, "properties": {"value": 7.365, "time": "2025-12-16T13:00:00", "date": "2025-12-16", "hour": 13}}, {"type": "Feature", "geometry": {"type": "Point", "coordinates": [13.75, 55.0]}, "properties": {"value": 7.413, "time": "2025-12-16T13:00:00", "date": "2025-12-16", "hour": 13}}, {"type": "Feature", "geometry": {"type": "Point", "coordinates": [14.0, 55.0]}, "properties": {"value": 7.438, "time": "2025-12-16T13:00:00", "date": "2025-12-16", "hour": 13}}, {"type": "Feature", "geometry": {"type": "Point", "coordinates": [14.25, 55.0]}, "properties": {"value": 7.563, "time": "2025-12-16T13:00:00", "date": "2025-12-16", "hour": 13}}, {"type": "Feature", "geometry": {"type": "Point", "coordinates": [14.5, 55.0]}, "properties": {"value": 7.666, "time": "2025-12-16T13:00:00", "date": "2025-12-16", "hour": 13}}, {"type": "Feature", "geometry": {"type": "Point", "coordinates": [14.75, 55.0]}, "properties": {"value": 7.713, "time": "2025-12-16T13:00:00", "date": "2025-12-16", "hour": 13}}, {"type": "Feature", "geometry": {"type": "Point", "coordinates": [15.0, 55.0]}, "properties": {"value": 7.778, "time": "2025-12-16T13:00:00", "date": "2025-12-16", "hour": 13}}, {"type": "Feature", "geometry": {"type": "Point", "coordinates": [5.25, 52.75]}, "properties": {"value": 6.812, "time": "2025-12-16T14:00:00", "date": "2025-12-16", "hour": 14}}, {"type": "Feature", "geometry": {"type": "Point", "coordinates": [5.5, 52.75]}, "properties": {"value": 6.813, "time": "2025-12-16T14:00:00", "date": "2025-12-16", "hour": 14}}, {"type": "Feature", "geometry": {"type": "Point", "coordinates": [5.0, 53.0]}, "properties": {"value": 7.319, "time": "2025-12-16T14:00:00", "date": "2025-12-16", "hour": 14}}, {"type": "Feature", "geometry": {"type": "Point", "coordinates": [5.25, 53.0]}, "properties": {"value": 7.042, "time": "2025-12-16T14:00:00", "date": "2025-12-16", "hour": 14}}, {"type": "Feature", "geometry": {"type": "Point", "coordinates": [5.5, 53.0]}, "properties": {"value": 6.799, "time": "2025-12-16T14:00:00", "date": "2025-12-16", "hour": 14}}, {"type": "Feature", "geometry": {"type": "Point", "coordinates": [5.0, 53.25]}, "properties": {"value": 8.008, "time": "2025-12-16T14:00:00", "date": "2025-12-16", "hour": 14}}, {"type": "Feature", "geometry": {"type": "Point", "coordinates": [5.25, 53.25]}, "properties": {"value": 7.442, "time": "2025-12-16T14:00:00", "date": "2025-12-16", "hour": 14}}, {"type": "Feature", "geometry": {"type": "Point", "coordinates": [5.5, 53.25]}, "properties": {"value": 7.099, "time": "2025-12-16T14:00:00", "date": "2025-12-16", "hour": 14}}, {"type": "Feature", "geometry": {"type": "Point", "coordinates": [5.0, 53.5]}, "properties": {"value": 9.558, "time": "2025-12-16T14:00:00", "date": "2025-12-16", "hour": 14}}, {"type": "Feature", "geometry": {"type": "Point", "coordinates": [5.25, 53.5]}, "properties": {"value": 8.981, "time": "2025-12-16T14:00:00", "date": "2025-12-16", "hour": 14}}, {"type": "Feature", "geometry": {"type": "Point", "coordinates": [5.5, 53.5]}, "properties": {"value": 8.797, "time": "2025-12-16T14:00:00", "date": "2025-12-16", "hour": 14}}, {"type": "Feature", "geometry": {"type": "Point", "coordinates": [5.75, 53.5]}, "properties": {"value": 8.375, "time": "2025-12-16T14:00:00", "date": "2025-12-16", "hour": 14}}, {"type": "Feature", "geometry": {"type": "Point", "coordinates": [6.0, 53.5]}, "properties": {"value": 8.022, "time": "2025-12-16T14:00:00", "date": "2025-12-16", "hour": 14}}, {"type": "Feature", "geometry": {"type": "Point", "coordinates": [6.25, 53.5]}, "properties": {"value": 7.727, "time": "2025-12-16T14:00:00", "date": "2025-12-16", "hour": 14}}, {"type": "Feature", "geometry": {"type": "Point", "coordinates": [6.5, 53.5]}, "properties": {"value": 7.554, "time": "2025-12-16T14:00:00", "date": "2025-12-16", "hour": 14}}, {"type": "Feature", "geometry": {"type": "Point", "coordinates": [6.75, 53.5]}, "properties": {"value": 7.247, "time": "2025-12-16T14:00:00", "date": "2025-12-16", "hour": 14}}, {"type": "Feature", "geometry": {"type": "Point", "coordinates": [5.0, 53.75]}, "properties": {"value": 10.229, "time": "2025-12-16T14:00:00", "date": "2025-12-16", "hour": 14}}, {"type": "Feature", "geometry": {"type": "Point", "coordinates": [5.25, 53.75]}, "properties": {"value": 9.866, "time": "2025-12-16T14:00:00", "date": "2025-12-16", "hour": 14}}, {"type": "Feature", "geometry": {"type": "Point", "coordinates": [5.5, 53.75]}, "properties": {"value": 9.563, "time": "2025-12-16T14:00:00", "date": "2025-12-16", "hour": 14}}, {"type": "Feature", "geometry": {"type": "Point", "coordinates": [5.75, 53.75]}, "properties": {"value": 9.251, "time": "2025-12-16T14:00:00", "date": "2025-12-16", "hour": 14}}, {"type": "Feature", "geometry": {"type": "Point", "coordinates": [6.0, 53.75]}, "properties": {"value": 8.924, "time": "2025-12-16T14:00:00", "date": "2025-12-16", "hour": 14}}, {"type": "Feature", "geometry": {"type": "Point", "coordinates": [6.25, 53.75]}, "properties": {"value": 8.53, "time": "2025-12-16T14:00:00", "date": "2025-12-16", "hour": 14}}, {"type": "Feature", "geometry": {"type": "Point", "coordinates": [6.5, 53.75]}, "properties": {"value": 8.097, "time": "2025-12-16T14:00:00", "date": "2025-12-16", "hour": 14}}, {"type": "Feature", "geometry": {"type": "Point", "coordinates": [6.75, 53.75]}, "properties": {"value": 7.733, "time": "2025-12-16T14:00:00", "date": "2025-12-16", "hour": 14}}, {"type": "Feature", "geometry": {"type": "Point", "coordinates": [7.0, 53.75]}, "properties": {"value": 7.699, "time": "2025-12-16T14:00:00", "date": "2025-12-16", "hour": 14}}, {"type": "Feature", "geometry": {"type": "Point", "coordinates": [7.25, 53.75]}, "properties": {"value": 7.42, "time": "2025-12-16T14:00:00", "date": "2025-12-16", "hour": 14}}, {"type": "Feature", "geometry": {"type": "Point", "coordinates": [7.5, 53.75]}, "properties": {"value": 7.347, "time": "2025-12-16T14:00:00", "date": "2025-12-16", "hour": 14}}, {"type": "Feature", "geometry": {"type": "Point", "coordinates": [7.75, 53.75]}, "properties": {"value": 7.335, "time": "2025-12-16T14:00:00", "date": "2025-12-16", "hour": 14}}, {"type": "Feature", "geometry": {"type": "Point", "coordinates": [8.0, 53.75]}, "properties": {"value": 7.199, "time": "2025-12-16T14:00:00", "date": "2025-12-16", "hour": 14}}, {"type": "Feature", "geometry": {"type": "Point", "coordinates": [8.25, 53.75]}, "properties": {"value": 6.78, "time": "2025-12-16T14:00:00", "date": "2025-12-16", "hour": 14}}, {"type": "Feature", "geometry": {"type": "Point", "coordinates": [8.5, 53.75]}, "properties": {"value": 6.318, "time": "2025-12-16T14:00:00", "date": "2025-12-16", "hour": 14}}, {"type": "Feature", "geometry": {"type": "Point", "coordinates": [8.75, 53.75]}, "properties": {"value": 6.318, "time": "2025-12-16T14:00:00", "date": "2025-12-16", "hour": 14}}, {"type": "Feature", "geometry": {"type": "Point", "coordinates": [14.25, 53.75]}, "properties": {"value": 4.019, "time": "2025-12-16T14:00:00", "date": "2025-12-16", "hour": 14}}, {"type": "Feature", "geometry": {"type": "Point", "coordinates": [14.5, 53.75]}, "properties": {"value": 4.019, "time": "2025-12-16T14:00:00", "date": "2025-12-16", "hour": 14}}, {"type": "Feature", "geometry": {"type": "Point", "coordinates": [5.0, 54.0]}, "properties": {"value": 10.358, "time": "2025-12-16T14:00:00", "date": "2025-12-16", "hour": 14}}, {"type": "Feature", "geometry": {"type": "Point", "coordinates": [5.25, 54.0]}, "properties": {"value": 10.289, "time": "2025-12-16T14:00:00", "date": "2025-12-16", "hour": 14}}, {"type": "Feature", "geometry": {"type": "Point", "coordinates": [5.5, 54.0]}, "properties": {"value": 9.988, "time": "2025-12-16T14:00:00", "date": "2025-12-16", "hour": 14}}, {"type": "Feature", "geometry": {"type": "Point", "coordinates": [5.75, 54.0]}, "properties": {"value": 9.715, "time": "2025-12-16T14:00:00", "date": "2025-12-16", "hour": 14}}, {"type": "Feature", "geometry": {"type": "Point", "coordinates": [6.0, 54.0]}, "properties": {"value": 9.437, "time": "2025-12-16T14:00:00", "date": "2025-12-16", "hour": 14}}, {"type": "Feature", "geometry": {"type": "Point", "coordinates": [6.25, 54.0]}, "properties": {"value": 9.104, "time": "2025-12-16T14:00:00", "date": "2025-12-16", "hour": 14}}, {"type": "Feature", "geometry": {"type": "Point", "coordinates": [6.5, 54.0]}, "properties": {"value": 8.729, "time": "2025-12-16T14:00:00", "date": "2025-12-16", "hour": 14}}, {"type": "Feature", "geometry": {"type": "Point", "coordinates": [6.75, 54.0]}, "properties": {"value": 8.619, "time": "2025-12-16T14:00:00", "date": "2025-12-16", "hour": 14}}, {"type": "Feature", "geometry": {"type": "Point", "coordinates": [7.0, 54.0]}, "properties": {"value": 8.61, "time": "2025-12-16T14:00:00", "date": "2025-12-16", "hour": 14}}, {"type": "Feature", "geometry": {"type": "Point", "coordinates": [7.25, 54.0]}, "properties": {"value": 8.44, "time": "2025-12-16T14:00:00", "date": "2025-12-16", "hour": 14}}, {"type": "Feature", "geometry": {"type": "Point", "coordinates": [7.5, 54.0]}, "properties": {"value": 8.324, "time": "2025-12-16T14:00:00", "date": "2025-12-16", "hour": 14}}, {"type": "Feature", "geometry": {"type": "Point", "coordinates": [7.75, 54.0]}, "properties": {"value": 8.191, "time": "2025-12-16T14:00:00", "date": "2025-12-16", "hour": 14}}, {"type": "Feature", "geometry": {"type": "Point", "coordinates": [8.0, 54.0]}, "properties": {"value": 8.098, "time": "2025-12-16T14:00:00", "date": "2025-12-16", "hour": 14}}, {"type": "Feature", "geometry": {"type": "Point", "coordinates": [8.25, 54.0]}, "properties": {"value": 7.782, "time": "2025-12-16T14:00:00", "date": "2025-12-16", "hour": 14}}, {"type": "Feature", "geometry": {"type": "Point", "coordinates": [8.5, 54.0]}, "properties": {"value": 6.801, "time": "2025-12-16T14:00:00", "date": "2025-12-16", "hour": 14}}, {"type": "Feature", "geometry": {"type": "Point", "coordinates": [11.25, 54.0]}, "properties": {"value": 6.357, "time": "2025-12-16T14:00:00", "date": "2025-12-16", "hour": 14}}, {"type": "Feature", "geometry": {"type": "Point", "coordinates": [14.0, 54.0]}, "properties": {"value": 5.063, "time": "2025-12-16T14:00:00", "date": "2025-12-16", "hour": 14}}, {"type": "Feature", "geometry": {"type": "Point", "coordinates": [14.25, 54.0]}, "properties": {"value": 5.53, "time": "2025-12-16T14:00:00", "date": "2025-12-16", "hour": 14}}, {"type": "Feature", "geometry": {"type": "Point", "coordinates": [14.5, 54.0]}, "properties": {"value": 5.315, "time": "2025-12-16T14:00:00", "date": "2025-12-16", "hour": 14}}, {"type": "Feature", "geometry": {"type": "Point", "coordinates": [14.75, 54.0]}, "properties": {"value": 5.745, "time": "2025-12-16T14:00:00", "date": "2025-12-16", "hour": 14}}, {"type": "Feature", "geometry": {"type": "Point", "coordinates": [5.0, 54.25]}, "properties": {"value": 10.358, "time": "2025-12-16T14:00:00", "date": "2025-12-16", "hour": 14}}, {"type": "Feature", "geometry": {"type": "Point", "coordinates": [5.25, 54.25]}, "properties": {"value": 10.323, "time": "2025-12-16T14:00:00", "date": "2025-12-16", "hour": 14}}, {"type": "Feature", "geometry": {"type": "Point", "coordinates": [5.5, 54.25]}, "properties": {"value": 10.215, "time": "2025-12-16T14:00:00", "date": "2025-12-16", "hour": 14}}, {"type": "Feature", "geometry": {"type": "Point", "coordinates": [5.75, 54.25]}, "properties": {"value": 9.978, "time": "2025-12-16T14:00:00", "date": "2025-12-16", "hour": 14}}, {"type": "Feature", "geometry": {"type": "Point", "coordinates": [6.0, 54.25]}, "properties": {"value": 9.837, "time": "2025-12-16T14:00:00", "date": "2025-12-16", "hour": 14}}, {"type": "Feature", "geometry": {"type": "Point", "coordinates": [6.25, 54.25]}, "properties": {"value": 9.578, "time": "2025-12-16T14:00:00", "date": "2025-12-16", "hour": 14}}, {"type": "Feature", "geometry": {"type": "Point", "coordinates": [6.5, 54.25]}, "properties": {"value": 9.419, "time": "2025-12-16T14:00:00", "date": "2025-12-16", "hour": 14}}, {"type": "Feature", "geometry": {"type": "Point", "coordinates": [6.75, 54.25]}, "properties": {"value": 9.317, "time": "2025-12-16T14:00:00", "date": "2025-12-16", "hour": 14}}, {"type": "Feature", "geometry": {"type": "Point", "coordinates": [7.0, 54.25]}, "properties": {"value": 9.259, "time": "2025-12-16T14:00:00", "date": "2025-12-16", "hour": 14}}, {"type": "Feature", "geometry": {"type": "Point", "coordinates": [7.25, 54.25]}, "properties": {"value": 9.112, "time": "2025-12-16T14:00:00", "date": "2025-12-16", "hour": 14}}, {"type": "Feature", "geometry": {"type": "Point", "coordinates": [7.5, 54.25]}, "properties": {"value": 8.909, "time": "2025-12-16T14:00:00", "date": "2025-12-16", "hour": 14}}, {"type": "Feature", "geometry": {"type": "Point", "coordinates": [7.75, 54.25]}, "properties": {"value": 8.648, "time": "2025-12-16T14:00:00", "date": "2025-12-16", "hour": 14}}, {"type": "Feature", "geometry": {"type": "Point", "coordinates": [8.0, 54.25]}, "properties": {"value": 8.501, "time": "2025-12-16T14:00:00", "date": "2025-12-16", "hour": 14}}, {"type": "Feature", "geometry": {"type": "Point", "coordinates": [8.25, 54.25]}, "properties": {"value": 7.519, "time": "2025-12-16T14:00:00", "date": "2025-12-16", "hour": 14}}, {"type": "Feature", "geometry": {"type": "Point", "coordinates": [8.5, 54.25]}, "properties": {"value": 6.558, "time": "2025-12-16T14:00:00", "date": "2025-12-16", "hour": 14}}, {"type": "Feature", "geometry": {"type": "Point", "coordinates": [10.75, 54.25]}, "properties": {"value": 6.417, "time": "2025-12-16T14:00:00", "date": "2025-12-16", "hour": 14}}, {"type": "Feature", "geometry": {"type": "Point", "coordinates": [11.25, 54.25]}, "properties": {"value": 6.624, "time": "2025-12-16T14:00:00", "date": "2025-12-16", "hour": 14}}, {"type": "Feature", "geometry": {"type": "Point", "coordinates": [11.75, 54.25]}, "properties": {"value": 6.805, "time": "2025-12-16T14:00:00", "date": "2025-12-16", "hour": 14}}, {"type": "Feature", "geometry": {"type": "Point", "coordinates": [12.25, 54.25]}, "properties": {"value": 6.282, "time": "2025-12-16T14:00:00", "date": "2025-12-16", "hour": 14}}, {"type": "Feature", "geometry": {"type": "Point", "coordinates": [13.75, 54.25]}, "properties": {"value": 5.208, "time": "2025-12-16T14:00:00", "date": "2025-12-16", "hour": 14}}, {"type": "Feature", "geometry": {"type": "Point", "coordinates": [14.0, 54.25]}, "properties": {"value": 5.585, "time": "2025-12-16T14:00:00", "date": "2025-12-16", "hour": 14}}, {"type": "Feature", "geometry": {"type": "Point", "coordinates": [14.25, 54.25]}, "properties": {"value": 5.873, "time": "2025-12-16T14:00:00", "date": "2025-12-16", "hour": 14}}, {"type": "Feature", "geometry": {"type": "Point", "coordinates": [14.5, 54.25]}, "properties": {"value": 5.816, "time": "2025-12-16T14:00:00", "date": "2025-12-16", "hour": 14}}, {"type": "Feature", "geometry": {"type": "Point", "coordinates": [14.75, 54.25]}, "properties": {"value": 6.102, "time": "2025-12-16T14:00:00", "date": "2025-12-16", "hour": 14}}, {"type": "Feature", "geometry": {"type": "Point", "coordinates": [15.0, 54.25]}, "properties": {"value": 6.699, "time": "2025-12-16T14:00:00", "date": "2025-12-16", "hour": 14}}, {"type": "Feature", "geometry": {"type": "Point", "coordinates": [5.0, 54.5]}, "properties": {"value": 10.326, "time": "2025-12-16T14:00:00", "date": "2025-12-16", "hour": 14}}, {"type": "Feature", "geometry": {"type": "Point", "coordinates": [5.25, 54.5]}, "properties": {"value": 10.398, "time": "2025-12-16T14:00:00", "date": "2025-12-16", "hour": 14}}, {"type": "Feature", "geometry": {"type": "Point", "coordinates": [5.5, 54.5]}, "properties": {"value": 10.352, "time": "2025-12-16T14:00:00", "date": "2025-12-16", "hour": 14}}, {"type": "Feature", "geometry": {"type": "Point", "coordinates": [5.75, 54.5]}, "properties": {"value": 10.232, "time": "2025-12-16T14:00:00", "date": "2025-12-16", "hour": 14}}, {"type": "Feature", "geometry": {"type": "Point", "coordinates": [6.0, 54.5]}, "properties": {"value": 10.123, "time": "2025-12-16T14:00:00", "date": "2025-12-16", "hour": 14}}, {"type": "Feature", "geometry": {"type": "Point", "coordinates": [6.25, 54.5]}, "properties": {"value": 10.017, "time": "2025-12-16T14:00:00", "date": "2025-12-16", "hour": 14}}, {"type": "Feature", "geometry": {"type": "Point", "coordinates": [6.5, 54.5]}, "properties": {"value": 9.854, "time": "2025-12-16T14:00:00", "date": "2025-12-16", "hour": 14}}, {"type": "Feature", "geometry": {"type": "Point", "coordinates": [6.75, 54.5]}, "properties": {"value": 9.744, "time": "2025-12-16T14:00:00", "date": "2025-12-16", "hour": 14}}, {"type": "Feature", "geometry": {"type": "Point", "coordinates": [7.0, 54.5]}, "properties": {"value": 9.655, "time": "2025-12-16T14:00:00", "date": "2025-12-16", "hour": 14}}, {"type": "Feature", "geometry": {"type": "Point", "coordinates": [7.25, 54.5]}, "properties": {"value": 9.301, "time": "2025-12-16T14:00:00", "date": "2025-12-16", "hour": 14}}, {"type": "Feature", "geometry": {"type": "Point", "coordinates": [7.5, 54.5]}, "properties": {"value": 9.048, "time": "2025-12-16T14:00:00", "date": "2025-12-16", "hour": 14}}, {"type": "Feature", "geometry": {"type": "Point", "coordinates": [7.75, 54.5]}, "properties": {"value": 8.751, "time": "2025-12-16T14:00:00", "date": "2025-12-16", "hour": 14}}, {"type": "Feature", "geometry": {"type": "Point", "coordinates": [8.0, 54.5]}, "properties": {"value": 7.841, "time": "2025-12-16T14:00:00", "date": "2025-12-16", "hour": 14}}, {"type": "Feature", "geometry": {"type": "Point", "coordinates": [8.25, 54.5]}, "properties": {"value": 6.972, "time": "2025-12-16T14:00:00", "date": "2025-12-16", "hour": 14}}, {"type": "Feature", "geometry": {"type": "Point", "coordinates": [8.5, 54.5]}, "properties": {"value": 6.117, "time": "2025-12-16T14:00:00", "date": "2025-12-16", "hour": 14}}, {"type": "Feature", "geometry": {"type": "Point", "coordinates": [10.5, 54.5]}, "properties": {"value": 6.819, "time": "2025-12-16T14:00:00", "date": "2025-12-16", "hour": 14}}, {"type": "Feature", "geometry": {"type": "Point", "coordinates": [10.75, 54.5]}, "properties": {"value": 6.623, "time": "2025-12-16T14:00:00", "date": "2025-12-16", "hour": 14}}, {"type": "Feature", "geometry": {"type": "Point", "coordinates": [11.0, 54.5]}, "properties": {"value": 6.469, "time": "2025-12-16T14:00:00", "date": "2025-12-16", "hour": 14}}, {"type": "Feature", "geometry": {"type": "Point", "coordinates": [11.25, 54.5]}, "properties": {"value": 6.7, "time": "2025-12-16T14:00:00", "date": "2025-12-16", "hour": 14}}, {"type": "Feature", "geometry": {"type": "Point", "coordinates": [11.5, 54.5]}, "properties": {"value": 6.676, "time": "2025-12-16T14:00:00", "date": "2025-12-16", "hour": 14}}, {"type": "Feature", "geometry": {"type": "Point", "coordinates": [11.75, 54.5]}, "properties": {"value": 6.785, "time": "2025-12-16T14:00:00", "date": "2025-12-16", "hour": 14}}, {"type": "Feature", "geometry": {"type": "Point", "coordinates": [12.0, 54.5]}, "properties": {"value": 6.632, "time": "2025-12-16T14:00:00", "date": "2025-12-16", "hour": 14}}, {"type": "Feature", "geometry": {"type": "Point", "coordinates": [12.25, 54.5]}, "properties": {"value": 6.445, "time": "2025-12-16T14:00:00", "date": "2025-12-16", "hour": 14}}, {"type": "Feature", "geometry": {"type": "Point", "coordinates": [13.0, 54.5]}, "properties": {"value": 6.844, "time": "2025-12-16T14:00:00", "date": "2025-12-16", "hour": 14}}, {"type": "Feature", "geometry": {"type": "Point", "coordinates": [13.25, 54.5]}, "properties": {"value": 6.297, "time": "2025-12-16T14:00:00", "date": "2025-12-16", "hour": 14}}, {"type": "Feature", "geometry": {"type": "Point", "coordinates": [13.5, 54.5]}, "properties": {"value": 6.049, "time": "2025-12-16T14:00:00", "date": "2025-12-16", "hour": 14}}, {"type": "Feature", "geometry": {"type": "Point", "coordinates": [13.75, 54.5]}, "properties": {"value": 6.15, "time": "2025-12-16T14:00:00", "date": "2025-12-16", "hour": 14}}, {"type": "Feature", "geometry": {"type": "Point", "coordinates": [14.0, 54.5]}, "properties": {"value": 6.496, "time": "2025-12-16T14:00:00", "date": "2025-12-16", "hour": 14}}, {"type": "Feature", "geometry": {"type": "Point", "coordinates": [14.25, 54.5]}, "properties": {"value": 6.531, "time": "2025-12-16T14:00:00", "date": "2025-12-16", "hour": 14}}, {"type": "Feature", "geometry": {"type": "Point", "coordinates": [14.5, 54.5]}, "properties": {"value": 6.777, "time": "2025-12-16T14:00:00", "date": "2025-12-16", "hour": 14}}, {"type": "Feature", "geometry": {"type": "Point", "coordinates": [14.75, 54.5]}, "properties": {"value": 6.974, "time": "2025-12-16T14:00:00", "date": "2025-12-16", "hour": 14}}, {"type": "Feature", "geometry": {"type": "Point", "coordinates": [15.0, 54.5]}, "properties": {"value": 7.613, "time": "2025-12-16T14:00:00", "date": "2025-12-16", "hour": 14}}, {"type": "Feature", "geometry": {"type": "Point", "coordinates": [5.0, 54.75]}, "properties": {"value": 10.267, "time": "2025-12-16T14:00:00", "date": "2025-12-16", "hour": 14}}, {"type": "Feature", "geometry": {"type": "Point", "coordinates": [5.25, 54.75]}, "properties": {"value": 10.34, "time": "2025-12-16T14:00:00", "date": "2025-12-16", "hour": 14}}, {"type": "Feature", "geometry": {"type": "Point", "coordinates": [5.5, 54.75]}, "properties": {"value": 10.381, "time": "2025-12-16T14:00:00", "date": "2025-12-16", "hour": 14}}, {"type": "Feature", "geometry": {"type": "Point", "coordinates": [5.75, 54.75]}, "properties": {"value": 10.38, "time": "2025-12-16T14:00:00", "date": "2025-12-16", "hour": 14}}, {"type": "Feature", "geometry": {"type": "Point", "coordinates": [6.0, 54.75]}, "properties": {"value": 10.299, "time": "2025-12-16T14:00:00", "date": "2025-12-16", "hour": 14}}, {"type": "Feature", "geometry": {"type": "Point", "coordinates": [6.25, 54.75]}, "properties": {"value": 10.196, "time": "2025-12-16T14:00:00", "date": "2025-12-16", "hour": 14}}, {"type": "Feature", "geometry": {"type": "Point", "coordinates": [6.5, 54.75]}, "properties": {"value": 10.082, "time": "2025-12-16T14:00:00", "date": "2025-12-16", "hour": 14}}, {"type": "Feature", "geometry": {"type": "Point", "coordinates": [6.75, 54.75]}, "properties": {"value": 9.954, "time": "2025-12-16T14:00:00", "date": "2025-12-16", "hour": 14}}, {"type": "Feature", "geometry": {"type": "Point", "coordinates": [7.0, 54.75]}, "properties": {"value": 9.864, "time": "2025-12-16T14:00:00", "date": "2025-12-16", "hour": 14}}, {"type": "Feature", "geometry": {"type": "Point", "coordinates": [7.25, 54.75]}, "properties": {"value": 9.502, "time": "2025-12-16T14:00:00", "date": "2025-12-16", "hour": 14}}, {"type": "Feature", "geometry": {"type": "Point", "coordinates": [7.5, 54.75]}, "properties": {"value": 9.154, "time": "2025-12-16T14:00:00", "date": "2025-12-16", "hour": 14}}, {"type": "Feature", "geometry": {"type": "Point", "coordinates": [7.75, 54.75]}, "properties": {"value": 8.209, "time": "2025-12-16T14:00:00", "date": "2025-12-16", "hour": 14}}, {"type": "Feature", "geometry": {"type": "Point", "coordinates": [8.0, 54.75]}, "properties": {"value": 7.254, "time": "2025-12-16T14:00:00", "date": "2025-12-16", "hour": 14}}, {"type": "Feature", "geometry": {"type": "Point", "coordinates": [8.25, 54.75]}, "properties": {"value": 6.497, "time": "2025-12-16T14:00:00", "date": "2025-12-16", "hour": 14}}, {"type": "Feature", "geometry": {"type": "Point", "coordinates": [8.5, 54.75]}, "properties": {"value": 5.865, "time": "2025-12-16T14:00:00", "date": "2025-12-16", "hour": 14}}, {"type": "Feature", "geometry": {"type": "Point", "coordinates": [10.25, 54.75]}, "properties": {"value": 7.163, "time": "2025-12-16T14:00:00", "date": "2025-12-16", "hour": 14}}, {"type": "Feature", "geometry": {"type": "Point", "coordinates": [10.5, 54.75]}, "properties": {"value": 7.016, "time": "2025-12-16T14:00:00", "date": "2025-12-16", "hour": 14}}, {"type": "Feature", "geometry": {"type": "Point", "coordinates": [10.75, 54.75]}, "properties": {"value": 6.83, "time": "2025-12-16T14:00:00", "date": "2025-12-16", "hour": 14}}, {"type": "Feature", "geometry": {"type": "Point", "coordinates": [11.0, 54.75]}, "properties": {"value": 6.646, "time": "2025-12-16T14:00:00", "date": "2025-12-16", "hour": 14}}, {"type": "Feature", "geometry": {"type": "Point", "coordinates": [11.25, 54.75]}, "properties": {"value": 6.313, "time": "2025-12-16T14:00:00", "date": "2025-12-16", "hour": 14}}, {"type": "Feature", "geometry": {"type": "Point", "coordinates": [11.5, 54.75]}, "properties": {"value": 6.009, "time": "2025-12-16T14:00:00", "date": "2025-12-16", "hour": 14}}, {"type": "Feature", "geometry": {"type": "Point", "coordinates": [12.0, 54.75]}, "properties": {"value": 6.154, "time": "2025-12-16T14:00:00", "date": "2025-12-16", "hour": 14}}, {"type": "Feature", "geometry": {"type": "Point", "coordinates": [12.25, 54.75]}, "properties": {"value": 6.574, "time": "2025-12-16T14:00:00", "date": "2025-12-16", "hour": 14}}, {"type": "Feature", "geometry": {"type": "Point", "coordinates": [12.5, 54.75]}, "properties": {"value": 6.943, "time": "2025-12-16T14:00:00", "date": "2025-12-16", "hour": 14}}, {"type": "Feature", "geometry": {"type": "Point", "coordinates": [12.75, 54.75]}, "properties": {"value": 7.042, "time": "2025-12-16T14:00:00", "date": "2025-12-16", "hour": 14}}, {"type": "Feature", "geometry": {"type": "Point", "coordinates": [13.0, 54.75]}, "properties": {"value": 6.97, "time": "2025-12-16T14:00:00", "date": "2025-12-16", "hour": 14}}, {"type": "Feature", "geometry": {"type": "Point", "coordinates": [13.25, 54.75]}, "properties": {"value": 6.999, "time": "2025-12-16T14:00:00", "date": "2025-12-16", "hour": 14}}, {"type": "Feature", "geometry": {"type": "Point", "coordinates": [13.5, 54.75]}, "properties": {"value": 7.044, "time": "2025-12-16T14:00:00", "date": "2025-12-16", "hour": 14}}, {"type": "Feature", "geometry": {"type": "Point", "coordinates": [13.75, 54.75]}, "properties": {"value": 7.144, "time": "2025-12-16T14:00:00", "date": "2025-12-16", "hour": 14}}, {"type": "Feature", "geometry": {"type": "Point", "coordinates": [14.0, 54.75]}, "properties": {"value": 7.238, "time": "2025-12-16T14:00:00", "date": "2025-12-16", "hour": 14}}, {"type": "Feature", "geometry": {"type": "Point", "coordinates": [14.25, 54.75]}, "properties": {"value": 7.402, "time": "2025-12-16T14:00:00", "date": "2025-12-16", "hour": 14}}, {"type": "Feature", "geometry": {"type": "Point", "coordinates": [14.5, 54.75]}, "properties": {"value": 7.803, "time": "2025-12-16T14:00:00", "date": "2025-12-16", "hour": 14}}, {"type": "Feature", "geometry": {"type": "Point", "coordinates": [14.75, 54.75]}, "properties": {"value": 7.963, "time": "2025-12-16T14:00:00", "date": "2025-12-16", "hour": 14}}, {"type": "Feature", "geometry": {"type": "Point", "coordinates": [15.0, 54.75]}, "properties": {"value": 8.052, "time": "2025-12-16T14:00:00", "date": "2025-12-16", "hour": 14}}, {"type": "Feature", "geometry": {"type": "Point", "coordinates": [5.0, 55.0]}, "properties": {"value": 10.113, "time": "2025-12-16T14:00:00", "date": "2025-12-16", "hour": 14}}, {"type": "Feature", "geometry": {"type": "Point", "coordinates": [5.25, 55.0]}, "properties": {"value": 10.274, "time": "2025-12-16T14:00:00", "date": "2025-12-16", "hour": 14}}, {"type": "Feature", "geometry": {"type": "Point", "coordinates": [5.5, 55.0]}, "properties": {"value": 10.323, "time": "2025-12-16T14:00:00", "date": "2025-12-16", "hour": 14}}, {"type": "Feature", "geometry": {"type": "Point", "coordinates": [5.75, 55.0]}, "properties": {"value": 10.323, "time": "2025-12-16T14:00:00", "date": "2025-12-16", "hour": 14}}, {"type": "Feature", "geometry": {"type": "Point", "coordinates": [6.0, 55.0]}, "properties": {"value": 10.274, "time": "2025-12-16T14:00:00", "date": "2025-12-16", "hour": 14}}, {"type": "Feature", "geometry": {"type": "Point", "coordinates": [6.25, 55.0]}, "properties": {"value": 10.224, "time": "2025-12-16T14:00:00", "date": "2025-12-16", "hour": 14}}, {"type": "Feature", "geometry": {"type": "Point", "coordinates": [6.5, 55.0]}, "properties": {"value": 10.116, "time": "2025-12-16T14:00:00", "date": "2025-12-16", "hour": 14}}, {"type": "Feature", "geometry": {"type": "Point", "coordinates": [6.75, 55.0]}, "properties": {"value": 9.98, "time": "2025-12-16T14:00:00", "date": "2025-12-16", "hour": 14}}, {"type": "Feature", "geometry": {"type": "Point", "coordinates": [7.0, 55.0]}, "properties": {"value": 9.81, "time": "2025-12-16T14:00:00", "date": "2025-12-16", "hour": 14}}, {"type": "Feature", "geometry": {"type": "Point", "coordinates": [7.25, 55.0]}, "properties": {"value": 9.486, "time": "2025-12-16T14:00:00", "date": "2025-12-16", "hour": 14}}, {"type": "Feature", "geometry": {"type": "Point", "coordinates": [7.5, 55.0]}, "properties": {"value": 9.176, "time": "2025-12-16T14:00:00", "date": "2025-12-16", "hour": 14}}, {"type": "Feature", "geometry": {"type": "Point", "coordinates": [7.75, 55.0]}, "properties": {"value": 8.262, "time": "2025-12-16T14:00:00", "date": "2025-12-16", "hour": 14}}, {"type": "Feature", "geometry": {"type": "Point", "coordinates": [8.0, 55.0]}, "properties": {"value": 7.421, "time": "2025-12-16T14:00:00", "date": "2025-12-16", "hour": 14}}, {"type": "Feature", "geometry": {"type": "Point", "coordinates": [8.25, 55.0]}, "properties": {"value": 6.589, "time": "2025-12-16T14:00:00", "date": "2025-12-16", "hour": 14}}, {"type": "Feature", "geometry": {"type": "Point", "coordinates": [8.5, 55.0]}, "properties": {"value": 5.959, "time": "2025-12-16T14:00:00", "date": "2025-12-16", "hour": 14}}, {"type": "Feature", "geometry": {"type": "Point", "coordinates": [10.25, 55.0]}, "properties": {"value": 7.051, "time": "2025-12-16T14:00:00", "date": "2025-12-16", "hour": 14}}, {"type": "Feature", "geometry": {"type": "Point", "coordinates": [10.5, 55.0]}, "properties": {"value": 6.888, "time": "2025-12-16T14:00:00", "date": "2025-12-16", "hour": 14}}, {"type": "Feature", "geometry": {"type": "Point", "coordinates": [10.75, 55.0]}, "properties": {"value": 6.727, "time": "2025-12-16T14:00:00", "date": "2025-12-16", "hour": 14}}, {"type": "Feature", "geometry": {"type": "Point", "coordinates": [11.0, 55.0]}, "properties": {"value": 6.484, "time": "2025-12-16T14:00:00", "date": "2025-12-16", "hour": 14}}, {"type": "Feature", "geometry": {"type": "Point", "coordinates": [11.25, 55.0]}, "properties": {"value": 6.052, "time": "2025-12-16T14:00:00", "date": "2025-12-16", "hour": 14}}, {"type": "Feature", "geometry": {"type": "Point", "coordinates": [11.5, 55.0]}, "properties": {"value": 5.719, "time": "2025-12-16T14:00:00", "date": "2025-12-16", "hour": 14}}, {"type": "Feature", "geometry": {"type": "Point", "coordinates": [11.75, 55.0]}, "properties": {"value": 5.292, "time": "2025-12-16T14:00:00", "date": "2025-12-16", "hour": 14}}, {"type": "Feature", "geometry": {"type": "Point", "coordinates": [12.0, 55.0]}, "properties": {"value": 5.625, "time": "2025-12-16T14:00:00", "date": "2025-12-16", "hour": 14}}, {"type": "Feature", "geometry": {"type": "Point", "coordinates": [12.25, 55.0]}, "properties": {"value": 6.174, "time": "2025-12-16T14:00:00", "date": "2025-12-16", "hour": 14}}, {"type": "Feature", "geometry": {"type": "Point", "coordinates": [12.5, 55.0]}, "properties": {"value": 7.017, "time": "2025-12-16T14:00:00", "date": "2025-12-16", "hour": 14}}, {"type": "Feature", "geometry": {"type": "Point", "coordinates": [12.75, 55.0]}, "properties": {"value": 7.281, "time": "2025-12-16T14:00:00", "date": "2025-12-16", "hour": 14}}, {"type": "Feature", "geometry": {"type": "Point", "coordinates": [13.0, 55.0]}, "properties": {"value": 7.358, "time": "2025-12-16T14:00:00", "date": "2025-12-16", "hour": 14}}, {"type": "Feature", "geometry": {"type": "Point", "coordinates": [13.25, 55.0]}, "properties": {"value": 7.385, "time": "2025-12-16T14:00:00", "date": "2025-12-16", "hour": 14}}, {"type": "Feature", "geometry": {"type": "Point", "coordinates": [13.5, 55.0]}, "properties": {"value": 7.365, "time": "2025-12-16T14:00:00", "date": "2025-12-16", "hour": 14}}, {"type": "Feature", "geometry": {"type": "Point", "coordinates": [13.75, 55.0]}, "properties": {"value": 7.413, "time": "2025-12-16T14:00:00", "date": "2025-12-16", "hour": 14}}, {"type": "Feature", "geometry": {"type": "Point", "coordinates": [14.0, 55.0]}, "properties": {"value": 7.438, "time": "2025-12-16T14:00:00", "date": "2025-12-16", "hour": 14}}, {"type": "Feature", "geometry": {"type": "Point", "coordinates": [14.25, 55.0]}, "properties": {"value": 7.563, "time": "2025-12-16T14:00:00", "date": "2025-12-16", "hour": 14}}, {"type": "Feature", "geometry": {"type": "Point", "coordinates": [14.5, 55.0]}, "properties": {"value": 7.666, "time": "2025-12-16T14:00:00", "date": "2025-12-16", "hour": 14}}, {"type": "Feature", "geometry": {"type": "Point", "coordinates": [14.75, 55.0]}, "properties": {"value": 7.713, "time": "2025-12-16T14:00:00", "date": "2025-12-16", "hour": 14}}, {"type": "Feature", "geometry": {"type": "Point", "coordinates": [15.0, 55.0]}, "properties": {"value": 7.778, "time": "2025-12-16T14:00:00", "date": "2025-12-16", "hour": 14}}, {"type": "Feature", "geometry": {"type": "Point", "coordinates": [5.25, 52.75]}, "properties": {"value": 6.812, "time": "2025-12-16T15:00:00", "date": "2025-12-16", "hour": 15}}, {"type": "Feature", "geometry": {"type": "Point", "coordinates": [5.5, 52.75]}, "properties": {"value": 6.813, "time": "2025-12-16T15:00:00", "date": "2025-12-16", "hour": 15}}, {"type": "Feature", "geometry": {"type": "Point", "coordinates": [5.0, 53.0]}, "properties": {"value": 7.319, "time": "2025-12-16T15:00:00", "date": "2025-12-16", "hour": 15}}, {"type": "Feature", "geometry": {"type": "Point", "coordinates": [5.25, 53.0]}, "properties": {"value": 7.042, "time": "2025-12-16T15:00:00", "date": "2025-12-16", "hour": 15}}, {"type": "Feature", "geometry": {"type": "Point", "coordinates": [5.5, 53.0]}, "properties": {"value": 6.799, "time": "2025-12-16T15:00:00", "date": "2025-12-16", "hour": 15}}, {"type": "Feature", "geometry": {"type": "Point", "coordinates": [5.0, 53.25]}, "properties": {"value": 8.008, "time": "2025-12-16T15:00:00", "date": "2025-12-16", "hour": 15}}, {"type": "Feature", "geometry": {"type": "Point", "coordinates": [5.25, 53.25]}, "properties": {"value": 7.442, "time": "2025-12-16T15:00:00", "date": "2025-12-16", "hour": 15}}, {"type": "Feature", "geometry": {"type": "Point", "coordinates": [5.5, 53.25]}, "properties": {"value": 7.099, "time": "2025-12-16T15:00:00", "date": "2025-12-16", "hour": 15}}, {"type": "Feature", "geometry": {"type": "Point", "coordinates": [5.0, 53.5]}, "properties": {"value": 9.558, "time": "2025-12-16T15:00:00", "date": "2025-12-16", "hour": 15}}, {"type": "Feature", "geometry": {"type": "Point", "coordinates": [5.25, 53.5]}, "properties": {"value": 8.981, "time": "2025-12-16T15:00:00", "date": "2025-12-16", "hour": 15}}, {"type": "Feature", "geometry": {"type": "Point", "coordinates": [5.5, 53.5]}, "properties": {"value": 8.797, "time": "2025-12-16T15:00:00", "date": "2025-12-16", "hour": 15}}, {"type": "Feature", "geometry": {"type": "Point", "coordinates": [5.75, 53.5]}, "properties": {"value": 8.375, "time": "2025-12-16T15:00:00", "date": "2025-12-16", "hour": 15}}, {"type": "Feature", "geometry": {"type": "Point", "coordinates": [6.0, 53.5]}, "properties": {"value": 8.022, "time": "2025-12-16T15:00:00", "date": "2025-12-16", "hour": 15}}, {"type": "Feature", "geometry": {"type": "Point", "coordinates": [6.25, 53.5]}, "properties": {"value": 7.727, "time": "2025-12-16T15:00:00", "date": "2025-12-16", "hour": 15}}, {"type": "Feature", "geometry": {"type": "Point", "coordinates": [6.5, 53.5]}, "properties": {"value": 7.554, "time": "2025-12-16T15:00:00", "date": "2025-12-16", "hour": 15}}, {"type": "Feature", "geometry": {"type": "Point", "coordinates": [6.75, 53.5]}, "properties": {"value": 7.247, "time": "2025-12-16T15:00:00", "date": "2025-12-16", "hour": 15}}, {"type": "Feature", "geometry": {"type": "Point", "coordinates": [5.0, 53.75]}, "properties": {"value": 10.229, "time": "2025-12-16T15:00:00", "date": "2025-12-16", "hour": 15}}, {"type": "Feature", "geometry": {"type": "Point", "coordinates": [5.25, 53.75]}, "properties": {"value": 9.866, "time": "2025-12-16T15:00:00", "date": "2025-12-16", "hour": 15}}, {"type": "Feature", "geometry": {"type": "Point", "coordinates": [5.5, 53.75]}, "properties": {"value": 9.563, "time": "2025-12-16T15:00:00", "date": "2025-12-16", "hour": 15}}, {"type": "Feature", "geometry": {"type": "Point", "coordinates": [5.75, 53.75]}, "properties": {"value": 9.251, "time": "2025-12-16T15:00:00", "date": "2025-12-16", "hour": 15}}, {"type": "Feature", "geometry": {"type": "Point", "coordinates": [6.0, 53.75]}, "properties": {"value": 8.924, "time": "2025-12-16T15:00:00", "date": "2025-12-16", "hour": 15}}, {"type": "Feature", "geometry": {"type": "Point", "coordinates": [6.25, 53.75]}, "properties": {"value": 8.53, "time": "2025-12-16T15:00:00", "date": "2025-12-16", "hour": 15}}, {"type": "Feature", "geometry": {"type": "Point", "coordinates": [6.5, 53.75]}, "properties": {"value": 8.097, "time": "2025-12-16T15:00:00", "date": "2025-12-16", "hour": 15}}, {"type": "Feature", "geometry": {"type": "Point", "coordinates": [6.75, 53.75]}, "properties": {"value": 7.733, "time": "2025-12-16T15:00:00", "date": "2025-12-16", "hour": 15}}, {"type": "Feature", "geometry": {"type": "Point", "coordinates": [7.0, 53.75]}, "properties": {"value": 7.699, "time": "2025-12-16T15:00:00", "date": "2025-12-16", "hour": 15}}, {"type": "Feature", "geometry": {"type": "Point", "coordinates": [7.25, 53.75]}, "properties": {"value": 7.42, "time": "2025-12-16T15:00:00", "date": "2025-12-16", "hour": 15}}, {"type": "Feature", "geometry": {"type": "Point", "coordinates": [7.5, 53.75]}, "properties": {"value": 7.347, "time": "2025-12-16T15:00:00", "date": "2025-12-16", "hour": 15}}, {"type": "Feature", "geometry": {"type": "Point", "coordinates": [7.75, 53.75]}, "properties": {"value": 7.335, "time": "2025-12-16T15:00:00", "date": "2025-12-16", "hour": 15}}, {"type": "Feature", "geometry": {"type": "Point", "coordinates": [8.0, 53.75]}, "properties": {"value": 7.199, "time": "2025-12-16T15:00:00", "date": "2025-12-16", "hour": 15}}, {"type": "Feature", "geometry": {"type": "Point", "coordinates": [8.25, 53.75]}, "properties": {"value": 6.78, "time": "2025-12-16T15:00:00", "date": "2025-12-16", "hour": 15}}, {"type": "Feature", "geometry": {"type": "Point", "coordinates": [8.5, 53.75]}, "properties": {"value": 6.318, "time": "2025-12-16T15:00:00", "date": "2025-12-16", "hour": 15}}, {"type": "Feature", "geometry": {"type": "Point", "coordinates": [8.75, 53.75]}, "properties": {"value": 6.318, "time": "2025-12-16T15:00:00", "date": "2025-12-16", "hour": 15}}, {"type": "Feature", "geometry": {"type": "Point", "coordinates": [14.25, 53.75]}, "properties": {"value": 4.019, "time": "2025-12-16T15:00:00", "date": "2025-12-16", "hour": 15}}, {"type": "Feature", "geometry": {"type": "Point", "coordinates": [14.5, 53.75]}, "properties": {"value": 4.019, "time": "2025-12-16T15:00:00", "date": "2025-12-16", "hour": 15}}, {"type": "Feature", "geometry": {"type": "Point", "coordinates": [5.0, 54.0]}, "properties": {"value": 10.358, "time": "2025-12-16T15:00:00", "date": "2025-12-16", "hour": 15}}, {"type": "Feature", "geometry": {"type": "Point", "coordinates": [5.25, 54.0]}, "properties": {"value": 10.289, "time": "2025-12-16T15:00:00", "date": "2025-12-16", "hour": 15}}, {"type": "Feature", "geometry": {"type": "Point", "coordinates": [5.5, 54.0]}, "properties": {"value": 9.988, "time": "2025-12-16T15:00:00", "date": "2025-12-16", "hour": 15}}, {"type": "Feature", "geometry": {"type": "Point", "coordinates": [5.75, 54.0]}, "properties": {"value": 9.715, "time": "2025-12-16T15:00:00", "date": "2025-12-16", "hour": 15}}, {"type": "Feature", "geometry": {"type": "Point", "coordinates": [6.0, 54.0]}, "properties": {"value": 9.437, "time": "2025-12-16T15:00:00", "date": "2025-12-16", "hour": 15}}, {"type": "Feature", "geometry": {"type": "Point", "coordinates": [6.25, 54.0]}, "properties": {"value": 9.104, "time": "2025-12-16T15:00:00", "date": "2025-12-16", "hour": 15}}, {"type": "Feature", "geometry": {"type": "Point", "coordinates": [6.5, 54.0]}, "properties": {"value": 8.729, "time": "2025-12-16T15:00:00", "date": "2025-12-16", "hour": 15}}, {"type": "Feature", "geometry": {"type": "Point", "coordinates": [6.75, 54.0]}, "properties": {"value": 8.619, "time": "2025-12-16T15:00:00", "date": "2025-12-16", "hour": 15}}, {"type": "Feature", "geometry": {"type": "Point", "coordinates": [7.0, 54.0]}, "properties": {"value": 8.61, "time": "2025-12-16T15:00:00", "date": "2025-12-16", "hour": 15}}, {"type": "Feature", "geometry": {"type": "Point", "coordinates": [7.25, 54.0]}, "properties": {"value": 8.44, "time": "2025-12-16T15:00:00", "date": "2025-12-16", "hour": 15}}, {"type": "Feature", "geometry": {"type": "Point", "coordinates": [7.5, 54.0]}, "properties": {"value": 8.324, "time": "2025-12-16T15:00:00", "date": "2025-12-16", "hour": 15}}, {"type": "Feature", "geometry": {"type": "Point", "coordinates": [7.75, 54.0]}, "properties": {"value": 8.191, "time": "2025-12-16T15:00:00", "date": "2025-12-16", "hour": 15}}, {"type": "Feature", "geometry": {"type": "Point", "coordinates": [8.0, 54.0]}, "properties": {"value": 8.098, "time": "2025-12-16T15:00:00", "date": "2025-12-16", "hour": 15}}, {"type": "Feature", "geometry": {"type": "Point", "coordinates": [8.25, 54.0]}, "properties": {"value": 7.782, "time": "2025-12-16T15:00:00", "date": "2025-12-16", "hour": 15}}, {"type": "Feature", "geometry": {"type": "Point", "coordinates": [8.5, 54.0]}, "properties": {"value": 6.801, "time": "2025-12-16T15:00:00", "date": "2025-12-16", "hour": 15}}, {"type": "Feature", "geometry": {"type": "Point", "coordinates": [11.25, 54.0]}, "properties": {"value": 6.357, "time": "2025-12-16T15:00:00", "date": "2025-12-16", "hour": 15}}, {"type": "Feature", "geometry": {"type": "Point", "coordinates": [14.0, 54.0]}, "properties": {"value": 5.063, "time": "2025-12-16T15:00:00", "date": "2025-12-16", "hour": 15}}, {"type": "Feature", "geometry": {"type": "Point", "coordinates": [14.25, 54.0]}, "properties": {"value": 5.53, "time": "2025-12-16T15:00:00", "date": "2025-12-16", "hour": 15}}, {"type": "Feature", "geometry": {"type": "Point", "coordinates": [14.5, 54.0]}, "properties": {"value": 5.315, "time": "2025-12-16T15:00:00", "date": "2025-12-16", "hour": 15}}, {"type": "Feature", "geometry": {"type": "Point", "coordinates": [14.75, 54.0]}, "properties": {"value": 5.745, "time": "2025-12-16T15:00:00", "date": "2025-12-16", "hour": 15}}, {"type": "Feature", "geometry": {"type": "Point", "coordinates": [5.0, 54.25]}, "properties": {"value": 10.358, "time": "2025-12-16T15:00:00", "date": "2025-12-16", "hour": 15}}, {"type": "Feature", "geometry": {"type": "Point", "coordinates": [5.25, 54.25]}, "properties": {"value": 10.323, "time": "2025-12-16T15:00:00", "date": "2025-12-16", "hour": 15}}, {"type": "Feature", "geometry": {"type": "Point", "coordinates": [5.5, 54.25]}, "properties": {"value": 10.215, "time": "2025-12-16T15:00:00", "date": "2025-12-16", "hour": 15}}, {"type": "Feature", "geometry": {"type": "Point", "coordinates": [5.75, 54.25]}, "properties": {"value": 9.978, "time": "2025-12-16T15:00:00", "date": "2025-12-16", "hour": 15}}, {"type": "Feature", "geometry": {"type": "Point", "coordinates": [6.0, 54.25]}, "properties": {"value": 9.837, "time": "2025-12-16T15:00:00", "date": "2025-12-16", "hour": 15}}, {"type": "Feature", "geometry": {"type": "Point", "coordinates": [6.25, 54.25]}, "properties": {"value": 9.578, "time": "2025-12-16T15:00:00", "date": "2025-12-16", "hour": 15}}, {"type": "Feature", "geometry": {"type": "Point", "coordinates": [6.5, 54.25]}, "properties": {"value": 9.419, "time": "2025-12-16T15:00:00", "date": "2025-12-16", "hour": 15}}, {"type": "Feature", "geometry": {"type": "Point", "coordinates": [6.75, 54.25]}, "properties": {"value": 9.317, "time": "2025-12-16T15:00:00", "date": "2025-12-16", "hour": 15}}, {"type": "Feature", "geometry": {"type": "Point", "coordinates": [7.0, 54.25]}, "properties": {"value": 9.259, "time": "2025-12-16T15:00:00", "date": "2025-12-16", "hour": 15}}, {"type": "Feature", "geometry": {"type": "Point", "coordinates": [7.25, 54.25]}, "properties": {"value": 9.112, "time": "2025-12-16T15:00:00", "date": "2025-12-16", "hour": 15}}, {"type": "Feature", "geometry": {"type": "Point", "coordinates": [7.5, 54.25]}, "properties": {"value": 8.909, "time": "2025-12-16T15:00:00", "date": "2025-12-16", "hour": 15}}, {"type": "Feature", "geometry": {"type": "Point", "coordinates": [7.75, 54.25]}, "properties": {"value": 8.648, "time": "2025-12-16T15:00:00", "date": "2025-12-16", "hour": 15}}, {"type": "Feature", "geometry": {"type": "Point", "coordinates": [8.0, 54.25]}, "properties": {"value": 8.501, "time": "2025-12-16T15:00:00", "date": "2025-12-16", "hour": 15}}, {"type": "Feature", "geometry": {"type": "Point", "coordinates": [8.25, 54.25]}, "properties": {"value": 7.519, "time": "2025-12-16T15:00:00", "date": "2025-12-16", "hour": 15}}, {"type": "Feature", "geometry": {"type": "Point", "coordinates": [8.5, 54.25]}, "properties": {"value": 6.558, "time": "2025-12-16T15:00:00", "date": "2025-12-16", "hour": 15}}, {"type": "Feature", "geometry": {"type": "Point", "coordinates": [10.75, 54.25]}, "properties": {"value": 6.417, "time": "2025-12-16T15:00:00", "date": "2025-12-16", "hour": 15}}, {"type": "Feature", "geometry": {"type": "Point", "coordinates": [11.25, 54.25]}, "properties": {"value": 6.624, "time": "2025-12-16T15:00:00", "date": "2025-12-16", "hour": 15}}, {"type": "Feature", "geometry": {"type": "Point", "coordinates": [11.75, 54.25]}, "properties": {"value": 6.805, "time": "2025-12-16T15:00:00", "date": "2025-12-16", "hour": 15}}, {"type": "Feature", "geometry": {"type": "Point", "coordinates": [12.25, 54.25]}, "properties": {"value": 6.282, "time": "2025-12-16T15:00:00", "date": "2025-12-16", "hour": 15}}, {"type": "Feature", "geometry": {"type": "Point", "coordinates": [13.75, 54.25]}, "properties": {"value": 5.208, "time": "2025-12-16T15:00:00", "date": "2025-12-16", "hour": 15}}, {"type": "Feature", "geometry": {"type": "Point", "coordinates": [14.0, 54.25]}, "properties": {"value": 5.585, "time": "2025-12-16T15:00:00", "date": "2025-12-16", "hour": 15}}, {"type": "Feature", "geometry": {"type": "Point", "coordinates": [14.25, 54.25]}, "properties": {"value": 5.873, "time": "2025-12-16T15:00:00", "date": "2025-12-16", "hour": 15}}, {"type": "Feature", "geometry": {"type": "Point", "coordinates": [14.5, 54.25]}, "properties": {"value": 5.816, "time": "2025-12-16T15:00:00", "date": "2025-12-16", "hour": 15}}, {"type": "Feature", "geometry": {"type": "Point", "coordinates": [14.75, 54.25]}, "properties": {"value": 6.102, "time": "2025-12-16T15:00:00", "date": "2025-12-16", "hour": 15}}, {"type": "Feature", "geometry": {"type": "Point", "coordinates": [15.0, 54.25]}, "properties": {"value": 6.699, "time": "2025-12-16T15:00:00", "date": "2025-12-16", "hour": 15}}, {"type": "Feature", "geometry": {"type": "Point", "coordinates": [5.0, 54.5]}, "properties": {"value": 10.326, "time": "2025-12-16T15:00:00", "date": "2025-12-16", "hour": 15}}, {"type": "Feature", "geometry": {"type": "Point", "coordinates": [5.25, 54.5]}, "properties": {"value": 10.398, "time": "2025-12-16T15:00:00", "date": "2025-12-16", "hour": 15}}, {"type": "Feature", "geometry": {"type": "Point", "coordinates": [5.5, 54.5]}, "properties": {"value": 10.352, "time": "2025-12-16T15:00:00", "date": "2025-12-16", "hour": 15}}, {"type": "Feature", "geometry": {"type": "Point", "coordinates": [5.75, 54.5]}, "properties": {"value": 10.232, "time": "2025-12-16T15:00:00", "date": "2025-12-16", "hour": 15}}, {"type": "Feature", "geometry": {"type": "Point", "coordinates": [6.0, 54.5]}, "properties": {"value": 10.123, "time": "2025-12-16T15:00:00", "date": "2025-12-16", "hour": 15}}, {"type": "Feature", "geometry": {"type": "Point", "coordinates": [6.25, 54.5]}, "properties": {"value": 10.017, "time": "2025-12-16T15:00:00", "date": "2025-12-16", "hour": 15}}, {"type": "Feature", "geometry": {"type": "Point", "coordinates": [6.5, 54.5]}, "properties": {"value": 9.854, "time": "2025-12-16T15:00:00", "date": "2025-12-16", "hour": 15}}, {"type": "Feature", "geometry": {"type": "Point", "coordinates": [6.75, 54.5]}, "properties": {"value": 9.744, "time": "2025-12-16T15:00:00", "date": "2025-12-16", "hour": 15}}, {"type": "Feature", "geometry": {"type": "Point", "coordinates": [7.0, 54.5]}, "properties": {"value": 9.655, "time": "2025-12-16T15:00:00", "date": "2025-12-16", "hour": 15}}, {"type": "Feature", "geometry": {"type": "Point", "coordinates": [7.25, 54.5]}, "properties": {"value": 9.301, "time": "2025-12-16T15:00:00", "date": "2025-12-16", "hour": 15}}, {"type": "Feature", "geometry": {"type": "Point", "coordinates": [7.5, 54.5]}, "properties": {"value": 9.048, "time": "2025-12-16T15:00:00", "date": "2025-12-16", "hour": 15}}, {"type": "Feature", "geometry": {"type": "Point", "coordinates": [7.75, 54.5]}, "properties": {"value": 8.751, "time": "2025-12-16T15:00:00", "date": "2025-12-16", "hour": 15}}, {"type": "Feature", "geometry": {"type": "Point", "coordinates": [8.0, 54.5]}, "properties": {"value": 7.841, "time": "2025-12-16T15:00:00", "date": "2025-12-16", "hour": 15}}, {"type": "Feature", "geometry": {"type": "Point", "coordinates": [8.25, 54.5]}, "properties": {"value": 6.972, "time": "2025-12-16T15:00:00", "date": "2025-12-16", "hour": 15}}, {"type": "Feature", "geometry": {"type": "Point", "coordinates": [8.5, 54.5]}, "properties": {"value": 6.117, "time": "2025-12-16T15:00:00", "date": "2025-12-16", "hour": 15}}, {"type": "Feature", "geometry": {"type": "Point", "coordinates": [10.5, 54.5]}, "properties": {"value": 6.819, "time": "2025-12-16T15:00:00", "date": "2025-12-16", "hour": 15}}, {"type": "Feature", "geometry": {"type": "Point", "coordinates": [10.75, 54.5]}, "properties": {"value": 6.623, "time": "2025-12-16T15:00:00", "date": "2025-12-16", "hour": 15}}, {"type": "Feature", "geometry": {"type": "Point", "coordinates": [11.0, 54.5]}, "properties": {"value": 6.469, "time": "2025-12-16T15:00:00", "date": "2025-12-16", "hour": 15}}, {"type": "Feature", "geometry": {"type": "Point", "coordinates": [11.25, 54.5]}, "properties": {"value": 6.7, "time": "2025-12-16T15:00:00", "date": "2025-12-16", "hour": 15}}, {"type": "Feature", "geometry": {"type": "Point", "coordinates": [11.5, 54.5]}, "properties": {"value": 6.676, "time": "2025-12-16T15:00:00", "date": "2025-12-16", "hour": 15}}, {"type": "Feature", "geometry": {"type": "Point", "coordinates": [11.75, 54.5]}, "properties": {"value": 6.785, "time": "2025-12-16T15:00:00", "date": "2025-12-16", "hour": 15}}, {"type": "Feature", "geometry": {"type": "Point", "coordinates": [12.0, 54.5]}, "properties": {"value": 6.632, "time": "2025-12-16T15:00:00", "date": "2025-12-16", "hour": 15}}, {"type": "Feature", "geometry": {"type": "Point", "coordinates": [12.25, 54.5]}, "properties": {"value": 6.445, "time": "2025-12-16T15:00:00", "date": "2025-12-16", "hour": 15}}, {"type": "Feature", "geometry": {"type": "Point", "coordinates": [13.0, 54.5]}, "properties": {"value": 6.844, "time": "2025-12-16T15:00:00", "date": "2025-12-16", "hour": 15}}, {"type": "Feature", "geometry": {"type": "Point", "coordinates": [13.25, 54.5]}, "properties": {"value": 6.297, "time": "2025-12-16T15:00:00", "date": "2025-12-16", "hour": 15}}, {"type": "Feature", "geometry": {"type": "Point", "coordinates": [13.5, 54.5]}, "properties": {"value": 6.049, "time": "2025-12-16T15:00:00", "date": "2025-12-16", "hour": 15}}, {"type": "Feature", "geometry": {"type": "Point", "coordinates": [13.75, 54.5]}, "properties": {"value": 6.15, "time": "2025-12-16T15:00:00", "date": "2025-12-16", "hour": 15}}, {"type": "Feature", "geometry": {"type": "Point", "coordinates": [14.0, 54.5]}, "properties": {"value": 6.496, "time": "2025-12-16T15:00:00", "date": "2025-12-16", "hour": 15}}, {"type": "Feature", "geometry": {"type": "Point", "coordinates": [14.25, 54.5]}, "properties": {"value": 6.531, "time": "2025-12-16T15:00:00", "date": "2025-12-16", "hour": 15}}, {"type": "Feature", "geometry": {"type": "Point", "coordinates": [14.5, 54.5]}, "properties": {"value": 6.777, "time": "2025-12-16T15:00:00", "date": "2025-12-16", "hour": 15}}, {"type": "Feature", "geometry": {"type": "Point", "coordinates": [14.75, 54.5]}, "properties": {"value": 6.974, "time": "2025-12-16T15:00:00", "date": "2025-12-16", "hour": 15}}, {"type": "Feature", "geometry": {"type": "Point", "coordinates": [15.0, 54.5]}, "properties": {"value": 7.613, "time": "2025-12-16T15:00:00", "date": "2025-12-16", "hour": 15}}, {"type": "Feature", "geometry": {"type": "Point", "coordinates": [5.0, 54.75]}, "properties": {"value": 10.267, "time": "2025-12-16T15:00:00", "date": "2025-12-16", "hour": 15}}, {"type": "Feature", "geometry": {"type": "Point", "coordinates": [5.25, 54.75]}, "properties": {"value": 10.34, "time": "2025-12-16T15:00:00", "date": "2025-12-16", "hour": 15}}, {"type": "Feature", "geometry": {"type": "Point", "coordinates": [5.5, 54.75]}, "properties": {"value": 10.381, "time": "2025-12-16T15:00:00", "date": "2025-12-16", "hour": 15}}, {"type": "Feature", "geometry": {"type": "Point", "coordinates": [5.75, 54.75]}, "properties": {"value": 10.38, "time": "2025-12-16T15:00:00", "date": "2025-12-16", "hour": 15}}, {"type": "Feature", "geometry": {"type": "Point", "coordinates": [6.0, 54.75]}, "properties": {"value": 10.299, "time": "2025-12-16T15:00:00", "date": "2025-12-16", "hour": 15}}, {"type": "Feature", "geometry": {"type": "Point", "coordinates": [6.25, 54.75]}, "properties": {"value": 10.196, "time": "2025-12-16T15:00:00", "date": "2025-12-16", "hour": 15}}, {"type": "Feature", "geometry": {"type": "Point", "coordinates": [6.5, 54.75]}, "properties": {"value": 10.082, "time": "2025-12-16T15:00:00", "date": "2025-12-16", "hour": 15}}, {"type": "Feature", "geometry": {"type": "Point", "coordinates": [6.75, 54.75]}, "properties": {"value": 9.954, "time": "2025-12-16T15:00:00", "date": "2025-12-16", "hour": 15}}, {"type": "Feature", "geometry": {"type": "Point", "coordinates": [7.0, 54.75]}, "properties": {"value": 9.864, "time": "2025-12-16T15:00:00", "date": "2025-12-16", "hour": 15}}, {"type": "Feature", "geometry": {"type": "Point", "coordinates": [7.25, 54.75]}, "properties": {"value": 9.502, "time": "2025-12-16T15:00:00", "date": "2025-12-16", "hour": 15}}, {"type": "Feature", "geometry": {"type": "Point", "coordinates": [7.5, 54.75]}, "properties": {"value": 9.154, "time": "2025-12-16T15:00:00", "date": "2025-12-16", "hour": 15}}, {"type": "Feature", "geometry": {"type": "Point", "coordinates": [7.75, 54.75]}, "properties": {"value": 8.209, "time": "2025-12-16T15:00:00", "date": "2025-12-16", "hour": 15}}, {"type": "Feature", "geometry": {"type": "Point", "coordinates": [8.0, 54.75]}, "properties": {"value": 7.254, "time": "2025-12-16T15:00:00", "date": "2025-12-16", "hour": 15}}, {"type": "Feature", "geometry": {"type": "Point", "coordinates": [8.25, 54.75]}, "properties": {"value": 6.497, "time": "2025-12-16T15:00:00", "date": "2025-12-16", "hour": 15}}, {"type": "Feature", "geometry": {"type": "Point", "coordinates": [8.5, 54.75]}, "properties": {"value": 5.865, "time": "2025-12-16T15:00:00", "date": "2025-12-16", "hour": 15}}, {"type": "Feature", "geometry": {"type": "Point", "coordinates": [10.25, 54.75]}, "properties": {"value": 7.163, "time": "2025-12-16T15:00:00", "date": "2025-12-16", "hour": 15}}, {"type": "Feature", "geometry": {"type": "Point", "coordinates": [10.5, 54.75]}, "properties": {"value": 7.016, "time": "2025-12-16T15:00:00", "date": "2025-12-16", "hour": 15}}, {"type": "Feature", "geometry": {"type": "Point", "coordinates": [10.75, 54.75]}, "properties": {"value": 6.83, "time": "2025-12-16T15:00:00", "date": "2025-12-16", "hour": 15}}, {"type": "Feature", "geometry": {"type": "Point", "coordinates": [11.0, 54.75]}, "properties": {"value": 6.646, "time": "2025-12-16T15:00:00", "date": "2025-12-16", "hour": 15}}, {"type": "Feature", "geometry": {"type": "Point", "coordinates": [11.25, 54.75]}, "properties": {"value": 6.313, "time": "2025-12-16T15:00:00", "date": "2025-12-16", "hour": 15}}, {"type": "Feature", "geometry": {"type": "Point", "coordinates": [11.5, 54.75]}, "properties": {"value": 6.009, "time": "2025-12-16T15:00:00", "date": "2025-12-16", "hour": 15}}, {"type": "Feature", "geometry": {"type": "Point", "coordinates": [12.0, 54.75]}, "properties": {"value": 6.154, "time": "2025-12-16T15:00:00", "date": "2025-12-16", "hour": 15}}, {"type": "Feature", "geometry": {"type": "Point", "coordinates": [12.25, 54.75]}, "properties": {"value": 6.574, "time": "2025-12-16T15:00:00", "date": "2025-12-16", "hour": 15}}, {"type": "Feature", "geometry": {"type": "Point", "coordinates": [12.5, 54.75]}, "properties": {"value": 6.943, "time": "2025-12-16T15:00:00", "date": "2025-12-16", "hour": 15}}, {"type": "Feature", "geometry": {"type": "Point", "coordinates": [12.75, 54.75]}, "properties": {"value": 7.042, "time": "2025-12-16T15:00:00", "date": "2025-12-16", "hour": 15}}, {"type": "Feature", "geometry": {"type": "Point", "coordinates": [13.0, 54.75]}, "properties": {"value": 6.97, "time": "2025-12-16T15:00:00", "date": "2025-12-16", "hour": 15}}, {"type": "Feature", "geometry": {"type": "Point", "coordinates": [13.25, 54.75]}, "properties": {"value": 6.999, "time": "2025-12-16T15:00:00", "date": "2025-12-16", "hour": 15}}, {"type": "Feature", "geometry": {"type": "Point", "coordinates": [13.5, 54.75]}, "properties": {"value": 7.044, "time": "2025-12-16T15:00:00", "date": "2025-12-16", "hour": 15}}, {"type": "Feature", "geometry": {"type": "Point", "coordinates": [13.75, 54.75]}, "properties": {"value": 7.144, "time": "2025-12-16T15:00:00", "date": "2025-12-16", "hour": 15}}, {"type": "Feature", "geometry": {"type": "Point", "coordinates": [14.0, 54.75]}, "properties": {"value": 7.238, "time": "2025-12-16T15:00:00", "date": "2025-12-16", "hour": 15}}, {"type": "Feature", "geometry": {"type": "Point", "coordinates": [14.25, 54.75]}, "properties": {"value": 7.402, "time": "2025-12-16T15:00:00", "date": "2025-12-16", "hour": 15}}, {"type": "Feature", "geometry": {"type": "Point", "coordinates": [14.5, 54.75]}, "properties": {"value": 7.803, "time": "2025-12-16T15:00:00", "date": "2025-12-16", "hour": 15}}, {"type": "Feature", "geometry": {"type": "Point", "coordinates": [14.75, 54.75]}, "properties": {"value": 7.963, "time": "2025-12-16T15:00:00", "date": "2025-12-16", "hour": 15}}, {"type": "Feature", "geometry": {"type": "Point", "coordinates": [15.0, 54.75]}, "properties": {"value": 8.052, "time": "2025-12-16T15:00:00", "date": "2025-12-16", "hour": 15}}, {"type": "Feature", "geometry": {"type": "Point", "coordinates": [5.0, 55.0]}, "properties": {"value": 10.113, "time": "2025-12-16T15:00:00", "date": "2025-12-16", "hour": 15}}, {"type": "Feature", "geometry": {"type": "Point", "coordinates": [5.25, 55.0]}, "properties": {"value": 10.274, "time": "2025-12-16T15:00:00", "date": "2025-12-16", "hour": 15}}, {"type": "Feature", "geometry": {"type": "Point", "coordinates": [5.5, 55.0]}, "properties": {"value": 10.323, "time": "2025-12-16T15:00:00", "date": "2025-12-16", "hour": 15}}, {"type": "Feature", "geometry": {"type": "Point", "coordinates": [5.75, 55.0]}, "properties": {"value": 10.323, "time": "2025-12-16T15:00:00", "date": "2025-12-16", "hour": 15}}, {"type": "Feature", "geometry": {"type": "Point", "coordinates": [6.0, 55.0]}, "properties": {"value": 10.274, "time": "2025-12-16T15:00:00", "date": "2025-12-16", "hour": 15}}, {"type": "Feature", "geometry": {"type": "Point", "coordinates": [6.25, 55.0]}, "properties": {"value": 10.224, "time": "2025-12-16T15:00:00", "date": "2025-12-16", "hour": 15}}, {"type": "Feature", "geometry": {"type": "Point", "coordinates": [6.5, 55.0]}, "properties": {"value": 10.116, "time": "2025-12-16T15:00:00", "date": "2025-12-16", "hour": 15}}, {"type": "Feature", "geometry": {"type": "Point", "coordinates": [6.75, 55.0]}, "properties": {"value": 9.98, "time": "2025-12-16T15:00:00", "date": "2025-12-16", "hour": 15}}, {"type": "Feature", "geometry": {"type": "Point", "coordinates": [7.0, 55.0]}, "properties": {"value": 9.81, "time": "2025-12-16T15:00:00", "date": "2025-12-16", "hour": 15}}, {"type": "Feature", "geometry": {"type": "Point", "coordinates": [7.25, 55.0]}, "properties": {"value": 9.486, "time": "2025-12-16T15:00:00", "date": "2025-12-16", "hour": 15}}, {"type": "Feature", "geometry": {"type": "Point", "coordinates": [7.5, 55.0]}, "properties": {"value": 9.176, "time": "2025-12-16T15:00:00", "date": "2025-12-16", "hour": 15}}, {"type": "Feature", "geometry": {"type": "Point", "coordinates": [7.75, 55.0]}, "properties": {"value": 8.262, "time": "2025-12-16T15:00:00", "date": "2025-12-16", "hour": 15}}, {"type": "Feature", "geometry": {"type": "Point", "coordinates": [8.0, 55.0]}, "properties": {"value": 7.421, "time": "2025-12-16T15:00:00", "date": "2025-12-16", "hour": 15}}, {"type": "Feature", "geometry": {"type": "Point", "coordinates": [8.25, 55.0]}, "properties": {"value": 6.589, "time": "2025-12-16T15:00:00", "date": "2025-12-16", "hour": 15}}, {"type": "Feature", "geometry": {"type": "Point", "coordinates": [8.5, 55.0]}, "properties": {"value": 5.959, "time": "2025-12-16T15:00:00", "date": "2025-12-16", "hour": 15}}, {"type": "Feature", "geometry": {"type": "Point", "coordinates": [10.25, 55.0]}, "properties": {"value": 7.051, "time": "2025-12-16T15:00:00", "date": "2025-12-16", "hour": 15}}, {"type": "Feature", "geometry": {"type": "Point", "coordinates": [10.5, 55.0]}, "properties": {"value": 6.888, "time": "2025-12-16T15:00:00", "date": "2025-12-16", "hour": 15}}, {"type": "Feature", "geometry": {"type": "Point", "coordinates": [10.75, 55.0]}, "properties": {"value": 6.727, "time": "2025-12-16T15:00:00", "date": "2025-12-16", "hour": 15}}, {"type": "Feature", "geometry": {"type": "Point", "coordinates": [11.0, 55.0]}, "properties": {"value": 6.484, "time": "2025-12-16T15:00:00", "date": "2025-12-16", "hour": 15}}, {"type": "Feature", "geometry": {"type": "Point", "coordinates": [11.25, 55.0]}, "properties": {"value": 6.052, "time": "2025-12-16T15:00:00", "date": "2025-12-16", "hour": 15}}, {"type": "Feature", "geometry": {"type": "Point", "coordinates": [11.5, 55.0]}, "properties": {"value": 5.719, "time": "2025-12-16T15:00:00", "date": "2025-12-16", "hour": 15}}, {"type": "Feature", "geometry": {"type": "Point", "coordinates": [11.75, 55.0]}, "properties": {"value": 5.292, "time": "2025-12-16T15:00:00", "date": "2025-12-16", "hour": 15}}, {"type": "Feature", "geometry": {"type": "Point", "coordinates": [12.0, 55.0]}, "properties": {"value": 5.625, "time": "2025-12-16T15:00:00", "date": "2025-12-16", "hour": 15}}, {"type": "Feature", "geometry": {"type": "Point", "coordinates": [12.25, 55.0]}, "properties": {"value": 6.174, "time": "2025-12-16T15:00:00", "date": "2025-12-16", "hour": 15}}, {"type": "Feature", "geometry": {"type": "Point", "coordinates": [12.5, 55.0]}, "properties": {"value": 7.017, "time": "2025-12-16T15:00:00", "date": "2025-12-16", "hour": 15}}, {"type": "Feature", "geometry": {"type": "Point", "coordinates": [12.75, 55.0]}, "properties": {"value": 7.281, "time": "2025-12-16T15:00:00", "date": "2025-12-16", "hour": 15}}, {"type": "Feature", "geometry": {"type": "Point", "coordinates": [13.0, 55.0]}, "properties": {"value": 7.358, "time": "2025-12-16T15:00:00", "date": "2025-12-16", "hour": 15}}, {"type": "Feature", "geometry": {"type": "Point", "coordinates": [13.25, 55.0]}, "properties": {"value": 7.385, "time": "2025-12-16T15:00:00", "date": "2025-12-16", "hour": 15}}, {"type": "Feature", "geometry": {"type": "Point", "coordinates": [13.5, 55.0]}, "properties": {"value": 7.365, "time": "2025-12-16T15:00:00", "date": "2025-12-16", "hour": 15}}, {"type": "Feature", "geometry": {"type": "Point", "coordinates": [13.75, 55.0]}, "properties": {"value": 7.413, "time": "2025-12-16T15:00:00", "date": "2025-12-16", "hour": 15}}, {"type": "Feature", "geometry": {"type": "Point", "coordinates": [14.0, 55.0]}, "properties": {"value": 7.438, "time": "2025-12-16T15:00:00", "date": "2025-12-16", "hour": 15}}, {"type": "Feature", "geometry": {"type": "Point", "coordinates": [14.25, 55.0]}, "properties": {"value": 7.563, "time": "2025-12-16T15:00:00", "date": "2025-12-16", "hour": 15}}, {"type": "Feature", "geometry": {"type": "Point", "coordinates": [14.5, 55.0]}, "properties": {"value": 7.666, "time": "2025-12-16T15:00:00", "date": "2025-12-16", "hour": 15}}, {"type": "Feature", "geometry": {"type": "Point", "coordinates": [14.75, 55.0]}, "properties": {"value": 7.713, "time": "2025-12-16T15:00:00", "date": "2025-12-16", "hour": 15}}, {"type": "Feature", "geometry": {"type": "Point", "coordinates": [15.0, 55.0]}, "properties": {"value": 7.778, "time": "2025-12-16T15:00:00", "date": "2025-12-16", "hour": 15}}, {"type": "Feature", "geometry": {"type": "Point", "coordinates": [5.25, 52.75]}, "properties": {"value": 6.812, "time": "2025-12-16T16:00:00", "date": "2025-12-16", "hour": 16}}, {"type": "Feature", "geometry": {"type": "Point", "coordinates": [5.5, 52.75]}, "properties": {"value": 6.813, "time": "2025-12-16T16:00:00", "date": "2025-12-16", "hour": 16}}, {"type": "Feature", "geometry": {"type": "Point", "coordinates": [5.0, 53.0]}, "properties": {"value": 7.319, "time": "2025-12-16T16:00:00", "date": "2025-12-16", "hour": 16}}, {"type": "Feature", "geometry": {"type": "Point", "coordinates": [5.25, 53.0]}, "properties": {"value": 7.042, "time": "2025-12-16T16:00:00", "date": "2025-12-16", "hour": 16}}, {"type": "Feature", "geometry": {"type": "Point", "coordinates": [5.5, 53.0]}, "properties": {"value": 6.799, "time": "2025-12-16T16:00:00", "date": "2025-12-16", "hour": 16}}, {"type": "Feature", "geometry": {"type": "Point", "coordinates": [5.0, 53.25]}, "properties": {"value": 8.008, "time": "2025-12-16T16:00:00", "date": "2025-12-16", "hour": 16}}, {"type": "Feature", "geometry": {"type": "Point", "coordinates": [5.25, 53.25]}, "properties": {"value": 7.442, "time": "2025-12-16T16:00:00", "date": "2025-12-16", "hour": 16}}, {"type": "Feature", "geometry": {"type": "Point", "coordinates": [5.5, 53.25]}, "properties": {"value": 7.099, "time": "2025-12-16T16:00:00", "date": "2025-12-16", "hour": 16}}, {"type": "Feature", "geometry": {"type": "Point", "coordinates": [5.0, 53.5]}, "properties": {"value": 9.558, "time": "2025-12-16T16:00:00", "date": "2025-12-16", "hour": 16}}, {"type": "Feature", "geometry": {"type": "Point", "coordinates": [5.25, 53.5]}, "properties": {"value": 8.981, "time": "2025-12-16T16:00:00", "date": "2025-12-16", "hour": 16}}, {"type": "Feature", "geometry": {"type": "Point", "coordinates": [5.5, 53.5]}, "properties": {"value": 8.797, "time": "2025-12-16T16:00:00", "date": "2025-12-16", "hour": 16}}, {"type": "Feature", "geometry": {"type": "Point", "coordinates": [5.75, 53.5]}, "properties": {"value": 8.375, "time": "2025-12-16T16:00:00", "date": "2025-12-16", "hour": 16}}, {"type": "Feature", "geometry": {"type": "Point", "coordinates": [6.0, 53.5]}, "properties": {"value": 8.022, "time": "2025-12-16T16:00:00", "date": "2025-12-16", "hour": 16}}, {"type": "Feature", "geometry": {"type": "Point", "coordinates": [6.25, 53.5]}, "properties": {"value": 7.727, "time": "2025-12-16T16:00:00", "date": "2025-12-16", "hour": 16}}, {"type": "Feature", "geometry": {"type": "Point", "coordinates": [6.5, 53.5]}, "properties": {"value": 7.554, "time": "2025-12-16T16:00:00", "date": "2025-12-16", "hour": 16}}, {"type": "Feature", "geometry": {"type": "Point", "coordinates": [6.75, 53.5]}, "properties": {"value": 7.247, "time": "2025-12-16T16:00:00", "date": "2025-12-16", "hour": 16}}, {"type": "Feature", "geometry": {"type": "Point", "coordinates": [5.0, 53.75]}, "properties": {"value": 10.229, "time": "2025-12-16T16:00:00", "date": "2025-12-16", "hour": 16}}, {"type": "Feature", "geometry": {"type": "Point", "coordinates": [5.25, 53.75]}, "properties": {"value": 9.866, "time": "2025-12-16T16:00:00", "date": "2025-12-16", "hour": 16}}, {"type": "Feature", "geometry": {"type": "Point", "coordinates": [5.5, 53.75]}, "properties": {"value": 9.563, "time": "2025-12-16T16:00:00", "date": "2025-12-16", "hour": 16}}, {"type": "Feature", "geometry": {"type": "Point", "coordinates": [5.75, 53.75]}, "properties": {"value": 9.251, "time": "2025-12-16T16:00:00", "date": "2025-12-16", "hour": 16}}, {"type": "Feature", "geometry": {"type": "Point", "coordinates": [6.0, 53.75]}, "properties": {"value": 8.924, "time": "2025-12-16T16:00:00", "date": "2025-12-16", "hour": 16}}, {"type": "Feature", "geometry": {"type": "Point", "coordinates": [6.25, 53.75]}, "properties": {"value": 8.53, "time": "2025-12-16T16:00:00", "date": "2025-12-16", "hour": 16}}, {"type": "Feature", "geometry": {"type": "Point", "coordinates": [6.5, 53.75]}, "properties": {"value": 8.097, "time": "2025-12-16T16:00:00", "date": "2025-12-16", "hour": 16}}, {"type": "Feature", "geometry": {"type": "Point", "coordinates": [6.75, 53.75]}, "properties": {"value": 7.733, "time": "2025-12-16T16:00:00", "date": "2025-12-16", "hour": 16}}, {"type": "Feature", "geometry": {"type": "Point", "coordinates": [7.0, 53.75]}, "properties": {"value": 7.699, "time": "2025-12-16T16:00:00", "date": "2025-12-16", "hour": 16}}, {"type": "Feature", "geometry": {"type": "Point", "coordinates": [7.25, 53.75]}, "properties": {"value": 7.42, "time": "2025-12-16T16:00:00", "date": "2025-12-16", "hour": 16}}, {"type": "Feature", "geometry": {"type": "Point", "coordinates": [7.5, 53.75]}, "properties": {"value": 7.347, "time": "2025-12-16T16:00:00", "date": "2025-12-16", "hour": 16}}, {"type": "Feature", "geometry": {"type": "Point", "coordinates": [7.75, 53.75]}, "properties": {"value": 7.335, "time": "2025-12-16T16:00:00", "date": "2025-12-16", "hour": 16}}, {"type": "Feature", "geometry": {"type": "Point", "coordinates": [8.0, 53.75]}, "properties": {"value": 7.199, "time": "2025-12-16T16:00:00", "date": "2025-12-16", "hour": 16}}, {"type": "Feature", "geometry": {"type": "Point", "coordinates": [8.25, 53.75]}, "properties": {"value": 6.78, "time": "2025-12-16T16:00:00", "date": "2025-12-16", "hour": 16}}, {"type": "Feature", "geometry": {"type": "Point", "coordinates": [8.5, 53.75]}, "properties": {"value": 6.318, "time": "2025-12-16T16:00:00", "date": "2025-12-16", "hour": 16}}, {"type": "Feature", "geometry": {"type": "Point", "coordinates": [8.75, 53.75]}, "properties": {"value": 6.318, "time": "2025-12-16T16:00:00", "date": "2025-12-16", "hour": 16}}, {"type": "Feature", "geometry": {"type": "Point", "coordinates": [14.25, 53.75]}, "properties": {"value": 4.019, "time": "2025-12-16T16:00:00", "date": "2025-12-16", "hour": 16}}, {"type": "Feature", "geometry": {"type": "Point", "coordinates": [14.5, 53.75]}, "properties": {"value": 4.019, "time": "2025-12-16T16:00:00", "date": "2025-12-16", "hour": 16}}, {"type": "Feature", "geometry": {"type": "Point", "coordinates": [5.0, 54.0]}, "properties": {"value": 10.358, "time": "2025-12-16T16:00:00", "date": "2025-12-16", "hour": 16}}, {"type": "Feature", "geometry": {"type": "Point", "coordinates": [5.25, 54.0]}, "properties": {"value": 10.289, "time": "2025-12-16T16:00:00", "date": "2025-12-16", "hour": 16}}, {"type": "Feature", "geometry": {"type": "Point", "coordinates": [5.5, 54.0]}, "properties": {"value": 9.988, "time": "2025-12-16T16:00:00", "date": "2025-12-16", "hour": 16}}, {"type": "Feature", "geometry": {"type": "Point", "coordinates": [5.75, 54.0]}, "properties": {"value": 9.715, "time": "2025-12-16T16:00:00", "date": "2025-12-16", "hour": 16}}, {"type": "Feature", "geometry": {"type": "Point", "coordinates": [6.0, 54.0]}, "properties": {"value": 9.437, "time": "2025-12-16T16:00:00", "date": "2025-12-16", "hour": 16}}, {"type": "Feature", "geometry": {"type": "Point", "coordinates": [6.25, 54.0]}, "properties": {"value": 9.104, "time": "2025-12-16T16:00:00", "date": "2025-12-16", "hour": 16}}, {"type": "Feature", "geometry": {"type": "Point", "coordinates": [6.5, 54.0]}, "properties": {"value": 8.729, "time": "2025-12-16T16:00:00", "date": "2025-12-16", "hour": 16}}, {"type": "Feature", "geometry": {"type": "Point", "coordinates": [6.75, 54.0]}, "properties": {"value": 8.619, "time": "2025-12-16T16:00:00", "date": "2025-12-16", "hour": 16}}, {"type": "Feature", "geometry": {"type": "Point", "coordinates": [7.0, 54.0]}, "properties": {"value": 8.61, "time": "2025-12-16T16:00:00", "date": "2025-12-16", "hour": 16}}, {"type": "Feature", "geometry": {"type": "Point", "coordinates": [7.25, 54.0]}, "properties": {"value": 8.44, "time": "2025-12-16T16:00:00", "date": "2025-12-16", "hour": 16}}, {"type": "Feature", "geometry": {"type": "Point", "coordinates": [7.5, 54.0]}, "properties": {"value": 8.324, "time": "2025-12-16T16:00:00", "date": "2025-12-16", "hour": 16}}, {"type": "Feature", "geometry": {"type": "Point", "coordinates": [7.75, 54.0]}, "properties": {"value": 8.191, "time": "2025-12-16T16:00:00", "date": "2025-12-16", "hour": 16}}, {"type": "Feature", "geometry": {"type": "Point", "coordinates": [8.0, 54.0]}, "properties": {"value": 8.098, "time": "2025-12-16T16:00:00", "date": "2025-12-16", "hour": 16}}, {"type": "Feature", "geometry": {"type": "Point", "coordinates": [8.25, 54.0]}, "properties": {"value": 7.782, "time": "2025-12-16T16:00:00", "date": "2025-12-16", "hour": 16}}, {"type": "Feature", "geometry": {"type": "Point", "coordinates": [8.5, 54.0]}, "properties": {"value": 6.801, "time": "2025-12-16T16:00:00", "date": "2025-12-16", "hour": 16}}, {"type": "Feature", "geometry": {"type": "Point", "coordinates": [11.25, 54.0]}, "properties": {"value": 6.357, "time": "2025-12-16T16:00:00", "date": "2025-12-16", "hour": 16}}, {"type": "Feature", "geometry": {"type": "Point", "coordinates": [14.0, 54.0]}, "properties": {"value": 5.063, "time": "2025-12-16T16:00:00", "date": "2025-12-16", "hour": 16}}, {"type": "Feature", "geometry": {"type": "Point", "coordinates": [14.25, 54.0]}, "properties": {"value": 5.53, "time": "2025-12-16T16:00:00", "date": "2025-12-16", "hour": 16}}, {"type": "Feature", "geometry": {"type": "Point", "coordinates": [14.5, 54.0]}, "properties": {"value": 5.315, "time": "2025-12-16T16:00:00", "date": "2025-12-16", "hour": 16}}, {"type": "Feature", "geometry": {"type": "Point", "coordinates": [14.75, 54.0]}, "properties": {"value": 5.745, "time": "2025-12-16T16:00:00", "date": "2025-12-16", "hour": 16}}, {"type": "Feature", "geometry": {"type": "Point", "coordinates": [5.0, 54.25]}, "properties": {"value": 10.358, "time": "2025-12-16T16:00:00", "date": "2025-12-16", "hour": 16}}, {"type": "Feature", "geometry": {"type": "Point", "coordinates": [5.25, 54.25]}, "properties": {"value": 10.323, "time": "2025-12-16T16:00:00", "date": "2025-12-16", "hour": 16}}, {"type": "Feature", "geometry": {"type": "Point", "coordinates": [5.5, 54.25]}, "properties": {"value": 10.215, "time": "2025-12-16T16:00:00", "date": "2025-12-16", "hour": 16}}, {"type": "Feature", "geometry": {"type": "Point", "coordinates": [5.75, 54.25]}, "properties": {"value": 9.978, "time": "2025-12-16T16:00:00", "date": "2025-12-16", "hour": 16}}, {"type": "Feature", "geometry": {"type": "Point", "coordinates": [6.0, 54.25]}, "properties": {"value": 9.837, "time": "2025-12-16T16:00:00", "date": "2025-12-16", "hour": 16}}, {"type": "Feature", "geometry": {"type": "Point", "coordinates": [6.25, 54.25]}, "properties": {"value": 9.578, "time": "2025-12-16T16:00:00", "date": "2025-12-16", "hour": 16}}, {"type": "Feature", "geometry": {"type": "Point", "coordinates": [6.5, 54.25]}, "properties": {"value": 9.419, "time": "2025-12-16T16:00:00", "date": "2025-12-16", "hour": 16}}, {"type": "Feature", "geometry": {"type": "Point", "coordinates": [6.75, 54.25]}, "properties": {"value": 9.317, "time": "2025-12-16T16:00:00", "date": "2025-12-16", "hour": 16}}, {"type": "Feature", "geometry": {"type": "Point", "coordinates": [7.0, 54.25]}, "properties": {"value": 9.259, "time": "2025-12-16T16:00:00", "date": "2025-12-16", "hour": 16}}, {"type": "Feature", "geometry": {"type": "Point", "coordinates": [7.25, 54.25]}, "properties": {"value": 9.112, "time": "2025-12-16T16:00:00", "date": "2025-12-16", "hour": 16}}, {"type": "Feature", "geometry": {"type": "Point", "coordinates": [7.5, 54.25]}, "properties": {"value": 8.909, "time": "2025-12-16T16:00:00", "date": "2025-12-16", "hour": 16}}, {"type": "Feature", "geometry": {"type": "Point", "coordinates": [7.75, 54.25]}, "properties": {"value": 8.648, "time": "2025-12-16T16:00:00", "date": "2025-12-16", "hour": 16}}, {"type": "Feature", "geometry": {"type": "Point", "coordinates": [8.0, 54.25]}, "properties": {"value": 8.501, "time": "2025-12-16T16:00:00", "date": "2025-12-16", "hour": 16}}, {"type": "Feature", "geometry": {"type": "Point", "coordinates": [8.25, 54.25]}, "properties": {"value": 7.519, "time": "2025-12-16T16:00:00", "date": "2025-12-16", "hour": 16}}, {"type": "Feature", "geometry": {"type": "Point", "coordinates": [8.5, 54.25]}, "properties": {"value": 6.558, "time": "2025-12-16T16:00:00", "date": "2025-12-16", "hour": 16}}, {"type": "Feature", "geometry": {"type": "Point", "coordinates": [10.75, 54.25]}, "properties": {"value": 6.417, "time": "2025-12-16T16:00:00", "date": "2025-12-16", "hour": 16}}, {"type": "Feature", "geometry": {"type": "Point", "coordinates": [11.25, 54.25]}, "properties": {"value": 6.624, "time": "2025-12-16T16:00:00", "date": "2025-12-16", "hour": 16}}, {"type": "Feature", "geometry": {"type": "Point", "coordinates": [11.75, 54.25]}, "properties": {"value": 6.805, "time": "2025-12-16T16:00:00", "date": "2025-12-16", "hour": 16}}, {"type": "Feature", "geometry": {"type": "Point", "coordinates": [12.25, 54.25]}, "properties": {"value": 6.282, "time": "2025-12-16T16:00:00", "date": "2025-12-16", "hour": 16}}, {"type": "Feature", "geometry": {"type": "Point", "coordinates": [13.75, 54.25]}, "properties": {"value": 5.208, "time": "2025-12-16T16:00:00", "date": "2025-12-16", "hour": 16}}, {"type": "Feature", "geometry": {"type": "Point", "coordinates": [14.0, 54.25]}, "properties": {"value": 5.585, "time": "2025-12-16T16:00:00", "date": "2025-12-16", "hour": 16}}, {"type": "Feature", "geometry": {"type": "Point", "coordinates": [14.25, 54.25]}, "properties": {"value": 5.873, "time": "2025-12-16T16:00:00", "date": "2025-12-16", "hour": 16}}, {"type": "Feature", "geometry": {"type": "Point", "coordinates": [14.5, 54.25]}, "properties": {"value": 5.816, "time": "2025-12-16T16:00:00", "date": "2025-12-16", "hour": 16}}, {"type": "Feature", "geometry": {"type": "Point", "coordinates": [14.75, 54.25]}, "properties": {"value": 6.102, "time": "2025-12-16T16:00:00", "date": "2025-12-16", "hour": 16}}, {"type": "Feature", "geometry": {"type": "Point", "coordinates": [15.0, 54.25]}, "properties": {"value": 6.699, "time": "2025-12-16T16:00:00", "date": "2025-12-16", "hour": 16}}, {"type": "Feature", "geometry": {"type": "Point", "coordinates": [5.0, 54.5]}, "properties": {"value": 10.326, "time": "2025-12-16T16:00:00", "date": "2025-12-16", "hour": 16}}, {"type": "Feature", "geometry": {"type": "Point", "coordinates": [5.25, 54.5]}, "properties": {"value": 10.398, "time": "2025-12-16T16:00:00", "date": "2025-12-16", "hour": 16}}, {"type": "Feature", "geometry": {"type": "Point", "coordinates": [5.5, 54.5]}, "properties": {"value": 10.352, "time": "2025-12-16T16:00:00", "date": "2025-12-16", "hour": 16}}, {"type": "Feature", "geometry": {"type": "Point", "coordinates": [5.75, 54.5]}, "properties": {"value": 10.232, "time": "2025-12-16T16:00:00", "date": "2025-12-16", "hour": 16}}, {"type": "Feature", "geometry": {"type": "Point", "coordinates": [6.0, 54.5]}, "properties": {"value": 10.123, "time": "2025-12-16T16:00:00", "date": "2025-12-16", "hour": 16}}, {"type": "Feature", "geometry": {"type": "Point", "coordinates": [6.25, 54.5]}, "properties": {"value": 10.017, "time": "2025-12-16T16:00:00", "date": "2025-12-16", "hour": 16}}, {"type": "Feature", "geometry": {"type": "Point", "coordinates": [6.5, 54.5]}, "properties": {"value": 9.854, "time": "2025-12-16T16:00:00", "date": "2025-12-16", "hour": 16}}, {"type": "Feature", "geometry": {"type": "Point", "coordinates": [6.75, 54.5]}, "properties": {"value": 9.744, "time": "2025-12-16T16:00:00", "date": "2025-12-16", "hour": 16}}, {"type": "Feature", "geometry": {"type": "Point", "coordinates": [7.0, 54.5]}, "properties": {"value": 9.655, "time": "2025-12-16T16:00:00", "date": "2025-12-16", "hour": 16}}, {"type": "Feature", "geometry": {"type": "Point", "coordinates": [7.25, 54.5]}, "properties": {"value": 9.301, "time": "2025-12-16T16:00:00", "date": "2025-12-16", "hour": 16}}, {"type": "Feature", "geometry": {"type": "Point", "coordinates": [7.5, 54.5]}, "properties": {"value": 9.048, "time": "2025-12-16T16:00:00", "date": "2025-12-16", "hour": 16}}, {"type": "Feature", "geometry": {"type": "Point", "coordinates": [7.75, 54.5]}, "properties": {"value": 8.751, "time": "2025-12-16T16:00:00", "date": "2025-12-16", "hour": 16}}, {"type": "Feature", "geometry": {"type": "Point", "coordinates": [8.0, 54.5]}, "properties": {"value": 7.841, "time": "2025-12-16T16:00:00", "date": "2025-12-16", "hour": 16}}, {"type": "Feature", "geometry": {"type": "Point", "coordinates": [8.25, 54.5]}, "properties": {"value": 6.972, "time": "2025-12-16T16:00:00", "date": "2025-12-16", "hour": 16}}, {"type": "Feature", "geometry": {"type": "Point", "coordinates": [8.5, 54.5]}, "properties": {"value": 6.117, "time": "2025-12-16T16:00:00", "date": "2025-12-16", "hour": 16}}, {"type": "Feature", "geometry": {"type": "Point", "coordinates": [10.5, 54.5]}, "properties": {"value": 6.819, "time": "2025-12-16T16:00:00", "date": "2025-12-16", "hour": 16}}, {"type": "Feature", "geometry": {"type": "Point", "coordinates": [10.75, 54.5]}, "properties": {"value": 6.623, "time": "2025-12-16T16:00:00", "date": "2025-12-16", "hour": 16}}, {"type": "Feature", "geometry": {"type": "Point", "coordinates": [11.0, 54.5]}, "properties": {"value": 6.469, "time": "2025-12-16T16:00:00", "date": "2025-12-16", "hour": 16}}, {"type": "Feature", "geometry": {"type": "Point", "coordinates": [11.25, 54.5]}, "properties": {"value": 6.7, "time": "2025-12-16T16:00:00", "date": "2025-12-16", "hour": 16}}, {"type": "Feature", "geometry": {"type": "Point", "coordinates": [11.5, 54.5]}, "properties": {"value": 6.676, "time": "2025-12-16T16:00:00", "date": "2025-12-16", "hour": 16}}, {"type": "Feature", "geometry": {"type": "Point", "coordinates": [11.75, 54.5]}, "properties": {"value": 6.785, "time": "2025-12-16T16:00:00", "date": "2025-12-16", "hour": 16}}, {"type": "Feature", "geometry": {"type": "Point", "coordinates": [12.0, 54.5]}, "properties": {"value": 6.632, "time": "2025-12-16T16:00:00", "date": "2025-12-16", "hour": 16}}, {"type": "Feature", "geometry": {"type": "Point", "coordinates": [12.25, 54.5]}, "properties": {"value": 6.445, "time": "2025-12-16T16:00:00", "date": "2025-12-16", "hour": 16}}, {"type": "Feature", "geometry": {"type": "Point", "coordinates": [13.0, 54.5]}, "properties": {"value": 6.844, "time": "2025-12-16T16:00:00", "date": "2025-12-16", "hour": 16}}, {"type": "Feature", "geometry": {"type": "Point", "coordinates": [13.25, 54.5]}, "properties": {"value": 6.297, "time": "2025-12-16T16:00:00", "date": "2025-12-16", "hour": 16}}, {"type": "Feature", "geometry": {"type": "Point", "coordinates": [13.5, 54.5]}, "properties": {"value": 6.049, "time": "2025-12-16T16:00:00", "date": "2025-12-16", "hour": 16}}, {"type": "Feature", "geometry": {"type": "Point", "coordinates": [13.75, 54.5]}, "properties": {"value": 6.15, "time": "2025-12-16T16:00:00", "date": "2025-12-16", "hour": 16}}, {"type": "Feature", "geometry": {"type": "Point", "coordinates": [14.0, 54.5]}, "properties": {"value": 6.496, "time": "2025-12-16T16:00:00", "date": "2025-12-16", "hour": 16}}, {"type": "Feature", "geometry": {"type": "Point", "coordinates": [14.25, 54.5]}, "properties": {"value": 6.531, "time": "2025-12-16T16:00:00", "date": "2025-12-16", "hour": 16}}, {"type": "Feature", "geometry": {"type": "Point", "coordinates": [14.5, 54.5]}, "properties": {"value": 6.777, "time": "2025-12-16T16:00:00", "date": "2025-12-16", "hour": 16}}, {"type": "Feature", "geometry": {"type": "Point", "coordinates": [14.75, 54.5]}, "properties": {"value": 6.974, "time": "2025-12-16T16:00:00", "date": "2025-12-16", "hour": 16}}, {"type": "Feature", "geometry": {"type": "Point", "coordinates": [15.0, 54.5]}, "properties": {"value": 7.613, "time": "2025-12-16T16:00:00", "date": "2025-12-16", "hour": 16}}, {"type": "Feature", "geometry": {"type": "Point", "coordinates": [5.0, 54.75]}, "properties": {"value": 10.267, "time": "2025-12-16T16:00:00", "date": "2025-12-16", "hour": 16}}, {"type": "Feature", "geometry": {"type": "Point", "coordinates": [5.25, 54.75]}, "properties": {"value": 10.34, "time": "2025-12-16T16:00:00", "date": "2025-12-16", "hour": 16}}, {"type": "Feature", "geometry": {"type": "Point", "coordinates": [5.5, 54.75]}, "properties": {"value": 10.381, "time": "2025-12-16T16:00:00", "date": "2025-12-16", "hour": 16}}, {"type": "Feature", "geometry": {"type": "Point", "coordinates": [5.75, 54.75]}, "properties": {"value": 10.38, "time": "2025-12-16T16:00:00", "date": "2025-12-16", "hour": 16}}, {"type": "Feature", "geometry": {"type": "Point", "coordinates": [6.0, 54.75]}, "properties": {"value": 10.299, "time": "2025-12-16T16:00:00", "date": "2025-12-16", "hour": 16}}, {"type": "Feature", "geometry": {"type": "Point", "coordinates": [6.25, 54.75]}, "properties": {"value": 10.196, "time": "2025-12-16T16:00:00", "date": "2025-12-16", "hour": 16}}, {"type": "Feature", "geometry": {"type": "Point", "coordinates": [6.5, 54.75]}, "properties": {"value": 10.082, "time": "2025-12-16T16:00:00", "date": "2025-12-16", "hour": 16}}, {"type": "Feature", "geometry": {"type": "Point", "coordinates": [6.75, 54.75]}, "properties": {"value": 9.954, "time": "2025-12-16T16:00:00", "date": "2025-12-16", "hour": 16}}, {"type": "Feature", "geometry": {"type": "Point", "coordinates": [7.0, 54.75]}, "properties": {"value": 9.864, "time": "2025-12-16T16:00:00", "date": "2025-12-16", "hour": 16}}, {"type": "Feature", "geometry": {"type": "Point", "coordinates": [7.25, 54.75]}, "properties": {"value": 9.502, "time": "2025-12-16T16:00:00", "date": "2025-12-16", "hour": 16}}, {"type": "Feature", "geometry": {"type": "Point", "coordinates": [7.5, 54.75]}, "properties": {"value": 9.154, "time": "2025-12-16T16:00:00", "date": "2025-12-16", "hour": 16}}, {"type": "Feature", "geometry": {"type": "Point", "coordinates": [7.75, 54.75]}, "properties": {"value": 8.209, "time": "2025-12-16T16:00:00", "date": "2025-12-16", "hour": 16}}, {"type": "Feature", "geometry": {"type": "Point", "coordinates": [8.0, 54.75]}, "properties": {"value": 7.254, "time": "2025-12-16T16:00:00", "date": "2025-12-16", "hour": 16}}, {"type": "Feature", "geometry": {"type": "Point", "coordinates": [8.25, 54.75]}, "properties": {"value": 6.497, "time": "2025-12-16T16:00:00", "date": "2025-12-16", "hour": 16}}, {"type": "Feature", "geometry": {"type": "Point", "coordinates": [8.5, 54.75]}, "properties": {"value": 5.865, "time": "2025-12-16T16:00:00", "date": "2025-12-16", "hour": 16}}, {"type": "Feature", "geometry": {"type": "Point", "coordinates": [10.25, 54.75]}, "properties": {"value": 7.163, "time": "2025-12-16T16:00:00", "date": "2025-12-16", "hour": 16}}, {"type": "Feature", "geometry": {"type": "Point", "coordinates": [10.5, 54.75]}, "properties": {"value": 7.016, "time": "2025-12-16T16:00:00", "date": "2025-12-16", "hour": 16}}, {"type": "Feature", "geometry": {"type": "Point", "coordinates": [10.75, 54.75]}, "properties": {"value": 6.83, "time": "2025-12-16T16:00:00", "date": "2025-12-16", "hour": 16}}, {"type": "Feature", "geometry": {"type": "Point", "coordinates": [11.0, 54.75]}, "properties": {"value": 6.646, "time": "2025-12-16T16:00:00", "date": "2025-12-16", "hour": 16}}, {"type": "Feature", "geometry": {"type": "Point", "coordinates": [11.25, 54.75]}, "properties": {"value": 6.313, "time": "2025-12-16T16:00:00", "date": "2025-12-16", "hour": 16}}, {"type": "Feature", "geometry": {"type": "Point", "coordinates": [11.5, 54.75]}, "properties": {"value": 6.009, "time": "2025-12-16T16:00:00", "date": "2025-12-16", "hour": 16}}, {"type": "Feature", "geometry": {"type": "Point", "coordinates": [12.0, 54.75]}, "properties": {"value": 6.154, "time": "2025-12-16T16:00:00", "date": "2025-12-16", "hour": 16}}, {"type": "Feature", "geometry": {"type": "Point", "coordinates": [12.25, 54.75]}, "properties": {"value": 6.574, "time": "2025-12-16T16:00:00", "date": "2025-12-16", "hour": 16}}, {"type": "Feature", "geometry": {"type": "Point", "coordinates": [12.5, 54.75]}, "properties": {"value": 6.943, "time": "2025-12-16T16:00:00", "date": "2025-12-16", "hour": 16}}, {"type": "Feature", "geometry": {"type": "Point", "coordinates": [12.75, 54.75]}, "properties": {"value": 7.042, "time": "2025-12-16T16:00:00", "date": "2025-12-16", "hour": 16}}, {"type": "Feature", "geometry": {"type": "Point", "coordinates": [13.0, 54.75]}, "properties": {"value": 6.97, "time": "2025-12-16T16:00:00", "date": "2025-12-16", "hour": 16}}, {"type": "Feature", "geometry": {"type": "Point", "coordinates": [13.25, 54.75]}, "properties": {"value": 6.999, "time": "2025-12-16T16:00:00", "date": "2025-12-16", "hour": 16}}, {"type": "Feature", "geometry": {"type": "Point", "coordinates": [13.5, 54.75]}, "properties": {"value": 7.044, "time": "2025-12-16T16:00:00", "date": "2025-12-16", "hour": 16}}, {"type": "Feature", "geometry": {"type": "Point", "coordinates": [13.75, 54.75]}, "properties": {"value": 7.144, "time": "2025-12-16T16:00:00", "date": "2025-12-16", "hour": 16}}, {"type": "Feature", "geometry": {"type": "Point", "coordinates": [14.0, 54.75]}, "properties": {"value": 7.238, "time": "2025-12-16T16:00:00", "date": "2025-12-16", "hour": 16}}, {"type": "Feature", "geometry": {"type": "Point", "coordinates": [14.25, 54.75]}, "properties": {"value": 7.402, "time": "2025-12-16T16:00:00", "date": "2025-12-16", "hour": 16}}, {"type": "Feature", "geometry": {"type": "Point", "coordinates": [14.5, 54.75]}, "properties": {"value": 7.803, "time": "2025-12-16T16:00:00", "date": "2025-12-16", "hour": 16}}, {"type": "Feature", "geometry": {"type": "Point", "coordinates": [14.75, 54.75]}, "properties": {"value": 7.963, "time": "2025-12-16T16:00:00", "date": "2025-12-16", "hour": 16}}, {"type": "Feature", "geometry": {"type": "Point", "coordinates": [15.0, 54.75]}, "properties": {"value": 8.052, "time": "2025-12-16T16:00:00", "date": "2025-12-16", "hour": 16}}, {"type": "Feature", "geometry": {"type": "Point", "coordinates": [5.0, 55.0]}, "properties": {"value": 10.113, "time": "2025-12-16T16:00:00", "date": "2025-12-16", "hour": 16}}, {"type": "Feature", "geometry": {"type": "Point", "coordinates": [5.25, 55.0]}, "properties": {"value": 10.274, "time": "2025-12-16T16:00:00", "date": "2025-12-16", "hour": 16}}, {"type": "Feature", "geometry": {"type": "Point", "coordinates": [5.5, 55.0]}, "properties": {"value": 10.323, "time": "2025-12-16T16:00:00", "date": "2025-12-16", "hour": 16}}, {"type": "Feature", "geometry": {"type": "Point", "coordinates": [5.75, 55.0]}, "properties": {"value": 10.323, "time": "2025-12-16T16:00:00", "date": "2025-12-16", "hour": 16}}, {"type": "Feature", "geometry": {"type": "Point", "coordinates": [6.0, 55.0]}, "properties": {"value": 10.274, "time": "2025-12-16T16:00:00", "date": "2025-12-16", "hour": 16}}, {"type": "Feature", "geometry": {"type": "Point", "coordinates": [6.25, 55.0]}, "properties": {"value": 10.224, "time": "2025-12-16T16:00:00", "date": "2025-12-16", "hour": 16}}, {"type": "Feature", "geometry": {"type": "Point", "coordinates": [6.5, 55.0]}, "properties": {"value": 10.116, "time": "2025-12-16T16:00:00", "date": "2025-12-16", "hour": 16}}, {"type": "Feature", "geometry": {"type": "Point", "coordinates": [6.75, 55.0]}, "properties": {"value": 9.98, "time": "2025-12-16T16:00:00", "date": "2025-12-16", "hour": 16}}, {"type": "Feature", "geometry": {"type": "Point", "coordinates": [7.0, 55.0]}, "properties": {"value": 9.81, "time": "2025-12-16T16:00:00", "date": "2025-12-16", "hour": 16}}, {"type": "Feature", "geometry": {"type": "Point", "coordinates": [7.25, 55.0]}, "properties": {"value": 9.486, "time": "2025-12-16T16:00:00", "date": "2025-12-16", "hour": 16}}, {"type": "Feature", "geometry": {"type": "Point", "coordinates": [7.5, 55.0]}, "properties": {"value": 9.176, "time": "2025-12-16T16:00:00", "date": "2025-12-16", "hour": 16}}, {"type": "Feature", "geometry": {"type": "Point", "coordinates": [7.75, 55.0]}, "properties": {"value": 8.262, "time": "2025-12-16T16:00:00", "date": "2025-12-16", "hour": 16}}, {"type": "Feature", "geometry": {"type": "Point", "coordinates": [8.0, 55.0]}, "properties": {"value": 7.421, "time": "2025-12-16T16:00:00", "date": "2025-12-16", "hour": 16}}, {"type": "Feature", "geometry": {"type": "Point", "coordinates": [8.25, 55.0]}, "properties": {"value": 6.589, "time": "2025-12-16T16:00:00", "date": "2025-12-16", "hour": 16}}, {"type": "Feature", "geometry": {"type": "Point", "coordinates": [8.5, 55.0]}, "properties": {"value": 5.959, "time": "2025-12-16T16:00:00", "date": "2025-12-16", "hour": 16}}, {"type": "Feature", "geometry": {"type": "Point", "coordinates": [10.25, 55.0]}, "properties": {"value": 7.051, "time": "2025-12-16T16:00:00", "date": "2025-12-16", "hour": 16}}, {"type": "Feature", "geometry": {"type": "Point", "coordinates": [10.5, 55.0]}, "properties": {"value": 6.888, "time": "2025-12-16T16:00:00", "date": "2025-12-16", "hour": 16}}, {"type": "Feature", "geometry": {"type": "Point", "coordinates": [10.75, 55.0]}, "properties": {"value": 6.727, "time": "2025-12-16T16:00:00", "date": "2025-12-16", "hour": 16}}, {"type": "Feature", "geometry": {"type": "Point", "coordinates": [11.0, 55.0]}, "properties": {"value": 6.484, "time": "2025-12-16T16:00:00", "date": "2025-12-16", "hour": 16}}, {"type": "Feature", "geometry": {"type": "Point", "coordinates": [11.25, 55.0]}, "properties": {"value": 6.052, "time": "2025-12-16T16:00:00", "date": "2025-12-16", "hour": 16}}, {"type": "Feature", "geometry": {"type": "Point", "coordinates": [11.5, 55.0]}, "properties": {"value": 5.719, "time": "2025-12-16T16:00:00", "date": "2025-12-16", "hour": 16}}, {"type": "Feature", "geometry": {"type": "Point", "coordinates": [11.75, 55.0]}, "properties": {"value": 5.292, "time": "2025-12-16T16:00:00", "date": "2025-12-16", "hour": 16}}, {"type": "Feature", "geometry": {"type": "Point", "coordinates": [12.0, 55.0]}, "properties": {"value": 5.625, "time": "2025-12-16T16:00:00", "date": "2025-12-16", "hour": 16}}, {"type": "Feature", "geometry": {"type": "Point", "coordinates": [12.25, 55.0]}, "properties": {"value": 6.174, "time": "2025-12-16T16:00:00", "date": "2025-12-16", "hour": 16}}, {"type": "Feature", "geometry": {"type": "Point", "coordinates": [12.5, 55.0]}, "properties": {"value": 7.017, "time": "2025-12-16T16:00:00", "date": "2025-12-16", "hour": 16}}, {"type": "Feature", "geometry": {"type": "Point", "coordinates": [12.75, 55.0]}, "properties": {"value": 7.281, "time": "2025-12-16T16:00:00", "date": "2025-12-16", "hour": 16}}, {"type": "Feature", "geometry": {"type": "Point", "coordinates": [13.0, 55.0]}, "properties": {"value": 7.358, "time": "2025-12-16T16:00:00", "date": "2025-12-16", "hour": 16}}, {"type": "Feature", "geometry": {"type": "Point", "coordinates": [13.25, 55.0]}, "properties": {"value": 7.385, "time": "2025-12-16T16:00:00", "date": "2025-12-16", "hour": 16}}, {"type": "Feature", "geometry": {"type": "Point", "coordinates": [13.5, 55.0]}, "properties": {"value": 7.365, "time": "2025-12-16T16:00:00", "date": "2025-12-16", "hour": 16}}, {"type": "Feature", "geometry": {"type": "Point", "coordinates": [13.75, 55.0]}, "properties": {"value": 7.413, "time": "2025-12-16T16:00:00", "date": "2025-12-16", "hour": 16}}, {"type": "Feature", "geometry": {"type": "Point", "coordinates": [14.0, 55.0]}, "properties": {"value": 7.438, "time": "2025-12-16T16:00:00", "date": "2025-12-16", "hour": 16}}, {"type": "Feature", "geometry": {"type": "Point", "coordinates": [14.25, 55.0]}, "properties": {"value": 7.563, "time": "2025-12-16T16:00:00", "date": "2025-12-16", "hour": 16}}, {"type": "Feature", "geometry": {"type": "Point", "coordinates": [14.5, 55.0]}, "properties": {"value": 7.666, "time": "2025-12-16T16:00:00", "date": "2025-12-16", "hour": 16}}, {"type": "Feature", "geometry": {"type": "Point", "coordinates": [14.75, 55.0]}, "properties": {"value": 7.713, "time": "2025-12-16T16:00:00", "date": "2025-12-16", "hour": 16}}, {"type": "Feature", "geometry": {"type": "Point", "coordinates": [15.0, 55.0]}, "properties": {"value": 7.778, "time": "2025-12-16T16:00:00", "date": "2025-12-16", "hour": 16}}, {"type": "Feature", "geometry": {"type": "Point", "coordinates": [5.25, 52.75]}, "properties": {"value": 6.812, "time": "2025-12-16T17:00:00", "date": "2025-12-16", "hour": 17}}, {"type": "Feature", "geometry": {"type": "Point", "coordinates": [5.5, 52.75]}, "properties": {"value": 6.813, "time": "2025-12-16T17:00:00", "date": "2025-12-16", "hour": 17}}, {"type": "Feature", "geometry": {"type": "Point", "coordinates": [5.0, 53.0]}, "properties": {"value": 7.319, "time": "2025-12-16T17:00:00", "date": "2025-12-16", "hour": 17}}, {"type": "Feature", "geometry": {"type": "Point", "coordinates": [5.25, 53.0]}, "properties": {"value": 7.042, "time": "2025-12-16T17:00:00", "date": "2025-12-16", "hour": 17}}, {"type": "Feature", "geometry": {"type": "Point", "coordinates": [5.5, 53.0]}, "properties": {"value": 6.799, "time": "2025-12-16T17:00:00", "date": "2025-12-16", "hour": 17}}, {"type": "Feature", "geometry": {"type": "Point", "coordinates": [5.0, 53.25]}, "properties": {"value": 8.008, "time": "2025-12-16T17:00:00", "date": "2025-12-16", "hour": 17}}, {"type": "Feature", "geometry": {"type": "Point", "coordinates": [5.25, 53.25]}, "properties": {"value": 7.442, "time": "2025-12-16T17:00:00", "date": "2025-12-16", "hour": 17}}, {"type": "Feature", "geometry": {"type": "Point", "coordinates": [5.5, 53.25]}, "properties": {"value": 7.099, "time": "2025-12-16T17:00:00", "date": "2025-12-16", "hour": 17}}, {"type": "Feature", "geometry": {"type": "Point", "coordinates": [5.0, 53.5]}, "properties": {"value": 9.558, "time": "2025-12-16T17:00:00", "date": "2025-12-16", "hour": 17}}, {"type": "Feature", "geometry": {"type": "Point", "coordinates": [5.25, 53.5]}, "properties": {"value": 8.981, "time": "2025-12-16T17:00:00", "date": "2025-12-16", "hour": 17}}, {"type": "Feature", "geometry": {"type": "Point", "coordinates": [5.5, 53.5]}, "properties": {"value": 8.797, "time": "2025-12-16T17:00:00", "date": "2025-12-16", "hour": 17}}, {"type": "Feature", "geometry": {"type": "Point", "coordinates": [5.75, 53.5]}, "properties": {"value": 8.375, "time": "2025-12-16T17:00:00", "date": "2025-12-16", "hour": 17}}, {"type": "Feature", "geometry": {"type": "Point", "coordinates": [6.0, 53.5]}, "properties": {"value": 8.022, "time": "2025-12-16T17:00:00", "date": "2025-12-16", "hour": 17}}, {"type": "Feature", "geometry": {"type": "Point", "coordinates": [6.25, 53.5]}, "properties": {"value": 7.727, "time": "2025-12-16T17:00:00", "date": "2025-12-16", "hour": 17}}, {"type": "Feature", "geometry": {"type": "Point", "coordinates": [6.5, 53.5]}, "properties": {"value": 7.554, "time": "2025-12-16T17:00:00", "date": "2025-12-16", "hour": 17}}, {"type": "Feature", "geometry": {"type": "Point", "coordinates": [6.75, 53.5]}, "properties": {"value": 7.247, "time": "2025-12-16T17:00:00", "date": "2025-12-16", "hour": 17}}, {"type": "Feature", "geometry": {"type": "Point", "coordinates": [5.0, 53.75]}, "properties": {"value": 10.229, "time": "2025-12-16T17:00:00", "date": "2025-12-16", "hour": 17}}, {"type": "Feature", "geometry": {"type": "Point", "coordinates": [5.25, 53.75]}, "properties": {"value": 9.866, "time": "2025-12-16T17:00:00", "date": "2025-12-16", "hour": 17}}, {"type": "Feature", "geometry": {"type": "Point", "coordinates": [5.5, 53.75]}, "properties": {"value": 9.563, "time": "2025-12-16T17:00:00", "date": "2025-12-16", "hour": 17}}, {"type": "Feature", "geometry": {"type": "Point", "coordinates": [5.75, 53.75]}, "properties": {"value": 9.251, "time": "2025-12-16T17:00:00", "date": "2025-12-16", "hour": 17}}, {"type": "Feature", "geometry": {"type": "Point", "coordinates": [6.0, 53.75]}, "properties": {"value": 8.924, "time": "2025-12-16T17:00:00", "date": "2025-12-16", "hour": 17}}, {"type": "Feature", "geometry": {"type": "Point", "coordinates": [6.25, 53.75]}, "properties": {"value": 8.53, "time": "2025-12-16T17:00:00", "date": "2025-12-16", "hour": 17}}, {"type": "Feature", "geometry": {"type": "Point", "coordinates": [6.5, 53.75]}, "properties": {"value": 8.097, "time": "2025-12-16T17:00:00", "date": "2025-12-16", "hour": 17}}, {"type": "Feature", "geometry": {"type": "Point", "coordinates": [6.75, 53.75]}, "properties": {"value": 7.733, "time": "2025-12-16T17:00:00", "date": "2025-12-16", "hour": 17}}, {"type": "Feature", "geometry": {"type": "Point", "coordinates": [7.0, 53.75]}, "properties": {"value": 7.699, "time": "2025-12-16T17:00:00", "date": "2025-12-16", "hour": 17}}, {"type": "Feature", "geometry": {"type": "Point", "coordinates": [7.25, 53.75]}, "properties": {"value": 7.42, "time": "2025-12-16T17:00:00", "date": "2025-12-16", "hour": 17}}, {"type": "Feature", "geometry": {"type": "Point", "coordinates": [7.5, 53.75]}, "properties": {"value": 7.347, "time": "2025-12-16T17:00:00", "date": "2025-12-16", "hour": 17}}, {"type": "Feature", "geometry": {"type": "Point", "coordinates": [7.75, 53.75]}, "properties": {"value": 7.335, "time": "2025-12-16T17:00:00", "date": "2025-12-16", "hour": 17}}, {"type": "Feature", "geometry": {"type": "Point", "coordinates": [8.0, 53.75]}, "properties": {"value": 7.199, "time": "2025-12-16T17:00:00", "date": "2025-12-16", "hour": 17}}, {"type": "Feature", "geometry": {"type": "Point", "coordinates": [8.25, 53.75]}, "properties": {"value": 6.78, "time": "2025-12-16T17:00:00", "date": "2025-12-16", "hour": 17}}, {"type": "Feature", "geometry": {"type": "Point", "coordinates": [8.5, 53.75]}, "properties": {"value": 6.318, "time": "2025-12-16T17:00:00", "date": "2025-12-16", "hour": 17}}, {"type": "Feature", "geometry": {"type": "Point", "coordinates": [8.75, 53.75]}, "properties": {"value": 6.318, "time": "2025-12-16T17:00:00", "date": "2025-12-16", "hour": 17}}, {"type": "Feature", "geometry": {"type": "Point", "coordinates": [14.25, 53.75]}, "properties": {"value": 4.019, "time": "2025-12-16T17:00:00", "date": "2025-12-16", "hour": 17}}, {"type": "Feature", "geometry": {"type": "Point", "coordinates": [14.5, 53.75]}, "properties": {"value": 4.019, "time": "2025-12-16T17:00:00", "date": "2025-12-16", "hour": 17}}, {"type": "Feature", "geometry": {"type": "Point", "coordinates": [5.0, 54.0]}, "properties": {"value": 10.358, "time": "2025-12-16T17:00:00", "date": "2025-12-16", "hour": 17}}, {"type": "Feature", "geometry": {"type": "Point", "coordinates": [5.25, 54.0]}, "properties": {"value": 10.289, "time": "2025-12-16T17:00:00", "date": "2025-12-16", "hour": 17}}, {"type": "Feature", "geometry": {"type": "Point", "coordinates": [5.5, 54.0]}, "properties": {"value": 9.988, "time": "2025-12-16T17:00:00", "date": "2025-12-16", "hour": 17}}, {"type": "Feature", "geometry": {"type": "Point", "coordinates": [5.75, 54.0]}, "properties": {"value": 9.715, "time": "2025-12-16T17:00:00", "date": "2025-12-16", "hour": 17}}, {"type": "Feature", "geometry": {"type": "Point", "coordinates": [6.0, 54.0]}, "properties": {"value": 9.437, "time": "2025-12-16T17:00:00", "date": "2025-12-16", "hour": 17}}, {"type": "Feature", "geometry": {"type": "Point", "coordinates": [6.25, 54.0]}, "properties": {"value": 9.104, "time": "2025-12-16T17:00:00", "date": "2025-12-16", "hour": 17}}, {"type": "Feature", "geometry": {"type": "Point", "coordinates": [6.5, 54.0]}, "properties": {"value": 8.729, "time": "2025-12-16T17:00:00", "date": "2025-12-16", "hour": 17}}, {"type": "Feature", "geometry": {"type": "Point", "coordinates": [6.75, 54.0]}, "properties": {"value": 8.619, "time": "2025-12-16T17:00:00", "date": "2025-12-16", "hour": 17}}, {"type": "Feature", "geometry": {"type": "Point", "coordinates": [7.0, 54.0]}, "properties": {"value": 8.61, "time": "2025-12-16T17:00:00", "date": "2025-12-16", "hour": 17}}, {"type": "Feature", "geometry": {"type": "Point", "coordinates": [7.25, 54.0]}, "properties": {"value": 8.44, "time": "2025-12-16T17:00:00", "date": "2025-12-16", "hour": 17}}, {"type": "Feature", "geometry": {"type": "Point", "coordinates": [7.5, 54.0]}, "properties": {"value": 8.324, "time": "2025-12-16T17:00:00", "date": "2025-12-16", "hour": 17}}, {"type": "Feature", "geometry": {"type": "Point", "coordinates": [7.75, 54.0]}, "properties": {"value": 8.191, "time": "2025-12-16T17:00:00", "date": "2025-12-16", "hour": 17}}, {"type": "Feature", "geometry": {"type": "Point", "coordinates": [8.0, 54.0]}, "properties": {"value": 8.098, "time": "2025-12-16T17:00:00", "date": "2025-12-16", "hour": 17}}, {"type": "Feature", "geometry": {"type": "Point", "coordinates": [8.25, 54.0]}, "properties": {"value": 7.782, "time": "2025-12-16T17:00:00", "date": "2025-12-16", "hour": 17}}, {"type": "Feature", "geometry": {"type": "Point", "coordinates": [8.5, 54.0]}, "properties": {"value": 6.801, "time": "2025-12-16T17:00:00", "date": "2025-12-16", "hour": 17}}, {"type": "Feature", "geometry": {"type": "Point", "coordinates": [11.25, 54.0]}, "properties": {"value": 6.357, "time": "2025-12-16T17:00:00", "date": "2025-12-16", "hour": 17}}, {"type": "Feature", "geometry": {"type": "Point", "coordinates": [14.0, 54.0]}, "properties": {"value": 5.063, "time": "2025-12-16T17:00:00", "date": "2025-12-16", "hour": 17}}, {"type": "Feature", "geometry": {"type": "Point", "coordinates": [14.25, 54.0]}, "properties": {"value": 5.53, "time": "2025-12-16T17:00:00", "date": "2025-12-16", "hour": 17}}, {"type": "Feature", "geometry": {"type": "Point", "coordinates": [14.5, 54.0]}, "properties": {"value": 5.315, "time": "2025-12-16T17:00:00", "date": "2025-12-16", "hour": 17}}, {"type": "Feature", "geometry": {"type": "Point", "coordinates": [14.75, 54.0]}, "properties": {"value": 5.745, "time": "2025-12-16T17:00:00", "date": "2025-12-16", "hour": 17}}, {"type": "Feature", "geometry": {"type": "Point", "coordinates": [5.0, 54.25]}, "properties": {"value": 10.358, "time": "2025-12-16T17:00:00", "date": "2025-12-16", "hour": 17}}, {"type": "Feature", "geometry": {"type": "Point", "coordinates": [5.25, 54.25]}, "properties": {"value": 10.323, "time": "2025-12-16T17:00:00", "date": "2025-12-16", "hour": 17}}, {"type": "Feature", "geometry": {"type": "Point", "coordinates": [5.5, 54.25]}, "properties": {"value": 10.215, "time": "2025-12-16T17:00:00", "date": "2025-12-16", "hour": 17}}, {"type": "Feature", "geometry": {"type": "Point", "coordinates": [5.75, 54.25]}, "properties": {"value": 9.978, "time": "2025-12-16T17:00:00", "date": "2025-12-16", "hour": 17}}, {"type": "Feature", "geometry": {"type": "Point", "coordinates": [6.0, 54.25]}, "properties": {"value": 9.837, "time": "2025-12-16T17:00:00", "date": "2025-12-16", "hour": 17}}, {"type": "Feature", "geometry": {"type": "Point", "coordinates": [6.25, 54.25]}, "properties": {"value": 9.578, "time": "2025-12-16T17:00:00", "date": "2025-12-16", "hour": 17}}, {"type": "Feature", "geometry": {"type": "Point", "coordinates": [6.5, 54.25]}, "properties": {"value": 9.419, "time": "2025-12-16T17:00:00", "date": "2025-12-16", "hour": 17}}, {"type": "Feature", "geometry": {"type": "Point", "coordinates": [6.75, 54.25]}, "properties": {"value": 9.317, "time": "2025-12-16T17:00:00", "date": "2025-12-16", "hour": 17}}, {"type": "Feature", "geometry": {"type": "Point", "coordinates": [7.0, 54.25]}, "properties": {"value": 9.259, "time": "2025-12-16T17:00:00", "date": "2025-12-16", "hour": 17}}, {"type": "Feature", "geometry": {"type": "Point", "coordinates": [7.25, 54.25]}, "properties": {"value": 9.112, "time": "2025-12-16T17:00:00", "date": "2025-12-16", "hour": 17}}, {"type": "Feature", "geometry": {"type": "Point", "coordinates": [7.5, 54.25]}, "properties": {"value": 8.909, "time": "2025-12-16T17:00:00", "date": "2025-12-16", "hour": 17}}, {"type": "Feature", "geometry": {"type": "Point", "coordinates": [7.75, 54.25]}, "properties": {"value": 8.648, "time": "2025-12-16T17:00:00", "date": "2025-12-16", "hour": 17}}, {"type": "Feature", "geometry": {"type": "Point", "coordinates": [8.0, 54.25]}, "properties": {"value": 8.501, "time": "2025-12-16T17:00:00", "date": "2025-12-16", "hour": 17}}, {"type": "Feature", "geometry": {"type": "Point", "coordinates": [8.25, 54.25]}, "properties": {"value": 7.519, "time": "2025-12-16T17:00:00", "date": "2025-12-16", "hour": 17}}, {"type": "Feature", "geometry": {"type": "Point", "coordinates": [8.5, 54.25]}, "properties": {"value": 6.558, "time": "2025-12-16T17:00:00", "date": "2025-12-16", "hour": 17}}, {"type": "Feature", "geometry": {"type": "Point", "coordinates": [10.75, 54.25]}, "properties": {"value": 6.417, "time": "2025-12-16T17:00:00", "date": "2025-12-16", "hour": 17}}, {"type": "Feature", "geometry": {"type": "Point", "coordinates": [11.25, 54.25]}, "properties": {"value": 6.624, "time": "2025-12-16T17:00:00", "date": "2025-12-16", "hour": 17}}, {"type": "Feature", "geometry": {"type": "Point", "coordinates": [11.75, 54.25]}, "properties": {"value": 6.805, "time": "2025-12-16T17:00:00", "date": "2025-12-16", "hour": 17}}, {"type": "Feature", "geometry": {"type": "Point", "coordinates": [12.25, 54.25]}, "properties": {"value": 6.282, "time": "2025-12-16T17:00:00", "date": "2025-12-16", "hour": 17}}, {"type": "Feature", "geometry": {"type": "Point", "coordinates": [13.75, 54.25]}, "properties": {"value": 5.208, "time": "2025-12-16T17:00:00", "date": "2025-12-16", "hour": 17}}, {"type": "Feature", "geometry": {"type": "Point", "coordinates": [14.0, 54.25]}, "properties": {"value": 5.585, "time": "2025-12-16T17:00:00", "date": "2025-12-16", "hour": 17}}, {"type": "Feature", "geometry": {"type": "Point", "coordinates": [14.25, 54.25]}, "properties": {"value": 5.873, "time": "2025-12-16T17:00:00", "date": "2025-12-16", "hour": 17}}, {"type": "Feature", "geometry": {"type": "Point", "coordinates": [14.5, 54.25]}, "properties": {"value": 5.816, "time": "2025-12-16T17:00:00", "date": "2025-12-16", "hour": 17}}, {"type": "Feature", "geometry": {"type": "Point", "coordinates": [14.75, 54.25]}, "properties": {"value": 6.102, "time": "2025-12-16T17:00:00", "date": "2025-12-16", "hour": 17}}, {"type": "Feature", "geometry": {"type": "Point", "coordinates": [15.0, 54.25]}, "properties": {"value": 6.699, "time": "2025-12-16T17:00:00", "date": "2025-12-16", "hour": 17}}, {"type": "Feature", "geometry": {"type": "Point", "coordinates": [5.0, 54.5]}, "properties": {"value": 10.326, "time": "2025-12-16T17:00:00", "date": "2025-12-16", "hour": 17}}, {"type": "Feature", "geometry": {"type": "Point", "coordinates": [5.25, 54.5]}, "properties": {"value": 10.398, "time": "2025-12-16T17:00:00", "date": "2025-12-16", "hour": 17}}, {"type": "Feature", "geometry": {"type": "Point", "coordinates": [5.5, 54.5]}, "properties": {"value": 10.352, "time": "2025-12-16T17:00:00", "date": "2025-12-16", "hour": 17}}, {"type": "Feature", "geometry": {"type": "Point", "coordinates": [5.75, 54.5]}, "properties": {"value": 10.232, "time": "2025-12-16T17:00:00", "date": "2025-12-16", "hour": 17}}, {"type": "Feature", "geometry": {"type": "Point", "coordinates": [6.0, 54.5]}, "properties": {"value": 10.123, "time": "2025-12-16T17:00:00", "date": "2025-12-16", "hour": 17}}, {"type": "Feature", "geometry": {"type": "Point", "coordinates": [6.25, 54.5]}, "properties": {"value": 10.017, "time": "2025-12-16T17:00:00", "date": "2025-12-16", "hour": 17}}, {"type": "Feature", "geometry": {"type": "Point", "coordinates": [6.5, 54.5]}, "properties": {"value": 9.854, "time": "2025-12-16T17:00:00", "date": "2025-12-16", "hour": 17}}, {"type": "Feature", "geometry": {"type": "Point", "coordinates": [6.75, 54.5]}, "properties": {"value": 9.744, "time": "2025-12-16T17:00:00", "date": "2025-12-16", "hour": 17}}, {"type": "Feature", "geometry": {"type": "Point", "coordinates": [7.0, 54.5]}, "properties": {"value": 9.655, "time": "2025-12-16T17:00:00", "date": "2025-12-16", "hour": 17}}, {"type": "Feature", "geometry": {"type": "Point", "coordinates": [7.25, 54.5]}, "properties": {"value": 9.301, "time": "2025-12-16T17:00:00", "date": "2025-12-16", "hour": 17}}, {"type": "Feature", "geometry": {"type": "Point", "coordinates": [7.5, 54.5]}, "properties": {"value": 9.048, "time": "2025-12-16T17:00:00", "date": "2025-12-16", "hour": 17}}, {"type": "Feature", "geometry": {"type": "Point", "coordinates": [7.75, 54.5]}, "properties": {"value": 8.751, "time": "2025-12-16T17:00:00", "date": "2025-12-16", "hour": 17}}, {"type": "Feature", "geometry": {"type": "Point", "coordinates": [8.0, 54.5]}, "properties": {"value": 7.841, "time": "2025-12-16T17:00:00", "date": "2025-12-16", "hour": 17}}, {"type": "Feature", "geometry": {"type": "Point", "coordinates": [8.25, 54.5]}, "properties": {"value": 6.972, "time": "2025-12-16T17:00:00", "date": "2025-12-16", "hour": 17}}, {"type": "Feature", "geometry": {"type": "Point", "coordinates": [8.5, 54.5]}, "properties": {"value": 6.117, "time": "2025-12-16T17:00:00", "date": "2025-12-16", "hour": 17}}, {"type": "Feature", "geometry": {"type": "Point", "coordinates": [10.5, 54.5]}, "properties": {"value": 6.819, "time": "2025-12-16T17:00:00", "date": "2025-12-16", "hour": 17}}, {"type": "Feature", "geometry": {"type": "Point", "coordinates": [10.75, 54.5]}, "properties": {"value": 6.623, "time": "2025-12-16T17:00:00", "date": "2025-12-16", "hour": 17}}, {"type": "Feature", "geometry": {"type": "Point", "coordinates": [11.0, 54.5]}, "properties": {"value": 6.469, "time": "2025-12-16T17:00:00", "date": "2025-12-16", "hour": 17}}, {"type": "Feature", "geometry": {"type": "Point", "coordinates": [11.25, 54.5]}, "properties": {"value": 6.7, "time": "2025-12-16T17:00:00", "date": "2025-12-16", "hour": 17}}, {"type": "Feature", "geometry": {"type": "Point", "coordinates": [11.5, 54.5]}, "properties": {"value": 6.676, "time": "2025-12-16T17:00:00", "date": "2025-12-16", "hour": 17}}, {"type": "Feature", "geometry": {"type": "Point", "coordinates": [11.75, 54.5]}, "properties": {"value": 6.785, "time": "2025-12-16T17:00:00", "date": "2025-12-16", "hour": 17}}, {"type": "Feature", "geometry": {"type": "Point", "coordinates": [12.0, 54.5]}, "properties": {"value": 6.632, "time": "2025-12-16T17:00:00", "date": "2025-12-16", "hour": 17}}, {"type": "Feature", "geometry": {"type": "Point", "coordinates": [12.25, 54.5]}, "properties": {"value": 6.445, "time": "2025-12-16T17:00:00", "date": "2025-12-16", "hour": 17}}, {"type": "Feature", "geometry": {"type": "Point", "coordinates": [13.0, 54.5]}, "properties": {"value": 6.844, "time": "2025-12-16T17:00:00", "date": "2025-12-16", "hour": 17}}, {"type": "Feature", "geometry": {"type": "Point", "coordinates": [13.25, 54.5]}, "properties": {"value": 6.297, "time": "2025-12-16T17:00:00", "date": "2025-12-16", "hour": 17}}, {"type": "Feature", "geometry": {"type": "Point", "coordinates": [13.5, 54.5]}, "properties": {"value": 6.049, "time": "2025-12-16T17:00:00", "date": "2025-12-16", "hour": 17}}, {"type": "Feature", "geometry": {"type": "Point", "coordinates": [13.75, 54.5]}, "properties": {"value": 6.15, "time": "2025-12-16T17:00:00", "date": "2025-12-16", "hour": 17}}, {"type": "Feature", "geometry": {"type": "Point", "coordinates": [14.0, 54.5]}, "properties": {"value": 6.496, "time": "2025-12-16T17:00:00", "date": "2025-12-16", "hour": 17}}, {"type": "Feature", "geometry": {"type": "Point", "coordinates": [14.25, 54.5]}, "properties": {"value": 6.531, "time": "2025-12-16T17:00:00", "date": "2025-12-16", "hour": 17}}, {"type": "Feature", "geometry": {"type": "Point", "coordinates": [14.5, 54.5]}, "properties": {"value": 6.777, "time": "2025-12-16T17:00:00", "date": "2025-12-16", "hour": 17}}, {"type": "Feature", "geometry": {"type": "Point", "coordinates": [14.75, 54.5]}, "properties": {"value": 6.974, "time": "2025-12-16T17:00:00", "date": "2025-12-16", "hour": 17}}, {"type": "Feature", "geometry": {"type": "Point", "coordinates": [15.0, 54.5]}, "properties": {"value": 7.613, "time": "2025-12-16T17:00:00", "date": "2025-12-16", "hour": 17}}, {"type": "Feature", "geometry": {"type": "Point", "coordinates": [5.0, 54.75]}, "properties": {"value": 10.267, "time": "2025-12-16T17:00:00", "date": "2025-12-16", "hour": 17}}, {"type": "Feature", "geometry": {"type": "Point", "coordinates": [5.25, 54.75]}, "properties": {"value": 10.34, "time": "2025-12-16T17:00:00", "date": "2025-12-16", "hour": 17}}, {"type": "Feature", "geometry": {"type": "Point", "coordinates": [5.5, 54.75]}, "properties": {"value": 10.381, "time": "2025-12-16T17:00:00", "date": "2025-12-16", "hour": 17}}, {"type": "Feature", "geometry": {"type": "Point", "coordinates": [5.75, 54.75]}, "properties": {"value": 10.38, "time": "2025-12-16T17:00:00", "date": "2025-12-16", "hour": 17}}, {"type": "Feature", "geometry": {"type": "Point", "coordinates": [6.0, 54.75]}, "properties": {"value": 10.299, "time": "2025-12-16T17:00:00", "date": "2025-12-16", "hour": 17}}, {"type": "Feature", "geometry": {"type": "Point", "coordinates": [6.25, 54.75]}, "properties": {"value": 10.196, "time": "2025-12-16T17:00:00", "date": "2025-12-16", "hour": 17}}, {"type": "Feature", "geometry": {"type": "Point", "coordinates": [6.5, 54.75]}, "properties": {"value": 10.082, "time": "2025-12-16T17:00:00", "date": "2025-12-16", "hour": 17}}, {"type": "Feature", "geometry": {"type": "Point", "coordinates": [6.75, 54.75]}, "properties": {"value": 9.954, "time": "2025-12-16T17:00:00", "date": "2025-12-16", "hour": 17}}, {"type": "Feature", "geometry": {"type": "Point", "coordinates": [7.0, 54.75]}, "properties": {"value": 9.864, "time": "2025-12-16T17:00:00", "date": "2025-12-16", "hour": 17}}, {"type": "Feature", "geometry": {"type": "Point", "coordinates": [7.25, 54.75]}, "properties": {"value": 9.502, "time": "2025-12-16T17:00:00", "date": "2025-12-16", "hour": 17}}, {"type": "Feature", "geometry": {"type": "Point", "coordinates": [7.5, 54.75]}, "properties": {"value": 9.154, "time": "2025-12-16T17:00:00", "date": "2025-12-16", "hour": 17}}, {"type": "Feature", "geometry": {"type": "Point", "coordinates": [7.75, 54.75]}, "properties": {"value": 8.209, "time": "2025-12-16T17:00:00", "date": "2025-12-16", "hour": 17}}, {"type": "Feature", "geometry": {"type": "Point", "coordinates": [8.0, 54.75]}, "properties": {"value": 7.254, "time": "2025-12-16T17:00:00", "date": "2025-12-16", "hour": 17}}, {"type": "Feature", "geometry": {"type": "Point", "coordinates": [8.25, 54.75]}, "properties": {"value": 6.497, "time": "2025-12-16T17:00:00", "date": "2025-12-16", "hour": 17}}, {"type": "Feature", "geometry": {"type": "Point", "coordinates": [8.5, 54.75]}, "properties": {"value": 5.865, "time": "2025-12-16T17:00:00", "date": "2025-12-16", "hour": 17}}, {"type": "Feature", "geometry": {"type": "Point", "coordinates": [10.25, 54.75]}, "properties": {"value": 7.163, "time": "2025-12-16T17:00:00", "date": "2025-12-16", "hour": 17}}, {"type": "Feature", "geometry": {"type": "Point", "coordinates": [10.5, 54.75]}, "properties": {"value": 7.016, "time": "2025-12-16T17:00:00", "date": "2025-12-16", "hour": 17}}, {"type": "Feature", "geometry": {"type": "Point", "coordinates": [10.75, 54.75]}, "properties": {"value": 6.83, "time": "2025-12-16T17:00:00", "date": "2025-12-16", "hour": 17}}, {"type": "Feature", "geometry": {"type": "Point", "coordinates": [11.0, 54.75]}, "properties": {"value": 6.646, "time": "2025-12-16T17:00:00", "date": "2025-12-16", "hour": 17}}, {"type": "Feature", "geometry": {"type": "Point", "coordinates": [11.25, 54.75]}, "properties": {"value": 6.313, "time": "2025-12-16T17:00:00", "date": "2025-12-16", "hour": 17}}, {"type": "Feature", "geometry": {"type": "Point", "coordinates": [11.5, 54.75]}, "properties": {"value": 6.009, "time": "2025-12-16T17:00:00", "date": "2025-12-16", "hour": 17}}, {"type": "Feature", "geometry": {"type": "Point", "coordinates": [12.0, 54.75]}, "properties": {"value": 6.154, "time": "2025-12-16T17:00:00", "date": "2025-12-16", "hour": 17}}, {"type": "Feature", "geometry": {"type": "Point", "coordinates": [12.25, 54.75]}, "properties": {"value": 6.574, "time": "2025-12-16T17:00:00", "date": "2025-12-16", "hour": 17}}, {"type": "Feature", "geometry": {"type": "Point", "coordinates": [12.5, 54.75]}, "properties": {"value": 6.943, "time": "2025-12-16T17:00:00", "date": "2025-12-16", "hour": 17}}, {"type": "Feature", "geometry": {"type": "Point", "coordinates": [12.75, 54.75]}, "properties": {"value": 7.042, "time": "2025-12-16T17:00:00", "date": "2025-12-16", "hour": 17}}, {"type": "Feature", "geometry": {"type": "Point", "coordinates": [13.0, 54.75]}, "properties": {"value": 6.97, "time": "2025-12-16T17:00:00", "date": "2025-12-16", "hour": 17}}, {"type": "Feature", "geometry": {"type": "Point", "coordinates": [13.25, 54.75]}, "properties": {"value": 6.999, "time": "2025-12-16T17:00:00", "date": "2025-12-16", "hour": 17}}, {"type": "Feature", "geometry": {"type": "Point", "coordinates": [13.5, 54.75]}, "properties": {"value": 7.044, "time": "2025-12-16T17:00:00", "date": "2025-12-16", "hour": 17}}, {"type": "Feature", "geometry": {"type": "Point", "coordinates": [13.75, 54.75]}, "properties": {"value": 7.144, "time": "2025-12-16T17:00:00", "date": "2025-12-16", "hour": 17}}, {"type": "Feature", "geometry": {"type": "Point", "coordinates": [14.0, 54.75]}, "properties": {"value": 7.238, "time": "2025-12-16T17:00:00", "date": "2025-12-16", "hour": 17}}, {"type": "Feature", "geometry": {"type": "Point", "coordinates": [14.25, 54.75]}, "properties": {"value": 7.402, "time": "2025-12-16T17:00:00", "date": "2025-12-16", "hour": 17}}, {"type": "Feature", "geometry": {"type": "Point", "coordinates": [14.5, 54.75]}, "properties": {"value": 7.803, "time": "2025-12-16T17:00:00", "date": "2025-12-16", "hour": 17}}, {"type": "Feature", "geometry": {"type": "Point", "coordinates": [14.75, 54.75]}, "properties": {"value": 7.963, "time": "2025-12-16T17:00:00", "date": "2025-12-16", "hour": 17}}, {"type": "Feature", "geometry": {"type": "Point", "coordinates": [15.0, 54.75]}, "properties": {"value": 8.052, "time": "2025-12-16T17:00:00", "date": "2025-12-16", "hour": 17}}, {"type": "Feature", "geometry": {"type": "Point", "coordinates": [5.0, 55.0]}, "properties": {"value": 10.113, "time": "2025-12-16T17:00:00", "date": "2025-12-16", "hour": 17}}, {"type": "Feature", "geometry": {"type": "Point", "coordinates": [5.25, 55.0]}, "properties": {"value": 10.274, "time": "2025-12-16T17:00:00", "date": "2025-12-16", "hour": 17}}, {"type": "Feature", "geometry": {"type": "Point", "coordinates": [5.5, 55.0]}, "properties": {"value": 10.323, "time": "2025-12-16T17:00:00", "date": "2025-12-16", "hour": 17}}, {"type": "Feature", "geometry": {"type": "Point", "coordinates": [5.75, 55.0]}, "properties": {"value": 10.323, "time": "2025-12-16T17:00:00", "date": "2025-12-16", "hour": 17}}, {"type": "Feature", "geometry": {"type": "Point", "coordinates": [6.0, 55.0]}, "properties": {"value": 10.274, "time": "2025-12-16T17:00:00", "date": "2025-12-16", "hour": 17}}, {"type": "Feature", "geometry": {"type": "Point", "coordinates": [6.25, 55.0]}, "properties": {"value": 10.224, "time": "2025-12-16T17:00:00", "date": "2025-12-16", "hour": 17}}, {"type": "Feature", "geometry": {"type": "Point", "coordinates": [6.5, 55.0]}, "properties": {"value": 10.116, "time": "2025-12-16T17:00:00", "date": "2025-12-16", "hour": 17}}, {"type": "Feature", "geometry": {"type": "Point", "coordinates": [6.75, 55.0]}, "properties": {"value": 9.98, "time": "2025-12-16T17:00:00", "date": "2025-12-16", "hour": 17}}, {"type": "Feature", "geometry": {"type": "Point", "coordinates": [7.0, 55.0]}, "properties": {"value": 9.81, "time": "2025-12-16T17:00:00", "date": "2025-12-16", "hour": 17}}, {"type": "Feature", "geometry": {"type": "Point", "coordinates": [7.25, 55.0]}, "properties": {"value": 9.486, "time": "2025-12-16T17:00:00", "date": "2025-12-16", "hour": 17}}, {"type": "Feature", "geometry": {"type": "Point", "coordinates": [7.5, 55.0]}, "properties": {"value": 9.176, "time": "2025-12-16T17:00:00", "date": "2025-12-16", "hour": 17}}, {"type": "Feature", "geometry": {"type": "Point", "coordinates": [7.75, 55.0]}, "properties": {"value": 8.262, "time": "2025-12-16T17:00:00", "date": "2025-12-16", "hour": 17}}, {"type": "Feature", "geometry": {"type": "Point", "coordinates": [8.0, 55.0]}, "properties": {"value": 7.421, "time": "2025-12-16T17:00:00", "date": "2025-12-16", "hour": 17}}, {"type": "Feature", "geometry": {"type": "Point", "coordinates": [8.25, 55.0]}, "properties": {"value": 6.589, "time": "2025-12-16T17:00:00", "date": "2025-12-16", "hour": 17}}, {"type": "Feature", "geometry": {"type": "Point", "coordinates": [8.5, 55.0]}, "properties": {"value": 5.959, "time": "2025-12-16T17:00:00", "date": "2025-12-16", "hour": 17}}, {"type": "Feature", "geometry": {"type": "Point", "coordinates": [10.25, 55.0]}, "properties": {"value": 7.051, "time": "2025-12-16T17:00:00", "date": "2025-12-16", "hour": 17}}, {"type": "Feature", "geometry": {"type": "Point", "coordinates": [10.5, 55.0]}, "properties": {"value": 6.888, "time": "2025-12-16T17:00:00", "date": "2025-12-16", "hour": 17}}, {"type": "Feature", "geometry": {"type": "Point", "coordinates": [10.75, 55.0]}, "properties": {"value": 6.727, "time": "2025-12-16T17:00:00", "date": "2025-12-16", "hour": 17}}, {"type": "Feature", "geometry": {"type": "Point", "coordinates": [11.0, 55.0]}, "properties": {"value": 6.484, "time": "2025-12-16T17:00:00", "date": "2025-12-16", "hour": 17}}, {"type": "Feature", "geometry": {"type": "Point", "coordinates": [11.25, 55.0]}, "properties": {"value": 6.052, "time": "2025-12-16T17:00:00", "date": "2025-12-16", "hour": 17}}, {"type": "Feature", "geometry": {"type": "Point", "coordinates": [11.5, 55.0]}, "properties": {"value": 5.719, "time": "2025-12-16T17:00:00", "date": "2025-12-16", "hour": 17}}, {"type": "Feature", "geometry": {"type": "Point", "coordinates": [11.75, 55.0]}, "properties": {"value": 5.292, "time": "2025-12-16T17:00:00", "date": "2025-12-16", "hour": 17}}, {"type": "Feature", "geometry": {"type": "Point", "coordinates": [12.0, 55.0]}, "properties": {"value": 5.625, "time": "2025-12-16T17:00:00", "date": "2025-12-16", "hour": 17}}, {"type": "Feature", "geometry": {"type": "Point", "coordinates": [12.25, 55.0]}, "properties": {"value": 6.174, "time": "2025-12-16T17:00:00", "date": "2025-12-16", "hour": 17}}, {"type": "Feature", "geometry": {"type": "Point", "coordinates": [12.5, 55.0]}, "properties": {"value": 7.017, "time": "2025-12-16T17:00:00", "date": "2025-12-16", "hour": 17}}, {"type": "Feature", "geometry": {"type": "Point", "coordinates": [12.75, 55.0]}, "properties": {"value": 7.281, "time": "2025-12-16T17:00:00", "date": "2025-12-16", "hour": 17}}, {"type": "Feature", "geometry": {"type": "Point", "coordinates": [13.0, 55.0]}, "properties": {"value": 7.358, "time": "2025-12-16T17:00:00", "date": "2025-12-16", "hour": 17}}, {"type": "Feature", "geometry": {"type": "Point", "coordinates": [13.25, 55.0]}, "properties": {"value": 7.385, "time": "2025-12-16T17:00:00", "date": "2025-12-16", "hour": 17}}, {"type": "Feature", "geometry": {"type": "Point", "coordinates": [13.5, 55.0]}, "properties": {"value": 7.365, "time": "2025-12-16T17:00:00", "date": "2025-12-16", "hour": 17}}, {"type": "Feature", "geometry": {"type": "Point", "coordinates": [13.75, 55.0]}, "properties": {"value": 7.413, "time": "2025-12-16T17:00:00", "date": "2025-12-16", "hour": 17}}, {"type": "Feature", "geometry": {"type": "Point", "coordinates": [14.0, 55.0]}, "properties": {"value": 7.438, "time": "2025-12-16T17:00:00", "date": "2025-12-16", "hour": 17}}, {"type": "Feature", "geometry": {"type": "Point", "coordinates": [14.25, 55.0]}, "properties": {"value": 7.563, "time": "2025-12-16T17:00:00", "date": "2025-12-16", "hour": 17}}, {"type": "Feature", "geometry": {"type": "Point", "coordinates": [14.5, 55.0]}, "properties": {"value": 7.666, "time": "2025-12-16T17:00:00", "date": "2025-12-16", "hour": 17}}, {"type": "Feature", "geometry": {"type": "Point", "coordinates": [14.75, 55.0]}, "properties": {"value": 7.713, "time": "2025-12-16T17:00:00", "date": "2025-12-16", "hour": 17}}, {"type": "Feature", "geometry": {"type": "Point", "coordinates": [15.0, 55.0]}, "properties": {"value": 7.778, "time": "2025-12-16T17:00:00", "date": "2025-12-16", "hour": 17}}, {"type": "Feature", "geometry": {"type": "Point", "coordinates": [5.25, 52.75]}, "properties": {"value": 6.812, "time": "2025-12-16T18:00:00", "date": "2025-12-16", "hour": 18}}, {"type": "Feature", "geometry": {"type": "Point", "coordinates": [5.5, 52.75]}, "properties": {"value": 6.813, "time": "2025-12-16T18:00:00", "date": "2025-12-16", "hour": 18}}, {"type": "Feature", "geometry": {"type": "Point", "coordinates": [5.0, 53.0]}, "properties": {"value": 7.319, "time": "2025-12-16T18:00:00", "date": "2025-12-16", "hour": 18}}, {"type": "Feature", "geometry": {"type": "Point", "coordinates": [5.25, 53.0]}, "properties": {"value": 7.042, "time": "2025-12-16T18:00:00", "date": "2025-12-16", "hour": 18}}, {"type": "Feature", "geometry": {"type": "Point", "coordinates": [5.5, 53.0]}, "properties": {"value": 6.799, "time": "2025-12-16T18:00:00", "date": "2025-12-16", "hour": 18}}, {"type": "Feature", "geometry": {"type": "Point", "coordinates": [5.0, 53.25]}, "properties": {"value": 8.008, "time": "2025-12-16T18:00:00", "date": "2025-12-16", "hour": 18}}, {"type": "Feature", "geometry": {"type": "Point", "coordinates": [5.25, 53.25]}, "properties": {"value": 7.442, "time": "2025-12-16T18:00:00", "date": "2025-12-16", "hour": 18}}, {"type": "Feature", "geometry": {"type": "Point", "coordinates": [5.5, 53.25]}, "properties": {"value": 7.099, "time": "2025-12-16T18:00:00", "date": "2025-12-16", "hour": 18}}, {"type": "Feature", "geometry": {"type": "Point", "coordinates": [5.0, 53.5]}, "properties": {"value": 9.558, "time": "2025-12-16T18:00:00", "date": "2025-12-16", "hour": 18}}, {"type": "Feature", "geometry": {"type": "Point", "coordinates": [5.25, 53.5]}, "properties": {"value": 8.981, "time": "2025-12-16T18:00:00", "date": "2025-12-16", "hour": 18}}, {"type": "Feature", "geometry": {"type": "Point", "coordinates": [5.5, 53.5]}, "properties": {"value": 8.797, "time": "2025-12-16T18:00:00", "date": "2025-12-16", "hour": 18}}, {"type": "Feature", "geometry": {"type": "Point", "coordinates": [5.75, 53.5]}, "properties": {"value": 8.375, "time": "2025-12-16T18:00:00", "date": "2025-12-16", "hour": 18}}, {"type": "Feature", "geometry": {"type": "Point", "coordinates": [6.0, 53.5]}, "properties": {"value": 8.022, "time": "2025-12-16T18:00:00", "date": "2025-12-16", "hour": 18}}, {"type": "Feature", "geometry": {"type": "Point", "coordinates": [6.25, 53.5]}, "properties": {"value": 7.727, "time": "2025-12-16T18:00:00", "date": "2025-12-16", "hour": 18}}, {"type": "Feature", "geometry": {"type": "Point", "coordinates": [6.5, 53.5]}, "properties": {"value": 7.554, "time": "2025-12-16T18:00:00", "date": "2025-12-16", "hour": 18}}, {"type": "Feature", "geometry": {"type": "Point", "coordinates": [6.75, 53.5]}, "properties": {"value": 7.247, "time": "2025-12-16T18:00:00", "date": "2025-12-16", "hour": 18}}, {"type": "Feature", "geometry": {"type": "Point", "coordinates": [5.0, 53.75]}, "properties": {"value": 10.229, "time": "2025-12-16T18:00:00", "date": "2025-12-16", "hour": 18}}, {"type": "Feature", "geometry": {"type": "Point", "coordinates": [5.25, 53.75]}, "properties": {"value": 9.866, "time": "2025-12-16T18:00:00", "date": "2025-12-16", "hour": 18}}, {"type": "Feature", "geometry": {"type": "Point", "coordinates": [5.5, 53.75]}, "properties": {"value": 9.563, "time": "2025-12-16T18:00:00", "date": "2025-12-16", "hour": 18}}, {"type": "Feature", "geometry": {"type": "Point", "coordinates": [5.75, 53.75]}, "properties": {"value": 9.251, "time": "2025-12-16T18:00:00", "date": "2025-12-16", "hour": 18}}, {"type": "Feature", "geometry": {"type": "Point", "coordinates": [6.0, 53.75]}, "properties": {"value": 8.924, "time": "2025-12-16T18:00:00", "date": "2025-12-16", "hour": 18}}, {"type": "Feature", "geometry": {"type": "Point", "coordinates": [6.25, 53.75]}, "properties": {"value": 8.53, "time": "2025-12-16T18:00:00", "date": "2025-12-16", "hour": 18}}, {"type": "Feature", "geometry": {"type": "Point", "coordinates": [6.5, 53.75]}, "properties": {"value": 8.097, "time": "2025-12-16T18:00:00", "date": "2025-12-16", "hour": 18}}, {"type": "Feature", "geometry": {"type": "Point", "coordinates": [6.75, 53.75]}, "properties": {"value": 7.733, "time": "2025-12-16T18:00:00", "date": "2025-12-16", "hour": 18}}, {"type": "Feature", "geometry": {"type": "Point", "coordinates": [7.0, 53.75]}, "properties": {"value": 7.699, "time": "2025-12-16T18:00:00", "date": "2025-12-16", "hour": 18}}, {"type": "Feature", "geometry": {"type": "Point", "coordinates": [7.25, 53.75]}, "properties": {"value": 7.42, "time": "2025-12-16T18:00:00", "date": "2025-12-16", "hour": 18}}, {"type": "Feature", "geometry": {"type": "Point", "coordinates": [7.5, 53.75]}, "properties": {"value": 7.347, "time": "2025-12-16T18:00:00", "date": "2025-12-16", "hour": 18}}, {"type": "Feature", "geometry": {"type": "Point", "coordinates": [7.75, 53.75]}, "properties": {"value": 7.335, "time": "2025-12-16T18:00:00", "date": "2025-12-16", "hour": 18}}, {"type": "Feature", "geometry": {"type": "Point", "coordinates": [8.0, 53.75]}, "properties": {"value": 7.199, "time": "2025-12-16T18:00:00", "date": "2025-12-16", "hour": 18}}, {"type": "Feature", "geometry": {"type": "Point", "coordinates": [8.25, 53.75]}, "properties": {"value": 6.78, "time": "2025-12-16T18:00:00", "date": "2025-12-16", "hour": 18}}, {"type": "Feature", "geometry": {"type": "Point", "coordinates": [8.5, 53.75]}, "properties": {"value": 6.318, "time": "2025-12-16T18:00:00", "date": "2025-12-16", "hour": 18}}, {"type": "Feature", "geometry": {"type": "Point", "coordinates": [8.75, 53.75]}, "properties": {"value": 6.318, "time": "2025-12-16T18:00:00", "date": "2025-12-16", "hour": 18}}, {"type": "Feature", "geometry": {"type": "Point", "coordinates": [14.25, 53.75]}, "properties": {"value": 4.019, "time": "2025-12-16T18:00:00", "date": "2025-12-16", "hour": 18}}, {"type": "Feature", "geometry": {"type": "Point", "coordinates": [14.5, 53.75]}, "properties": {"value": 4.019, "time": "2025-12-16T18:00:00", "date": "2025-12-16", "hour": 18}}, {"type": "Feature", "geometry": {"type": "Point", "coordinates": [5.0, 54.0]}, "properties": {"value": 10.358, "time": "2025-12-16T18:00:00", "date": "2025-12-16", "hour": 18}}, {"type": "Feature", "geometry": {"type": "Point", "coordinates": [5.25, 54.0]}, "properties": {"value": 10.289, "time": "2025-12-16T18:00:00", "date": "2025-12-16", "hour": 18}}, {"type": "Feature", "geometry": {"type": "Point", "coordinates": [5.5, 54.0]}, "properties": {"value": 9.988, "time": "2025-12-16T18:00:00", "date": "2025-12-16", "hour": 18}}, {"type": "Feature", "geometry": {"type": "Point", "coordinates": [5.75, 54.0]}, "properties": {"value": 9.715, "time": "2025-12-16T18:00:00", "date": "2025-12-16", "hour": 18}}, {"type": "Feature", "geometry": {"type": "Point", "coordinates": [6.0, 54.0]}, "properties": {"value": 9.437, "time": "2025-12-16T18:00:00", "date": "2025-12-16", "hour": 18}}, {"type": "Feature", "geometry": {"type": "Point", "coordinates": [6.25, 54.0]}, "properties": {"value": 9.104, "time": "2025-12-16T18:00:00", "date": "2025-12-16", "hour": 18}}, {"type": "Feature", "geometry": {"type": "Point", "coordinates": [6.5, 54.0]}, "properties": {"value": 8.729, "time": "2025-12-16T18:00:00", "date": "2025-12-16", "hour": 18}}, {"type": "Feature", "geometry": {"type": "Point", "coordinates": [6.75, 54.0]}, "properties": {"value": 8.619, "time": "2025-12-16T18:00:00", "date": "2025-12-16", "hour": 18}}, {"type": "Feature", "geometry": {"type": "Point", "coordinates": [7.0, 54.0]}, "properties": {"value": 8.61, "time": "2025-12-16T18:00:00", "date": "2025-12-16", "hour": 18}}, {"type": "Feature", "geometry": {"type": "Point", "coordinates": [7.25, 54.0]}, "properties": {"value": 8.44, "time": "2025-12-16T18:00:00", "date": "2025-12-16", "hour": 18}}, {"type": "Feature", "geometry": {"type": "Point", "coordinates": [7.5, 54.0]}, "properties": {"value": 8.324, "time": "2025-12-16T18:00:00", "date": "2025-12-16", "hour": 18}}, {"type": "Feature", "geometry": {"type": "Point", "coordinates": [7.75, 54.0]}, "properties": {"value": 8.191, "time": "2025-12-16T18:00:00", "date": "2025-12-16", "hour": 18}}, {"type": "Feature", "geometry": {"type": "Point", "coordinates": [8.0, 54.0]}, "properties": {"value": 8.098, "time": "2025-12-16T18:00:00", "date": "2025-12-16", "hour": 18}}, {"type": "Feature", "geometry": {"type": "Point", "coordinates": [8.25, 54.0]}, "properties": {"value": 7.782, "time": "2025-12-16T18:00:00", "date": "2025-12-16", "hour": 18}}, {"type": "Feature", "geometry": {"type": "Point", "coordinates": [8.5, 54.0]}, "properties": {"value": 6.801, "time": "2025-12-16T18:00:00", "date": "2025-12-16", "hour": 18}}, {"type": "Feature", "geometry": {"type": "Point", "coordinates": [11.25, 54.0]}, "properties": {"value": 6.357, "time": "2025-12-16T18:00:00", "date": "2025-12-16", "hour": 18}}, {"type": "Feature", "geometry": {"type": "Point", "coordinates": [14.0, 54.0]}, "properties": {"value": 5.063, "time": "2025-12-16T18:00:00", "date": "2025-12-16", "hour": 18}}, {"type": "Feature", "geometry": {"type": "Point", "coordinates": [14.25, 54.0]}, "properties": {"value": 5.53, "time": "2025-12-16T18:00:00", "date": "2025-12-16", "hour": 18}}, {"type": "Feature", "geometry": {"type": "Point", "coordinates": [14.5, 54.0]}, "properties": {"value": 5.315, "time": "2025-12-16T18:00:00", "date": "2025-12-16", "hour": 18}}, {"type": "Feature", "geometry": {"type": "Point", "coordinates": [14.75, 54.0]}, "properties": {"value": 5.745, "time": "2025-12-16T18:00:00", "date": "2025-12-16", "hour": 18}}, {"type": "Feature", "geometry": {"type": "Point", "coordinates": [5.0, 54.25]}, "properties": {"value": 10.358, "time": "2025-12-16T18:00:00", "date": "2025-12-16", "hour": 18}}, {"type": "Feature", "geometry": {"type": "Point", "coordinates": [5.25, 54.25]}, "properties": {"value": 10.323, "time": "2025-12-16T18:00:00", "date": "2025-12-16", "hour": 18}}, {"type": "Feature", "geometry": {"type": "Point", "coordinates": [5.5, 54.25]}, "properties": {"value": 10.215, "time": "2025-12-16T18:00:00", "date": "2025-12-16", "hour": 18}}, {"type": "Feature", "geometry": {"type": "Point", "coordinates": [5.75, 54.25]}, "properties": {"value": 9.978, "time": "2025-12-16T18:00:00", "date": "2025-12-16", "hour": 18}}, {"type": "Feature", "geometry": {"type": "Point", "coordinates": [6.0, 54.25]}, "properties": {"value": 9.837, "time": "2025-12-16T18:00:00", "date": "2025-12-16", "hour": 18}}, {"type": "Feature", "geometry": {"type": "Point", "coordinates": [6.25, 54.25]}, "properties": {"value": 9.578, "time": "2025-12-16T18:00:00", "date": "2025-12-16", "hour": 18}}, {"type": "Feature", "geometry": {"type": "Point", "coordinates": [6.5, 54.25]}, "properties": {"value": 9.419, "time": "2025-12-16T18:00:00", "date": "2025-12-16", "hour": 18}}, {"type": "Feature", "geometry": {"type": "Point", "coordinates": [6.75, 54.25]}, "properties": {"value": 9.317, "time": "2025-12-16T18:00:00", "date": "2025-12-16", "hour": 18}}, {"type": "Feature", "geometry": {"type": "Point", "coordinates": [7.0, 54.25]}, "properties": {"value": 9.259, "time": "2025-12-16T18:00:00", "date": "2025-12-16", "hour": 18}}, {"type": "Feature", "geometry": {"type": "Point", "coordinates": [7.25, 54.25]}, "properties": {"value": 9.112, "time": "2025-12-16T18:00:00", "date": "2025-12-16", "hour": 18}}, {"type": "Feature", "geometry": {"type": "Point", "coordinates": [7.5, 54.25]}, "properties": {"value": 8.909, "time": "2025-12-16T18:00:00", "date": "2025-12-16", "hour": 18}}, {"type": "Feature", "geometry": {"type": "Point", "coordinates": [7.75, 54.25]}, "properties": {"value": 8.648, "time": "2025-12-16T18:00:00", "date": "2025-12-16", "hour": 18}}, {"type": "Feature", "geometry": {"type": "Point", "coordinates": [8.0, 54.25]}, "properties": {"value": 8.501, "time": "2025-12-16T18:00:00", "date": "2025-12-16", "hour": 18}}, {"type": "Feature", "geometry": {"type": "Point", "coordinates": [8.25, 54.25]}, "properties": {"value": 7.519, "time": "2025-12-16T18:00:00", "date": "2025-12-16", "hour": 18}}, {"type": "Feature", "geometry": {"type": "Point", "coordinates": [8.5, 54.25]}, "properties": {"value": 6.558, "time": "2025-12-16T18:00:00", "date": "2025-12-16", "hour": 18}}, {"type": "Feature", "geometry": {"type": "Point", "coordinates": [10.75, 54.25]}, "properties": {"value": 6.417, "time": "2025-12-16T18:00:00", "date": "2025-12-16", "hour": 18}}, {"type": "Feature", "geometry": {"type": "Point", "coordinates": [11.25, 54.25]}, "properties": {"value": 6.624, "time": "2025-12-16T18:00:00", "date": "2025-12-16", "hour": 18}}, {"type": "Feature", "geometry": {"type": "Point", "coordinates": [11.75, 54.25]}, "properties": {"value": 6.805, "time": "2025-12-16T18:00:00", "date": "2025-12-16", "hour": 18}}, {"type": "Feature", "geometry": {"type": "Point", "coordinates": [12.25, 54.25]}, "properties": {"value": 6.282, "time": "2025-12-16T18:00:00", "date": "2025-12-16", "hour": 18}}, {"type": "Feature", "geometry": {"type": "Point", "coordinates": [13.75, 54.25]}, "properties": {"value": 5.208, "time": "2025-12-16T18:00:00", "date": "2025-12-16", "hour": 18}}, {"type": "Feature", "geometry": {"type": "Point", "coordinates": [14.0, 54.25]}, "properties": {"value": 5.585, "time": "2025-12-16T18:00:00", "date": "2025-12-16", "hour": 18}}, {"type": "Feature", "geometry": {"type": "Point", "coordinates": [14.25, 54.25]}, "properties": {"value": 5.873, "time": "2025-12-16T18:00:00", "date": "2025-12-16", "hour": 18}}, {"type": "Feature", "geometry": {"type": "Point", "coordinates": [14.5, 54.25]}, "properties": {"value": 5.816, "time": "2025-12-16T18:00:00", "date": "2025-12-16", "hour": 18}}, {"type": "Feature", "geometry": {"type": "Point", "coordinates": [14.75, 54.25]}, "properties": {"value": 6.102, "time": "2025-12-16T18:00:00", "date": "2025-12-16", "hour": 18}}, {"type": "Feature", "geometry": {"type": "Point", "coordinates": [15.0, 54.25]}, "properties": {"value": 6.699, "time": "2025-12-16T18:00:00", "date": "2025-12-16", "hour": 18}}, {"type": "Feature", "geometry": {"type": "Point", "coordinates": [5.0, 54.5]}, "properties": {"value": 10.326, "time": "2025-12-16T18:00:00", "date": "2025-12-16", "hour": 18}}, {"type": "Feature", "geometry": {"type": "Point", "coordinates": [5.25, 54.5]}, "properties": {"value": 10.398, "time": "2025-12-16T18:00:00", "date": "2025-12-16", "hour": 18}}, {"type": "Feature", "geometry": {"type": "Point", "coordinates": [5.5, 54.5]}, "properties": {"value": 10.352, "time": "2025-12-16T18:00:00", "date": "2025-12-16", "hour": 18}}, {"type": "Feature", "geometry": {"type": "Point", "coordinates": [5.75, 54.5]}, "properties": {"value": 10.232, "time": "2025-12-16T18:00:00", "date": "2025-12-16", "hour": 18}}, {"type": "Feature", "geometry": {"type": "Point", "coordinates": [6.0, 54.5]}, "properties": {"value": 10.123, "time": "2025-12-16T18:00:00", "date": "2025-12-16", "hour": 18}}, {"type": "Feature", "geometry": {"type": "Point", "coordinates": [6.25, 54.5]}, "properties": {"value": 10.017, "time": "2025-12-16T18:00:00", "date": "2025-12-16", "hour": 18}}, {"type": "Feature", "geometry": {"type": "Point", "coordinates": [6.5, 54.5]}, "properties": {"value": 9.854, "time": "2025-12-16T18:00:00", "date": "2025-12-16", "hour": 18}}, {"type": "Feature", "geometry": {"type": "Point", "coordinates": [6.75, 54.5]}, "properties": {"value": 9.744, "time": "2025-12-16T18:00:00", "date": "2025-12-16", "hour": 18}}, {"type": "Feature", "geometry": {"type": "Point", "coordinates": [7.0, 54.5]}, "properties": {"value": 9.655, "time": "2025-12-16T18:00:00", "date": "2025-12-16", "hour": 18}}, {"type": "Feature", "geometry": {"type": "Point", "coordinates": [7.25, 54.5]}, "properties": {"value": 9.301, "time": "2025-12-16T18:00:00", "date": "2025-12-16", "hour": 18}}, {"type": "Feature", "geometry": {"type": "Point", "coordinates": [7.5, 54.5]}, "properties": {"value": 9.048, "time": "2025-12-16T18:00:00", "date": "2025-12-16", "hour": 18}}, {"type": "Feature", "geometry": {"type": "Point", "coordinates": [7.75, 54.5]}, "properties": {"value": 8.751, "time": "2025-12-16T18:00:00", "date": "2025-12-16", "hour": 18}}, {"type": "Feature", "geometry": {"type": "Point", "coordinates": [8.0, 54.5]}, "properties": {"value": 7.841, "time": "2025-12-16T18:00:00", "date": "2025-12-16", "hour": 18}}, {"type": "Feature", "geometry": {"type": "Point", "coordinates": [8.25, 54.5]}, "properties": {"value": 6.972, "time": "2025-12-16T18:00:00", "date": "2025-12-16", "hour": 18}}, {"type": "Feature", "geometry": {"type": "Point", "coordinates": [8.5, 54.5]}, "properties": {"value": 6.117, "time": "2025-12-16T18:00:00", "date": "2025-12-16", "hour": 18}}, {"type": "Feature", "geometry": {"type": "Point", "coordinates": [10.5, 54.5]}, "properties": {"value": 6.819, "time": "2025-12-16T18:00:00", "date": "2025-12-16", "hour": 18}}, {"type": "Feature", "geometry": {"type": "Point", "coordinates": [10.75, 54.5]}, "properties": {"value": 6.623, "time": "2025-12-16T18:00:00", "date": "2025-12-16", "hour": 18}}, {"type": "Feature", "geometry": {"type": "Point", "coordinates": [11.0, 54.5]}, "properties": {"value": 6.469, "time": "2025-12-16T18:00:00", "date": "2025-12-16", "hour": 18}}, {"type": "Feature", "geometry": {"type": "Point", "coordinates": [11.25, 54.5]}, "properties": {"value": 6.7, "time": "2025-12-16T18:00:00", "date": "2025-12-16", "hour": 18}}, {"type": "Feature", "geometry": {"type": "Point", "coordinates": [11.5, 54.5]}, "properties": {"value": 6.676, "time": "2025-12-16T18:00:00", "date": "2025-12-16", "hour": 18}}, {"type": "Feature", "geometry": {"type": "Point", "coordinates": [11.75, 54.5]}, "properties": {"value": 6.785, "time": "2025-12-16T18:00:00", "date": "2025-12-16", "hour": 18}}, {"type": "Feature", "geometry": {"type": "Point", "coordinates": [12.0, 54.5]}, "properties": {"value": 6.632, "time": "2025-12-16T18:00:00", "date": "2025-12-16", "hour": 18}}, {"type": "Feature", "geometry": {"type": "Point", "coordinates": [12.25, 54.5]}, "properties": {"value": 6.445, "time": "2025-12-16T18:00:00", "date": "2025-12-16", "hour": 18}}, {"type": "Feature", "geometry": {"type": "Point", "coordinates": [13.0, 54.5]}, "properties": {"value": 6.844, "time": "2025-12-16T18:00:00", "date": "2025-12-16", "hour": 18}}, {"type": "Feature", "geometry": {"type": "Point", "coordinates": [13.25, 54.5]}, "properties": {"value": 6.297, "time": "2025-12-16T18:00:00", "date": "2025-12-16", "hour": 18}}, {"type": "Feature", "geometry": {"type": "Point", "coordinates": [13.5, 54.5]}, "properties": {"value": 6.049, "time": "2025-12-16T18:00:00", "date": "2025-12-16", "hour": 18}}, {"type": "Feature", "geometry": {"type": "Point", "coordinates": [13.75, 54.5]}, "properties": {"value": 6.15, "time": "2025-12-16T18:00:00", "date": "2025-12-16", "hour": 18}}, {"type": "Feature", "geometry": {"type": "Point", "coordinates": [14.0, 54.5]}, "properties": {"value": 6.496, "time": "2025-12-16T18:00:00", "date": "2025-12-16", "hour": 18}}, {"type": "Feature", "geometry": {"type": "Point", "coordinates": [14.25, 54.5]}, "properties": {"value": 6.531, "time": "2025-12-16T18:00:00", "date": "2025-12-16", "hour": 18}}, {"type": "Feature", "geometry": {"type": "Point", "coordinates": [14.5, 54.5]}, "properties": {"value": 6.777, "time": "2025-12-16T18:00:00", "date": "2025-12-16", "hour": 18}}, {"type": "Feature", "geometry": {"type": "Point", "coordinates": [14.75, 54.5]}, "properties": {"value": 6.974, "time": "2025-12-16T18:00:00", "date": "2025-12-16", "hour": 18}}, {"type": "Feature", "geometry": {"type": "Point", "coordinates": [15.0, 54.5]}, "properties": {"value": 7.613, "time": "2025-12-16T18:00:00", "date": "2025-12-16", "hour": 18}}, {"type": "Feature", "geometry": {"type": "Point", "coordinates": [5.0, 54.75]}, "properties": {"value": 10.267, "time": "2025-12-16T18:00:00", "date": "2025-12-16", "hour": 18}}, {"type": "Feature", "geometry": {"type": "Point", "coordinates": [5.25, 54.75]}, "properties": {"value": 10.34, "time": "2025-12-16T18:00:00", "date": "2025-12-16", "hour": 18}}, {"type": "Feature", "geometry": {"type": "Point", "coordinates": [5.5, 54.75]}, "properties": {"value": 10.381, "time": "2025-12-16T18:00:00", "date": "2025-12-16", "hour": 18}}, {"type": "Feature", "geometry": {"type": "Point", "coordinates": [5.75, 54.75]}, "properties": {"value": 10.38, "time": "2025-12-16T18:00:00", "date": "2025-12-16", "hour": 18}}, {"type": "Feature", "geometry": {"type": "Point", "coordinates": [6.0, 54.75]}, "properties": {"value": 10.299, "time": "2025-12-16T18:00:00", "date": "2025-12-16", "hour": 18}}, {"type": "Feature", "geometry": {"type": "Point", "coordinates": [6.25, 54.75]}, "properties": {"value": 10.196, "time": "2025-12-16T18:00:00", "date": "2025-12-16", "hour": 18}}, {"type": "Feature", "geometry": {"type": "Point", "coordinates": [6.5, 54.75]}, "properties": {"value": 10.082, "time": "2025-12-16T18:00:00", "date": "2025-12-16", "hour": 18}}, {"type": "Feature", "geometry": {"type": "Point", "coordinates": [6.75, 54.75]}, "properties": {"value": 9.954, "time": "2025-12-16T18:00:00", "date": "2025-12-16", "hour": 18}}, {"type": "Feature", "geometry": {"type": "Point", "coordinates": [7.0, 54.75]}, "properties": {"value": 9.864, "time": "2025-12-16T18:00:00", "date": "2025-12-16", "hour": 18}}, {"type": "Feature", "geometry": {"type": "Point", "coordinates": [7.25, 54.75]}, "properties": {"value": 9.502, "time": "2025-12-16T18:00:00", "date": "2025-12-16", "hour": 18}}, {"type": "Feature", "geometry": {"type": "Point", "coordinates": [7.5, 54.75]}, "properties": {"value": 9.154, "time": "2025-12-16T18:00:00", "date": "2025-12-16", "hour": 18}}, {"type": "Feature", "geometry": {"type": "Point", "coordinates": [7.75, 54.75]}, "properties": {"value": 8.209, "time": "2025-12-16T18:00:00", "date": "2025-12-16", "hour": 18}}, {"type": "Feature", "geometry": {"type": "Point", "coordinates": [8.0, 54.75]}, "properties": {"value": 7.254, "time": "2025-12-16T18:00:00", "date": "2025-12-16", "hour": 18}}, {"type": "Feature", "geometry": {"type": "Point", "coordinates": [8.25, 54.75]}, "properties": {"value": 6.497, "time": "2025-12-16T18:00:00", "date": "2025-12-16", "hour": 18}}, {"type": "Feature", "geometry": {"type": "Point", "coordinates": [8.5, 54.75]}, "properties": {"value": 5.865, "time": "2025-12-16T18:00:00", "date": "2025-12-16", "hour": 18}}, {"type": "Feature", "geometry": {"type": "Point", "coordinates": [10.25, 54.75]}, "properties": {"value": 7.163, "time": "2025-12-16T18:00:00", "date": "2025-12-16", "hour": 18}}, {"type": "Feature", "geometry": {"type": "Point", "coordinates": [10.5, 54.75]}, "properties": {"value": 7.016, "time": "2025-12-16T18:00:00", "date": "2025-12-16", "hour": 18}}, {"type": "Feature", "geometry": {"type": "Point", "coordinates": [10.75, 54.75]}, "properties": {"value": 6.83, "time": "2025-12-16T18:00:00", "date": "2025-12-16", "hour": 18}}, {"type": "Feature", "geometry": {"type": "Point", "coordinates": [11.0, 54.75]}, "properties": {"value": 6.646, "time": "2025-12-16T18:00:00", "date": "2025-12-16", "hour": 18}}, {"type": "Feature", "geometry": {"type": "Point", "coordinates": [11.25, 54.75]}, "properties": {"value": 6.313, "time": "2025-12-16T18:00:00", "date": "2025-12-16", "hour": 18}}, {"type": "Feature", "geometry": {"type": "Point", "coordinates": [11.5, 54.75]}, "properties": {"value": 6.009, "time": "2025-12-16T18:00:00", "date": "2025-12-16", "hour": 18}}, {"type": "Feature", "geometry": {"type": "Point", "coordinates": [12.0, 54.75]}, "properties": {"value": 6.154, "time": "2025-12-16T18:00:00", "date": "2025-12-16", "hour": 18}}, {"type": "Feature", "geometry": {"type": "Point", "coordinates": [12.25, 54.75]}, "properties": {"value": 6.574, "time": "2025-12-16T18:00:00", "date": "2025-12-16", "hour": 18}}, {"type": "Feature", "geometry": {"type": "Point", "coordinates": [12.5, 54.75]}, "properties": {"value": 6.943, "time": "2025-12-16T18:00:00", "date": "2025-12-16", "hour": 18}}, {"type": "Feature", "geometry": {"type": "Point", "coordinates": [12.75, 54.75]}, "properties": {"value": 7.042, "time": "2025-12-16T18:00:00", "date": "2025-12-16", "hour": 18}}, {"type": "Feature", "geometry": {"type": "Point", "coordinates": [13.0, 54.75]}, "properties": {"value": 6.97, "time": "2025-12-16T18:00:00", "date": "2025-12-16", "hour": 18}}, {"type": "Feature", "geometry": {"type": "Point", "coordinates": [13.25, 54.75]}, "properties": {"value": 6.999, "time": "2025-12-16T18:00:00", "date": "2025-12-16", "hour": 18}}, {"type": "Feature", "geometry": {"type": "Point", "coordinates": [13.5, 54.75]}, "properties": {"value": 7.044, "time": "2025-12-16T18:00:00", "date": "2025-12-16", "hour": 18}}, {"type": "Feature", "geometry": {"type": "Point", "coordinates": [13.75, 54.75]}, "properties": {"value": 7.144, "time": "2025-12-16T18:00:00", "date": "2025-12-16", "hour": 18}}, {"type": "Feature", "geometry": {"type": "Point", "coordinates": [14.0, 54.75]}, "properties": {"value": 7.238, "time": "2025-12-16T18:00:00", "date": "2025-12-16", "hour": 18}}, {"type": "Feature", "geometry": {"type": "Point", "coordinates": [14.25, 54.75]}, "properties": {"value": 7.402, "time": "2025-12-16T18:00:00", "date": "2025-12-16", "hour": 18}}, {"type": "Feature", "geometry": {"type": "Point", "coordinates": [14.5, 54.75]}, "properties": {"value": 7.803, "time": "2025-12-16T18:00:00", "date": "2025-12-16", "hour": 18}}, {"type": "Feature", "geometry": {"type": "Point", "coordinates": [14.75, 54.75]}, "properties": {"value": 7.963, "time": "2025-12-16T18:00:00", "date": "2025-12-16", "hour": 18}}, {"type": "Feature", "geometry": {"type": "Point", "coordinates": [15.0, 54.75]}, "properties": {"value": 8.052, "time": "2025-12-16T18:00:00", "date": "2025-12-16", "hour": 18}}, {"type": "Feature", "geometry": {"type": "Point", "coordinates": [5.0, 55.0]}, "properties": {"value": 10.113, "time": "2025-12-16T18:00:00", "date": "2025-12-16", "hour": 18}}, {"type": "Feature", "geometry": {"type": "Point", "coordinates": [5.25, 55.0]}, "properties": {"value": 10.274, "time": "2025-12-16T18:00:00", "date": "2025-12-16", "hour": 18}}, {"type": "Feature", "geometry": {"type": "Point", "coordinates": [5.5, 55.0]}, "properties": {"value": 10.323, "time": "2025-12-16T18:00:00", "date": "2025-12-16", "hour": 18}}, {"type": "Feature", "geometry": {"type": "Point", "coordinates": [5.75, 55.0]}, "properties": {"value": 10.323, "time": "2025-12-16T18:00:00", "date": "2025-12-16", "hour": 18}}, {"type": "Feature", "geometry": {"type": "Point", "coordinates": [6.0, 55.0]}, "properties": {"value": 10.274, "time": "2025-12-16T18:00:00", "date": "2025-12-16", "hour": 18}}, {"type": "Feature", "geometry": {"type": "Point", "coordinates": [6.25, 55.0]}, "properties": {"value": 10.224, "time": "2025-12-16T18:00:00", "date": "2025-12-16", "hour": 18}}, {"type": "Feature", "geometry": {"type": "Point", "coordinates": [6.5, 55.0]}, "properties": {"value": 10.116, "time": "2025-12-16T18:00:00", "date": "2025-12-16", "hour": 18}}, {"type": "Feature", "geometry": {"type": "Point", "coordinates": [6.75, 55.0]}, "properties": {"value": 9.98, "time": "2025-12-16T18:00:00", "date": "2025-12-16", "hour": 18}}, {"type": "Feature", "geometry": {"type": "Point", "coordinates": [7.0, 55.0]}, "properties": {"value": 9.81, "time": "2025-12-16T18:00:00", "date": "2025-12-16", "hour": 18}}, {"type": "Feature", "geometry": {"type": "Point", "coordinates": [7.25, 55.0]}, "properties": {"value": 9.486, "time": "2025-12-16T18:00:00", "date": "2025-12-16", "hour": 18}}, {"type": "Feature", "geometry": {"type": "Point", "coordinates": [7.5, 55.0]}, "properties": {"value": 9.176, "time": "2025-12-16T18:00:00", "date": "2025-12-16", "hour": 18}}, {"type": "Feature", "geometry": {"type": "Point", "coordinates": [7.75, 55.0]}, "properties": {"value": 8.262, "time": "2025-12-16T18:00:00", "date": "2025-12-16", "hour": 18}}, {"type": "Feature", "geometry": {"type": "Point", "coordinates": [8.0, 55.0]}, "properties": {"value": 7.421, "time": "2025-12-16T18:00:00", "date": "2025-12-16", "hour": 18}}, {"type": "Feature", "geometry": {"type": "Point", "coordinates": [8.25, 55.0]}, "properties": {"value": 6.589, "time": "2025-12-16T18:00:00", "date": "2025-12-16", "hour": 18}}, {"type": "Feature", "geometry": {"type": "Point", "coordinates": [8.5, 55.0]}, "properties": {"value": 5.959, "time": "2025-12-16T18:00:00", "date": "2025-12-16", "hour": 18}}, {"type": "Feature", "geometry": {"type": "Point", "coordinates": [10.25, 55.0]}, "properties": {"value": 7.051, "time": "2025-12-16T18:00:00", "date": "2025-12-16", "hour": 18}}, {"type": "Feature", "geometry": {"type": "Point", "coordinates": [10.5, 55.0]}, "properties": {"value": 6.888, "time": "2025-12-16T18:00:00", "date": "2025-12-16", "hour": 18}}, {"type": "Feature", "geometry": {"type": "Point", "coordinates": [10.75, 55.0]}, "properties": {"value": 6.727, "time": "2025-12-16T18:00:00", "date": "2025-12-16", "hour": 18}}, {"type": "Feature", "geometry": {"type": "Point", "coordinates": [11.0, 55.0]}, "properties": {"value": 6.484, "time": "2025-12-16T18:00:00", "date": "2025-12-16", "hour": 18}}, {"type": "Feature", "geometry": {"type": "Point", "coordinates": [11.25, 55.0]}, "properties": {"value": 6.052, "time": "2025-12-16T18:00:00", "date": "2025-12-16", "hour": 18}}, {"type": "Feature", "geometry": {"type": "Point", "coordinates": [11.5, 55.0]}, "properties": {"value": 5.719, "time": "2025-12-16T18:00:00", "date": "2025-12-16", "hour": 18}}, {"type": "Feature", "geometry": {"type": "Point", "coordinates": [11.75, 55.0]}, "properties": {"value": 5.292, "time": "2025-12-16T18:00:00", "date": "2025-12-16", "hour": 18}}, {"type": "Feature", "geometry": {"type": "Point", "coordinates": [12.0, 55.0]}, "properties": {"value": 5.625, "time": "2025-12-16T18:00:00", "date": "2025-12-16", "hour": 18}}, {"type": "Feature", "geometry": {"type": "Point", "coordinates": [12.25, 55.0]}, "properties": {"value": 6.174, "time": "2025-12-16T18:00:00", "date": "2025-12-16", "hour": 18}}, {"type": "Feature", "geometry": {"type": "Point", "coordinates": [12.5, 55.0]}, "properties": {"value": 7.017, "time": "2025-12-16T18:00:00", "date": "2025-12-16", "hour": 18}}, {"type": "Feature", "geometry": {"type": "Point", "coordinates": [12.75, 55.0]}, "properties": {"value": 7.281, "time": "2025-12-16T18:00:00", "date": "2025-12-16", "hour": 18}}, {"type": "Feature", "geometry": {"type": "Point", "coordinates": [13.0, 55.0]}, "properties": {"value": 7.358, "time": "2025-12-16T18:00:00", "date": "2025-12-16", "hour": 18}}, {"type": "Feature", "geometry": {"type": "Point", "coordinates": [13.25, 55.0]}, "properties": {"value": 7.385, "time": "2025-12-16T18:00:00", "date": "2025-12-16", "hour": 18}}, {"type": "Feature", "geometry": {"type": "Point", "coordinates": [13.5, 55.0]}, "properties": {"value": 7.365, "time": "2025-12-16T18:00:00", "date": "2025-12-16", "hour": 18}}, {"type": "Feature", "geometry": {"type": "Point", "coordinates": [13.75, 55.0]}, "properties": {"value": 7.413, "time": "2025-12-16T18:00:00", "date": "2025-12-16", "hour": 18}}, {"type": "Feature", "geometry": {"type": "Point", "coordinates": [14.0, 55.0]}, "properties": {"value": 7.438, "time": "2025-12-16T18:00:00", "date": "2025-12-16", "hour": 18}}, {"type": "Feature", "geometry": {"type": "Point", "coordinates": [14.25, 55.0]}, "properties": {"value": 7.563, "time": "2025-12-16T18:00:00", "date": "2025-12-16", "hour": 18}}, {"type": "Feature", "geometry": {"type": "Point", "coordinates": [14.5, 55.0]}, "properties": {"value": 7.666, "time": "2025-12-16T18:00:00", "date": "2025-12-16", "hour": 18}}, {"type": "Feature", "geometry": {"type": "Point", "coordinates": [14.75, 55.0]}, "properties": {"value": 7.713, "time": "2025-12-16T18:00:00", "date": "2025-12-16", "hour": 18}}, {"type": "Feature", "geometry": {"type": "Point", "coordinates": [15.0, 55.0]}, "properties": {"value": 7.778, "time": "2025-12-16T18:00:00", "date": "2025-12-16", "hour": 18}}, {"type": "Feature", "geometry": {"type": "Point", "coordinates": [5.25, 52.75]}, "properties": {"value": 6.812, "time": "2025-12-16T19:00:00", "date": "2025-12-16", "hour": 19}}, {"type": "Feature", "geometry": {"type": "Point", "coordinates": [5.5, 52.75]}, "properties": {"value": 6.813, "time": "2025-12-16T19:00:00", "date": "2025-12-16", "hour": 19}}, {"type": "Feature", "geometry": {"type": "Point", "coordinates": [5.0, 53.0]}, "properties": {"value": 7.319, "time": "2025-12-16T19:00:00", "date": "2025-12-16", "hour": 19}}, {"type": "Feature", "geometry": {"type": "Point", "coordinates": [5.25, 53.0]}, "properties": {"value": 7.042, "time": "2025-12-16T19:00:00", "date": "2025-12-16", "hour": 19}}, {"type": "Feature", "geometry": {"type": "Point", "coordinates": [5.5, 53.0]}, "properties": {"value": 6.799, "time": "2025-12-16T19:00:00", "date": "2025-12-16", "hour": 19}}, {"type": "Feature", "geometry": {"type": "Point", "coordinates": [5.0, 53.25]}, "properties": {"value": 8.008, "time": "2025-12-16T19:00:00", "date": "2025-12-16", "hour": 19}}, {"type": "Feature", "geometry": {"type": "Point", "coordinates": [5.25, 53.25]}, "properties": {"value": 7.442, "time": "2025-12-16T19:00:00", "date": "2025-12-16", "hour": 19}}, {"type": "Feature", "geometry": {"type": "Point", "coordinates": [5.5, 53.25]}, "properties": {"value": 7.099, "time": "2025-12-16T19:00:00", "date": "2025-12-16", "hour": 19}}, {"type": "Feature", "geometry": {"type": "Point", "coordinates": [5.0, 53.5]}, "properties": {"value": 9.558, "time": "2025-12-16T19:00:00", "date": "2025-12-16", "hour": 19}}, {"type": "Feature", "geometry": {"type": "Point", "coordinates": [5.25, 53.5]}, "properties": {"value": 8.981, "time": "2025-12-16T19:00:00", "date": "2025-12-16", "hour": 19}}, {"type": "Feature", "geometry": {"type": "Point", "coordinates": [5.5, 53.5]}, "properties": {"value": 8.797, "time": "2025-12-16T19:00:00", "date": "2025-12-16", "hour": 19}}, {"type": "Feature", "geometry": {"type": "Point", "coordinates": [5.75, 53.5]}, "properties": {"value": 8.375, "time": "2025-12-16T19:00:00", "date": "2025-12-16", "hour": 19}}, {"type": "Feature", "geometry": {"type": "Point", "coordinates": [6.0, 53.5]}, "properties": {"value": 8.022, "time": "2025-12-16T19:00:00", "date": "2025-12-16", "hour": 19}}, {"type": "Feature", "geometry": {"type": "Point", "coordinates": [6.25, 53.5]}, "properties": {"value": 7.727, "time": "2025-12-16T19:00:00", "date": "2025-12-16", "hour": 19}}, {"type": "Feature", "geometry": {"type": "Point", "coordinates": [6.5, 53.5]}, "properties": {"value": 7.554, "time": "2025-12-16T19:00:00", "date": "2025-12-16", "hour": 19}}, {"type": "Feature", "geometry": {"type": "Point", "coordinates": [6.75, 53.5]}, "properties": {"value": 7.247, "time": "2025-12-16T19:00:00", "date": "2025-12-16", "hour": 19}}, {"type": "Feature", "geometry": {"type": "Point", "coordinates": [5.0, 53.75]}, "properties": {"value": 10.229, "time": "2025-12-16T19:00:00", "date": "2025-12-16", "hour": 19}}, {"type": "Feature", "geometry": {"type": "Point", "coordinates": [5.25, 53.75]}, "properties": {"value": 9.866, "time": "2025-12-16T19:00:00", "date": "2025-12-16", "hour": 19}}, {"type": "Feature", "geometry": {"type": "Point", "coordinates": [5.5, 53.75]}, "properties": {"value": 9.563, "time": "2025-12-16T19:00:00", "date": "2025-12-16", "hour": 19}}, {"type": "Feature", "geometry": {"type": "Point", "coordinates": [5.75, 53.75]}, "properties": {"value": 9.251, "time": "2025-12-16T19:00:00", "date": "2025-12-16", "hour": 19}}, {"type": "Feature", "geometry": {"type": "Point", "coordinates": [6.0, 53.75]}, "properties": {"value": 8.924, "time": "2025-12-16T19:00:00", "date": "2025-12-16", "hour": 19}}, {"type": "Feature", "geometry": {"type": "Point", "coordinates": [6.25, 53.75]}, "properties": {"value": 8.53, "time": "2025-12-16T19:00:00", "date": "2025-12-16", "hour": 19}}, {"type": "Feature", "geometry": {"type": "Point", "coordinates": [6.5, 53.75]}, "properties": {"value": 8.097, "time": "2025-12-16T19:00:00", "date": "2025-12-16", "hour": 19}}, {"type": "Feature", "geometry": {"type": "Point", "coordinates": [6.75, 53.75]}, "properties": {"value": 7.733, "time": "2025-12-16T19:00:00", "date": "2025-12-16", "hour": 19}}, {"type": "Feature", "geometry": {"type": "Point", "coordinates": [7.0, 53.75]}, "properties": {"value": 7.699, "time": "2025-12-16T19:00:00", "date": "2025-12-16", "hour": 19}}, {"type": "Feature", "geometry": {"type": "Point", "coordinates": [7.25, 53.75]}, "properties": {"value": 7.42, "time": "2025-12-16T19:00:00", "date": "2025-12-16", "hour": 19}}, {"type": "Feature", "geometry": {"type": "Point", "coordinates": [7.5, 53.75]}, "properties": {"value": 7.347, "time": "2025-12-16T19:00:00", "date": "2025-12-16", "hour": 19}}, {"type": "Feature", "geometry": {"type": "Point", "coordinates": [7.75, 53.75]}, "properties": {"value": 7.335, "time": "2025-12-16T19:00:00", "date": "2025-12-16", "hour": 19}}, {"type": "Feature", "geometry": {"type": "Point", "coordinates": [8.0, 53.75]}, "properties": {"value": 7.199, "time": "2025-12-16T19:00:00", "date": "2025-12-16", "hour": 19}}, {"type": "Feature", "geometry": {"type": "Point", "coordinates": [8.25, 53.75]}, "properties": {"value": 6.78, "time": "2025-12-16T19:00:00", "date": "2025-12-16", "hour": 19}}, {"type": "Feature", "geometry": {"type": "Point", "coordinates": [8.5, 53.75]}, "properties": {"value": 6.318, "time": "2025-12-16T19:00:00", "date": "2025-12-16", "hour": 19}}, {"type": "Feature", "geometry": {"type": "Point", "coordinates": [8.75, 53.75]}, "properties": {"value": 6.318, "time": "2025-12-16T19:00:00", "date": "2025-12-16", "hour": 19}}, {"type": "Feature", "geometry": {"type": "Point", "coordinates": [14.25, 53.75]}, "properties": {"value": 4.019, "time": "2025-12-16T19:00:00", "date": "2025-12-16", "hour": 19}}, {"type": "Feature", "geometry": {"type": "Point", "coordinates": [14.5, 53.75]}, "properties": {"value": 4.019, "time": "2025-12-16T19:00:00", "date": "2025-12-16", "hour": 19}}, {"type": "Feature", "geometry": {"type": "Point", "coordinates": [5.0, 54.0]}, "properties": {"value": 10.358, "time": "2025-12-16T19:00:00", "date": "2025-12-16", "hour": 19}}, {"type": "Feature", "geometry": {"type": "Point", "coordinates": [5.25, 54.0]}, "properties": {"value": 10.289, "time": "2025-12-16T19:00:00", "date": "2025-12-16", "hour": 19}}, {"type": "Feature", "geometry": {"type": "Point", "coordinates": [5.5, 54.0]}, "properties": {"value": 9.988, "time": "2025-12-16T19:00:00", "date": "2025-12-16", "hour": 19}}, {"type": "Feature", "geometry": {"type": "Point", "coordinates": [5.75, 54.0]}, "properties": {"value": 9.715, "time": "2025-12-16T19:00:00", "date": "2025-12-16", "hour": 19}}, {"type": "Feature", "geometry": {"type": "Point", "coordinates": [6.0, 54.0]}, "properties": {"value": 9.437, "time": "2025-12-16T19:00:00", "date": "2025-12-16", "hour": 19}}, {"type": "Feature", "geometry": {"type": "Point", "coordinates": [6.25, 54.0]}, "properties": {"value": 9.104, "time": "2025-12-16T19:00:00", "date": "2025-12-16", "hour": 19}}, {"type": "Feature", "geometry": {"type": "Point", "coordinates": [6.5, 54.0]}, "properties": {"value": 8.729, "time": "2025-12-16T19:00:00", "date": "2025-12-16", "hour": 19}}, {"type": "Feature", "geometry": {"type": "Point", "coordinates": [6.75, 54.0]}, "properties": {"value": 8.619, "time": "2025-12-16T19:00:00", "date": "2025-12-16", "hour": 19}}, {"type": "Feature", "geometry": {"type": "Point", "coordinates": [7.0, 54.0]}, "properties": {"value": 8.61, "time": "2025-12-16T19:00:00", "date": "2025-12-16", "hour": 19}}, {"type": "Feature", "geometry": {"type": "Point", "coordinates": [7.25, 54.0]}, "properties": {"value": 8.44, "time": "2025-12-16T19:00:00", "date": "2025-12-16", "hour": 19}}, {"type": "Feature", "geometry": {"type": "Point", "coordinates": [7.5, 54.0]}, "properties": {"value": 8.324, "time": "2025-12-16T19:00:00", "date": "2025-12-16", "hour": 19}}, {"type": "Feature", "geometry": {"type": "Point", "coordinates": [7.75, 54.0]}, "properties": {"value": 8.191, "time": "2025-12-16T19:00:00", "date": "2025-12-16", "hour": 19}}, {"type": "Feature", "geometry": {"type": "Point", "coordinates": [8.0, 54.0]}, "properties": {"value": 8.098, "time": "2025-12-16T19:00:00", "date": "2025-12-16", "hour": 19}}, {"type": "Feature", "geometry": {"type": "Point", "coordinates": [8.25, 54.0]}, "properties": {"value": 7.782, "time": "2025-12-16T19:00:00", "date": "2025-12-16", "hour": 19}}, {"type": "Feature", "geometry": {"type": "Point", "coordinates": [8.5, 54.0]}, "properties": {"value": 6.801, "time": "2025-12-16T19:00:00", "date": "2025-12-16", "hour": 19}}, {"type": "Feature", "geometry": {"type": "Point", "coordinates": [11.25, 54.0]}, "properties": {"value": 6.357, "time": "2025-12-16T19:00:00", "date": "2025-12-16", "hour": 19}}, {"type": "Feature", "geometry": {"type": "Point", "coordinates": [14.0, 54.0]}, "properties": {"value": 5.063, "time": "2025-12-16T19:00:00", "date": "2025-12-16", "hour": 19}}, {"type": "Feature", "geometry": {"type": "Point", "coordinates": [14.25, 54.0]}, "properties": {"value": 5.53, "time": "2025-12-16T19:00:00", "date": "2025-12-16", "hour": 19}}, {"type": "Feature", "geometry": {"type": "Point", "coordinates": [14.5, 54.0]}, "properties": {"value": 5.315, "time": "2025-12-16T19:00:00", "date": "2025-12-16", "hour": 19}}, {"type": "Feature", "geometry": {"type": "Point", "coordinates": [14.75, 54.0]}, "properties": {"value": 5.745, "time": "2025-12-16T19:00:00", "date": "2025-12-16", "hour": 19}}, {"type": "Feature", "geometry": {"type": "Point", "coordinates": [5.0, 54.25]}, "properties": {"value": 10.358, "time": "2025-12-16T19:00:00", "date": "2025-12-16", "hour": 19}}, {"type": "Feature", "geometry": {"type": "Point", "coordinates": [5.25, 54.25]}, "properties": {"value": 10.323, "time": "2025-12-16T19:00:00", "date": "2025-12-16", "hour": 19}}, {"type": "Feature", "geometry": {"type": "Point", "coordinates": [5.5, 54.25]}, "properties": {"value": 10.215, "time": "2025-12-16T19:00:00", "date": "2025-12-16", "hour": 19}}, {"type": "Feature", "geometry": {"type": "Point", "coordinates": [5.75, 54.25]}, "properties": {"value": 9.978, "time": "2025-12-16T19:00:00", "date": "2025-12-16", "hour": 19}}, {"type": "Feature", "geometry": {"type": "Point", "coordinates": [6.0, 54.25]}, "properties": {"value": 9.837, "time": "2025-12-16T19:00:00", "date": "2025-12-16", "hour": 19}}, {"type": "Feature", "geometry": {"type": "Point", "coordinates": [6.25, 54.25]}, "properties": {"value": 9.578, "time": "2025-12-16T19:00:00", "date": "2025-12-16", "hour": 19}}, {"type": "Feature", "geometry": {"type": "Point", "coordinates": [6.5, 54.25]}, "properties": {"value": 9.419, "time": "2025-12-16T19:00:00", "date": "2025-12-16", "hour": 19}}, {"type": "Feature", "geometry": {"type": "Point", "coordinates": [6.75, 54.25]}, "properties": {"value": 9.317, "time": "2025-12-16T19:00:00", "date": "2025-12-16", "hour": 19}}, {"type": "Feature", "geometry": {"type": "Point", "coordinates": [7.0, 54.25]}, "properties": {"value": 9.259, "time": "2025-12-16T19:00:00", "date": "2025-12-16", "hour": 19}}, {"type": "Feature", "geometry": {"type": "Point", "coordinates": [7.25, 54.25]}, "properties": {"value": 9.112, "time": "2025-12-16T19:00:00", "date": "2025-12-16", "hour": 19}}, {"type": "Feature", "geometry": {"type": "Point", "coordinates": [7.5, 54.25]}, "properties": {"value": 8.909, "time": "2025-12-16T19:00:00", "date": "2025-12-16", "hour": 19}}, {"type": "Feature", "geometry": {"type": "Point", "coordinates": [7.75, 54.25]}, "properties": {"value": 8.648, "time": "2025-12-16T19:00:00", "date": "2025-12-16", "hour": 19}}, {"type": "Feature", "geometry": {"type": "Point", "coordinates": [8.0, 54.25]}, "properties": {"value": 8.501, "time": "2025-12-16T19:00:00", "date": "2025-12-16", "hour": 19}}, {"type": "Feature", "geometry": {"type": "Point", "coordinates": [8.25, 54.25]}, "properties": {"value": 7.519, "time": "2025-12-16T19:00:00", "date": "2025-12-16", "hour": 19}}, {"type": "Feature", "geometry": {"type": "Point", "coordinates": [8.5, 54.25]}, "properties": {"value": 6.558, "time": "2025-12-16T19:00:00", "date": "2025-12-16", "hour": 19}}, {"type": "Feature", "geometry": {"type": "Point", "coordinates": [10.75, 54.25]}, "properties": {"value": 6.417, "time": "2025-12-16T19:00:00", "date": "2025-12-16", "hour": 19}}, {"type": "Feature", "geometry": {"type": "Point", "coordinates": [11.25, 54.25]}, "properties": {"value": 6.624, "time": "2025-12-16T19:00:00", "date": "2025-12-16", "hour": 19}}, {"type": "Feature", "geometry": {"type": "Point", "coordinates": [11.75, 54.25]}, "properties": {"value": 6.805, "time": "2025-12-16T19:00:00", "date": "2025-12-16", "hour": 19}}, {"type": "Feature", "geometry": {"type": "Point", "coordinates": [12.25, 54.25]}, "properties": {"value": 6.282, "time": "2025-12-16T19:00:00", "date": "2025-12-16", "hour": 19}}, {"type": "Feature", "geometry": {"type": "Point", "coordinates": [13.75, 54.25]}, "properties": {"value": 5.208, "time": "2025-12-16T19:00:00", "date": "2025-12-16", "hour": 19}}, {"type": "Feature", "geometry": {"type": "Point", "coordinates": [14.0, 54.25]}, "properties": {"value": 5.585, "time": "2025-12-16T19:00:00", "date": "2025-12-16", "hour": 19}}, {"type": "Feature", "geometry": {"type": "Point", "coordinates": [14.25, 54.25]}, "properties": {"value": 5.873, "time": "2025-12-16T19:00:00", "date": "2025-12-16", "hour": 19}}, {"type": "Feature", "geometry": {"type": "Point", "coordinates": [14.5, 54.25]}, "properties": {"value": 5.816, "time": "2025-12-16T19:00:00", "date": "2025-12-16", "hour": 19}}, {"type": "Feature", "geometry": {"type": "Point", "coordinates": [14.75, 54.25]}, "properties": {"value": 6.102, "time": "2025-12-16T19:00:00", "date": "2025-12-16", "hour": 19}}, {"type": "Feature", "geometry": {"type": "Point", "coordinates": [15.0, 54.25]}, "properties": {"value": 6.699, "time": "2025-12-16T19:00:00", "date": "2025-12-16", "hour": 19}}, {"type": "Feature", "geometry": {"type": "Point", "coordinates": [5.0, 54.5]}, "properties": {"value": 10.326, "time": "2025-12-16T19:00:00", "date": "2025-12-16", "hour": 19}}, {"type": "Feature", "geometry": {"type": "Point", "coordinates": [5.25, 54.5]}, "properties": {"value": 10.398, "time": "2025-12-16T19:00:00", "date": "2025-12-16", "hour": 19}}, {"type": "Feature", "geometry": {"type": "Point", "coordinates": [5.5, 54.5]}, "properties": {"value": 10.352, "time": "2025-12-16T19:00:00", "date": "2025-12-16", "hour": 19}}, {"type": "Feature", "geometry": {"type": "Point", "coordinates": [5.75, 54.5]}, "properties": {"value": 10.232, "time": "2025-12-16T19:00:00", "date": "2025-12-16", "hour": 19}}, {"type": "Feature", "geometry": {"type": "Point", "coordinates": [6.0, 54.5]}, "properties": {"value": 10.123, "time": "2025-12-16T19:00:00", "date": "2025-12-16", "hour": 19}}, {"type": "Feature", "geometry": {"type": "Point", "coordinates": [6.25, 54.5]}, "properties": {"value": 10.017, "time": "2025-12-16T19:00:00", "date": "2025-12-16", "hour": 19}}, {"type": "Feature", "geometry": {"type": "Point", "coordinates": [6.5, 54.5]}, "properties": {"value": 9.854, "time": "2025-12-16T19:00:00", "date": "2025-12-16", "hour": 19}}, {"type": "Feature", "geometry": {"type": "Point", "coordinates": [6.75, 54.5]}, "properties": {"value": 9.744, "time": "2025-12-16T19:00:00", "date": "2025-12-16", "hour": 19}}, {"type": "Feature", "geometry": {"type": "Point", "coordinates": [7.0, 54.5]}, "properties": {"value": 9.655, "time": "2025-12-16T19:00:00", "date": "2025-12-16", "hour": 19}}, {"type": "Feature", "geometry": {"type": "Point", "coordinates": [7.25, 54.5]}, "properties": {"value": 9.301, "time": "2025-12-16T19:00:00", "date": "2025-12-16", "hour": 19}}, {"type": "Feature", "geometry": {"type": "Point", "coordinates": [7.5, 54.5]}, "properties": {"value": 9.048, "time": "2025-12-16T19:00:00", "date": "2025-12-16", "hour": 19}}, {"type": "Feature", "geometry": {"type": "Point", "coordinates": [7.75, 54.5]}, "properties": {"value": 8.751, "time": "2025-12-16T19:00:00", "date": "2025-12-16", "hour": 19}}, {"type": "Feature", "geometry": {"type": "Point", "coordinates": [8.0, 54.5]}, "properties": {"value": 7.841, "time": "2025-12-16T19:00:00", "date": "2025-12-16", "hour": 19}}, {"type": "Feature", "geometry": {"type": "Point", "coordinates": [8.25, 54.5]}, "properties": {"value": 6.972, "time": "2025-12-16T19:00:00", "date": "2025-12-16", "hour": 19}}, {"type": "Feature", "geometry": {"type": "Point", "coordinates": [8.5, 54.5]}, "properties": {"value": 6.117, "time": "2025-12-16T19:00:00", "date": "2025-12-16", "hour": 19}}, {"type": "Feature", "geometry": {"type": "Point", "coordinates": [10.5, 54.5]}, "properties": {"value": 6.819, "time": "2025-12-16T19:00:00", "date": "2025-12-16", "hour": 19}}, {"type": "Feature", "geometry": {"type": "Point", "coordinates": [10.75, 54.5]}, "properties": {"value": 6.623, "time": "2025-12-16T19:00:00", "date": "2025-12-16", "hour": 19}}, {"type": "Feature", "geometry": {"type": "Point", "coordinates": [11.0, 54.5]}, "properties": {"value": 6.469, "time": "2025-12-16T19:00:00", "date": "2025-12-16", "hour": 19}}, {"type": "Feature", "geometry": {"type": "Point", "coordinates": [11.25, 54.5]}, "properties": {"value": 6.7, "time": "2025-12-16T19:00:00", "date": "2025-12-16", "hour": 19}}, {"type": "Feature", "geometry": {"type": "Point", "coordinates": [11.5, 54.5]}, "properties": {"value": 6.676, "time": "2025-12-16T19:00:00", "date": "2025-12-16", "hour": 19}}, {"type": "Feature", "geometry": {"type": "Point", "coordinates": [11.75, 54.5]}, "properties": {"value": 6.785, "time": "2025-12-16T19:00:00", "date": "2025-12-16", "hour": 19}}, {"type": "Feature", "geometry": {"type": "Point", "coordinates": [12.0, 54.5]}, "properties": {"value": 6.632, "time": "2025-12-16T19:00:00", "date": "2025-12-16", "hour": 19}}, {"type": "Feature", "geometry": {"type": "Point", "coordinates": [12.25, 54.5]}, "properties": {"value": 6.445, "time": "2025-12-16T19:00:00", "date": "2025-12-16", "hour": 19}}, {"type": "Feature", "geometry": {"type": "Point", "coordinates": [13.0, 54.5]}, "properties": {"value": 6.844, "time": "2025-12-16T19:00:00", "date": "2025-12-16", "hour": 19}}, {"type": "Feature", "geometry": {"type": "Point", "coordinates": [13.25, 54.5]}, "properties": {"value": 6.297, "time": "2025-12-16T19:00:00", "date": "2025-12-16", "hour": 19}}, {"type": "Feature", "geometry": {"type": "Point", "coordinates": [13.5, 54.5]}, "properties": {"value": 6.049, "time": "2025-12-16T19:00:00", "date": "2025-12-16", "hour": 19}}, {"type": "Feature", "geometry": {"type": "Point", "coordinates": [13.75, 54.5]}, "properties": {"value": 6.15, "time": "2025-12-16T19:00:00", "date": "2025-12-16", "hour": 19}}, {"type": "Feature", "geometry": {"type": "Point", "coordinates": [14.0, 54.5]}, "properties": {"value": 6.496, "time": "2025-12-16T19:00:00", "date": "2025-12-16", "hour": 19}}, {"type": "Feature", "geometry": {"type": "Point", "coordinates": [14.25, 54.5]}, "properties": {"value": 6.531, "time": "2025-12-16T19:00:00", "date": "2025-12-16", "hour": 19}}, {"type": "Feature", "geometry": {"type": "Point", "coordinates": [14.5, 54.5]}, "properties": {"value": 6.777, "time": "2025-12-16T19:00:00", "date": "2025-12-16", "hour": 19}}, {"type": "Feature", "geometry": {"type": "Point", "coordinates": [14.75, 54.5]}, "properties": {"value": 6.974, "time": "2025-12-16T19:00:00", "date": "2025-12-16", "hour": 19}}, {"type": "Feature", "geometry": {"type": "Point", "coordinates": [15.0, 54.5]}, "properties": {"value": 7.613, "time": "2025-12-16T19:00:00", "date": "2025-12-16", "hour": 19}}, {"type": "Feature", "geometry": {"type": "Point", "coordinates": [5.0, 54.75]}, "properties": {"value": 10.267, "time": "2025-12-16T19:00:00", "date": "2025-12-16", "hour": 19}}, {"type": "Feature", "geometry": {"type": "Point", "coordinates": [5.25, 54.75]}, "properties": {"value": 10.34, "time": "2025-12-16T19:00:00", "date": "2025-12-16", "hour": 19}}, {"type": "Feature", "geometry": {"type": "Point", "coordinates": [5.5, 54.75]}, "properties": {"value": 10.381, "time": "2025-12-16T19:00:00", "date": "2025-12-16", "hour": 19}}, {"type": "Feature", "geometry": {"type": "Point", "coordinates": [5.75, 54.75]}, "properties": {"value": 10.38, "time": "2025-12-16T19:00:00", "date": "2025-12-16", "hour": 19}}, {"type": "Feature", "geometry": {"type": "Point", "coordinates": [6.0, 54.75]}, "properties": {"value": 10.299, "time": "2025-12-16T19:00:00", "date": "2025-12-16", "hour": 19}}, {"type": "Feature", "geometry": {"type": "Point", "coordinates": [6.25, 54.75]}, "properties": {"value": 10.196, "time": "2025-12-16T19:00:00", "date": "2025-12-16", "hour": 19}}, {"type": "Feature", "geometry": {"type": "Point", "coordinates": [6.5, 54.75]}, "properties": {"value": 10.082, "time": "2025-12-16T19:00:00", "date": "2025-12-16", "hour": 19}}, {"type": "Feature", "geometry": {"type": "Point", "coordinates": [6.75, 54.75]}, "properties": {"value": 9.954, "time": "2025-12-16T19:00:00", "date": "2025-12-16", "hour": 19}}, {"type": "Feature", "geometry": {"type": "Point", "coordinates": [7.0, 54.75]}, "properties": {"value": 9.864, "time": "2025-12-16T19:00:00", "date": "2025-12-16", "hour": 19}}, {"type": "Feature", "geometry": {"type": "Point", "coordinates": [7.25, 54.75]}, "properties": {"value": 9.502, "time": "2025-12-16T19:00:00", "date": "2025-12-16", "hour": 19}}, {"type": "Feature", "geometry": {"type": "Point", "coordinates": [7.5, 54.75]}, "properties": {"value": 9.154, "time": "2025-12-16T19:00:00", "date": "2025-12-16", "hour": 19}}, {"type": "Feature", "geometry": {"type": "Point", "coordinates": [7.75, 54.75]}, "properties": {"value": 8.209, "time": "2025-12-16T19:00:00", "date": "2025-12-16", "hour": 19}}, {"type": "Feature", "geometry": {"type": "Point", "coordinates": [8.0, 54.75]}, "properties": {"value": 7.254, "time": "2025-12-16T19:00:00", "date": "2025-12-16", "hour": 19}}, {"type": "Feature", "geometry": {"type": "Point", "coordinates": [8.25, 54.75]}, "properties": {"value": 6.497, "time": "2025-12-16T19:00:00", "date": "2025-12-16", "hour": 19}}, {"type": "Feature", "geometry": {"type": "Point", "coordinates": [8.5, 54.75]}, "properties": {"value": 5.865, "time": "2025-12-16T19:00:00", "date": "2025-12-16", "hour": 19}}, {"type": "Feature", "geometry": {"type": "Point", "coordinates": [10.25, 54.75]}, "properties": {"value": 7.163, "time": "2025-12-16T19:00:00", "date": "2025-12-16", "hour": 19}}, {"type": "Feature", "geometry": {"type": "Point", "coordinates": [10.5, 54.75]}, "properties": {"value": 7.016, "time": "2025-12-16T19:00:00", "date": "2025-12-16", "hour": 19}}, {"type": "Feature", "geometry": {"type": "Point", "coordinates": [10.75, 54.75]}, "properties": {"value": 6.83, "time": "2025-12-16T19:00:00", "date": "2025-12-16", "hour": 19}}, {"type": "Feature", "geometry": {"type": "Point", "coordinates": [11.0, 54.75]}, "properties": {"value": 6.646, "time": "2025-12-16T19:00:00", "date": "2025-12-16", "hour": 19}}, {"type": "Feature", "geometry": {"type": "Point", "coordinates": [11.25, 54.75]}, "properties": {"value": 6.313, "time": "2025-12-16T19:00:00", "date": "2025-12-16", "hour": 19}}, {"type": "Feature", "geometry": {"type": "Point", "coordinates": [11.5, 54.75]}, "properties": {"value": 6.009, "time": "2025-12-16T19:00:00", "date": "2025-12-16", "hour": 19}}, {"type": "Feature", "geometry": {"type": "Point", "coordinates": [12.0, 54.75]}, "properties": {"value": 6.154, "time": "2025-12-16T19:00:00", "date": "2025-12-16", "hour": 19}}, {"type": "Feature", "geometry": {"type": "Point", "coordinates": [12.25, 54.75]}, "properties": {"value": 6.574, "time": "2025-12-16T19:00:00", "date": "2025-12-16", "hour": 19}}, {"type": "Feature", "geometry": {"type": "Point", "coordinates": [12.5, 54.75]}, "properties": {"value": 6.943, "time": "2025-12-16T19:00:00", "date": "2025-12-16", "hour": 19}}, {"type": "Feature", "geometry": {"type": "Point", "coordinates": [12.75, 54.75]}, "properties": {"value": 7.042, "time": "2025-12-16T19:00:00", "date": "2025-12-16", "hour": 19}}, {"type": "Feature", "geometry": {"type": "Point", "coordinates": [13.0, 54.75]}, "properties": {"value": 6.97, "time": "2025-12-16T19:00:00", "date": "2025-12-16", "hour": 19}}, {"type": "Feature", "geometry": {"type": "Point", "coordinates": [13.25, 54.75]}, "properties": {"value": 6.999, "time": "2025-12-16T19:00:00", "date": "2025-12-16", "hour": 19}}, {"type": "Feature", "geometry": {"type": "Point", "coordinates": [13.5, 54.75]}, "properties": {"value": 7.044, "time": "2025-12-16T19:00:00", "date": "2025-12-16", "hour": 19}}, {"type": "Feature", "geometry": {"type": "Point", "coordinates": [13.75, 54.75]}, "properties": {"value": 7.144, "time": "2025-12-16T19:00:00", "date": "2025-12-16", "hour": 19}}, {"type": "Feature", "geometry": {"type": "Point", "coordinates": [14.0, 54.75]}, "properties": {"value": 7.238, "time": "2025-12-16T19:00:00", "date": "2025-12-16", "hour": 19}}, {"type": "Feature", "geometry": {"type": "Point", "coordinates": [14.25, 54.75]}, "properties": {"value": 7.402, "time": "2025-12-16T19:00:00", "date": "2025-12-16", "hour": 19}}, {"type": "Feature", "geometry": {"type": "Point", "coordinates": [14.5, 54.75]}, "properties": {"value": 7.803, "time": "2025-12-16T19:00:00", "date": "2025-12-16", "hour": 19}}, {"type": "Feature", "geometry": {"type": "Point", "coordinates": [14.75, 54.75]}, "properties": {"value": 7.963, "time": "2025-12-16T19:00:00", "date": "2025-12-16", "hour": 19}}, {"type": "Feature", "geometry": {"type": "Point", "coordinates": [15.0, 54.75]}, "properties": {"value": 8.052, "time": "2025-12-16T19:00:00", "date": "2025-12-16", "hour": 19}}, {"type": "Feature", "geometry": {"type": "Point", "coordinates": [5.0, 55.0]}, "properties": {"value": 10.113, "time": "2025-12-16T19:00:00", "date": "2025-12-16", "hour": 19}}, {"type": "Feature", "geometry": {"type": "Point", "coordinates": [5.25, 55.0]}, "properties": {"value": 10.274, "time": "2025-12-16T19:00:00", "date": "2025-12-16", "hour": 19}}, {"type": "Feature", "geometry": {"type": "Point", "coordinates": [5.5, 55.0]}, "properties": {"value": 10.323, "time": "2025-12-16T19:00:00", "date": "2025-12-16", "hour": 19}}, {"type": "Feature", "geometry": {"type": "Point", "coordinates": [5.75, 55.0]}, "properties": {"value": 10.323, "time": "2025-12-16T19:00:00", "date": "2025-12-16", "hour": 19}}, {"type": "Feature", "geometry": {"type": "Point", "coordinates": [6.0, 55.0]}, "properties": {"value": 10.274, "time": "2025-12-16T19:00:00", "date": "2025-12-16", "hour": 19}}, {"type": "Feature", "geometry": {"type": "Point", "coordinates": [6.25, 55.0]}, "properties": {"value": 10.224, "time": "2025-12-16T19:00:00", "date": "2025-12-16", "hour": 19}}, {"type": "Feature", "geometry": {"type": "Point", "coordinates": [6.5, 55.0]}, "properties": {"value": 10.116, "time": "2025-12-16T19:00:00", "date": "2025-12-16", "hour": 19}}, {"type": "Feature", "geometry": {"type": "Point", "coordinates": [6.75, 55.0]}, "properties": {"value": 9.98, "time": "2025-12-16T19:00:00", "date": "2025-12-16", "hour": 19}}, {"type": "Feature", "geometry": {"type": "Point", "coordinates": [7.0, 55.0]}, "properties": {"value": 9.81, "time": "2025-12-16T19:00:00", "date": "2025-12-16", "hour": 19}}, {"type": "Feature", "geometry": {"type": "Point", "coordinates": [7.25, 55.0]}, "properties": {"value": 9.486, "time": "2025-12-16T19:00:00", "date": "2025-12-16", "hour": 19}}, {"type": "Feature", "geometry": {"type": "Point", "coordinates": [7.5, 55.0]}, "properties": {"value": 9.176, "time": "2025-12-16T19:00:00", "date": "2025-12-16", "hour": 19}}, {"type": "Feature", "geometry": {"type": "Point", "coordinates": [7.75, 55.0]}, "properties": {"value": 8.262, "time": "2025-12-16T19:00:00", "date": "2025-12-16", "hour": 19}}, {"type": "Feature", "geometry": {"type": "Point", "coordinates": [8.0, 55.0]}, "properties": {"value": 7.421, "time": "2025-12-16T19:00:00", "date": "2025-12-16", "hour": 19}}, {"type": "Feature", "geometry": {"type": "Point", "coordinates": [8.25, 55.0]}, "properties": {"value": 6.589, "time": "2025-12-16T19:00:00", "date": "2025-12-16", "hour": 19}}, {"type": "Feature", "geometry": {"type": "Point", "coordinates": [8.5, 55.0]}, "properties": {"value": 5.959, "time": "2025-12-16T19:00:00", "date": "2025-12-16", "hour": 19}}, {"type": "Feature", "geometry": {"type": "Point", "coordinates": [10.25, 55.0]}, "properties": {"value": 7.051, "time": "2025-12-16T19:00:00", "date": "2025-12-16", "hour": 19}}, {"type": "Feature", "geometry": {"type": "Point", "coordinates": [10.5, 55.0]}, "properties": {"value": 6.888, "time": "2025-12-16T19:00:00", "date": "2025-12-16", "hour": 19}}, {"type": "Feature", "geometry": {"type": "Point", "coordinates": [10.75, 55.0]}, "properties": {"value": 6.727, "time": "2025-12-16T19:00:00", "date": "2025-12-16", "hour": 19}}, {"type": "Feature", "geometry": {"type": "Point", "coordinates": [11.0, 55.0]}, "properties": {"value": 6.484, "time": "2025-12-16T19:00:00", "date": "2025-12-16", "hour": 19}}, {"type": "Feature", "geometry": {"type": "Point", "coordinates": [11.25, 55.0]}, "properties": {"value": 6.052, "time": "2025-12-16T19:00:00", "date": "2025-12-16", "hour": 19}}, {"type": "Feature", "geometry": {"type": "Point", "coordinates": [11.5, 55.0]}, "properties": {"value": 5.719, "time": "2025-12-16T19:00:00", "date": "2025-12-16", "hour": 19}}, {"type": "Feature", "geometry": {"type": "Point", "coordinates": [11.75, 55.0]}, "properties": {"value": 5.292, "time": "2025-12-16T19:00:00", "date": "2025-12-16", "hour": 19}}, {"type": "Feature", "geometry": {"type": "Point", "coordinates": [12.0, 55.0]}, "properties": {"value": 5.625, "time": "2025-12-16T19:00:00", "date": "2025-12-16", "hour": 19}}, {"type": "Feature", "geometry": {"type": "Point", "coordinates": [12.25, 55.0]}, "properties": {"value": 6.174, "time": "2025-12-16T19:00:00", "date": "2025-12-16", "hour": 19}}, {"type": "Feature", "geometry": {"type": "Point", "coordinates": [12.5, 55.0]}, "properties": {"value": 7.017, "time": "2025-12-16T19:00:00", "date": "2025-12-16", "hour": 19}}, {"type": "Feature", "geometry": {"type": "Point", "coordinates": [12.75, 55.0]}, "properties": {"value": 7.281, "time": "2025-12-16T19:00:00", "date": "2025-12-16", "hour": 19}}, {"type": "Feature", "geometry": {"type": "Point", "coordinates": [13.0, 55.0]}, "properties": {"value": 7.358, "time": "2025-12-16T19:00:00", "date": "2025-12-16", "hour": 19}}, {"type": "Feature", "geometry": {"type": "Point", "coordinates": [13.25, 55.0]}, "properties": {"value": 7.385, "time": "2025-12-16T19:00:00", "date": "2025-12-16", "hour": 19}}, {"type": "Feature", "geometry": {"type": "Point", "coordinates": [13.5, 55.0]}, "properties": {"value": 7.365, "time": "2025-12-16T19:00:00", "date": "2025-12-16", "hour": 19}}, {"type": "Feature", "geometry": {"type": "Point", "coordinates": [13.75, 55.0]}, "properties": {"value": 7.413, "time": "2025-12-16T19:00:00", "date": "2025-12-16", "hour": 19}}, {"type": "Feature", "geometry": {"type": "Point", "coordinates": [14.0, 55.0]}, "properties": {"value": 7.438, "time": "2025-12-16T19:00:00", "date": "2025-12-16", "hour": 19}}, {"type": "Feature", "geometry": {"type": "Point", "coordinates": [14.25, 55.0]}, "properties": {"value": 7.563, "time": "2025-12-16T19:00:00", "date": "2025-12-16", "hour": 19}}, {"type": "Feature", "geometry": {"type": "Point", "coordinates": [14.5, 55.0]}, "properties": {"value": 7.666, "time": "2025-12-16T19:00:00", "date": "2025-12-16", "hour": 19}}, {"type": "Feature", "geometry": {"type": "Point", "coordinates": [14.75, 55.0]}, "properties": {"value": 7.713, "time": "2025-12-16T19:00:00", "date": "2025-12-16", "hour": 19}}, {"type": "Feature", "geometry": {"type": "Point", "coordinates": [15.0, 55.0]}, "properties": {"value": 7.778, "time": "2025-12-16T19:00:00", "date": "2025-12-16", "hour": 19}}, {"type": "Feature", "geometry": {"type": "Point", "coordinates": [5.25, 52.75]}, "properties": {"value": 6.812, "time": "2025-12-16T20:00:00", "date": "2025-12-16", "hour": 20}}, {"type": "Feature", "geometry": {"type": "Point", "coordinates": [5.5, 52.75]}, "properties": {"value": 6.813, "time": "2025-12-16T20:00:00", "date": "2025-12-16", "hour": 20}}, {"type": "Feature", "geometry": {"type": "Point", "coordinates": [5.0, 53.0]}, "properties": {"value": 7.319, "time": "2025-12-16T20:00:00", "date": "2025-12-16", "hour": 20}}, {"type": "Feature", "geometry": {"type": "Point", "coordinates": [5.25, 53.0]}, "properties": {"value": 7.042, "time": "2025-12-16T20:00:00", "date": "2025-12-16", "hour": 20}}, {"type": "Feature", "geometry": {"type": "Point", "coordinates": [5.5, 53.0]}, "properties": {"value": 6.799, "time": "2025-12-16T20:00:00", "date": "2025-12-16", "hour": 20}}, {"type": "Feature", "geometry": {"type": "Point", "coordinates": [5.0, 53.25]}, "properties": {"value": 8.008, "time": "2025-12-16T20:00:00", "date": "2025-12-16", "hour": 20}}, {"type": "Feature", "geometry": {"type": "Point", "coordinates": [5.25, 53.25]}, "properties": {"value": 7.442, "time": "2025-12-16T20:00:00", "date": "2025-12-16", "hour": 20}}, {"type": "Feature", "geometry": {"type": "Point", "coordinates": [5.5, 53.25]}, "properties": {"value": 7.099, "time": "2025-12-16T20:00:00", "date": "2025-12-16", "hour": 20}}, {"type": "Feature", "geometry": {"type": "Point", "coordinates": [5.0, 53.5]}, "properties": {"value": 9.558, "time": "2025-12-16T20:00:00", "date": "2025-12-16", "hour": 20}}, {"type": "Feature", "geometry": {"type": "Point", "coordinates": [5.25, 53.5]}, "properties": {"value": 8.981, "time": "2025-12-16T20:00:00", "date": "2025-12-16", "hour": 20}}, {"type": "Feature", "geometry": {"type": "Point", "coordinates": [5.5, 53.5]}, "properties": {"value": 8.797, "time": "2025-12-16T20:00:00", "date": "2025-12-16", "hour": 20}}, {"type": "Feature", "geometry": {"type": "Point", "coordinates": [5.75, 53.5]}, "properties": {"value": 8.375, "time": "2025-12-16T20:00:00", "date": "2025-12-16", "hour": 20}}, {"type": "Feature", "geometry": {"type": "Point", "coordinates": [6.0, 53.5]}, "properties": {"value": 8.022, "time": "2025-12-16T20:00:00", "date": "2025-12-16", "hour": 20}}, {"type": "Feature", "geometry": {"type": "Point", "coordinates": [6.25, 53.5]}, "properties": {"value": 7.727, "time": "2025-12-16T20:00:00", "date": "2025-12-16", "hour": 20}}, {"type": "Feature", "geometry": {"type": "Point", "coordinates": [6.5, 53.5]}, "properties": {"value": 7.554, "time": "2025-12-16T20:00:00", "date": "2025-12-16", "hour": 20}}, {"type": "Feature", "geometry": {"type": "Point", "coordinates": [6.75, 53.5]}, "properties": {"value": 7.247, "time": "2025-12-16T20:00:00", "date": "2025-12-16", "hour": 20}}, {"type": "Feature", "geometry": {"type": "Point", "coordinates": [5.0, 53.75]}, "properties": {"value": 10.229, "time": "2025-12-16T20:00:00", "date": "2025-12-16", "hour": 20}}, {"type": "Feature", "geometry": {"type": "Point", "coordinates": [5.25, 53.75]}, "properties": {"value": 9.866, "time": "2025-12-16T20:00:00", "date": "2025-12-16", "hour": 20}}, {"type": "Feature", "geometry": {"type": "Point", "coordinates": [5.5, 53.75]}, "properties": {"value": 9.563, "time": "2025-12-16T20:00:00", "date": "2025-12-16", "hour": 20}}, {"type": "Feature", "geometry": {"type": "Point", "coordinates": [5.75, 53.75]}, "properties": {"value": 9.251, "time": "2025-12-16T20:00:00", "date": "2025-12-16", "hour": 20}}, {"type": "Feature", "geometry": {"type": "Point", "coordinates": [6.0, 53.75]}, "properties": {"value": 8.924, "time": "2025-12-16T20:00:00", "date": "2025-12-16", "hour": 20}}, {"type": "Feature", "geometry": {"type": "Point", "coordinates": [6.25, 53.75]}, "properties": {"value": 8.53, "time": "2025-12-16T20:00:00", "date": "2025-12-16", "hour": 20}}, {"type": "Feature", "geometry": {"type": "Point", "coordinates": [6.5, 53.75]}, "properties": {"value": 8.097, "time": "2025-12-16T20:00:00", "date": "2025-12-16", "hour": 20}}, {"type": "Feature", "geometry": {"type": "Point", "coordinates": [6.75, 53.75]}, "properties": {"value": 7.733, "time": "2025-12-16T20:00:00", "date": "2025-12-16", "hour": 20}}, {"type": "Feature", "geometry": {"type": "Point", "coordinates": [7.0, 53.75]}, "properties": {"value": 7.699, "time": "2025-12-16T20:00:00", "date": "2025-12-16", "hour": 20}}, {"type": "Feature", "geometry": {"type": "Point", "coordinates": [7.25, 53.75]}, "properties": {"value": 7.42, "time": "2025-12-16T20:00:00", "date": "2025-12-16", "hour": 20}}, {"type": "Feature", "geometry": {"type": "Point", "coordinates": [7.5, 53.75]}, "properties": {"value": 7.347, "time": "2025-12-16T20:00:00", "date": "2025-12-16", "hour": 20}}, {"type": "Feature", "geometry": {"type": "Point", "coordinates": [7.75, 53.75]}, "properties": {"value": 7.335, "time": "2025-12-16T20:00:00", "date": "2025-12-16", "hour": 20}}, {"type": "Feature", "geometry": {"type": "Point", "coordinates": [8.0, 53.75]}, "properties": {"value": 7.199, "time": "2025-12-16T20:00:00", "date": "2025-12-16", "hour": 20}}, {"type": "Feature", "geometry": {"type": "Point", "coordinates": [8.25, 53.75]}, "properties": {"value": 6.78, "time": "2025-12-16T20:00:00", "date": "2025-12-16", "hour": 20}}, {"type": "Feature", "geometry": {"type": "Point", "coordinates": [8.5, 53.75]}, "properties": {"value": 6.318, "time": "2025-12-16T20:00:00", "date": "2025-12-16", "hour": 20}}, {"type": "Feature", "geometry": {"type": "Point", "coordinates": [8.75, 53.75]}, "properties": {"value": 6.318, "time": "2025-12-16T20:00:00", "date": "2025-12-16", "hour": 20}}, {"type": "Feature", "geometry": {"type": "Point", "coordinates": [14.25, 53.75]}, "properties": {"value": 4.019, "time": "2025-12-16T20:00:00", "date": "2025-12-16", "hour": 20}}, {"type": "Feature", "geometry": {"type": "Point", "coordinates": [14.5, 53.75]}, "properties": {"value": 4.019, "time": "2025-12-16T20:00:00", "date": "2025-12-16", "hour": 20}}, {"type": "Feature", "geometry": {"type": "Point", "coordinates": [5.0, 54.0]}, "properties": {"value": 10.358, "time": "2025-12-16T20:00:00", "date": "2025-12-16", "hour": 20}}, {"type": "Feature", "geometry": {"type": "Point", "coordinates": [5.25, 54.0]}, "properties": {"value": 10.289, "time": "2025-12-16T20:00:00", "date": "2025-12-16", "hour": 20}}, {"type": "Feature", "geometry": {"type": "Point", "coordinates": [5.5, 54.0]}, "properties": {"value": 9.988, "time": "2025-12-16T20:00:00", "date": "2025-12-16", "hour": 20}}, {"type": "Feature", "geometry": {"type": "Point", "coordinates": [5.75, 54.0]}, "properties": {"value": 9.715, "time": "2025-12-16T20:00:00", "date": "2025-12-16", "hour": 20}}, {"type": "Feature", "geometry": {"type": "Point", "coordinates": [6.0, 54.0]}, "properties": {"value": 9.437, "time": "2025-12-16T20:00:00", "date": "2025-12-16", "hour": 20}}, {"type": "Feature", "geometry": {"type": "Point", "coordinates": [6.25, 54.0]}, "properties": {"value": 9.104, "time": "2025-12-16T20:00:00", "date": "2025-12-16", "hour": 20}}, {"type": "Feature", "geometry": {"type": "Point", "coordinates": [6.5, 54.0]}, "properties": {"value": 8.729, "time": "2025-12-16T20:00:00", "date": "2025-12-16", "hour": 20}}, {"type": "Feature", "geometry": {"type": "Point", "coordinates": [6.75, 54.0]}, "properties": {"value": 8.619, "time": "2025-12-16T20:00:00", "date": "2025-12-16", "hour": 20}}, {"type": "Feature", "geometry": {"type": "Point", "coordinates": [7.0, 54.0]}, "properties": {"value": 8.61, "time": "2025-12-16T20:00:00", "date": "2025-12-16", "hour": 20}}, {"type": "Feature", "geometry": {"type": "Point", "coordinates": [7.25, 54.0]}, "properties": {"value": 8.44, "time": "2025-12-16T20:00:00", "date": "2025-12-16", "hour": 20}}, {"type": "Feature", "geometry": {"type": "Point", "coordinates": [7.5, 54.0]}, "properties": {"value": 8.324, "time": "2025-12-16T20:00:00", "date": "2025-12-16", "hour": 20}}, {"type": "Feature", "geometry": {"type": "Point", "coordinates": [7.75, 54.0]}, "properties": {"value": 8.191, "time": "2025-12-16T20:00:00", "date": "2025-12-16", "hour": 20}}, {"type": "Feature", "geometry": {"type": "Point", "coordinates": [8.0, 54.0]}, "properties": {"value": 8.098, "time": "2025-12-16T20:00:00", "date": "2025-12-16", "hour": 20}}, {"type": "Feature", "geometry": {"type": "Point", "coordinates": [8.25, 54.0]}, "properties": {"value": 7.782, "time": "2025-12-16T20:00:00", "date": "2025-12-16", "hour": 20}}, {"type": "Feature", "geometry": {"type": "Point", "coordinates": [8.5, 54.0]}, "properties": {"value": 6.801, "time": "2025-12-16T20:00:00", "date": "2025-12-16", "hour": 20}}, {"type": "Feature", "geometry": {"type": "Point", "coordinates": [11.25, 54.0]}, "properties": {"value": 6.357, "time": "2025-12-16T20:00:00", "date": "2025-12-16", "hour": 20}}, {"type": "Feature", "geometry": {"type": "Point", "coordinates": [14.0, 54.0]}, "properties": {"value": 5.063, "time": "2025-12-16T20:00:00", "date": "2025-12-16", "hour": 20}}, {"type": "Feature", "geometry": {"type": "Point", "coordinates": [14.25, 54.0]}, "properties": {"value": 5.53, "time": "2025-12-16T20:00:00", "date": "2025-12-16", "hour": 20}}, {"type": "Feature", "geometry": {"type": "Point", "coordinates": [14.5, 54.0]}, "properties": {"value": 5.315, "time": "2025-12-16T20:00:00", "date": "2025-12-16", "hour": 20}}, {"type": "Feature", "geometry": {"type": "Point", "coordinates": [14.75, 54.0]}, "properties": {"value": 5.745, "time": "2025-12-16T20:00:00", "date": "2025-12-16", "hour": 20}}, {"type": "Feature", "geometry": {"type": "Point", "coordinates": [5.0, 54.25]}, "properties": {"value": 10.358, "time": "2025-12-16T20:00:00", "date": "2025-12-16", "hour": 20}}, {"type": "Feature", "geometry": {"type": "Point", "coordinates": [5.25, 54.25]}, "properties": {"value": 10.323, "time": "2025-12-16T20:00:00", "date": "2025-12-16", "hour": 20}}, {"type": "Feature", "geometry": {"type": "Point", "coordinates": [5.5, 54.25]}, "properties": {"value": 10.215, "time": "2025-12-16T20:00:00", "date": "2025-12-16", "hour": 20}}, {"type": "Feature", "geometry": {"type": "Point", "coordinates": [5.75, 54.25]}, "properties": {"value": 9.978, "time": "2025-12-16T20:00:00", "date": "2025-12-16", "hour": 20}}, {"type": "Feature", "geometry": {"type": "Point", "coordinates": [6.0, 54.25]}, "properties": {"value": 9.837, "time": "2025-12-16T20:00:00", "date": "2025-12-16", "hour": 20}}, {"type": "Feature", "geometry": {"type": "Point", "coordinates": [6.25, 54.25]}, "properties": {"value": 9.578, "time": "2025-12-16T20:00:00", "date": "2025-12-16", "hour": 20}}, {"type": "Feature", "geometry": {"type": "Point", "coordinates": [6.5, 54.25]}, "properties": {"value": 9.419, "time": "2025-12-16T20:00:00", "date": "2025-12-16", "hour": 20}}, {"type": "Feature", "geometry": {"type": "Point", "coordinates": [6.75, 54.25]}, "properties": {"value": 9.317, "time": "2025-12-16T20:00:00", "date": "2025-12-16", "hour": 20}}, {"type": "Feature", "geometry": {"type": "Point", "coordinates": [7.0, 54.25]}, "properties": {"value": 9.259, "time": "2025-12-16T20:00:00", "date": "2025-12-16", "hour": 20}}, {"type": "Feature", "geometry": {"type": "Point", "coordinates": [7.25, 54.25]}, "properties": {"value": 9.112, "time": "2025-12-16T20:00:00", "date": "2025-12-16", "hour": 20}}, {"type": "Feature", "geometry": {"type": "Point", "coordinates": [7.5, 54.25]}, "properties": {"value": 8.909, "time": "2025-12-16T20:00:00", "date": "2025-12-16", "hour": 20}}, {"type": "Feature", "geometry": {"type": "Point", "coordinates": [7.75, 54.25]}, "properties": {"value": 8.648, "time": "2025-12-16T20:00:00", "date": "2025-12-16", "hour": 20}}, {"type": "Feature", "geometry": {"type": "Point", "coordinates": [8.0, 54.25]}, "properties": {"value": 8.501, "time": "2025-12-16T20:00:00", "date": "2025-12-16", "hour": 20}}, {"type": "Feature", "geometry": {"type": "Point", "coordinates": [8.25, 54.25]}, "properties": {"value": 7.519, "time": "2025-12-16T20:00:00", "date": "2025-12-16", "hour": 20}}, {"type": "Feature", "geometry": {"type": "Point", "coordinates": [8.5, 54.25]}, "properties": {"value": 6.558, "time": "2025-12-16T20:00:00", "date": "2025-12-16", "hour": 20}}, {"type": "Feature", "geometry": {"type": "Point", "coordinates": [10.75, 54.25]}, "properties": {"value": 6.417, "time": "2025-12-16T20:00:00", "date": "2025-12-16", "hour": 20}}, {"type": "Feature", "geometry": {"type": "Point", "coordinates": [11.25, 54.25]}, "properties": {"value": 6.624, "time": "2025-12-16T20:00:00", "date": "2025-12-16", "hour": 20}}, {"type": "Feature", "geometry": {"type": "Point", "coordinates": [11.75, 54.25]}, "properties": {"value": 6.805, "time": "2025-12-16T20:00:00", "date": "2025-12-16", "hour": 20}}, {"type": "Feature", "geometry": {"type": "Point", "coordinates": [12.25, 54.25]}, "properties": {"value": 6.282, "time": "2025-12-16T20:00:00", "date": "2025-12-16", "hour": 20}}, {"type": "Feature", "geometry": {"type": "Point", "coordinates": [13.75, 54.25]}, "properties": {"value": 5.208, "time": "2025-12-16T20:00:00", "date": "2025-12-16", "hour": 20}}, {"type": "Feature", "geometry": {"type": "Point", "coordinates": [14.0, 54.25]}, "properties": {"value": 5.585, "time": "2025-12-16T20:00:00", "date": "2025-12-16", "hour": 20}}, {"type": "Feature", "geometry": {"type": "Point", "coordinates": [14.25, 54.25]}, "properties": {"value": 5.873, "time": "2025-12-16T20:00:00", "date": "2025-12-16", "hour": 20}}, {"type": "Feature", "geometry": {"type": "Point", "coordinates": [14.5, 54.25]}, "properties": {"value": 5.816, "time": "2025-12-16T20:00:00", "date": "2025-12-16", "hour": 20}}, {"type": "Feature", "geometry": {"type": "Point", "coordinates": [14.75, 54.25]}, "properties": {"value": 6.102, "time": "2025-12-16T20:00:00", "date": "2025-12-16", "hour": 20}}, {"type": "Feature", "geometry": {"type": "Point", "coordinates": [15.0, 54.25]}, "properties": {"value": 6.699, "time": "2025-12-16T20:00:00", "date": "2025-12-16", "hour": 20}}, {"type": "Feature", "geometry": {"type": "Point", "coordinates": [5.0, 54.5]}, "properties": {"value": 10.326, "time": "2025-12-16T20:00:00", "date": "2025-12-16", "hour": 20}}, {"type": "Feature", "geometry": {"type": "Point", "coordinates": [5.25, 54.5]}, "properties": {"value": 10.398, "time": "2025-12-16T20:00:00", "date": "2025-12-16", "hour": 20}}, {"type": "Feature", "geometry": {"type": "Point", "coordinates": [5.5, 54.5]}, "properties": {"value": 10.352, "time": "2025-12-16T20:00:00", "date": "2025-12-16", "hour": 20}}, {"type": "Feature", "geometry": {"type": "Point", "coordinates": [5.75, 54.5]}, "properties": {"value": 10.232, "time": "2025-12-16T20:00:00", "date": "2025-12-16", "hour": 20}}, {"type": "Feature", "geometry": {"type": "Point", "coordinates": [6.0, 54.5]}, "properties": {"value": 10.123, "time": "2025-12-16T20:00:00", "date": "2025-12-16", "hour": 20}}, {"type": "Feature", "geometry": {"type": "Point", "coordinates": [6.25, 54.5]}, "properties": {"value": 10.017, "time": "2025-12-16T20:00:00", "date": "2025-12-16", "hour": 20}}, {"type": "Feature", "geometry": {"type": "Point", "coordinates": [6.5, 54.5]}, "properties": {"value": 9.854, "time": "2025-12-16T20:00:00", "date": "2025-12-16", "hour": 20}}, {"type": "Feature", "geometry": {"type": "Point", "coordinates": [6.75, 54.5]}, "properties": {"value": 9.744, "time": "2025-12-16T20:00:00", "date": "2025-12-16", "hour": 20}}, {"type": "Feature", "geometry": {"type": "Point", "coordinates": [7.0, 54.5]}, "properties": {"value": 9.655, "time": "2025-12-16T20:00:00", "date": "2025-12-16", "hour": 20}}, {"type": "Feature", "geometry": {"type": "Point", "coordinates": [7.25, 54.5]}, "properties": {"value": 9.301, "time": "2025-12-16T20:00:00", "date": "2025-12-16", "hour": 20}}, {"type": "Feature", "geometry": {"type": "Point", "coordinates": [7.5, 54.5]}, "properties": {"value": 9.048, "time": "2025-12-16T20:00:00", "date": "2025-12-16", "hour": 20}}, {"type": "Feature", "geometry": {"type": "Point", "coordinates": [7.75, 54.5]}, "properties": {"value": 8.751, "time": "2025-12-16T20:00:00", "date": "2025-12-16", "hour": 20}}, {"type": "Feature", "geometry": {"type": "Point", "coordinates": [8.0, 54.5]}, "properties": {"value": 7.841, "time": "2025-12-16T20:00:00", "date": "2025-12-16", "hour": 20}}, {"type": "Feature", "geometry": {"type": "Point", "coordinates": [8.25, 54.5]}, "properties": {"value": 6.972, "time": "2025-12-16T20:00:00", "date": "2025-12-16", "hour": 20}}, {"type": "Feature", "geometry": {"type": "Point", "coordinates": [8.5, 54.5]}, "properties": {"value": 6.117, "time": "2025-12-16T20:00:00", "date": "2025-12-16", "hour": 20}}, {"type": "Feature", "geometry": {"type": "Point", "coordinates": [10.5, 54.5]}, "properties": {"value": 6.819, "time": "2025-12-16T20:00:00", "date": "2025-12-16", "hour": 20}}, {"type": "Feature", "geometry": {"type": "Point", "coordinates": [10.75, 54.5]}, "properties": {"value": 6.623, "time": "2025-12-16T20:00:00", "date": "2025-12-16", "hour": 20}}, {"type": "Feature", "geometry": {"type": "Point", "coordinates": [11.0, 54.5]}, "properties": {"value": 6.469, "time": "2025-12-16T20:00:00", "date": "2025-12-16", "hour": 20}}, {"type": "Feature", "geometry": {"type": "Point", "coordinates": [11.25, 54.5]}, "properties": {"value": 6.7, "time": "2025-12-16T20:00:00", "date": "2025-12-16", "hour": 20}}, {"type": "Feature", "geometry": {"type": "Point", "coordinates": [11.5, 54.5]}, "properties": {"value": 6.676, "time": "2025-12-16T20:00:00", "date": "2025-12-16", "hour": 20}}, {"type": "Feature", "geometry": {"type": "Point", "coordinates": [11.75, 54.5]}, "properties": {"value": 6.785, "time": "2025-12-16T20:00:00", "date": "2025-12-16", "hour": 20}}, {"type": "Feature", "geometry": {"type": "Point", "coordinates": [12.0, 54.5]}, "properties": {"value": 6.632, "time": "2025-12-16T20:00:00", "date": "2025-12-16", "hour": 20}}, {"type": "Feature", "geometry": {"type": "Point", "coordinates": [12.25, 54.5]}, "properties": {"value": 6.445, "time": "2025-12-16T20:00:00", "date": "2025-12-16", "hour": 20}}, {"type": "Feature", "geometry": {"type": "Point", "coordinates": [13.0, 54.5]}, "properties": {"value": 6.844, "time": "2025-12-16T20:00:00", "date": "2025-12-16", "hour": 20}}, {"type": "Feature", "geometry": {"type": "Point", "coordinates": [13.25, 54.5]}, "properties": {"value": 6.297, "time": "2025-12-16T20:00:00", "date": "2025-12-16", "hour": 20}}, {"type": "Feature", "geometry": {"type": "Point", "coordinates": [13.5, 54.5]}, "properties": {"value": 6.049, "time": "2025-12-16T20:00:00", "date": "2025-12-16", "hour": 20}}, {"type": "Feature", "geometry": {"type": "Point", "coordinates": [13.75, 54.5]}, "properties": {"value": 6.15, "time": "2025-12-16T20:00:00", "date": "2025-12-16", "hour": 20}}, {"type": "Feature", "geometry": {"type": "Point", "coordinates": [14.0, 54.5]}, "properties": {"value": 6.496, "time": "2025-12-16T20:00:00", "date": "2025-12-16", "hour": 20}}, {"type": "Feature", "geometry": {"type": "Point", "coordinates": [14.25, 54.5]}, "properties": {"value": 6.531, "time": "2025-12-16T20:00:00", "date": "2025-12-16", "hour": 20}}, {"type": "Feature", "geometry": {"type": "Point", "coordinates": [14.5, 54.5]}, "properties": {"value": 6.777, "time": "2025-12-16T20:00:00", "date": "2025-12-16", "hour": 20}}, {"type": "Feature", "geometry": {"type": "Point", "coordinates": [14.75, 54.5]}, "properties": {"value": 6.974, "time": "2025-12-16T20:00:00", "date": "2025-12-16", "hour": 20}}, {"type": "Feature", "geometry": {"type": "Point", "coordinates": [15.0, 54.5]}, "properties": {"value": 7.613, "time": "2025-12-16T20:00:00", "date": "2025-12-16", "hour": 20}}, {"type": "Feature", "geometry": {"type": "Point", "coordinates": [5.0, 54.75]}, "properties": {"value": 10.267, "time": "2025-12-16T20:00:00", "date": "2025-12-16", "hour": 20}}, {"type": "Feature", "geometry": {"type": "Point", "coordinates": [5.25, 54.75]}, "properties": {"value": 10.34, "time": "2025-12-16T20:00:00", "date": "2025-12-16", "hour": 20}}, {"type": "Feature", "geometry": {"type": "Point", "coordinates": [5.5, 54.75]}, "properties": {"value": 10.381, "time": "2025-12-16T20:00:00", "date": "2025-12-16", "hour": 20}}, {"type": "Feature", "geometry": {"type": "Point", "coordinates": [5.75, 54.75]}, "properties": {"value": 10.38, "time": "2025-12-16T20:00:00", "date": "2025-12-16", "hour": 20}}, {"type": "Feature", "geometry": {"type": "Point", "coordinates": [6.0, 54.75]}, "properties": {"value": 10.299, "time": "2025-12-16T20:00:00", "date": "2025-12-16", "hour": 20}}, {"type": "Feature", "geometry": {"type": "Point", "coordinates": [6.25, 54.75]}, "properties": {"value": 10.196, "time": "2025-12-16T20:00:00", "date": "2025-12-16", "hour": 20}}, {"type": "Feature", "geometry": {"type": "Point", "coordinates": [6.5, 54.75]}, "properties": {"value": 10.082, "time": "2025-12-16T20:00:00", "date": "2025-12-16", "hour": 20}}, {"type": "Feature", "geometry": {"type": "Point", "coordinates": [6.75, 54.75]}, "properties": {"value": 9.954, "time": "2025-12-16T20:00:00", "date": "2025-12-16", "hour": 20}}, {"type": "Feature", "geometry": {"type": "Point", "coordinates": [7.0, 54.75]}, "properties": {"value": 9.864, "time": "2025-12-16T20:00:00", "date": "2025-12-16", "hour": 20}}, {"type": "Feature", "geometry": {"type": "Point", "coordinates": [7.25, 54.75]}, "properties": {"value": 9.502, "time": "2025-12-16T20:00:00", "date": "2025-12-16", "hour": 20}}, {"type": "Feature", "geometry": {"type": "Point", "coordinates": [7.5, 54.75]}, "properties": {"value": 9.154, "time": "2025-12-16T20:00:00", "date": "2025-12-16", "hour": 20}}, {"type": "Feature", "geometry": {"type": "Point", "coordinates": [7.75, 54.75]}, "properties": {"value": 8.209, "time": "2025-12-16T20:00:00", "date": "2025-12-16", "hour": 20}}, {"type": "Feature", "geometry": {"type": "Point", "coordinates": [8.0, 54.75]}, "properties": {"value": 7.254, "time": "2025-12-16T20:00:00", "date": "2025-12-16", "hour": 20}}, {"type": "Feature", "geometry": {"type": "Point", "coordinates": [8.25, 54.75]}, "properties": {"value": 6.497, "time": "2025-12-16T20:00:00", "date": "2025-12-16", "hour": 20}}, {"type": "Feature", "geometry": {"type": "Point", "coordinates": [8.5, 54.75]}, "properties": {"value": 5.865, "time": "2025-12-16T20:00:00", "date": "2025-12-16", "hour": 20}}, {"type": "Feature", "geometry": {"type": "Point", "coordinates": [10.25, 54.75]}, "properties": {"value": 7.163, "time": "2025-12-16T20:00:00", "date": "2025-12-16", "hour": 20}}, {"type": "Feature", "geometry": {"type": "Point", "coordinates": [10.5, 54.75]}, "properties": {"value": 7.016, "time": "2025-12-16T20:00:00", "date": "2025-12-16", "hour": 20}}, {"type": "Feature", "geometry": {"type": "Point", "coordinates": [10.75, 54.75]}, "properties": {"value": 6.83, "time": "2025-12-16T20:00:00", "date": "2025-12-16", "hour": 20}}, {"type": "Feature", "geometry": {"type": "Point", "coordinates": [11.0, 54.75]}, "properties": {"value": 6.646, "time": "2025-12-16T20:00:00", "date": "2025-12-16", "hour": 20}}, {"type": "Feature", "geometry": {"type": "Point", "coordinates": [11.25, 54.75]}, "properties": {"value": 6.313, "time": "2025-12-16T20:00:00", "date": "2025-12-16", "hour": 20}}, {"type": "Feature", "geometry": {"type": "Point", "coordinates": [11.5, 54.75]}, "properties": {"value": 6.009, "time": "2025-12-16T20:00:00", "date": "2025-12-16", "hour": 20}}, {"type": "Feature", "geometry": {"type": "Point", "coordinates": [12.0, 54.75]}, "properties": {"value": 6.154, "time": "2025-12-16T20:00:00", "date": "2025-12-16", "hour": 20}}, {"type": "Feature", "geometry": {"type": "Point", "coordinates": [12.25, 54.75]}, "properties": {"value": 6.574, "time": "2025-12-16T20:00:00", "date": "2025-12-16", "hour": 20}}, {"type": "Feature", "geometry": {"type": "Point", "coordinates": [12.5, 54.75]}, "properties": {"value": 6.943, "time": "2025-12-16T20:00:00", "date": "2025-12-16", "hour": 20}}, {"type": "Feature", "geometry": {"type": "Point", "coordinates": [12.75, 54.75]}, "properties": {"value": 7.042, "time": "2025-12-16T20:00:00", "date": "2025-12-16", "hour": 20}}, {"type": "Feature", "geometry": {"type": "Point", "coordinates": [13.0, 54.75]}, "properties": {"value": 6.97, "time": "2025-12-16T20:00:00", "date": "2025-12-16", "hour": 20}}, {"type": "Feature", "geometry": {"type": "Point", "coordinates": [13.25, 54.75]}, "properties": {"value": 6.999, "time": "2025-12-16T20:00:00", "date": "2025-12-16", "hour": 20}}, {"type": "Feature", "geometry": {"type": "Point", "coordinates": [13.5, 54.75]}, "properties": {"value": 7.044, "time": "2025-12-16T20:00:00", "date": "2025-12-16", "hour": 20}}, {"type": "Feature", "geometry": {"type": "Point", "coordinates": [13.75, 54.75]}, "properties": {"value": 7.144, "time": "2025-12-16T20:00:00", "date": "2025-12-16", "hour": 20}}, {"type": "Feature", "geometry": {"type": "Point", "coordinates": [14.0, 54.75]}, "properties": {"value": 7.238, "time": "2025-12-16T20:00:00", "date": "2025-12-16", "hour": 20}}, {"type": "Feature", "geometry": {"type": "Point", "coordinates": [14.25, 54.75]}, "properties": {"value": 7.402, "time": "2025-12-16T20:00:00", "date": "2025-12-16", "hour": 20}}, {"type": "Feature", "geometry": {"type": "Point", "coordinates": [14.5, 54.75]}, "properties": {"value": 7.803, "time": "2025-12-16T20:00:00", "date": "2025-12-16", "hour": 20}}, {"type": "Feature", "geometry": {"type": "Point", "coordinates": [14.75, 54.75]}, "properties": {"value": 7.963, "time": "2025-12-16T20:00:00", "date": "2025-12-16", "hour": 20}}, {"type": "Feature", "geometry": {"type": "Point", "coordinates": [15.0, 54.75]}, "properties": {"value": 8.052, "time": "2025-12-16T20:00:00", "date": "2025-12-16", "hour": 20}}, {"type": "Feature", "geometry": {"type": "Point", "coordinates": [5.0, 55.0]}, "properties": {"value": 10.113, "time": "2025-12-16T20:00:00", "date": "2025-12-16", "hour": 20}}, {"type": "Feature", "geometry": {"type": "Point", "coordinates": [5.25, 55.0]}, "properties": {"value": 10.274, "time": "2025-12-16T20:00:00", "date": "2025-12-16", "hour": 20}}, {"type": "Feature", "geometry": {"type": "Point", "coordinates": [5.5, 55.0]}, "properties": {"value": 10.323, "time": "2025-12-16T20:00:00", "date": "2025-12-16", "hour": 20}}, {"type": "Feature", "geometry": {"type": "Point", "coordinates": [5.75, 55.0]}, "properties": {"value": 10.323, "time": "2025-12-16T20:00:00", "date": "2025-12-16", "hour": 20}}, {"type": "Feature", "geometry": {"type": "Point", "coordinates": [6.0, 55.0]}, "properties": {"value": 10.274, "time": "2025-12-16T20:00:00", "date": "2025-12-16", "hour": 20}}, {"type": "Feature", "geometry": {"type": "Point", "coordinates": [6.25, 55.0]}, "properties": {"value": 10.224, "time": "2025-12-16T20:00:00", "date": "2025-12-16", "hour": 20}}, {"type": "Feature", "geometry": {"type": "Point", "coordinates": [6.5, 55.0]}, "properties": {"value": 10.116, "time": "2025-12-16T20:00:00", "date": "2025-12-16", "hour": 20}}, {"type": "Feature", "geometry": {"type": "Point", "coordinates": [6.75, 55.0]}, "properties": {"value": 9.98, "time": "2025-12-16T20:00:00", "date": "2025-12-16", "hour": 20}}, {"type": "Feature", "geometry": {"type": "Point", "coordinates": [7.0, 55.0]}, "properties": {"value": 9.81, "time": "2025-12-16T20:00:00", "date": "2025-12-16", "hour": 20}}, {"type": "Feature", "geometry": {"type": "Point", "coordinates": [7.25, 55.0]}, "properties": {"value": 9.486, "time": "2025-12-16T20:00:00", "date": "2025-12-16", "hour": 20}}, {"type": "Feature", "geometry": {"type": "Point", "coordinates": [7.5, 55.0]}, "properties": {"value": 9.176, "time": "2025-12-16T20:00:00", "date": "2025-12-16", "hour": 20}}, {"type": "Feature", "geometry": {"type": "Point", "coordinates": [7.75, 55.0]}, "properties": {"value": 8.262, "time": "2025-12-16T20:00:00", "date": "2025-12-16", "hour": 20}}, {"type": "Feature", "geometry": {"type": "Point", "coordinates": [8.0, 55.0]}, "properties": {"value": 7.421, "time": "2025-12-16T20:00:00", "date": "2025-12-16", "hour": 20}}, {"type": "Feature", "geometry": {"type": "Point", "coordinates": [8.25, 55.0]}, "properties": {"value": 6.589, "time": "2025-12-16T20:00:00", "date": "2025-12-16", "hour": 20}}, {"type": "Feature", "geometry": {"type": "Point", "coordinates": [8.5, 55.0]}, "properties": {"value": 5.959, "time": "2025-12-16T20:00:00", "date": "2025-12-16", "hour": 20}}, {"type": "Feature", "geometry": {"type": "Point", "coordinates": [10.25, 55.0]}, "properties": {"value": 7.051, "time": "2025-12-16T20:00:00", "date": "2025-12-16", "hour": 20}}, {"type": "Feature", "geometry": {"type": "Point", "coordinates": [10.5, 55.0]}, "properties": {"value": 6.888, "time": "2025-12-16T20:00:00", "date": "2025-12-16", "hour": 20}}, {"type": "Feature", "geometry": {"type": "Point", "coordinates": [10.75, 55.0]}, "properties": {"value": 6.727, "time": "2025-12-16T20:00:00", "date": "2025-12-16", "hour": 20}}, {"type": "Feature", "geometry": {"type": "Point", "coordinates": [11.0, 55.0]}, "properties": {"value": 6.484, "time": "2025-12-16T20:00:00", "date": "2025-12-16", "hour": 20}}, {"type": "Feature", "geometry": {"type": "Point", "coordinates": [11.25, 55.0]}, "properties": {"value": 6.052, "time": "2025-12-16T20:00:00", "date": "2025-12-16", "hour": 20}}, {"type": "Feature", "geometry": {"type": "Point", "coordinates": [11.5, 55.0]}, "properties": {"value": 5.719, "time": "2025-12-16T20:00:00", "date": "2025-12-16", "hour": 20}}, {"type": "Feature", "geometry": {"type": "Point", "coordinates": [11.75, 55.0]}, "properties": {"value": 5.292, "time": "2025-12-16T20:00:00", "date": "2025-12-16", "hour": 20}}, {"type": "Feature", "geometry": {"type": "Point", "coordinates": [12.0, 55.0]}, "properties": {"value": 5.625, "time": "2025-12-16T20:00:00", "date": "2025-12-16", "hour": 20}}, {"type": "Feature", "geometry": {"type": "Point", "coordinates": [12.25, 55.0]}, "properties": {"value": 6.174, "time": "2025-12-16T20:00:00", "date": "2025-12-16", "hour": 20}}, {"type": "Feature", "geometry": {"type": "Point", "coordinates": [12.5, 55.0]}, "properties": {"value": 7.017, "time": "2025-12-16T20:00:00", "date": "2025-12-16", "hour": 20}}, {"type": "Feature", "geometry": {"type": "Point", "coordinates": [12.75, 55.0]}, "properties": {"value": 7.281, "time": "2025-12-16T20:00:00", "date": "2025-12-16", "hour": 20}}, {"type": "Feature", "geometry": {"type": "Point", "coordinates": [13.0, 55.0]}, "properties": {"value": 7.358, "time": "2025-12-16T20:00:00", "date": "2025-12-16", "hour": 20}}, {"type": "Feature", "geometry": {"type": "Point", "coordinates": [13.25, 55.0]}, "properties": {"value": 7.385, "time": "2025-12-16T20:00:00", "date": "2025-12-16", "hour": 20}}, {"type": "Feature", "geometry": {"type": "Point", "coordinates": [13.5, 55.0]}, "properties": {"value": 7.365, "time": "2025-12-16T20:00:00", "date": "2025-12-16", "hour": 20}}, {"type": "Feature", "geometry": {"type": "Point", "coordinates": [13.75, 55.0]}, "properties": {"value": 7.413, "time": "2025-12-16T20:00:00", "date": "2025-12-16", "hour": 20}}, {"type": "Feature", "geometry": {"type": "Point", "coordinates": [14.0, 55.0]}, "properties": {"value": 7.438, "time": "2025-12-16T20:00:00", "date": "2025-12-16", "hour": 20}}, {"type": "Feature", "geometry": {"type": "Point", "coordinates": [14.25, 55.0]}, "properties": {"value": 7.563, "time": "2025-12-16T20:00:00", "date": "2025-12-16", "hour": 20}}, {"type": "Feature", "geometry": {"type": "Point", "coordinates": [14.5, 55.0]}, "properties": {"value": 7.666, "time": "2025-12-16T20:00:00", "date": "2025-12-16", "hour": 20}}, {"type": "Feature", "geometry": {"type": "Point", "coordinates": [14.75, 55.0]}, "properties": {"value": 7.713, "time": "2025-12-16T20:00:00", "date": "2025-12-16", "hour": 20}}, {"type": "Feature", "geometry": {"type": "Point", "coordinates": [15.0, 55.0]}, "properties": {"value": 7.778, "time": "2025-12-16T20:00:00", "date": "2025-12-16", "hour": 20}}, {"type": "Feature", "geometry": {"type": "Point", "coordinates": [5.25, 52.75]}, "properties": {"value": 6.812, "time": "2025-12-16T21:00:00", "date": "2025-12-16", "hour": 21}}, {"type": "Feature", "geometry": {"type": "Point", "coordinates": [5.5, 52.75]}, "properties": {"value": 6.813, "time": "2025-12-16T21:00:00", "date": "2025-12-16", "hour": 21}}, {"type": "Feature", "geometry": {"type": "Point", "coordinates": [5.0, 53.0]}, "properties": {"value": 7.319, "time": "2025-12-16T21:00:00", "date": "2025-12-16", "hour": 21}}, {"type": "Feature", "geometry": {"type": "Point", "coordinates": [5.25, 53.0]}, "properties": {"value": 7.042, "time": "2025-12-16T21:00:00", "date": "2025-12-16", "hour": 21}}, {"type": "Feature", "geometry": {"type": "Point", "coordinates": [5.5, 53.0]}, "properties": {"value": 6.799, "time": "2025-12-16T21:00:00", "date": "2025-12-16", "hour": 21}}, {"type": "Feature", "geometry": {"type": "Point", "coordinates": [5.0, 53.25]}, "properties": {"value": 8.008, "time": "2025-12-16T21:00:00", "date": "2025-12-16", "hour": 21}}, {"type": "Feature", "geometry": {"type": "Point", "coordinates": [5.25, 53.25]}, "properties": {"value": 7.442, "time": "2025-12-16T21:00:00", "date": "2025-12-16", "hour": 21}}, {"type": "Feature", "geometry": {"type": "Point", "coordinates": [5.5, 53.25]}, "properties": {"value": 7.099, "time": "2025-12-16T21:00:00", "date": "2025-12-16", "hour": 21}}, {"type": "Feature", "geometry": {"type": "Point", "coordinates": [5.0, 53.5]}, "properties": {"value": 9.558, "time": "2025-12-16T21:00:00", "date": "2025-12-16", "hour": 21}}, {"type": "Feature", "geometry": {"type": "Point", "coordinates": [5.25, 53.5]}, "properties": {"value": 8.981, "time": "2025-12-16T21:00:00", "date": "2025-12-16", "hour": 21}}, {"type": "Feature", "geometry": {"type": "Point", "coordinates": [5.5, 53.5]}, "properties": {"value": 8.797, "time": "2025-12-16T21:00:00", "date": "2025-12-16", "hour": 21}}, {"type": "Feature", "geometry": {"type": "Point", "coordinates": [5.75, 53.5]}, "properties": {"value": 8.375, "time": "2025-12-16T21:00:00", "date": "2025-12-16", "hour": 21}}, {"type": "Feature", "geometry": {"type": "Point", "coordinates": [6.0, 53.5]}, "properties": {"value": 8.022, "time": "2025-12-16T21:00:00", "date": "2025-12-16", "hour": 21}}, {"type": "Feature", "geometry": {"type": "Point", "coordinates": [6.25, 53.5]}, "properties": {"value": 7.727, "time": "2025-12-16T21:00:00", "date": "2025-12-16", "hour": 21}}, {"type": "Feature", "geometry": {"type": "Point", "coordinates": [6.5, 53.5]}, "properties": {"value": 7.554, "time": "2025-12-16T21:00:00", "date": "2025-12-16", "hour": 21}}, {"type": "Feature", "geometry": {"type": "Point", "coordinates": [6.75, 53.5]}, "properties": {"value": 7.247, "time": "2025-12-16T21:00:00", "date": "2025-12-16", "hour": 21}}, {"type": "Feature", "geometry": {"type": "Point", "coordinates": [5.0, 53.75]}, "properties": {"value": 10.229, "time": "2025-12-16T21:00:00", "date": "2025-12-16", "hour": 21}}, {"type": "Feature", "geometry": {"type": "Point", "coordinates": [5.25, 53.75]}, "properties": {"value": 9.866, "time": "2025-12-16T21:00:00", "date": "2025-12-16", "hour": 21}}, {"type": "Feature", "geometry": {"type": "Point", "coordinates": [5.5, 53.75]}, "properties": {"value": 9.563, "time": "2025-12-16T21:00:00", "date": "2025-12-16", "hour": 21}}, {"type": "Feature", "geometry": {"type": "Point", "coordinates": [5.75, 53.75]}, "properties": {"value": 9.251, "time": "2025-12-16T21:00:00", "date": "2025-12-16", "hour": 21}}, {"type": "Feature", "geometry": {"type": "Point", "coordinates": [6.0, 53.75]}, "properties": {"value": 8.924, "time": "2025-12-16T21:00:00", "date": "2025-12-16", "hour": 21}}, {"type": "Feature", "geometry": {"type": "Point", "coordinates": [6.25, 53.75]}, "properties": {"value": 8.53, "time": "2025-12-16T21:00:00", "date": "2025-12-16", "hour": 21}}, {"type": "Feature", "geometry": {"type": "Point", "coordinates": [6.5, 53.75]}, "properties": {"value": 8.097, "time": "2025-12-16T21:00:00", "date": "2025-12-16", "hour": 21}}, {"type": "Feature", "geometry": {"type": "Point", "coordinates": [6.75, 53.75]}, "properties": {"value": 7.733, "time": "2025-12-16T21:00:00", "date": "2025-12-16", "hour": 21}}, {"type": "Feature", "geometry": {"type": "Point", "coordinates": [7.0, 53.75]}, "properties": {"value": 7.699, "time": "2025-12-16T21:00:00", "date": "2025-12-16", "hour": 21}}, {"type": "Feature", "geometry": {"type": "Point", "coordinates": [7.25, 53.75]}, "properties": {"value": 7.42, "time": "2025-12-16T21:00:00", "date": "2025-12-16", "hour": 21}}, {"type": "Feature", "geometry": {"type": "Point", "coordinates": [7.5, 53.75]}, "properties": {"value": 7.347, "time": "2025-12-16T21:00:00", "date": "2025-12-16", "hour": 21}}, {"type": "Feature", "geometry": {"type": "Point", "coordinates": [7.75, 53.75]}, "properties": {"value": 7.335, "time": "2025-12-16T21:00:00", "date": "2025-12-16", "hour": 21}}, {"type": "Feature", "geometry": {"type": "Point", "coordinates": [8.0, 53.75]}, "properties": {"value": 7.199, "time": "2025-12-16T21:00:00", "date": "2025-12-16", "hour": 21}}, {"type": "Feature", "geometry": {"type": "Point", "coordinates": [8.25, 53.75]}, "properties": {"value": 6.78, "time": "2025-12-16T21:00:00", "date": "2025-12-16", "hour": 21}}, {"type": "Feature", "geometry": {"type": "Point", "coordinates": [8.5, 53.75]}, "properties": {"value": 6.318, "time": "2025-12-16T21:00:00", "date": "2025-12-16", "hour": 21}}, {"type": "Feature", "geometry": {"type": "Point", "coordinates": [8.75, 53.75]}, "properties": {"value": 6.318, "time": "2025-12-16T21:00:00", "date": "2025-12-16", "hour": 21}}, {"type": "Feature", "geometry": {"type": "Point", "coordinates": [14.25, 53.75]}, "properties": {"value": 4.019, "time": "2025-12-16T21:00:00", "date": "2025-12-16", "hour": 21}}, {"type": "Feature", "geometry": {"type": "Point", "coordinates": [14.5, 53.75]}, "properties": {"value": 4.019, "time": "2025-12-16T21:00:00", "date": "2025-12-16", "hour": 21}}, {"type": "Feature", "geometry": {"type": "Point", "coordinates": [5.0, 54.0]}, "properties": {"value": 10.358, "time": "2025-12-16T21:00:00", "date": "2025-12-16", "hour": 21}}, {"type": "Feature", "geometry": {"type": "Point", "coordinates": [5.25, 54.0]}, "properties": {"value": 10.289, "time": "2025-12-16T21:00:00", "date": "2025-12-16", "hour": 21}}, {"type": "Feature", "geometry": {"type": "Point", "coordinates": [5.5, 54.0]}, "properties": {"value": 9.988, "time": "2025-12-16T21:00:00", "date": "2025-12-16", "hour": 21}}, {"type": "Feature", "geometry": {"type": "Point", "coordinates": [5.75, 54.0]}, "properties": {"value": 9.715, "time": "2025-12-16T21:00:00", "date": "2025-12-16", "hour": 21}}, {"type": "Feature", "geometry": {"type": "Point", "coordinates": [6.0, 54.0]}, "properties": {"value": 9.437, "time": "2025-12-16T21:00:00", "date": "2025-12-16", "hour": 21}}, {"type": "Feature", "geometry": {"type": "Point", "coordinates": [6.25, 54.0]}, "properties": {"value": 9.104, "time": "2025-12-16T21:00:00", "date": "2025-12-16", "hour": 21}}, {"type": "Feature", "geometry": {"type": "Point", "coordinates": [6.5, 54.0]}, "properties": {"value": 8.729, "time": "2025-12-16T21:00:00", "date": "2025-12-16", "hour": 21}}, {"type": "Feature", "geometry": {"type": "Point", "coordinates": [6.75, 54.0]}, "properties": {"value": 8.619, "time": "2025-12-16T21:00:00", "date": "2025-12-16", "hour": 21}}, {"type": "Feature", "geometry": {"type": "Point", "coordinates": [7.0, 54.0]}, "properties": {"value": 8.61, "time": "2025-12-16T21:00:00", "date": "2025-12-16", "hour": 21}}, {"type": "Feature", "geometry": {"type": "Point", "coordinates": [7.25, 54.0]}, "properties": {"value": 8.44, "time": "2025-12-16T21:00:00", "date": "2025-12-16", "hour": 21}}, {"type": "Feature", "geometry": {"type": "Point", "coordinates": [7.5, 54.0]}, "properties": {"value": 8.324, "time": "2025-12-16T21:00:00", "date": "2025-12-16", "hour": 21}}, {"type": "Feature", "geometry": {"type": "Point", "coordinates": [7.75, 54.0]}, "properties": {"value": 8.191, "time": "2025-12-16T21:00:00", "date": "2025-12-16", "hour": 21}}, {"type": "Feature", "geometry": {"type": "Point", "coordinates": [8.0, 54.0]}, "properties": {"value": 8.098, "time": "2025-12-16T21:00:00", "date": "2025-12-16", "hour": 21}}, {"type": "Feature", "geometry": {"type": "Point", "coordinates": [8.25, 54.0]}, "properties": {"value": 7.782, "time": "2025-12-16T21:00:00", "date": "2025-12-16", "hour": 21}}, {"type": "Feature", "geometry": {"type": "Point", "coordinates": [8.5, 54.0]}, "properties": {"value": 6.801, "time": "2025-12-16T21:00:00", "date": "2025-12-16", "hour": 21}}, {"type": "Feature", "geometry": {"type": "Point", "coordinates": [11.25, 54.0]}, "properties": {"value": 6.357, "time": "2025-12-16T21:00:00", "date": "2025-12-16", "hour": 21}}, {"type": "Feature", "geometry": {"type": "Point", "coordinates": [14.0, 54.0]}, "properties": {"value": 5.063, "time": "2025-12-16T21:00:00", "date": "2025-12-16", "hour": 21}}, {"type": "Feature", "geometry": {"type": "Point", "coordinates": [14.25, 54.0]}, "properties": {"value": 5.53, "time": "2025-12-16T21:00:00", "date": "2025-12-16", "hour": 21}}, {"type": "Feature", "geometry": {"type": "Point", "coordinates": [14.5, 54.0]}, "properties": {"value": 5.315, "time": "2025-12-16T21:00:00", "date": "2025-12-16", "hour": 21}}, {"type": "Feature", "geometry": {"type": "Point", "coordinates": [14.75, 54.0]}, "properties": {"value": 5.745, "time": "2025-12-16T21:00:00", "date": "2025-12-16", "hour": 21}}, {"type": "Feature", "geometry": {"type": "Point", "coordinates": [5.0, 54.25]}, "properties": {"value": 10.358, "time": "2025-12-16T21:00:00", "date": "2025-12-16", "hour": 21}}, {"type": "Feature", "geometry": {"type": "Point", "coordinates": [5.25, 54.25]}, "properties": {"value": 10.323, "time": "2025-12-16T21:00:00", "date": "2025-12-16", "hour": 21}}, {"type": "Feature", "geometry": {"type": "Point", "coordinates": [5.5, 54.25]}, "properties": {"value": 10.215, "time": "2025-12-16T21:00:00", "date": "2025-12-16", "hour": 21}}, {"type": "Feature", "geometry": {"type": "Point", "coordinates": [5.75, 54.25]}, "properties": {"value": 9.978, "time": "2025-12-16T21:00:00", "date": "2025-12-16", "hour": 21}}, {"type": "Feature", "geometry": {"type": "Point", "coordinates": [6.0, 54.25]}, "properties": {"value": 9.837, "time": "2025-12-16T21:00:00", "date": "2025-12-16", "hour": 21}}, {"type": "Feature", "geometry": {"type": "Point", "coordinates": [6.25, 54.25]}, "properties": {"value": 9.578, "time": "2025-12-16T21:00:00", "date": "2025-12-16", "hour": 21}}, {"type": "Feature", "geometry": {"type": "Point", "coordinates": [6.5, 54.25]}, "properties": {"value": 9.419, "time": "2025-12-16T21:00:00", "date": "2025-12-16", "hour": 21}}, {"type": "Feature", "geometry": {"type": "Point", "coordinates": [6.75, 54.25]}, "properties": {"value": 9.317, "time": "2025-12-16T21:00:00", "date": "2025-12-16", "hour": 21}}, {"type": "Feature", "geometry": {"type": "Point", "coordinates": [7.0, 54.25]}, "properties": {"value": 9.259, "time": "2025-12-16T21:00:00", "date": "2025-12-16", "hour": 21}}, {"type": "Feature", "geometry": {"type": "Point", "coordinates": [7.25, 54.25]}, "properties": {"value": 9.112, "time": "2025-12-16T21:00:00", "date": "2025-12-16", "hour": 21}}, {"type": "Feature", "geometry": {"type": "Point", "coordinates": [7.5, 54.25]}, "properties": {"value": 8.909, "time": "2025-12-16T21:00:00", "date": "2025-12-16", "hour": 21}}, {"type": "Feature", "geometry": {"type": "Point", "coordinates": [7.75, 54.25]}, "properties": {"value": 8.648, "time": "2025-12-16T21:00:00", "date": "2025-12-16", "hour": 21}}, {"type": "Feature", "geometry": {"type": "Point", "coordinates": [8.0, 54.25]}, "properties": {"value": 8.501, "time": "2025-12-16T21:00:00", "date": "2025-12-16", "hour": 21}}, {"type": "Feature", "geometry": {"type": "Point", "coordinates": [8.25, 54.25]}, "properties": {"value": 7.519, "time": "2025-12-16T21:00:00", "date": "2025-12-16", "hour": 21}}, {"type": "Feature", "geometry": {"type": "Point", "coordinates": [8.5, 54.25]}, "properties": {"value": 6.558, "time": "2025-12-16T21:00:00", "date": "2025-12-16", "hour": 21}}, {"type": "Feature", "geometry": {"type": "Point", "coordinates": [10.75, 54.25]}, "properties": {"value": 6.417, "time": "2025-12-16T21:00:00", "date": "2025-12-16", "hour": 21}}, {"type": "Feature", "geometry": {"type": "Point", "coordinates": [11.25, 54.25]}, "properties": {"value": 6.624, "time": "2025-12-16T21:00:00", "date": "2025-12-16", "hour": 21}}, {"type": "Feature", "geometry": {"type": "Point", "coordinates": [11.75, 54.25]}, "properties": {"value": 6.805, "time": "2025-12-16T21:00:00", "date": "2025-12-16", "hour": 21}}, {"type": "Feature", "geometry": {"type": "Point", "coordinates": [12.25, 54.25]}, "properties": {"value": 6.282, "time": "2025-12-16T21:00:00", "date": "2025-12-16", "hour": 21}}, {"type": "Feature", "geometry": {"type": "Point", "coordinates": [13.75, 54.25]}, "properties": {"value": 5.208, "time": "2025-12-16T21:00:00", "date": "2025-12-16", "hour": 21}}, {"type": "Feature", "geometry": {"type": "Point", "coordinates": [14.0, 54.25]}, "properties": {"value": 5.585, "time": "2025-12-16T21:00:00", "date": "2025-12-16", "hour": 21}}, {"type": "Feature", "geometry": {"type": "Point", "coordinates": [14.25, 54.25]}, "properties": {"value": 5.873, "time": "2025-12-16T21:00:00", "date": "2025-12-16", "hour": 21}}, {"type": "Feature", "geometry": {"type": "Point", "coordinates": [14.5, 54.25]}, "properties": {"value": 5.816, "time": "2025-12-16T21:00:00", "date": "2025-12-16", "hour": 21}}, {"type": "Feature", "geometry": {"type": "Point", "coordinates": [14.75, 54.25]}, "properties": {"value": 6.102, "time": "2025-12-16T21:00:00", "date": "2025-12-16", "hour": 21}}, {"type": "Feature", "geometry": {"type": "Point", "coordinates": [15.0, 54.25]}, "properties": {"value": 6.699, "time": "2025-12-16T21:00:00", "date": "2025-12-16", "hour": 21}}, {"type": "Feature", "geometry": {"type": "Point", "coordinates": [5.0, 54.5]}, "properties": {"value": 10.326, "time": "2025-12-16T21:00:00", "date": "2025-12-16", "hour": 21}}, {"type": "Feature", "geometry": {"type": "Point", "coordinates": [5.25, 54.5]}, "properties": {"value": 10.398, "time": "2025-12-16T21:00:00", "date": "2025-12-16", "hour": 21}}, {"type": "Feature", "geometry": {"type": "Point", "coordinates": [5.5, 54.5]}, "properties": {"value": 10.352, "time": "2025-12-16T21:00:00", "date": "2025-12-16", "hour": 21}}, {"type": "Feature", "geometry": {"type": "Point", "coordinates": [5.75, 54.5]}, "properties": {"value": 10.232, "time": "2025-12-16T21:00:00", "date": "2025-12-16", "hour": 21}}, {"type": "Feature", "geometry": {"type": "Point", "coordinates": [6.0, 54.5]}, "properties": {"value": 10.123, "time": "2025-12-16T21:00:00", "date": "2025-12-16", "hour": 21}}, {"type": "Feature", "geometry": {"type": "Point", "coordinates": [6.25, 54.5]}, "properties": {"value": 10.017, "time": "2025-12-16T21:00:00", "date": "2025-12-16", "hour": 21}}, {"type": "Feature", "geometry": {"type": "Point", "coordinates": [6.5, 54.5]}, "properties": {"value": 9.854, "time": "2025-12-16T21:00:00", "date": "2025-12-16", "hour": 21}}, {"type": "Feature", "geometry": {"type": "Point", "coordinates": [6.75, 54.5]}, "properties": {"value": 9.744, "time": "2025-12-16T21:00:00", "date": "2025-12-16", "hour": 21}}, {"type": "Feature", "geometry": {"type": "Point", "coordinates": [7.0, 54.5]}, "properties": {"value": 9.655, "time": "2025-12-16T21:00:00", "date": "2025-12-16", "hour": 21}}, {"type": "Feature", "geometry": {"type": "Point", "coordinates": [7.25, 54.5]}, "properties": {"value": 9.301, "time": "2025-12-16T21:00:00", "date": "2025-12-16", "hour": 21}}, {"type": "Feature", "geometry": {"type": "Point", "coordinates": [7.5, 54.5]}, "properties": {"value": 9.048, "time": "2025-12-16T21:00:00", "date": "2025-12-16", "hour": 21}}, {"type": "Feature", "geometry": {"type": "Point", "coordinates": [7.75, 54.5]}, "properties": {"value": 8.751, "time": "2025-12-16T21:00:00", "date": "2025-12-16", "hour": 21}}, {"type": "Feature", "geometry": {"type": "Point", "coordinates": [8.0, 54.5]}, "properties": {"value": 7.841, "time": "2025-12-16T21:00:00", "date": "2025-12-16", "hour": 21}}, {"type": "Feature", "geometry": {"type": "Point", "coordinates": [8.25, 54.5]}, "properties": {"value": 6.972, "time": "2025-12-16T21:00:00", "date": "2025-12-16", "hour": 21}}, {"type": "Feature", "geometry": {"type": "Point", "coordinates": [8.5, 54.5]}, "properties": {"value": 6.117, "time": "2025-12-16T21:00:00", "date": "2025-12-16", "hour": 21}}, {"type": "Feature", "geometry": {"type": "Point", "coordinates": [10.5, 54.5]}, "properties": {"value": 6.819, "time": "2025-12-16T21:00:00", "date": "2025-12-16", "hour": 21}}, {"type": "Feature", "geometry": {"type": "Point", "coordinates": [10.75, 54.5]}, "properties": {"value": 6.623, "time": "2025-12-16T21:00:00", "date": "2025-12-16", "hour": 21}}, {"type": "Feature", "geometry": {"type": "Point", "coordinates": [11.0, 54.5]}, "properties": {"value": 6.469, "time": "2025-12-16T21:00:00", "date": "2025-12-16", "hour": 21}}, {"type": "Feature", "geometry": {"type": "Point", "coordinates": [11.25, 54.5]}, "properties": {"value": 6.7, "time": "2025-12-16T21:00:00", "date": "2025-12-16", "hour": 21}}, {"type": "Feature", "geometry": {"type": "Point", "coordinates": [11.5, 54.5]}, "properties": {"value": 6.676, "time": "2025-12-16T21:00:00", "date": "2025-12-16", "hour": 21}}, {"type": "Feature", "geometry": {"type": "Point", "coordinates": [11.75, 54.5]}, "properties": {"value": 6.785, "time": "2025-12-16T21:00:00", "date": "2025-12-16", "hour": 21}}, {"type": "Feature", "geometry": {"type": "Point", "coordinates": [12.0, 54.5]}, "properties": {"value": 6.632, "time": "2025-12-16T21:00:00", "date": "2025-12-16", "hour": 21}}, {"type": "Feature", "geometry": {"type": "Point", "coordinates": [12.25, 54.5]}, "properties": {"value": 6.445, "time": "2025-12-16T21:00:00", "date": "2025-12-16", "hour": 21}}, {"type": "Feature", "geometry": {"type": "Point", "coordinates": [13.0, 54.5]}, "properties": {"value": 6.844, "time": "2025-12-16T21:00:00", "date": "2025-12-16", "hour": 21}}, {"type": "Feature", "geometry": {"type": "Point", "coordinates": [13.25, 54.5]}, "properties": {"value": 6.297, "time": "2025-12-16T21:00:00", "date": "2025-12-16", "hour": 21}}, {"type": "Feature", "geometry": {"type": "Point", "coordinates": [13.5, 54.5]}, "properties": {"value": 6.049, "time": "2025-12-16T21:00:00", "date": "2025-12-16", "hour": 21}}, {"type": "Feature", "geometry": {"type": "Point", "coordinates": [13.75, 54.5]}, "properties": {"value": 6.15, "time": "2025-12-16T21:00:00", "date": "2025-12-16", "hour": 21}}, {"type": "Feature", "geometry": {"type": "Point", "coordinates": [14.0, 54.5]}, "properties": {"value": 6.496, "time": "2025-12-16T21:00:00", "date": "2025-12-16", "hour": 21}}, {"type": "Feature", "geometry": {"type": "Point", "coordinates": [14.25, 54.5]}, "properties": {"value": 6.531, "time": "2025-12-16T21:00:00", "date": "2025-12-16", "hour": 21}}, {"type": "Feature", "geometry": {"type": "Point", "coordinates": [14.5, 54.5]}, "properties": {"value": 6.777, "time": "2025-12-16T21:00:00", "date": "2025-12-16", "hour": 21}}, {"type": "Feature", "geometry": {"type": "Point", "coordinates": [14.75, 54.5]}, "properties": {"value": 6.974, "time": "2025-12-16T21:00:00", "date": "2025-12-16", "hour": 21}}, {"type": "Feature", "geometry": {"type": "Point", "coordinates": [15.0, 54.5]}, "properties": {"value": 7.613, "time": "2025-12-16T21:00:00", "date": "2025-12-16", "hour": 21}}, {"type": "Feature", "geometry": {"type": "Point", "coordinates": [5.0, 54.75]}, "properties": {"value": 10.267, "time": "2025-12-16T21:00:00", "date": "2025-12-16", "hour": 21}}, {"type": "Feature", "geometry": {"type": "Point", "coordinates": [5.25, 54.75]}, "properties": {"value": 10.34, "time": "2025-12-16T21:00:00", "date": "2025-12-16", "hour": 21}}, {"type": "Feature", "geometry": {"type": "Point", "coordinates": [5.5, 54.75]}, "properties": {"value": 10.381, "time": "2025-12-16T21:00:00", "date": "2025-12-16", "hour": 21}}, {"type": "Feature", "geometry": {"type": "Point", "coordinates": [5.75, 54.75]}, "properties": {"value": 10.38, "time": "2025-12-16T21:00:00", "date": "2025-12-16", "hour": 21}}, {"type": "Feature", "geometry": {"type": "Point", "coordinates": [6.0, 54.75]}, "properties": {"value": 10.299, "time": "2025-12-16T21:00:00", "date": "2025-12-16", "hour": 21}}, {"type": "Feature", "geometry": {"type": "Point", "coordinates": [6.25, 54.75]}, "properties": {"value": 10.196, "time": "2025-12-16T21:00:00", "date": "2025-12-16", "hour": 21}}, {"type": "Feature", "geometry": {"type": "Point", "coordinates": [6.5, 54.75]}, "properties": {"value": 10.082, "time": "2025-12-16T21:00:00", "date": "2025-12-16", "hour": 21}}, {"type": "Feature", "geometry": {"type": "Point", "coordinates": [6.75, 54.75]}, "properties": {"value": 9.954, "time": "2025-12-16T21:00:00", "date": "2025-12-16", "hour": 21}}, {"type": "Feature", "geometry": {"type": "Point", "coordinates": [7.0, 54.75]}, "properties": {"value": 9.864, "time": "2025-12-16T21:00:00", "date": "2025-12-16", "hour": 21}}, {"type": "Feature", "geometry": {"type": "Point", "coordinates": [7.25, 54.75]}, "properties": {"value": 9.502, "time": "2025-12-16T21:00:00", "date": "2025-12-16", "hour": 21}}, {"type": "Feature", "geometry": {"type": "Point", "coordinates": [7.5, 54.75]}, "properties": {"value": 9.154, "time": "2025-12-16T21:00:00", "date": "2025-12-16", "hour": 21}}, {"type": "Feature", "geometry": {"type": "Point", "coordinates": [7.75, 54.75]}, "properties": {"value": 8.209, "time": "2025-12-16T21:00:00", "date": "2025-12-16", "hour": 21}}, {"type": "Feature", "geometry": {"type": "Point", "coordinates": [8.0, 54.75]}, "properties": {"value": 7.254, "time": "2025-12-16T21:00:00", "date": "2025-12-16", "hour": 21}}, {"type": "Feature", "geometry": {"type": "Point", "coordinates": [8.25, 54.75]}, "properties": {"value": 6.497, "time": "2025-12-16T21:00:00", "date": "2025-12-16", "hour": 21}}, {"type": "Feature", "geometry": {"type": "Point", "coordinates": [8.5, 54.75]}, "properties": {"value": 5.865, "time": "2025-12-16T21:00:00", "date": "2025-12-16", "hour": 21}}, {"type": "Feature", "geometry": {"type": "Point", "coordinates": [10.25, 54.75]}, "properties": {"value": 7.163, "time": "2025-12-16T21:00:00", "date": "2025-12-16", "hour": 21}}, {"type": "Feature", "geometry": {"type": "Point", "coordinates": [10.5, 54.75]}, "properties": {"value": 7.016, "time": "2025-12-16T21:00:00", "date": "2025-12-16", "hour": 21}}, {"type": "Feature", "geometry": {"type": "Point", "coordinates": [10.75, 54.75]}, "properties": {"value": 6.83, "time": "2025-12-16T21:00:00", "date": "2025-12-16", "hour": 21}}, {"type": "Feature", "geometry": {"type": "Point", "coordinates": [11.0, 54.75]}, "properties": {"value": 6.646, "time": "2025-12-16T21:00:00", "date": "2025-12-16", "hour": 21}}, {"type": "Feature", "geometry": {"type": "Point", "coordinates": [11.25, 54.75]}, "properties": {"value": 6.313, "time": "2025-12-16T21:00:00", "date": "2025-12-16", "hour": 21}}, {"type": "Feature", "geometry": {"type": "Point", "coordinates": [11.5, 54.75]}, "properties": {"value": 6.009, "time": "2025-12-16T21:00:00", "date": "2025-12-16", "hour": 21}}, {"type": "Feature", "geometry": {"type": "Point", "coordinates": [12.0, 54.75]}, "properties": {"value": 6.154, "time": "2025-12-16T21:00:00", "date": "2025-12-16", "hour": 21}}, {"type": "Feature", "geometry": {"type": "Point", "coordinates": [12.25, 54.75]}, "properties": {"value": 6.574, "time": "2025-12-16T21:00:00", "date": "2025-12-16", "hour": 21}}, {"type": "Feature", "geometry": {"type": "Point", "coordinates": [12.5, 54.75]}, "properties": {"value": 6.943, "time": "2025-12-16T21:00:00", "date": "2025-12-16", "hour": 21}}, {"type": "Feature", "geometry": {"type": "Point", "coordinates": [12.75, 54.75]}, "properties": {"value": 7.042, "time": "2025-12-16T21:00:00", "date": "2025-12-16", "hour": 21}}, {"type": "Feature", "geometry": {"type": "Point", "coordinates": [13.0, 54.75]}, "properties": {"value": 6.97, "time": "2025-12-16T21:00:00", "date": "2025-12-16", "hour": 21}}, {"type": "Feature", "geometry": {"type": "Point", "coordinates": [13.25, 54.75]}, "properties": {"value": 6.999, "time": "2025-12-16T21:00:00", "date": "2025-12-16", "hour": 21}}, {"type": "Feature", "geometry": {"type": "Point", "coordinates": [13.5, 54.75]}, "properties": {"value": 7.044, "time": "2025-12-16T21:00:00", "date": "2025-12-16", "hour": 21}}, {"type": "Feature", "geometry": {"type": "Point", "coordinates": [13.75, 54.75]}, "properties": {"value": 7.144, "time": "2025-12-16T21:00:00", "date": "2025-12-16", "hour": 21}}, {"type": "Feature", "geometry": {"type": "Point", "coordinates": [14.0, 54.75]}, "properties": {"value": 7.238, "time": "2025-12-16T21:00:00", "date": "2025-12-16", "hour": 21}}, {"type": "Feature", "geometry": {"type": "Point", "coordinates": [14.25, 54.75]}, "properties": {"value": 7.402, "time": "2025-12-16T21:00:00", "date": "2025-12-16", "hour": 21}}, {"type": "Feature", "geometry": {"type": "Point", "coordinates": [14.5, 54.75]}, "properties": {"value": 7.803, "time": "2025-12-16T21:00:00", "date": "2025-12-16", "hour": 21}}, {"type": "Feature", "geometry": {"type": "Point", "coordinates": [14.75, 54.75]}, "properties": {"value": 7.963, "time": "2025-12-16T21:00:00", "date": "2025-12-16", "hour": 21}}, {"type": "Feature", "geometry": {"type": "Point", "coordinates": [15.0, 54.75]}, "properties": {"value": 8.052, "time": "2025-12-16T21:00:00", "date": "2025-12-16", "hour": 21}}, {"type": "Feature", "geometry": {"type": "Point", "coordinates": [5.0, 55.0]}, "properties": {"value": 10.113, "time": "2025-12-16T21:00:00", "date": "2025-12-16", "hour": 21}}, {"type": "Feature", "geometry": {"type": "Point", "coordinates": [5.25, 55.0]}, "properties": {"value": 10.274, "time": "2025-12-16T21:00:00", "date": "2025-12-16", "hour": 21}}, {"type": "Feature", "geometry": {"type": "Point", "coordinates": [5.5, 55.0]}, "properties": {"value": 10.323, "time": "2025-12-16T21:00:00", "date": "2025-12-16", "hour": 21}}, {"type": "Feature", "geometry": {"type": "Point", "coordinates": [5.75, 55.0]}, "properties": {"value": 10.323, "time": "2025-12-16T21:00:00", "date": "2025-12-16", "hour": 21}}, {"type": "Feature", "geometry": {"type": "Point", "coordinates": [6.0, 55.0]}, "properties": {"value": 10.274, "time": "2025-12-16T21:00:00", "date": "2025-12-16", "hour": 21}}, {"type": "Feature", "geometry": {"type": "Point", "coordinates": [6.25, 55.0]}, "properties": {"value": 10.224, "time": "2025-12-16T21:00:00", "date": "2025-12-16", "hour": 21}}, {"type": "Feature", "geometry": {"type": "Point", "coordinates": [6.5, 55.0]}, "properties": {"value": 10.116, "time": "2025-12-16T21:00:00", "date": "2025-12-16", "hour": 21}}, {"type": "Feature", "geometry": {"type": "Point", "coordinates": [6.75, 55.0]}, "properties": {"value": 9.98, "time": "2025-12-16T21:00:00", "date": "2025-12-16", "hour": 21}}, {"type": "Feature", "geometry": {"type": "Point", "coordinates": [7.0, 55.0]}, "properties": {"value": 9.81, "time": "2025-12-16T21:00:00", "date": "2025-12-16", "hour": 21}}, {"type": "Feature", "geometry": {"type": "Point", "coordinates": [7.25, 55.0]}, "properties": {"value": 9.486, "time": "2025-12-16T21:00:00", "date": "2025-12-16", "hour": 21}}, {"type": "Feature", "geometry": {"type": "Point", "coordinates": [7.5, 55.0]}, "properties": {"value": 9.176, "time": "2025-12-16T21:00:00", "date": "2025-12-16", "hour": 21}}, {"type": "Feature", "geometry": {"type": "Point", "coordinates": [7.75, 55.0]}, "properties": {"value": 8.262, "time": "2025-12-16T21:00:00", "date": "2025-12-16", "hour": 21}}, {"type": "Feature", "geometry": {"type": "Point", "coordinates": [8.0, 55.0]}, "properties": {"value": 7.421, "time": "2025-12-16T21:00:00", "date": "2025-12-16", "hour": 21}}, {"type": "Feature", "geometry": {"type": "Point", "coordinates": [8.25, 55.0]}, "properties": {"value": 6.589, "time": "2025-12-16T21:00:00", "date": "2025-12-16", "hour": 21}}, {"type": "Feature", "geometry": {"type": "Point", "coordinates": [8.5, 55.0]}, "properties": {"value": 5.959, "time": "2025-12-16T21:00:00", "date": "2025-12-16", "hour": 21}}, {"type": "Feature", "geometry": {"type": "Point", "coordinates": [10.25, 55.0]}, "properties": {"value": 7.051, "time": "2025-12-16T21:00:00", "date": "2025-12-16", "hour": 21}}, {"type": "Feature", "geometry": {"type": "Point", "coordinates": [10.5, 55.0]}, "properties": {"value": 6.888, "time": "2025-12-16T21:00:00", "date": "2025-12-16", "hour": 21}}, {"type": "Feature", "geometry": {"type": "Point", "coordinates": [10.75, 55.0]}, "properties": {"value": 6.727, "time": "2025-12-16T21:00:00", "date": "2025-12-16", "hour": 21}}, {"type": "Feature", "geometry": {"type": "Point", "coordinates": [11.0, 55.0]}, "properties": {"value": 6.484, "time": "2025-12-16T21:00:00", "date": "2025-12-16", "hour": 21}}, {"type": "Feature", "geometry": {"type": "Point", "coordinates": [11.25, 55.0]}, "properties": {"value": 6.052, "time": "2025-12-16T21:00:00", "date": "2025-12-16", "hour": 21}}, {"type": "Feature", "geometry": {"type": "Point", "coordinates": [11.5, 55.0]}, "properties": {"value": 5.719, "time": "2025-12-16T21:00:00", "date": "2025-12-16", "hour": 21}}, {"type": "Feature", "geometry": {"type": "Point", "coordinates": [11.75, 55.0]}, "properties": {"value": 5.292, "time": "2025-12-16T21:00:00", "date": "2025-12-16", "hour": 21}}, {"type": "Feature", "geometry": {"type": "Point", "coordinates": [12.0, 55.0]}, "properties": {"value": 5.625, "time": "2025-12-16T21:00:00", "date": "2025-12-16", "hour": 21}}, {"type": "Feature", "geometry": {"type": "Point", "coordinates": [12.25, 55.0]}, "properties": {"value": 6.174, "time": "2025-12-16T21:00:00", "date": "2025-12-16", "hour": 21}}, {"type": "Feature", "geometry": {"type": "Point", "coordinates": [12.5, 55.0]}, "properties": {"value": 7.017, "time": "2025-12-16T21:00:00", "date": "2025-12-16", "hour": 21}}, {"type": "Feature", "geometry": {"type": "Point", "coordinates": [12.75, 55.0]}, "properties": {"value": 7.281, "time": "2025-12-16T21:00:00", "date": "2025-12-16", "hour": 21}}, {"type": "Feature", "geometry": {"type": "Point", "coordinates": [13.0, 55.0]}, "properties": {"value": 7.358, "time": "2025-12-16T21:00:00", "date": "2025-12-16", "hour": 21}}, {"type": "Feature", "geometry": {"type": "Point", "coordinates": [13.25, 55.0]}, "properties": {"value": 7.385, "time": "2025-12-16T21:00:00", "date": "2025-12-16", "hour": 21}}, {"type": "Feature", "geometry": {"type": "Point", "coordinates": [13.5, 55.0]}, "properties": {"value": 7.365, "time": "2025-12-16T21:00:00", "date": "2025-12-16", "hour": 21}}, {"type": "Feature", "geometry": {"type": "Point", "coordinates": [13.75, 55.0]}, "properties": {"value": 7.413, "time": "2025-12-16T21:00:00", "date": "2025-12-16", "hour": 21}}, {"type": "Feature", "geometry": {"type": "Point", "coordinates": [14.0, 55.0]}, "properties": {"value": 7.438, "time": "2025-12-16T21:00:00", "date": "2025-12-16", "hour": 21}}, {"type": "Feature", "geometry": {"type": "Point", "coordinates": [14.25, 55.0]}, "properties": {"value": 7.563, "time": "2025-12-16T21:00:00", "date": "2025-12-16", "hour": 21}}, {"type": "Feature", "geometry": {"type": "Point", "coordinates": [14.5, 55.0]}, "properties": {"value": 7.666, "time": "2025-12-16T21:00:00", "date": "2025-12-16", "hour": 21}}, {"type": "Feature", "geometry": {"type": "Point", "coordinates": [14.75, 55.0]}, "properties": {"value": 7.713, "time": "2025-12-16T21:00:00", "date": "2025-12-16", "hour": 21}}, {"type": "Feature", "geometry": {"type": "Point", "coordinates": [15.0, 55.0]}, "properties": {"value": 7.778, "time": "2025-12-16T21:00:00", "date": "2025-12-16", "hour": 21}}, {"type": "Feature", "geometry": {"type": "Point", "coordinates": [5.25, 52.75]}, "properties": {"value": 6.637, "time": "2025-12-16T22:00:00", "date": "2025-12-16", "hour": 22}}, {"type": "Feature", "geometry": {"type": "Point", "coordinates": [5.5, 52.75]}, "properties": {"value": 6.64, "time": "2025-12-16T22:00:00", "date": "2025-12-16", "hour": 22}}, {"type": "Feature", "geometry": {"type": "Point", "coordinates": [5.0, 53.0]}, "properties": {"value": 7.587, "time": "2025-12-16T22:00:00", "date": "2025-12-16", "hour": 22}}, {"type": "Feature", "geometry": {"type": "Point", "coordinates": [5.25, 53.0]}, "properties": {"value": 6.997, "time": "2025-12-16T22:00:00", "date": "2025-12-16", "hour": 22}}, {"type": "Feature", "geometry": {"type": "Point", "coordinates": [5.5, 53.0]}, "properties": {"value": 6.597, "time": "2025-12-16T22:00:00", "date": "2025-12-16", "hour": 22}}, {"type": "Feature", "geometry": {"type": "Point", "coordinates": [5.0, 53.25]}, "properties": {"value": 8.023, "time": "2025-12-16T22:00:00", "date": "2025-12-16", "hour": 22}}, {"type": "Feature", "geometry": {"type": "Point", "coordinates": [5.25, 53.25]}, "properties": {"value": 7.4, "time": "2025-12-16T22:00:00", "date": "2025-12-16", "hour": 22}}, {"type": "Feature", "geometry": {"type": "Point", "coordinates": [5.5, 53.25]}, "properties": {"value": 7.023, "time": "2025-12-16T22:00:00", "date": "2025-12-16", "hour": 22}}, {"type": "Feature", "geometry": {"type": "Point", "coordinates": [5.0, 53.5]}, "properties": {"value": 9.225, "time": "2025-12-16T22:00:00", "date": "2025-12-16", "hour": 22}}, {"type": "Feature", "geometry": {"type": "Point", "coordinates": [5.25, 53.5]}, "properties": {"value": 8.834, "time": "2025-12-16T22:00:00", "date": "2025-12-16", "hour": 22}}, {"type": "Feature", "geometry": {"type": "Point", "coordinates": [5.5, 53.5]}, "properties": {"value": 8.73, "time": "2025-12-16T22:00:00", "date": "2025-12-16", "hour": 22}}, {"type": "Feature", "geometry": {"type": "Point", "coordinates": [5.75, 53.5]}, "properties": {"value": 8.483, "time": "2025-12-16T22:00:00", "date": "2025-12-16", "hour": 22}}, {"type": "Feature", "geometry": {"type": "Point", "coordinates": [6.0, 53.5]}, "properties": {"value": 8.106, "time": "2025-12-16T22:00:00", "date": "2025-12-16", "hour": 22}}, {"type": "Feature", "geometry": {"type": "Point", "coordinates": [6.25, 53.5]}, "properties": {"value": 7.659, "time": "2025-12-16T22:00:00", "date": "2025-12-16", "hour": 22}}, {"type": "Feature", "geometry": {"type": "Point", "coordinates": [6.5, 53.5]}, "properties": {"value": 7.379, "time": "2025-12-16T22:00:00", "date": "2025-12-16", "hour": 22}}, {"type": "Feature", "geometry": {"type": "Point", "coordinates": [6.75, 53.5]}, "properties": {"value": 6.881, "time": "2025-12-16T22:00:00", "date": "2025-12-16", "hour": 22}}, {"type": "Feature", "geometry": {"type": "Point", "coordinates": [5.0, 53.75]}, "properties": {"value": 9.936, "time": "2025-12-16T22:00:00", "date": "2025-12-16", "hour": 22}}, {"type": "Feature", "geometry": {"type": "Point", "coordinates": [5.25, 53.75]}, "properties": {"value": 9.554, "time": "2025-12-16T22:00:00", "date": "2025-12-16", "hour": 22}}, {"type": "Feature", "geometry": {"type": "Point", "coordinates": [5.5, 53.75]}, "properties": {"value": 9.28, "time": "2025-12-16T22:00:00", "date": "2025-12-16", "hour": 22}}, {"type": "Feature", "geometry": {"type": "Point", "coordinates": [5.75, 53.75]}, "properties": {"value": 9.167, "time": "2025-12-16T22:00:00", "date": "2025-12-16", "hour": 22}}, {"type": "Feature", "geometry": {"type": "Point", "coordinates": [6.0, 53.75]}, "properties": {"value": 8.863, "time": "2025-12-16T22:00:00", "date": "2025-12-16", "hour": 22}}, {"type": "Feature", "geometry": {"type": "Point", "coordinates": [6.25, 53.75]}, "properties": {"value": 8.601, "time": "2025-12-16T22:00:00", "date": "2025-12-16", "hour": 22}}, {"type": "Feature", "geometry": {"type": "Point", "coordinates": [6.5, 53.75]}, "properties": {"value": 8.123, "time": "2025-12-16T22:00:00", "date": "2025-12-16", "hour": 22}}, {"type": "Feature", "geometry": {"type": "Point", "coordinates": [6.75, 53.75]}, "properties": {"value": 7.637, "time": "2025-12-16T22:00:00", "date": "2025-12-16", "hour": 22}}, {"type": "Feature", "geometry": {"type": "Point", "coordinates": [7.0, 53.75]}, "properties": {"value": 7.635, "time": "2025-12-16T22:00:00", "date": "2025-12-16", "hour": 22}}, {"type": "Feature", "geometry": {"type": "Point", "coordinates": [7.25, 53.75]}, "properties": {"value": 7.317, "time": "2025-12-16T22:00:00", "date": "2025-12-16", "hour": 22}}, {"type": "Feature", "geometry": {"type": "Point", "coordinates": [7.5, 53.75]}, "properties": {"value": 7.426, "time": "2025-12-16T22:00:00", "date": "2025-12-16", "hour": 22}}, {"type": "Feature", "geometry": {"type": "Point", "coordinates": [7.75, 53.75]}, "properties": {"value": 7.443, "time": "2025-12-16T22:00:00", "date": "2025-12-16", "hour": 22}}, {"type": "Feature", "geometry": {"type": "Point", "coordinates": [8.0, 53.75]}, "properties": {"value": 7.329, "time": "2025-12-16T22:00:00", "date": "2025-12-16", "hour": 22}}, {"type": "Feature", "geometry": {"type": "Point", "coordinates": [8.25, 53.75]}, "properties": {"value": 6.895, "time": "2025-12-16T22:00:00", "date": "2025-12-16", "hour": 22}}, {"type": "Feature", "geometry": {"type": "Point", "coordinates": [8.5, 53.75]}, "properties": {"value": 6.403, "time": "2025-12-16T22:00:00", "date": "2025-12-16", "hour": 22}}, {"type": "Feature", "geometry": {"type": "Point", "coordinates": [8.75, 53.75]}, "properties": {"value": 6.403, "time": "2025-12-16T22:00:00", "date": "2025-12-16", "hour": 22}}, {"type": "Feature", "geometry": {"type": "Point", "coordinates": [14.25, 53.75]}, "properties": {"value": 3.275, "time": "2025-12-16T22:00:00", "date": "2025-12-16", "hour": 22}}, {"type": "Feature", "geometry": {"type": "Point", "coordinates": [14.5, 53.75]}, "properties": {"value": 3.275, "time": "2025-12-16T22:00:00", "date": "2025-12-16", "hour": 22}}, {"type": "Feature", "geometry": {"type": "Point", "coordinates": [5.0, 54.0]}, "properties": {"value": 10.008, "time": "2025-12-16T22:00:00", "date": "2025-12-16", "hour": 22}}, {"type": "Feature", "geometry": {"type": "Point", "coordinates": [5.25, 54.0]}, "properties": {"value": 9.808, "time": "2025-12-16T22:00:00", "date": "2025-12-16", "hour": 22}}, {"type": "Feature", "geometry": {"type": "Point", "coordinates": [5.5, 54.0]}, "properties": {"value": 9.536, "time": "2025-12-16T22:00:00", "date": "2025-12-16", "hour": 22}}, {"type": "Feature", "geometry": {"type": "Point", "coordinates": [5.75, 54.0]}, "properties": {"value": 9.439, "time": "2025-12-16T22:00:00", "date": "2025-12-16", "hour": 22}}, {"type": "Feature", "geometry": {"type": "Point", "coordinates": [6.0, 54.0]}, "properties": {"value": 9.344, "time": "2025-12-16T22:00:00", "date": "2025-12-16", "hour": 22}}, {"type": "Feature", "geometry": {"type": "Point", "coordinates": [6.25, 54.0]}, "properties": {"value": 9.177, "time": "2025-12-16T22:00:00", "date": "2025-12-16", "hour": 22}}, {"type": "Feature", "geometry": {"type": "Point", "coordinates": [6.5, 54.0]}, "properties": {"value": 8.776, "time": "2025-12-16T22:00:00", "date": "2025-12-16", "hour": 22}}, {"type": "Feature", "geometry": {"type": "Point", "coordinates": [6.75, 54.0]}, "properties": {"value": 8.7, "time": "2025-12-16T22:00:00", "date": "2025-12-16", "hour": 22}}, {"type": "Feature", "geometry": {"type": "Point", "coordinates": [7.0, 54.0]}, "properties": {"value": 8.687, "time": "2025-12-16T22:00:00", "date": "2025-12-16", "hour": 22}}, {"type": "Feature", "geometry": {"type": "Point", "coordinates": [7.25, 54.0]}, "properties": {"value": 8.499, "time": "2025-12-16T22:00:00", "date": "2025-12-16", "hour": 22}}, {"type": "Feature", "geometry": {"type": "Point", "coordinates": [7.5, 54.0]}, "properties": {"value": 8.476, "time": "2025-12-16T22:00:00", "date": "2025-12-16", "hour": 22}}, {"type": "Feature", "geometry": {"type": "Point", "coordinates": [7.75, 54.0]}, "properties": {"value": 8.345, "time": "2025-12-16T22:00:00", "date": "2025-12-16", "hour": 22}}, {"type": "Feature", "geometry": {"type": "Point", "coordinates": [8.0, 54.0]}, "properties": {"value": 8.189, "time": "2025-12-16T22:00:00", "date": "2025-12-16", "hour": 22}}, {"type": "Feature", "geometry": {"type": "Point", "coordinates": [8.25, 54.0]}, "properties": {"value": 7.862, "time": "2025-12-16T22:00:00", "date": "2025-12-16", "hour": 22}}, {"type": "Feature", "geometry": {"type": "Point", "coordinates": [8.5, 54.0]}, "properties": {"value": 6.861, "time": "2025-12-16T22:00:00", "date": "2025-12-16", "hour": 22}}, {"type": "Feature", "geometry": {"type": "Point", "coordinates": [11.25, 54.0]}, "properties": {"value": 5.723, "time": "2025-12-16T22:00:00", "date": "2025-12-16", "hour": 22}}, {"type": "Feature", "geometry": {"type": "Point", "coordinates": [14.0, 54.0]}, "properties": {"value": 4.563, "time": "2025-12-16T22:00:00", "date": "2025-12-16", "hour": 22}}, {"type": "Feature", "geometry": {"type": "Point", "coordinates": [14.25, 54.0]}, "properties": {"value": 4.997, "time": "2025-12-16T22:00:00", "date": "2025-12-16", "hour": 22}}, {"type": "Feature", "geometry": {"type": "Point", "coordinates": [14.5, 54.0]}, "properties": {"value": 4.753, "time": "2025-12-16T22:00:00", "date": "2025-12-16", "hour": 22}}, {"type": "Feature", "geometry": {"type": "Point", "coordinates": [14.75, 54.0]}, "properties": {"value": 5.071, "time": "2025-12-16T22:00:00", "date": "2025-12-16", "hour": 22}}, {"type": "Feature", "geometry": {"type": "Point", "coordinates": [5.0, 54.25]}, "properties": {"value": 9.993, "time": "2025-12-16T22:00:00", "date": "2025-12-16", "hour": 22}}, {"type": "Feature", "geometry": {"type": "Point", "coordinates": [5.25, 54.25]}, "properties": {"value": 9.83, "time": "2025-12-16T22:00:00", "date": "2025-12-16", "hour": 22}}, {"type": "Feature", "geometry": {"type": "Point", "coordinates": [5.5, 54.25]}, "properties": {"value": 9.625, "time": "2025-12-16T22:00:00", "date": "2025-12-16", "hour": 22}}, {"type": "Feature", "geometry": {"type": "Point", "coordinates": [5.75, 54.25]}, "properties": {"value": 9.529, "time": "2025-12-16T22:00:00", "date": "2025-12-16", "hour": 22}}, {"type": "Feature", "geometry": {"type": "Point", "coordinates": [6.0, 54.25]}, "properties": {"value": 9.502, "time": "2025-12-16T22:00:00", "date": "2025-12-16", "hour": 22}}, {"type": "Feature", "geometry": {"type": "Point", "coordinates": [6.25, 54.25]}, "properties": {"value": 9.431, "time": "2025-12-16T22:00:00", "date": "2025-12-16", "hour": 22}}, {"type": "Feature", "geometry": {"type": "Point", "coordinates": [6.5, 54.25]}, "properties": {"value": 9.416, "time": "2025-12-16T22:00:00", "date": "2025-12-16", "hour": 22}}, {"type": "Feature", "geometry": {"type": "Point", "coordinates": [6.75, 54.25]}, "properties": {"value": 9.379, "time": "2025-12-16T22:00:00", "date": "2025-12-16", "hour": 22}}, {"type": "Feature", "geometry": {"type": "Point", "coordinates": [7.0, 54.25]}, "properties": {"value": 9.388, "time": "2025-12-16T22:00:00", "date": "2025-12-16", "hour": 22}}, {"type": "Feature", "geometry": {"type": "Point", "coordinates": [7.25, 54.25]}, "properties": {"value": 9.309, "time": "2025-12-16T22:00:00", "date": "2025-12-16", "hour": 22}}, {"type": "Feature", "geometry": {"type": "Point", "coordinates": [7.5, 54.25]}, "properties": {"value": 9.195, "time": "2025-12-16T22:00:00", "date": "2025-12-16", "hour": 22}}, {"type": "Feature", "geometry": {"type": "Point", "coordinates": [7.75, 54.25]}, "properties": {"value": 8.873, "time": "2025-12-16T22:00:00", "date": "2025-12-16", "hour": 22}}, {"type": "Feature", "geometry": {"type": "Point", "coordinates": [8.0, 54.25]}, "properties": {"value": 8.633, "time": "2025-12-16T22:00:00", "date": "2025-12-16", "hour": 22}}, {"type": "Feature", "geometry": {"type": "Point", "coordinates": [8.25, 54.25]}, "properties": {"value": 7.659, "time": "2025-12-16T22:00:00", "date": "2025-12-16", "hour": 22}}, {"type": "Feature", "geometry": {"type": "Point", "coordinates": [8.5, 54.25]}, "properties": {"value": 6.683, "time": "2025-12-16T22:00:00", "date": "2025-12-16", "hour": 22}}, {"type": "Feature", "geometry": {"type": "Point", "coordinates": [10.75, 54.25]}, "properties": {"value": 6.186, "time": "2025-12-16T22:00:00", "date": "2025-12-16", "hour": 22}}, {"type": "Feature", "geometry": {"type": "Point", "coordinates": [11.25, 54.25]}, "properties": {"value": 6.154, "time": "2025-12-16T22:00:00", "date": "2025-12-16", "hour": 22}}, {"type": "Feature", "geometry": {"type": "Point", "coordinates": [11.75, 54.25]}, "properties": {"value": 6.544, "time": "2025-12-16T22:00:00", "date": "2025-12-16", "hour": 22}}, {"type": "Feature", "geometry": {"type": "Point", "coordinates": [12.25, 54.25]}, "properties": {"value": 6.166, "time": "2025-12-16T22:00:00", "date": "2025-12-16", "hour": 22}}, {"type": "Feature", "geometry": {"type": "Point", "coordinates": [13.75, 54.25]}, "properties": {"value": 4.684, "time": "2025-12-16T22:00:00", "date": "2025-12-16", "hour": 22}}, {"type": "Feature", "geometry": {"type": "Point", "coordinates": [14.0, 54.25]}, "properties": {"value": 5.08, "time": "2025-12-16T22:00:00", "date": "2025-12-16", "hour": 22}}, {"type": "Feature", "geometry": {"type": "Point", "coordinates": [14.25, 54.25]}, "properties": {"value": 5.343, "time": "2025-12-16T22:00:00", "date": "2025-12-16", "hour": 22}}, {"type": "Feature", "geometry": {"type": "Point", "coordinates": [14.5, 54.25]}, "properties": {"value": 5.184, "time": "2025-12-16T22:00:00", "date": "2025-12-16", "hour": 22}}, {"type": "Feature", "geometry": {"type": "Point", "coordinates": [14.75, 54.25]}, "properties": {"value": 5.351, "time": "2025-12-16T22:00:00", "date": "2025-12-16", "hour": 22}}, {"type": "Feature", "geometry": {"type": "Point", "coordinates": [15.0, 54.25]}, "properties": {"value": 5.856, "time": "2025-12-16T22:00:00", "date": "2025-12-16", "hour": 22}}, {"type": "Feature", "geometry": {"type": "Point", "coordinates": [5.0, 54.5]}, "properties": {"value": 9.937, "time": "2025-12-16T22:00:00", "date": "2025-12-16", "hour": 22}}, {"type": "Feature", "geometry": {"type": "Point", "coordinates": [5.25, 54.5]}, "properties": {"value": 9.941, "time": "2025-12-16T22:00:00", "date": "2025-12-16", "hour": 22}}, {"type": "Feature", "geometry": {"type": "Point", "coordinates": [5.5, 54.5]}, "properties": {"value": 9.814, "time": "2025-12-16T22:00:00", "date": "2025-12-16", "hour": 22}}, {"type": "Feature", "geometry": {"type": "Point", "coordinates": [5.75, 54.5]}, "properties": {"value": 9.702, "time": "2025-12-16T22:00:00", "date": "2025-12-16", "hour": 22}}, {"type": "Feature", "geometry": {"type": "Point", "coordinates": [6.0, 54.5]}, "properties": {"value": 9.66, "time": "2025-12-16T22:00:00", "date": "2025-12-16", "hour": 22}}, {"type": "Feature", "geometry": {"type": "Point", "coordinates": [6.25, 54.5]}, "properties": {"value": 9.61, "time": "2025-12-16T22:00:00", "date": "2025-12-16", "hour": 22}}, {"type": "Feature", "geometry": {"type": "Point", "coordinates": [6.5, 54.5]}, "properties": {"value": 9.607, "time": "2025-12-16T22:00:00", "date": "2025-12-16", "hour": 22}}, {"type": "Feature", "geometry": {"type": "Point", "coordinates": [6.75, 54.5]}, "properties": {"value": 9.625, "time": "2025-12-16T22:00:00", "date": "2025-12-16", "hour": 22}}, {"type": "Feature", "geometry": {"type": "Point", "coordinates": [7.0, 54.5]}, "properties": {"value": 9.627, "time": "2025-12-16T22:00:00", "date": "2025-12-16", "hour": 22}}, {"type": "Feature", "geometry": {"type": "Point", "coordinates": [7.25, 54.5]}, "properties": {"value": 9.511, "time": "2025-12-16T22:00:00", "date": "2025-12-16", "hour": 22}}, {"type": "Feature", "geometry": {"type": "Point", "coordinates": [7.5, 54.5]}, "properties": {"value": 9.382, "time": "2025-12-16T22:00:00", "date": "2025-12-16", "hour": 22}}, {"type": "Feature", "geometry": {"type": "Point", "coordinates": [7.75, 54.5]}, "properties": {"value": 8.977, "time": "2025-12-16T22:00:00", "date": "2025-12-16", "hour": 22}}, {"type": "Feature", "geometry": {"type": "Point", "coordinates": [8.0, 54.5]}, "properties": {"value": 8.053, "time": "2025-12-16T22:00:00", "date": "2025-12-16", "hour": 22}}, {"type": "Feature", "geometry": {"type": "Point", "coordinates": [8.25, 54.5]}, "properties": {"value": 7.1, "time": "2025-12-16T22:00:00", "date": "2025-12-16", "hour": 22}}, {"type": "Feature", "geometry": {"type": "Point", "coordinates": [8.5, 54.5]}, "properties": {"value": 6.249, "time": "2025-12-16T22:00:00", "date": "2025-12-16", "hour": 22}}, {"type": "Feature", "geometry": {"type": "Point", "coordinates": [10.5, 54.5]}, "properties": {"value": 6.723, "time": "2025-12-16T22:00:00", "date": "2025-12-16", "hour": 22}}, {"type": "Feature", "geometry": {"type": "Point", "coordinates": [10.75, 54.5]}, "properties": {"value": 6.436, "time": "2025-12-16T22:00:00", "date": "2025-12-16", "hour": 22}}, {"type": "Feature", "geometry": {"type": "Point", "coordinates": [11.0, 54.5]}, "properties": {"value": 6.244, "time": "2025-12-16T22:00:00", "date": "2025-12-16", "hour": 22}}, {"type": "Feature", "geometry": {"type": "Point", "coordinates": [11.25, 54.5]}, "properties": {"value": 6.423, "time": "2025-12-16T22:00:00", "date": "2025-12-16", "hour": 22}}, {"type": "Feature", "geometry": {"type": "Point", "coordinates": [11.5, 54.5]}, "properties": {"value": 6.434, "time": "2025-12-16T22:00:00", "date": "2025-12-16", "hour": 22}}, {"type": "Feature", "geometry": {"type": "Point", "coordinates": [11.75, 54.5]}, "properties": {"value": 6.525, "time": "2025-12-16T22:00:00", "date": "2025-12-16", "hour": 22}}, {"type": "Feature", "geometry": {"type": "Point", "coordinates": [12.0, 54.5]}, "properties": {"value": 6.402, "time": "2025-12-16T22:00:00", "date": "2025-12-16", "hour": 22}}, {"type": "Feature", "geometry": {"type": "Point", "coordinates": [12.25, 54.5]}, "properties": {"value": 6.265, "time": "2025-12-16T22:00:00", "date": "2025-12-16", "hour": 22}}, {"type": "Feature", "geometry": {"type": "Point", "coordinates": [13.0, 54.5]}, "properties": {"value": 6.904, "time": "2025-12-16T22:00:00", "date": "2025-12-16", "hour": 22}}, {"type": "Feature", "geometry": {"type": "Point", "coordinates": [13.25, 54.5]}, "properties": {"value": 6.124, "time": "2025-12-16T22:00:00", "date": "2025-12-16", "hour": 22}}, {"type": "Feature", "geometry": {"type": "Point", "coordinates": [13.5, 54.5]}, "properties": {"value": 5.757, "time": "2025-12-16T22:00:00", "date": "2025-12-16", "hour": 22}}, {"type": "Feature", "geometry": {"type": "Point", "coordinates": [13.75, 54.5]}, "properties": {"value": 5.782, "time": "2025-12-16T22:00:00", "date": "2025-12-16", "hour": 22}}, {"type": "Feature", "geometry": {"type": "Point", "coordinates": [14.0, 54.5]}, "properties": {"value": 6.124, "time": "2025-12-16T22:00:00", "date": "2025-12-16", "hour": 22}}, {"type": "Feature", "geometry": {"type": "Point", "coordinates": [14.25, 54.5]}, "properties": {"value": 6.09, "time": "2025-12-16T22:00:00", "date": "2025-12-16", "hour": 22}}, {"type": "Feature", "geometry": {"type": "Point", "coordinates": [14.5, 54.5]}, "properties": {"value": 6.099, "time": "2025-12-16T22:00:00", "date": "2025-12-16", "hour": 22}}, {"type": "Feature", "geometry": {"type": "Point", "coordinates": [14.75, 54.5]}, "properties": {"value": 6.268, "time": "2025-12-16T22:00:00", "date": "2025-12-16", "hour": 22}}, {"type": "Feature", "geometry": {"type": "Point", "coordinates": [15.0, 54.5]}, "properties": {"value": 6.801, "time": "2025-12-16T22:00:00", "date": "2025-12-16", "hour": 22}}, {"type": "Feature", "geometry": {"type": "Point", "coordinates": [5.0, 54.75]}, "properties": {"value": 9.908, "time": "2025-12-16T22:00:00", "date": "2025-12-16", "hour": 22}}, {"type": "Feature", "geometry": {"type": "Point", "coordinates": [5.25, 54.75]}, "properties": {"value": 9.912, "time": "2025-12-16T22:00:00", "date": "2025-12-16", "hour": 22}}, {"type": "Feature", "geometry": {"type": "Point", "coordinates": [5.5, 54.75]}, "properties": {"value": 9.892, "time": "2025-12-16T22:00:00", "date": "2025-12-16", "hour": 22}}, {"type": "Feature", "geometry": {"type": "Point", "coordinates": [5.75, 54.75]}, "properties": {"value": 9.874, "time": "2025-12-16T22:00:00", "date": "2025-12-16", "hour": 22}}, {"type": "Feature", "geometry": {"type": "Point", "coordinates": [6.0, 54.75]}, "properties": {"value": 9.807, "time": "2025-12-16T22:00:00", "date": "2025-12-16", "hour": 22}}, {"type": "Feature", "geometry": {"type": "Point", "coordinates": [6.25, 54.75]}, "properties": {"value": 9.759, "time": "2025-12-16T22:00:00", "date": "2025-12-16", "hour": 22}}, {"type": "Feature", "geometry": {"type": "Point", "coordinates": [6.5, 54.75]}, "properties": {"value": 9.693, "time": "2025-12-16T22:00:00", "date": "2025-12-16", "hour": 22}}, {"type": "Feature", "geometry": {"type": "Point", "coordinates": [6.75, 54.75]}, "properties": {"value": 9.602, "time": "2025-12-16T22:00:00", "date": "2025-12-16", "hour": 22}}, {"type": "Feature", "geometry": {"type": "Point", "coordinates": [7.0, 54.75]}, "properties": {"value": 9.596, "time": "2025-12-16T22:00:00", "date": "2025-12-16", "hour": 22}}, {"type": "Feature", "geometry": {"type": "Point", "coordinates": [7.25, 54.75]}, "properties": {"value": 9.479, "time": "2025-12-16T22:00:00", "date": "2025-12-16", "hour": 22}}, {"type": "Feature", "geometry": {"type": "Point", "coordinates": [7.5, 54.75]}, "properties": {"value": 9.382, "time": "2025-12-16T22:00:00", "date": "2025-12-16", "hour": 22}}, {"type": "Feature", "geometry": {"type": "Point", "coordinates": [7.75, 54.75]}, "properties": {"value": 8.287, "time": "2025-12-16T22:00:00", "date": "2025-12-16", "hour": 22}}, {"type": "Feature", "geometry": {"type": "Point", "coordinates": [8.0, 54.75]}, "properties": {"value": 7.326, "time": "2025-12-16T22:00:00", "date": "2025-12-16", "hour": 22}}, {"type": "Feature", "geometry": {"type": "Point", "coordinates": [8.25, 54.75]}, "properties": {"value": 6.434, "time": "2025-12-16T22:00:00", "date": "2025-12-16", "hour": 22}}, {"type": "Feature", "geometry": {"type": "Point", "coordinates": [8.5, 54.75]}, "properties": {"value": 5.921, "time": "2025-12-16T22:00:00", "date": "2025-12-16", "hour": 22}}, {"type": "Feature", "geometry": {"type": "Point", "coordinates": [10.25, 54.75]}, "properties": {"value": 7.134, "time": "2025-12-16T22:00:00", "date": "2025-12-16", "hour": 22}}, {"type": "Feature", "geometry": {"type": "Point", "coordinates": [10.5, 54.75]}, "properties": {"value": 7.077, "time": "2025-12-16T22:00:00", "date": "2025-12-16", "hour": 22}}, {"type": "Feature", "geometry": {"type": "Point", "coordinates": [10.75, 54.75]}, "properties": {"value": 6.792, "time": "2025-12-16T22:00:00", "date": "2025-12-16", "hour": 22}}, {"type": "Feature", "geometry": {"type": "Point", "coordinates": [11.0, 54.75]}, "properties": {"value": 6.572, "time": "2025-12-16T22:00:00", "date": "2025-12-16", "hour": 22}}, {"type": "Feature", "geometry": {"type": "Point", "coordinates": [11.25, 54.75]}, "properties": {"value": 6.213, "time": "2025-12-16T22:00:00", "date": "2025-12-16", "hour": 22}}, {"type": "Feature", "geometry": {"type": "Point", "coordinates": [11.5, 54.75]}, "properties": {"value": 5.833, "time": "2025-12-16T22:00:00", "date": "2025-12-16", "hour": 22}}, {"type": "Feature", "geometry": {"type": "Point", "coordinates": [12.0, 54.75]}, "properties": {"value": 5.948, "time": "2025-12-16T22:00:00", "date": "2025-12-16", "hour": 22}}, {"type": "Feature", "geometry": {"type": "Point", "coordinates": [12.25, 54.75]}, "properties": {"value": 6.327, "time": "2025-12-16T22:00:00", "date": "2025-12-16", "hour": 22}}, {"type": "Feature", "geometry": {"type": "Point", "coordinates": [12.5, 54.75]}, "properties": {"value": 6.737, "time": "2025-12-16T22:00:00", "date": "2025-12-16", "hour": 22}}, {"type": "Feature", "geometry": {"type": "Point", "coordinates": [12.75, 54.75]}, "properties": {"value": 6.906, "time": "2025-12-16T22:00:00", "date": "2025-12-16", "hour": 22}}, {"type": "Feature", "geometry": {"type": "Point", "coordinates": [13.0, 54.75]}, "properties": {"value": 6.97, "time": "2025-12-16T22:00:00", "date": "2025-12-16", "hour": 22}}, {"type": "Feature", "geometry": {"type": "Point", "coordinates": [13.25, 54.75]}, "properties": {"value": 7.113, "time": "2025-12-16T22:00:00", "date": "2025-12-16", "hour": 22}}, {"type": "Feature", "geometry": {"type": "Point", "coordinates": [13.5, 54.75]}, "properties": {"value": 7.151, "time": "2025-12-16T22:00:00", "date": "2025-12-16", "hour": 22}}, {"type": "Feature", "geometry": {"type": "Point", "coordinates": [13.75, 54.75]}, "properties": {"value": 7.177, "time": "2025-12-16T22:00:00", "date": "2025-12-16", "hour": 22}}, {"type": "Feature", "geometry": {"type": "Point", "coordinates": [14.0, 54.75]}, "properties": {"value": 7.165, "time": "2025-12-16T22:00:00", "date": "2025-12-16", "hour": 22}}, {"type": "Feature", "geometry": {"type": "Point", "coordinates": [14.25, 54.75]}, "properties": {"value": 7.122, "time": "2025-12-16T22:00:00", "date": "2025-12-16", "hour": 22}}, {"type": "Feature", "geometry": {"type": "Point", "coordinates": [14.5, 54.75]}, "properties": {"value": 7.22, "time": "2025-12-16T22:00:00", "date": "2025-12-16", "hour": 22}}, {"type": "Feature", "geometry": {"type": "Point", "coordinates": [14.75, 54.75]}, "properties": {"value": 7.361, "time": "2025-12-16T22:00:00", "date": "2025-12-16", "hour": 22}}, {"type": "Feature", "geometry": {"type": "Point", "coordinates": [15.0, 54.75]}, "properties": {"value": 7.532, "time": "2025-12-16T22:00:00", "date": "2025-12-16", "hour": 22}}, {"type": "Feature", "geometry": {"type": "Point", "coordinates": [5.0, 55.0]}, "properties": {"value": 9.79, "time": "2025-12-16T22:00:00", "date": "2025-12-16", "hour": 22}}, {"type": "Feature", "geometry": {"type": "Point", "coordinates": [5.25, 55.0]}, "properties": {"value": 9.921, "time": "2025-12-16T22:00:00", "date": "2025-12-16", "hour": 22}}, {"type": "Feature", "geometry": {"type": "Point", "coordinates": [5.5, 55.0]}, "properties": {"value": 9.926, "time": "2025-12-16T22:00:00", "date": "2025-12-16", "hour": 22}}, {"type": "Feature", "geometry": {"type": "Point", "coordinates": [5.75, 55.0]}, "properties": {"value": 9.908, "time": "2025-12-16T22:00:00", "date": "2025-12-16", "hour": 22}}, {"type": "Feature", "geometry": {"type": "Point", "coordinates": [6.0, 55.0]}, "properties": {"value": 9.87, "time": "2025-12-16T22:00:00", "date": "2025-12-16", "hour": 22}}, {"type": "Feature", "geometry": {"type": "Point", "coordinates": [6.25, 55.0]}, "properties": {"value": 9.806, "time": "2025-12-16T22:00:00", "date": "2025-12-16", "hour": 22}}, {"type": "Feature", "geometry": {"type": "Point", "coordinates": [6.5, 55.0]}, "properties": {"value": 9.686, "time": "2025-12-16T22:00:00", "date": "2025-12-16", "hour": 22}}, {"type": "Feature", "geometry": {"type": "Point", "coordinates": [6.75, 55.0]}, "properties": {"value": 9.582, "time": "2025-12-16T22:00:00", "date": "2025-12-16", "hour": 22}}, {"type": "Feature", "geometry": {"type": "Point", "coordinates": [7.0, 55.0]}, "properties": {"value": 9.459, "time": "2025-12-16T22:00:00", "date": "2025-12-16", "hour": 22}}, {"type": "Feature", "geometry": {"type": "Point", "coordinates": [7.25, 55.0]}, "properties": {"value": 9.267, "time": "2025-12-16T22:00:00", "date": "2025-12-16", "hour": 22}}, {"type": "Feature", "geometry": {"type": "Point", "coordinates": [7.5, 55.0]}, "properties": {"value": 9.192, "time": "2025-12-16T22:00:00", "date": "2025-12-16", "hour": 22}}, {"type": "Feature", "geometry": {"type": "Point", "coordinates": [7.75, 55.0]}, "properties": {"value": 8.021, "time": "2025-12-16T22:00:00", "date": "2025-12-16", "hour": 22}}, {"type": "Feature", "geometry": {"type": "Point", "coordinates": [8.0, 55.0]}, "properties": {"value": 7.013, "time": "2025-12-16T22:00:00", "date": "2025-12-16", "hour": 22}}, {"type": "Feature", "geometry": {"type": "Point", "coordinates": [8.25, 55.0]}, "properties": {"value": 6.43, "time": "2025-12-16T22:00:00", "date": "2025-12-16", "hour": 22}}, {"type": "Feature", "geometry": {"type": "Point", "coordinates": [8.5, 55.0]}, "properties": {"value": 5.967, "time": "2025-12-16T22:00:00", "date": "2025-12-16", "hour": 22}}, {"type": "Feature", "geometry": {"type": "Point", "coordinates": [10.25, 55.0]}, "properties": {"value": 6.812, "time": "2025-12-16T22:00:00", "date": "2025-12-16", "hour": 22}}, {"type": "Feature", "geometry": {"type": "Point", "coordinates": [10.5, 55.0]}, "properties": {"value": 6.861, "time": "2025-12-16T22:00:00", "date": "2025-12-16", "hour": 22}}, {"type": "Feature", "geometry": {"type": "Point", "coordinates": [10.75, 55.0]}, "properties": {"value": 6.909, "time": "2025-12-16T22:00:00", "date": "2025-12-16", "hour": 22}}, {"type": "Feature", "geometry": {"type": "Point", "coordinates": [11.0, 55.0]}, "properties": {"value": 6.596, "time": "2025-12-16T22:00:00", "date": "2025-12-16", "hour": 22}}, {"type": "Feature", "geometry": {"type": "Point", "coordinates": [11.25, 55.0]}, "properties": {"value": 6.138, "time": "2025-12-16T22:00:00", "date": "2025-12-16", "hour": 22}}, {"type": "Feature", "geometry": {"type": "Point", "coordinates": [11.5, 55.0]}, "properties": {"value": 5.665, "time": "2025-12-16T22:00:00", "date": "2025-12-16", "hour": 22}}, {"type": "Feature", "geometry": {"type": "Point", "coordinates": [11.75, 55.0]}, "properties": {"value": 5.162, "time": "2025-12-16T22:00:00", "date": "2025-12-16", "hour": 22}}, {"type": "Feature", "geometry": {"type": "Point", "coordinates": [12.0, 55.0]}, "properties": {"value": 5.417, "time": "2025-12-16T22:00:00", "date": "2025-12-16", "hour": 22}}, {"type": "Feature", "geometry": {"type": "Point", "coordinates": [12.25, 55.0]}, "properties": {"value": 5.904, "time": "2025-12-16T22:00:00", "date": "2025-12-16", "hour": 22}}, {"type": "Feature", "geometry": {"type": "Point", "coordinates": [12.5, 55.0]}, "properties": {"value": 6.814, "time": "2025-12-16T22:00:00", "date": "2025-12-16", "hour": 22}}, {"type": "Feature", "geometry": {"type": "Point", "coordinates": [12.75, 55.0]}, "properties": {"value": 7.089, "time": "2025-12-16T22:00:00", "date": "2025-12-16", "hour": 22}}, {"type": "Feature", "geometry": {"type": "Point", "coordinates": [13.0, 55.0]}, "properties": {"value": 7.348, "time": "2025-12-16T22:00:00", "date": "2025-12-16", "hour": 22}}, {"type": "Feature", "geometry": {"type": "Point", "coordinates": [13.25, 55.0]}, "properties": {"value": 7.491, "time": "2025-12-16T22:00:00", "date": "2025-12-16", "hour": 22}}, {"type": "Feature", "geometry": {"type": "Point", "coordinates": [13.5, 55.0]}, "properties": {"value": 7.517, "time": "2025-12-16T22:00:00", "date": "2025-12-16", "hour": 22}}, {"type": "Feature", "geometry": {"type": "Point", "coordinates": [13.75, 55.0]}, "properties": {"value": 7.541, "time": "2025-12-16T22:00:00", "date": "2025-12-16", "hour": 22}}, {"type": "Feature", "geometry": {"type": "Point", "coordinates": [14.0, 55.0]}, "properties": {"value": 7.475, "time": "2025-12-16T22:00:00", "date": "2025-12-16", "hour": 22}}, {"type": "Feature", "geometry": {"type": "Point", "coordinates": [14.25, 55.0]}, "properties": {"value": 7.407, "time": "2025-12-16T22:00:00", "date": "2025-12-16", "hour": 22}}, {"type": "Feature", "geometry": {"type": "Point", "coordinates": [14.5, 55.0]}, "properties": {"value": 7.358, "time": "2025-12-16T22:00:00", "date": "2025-12-16", "hour": 22}}, {"type": "Feature", "geometry": {"type": "Point", "coordinates": [14.75, 55.0]}, "properties": {"value": 7.478, "time": "2025-12-16T22:00:00", "date": "2025-12-16", "hour": 22}}, {"type": "Feature", "geometry": {"type": "Point", "coordinates": [15.0, 55.0]}, "properties": {"value": 7.663, "time": "2025-12-16T22:00:00", "date": "2025-12-16", "hour": 22}}, {"type": "Feature", "geometry": {"type": "Point", "coordinates": [5.25, 52.75]}, "properties": {"value": 6.637, "time": "2025-12-16T23:00:00", "date": "2025-12-16", "hour": 23}}, {"type": "Feature", "geometry": {"type": "Point", "coordinates": [5.5, 52.75]}, "properties": {"value": 6.64, "time": "2025-12-16T23:00:00", "date": "2025-12-16", "hour": 23}}, {"type": "Feature", "geometry": {"type": "Point", "coordinates": [5.0, 53.0]}, "properties": {"value": 7.587, "time": "2025-12-16T23:00:00", "date": "2025-12-16", "hour": 23}}, {"type": "Feature", "geometry": {"type": "Point", "coordinates": [5.25, 53.0]}, "properties": {"value": 6.997, "time": "2025-12-16T23:00:00", "date": "2025-12-16", "hour": 23}}, {"type": "Feature", "geometry": {"type": "Point", "coordinates": [5.5, 53.0]}, "properties": {"value": 6.597, "time": "2025-12-16T23:00:00", "date": "2025-12-16", "hour": 23}}, {"type": "Feature", "geometry": {"type": "Point", "coordinates": [5.0, 53.25]}, "properties": {"value": 8.023, "time": "2025-12-16T23:00:00", "date": "2025-12-16", "hour": 23}}, {"type": "Feature", "geometry": {"type": "Point", "coordinates": [5.25, 53.25]}, "properties": {"value": 7.4, "time": "2025-12-16T23:00:00", "date": "2025-12-16", "hour": 23}}, {"type": "Feature", "geometry": {"type": "Point", "coordinates": [5.5, 53.25]}, "properties": {"value": 7.023, "time": "2025-12-16T23:00:00", "date": "2025-12-16", "hour": 23}}, {"type": "Feature", "geometry": {"type": "Point", "coordinates": [5.0, 53.5]}, "properties": {"value": 9.225, "time": "2025-12-16T23:00:00", "date": "2025-12-16", "hour": 23}}, {"type": "Feature", "geometry": {"type": "Point", "coordinates": [5.25, 53.5]}, "properties": {"value": 8.834, "time": "2025-12-16T23:00:00", "date": "2025-12-16", "hour": 23}}, {"type": "Feature", "geometry": {"type": "Point", "coordinates": [5.5, 53.5]}, "properties": {"value": 8.73, "time": "2025-12-16T23:00:00", "date": "2025-12-16", "hour": 23}}, {"type": "Feature", "geometry": {"type": "Point", "coordinates": [5.75, 53.5]}, "properties": {"value": 8.483, "time": "2025-12-16T23:00:00", "date": "2025-12-16", "hour": 23}}, {"type": "Feature", "geometry": {"type": "Point", "coordinates": [6.0, 53.5]}, "properties": {"value": 8.106, "time": "2025-12-16T23:00:00", "date": "2025-12-16", "hour": 23}}, {"type": "Feature", "geometry": {"type": "Point", "coordinates": [6.25, 53.5]}, "properties": {"value": 7.659, "time": "2025-12-16T23:00:00", "date": "2025-12-16", "hour": 23}}, {"type": "Feature", "geometry": {"type": "Point", "coordinates": [6.5, 53.5]}, "properties": {"value": 7.379, "time": "2025-12-16T23:00:00", "date": "2025-12-16", "hour": 23}}, {"type": "Feature", "geometry": {"type": "Point", "coordinates": [6.75, 53.5]}, "properties": {"value": 6.881, "time": "2025-12-16T23:00:00", "date": "2025-12-16", "hour": 23}}, {"type": "Feature", "geometry": {"type": "Point", "coordinates": [5.0, 53.75]}, "properties": {"value": 9.936, "time": "2025-12-16T23:00:00", "date": "2025-12-16", "hour": 23}}, {"type": "Feature", "geometry": {"type": "Point", "coordinates": [5.25, 53.75]}, "properties": {"value": 9.554, "time": "2025-12-16T23:00:00", "date": "2025-12-16", "hour": 23}}, {"type": "Feature", "geometry": {"type": "Point", "coordinates": [5.5, 53.75]}, "properties": {"value": 9.28, "time": "2025-12-16T23:00:00", "date": "2025-12-16", "hour": 23}}, {"type": "Feature", "geometry": {"type": "Point", "coordinates": [5.75, 53.75]}, "properties": {"value": 9.167, "time": "2025-12-16T23:00:00", "date": "2025-12-16", "hour": 23}}, {"type": "Feature", "geometry": {"type": "Point", "coordinates": [6.0, 53.75]}, "properties": {"value": 8.863, "time": "2025-12-16T23:00:00", "date": "2025-12-16", "hour": 23}}, {"type": "Feature", "geometry": {"type": "Point", "coordinates": [6.25, 53.75]}, "properties": {"value": 8.601, "time": "2025-12-16T23:00:00", "date": "2025-12-16", "hour": 23}}, {"type": "Feature", "geometry": {"type": "Point", "coordinates": [6.5, 53.75]}, "properties": {"value": 8.123, "time": "2025-12-16T23:00:00", "date": "2025-12-16", "hour": 23}}, {"type": "Feature", "geometry": {"type": "Point", "coordinates": [6.75, 53.75]}, "properties": {"value": 7.637, "time": "2025-12-16T23:00:00", "date": "2025-12-16", "hour": 23}}, {"type": "Feature", "geometry": {"type": "Point", "coordinates": [7.0, 53.75]}, "properties": {"value": 7.635, "time": "2025-12-16T23:00:00", "date": "2025-12-16", "hour": 23}}, {"type": "Feature", "geometry": {"type": "Point", "coordinates": [7.25, 53.75]}, "properties": {"value": 7.317, "time": "2025-12-16T23:00:00", "date": "2025-12-16", "hour": 23}}, {"type": "Feature", "geometry": {"type": "Point", "coordinates": [7.5, 53.75]}, "properties": {"value": 7.426, "time": "2025-12-16T23:00:00", "date": "2025-12-16", "hour": 23}}, {"type": "Feature", "geometry": {"type": "Point", "coordinates": [7.75, 53.75]}, "properties": {"value": 7.443, "time": "2025-12-16T23:00:00", "date": "2025-12-16", "hour": 23}}, {"type": "Feature", "geometry": {"type": "Point", "coordinates": [8.0, 53.75]}, "properties": {"value": 7.329, "time": "2025-12-16T23:00:00", "date": "2025-12-16", "hour": 23}}, {"type": "Feature", "geometry": {"type": "Point", "coordinates": [8.25, 53.75]}, "properties": {"value": 6.895, "time": "2025-12-16T23:00:00", "date": "2025-12-16", "hour": 23}}, {"type": "Feature", "geometry": {"type": "Point", "coordinates": [8.5, 53.75]}, "properties": {"value": 6.403, "time": "2025-12-16T23:00:00", "date": "2025-12-16", "hour": 23}}, {"type": "Feature", "geometry": {"type": "Point", "coordinates": [8.75, 53.75]}, "properties": {"value": 6.403, "time": "2025-12-16T23:00:00", "date": "2025-12-16", "hour": 23}}, {"type": "Feature", "geometry": {"type": "Point", "coordinates": [14.25, 53.75]}, "properties": {"value": 3.275, "time": "2025-12-16T23:00:00", "date": "2025-12-16", "hour": 23}}, {"type": "Feature", "geometry": {"type": "Point", "coordinates": [14.5, 53.75]}, "properties": {"value": 3.275, "time": "2025-12-16T23:00:00", "date": "2025-12-16", "hour": 23}}, {"type": "Feature", "geometry": {"type": "Point", "coordinates": [5.0, 54.0]}, "properties": {"value": 10.008, "time": "2025-12-16T23:00:00", "date": "2025-12-16", "hour": 23}}, {"type": "Feature", "geometry": {"type": "Point", "coordinates": [5.25, 54.0]}, "properties": {"value": 9.808, "time": "2025-12-16T23:00:00", "date": "2025-12-16", "hour": 23}}, {"type": "Feature", "geometry": {"type": "Point", "coordinates": [5.5, 54.0]}, "properties": {"value": 9.536, "time": "2025-12-16T23:00:00", "date": "2025-12-16", "hour": 23}}, {"type": "Feature", "geometry": {"type": "Point", "coordinates": [5.75, 54.0]}, "properties": {"value": 9.439, "time": "2025-12-16T23:00:00", "date": "2025-12-16", "hour": 23}}, {"type": "Feature", "geometry": {"type": "Point", "coordinates": [6.0, 54.0]}, "properties": {"value": 9.344, "time": "2025-12-16T23:00:00", "date": "2025-12-16", "hour": 23}}, {"type": "Feature", "geometry": {"type": "Point", "coordinates": [6.25, 54.0]}, "properties": {"value": 9.177, "time": "2025-12-16T23:00:00", "date": "2025-12-16", "hour": 23}}, {"type": "Feature", "geometry": {"type": "Point", "coordinates": [6.5, 54.0]}, "properties": {"value": 8.776, "time": "2025-12-16T23:00:00", "date": "2025-12-16", "hour": 23}}, {"type": "Feature", "geometry": {"type": "Point", "coordinates": [6.75, 54.0]}, "properties": {"value": 8.7, "time": "2025-12-16T23:00:00", "date": "2025-12-16", "hour": 23}}, {"type": "Feature", "geometry": {"type": "Point", "coordinates": [7.0, 54.0]}, "properties": {"value": 8.687, "time": "2025-12-16T23:00:00", "date": "2025-12-16", "hour": 23}}, {"type": "Feature", "geometry": {"type": "Point", "coordinates": [7.25, 54.0]}, "properties": {"value": 8.499, "time": "2025-12-16T23:00:00", "date": "2025-12-16", "hour": 23}}, {"type": "Feature", "geometry": {"type": "Point", "coordinates": [7.5, 54.0]}, "properties": {"value": 8.476, "time": "2025-12-16T23:00:00", "date": "2025-12-16", "hour": 23}}, {"type": "Feature", "geometry": {"type": "Point", "coordinates": [7.75, 54.0]}, "properties": {"value": 8.345, "time": "2025-12-16T23:00:00", "date": "2025-12-16", "hour": 23}}, {"type": "Feature", "geometry": {"type": "Point", "coordinates": [8.0, 54.0]}, "properties": {"value": 8.189, "time": "2025-12-16T23:00:00", "date": "2025-12-16", "hour": 23}}, {"type": "Feature", "geometry": {"type": "Point", "coordinates": [8.25, 54.0]}, "properties": {"value": 7.862, "time": "2025-12-16T23:00:00", "date": "2025-12-16", "hour": 23}}, {"type": "Feature", "geometry": {"type": "Point", "coordinates": [8.5, 54.0]}, "properties": {"value": 6.861, "time": "2025-12-16T23:00:00", "date": "2025-12-16", "hour": 23}}, {"type": "Feature", "geometry": {"type": "Point", "coordinates": [11.25, 54.0]}, "properties": {"value": 5.723, "time": "2025-12-16T23:00:00", "date": "2025-12-16", "hour": 23}}, {"type": "Feature", "geometry": {"type": "Point", "coordinates": [14.0, 54.0]}, "properties": {"value": 4.563, "time": "2025-12-16T23:00:00", "date": "2025-12-16", "hour": 23}}, {"type": "Feature", "geometry": {"type": "Point", "coordinates": [14.25, 54.0]}, "properties": {"value": 4.997, "time": "2025-12-16T23:00:00", "date": "2025-12-16", "hour": 23}}, {"type": "Feature", "geometry": {"type": "Point", "coordinates": [14.5, 54.0]}, "properties": {"value": 4.753, "time": "2025-12-16T23:00:00", "date": "2025-12-16", "hour": 23}}, {"type": "Feature", "geometry": {"type": "Point", "coordinates": [14.75, 54.0]}, "properties": {"value": 5.071, "time": "2025-12-16T23:00:00", "date": "2025-12-16", "hour": 23}}, {"type": "Feature", "geometry": {"type": "Point", "coordinates": [5.0, 54.25]}, "properties": {"value": 9.993, "time": "2025-12-16T23:00:00", "date": "2025-12-16", "hour": 23}}, {"type": "Feature", "geometry": {"type": "Point", "coordinates": [5.25, 54.25]}, "properties": {"value": 9.83, "time": "2025-12-16T23:00:00", "date": "2025-12-16", "hour": 23}}, {"type": "Feature", "geometry": {"type": "Point", "coordinates": [5.5, 54.25]}, "properties": {"value": 9.625, "time": "2025-12-16T23:00:00", "date": "2025-12-16", "hour": 23}}, {"type": "Feature", "geometry": {"type": "Point", "coordinates": [5.75, 54.25]}, "properties": {"value": 9.529, "time": "2025-12-16T23:00:00", "date": "2025-12-16", "hour": 23}}, {"type": "Feature", "geometry": {"type": "Point", "coordinates": [6.0, 54.25]}, "properties": {"value": 9.502, "time": "2025-12-16T23:00:00", "date": "2025-12-16", "hour": 23}}, {"type": "Feature", "geometry": {"type": "Point", "coordinates": [6.25, 54.25]}, "properties": {"value": 9.431, "time": "2025-12-16T23:00:00", "date": "2025-12-16", "hour": 23}}, {"type": "Feature", "geometry": {"type": "Point", "coordinates": [6.5, 54.25]}, "properties": {"value": 9.416, "time": "2025-12-16T23:00:00", "date": "2025-12-16", "hour": 23}}, {"type": "Feature", "geometry": {"type": "Point", "coordinates": [6.75, 54.25]}, "properties": {"value": 9.379, "time": "2025-12-16T23:00:00", "date": "2025-12-16", "hour": 23}}, {"type": "Feature", "geometry": {"type": "Point", "coordinates": [7.0, 54.25]}, "properties": {"value": 9.388, "time": "2025-12-16T23:00:00", "date": "2025-12-16", "hour": 23}}, {"type": "Feature", "geometry": {"type": "Point", "coordinates": [7.25, 54.25]}, "properties": {"value": 9.309, "time": "2025-12-16T23:00:00", "date": "2025-12-16", "hour": 23}}, {"type": "Feature", "geometry": {"type": "Point", "coordinates": [7.5, 54.25]}, "properties": {"value": 9.195, "time": "2025-12-16T23:00:00", "date": "2025-12-16", "hour": 23}}, {"type": "Feature", "geometry": {"type": "Point", "coordinates": [7.75, 54.25]}, "properties": {"value": 8.873, "time": "2025-12-16T23:00:00", "date": "2025-12-16", "hour": 23}}, {"type": "Feature", "geometry": {"type": "Point", "coordinates": [8.0, 54.25]}, "properties": {"value": 8.633, "time": "2025-12-16T23:00:00", "date": "2025-12-16", "hour": 23}}, {"type": "Feature", "geometry": {"type": "Point", "coordinates": [8.25, 54.25]}, "properties": {"value": 7.659, "time": "2025-12-16T23:00:00", "date": "2025-12-16", "hour": 23}}, {"type": "Feature", "geometry": {"type": "Point", "coordinates": [8.5, 54.25]}, "properties": {"value": 6.683, "time": "2025-12-16T23:00:00", "date": "2025-12-16", "hour": 23}}, {"type": "Feature", "geometry": {"type": "Point", "coordinates": [10.75, 54.25]}, "properties": {"value": 6.186, "time": "2025-12-16T23:00:00", "date": "2025-12-16", "hour": 23}}, {"type": "Feature", "geometry": {"type": "Point", "coordinates": [11.25, 54.25]}, "properties": {"value": 6.154, "time": "2025-12-16T23:00:00", "date": "2025-12-16", "hour": 23}}, {"type": "Feature", "geometry": {"type": "Point", "coordinates": [11.75, 54.25]}, "properties": {"value": 6.544, "time": "2025-12-16T23:00:00", "date": "2025-12-16", "hour": 23}}, {"type": "Feature", "geometry": {"type": "Point", "coordinates": [12.25, 54.25]}, "properties": {"value": 6.166, "time": "2025-12-16T23:00:00", "date": "2025-12-16", "hour": 23}}, {"type": "Feature", "geometry": {"type": "Point", "coordinates": [13.75, 54.25]}, "properties": {"value": 4.684, "time": "2025-12-16T23:00:00", "date": "2025-12-16", "hour": 23}}, {"type": "Feature", "geometry": {"type": "Point", "coordinates": [14.0, 54.25]}, "properties": {"value": 5.08, "time": "2025-12-16T23:00:00", "date": "2025-12-16", "hour": 23}}, {"type": "Feature", "geometry": {"type": "Point", "coordinates": [14.25, 54.25]}, "properties": {"value": 5.343, "time": "2025-12-16T23:00:00", "date": "2025-12-16", "hour": 23}}, {"type": "Feature", "geometry": {"type": "Point", "coordinates": [14.5, 54.25]}, "properties": {"value": 5.184, "time": "2025-12-16T23:00:00", "date": "2025-12-16", "hour": 23}}, {"type": "Feature", "geometry": {"type": "Point", "coordinates": [14.75, 54.25]}, "properties": {"value": 5.351, "time": "2025-12-16T23:00:00", "date": "2025-12-16", "hour": 23}}, {"type": "Feature", "geometry": {"type": "Point", "coordinates": [15.0, 54.25]}, "properties": {"value": 5.856, "time": "2025-12-16T23:00:00", "date": "2025-12-16", "hour": 23}}, {"type": "Feature", "geometry": {"type": "Point", "coordinates": [5.0, 54.5]}, "properties": {"value": 9.937, "time": "2025-12-16T23:00:00", "date": "2025-12-16", "hour": 23}}, {"type": "Feature", "geometry": {"type": "Point", "coordinates": [5.25, 54.5]}, "properties": {"value": 9.941, "time": "2025-12-16T23:00:00", "date": "2025-12-16", "hour": 23}}, {"type": "Feature", "geometry": {"type": "Point", "coordinates": [5.5, 54.5]}, "properties": {"value": 9.814, "time": "2025-12-16T23:00:00", "date": "2025-12-16", "hour": 23}}, {"type": "Feature", "geometry": {"type": "Point", "coordinates": [5.75, 54.5]}, "properties": {"value": 9.702, "time": "2025-12-16T23:00:00", "date": "2025-12-16", "hour": 23}}, {"type": "Feature", "geometry": {"type": "Point", "coordinates": [6.0, 54.5]}, "properties": {"value": 9.66, "time": "2025-12-16T23:00:00", "date": "2025-12-16", "hour": 23}}, {"type": "Feature", "geometry": {"type": "Point", "coordinates": [6.25, 54.5]}, "properties": {"value": 9.61, "time": "2025-12-16T23:00:00", "date": "2025-12-16", "hour": 23}}, {"type": "Feature", "geometry": {"type": "Point", "coordinates": [6.5, 54.5]}, "properties": {"value": 9.607, "time": "2025-12-16T23:00:00", "date": "2025-12-16", "hour": 23}}, {"type": "Feature", "geometry": {"type": "Point", "coordinates": [6.75, 54.5]}, "properties": {"value": 9.625, "time": "2025-12-16T23:00:00", "date": "2025-12-16", "hour": 23}}, {"type": "Feature", "geometry": {"type": "Point", "coordinates": [7.0, 54.5]}, "properties": {"value": 9.627, "time": "2025-12-16T23:00:00", "date": "2025-12-16", "hour": 23}}, {"type": "Feature", "geometry": {"type": "Point", "coordinates": [7.25, 54.5]}, "properties": {"value": 9.511, "time": "2025-12-16T23:00:00", "date": "2025-12-16", "hour": 23}}, {"type": "Feature", "geometry": {"type": "Point", "coordinates": [7.5, 54.5]}, "properties": {"value": 9.382, "time": "2025-12-16T23:00:00", "date": "2025-12-16", "hour": 23}}, {"type": "Feature", "geometry": {"type": "Point", "coordinates": [7.75, 54.5]}, "properties": {"value": 8.977, "time": "2025-12-16T23:00:00", "date": "2025-12-16", "hour": 23}}, {"type": "Feature", "geometry": {"type": "Point", "coordinates": [8.0, 54.5]}, "properties": {"value": 8.053, "time": "2025-12-16T23:00:00", "date": "2025-12-16", "hour": 23}}, {"type": "Feature", "geometry": {"type": "Point", "coordinates": [8.25, 54.5]}, "properties": {"value": 7.1, "time": "2025-12-16T23:00:00", "date": "2025-12-16", "hour": 23}}, {"type": "Feature", "geometry": {"type": "Point", "coordinates": [8.5, 54.5]}, "properties": {"value": 6.249, "time": "2025-12-16T23:00:00", "date": "2025-12-16", "hour": 23}}, {"type": "Feature", "geometry": {"type": "Point", "coordinates": [10.5, 54.5]}, "properties": {"value": 6.723, "time": "2025-12-16T23:00:00", "date": "2025-12-16", "hour": 23}}, {"type": "Feature", "geometry": {"type": "Point", "coordinates": [10.75, 54.5]}, "properties": {"value": 6.436, "time": "2025-12-16T23:00:00", "date": "2025-12-16", "hour": 23}}, {"type": "Feature", "geometry": {"type": "Point", "coordinates": [11.0, 54.5]}, "properties": {"value": 6.244, "time": "2025-12-16T23:00:00", "date": "2025-12-16", "hour": 23}}, {"type": "Feature", "geometry": {"type": "Point", "coordinates": [11.25, 54.5]}, "properties": {"value": 6.423, "time": "2025-12-16T23:00:00", "date": "2025-12-16", "hour": 23}}, {"type": "Feature", "geometry": {"type": "Point", "coordinates": [11.5, 54.5]}, "properties": {"value": 6.434, "time": "2025-12-16T23:00:00", "date": "2025-12-16", "hour": 23}}, {"type": "Feature", "geometry": {"type": "Point", "coordinates": [11.75, 54.5]}, "properties": {"value": 6.525, "time": "2025-12-16T23:00:00", "date": "2025-12-16", "hour": 23}}, {"type": "Feature", "geometry": {"type": "Point", "coordinates": [12.0, 54.5]}, "properties": {"value": 6.402, "time": "2025-12-16T23:00:00", "date": "2025-12-16", "hour": 23}}, {"type": "Feature", "geometry": {"type": "Point", "coordinates": [12.25, 54.5]}, "properties": {"value": 6.265, "time": "2025-12-16T23:00:00", "date": "2025-12-16", "hour": 23}}, {"type": "Feature", "geometry": {"type": "Point", "coordinates": [13.0, 54.5]}, "properties": {"value": 6.904, "time": "2025-12-16T23:00:00", "date": "2025-12-16", "hour": 23}}, {"type": "Feature", "geometry": {"type": "Point", "coordinates": [13.25, 54.5]}, "properties": {"value": 6.124, "time": "2025-12-16T23:00:00", "date": "2025-12-16", "hour": 23}}, {"type": "Feature", "geometry": {"type": "Point", "coordinates": [13.5, 54.5]}, "properties": {"value": 5.757, "time": "2025-12-16T23:00:00", "date": "2025-12-16", "hour": 23}}, {"type": "Feature", "geometry": {"type": "Point", "coordinates": [13.75, 54.5]}, "properties": {"value": 5.782, "time": "2025-12-16T23:00:00", "date": "2025-12-16", "hour": 23}}, {"type": "Feature", "geometry": {"type": "Point", "coordinates": [14.0, 54.5]}, "properties": {"value": 6.124, "time": "2025-12-16T23:00:00", "date": "2025-12-16", "hour": 23}}, {"type": "Feature", "geometry": {"type": "Point", "coordinates": [14.25, 54.5]}, "properties": {"value": 6.09, "time": "2025-12-16T23:00:00", "date": "2025-12-16", "hour": 23}}, {"type": "Feature", "geometry": {"type": "Point", "coordinates": [14.5, 54.5]}, "properties": {"value": 6.099, "time": "2025-12-16T23:00:00", "date": "2025-12-16", "hour": 23}}, {"type": "Feature", "geometry": {"type": "Point", "coordinates": [14.75, 54.5]}, "properties": {"value": 6.268, "time": "2025-12-16T23:00:00", "date": "2025-12-16", "hour": 23}}, {"type": "Feature", "geometry": {"type": "Point", "coordinates": [15.0, 54.5]}, "properties": {"value": 6.801, "time": "2025-12-16T23:00:00", "date": "2025-12-16", "hour": 23}}, {"type": "Feature", "geometry": {"type": "Point", "coordinates": [5.0, 54.75]}, "properties": {"value": 9.908, "time": "2025-12-16T23:00:00", "date": "2025-12-16", "hour": 23}}, {"type": "Feature", "geometry": {"type": "Point", "coordinates": [5.25, 54.75]}, "properties": {"value": 9.912, "time": "2025-12-16T23:00:00", "date": "2025-12-16", "hour": 23}}, {"type": "Feature", "geometry": {"type": "Point", "coordinates": [5.5, 54.75]}, "properties": {"value": 9.892, "time": "2025-12-16T23:00:00", "date": "2025-12-16", "hour": 23}}, {"type": "Feature", "geometry": {"type": "Point", "coordinates": [5.75, 54.75]}, "properties": {"value": 9.874, "time": "2025-12-16T23:00:00", "date": "2025-12-16", "hour": 23}}, {"type": "Feature", "geometry": {"type": "Point", "coordinates": [6.0, 54.75]}, "properties": {"value": 9.807, "time": "2025-12-16T23:00:00", "date": "2025-12-16", "hour": 23}}, {"type": "Feature", "geometry": {"type": "Point", "coordinates": [6.25, 54.75]}, "properties": {"value": 9.759, "time": "2025-12-16T23:00:00", "date": "2025-12-16", "hour": 23}}, {"type": "Feature", "geometry": {"type": "Point", "coordinates": [6.5, 54.75]}, "properties": {"value": 9.693, "time": "2025-12-16T23:00:00", "date": "2025-12-16", "hour": 23}}, {"type": "Feature", "geometry": {"type": "Point", "coordinates": [6.75, 54.75]}, "properties": {"value": 9.602, "time": "2025-12-16T23:00:00", "date": "2025-12-16", "hour": 23}}, {"type": "Feature", "geometry": {"type": "Point", "coordinates": [7.0, 54.75]}, "properties": {"value": 9.596, "time": "2025-12-16T23:00:00", "date": "2025-12-16", "hour": 23}}, {"type": "Feature", "geometry": {"type": "Point", "coordinates": [7.25, 54.75]}, "properties": {"value": 9.479, "time": "2025-12-16T23:00:00", "date": "2025-12-16", "hour": 23}}, {"type": "Feature", "geometry": {"type": "Point", "coordinates": [7.5, 54.75]}, "properties": {"value": 9.382, "time": "2025-12-16T23:00:00", "date": "2025-12-16", "hour": 23}}, {"type": "Feature", "geometry": {"type": "Point", "coordinates": [7.75, 54.75]}, "properties": {"value": 8.287, "time": "2025-12-16T23:00:00", "date": "2025-12-16", "hour": 23}}, {"type": "Feature", "geometry": {"type": "Point", "coordinates": [8.0, 54.75]}, "properties": {"value": 7.326, "time": "2025-12-16T23:00:00", "date": "2025-12-16", "hour": 23}}, {"type": "Feature", "geometry": {"type": "Point", "coordinates": [8.25, 54.75]}, "properties": {"value": 6.434, "time": "2025-12-16T23:00:00", "date": "2025-12-16", "hour": 23}}, {"type": "Feature", "geometry": {"type": "Point", "coordinates": [8.5, 54.75]}, "properties": {"value": 5.921, "time": "2025-12-16T23:00:00", "date": "2025-12-16", "hour": 23}}, {"type": "Feature", "geometry": {"type": "Point", "coordinates": [10.25, 54.75]}, "properties": {"value": 7.134, "time": "2025-12-16T23:00:00", "date": "2025-12-16", "hour": 23}}, {"type": "Feature", "geometry": {"type": "Point", "coordinates": [10.5, 54.75]}, "properties": {"value": 7.077, "time": "2025-12-16T23:00:00", "date": "2025-12-16", "hour": 23}}, {"type": "Feature", "geometry": {"type": "Point", "coordinates": [10.75, 54.75]}, "properties": {"value": 6.792, "time": "2025-12-16T23:00:00", "date": "2025-12-16", "hour": 23}}, {"type": "Feature", "geometry": {"type": "Point", "coordinates": [11.0, 54.75]}, "properties": {"value": 6.572, "time": "2025-12-16T23:00:00", "date": "2025-12-16", "hour": 23}}, {"type": "Feature", "geometry": {"type": "Point", "coordinates": [11.25, 54.75]}, "properties": {"value": 6.213, "time": "2025-12-16T23:00:00", "date": "2025-12-16", "hour": 23}}, {"type": "Feature", "geometry": {"type": "Point", "coordinates": [11.5, 54.75]}, "properties": {"value": 5.833, "time": "2025-12-16T23:00:00", "date": "2025-12-16", "hour": 23}}, {"type": "Feature", "geometry": {"type": "Point", "coordinates": [12.0, 54.75]}, "properties": {"value": 5.948, "time": "2025-12-16T23:00:00", "date": "2025-12-16", "hour": 23}}, {"type": "Feature", "geometry": {"type": "Point", "coordinates": [12.25, 54.75]}, "properties": {"value": 6.327, "time": "2025-12-16T23:00:00", "date": "2025-12-16", "hour": 23}}, {"type": "Feature", "geometry": {"type": "Point", "coordinates": [12.5, 54.75]}, "properties": {"value": 6.737, "time": "2025-12-16T23:00:00", "date": "2025-12-16", "hour": 23}}, {"type": "Feature", "geometry": {"type": "Point", "coordinates": [12.75, 54.75]}, "properties": {"value": 6.906, "time": "2025-12-16T23:00:00", "date": "2025-12-16", "hour": 23}}, {"type": "Feature", "geometry": {"type": "Point", "coordinates": [13.0, 54.75]}, "properties": {"value": 6.97, "time": "2025-12-16T23:00:00", "date": "2025-12-16", "hour": 23}}, {"type": "Feature", "geometry": {"type": "Point", "coordinates": [13.25, 54.75]}, "properties": {"value": 7.113, "time": "2025-12-16T23:00:00", "date": "2025-12-16", "hour": 23}}, {"type": "Feature", "geometry": {"type": "Point", "coordinates": [13.5, 54.75]}, "properties": {"value": 7.151, "time": "2025-12-16T23:00:00", "date": "2025-12-16", "hour": 23}}, {"type": "Feature", "geometry": {"type": "Point", "coordinates": [13.75, 54.75]}, "properties": {"value": 7.177, "time": "2025-12-16T23:00:00", "date": "2025-12-16", "hour": 23}}, {"type": "Feature", "geometry": {"type": "Point", "coordinates": [14.0, 54.75]}, "properties": {"value": 7.165, "time": "2025-12-16T23:00:00", "date": "2025-12-16", "hour": 23}}, {"type": "Feature", "geometry": {"type": "Point", "coordinates": [14.25, 54.75]}, "properties": {"value": 7.122, "time": "2025-12-16T23:00:00", "date": "2025-12-16", "hour": 23}}, {"type": "Feature", "geometry": {"type": "Point", "coordinates": [14.5, 54.75]}, "properties": {"value": 7.22, "time": "2025-12-16T23:00:00", "date": "2025-12-16", "hour": 23}}, {"type": "Feature", "geometry": {"type": "Point", "coordinates": [14.75, 54.75]}, "properties": {"value": 7.361, "time": "2025-12-16T23:00:00", "date": "2025-12-16", "hour": 23}}, {"type": "Feature", "geometry": {"type": "Point", "coordinates": [15.0, 54.75]}, "properties": {"value": 7.532, "time": "2025-12-16T23:00:00", "date": "2025-12-16", "hour": 23}}, {"type": "Feature", "geometry": {"type": "Point", "coordinates": [5.0, 55.0]}, "properties": {"value": 9.79, "time": "2025-12-16T23:00:00", "date": "2025-12-16", "hour": 23}}, {"type": "Feature", "geometry": {"type": "Point", "coordinates": [5.25, 55.0]}, "properties": {"value": 9.921, "time": "2025-12-16T23:00:00", "date": "2025-12-16", "hour": 23}}, {"type": "Feature", "geometry": {"type": "Point", "coordinates": [5.5, 55.0]}, "properties": {"value": 9.926, "time": "2025-12-16T23:00:00", "date": "2025-12-16", "hour": 23}}, {"type": "Feature", "geometry": {"type": "Point", "coordinates": [5.75, 55.0]}, "properties": {"value": 9.908, "time": "2025-12-16T23:00:00", "date": "2025-12-16", "hour": 23}}, {"type": "Feature", "geometry": {"type": "Point", "coordinates": [6.0, 55.0]}, "properties": {"value": 9.87, "time": "2025-12-16T23:00:00", "date": "2025-12-16", "hour": 23}}, {"type": "Feature", "geometry": {"type": "Point", "coordinates": [6.25, 55.0]}, "properties": {"value": 9.806, "time": "2025-12-16T23:00:00", "date": "2025-12-16", "hour": 23}}, {"type": "Feature", "geometry": {"type": "Point", "coordinates": [6.5, 55.0]}, "properties": {"value": 9.686, "time": "2025-12-16T23:00:00", "date": "2025-12-16", "hour": 23}}, {"type": "Feature", "geometry": {"type": "Point", "coordinates": [6.75, 55.0]}, "properties": {"value": 9.582, "time": "2025-12-16T23:00:00", "date": "2025-12-16", "hour": 23}}, {"type": "Feature", "geometry": {"type": "Point", "coordinates": [7.0, 55.0]}, "properties": {"value": 9.459, "time": "2025-12-16T23:00:00", "date": "2025-12-16", "hour": 23}}, {"type": "Feature", "geometry": {"type": "Point", "coordinates": [7.25, 55.0]}, "properties": {"value": 9.267, "time": "2025-12-16T23:00:00", "date": "2025-12-16", "hour": 23}}, {"type": "Feature", "geometry": {"type": "Point", "coordinates": [7.5, 55.0]}, "properties": {"value": 9.192, "time": "2025-12-16T23:00:00", "date": "2025-12-16", "hour": 23}}, {"type": "Feature", "geometry": {"type": "Point", "coordinates": [7.75, 55.0]}, "properties": {"value": 8.021, "time": "2025-12-16T23:00:00", "date": "2025-12-16", "hour": 23}}, {"type": "Feature", "geometry": {"type": "Point", "coordinates": [8.0, 55.0]}, "properties": {"value": 7.013, "time": "2025-12-16T23:00:00", "date": "2025-12-16", "hour": 23}}, {"type": "Feature", "geometry": {"type": "Point", "coordinates": [8.25, 55.0]}, "properties": {"value": 6.43, "time": "2025-12-16T23:00:00", "date": "2025-12-16", "hour": 23}}, {"type": "Feature", "geometry": {"type": "Point", "coordinates": [8.5, 55.0]}, "properties": {"value": 5.967, "time": "2025-12-16T23:00:00", "date": "2025-12-16", "hour": 23}}, {"type": "Feature", "geometry": {"type": "Point", "coordinates": [10.25, 55.0]}, "properties": {"value": 6.812, "time": "2025-12-16T23:00:00", "date": "2025-12-16", "hour": 23}}, {"type": "Feature", "geometry": {"type": "Point", "coordinates": [10.5, 55.0]}, "properties": {"value": 6.861, "time": "2025-12-16T23:00:00", "date": "2025-12-16", "hour": 23}}, {"type": "Feature", "geometry": {"type": "Point", "coordinates": [10.75, 55.0]}, "properties": {"value": 6.909, "time": "2025-12-16T23:00:00", "date": "2025-12-16", "hour": 23}}, {"type": "Feature", "geometry": {"type": "Point", "coordinates": [11.0, 55.0]}, "properties": {"value": 6.596, "time": "2025-12-16T23:00:00", "date": "2025-12-16", "hour": 23}}, {"type": "Feature", "geometry": {"type": "Point", "coordinates": [11.25, 55.0]}, "properties": {"value": 6.138, "time": "2025-12-16T23:00:00", "date": "2025-12-16", "hour": 23}}, {"type": "Feature", "geometry": {"type": "Point", "coordinates": [11.5, 55.0]}, "properties": {"value": 5.665, "time": "2025-12-16T23:00:00", "date": "2025-12-16", "hour": 23}}, {"type": "Feature", "geometry": {"type": "Point", "coordinates": [11.75, 55.0]}, "properties": {"value": 5.162, "time": "2025-12-16T23:00:00", "date": "2025-12-16", "hour": 23}}, {"type": "Feature", "geometry": {"type": "Point", "coordinates": [12.0, 55.0]}, "properties": {"value": 5.417, "time": "2025-12-16T23:00:00", "date": "2025-12-16", "hour": 23}}, {"type": "Feature", "geometry": {"type": "Point", "coordinates": [12.25, 55.0]}, "properties": {"value": 5.904, "time": "2025-12-16T23:00:00", "date": "2025-12-16", "hour": 23}}, {"type": "Feature", "geometry": {"type": "Point", "coordinates": [12.5, 55.0]}, "properties": {"value": 6.814, "time": "2025-12-16T23:00:00", "date": "2025-12-16", "hour": 23}}, {"type": "Feature", "geometry": {"type": "Point", "coordinates": [12.75, 55.0]}, "properties": {"value": 7.089, "time": "2025-12-16T23:00:00", "date": "2025-12-16", "hour": 23}}, {"type": "Feature", "geometry": {"type": "Point", "coordinates": [13.0, 55.0]}, "properties": {"value": 7.348, "time": "2025-12-16T23:00:00", "date": "2025-12-16", "hour": 23}}, {"type": "Feature", "geometry": {"type": "Point", "coordinates": [13.25, 55.0]}, "properties": {"value": 7.491, "time": "2025-12-16T23:00:00", "date": "2025-12-16", "hour": 23}}, {"type": "Feature", "geometry": {"type": "Point", "coordinates": [13.5, 55.0]}, "properties": {"value": 7.517, "time": "2025-12-16T23:00:00", "date": "2025-12-16", "hour": 23}}, {"type": "Feature", "geometry": {"type": "Point", "coordinates": [13.75, 55.0]}, "properties": {"value": 7.541, "time": "2025-12-16T23:00:00", "date": "2025-12-16", "hour": 23}}, {"type": "Feature", "geometry": {"type": "Point", "coordinates": [14.0, 55.0]}, "properties": {"value": 7.475, "time": "2025-12-16T23:00:00", "date": "2025-12-16", "hour": 23}}, {"type": "Feature", "geometry": {"type": "Point", "coordinates": [14.25, 55.0]}, "properties": {"value": 7.407, "time": "2025-12-16T23:00:00", "date": "2025-12-16", "hour": 23}}, {"type": "Feature", "geometry": {"type": "Point", "coordinates": [14.5, 55.0]}, "properties": {"value": 7.358, "time": "2025-12-16T23:00:00", "date": "2025-12-16", "hour": 23}}, {"type": "Feature", "geometry": {"type": "Point", "coordinates": [14.75, 55.0]}, "properties": {"value": 7.478, "time": "2025-12-16T23:00:00", "date": "2025-12-16", "hour": 23}}, {"type": "Feature", "geometry": {"type": "Point", "coordinates": [15.0, 55.0]}, "properties": {"value": 7.663, "time": "2025-12-16T23:00:00", "date": "2025-12-16", "hour": 23}}]}