{"type": "FeatureCollection", "metadata": {"variable": "sst", "name": "Sea Surface Temperature", "unit": "\u00b0C", "date": "2025-12-07", "hours": 24, "timestamps": ["2025-12-07T00:00:00", "2025-12-07T01:00:00", "2025-12-07T02:00:00", "2025-12-07T03:00:00", "2025-12-07T04:00:00", "2025-12-07T05:00:00", "2025-12-07T06:00:00", "2025-12-07T07:00:00", "2025-12-07T08:00:00", "2025-12-07T09:00:00", "2025-12-07T10:00:00", "2025-12-07T11:00:00", "2025-12-07T12:00:00", "2025-12-07T13:00:00", "2025-12-07T14:00:00", "2025-12-07T15:00:00", "2025-12-07T16:00:00", "2025-12-07T17:00:00", "2025-12-07T18:00:00", "2025-12-07T19:00:00", "2025-12-07T20:00:00", "2025-12-07T21:00:00", "2025-12-07T22:00:00", "2025-12-07T23:00:00"], "color_scale": {"vmin": 5, "vmax": 20, "colors": ["#313695", "#4575b4", "#74add1", "#abd9e9", "#e0f3f8", "#fee090", "#fdae61", "#f46d43", "#d73027"]}}, "features": [{"type": "Feature", "geometry": {"type": "Point", "coordinates": [5.25, 52.75]}, "properties": {"value": 6.147, "time": "2025-12-07T00:00:00", "date": "2025-12-07", "hour": 0}}, {"type": "Feature", "geometry": {"type": "Point", "coordinates": [5.5, 52.75]}, "properties": {"value": 6.16, "time": "2025-12-07T00:00:00", "date": "2025-12-07", "hour": 0}}, {"type": "Feature", "geometry": {"type": "Point", "coordinates": [5.0, 53.0]}, "properties": {"value": 7.171, "time": "2025-12-07T00:00:00", "date": "2025-12-07", "hour": 0}}, {"type": "Feature", "geometry": {"type": "Point", "coordinates": [5.25, 53.0]}, "properties": {"value": 6.439, "time": "2025-12-07T00:00:00", "date": "2025-12-07", "hour": 0}}, {"type": "Feature", "geometry": {"type": "Point", "coordinates": [5.5, 53.0]}, "properties": {"value": 5.924, "time": "2025-12-07T00:00:00", "date": "2025-12-07", "hour": 0}}, {"type": "Feature", "geometry": {"type": "Point", "coordinates": [5.0, 53.25]}, "properties": {"value": 7.865, "time": "2025-12-07T00:00:00", "date": "2025-12-07", "hour": 0}}, {"type": "Feature", "geometry": {"type": "Point", "coordinates": [5.25, 53.25]}, "properties": {"value": 6.932, "time": "2025-12-07T00:00:00", "date": "2025-12-07", "hour": 0}}, {"type": "Feature", "geometry": {"type": "Point", "coordinates": [5.5, 53.25]}, "properties": {"value": 6.369, "time": "2025-12-07T00:00:00", "date": "2025-12-07", "hour": 0}}, {"type": "Feature", "geometry": {"type": "Point", "coordinates": [5.0, 53.5]}, "properties": {"value": 9.501, "time": "2025-12-07T00:00:00", "date": "2025-12-07", "hour": 0}}, {"type": "Feature", "geometry": {"type": "Point", "coordinates": [5.25, 53.5]}, "properties": {"value": 8.861, "time": "2025-12-07T00:00:00", "date": "2025-12-07", "hour": 0}}, {"type": "Feature", "geometry": {"type": "Point", "coordinates": [5.5, 53.5]}, "properties": {"value": 8.653, "time": "2025-12-07T00:00:00", "date": "2025-12-07", "hour": 0}}, {"type": "Feature", "geometry": {"type": "Point", "coordinates": [5.75, 53.5]}, "properties": {"value": 8.293, "time": "2025-12-07T00:00:00", "date": "2025-12-07", "hour": 0}}, {"type": "Feature", "geometry": {"type": "Point", "coordinates": [6.0, 53.5]}, "properties": {"value": 7.801, "time": "2025-12-07T00:00:00", "date": "2025-12-07", "hour": 0}}, {"type": "Feature", "geometry": {"type": "Point", "coordinates": [6.25, 53.5]}, "properties": {"value": 7.239, "time": "2025-12-07T00:00:00", "date": "2025-12-07", "hour": 0}}, {"type": "Feature", "geometry": {"type": "Point", "coordinates": [6.5, 53.5]}, "properties": {"value": 6.941, "time": "2025-12-07T00:00:00", "date": "2025-12-07", "hour": 0}}, {"type": "Feature", "geometry": {"type": "Point", "coordinates": [6.75, 53.5]}, "properties": {"value": 6.41, "time": "2025-12-07T00:00:00", "date": "2025-12-07", "hour": 0}}, {"type": "Feature", "geometry": {"type": "Point", "coordinates": [5.0, 53.75]}, "properties": {"value": 10.179, "time": "2025-12-07T00:00:00", "date": "2025-12-07", "hour": 0}}, {"type": "Feature", "geometry": {"type": "Point", "coordinates": [5.25, 53.75]}, "properties": {"value": 9.873, "time": "2025-12-07T00:00:00", "date": "2025-12-07", "hour": 0}}, {"type": "Feature", "geometry": {"type": "Point", "coordinates": [5.5, 53.75]}, "properties": {"value": 9.645, "time": "2025-12-07T00:00:00", "date": "2025-12-07", "hour": 0}}, {"type": "Feature", "geometry": {"type": "Point", "coordinates": [5.75, 53.75]}, "properties": {"value": 9.381, "time": "2025-12-07T00:00:00", "date": "2025-12-07", "hour": 0}}, {"type": "Feature", "geometry": {"type": "Point", "coordinates": [6.0, 53.75]}, "properties": {"value": 8.995, "time": "2025-12-07T00:00:00", "date": "2025-12-07", "hour": 0}}, {"type": "Feature", "geometry": {"type": "Point", "coordinates": [6.25, 53.75]}, "properties": {"value": 8.739, "time": "2025-12-07T00:00:00", "date": "2025-12-07", "hour": 0}}, {"type": "Feature", "geometry": {"type": "Point", "coordinates": [6.5, 53.75]}, "properties": {"value": 8.275, "time": "2025-12-07T00:00:00", "date": "2025-12-07", "hour": 0}}, {"type": "Feature", "geometry": {"type": "Point", "coordinates": [6.75, 53.75]}, "properties": {"value": 7.785, "time": "2025-12-07T00:00:00", "date": "2025-12-07", "hour": 0}}, {"type": "Feature", "geometry": {"type": "Point", "coordinates": [7.0, 53.75]}, "properties": {"value": 7.909, "time": "2025-12-07T00:00:00", "date": "2025-12-07", "hour": 0}}, {"type": "Feature", "geometry": {"type": "Point", "coordinates": [7.25, 53.75]}, "properties": {"value": 7.525, "time": "2025-12-07T00:00:00", "date": "2025-12-07", "hour": 0}}, {"type": "Feature", "geometry": {"type": "Point", "coordinates": [7.5, 53.75]}, "properties": {"value": 7.782, "time": "2025-12-07T00:00:00", "date": "2025-12-07", "hour": 0}}, {"type": "Feature", "geometry": {"type": "Point", "coordinates": [7.75, 53.75]}, "properties": {"value": 7.825, "time": "2025-12-07T00:00:00", "date": "2025-12-07", "hour": 0}}, {"type": "Feature", "geometry": {"type": "Point", "coordinates": [8.0, 53.75]}, "properties": {"value": 7.579, "time": "2025-12-07T00:00:00", "date": "2025-12-07", "hour": 0}}, {"type": "Feature", "geometry": {"type": "Point", "coordinates": [8.25, 53.75]}, "properties": {"value": 6.981, "time": "2025-12-07T00:00:00", "date": "2025-12-07", "hour": 0}}, {"type": "Feature", "geometry": {"type": "Point", "coordinates": [8.5, 53.75]}, "properties": {"value": 6.347, "time": "2025-12-07T00:00:00", "date": "2025-12-07", "hour": 0}}, {"type": "Feature", "geometry": {"type": "Point", "coordinates": [8.75, 53.75]}, "properties": {"value": 6.347, "time": "2025-12-07T00:00:00", "date": "2025-12-07", "hour": 0}}, {"type": "Feature", "geometry": {"type": "Point", "coordinates": [14.25, 53.75]}, "properties": {"value": 2.389, "time": "2025-12-07T00:00:00", "date": "2025-12-07", "hour": 0}}, {"type": "Feature", "geometry": {"type": "Point", "coordinates": [14.5, 53.75]}, "properties": {"value": 2.389, "time": "2025-12-07T00:00:00", "date": "2025-12-07", "hour": 0}}, {"type": "Feature", "geometry": {"type": "Point", "coordinates": [5.0, 54.0]}, "properties": {"value": 10.438, "time": "2025-12-07T00:00:00", "date": "2025-12-07", "hour": 0}}, {"type": "Feature", "geometry": {"type": "Point", "coordinates": [5.25, 54.0]}, "properties": {"value": 10.368, "time": "2025-12-07T00:00:00", "date": "2025-12-07", "hour": 0}}, {"type": "Feature", "geometry": {"type": "Point", "coordinates": [5.5, 54.0]}, "properties": {"value": 10.141, "time": "2025-12-07T00:00:00", "date": "2025-12-07", "hour": 0}}, {"type": "Feature", "geometry": {"type": "Point", "coordinates": [5.75, 54.0]}, "properties": {"value": 9.927, "time": "2025-12-07T00:00:00", "date": "2025-12-07", "hour": 0}}, {"type": "Feature", "geometry": {"type": "Point", "coordinates": [6.0, 54.0]}, "properties": {"value": 9.776, "time": "2025-12-07T00:00:00", "date": "2025-12-07", "hour": 0}}, {"type": "Feature", "geometry": {"type": "Point", "coordinates": [6.25, 54.0]}, "properties": {"value": 9.597, "time": "2025-12-07T00:00:00", "date": "2025-12-07", "hour": 0}}, {"type": "Feature", "geometry": {"type": "Point", "coordinates": [6.5, 54.0]}, "properties": {"value": 9.186, "time": "2025-12-07T00:00:00", "date": "2025-12-07", "hour": 0}}, {"type": "Feature", "geometry": {"type": "Point", "coordinates": [6.75, 54.0]}, "properties": {"value": 8.976, "time": "2025-12-07T00:00:00", "date": "2025-12-07", "hour": 0}}, {"type": "Feature", "geometry": {"type": "Point", "coordinates": [7.0, 54.0]}, "properties": {"value": 8.887, "time": "2025-12-07T00:00:00", "date": "2025-12-07", "hour": 0}}, {"type": "Feature", "geometry": {"type": "Point", "coordinates": [7.25, 54.0]}, "properties": {"value": 8.651, "time": "2025-12-07T00:00:00", "date": "2025-12-07", "hour": 0}}, {"type": "Feature", "geometry": {"type": "Point", "coordinates": [7.5, 54.0]}, "properties": {"value": 8.716, "time": "2025-12-07T00:00:00", "date": "2025-12-07", "hour": 0}}, {"type": "Feature", "geometry": {"type": "Point", "coordinates": [7.75, 54.0]}, "properties": {"value": 8.667, "time": "2025-12-07T00:00:00", "date": "2025-12-07", "hour": 0}}, {"type": "Feature", "geometry": {"type": "Point", "coordinates": [8.0, 54.0]}, "properties": {"value": 8.566, "time": "2025-12-07T00:00:00", "date": "2025-12-07", "hour": 0}}, {"type": "Feature", "geometry": {"type": "Point", "coordinates": [8.25, 54.0]}, "properties": {"value": 8.113, "time": "2025-12-07T00:00:00", "date": "2025-12-07", "hour": 0}}, {"type": "Feature", "geometry": {"type": "Point", "coordinates": [8.5, 54.0]}, "properties": {"value": 6.776, "time": "2025-12-07T00:00:00", "date": "2025-12-07", "hour": 0}}, {"type": "Feature", "geometry": {"type": "Point", "coordinates": [11.25, 54.0]}, "properties": {"value": 5.168, "time": "2025-12-07T00:00:00", "date": "2025-12-07", "hour": 0}}, {"type": "Feature", "geometry": {"type": "Point", "coordinates": [14.0, 54.0]}, "properties": {"value": 3.979, "time": "2025-12-07T00:00:00", "date": "2025-12-07", "hour": 0}}, {"type": "Feature", "geometry": {"type": "Point", "coordinates": [14.25, 54.0]}, "properties": {"value": 4.777, "time": "2025-12-07T00:00:00", "date": "2025-12-07", "hour": 0}}, {"type": "Feature", "geometry": {"type": "Point", "coordinates": [14.5, 54.0]}, "properties": {"value": 4.438, "time": "2025-12-07T00:00:00", "date": "2025-12-07", "hour": 0}}, {"type": "Feature", "geometry": {"type": "Point", "coordinates": [14.75, 54.0]}, "properties": {"value": 4.948, "time": "2025-12-07T00:00:00", "date": "2025-12-07", "hour": 0}}, {"type": "Feature", "geometry": {"type": "Point", "coordinates": [5.0, 54.25]}, "properties": {"value": 10.514, "time": "2025-12-07T00:00:00", "date": "2025-12-07", "hour": 0}}, {"type": "Feature", "geometry": {"type": "Point", "coordinates": [5.25, 54.25]}, "properties": {"value": 10.461, "time": "2025-12-07T00:00:00", "date": "2025-12-07", "hour": 0}}, {"type": "Feature", "geometry": {"type": "Point", "coordinates": [5.5, 54.25]}, "properties": {"value": 10.37, "time": "2025-12-07T00:00:00", "date": "2025-12-07", "hour": 0}}, {"type": "Feature", "geometry": {"type": "Point", "coordinates": [5.75, 54.25]}, "properties": {"value": 10.193, "time": "2025-12-07T00:00:00", "date": "2025-12-07", "hour": 0}}, {"type": "Feature", "geometry": {"type": "Point", "coordinates": [6.0, 54.25]}, "properties": {"value": 10.126, "time": "2025-12-07T00:00:00", "date": "2025-12-07", "hour": 0}}, {"type": "Feature", "geometry": {"type": "Point", "coordinates": [6.25, 54.25]}, "properties": {"value": 10.002, "time": "2025-12-07T00:00:00", "date": "2025-12-07", "hour": 0}}, {"type": "Feature", "geometry": {"type": "Point", "coordinates": [6.5, 54.25]}, "properties": {"value": 9.844, "time": "2025-12-07T00:00:00", "date": "2025-12-07", "hour": 0}}, {"type": "Feature", "geometry": {"type": "Point", "coordinates": [6.75, 54.25]}, "properties": {"value": 9.685, "time": "2025-12-07T00:00:00", "date": "2025-12-07", "hour": 0}}, {"type": "Feature", "geometry": {"type": "Point", "coordinates": [7.0, 54.25]}, "properties": {"value": 9.6, "time": "2025-12-07T00:00:00", "date": "2025-12-07", "hour": 0}}, {"type": "Feature", "geometry": {"type": "Point", "coordinates": [7.25, 54.25]}, "properties": {"value": 9.517, "time": "2025-12-07T00:00:00", "date": "2025-12-07", "hour": 0}}, {"type": "Feature", "geometry": {"type": "Point", "coordinates": [7.5, 54.25]}, "properties": {"value": 9.463, "time": "2025-12-07T00:00:00", "date": "2025-12-07", "hour": 0}}, {"type": "Feature", "geometry": {"type": "Point", "coordinates": [7.75, 54.25]}, "properties": {"value": 9.033, "time": "2025-12-07T00:00:00", "date": "2025-12-07", "hour": 0}}, {"type": "Feature", "geometry": {"type": "Point", "coordinates": [8.0, 54.25]}, "properties": {"value": 8.815, "time": "2025-12-07T00:00:00", "date": "2025-12-07", "hour": 0}}, {"type": "Feature", "geometry": {"type": "Point", "coordinates": [8.25, 54.25]}, "properties": {"value": 7.76, "time": "2025-12-07T00:00:00", "date": "2025-12-07", "hour": 0}}, {"type": "Feature", "geometry": {"type": "Point", "coordinates": [8.5, 54.25]}, "properties": {"value": 6.486, "time": "2025-12-07T00:00:00", "date": "2025-12-07", "hour": 0}}, {"type": "Feature", "geometry": {"type": "Point", "coordinates": [10.75, 54.25]}, "properties": {"value": 5.775, "time": "2025-12-07T00:00:00", "date": "2025-12-07", "hour": 0}}, {"type": "Feature", "geometry": {"type": "Point", "coordinates": [11.25, 54.25]}, "properties": {"value": 5.602, "time": "2025-12-07T00:00:00", "date": "2025-12-07", "hour": 0}}, {"type": "Feature", "geometry": {"type": "Point", "coordinates": [11.75, 54.25]}, "properties": {"value": 6.159, "time": "2025-12-07T00:00:00", "date": "2025-12-07", "hour": 0}}, {"type": "Feature", "geometry": {"type": "Point", "coordinates": [12.25, 54.25]}, "properties": {"value": 6.117, "time": "2025-12-07T00:00:00", "date": "2025-12-07", "hour": 0}}, {"type": "Feature", "geometry": {"type": "Point", "coordinates": [13.75, 54.25]}, "properties": {"value": 4.522, "time": "2025-12-07T00:00:00", "date": "2025-12-07", "hour": 0}}, {"type": "Feature", "geometry": {"type": "Point", "coordinates": [14.0, 54.25]}, "properties": {"value": 4.784, "time": "2025-12-07T00:00:00", "date": "2025-12-07", "hour": 0}}, {"type": "Feature", "geometry": {"type": "Point", "coordinates": [14.25, 54.25]}, "properties": {"value": 5.295, "time": "2025-12-07T00:00:00", "date": "2025-12-07", "hour": 0}}, {"type": "Feature", "geometry": {"type": "Point", "coordinates": [14.5, 54.25]}, "properties": {"value": 5.434, "time": "2025-12-07T00:00:00", "date": "2025-12-07", "hour": 0}}, {"type": "Feature", "geometry": {"type": "Point", "coordinates": [14.75, 54.25]}, "properties": {"value": 5.709, "time": "2025-12-07T00:00:00", "date": "2025-12-07", "hour": 0}}, {"type": "Feature", "geometry": {"type": "Point", "coordinates": [15.0, 54.25]}, "properties": {"value": 6.474, "time": "2025-12-07T00:00:00", "date": "2025-12-07", "hour": 0}}, {"type": "Feature", "geometry": {"type": "Point", "coordinates": [5.0, 54.5]}, "properties": {"value": 10.537, "time": "2025-12-07T00:00:00", "date": "2025-12-07", "hour": 0}}, {"type": "Feature", "geometry": {"type": "Point", "coordinates": [5.25, 54.5]}, "properties": {"value": 10.545, "time": "2025-12-07T00:00:00", "date": "2025-12-07", "hour": 0}}, {"type": "Feature", "geometry": {"type": "Point", "coordinates": [5.5, 54.5]}, "properties": {"value": 10.5, "time": "2025-12-07T00:00:00", "date": "2025-12-07", "hour": 0}}, {"type": "Feature", "geometry": {"type": "Point", "coordinates": [5.75, 54.5]}, "properties": {"value": 10.423, "time": "2025-12-07T00:00:00", "date": "2025-12-07", "hour": 0}}, {"type": "Feature", "geometry": {"type": "Point", "coordinates": [6.0, 54.5]}, "properties": {"value": 10.375, "time": "2025-12-07T00:00:00", "date": "2025-12-07", "hour": 0}}, {"type": "Feature", "geometry": {"type": "Point", "coordinates": [6.25, 54.5]}, "properties": {"value": 10.318, "time": "2025-12-07T00:00:00", "date": "2025-12-07", "hour": 0}}, {"type": "Feature", "geometry": {"type": "Point", "coordinates": [6.5, 54.5]}, "properties": {"value": 10.188, "time": "2025-12-07T00:00:00", "date": "2025-12-07", "hour": 0}}, {"type": "Feature", "geometry": {"type": "Point", "coordinates": [6.75, 54.5]}, "properties": {"value": 10.09, "time": "2025-12-07T00:00:00", "date": "2025-12-07", "hour": 0}}, {"type": "Feature", "geometry": {"type": "Point", "coordinates": [7.0, 54.5]}, "properties": {"value": 9.96, "time": "2025-12-07T00:00:00", "date": "2025-12-07", "hour": 0}}, {"type": "Feature", "geometry": {"type": "Point", "coordinates": [7.25, 54.5]}, "properties": {"value": 9.758, "time": "2025-12-07T00:00:00", "date": "2025-12-07", "hour": 0}}, {"type": "Feature", "geometry": {"type": "Point", "coordinates": [7.5, 54.5]}, "properties": {"value": 9.68, "time": "2025-12-07T00:00:00", "date": "2025-12-07", "hour": 0}}, {"type": "Feature", "geometry": {"type": "Point", "coordinates": [7.75, 54.5]}, "properties": {"value": 9.1, "time": "2025-12-07T00:00:00", "date": "2025-12-07", "hour": 0}}, {"type": "Feature", "geometry": {"type": "Point", "coordinates": [8.0, 54.5]}, "properties": {"value": 7.947, "time": "2025-12-07T00:00:00", "date": "2025-12-07", "hour": 0}}, {"type": "Feature", "geometry": {"type": "Point", "coordinates": [8.25, 54.5]}, "properties": {"value": 6.944, "time": "2025-12-07T00:00:00", "date": "2025-12-07", "hour": 0}}, {"type": "Feature", "geometry": {"type": "Point", "coordinates": [8.5, 54.5]}, "properties": {"value": 6.008, "time": "2025-12-07T00:00:00", "date": "2025-12-07", "hour": 0}}, {"type": "Feature", "geometry": {"type": "Point", "coordinates": [10.5, 54.5]}, "properties": {"value": 5.923, "time": "2025-12-07T00:00:00", "date": "2025-12-07", "hour": 0}}, {"type": "Feature", "geometry": {"type": "Point", "coordinates": [10.75, 54.5]}, "properties": {"value": 5.939, "time": "2025-12-07T00:00:00", "date": "2025-12-07", "hour": 0}}, {"type": "Feature", "geometry": {"type": "Point", "coordinates": [11.0, 54.5]}, "properties": {"value": 5.803, "time": "2025-12-07T00:00:00", "date": "2025-12-07", "hour": 0}}, {"type": "Feature", "geometry": {"type": "Point", "coordinates": [11.25, 54.5]}, "properties": {"value": 5.907, "time": "2025-12-07T00:00:00", "date": "2025-12-07", "hour": 0}}, {"type": "Feature", "geometry": {"type": "Point", "coordinates": [11.5, 54.5]}, "properties": {"value": 6.007, "time": "2025-12-07T00:00:00", "date": "2025-12-07", "hour": 0}}, {"type": "Feature", "geometry": {"type": "Point", "coordinates": [11.75, 54.5]}, "properties": {"value": 6.186, "time": "2025-12-07T00:00:00", "date": "2025-12-07", "hour": 0}}, {"type": "Feature", "geometry": {"type": "Point", "coordinates": [12.0, 54.5]}, "properties": {"value": 6.258, "time": "2025-12-07T00:00:00", "date": "2025-12-07", "hour": 0}}, {"type": "Feature", "geometry": {"type": "Point", "coordinates": [12.25, 54.5]}, "properties": {"value": 6.26, "time": "2025-12-07T00:00:00", "date": "2025-12-07", "hour": 0}}, {"type": "Feature", "geometry": {"type": "Point", "coordinates": [13.0, 54.5]}, "properties": {"value": 6.794, "time": "2025-12-07T00:00:00", "date": "2025-12-07", "hour": 0}}, {"type": "Feature", "geometry": {"type": "Point", "coordinates": [13.25, 54.5]}, "properties": {"value": 6.152, "time": "2025-12-07T00:00:00", "date": "2025-12-07", "hour": 0}}, {"type": "Feature", "geometry": {"type": "Point", "coordinates": [13.5, 54.5]}, "properties": {"value": 5.82, "time": "2025-12-07T00:00:00", "date": "2025-12-07", "hour": 0}}, {"type": "Feature", "geometry": {"type": "Point", "coordinates": [13.75, 54.5]}, "properties": {"value": 5.728, "time": "2025-12-07T00:00:00", "date": "2025-12-07", "hour": 0}}, {"type": "Feature", "geometry": {"type": "Point", "coordinates": [14.0, 54.5]}, "properties": {"value": 5.939, "time": "2025-12-07T00:00:00", "date": "2025-12-07", "hour": 0}}, {"type": "Feature", "geometry": {"type": "Point", "coordinates": [14.25, 54.5]}, "properties": {"value": 6.117, "time": "2025-12-07T00:00:00", "date": "2025-12-07", "hour": 0}}, {"type": "Feature", "geometry": {"type": "Point", "coordinates": [14.5, 54.5]}, "properties": {"value": 6.426, "time": "2025-12-07T00:00:00", "date": "2025-12-07", "hour": 0}}, {"type": "Feature", "geometry": {"type": "Point", "coordinates": [14.75, 54.5]}, "properties": {"value": 6.671, "time": "2025-12-07T00:00:00", "date": "2025-12-07", "hour": 0}}, {"type": "Feature", "geometry": {"type": "Point", "coordinates": [15.0, 54.5]}, "properties": {"value": 7.412, "time": "2025-12-07T00:00:00", "date": "2025-12-07", "hour": 0}}, {"type": "Feature", "geometry": {"type": "Point", "coordinates": [5.0, 54.75]}, "properties": {"value": 10.535, "time": "2025-12-07T00:00:00", "date": "2025-12-07", "hour": 0}}, {"type": "Feature", "geometry": {"type": "Point", "coordinates": [5.25, 54.75]}, "properties": {"value": 10.543, "time": "2025-12-07T00:00:00", "date": "2025-12-07", "hour": 0}}, {"type": "Feature", "geometry": {"type": "Point", "coordinates": [5.5, 54.75]}, "properties": {"value": 10.564, "time": "2025-12-07T00:00:00", "date": "2025-12-07", "hour": 0}}, {"type": "Feature", "geometry": {"type": "Point", "coordinates": [5.75, 54.75]}, "properties": {"value": 10.557, "time": "2025-12-07T00:00:00", "date": "2025-12-07", "hour": 0}}, {"type": "Feature", "geometry": {"type": "Point", "coordinates": [6.0, 54.75]}, "properties": {"value": 10.525, "time": "2025-12-07T00:00:00", "date": "2025-12-07", "hour": 0}}, {"type": "Feature", "geometry": {"type": "Point", "coordinates": [6.25, 54.75]}, "properties": {"value": 10.467, "time": "2025-12-07T00:00:00", "date": "2025-12-07", "hour": 0}}, {"type": "Feature", "geometry": {"type": "Point", "coordinates": [6.5, 54.75]}, "properties": {"value": 10.396, "time": "2025-12-07T00:00:00", "date": "2025-12-07", "hour": 0}}, {"type": "Feature", "geometry": {"type": "Point", "coordinates": [6.75, 54.75]}, "properties": {"value": 10.212, "time": "2025-12-07T00:00:00", "date": "2025-12-07", "hour": 0}}, {"type": "Feature", "geometry": {"type": "Point", "coordinates": [7.0, 54.75]}, "properties": {"value": 10.06, "time": "2025-12-07T00:00:00", "date": "2025-12-07", "hour": 0}}, {"type": "Feature", "geometry": {"type": "Point", "coordinates": [7.25, 54.75]}, "properties": {"value": 9.85, "time": "2025-12-07T00:00:00", "date": "2025-12-07", "hour": 0}}, {"type": "Feature", "geometry": {"type": "Point", "coordinates": [7.5, 54.75]}, "properties": {"value": 9.634, "time": "2025-12-07T00:00:00", "date": "2025-12-07", "hour": 0}}, {"type": "Feature", "geometry": {"type": "Point", "coordinates": [7.75, 54.75]}, "properties": {"value": 8.565, "time": "2025-12-07T00:00:00", "date": "2025-12-07", "hour": 0}}, {"type": "Feature", "geometry": {"type": "Point", "coordinates": [8.0, 54.75]}, "properties": {"value": 7.371, "time": "2025-12-07T00:00:00", "date": "2025-12-07", "hour": 0}}, {"type": "Feature", "geometry": {"type": "Point", "coordinates": [8.25, 54.75]}, "properties": {"value": 6.455, "time": "2025-12-07T00:00:00", "date": "2025-12-07", "hour": 0}}, {"type": "Feature", "geometry": {"type": "Point", "coordinates": [8.5, 54.75]}, "properties": {"value": 5.504, "time": "2025-12-07T00:00:00", "date": "2025-12-07", "hour": 0}}, {"type": "Feature", "geometry": {"type": "Point", "coordinates": [10.25, 54.75]}, "properties": {"value": 5.886, "time": "2025-12-07T00:00:00", "date": "2025-12-07", "hour": 0}}, {"type": "Feature", "geometry": {"type": "Point", "coordinates": [10.5, 54.75]}, "properties": {"value": 5.945, "time": "2025-12-07T00:00:00", "date": "2025-12-07", "hour": 0}}, {"type": "Feature", "geometry": {"type": "Point", "coordinates": [10.75, 54.75]}, "properties": {"value": 6.005, "time": "2025-12-07T00:00:00", "date": "2025-12-07", "hour": 0}}, {"type": "Feature", "geometry": {"type": "Point", "coordinates": [11.0, 54.75]}, "properties": {"value": 5.849, "time": "2025-12-07T00:00:00", "date": "2025-12-07", "hour": 0}}, {"type": "Feature", "geometry": {"type": "Point", "coordinates": [11.25, 54.75]}, "properties": {"value": 5.778, "time": "2025-12-07T00:00:00", "date": "2025-12-07", "hour": 0}}, {"type": "Feature", "geometry": {"type": "Point", "coordinates": [11.5, 54.75]}, "properties": {"value": 5.631, "time": "2025-12-07T00:00:00", "date": "2025-12-07", "hour": 0}}, {"type": "Feature", "geometry": {"type": "Point", "coordinates": [12.0, 54.75]}, "properties": {"value": 6.04, "time": "2025-12-07T00:00:00", "date": "2025-12-07", "hour": 0}}, {"type": "Feature", "geometry": {"type": "Point", "coordinates": [12.25, 54.75]}, "properties": {"value": 6.34, "time": "2025-12-07T00:00:00", "date": "2025-12-07", "hour": 0}}, {"type": "Feature", "geometry": {"type": "Point", "coordinates": [12.5, 54.75]}, "properties": {"value": 6.741, "time": "2025-12-07T00:00:00", "date": "2025-12-07", "hour": 0}}, {"type": "Feature", "geometry": {"type": "Point", "coordinates": [12.75, 54.75]}, "properties": {"value": 6.892, "time": "2025-12-07T00:00:00", "date": "2025-12-07", "hour": 0}}, {"type": "Feature", "geometry": {"type": "Point", "coordinates": [13.0, 54.75]}, "properties": {"value": 6.836, "time": "2025-12-07T00:00:00", "date": "2025-12-07", "hour": 0}}, {"type": "Feature", "geometry": {"type": "Point", "coordinates": [13.25, 54.75]}, "properties": {"value": 6.974, "time": "2025-12-07T00:00:00", "date": "2025-12-07", "hour": 0}}, {"type": "Feature", "geometry": {"type": "Point", "coordinates": [13.5, 54.75]}, "properties": {"value": 6.945, "time": "2025-12-07T00:00:00", "date": "2025-12-07", "hour": 0}}, {"type": "Feature", "geometry": {"type": "Point", "coordinates": [13.75, 54.75]}, "properties": {"value": 6.854, "time": "2025-12-07T00:00:00", "date": "2025-12-07", "hour": 0}}, {"type": "Feature", "geometry": {"type": "Point", "coordinates": [14.0, 54.75]}, "properties": {"value": 6.747, "time": "2025-12-07T00:00:00", "date": "2025-12-07", "hour": 0}}, {"type": "Feature", "geometry": {"type": "Point", "coordinates": [14.25, 54.75]}, "properties": {"value": 6.752, "time": "2025-12-07T00:00:00", "date": "2025-12-07", "hour": 0}}, {"type": "Feature", "geometry": {"type": "Point", "coordinates": [14.5, 54.75]}, "properties": {"value": 7.137, "time": "2025-12-07T00:00:00", "date": "2025-12-07", "hour": 0}}, {"type": "Feature", "geometry": {"type": "Point", "coordinates": [14.75, 54.75]}, "properties": {"value": 7.339, "time": "2025-12-07T00:00:00", "date": "2025-12-07", "hour": 0}}, {"type": "Feature", "geometry": {"type": "Point", "coordinates": [15.0, 54.75]}, "properties": {"value": 7.349, "time": "2025-12-07T00:00:00", "date": "2025-12-07", "hour": 0}}, {"type": "Feature", "geometry": {"type": "Point", "coordinates": [5.0, 55.0]}, "properties": {"value": 10.501, "time": "2025-12-07T00:00:00", "date": "2025-12-07", "hour": 0}}, {"type": "Feature", "geometry": {"type": "Point", "coordinates": [5.25, 55.0]}, "properties": {"value": 10.594, "time": "2025-12-07T00:00:00", "date": "2025-12-07", "hour": 0}}, {"type": "Feature", "geometry": {"type": "Point", "coordinates": [5.5, 55.0]}, "properties": {"value": 10.628, "time": "2025-12-07T00:00:00", "date": "2025-12-07", "hour": 0}}, {"type": "Feature", "geometry": {"type": "Point", "coordinates": [5.75, 55.0]}, "properties": {"value": 10.621, "time": "2025-12-07T00:00:00", "date": "2025-12-07", "hour": 0}}, {"type": "Feature", "geometry": {"type": "Point", "coordinates": [6.0, 55.0]}, "properties": {"value": 10.575, "time": "2025-12-07T00:00:00", "date": "2025-12-07", "hour": 0}}, {"type": "Feature", "geometry": {"type": "Point", "coordinates": [6.25, 55.0]}, "properties": {"value": 10.524, "time": "2025-12-07T00:00:00", "date": "2025-12-07", "hour": 0}}, {"type": "Feature", "geometry": {"type": "Point", "coordinates": [6.5, 55.0]}, "properties": {"value": 10.459, "time": "2025-12-07T00:00:00", "date": "2025-12-07", "hour": 0}}, {"type": "Feature", "geometry": {"type": "Point", "coordinates": [6.75, 55.0]}, "properties": {"value": 10.262, "time": "2025-12-07T00:00:00", "date": "2025-12-07", "hour": 0}}, {"type": "Feature", "geometry": {"type": "Point", "coordinates": [7.0, 55.0]}, "properties": {"value": 10.023, "time": "2025-12-07T00:00:00", "date": "2025-12-07", "hour": 0}}, {"type": "Feature", "geometry": {"type": "Point", "coordinates": [7.25, 55.0]}, "properties": {"value": 9.816, "time": "2025-12-07T00:00:00", "date": "2025-12-07", "hour": 0}}, {"type": "Feature", "geometry": {"type": "Point", "coordinates": [7.5, 55.0]}, "properties": {"value": 9.605, "time": "2025-12-07T00:00:00", "date": "2025-12-07", "hour": 0}}, {"type": "Feature", "geometry": {"type": "Point", "coordinates": [7.75, 55.0]}, "properties": {"value": 8.652, "time": "2025-12-07T00:00:00", "date": "2025-12-07", "hour": 0}}, {"type": "Feature", "geometry": {"type": "Point", "coordinates": [8.0, 55.0]}, "properties": {"value": 7.711, "time": "2025-12-07T00:00:00", "date": "2025-12-07", "hour": 0}}, {"type": "Feature", "geometry": {"type": "Point", "coordinates": [8.25, 55.0]}, "properties": {"value": 6.254, "time": "2025-12-07T00:00:00", "date": "2025-12-07", "hour": 0}}, {"type": "Feature", "geometry": {"type": "Point", "coordinates": [8.5, 55.0]}, "properties": {"value": 5.184, "time": "2025-12-07T00:00:00", "date": "2025-12-07", "hour": 0}}, {"type": "Feature", "geometry": {"type": "Point", "coordinates": [10.25, 55.0]}, "properties": {"value": 5.238, "time": "2025-12-07T00:00:00", "date": "2025-12-07", "hour": 0}}, {"type": "Feature", "geometry": {"type": "Point", "coordinates": [10.5, 55.0]}, "properties": {"value": 5.455, "time": "2025-12-07T00:00:00", "date": "2025-12-07", "hour": 0}}, {"type": "Feature", "geometry": {"type": "Point", "coordinates": [10.75, 55.0]}, "properties": {"value": 5.668, "time": "2025-12-07T00:00:00", "date": "2025-12-07", "hour": 0}}, {"type": "Feature", "geometry": {"type": "Point", "coordinates": [11.0, 55.0]}, "properties": {"value": 5.631, "time": "2025-12-07T00:00:00", "date": "2025-12-07", "hour": 0}}, {"type": "Feature", "geometry": {"type": "Point", "coordinates": [11.25, 55.0]}, "properties": {"value": 5.641, "time": "2025-12-07T00:00:00", "date": "2025-12-07", "hour": 0}}, {"type": "Feature", "geometry": {"type": "Point", "coordinates": [11.5, 55.0]}, "properties": {"value": 5.463, "time": "2025-12-07T00:00:00", "date": "2025-12-07", "hour": 0}}, {"type": "Feature", "geometry": {"type": "Point", "coordinates": [11.75, 55.0]}, "properties": {"value": 5.352, "time": "2025-12-07T00:00:00", "date": "2025-12-07", "hour": 0}}, {"type": "Feature", "geometry": {"type": "Point", "coordinates": [12.0, 55.0]}, "properties": {"value": 5.536, "time": "2025-12-07T00:00:00", "date": "2025-12-07", "hour": 0}}, {"type": "Feature", "geometry": {"type": "Point", "coordinates": [12.25, 55.0]}, "properties": {"value": 5.914, "time": "2025-12-07T00:00:00", "date": "2025-12-07", "hour": 0}}, {"type": "Feature", "geometry": {"type": "Point", "coordinates": [12.5, 55.0]}, "properties": {"value": 6.672, "time": "2025-12-07T00:00:00", "date": "2025-12-07", "hour": 0}}, {"type": "Feature", "geometry": {"type": "Point", "coordinates": [12.75, 55.0]}, "properties": {"value": 6.882, "time": "2025-12-07T00:00:00", "date": "2025-12-07", "hour": 0}}, {"type": "Feature", "geometry": {"type": "Point", "coordinates": [13.0, 55.0]}, "properties": {"value": 7.134, "time": "2025-12-07T00:00:00", "date": "2025-12-07", "hour": 0}}, {"type": "Feature", "geometry": {"type": "Point", "coordinates": [13.25, 55.0]}, "properties": {"value": 7.271, "time": "2025-12-07T00:00:00", "date": "2025-12-07", "hour": 0}}, {"type": "Feature", "geometry": {"type": "Point", "coordinates": [13.5, 55.0]}, "properties": {"value": 7.294, "time": "2025-12-07T00:00:00", "date": "2025-12-07", "hour": 0}}, {"type": "Feature", "geometry": {"type": "Point", "coordinates": [13.75, 55.0]}, "properties": {"value": 7.401, "time": "2025-12-07T00:00:00", "date": "2025-12-07", "hour": 0}}, {"type": "Feature", "geometry": {"type": "Point", "coordinates": [14.0, 55.0]}, "properties": {"value": 7.335, "time": "2025-12-07T00:00:00", "date": "2025-12-07", "hour": 0}}, {"type": "Feature", "geometry": {"type": "Point", "coordinates": [14.25, 55.0]}, "properties": {"value": 7.27, "time": "2025-12-07T00:00:00", "date": "2025-12-07", "hour": 0}}, {"type": "Feature", "geometry": {"type": "Point", "coordinates": [14.5, 55.0]}, "properties": {"value": 7.175, "time": "2025-12-07T00:00:00", "date": "2025-12-07", "hour": 0}}, {"type": "Feature", "geometry": {"type": "Point", "coordinates": [14.75, 55.0]}, "properties": {"value": 7.097, "time": "2025-12-07T00:00:00", "date": "2025-12-07", "hour": 0}}, {"type": "Feature", "geometry": {"type": "Point", "coordinates": [15.0, 55.0]}, "properties": {"value": 6.994, "time": "2025-12-07T00:00:00", "date": "2025-12-07", "hour": 0}}, {"type": "Feature", "geometry": {"type": "Point", "coordinates": [5.25, 52.75]}, "properties": {"value": 6.147, "time": "2025-12-07T01:00:00", "date": "2025-12-07", "hour": 1}}, {"type": "Feature", "geometry": {"type": "Point", "coordinates": [5.5, 52.75]}, "properties": {"value": 6.16, "time": "2025-12-07T01:00:00", "date": "2025-12-07", "hour": 1}}, {"type": "Feature", "geometry": {"type": "Point", "coordinates": [5.0, 53.0]}, "properties": {"value": 7.171, "time": "2025-12-07T01:00:00", "date": "2025-12-07", "hour": 1}}, {"type": "Feature", "geometry": {"type": "Point", "coordinates": [5.25, 53.0]}, "properties": {"value": 6.439, "time": "2025-12-07T01:00:00", "date": "2025-12-07", "hour": 1}}, {"type": "Feature", "geometry": {"type": "Point", "coordinates": [5.5, 53.0]}, "properties": {"value": 5.924, "time": "2025-12-07T01:00:00", "date": "2025-12-07", "hour": 1}}, {"type": "Feature", "geometry": {"type": "Point", "coordinates": [5.0, 53.25]}, "properties": {"value": 7.865, "time": "2025-12-07T01:00:00", "date": "2025-12-07", "hour": 1}}, {"type": "Feature", "geometry": {"type": "Point", "coordinates": [5.25, 53.25]}, "properties": {"value": 6.932, "time": "2025-12-07T01:00:00", "date": "2025-12-07", "hour": 1}}, {"type": "Feature", "geometry": {"type": "Point", "coordinates": [5.5, 53.25]}, "properties": {"value": 6.369, "time": "2025-12-07T01:00:00", "date": "2025-12-07", "hour": 1}}, {"type": "Feature", "geometry": {"type": "Point", "coordinates": [5.0, 53.5]}, "properties": {"value": 9.501, "time": "2025-12-07T01:00:00", "date": "2025-12-07", "hour": 1}}, {"type": "Feature", "geometry": {"type": "Point", "coordinates": [5.25, 53.5]}, "properties": {"value": 8.861, "time": "2025-12-07T01:00:00", "date": "2025-12-07", "hour": 1}}, {"type": "Feature", "geometry": {"type": "Point", "coordinates": [5.5, 53.5]}, "properties": {"value": 8.653, "time": "2025-12-07T01:00:00", "date": "2025-12-07", "hour": 1}}, {"type": "Feature", "geometry": {"type": "Point", "coordinates": [5.75, 53.5]}, "properties": {"value": 8.293, "time": "2025-12-07T01:00:00", "date": "2025-12-07", "hour": 1}}, {"type": "Feature", "geometry": {"type": "Point", "coordinates": [6.0, 53.5]}, "properties": {"value": 7.801, "time": "2025-12-07T01:00:00", "date": "2025-12-07", "hour": 1}}, {"type": "Feature", "geometry": {"type": "Point", "coordinates": [6.25, 53.5]}, "properties": {"value": 7.239, "time": "2025-12-07T01:00:00", "date": "2025-12-07", "hour": 1}}, {"type": "Feature", "geometry": {"type": "Point", "coordinates": [6.5, 53.5]}, "properties": {"value": 6.941, "time": "2025-12-07T01:00:00", "date": "2025-12-07", "hour": 1}}, {"type": "Feature", "geometry": {"type": "Point", "coordinates": [6.75, 53.5]}, "properties": {"value": 6.41, "time": "2025-12-07T01:00:00", "date": "2025-12-07", "hour": 1}}, {"type": "Feature", "geometry": {"type": "Point", "coordinates": [5.0, 53.75]}, "properties": {"value": 10.179, "time": "2025-12-07T01:00:00", "date": "2025-12-07", "hour": 1}}, {"type": "Feature", "geometry": {"type": "Point", "coordinates": [5.25, 53.75]}, "properties": {"value": 9.873, "time": "2025-12-07T01:00:00", "date": "2025-12-07", "hour": 1}}, {"type": "Feature", "geometry": {"type": "Point", "coordinates": [5.5, 53.75]}, "properties": {"value": 9.645, "time": "2025-12-07T01:00:00", "date": "2025-12-07", "hour": 1}}, {"type": "Feature", "geometry": {"type": "Point", "coordinates": [5.75, 53.75]}, "properties": {"value": 9.381, "time": "2025-12-07T01:00:00", "date": "2025-12-07", "hour": 1}}, {"type": "Feature", "geometry": {"type": "Point", "coordinates": [6.0, 53.75]}, "properties": {"value": 8.995, "time": "2025-12-07T01:00:00", "date": "2025-12-07", "hour": 1}}, {"type": "Feature", "geometry": {"type": "Point", "coordinates": [6.25, 53.75]}, "properties": {"value": 8.739, "time": "2025-12-07T01:00:00", "date": "2025-12-07", "hour": 1}}, {"type": "Feature", "geometry": {"type": "Point", "coordinates": [6.5, 53.75]}, "properties": {"value": 8.275, "time": "2025-12-07T01:00:00", "date": "2025-12-07", "hour": 1}}, {"type": "Feature", "geometry": {"type": "Point", "coordinates": [6.75, 53.75]}, "properties": {"value": 7.785, "time": "2025-12-07T01:00:00", "date": "2025-12-07", "hour": 1}}, {"type": "Feature", "geometry": {"type": "Point", "coordinates": [7.0, 53.75]}, "properties": {"value": 7.909, "time": "2025-12-07T01:00:00", "date": "2025-12-07", "hour": 1}}, {"type": "Feature", "geometry": {"type": "Point", "coordinates": [7.25, 53.75]}, "properties": {"value": 7.525, "time": "2025-12-07T01:00:00", "date": "2025-12-07", "hour": 1}}, {"type": "Feature", "geometry": {"type": "Point", "coordinates": [7.5, 53.75]}, "properties": {"value": 7.782, "time": "2025-12-07T01:00:00", "date": "2025-12-07", "hour": 1}}, {"type": "Feature", "geometry": {"type": "Point", "coordinates": [7.75, 53.75]}, "properties": {"value": 7.825, "time": "2025-12-07T01:00:00", "date": "2025-12-07", "hour": 1}}, {"type": "Feature", "geometry": {"type": "Point", "coordinates": [8.0, 53.75]}, "properties": {"value": 7.579, "time": "2025-12-07T01:00:00", "date": "2025-12-07", "hour": 1}}, {"type": "Feature", "geometry": {"type": "Point", "coordinates": [8.25, 53.75]}, "properties": {"value": 6.981, "time": "2025-12-07T01:00:00", "date": "2025-12-07", "hour": 1}}, {"type": "Feature", "geometry": {"type": "Point", "coordinates": [8.5, 53.75]}, "properties": {"value": 6.347, "time": "2025-12-07T01:00:00", "date": "2025-12-07", "hour": 1}}, {"type": "Feature", "geometry": {"type": "Point", "coordinates": [8.75, 53.75]}, "properties": {"value": 6.347, "time": "2025-12-07T01:00:00", "date": "2025-12-07", "hour": 1}}, {"type": "Feature", "geometry": {"type": "Point", "coordinates": [14.25, 53.75]}, "properties": {"value": 2.389, "time": "2025-12-07T01:00:00", "date": "2025-12-07", "hour": 1}}, {"type": "Feature", "geometry": {"type": "Point", "coordinates": [14.5, 53.75]}, "properties": {"value": 2.389, "time": "2025-12-07T01:00:00", "date": "2025-12-07", "hour": 1}}, {"type": "Feature", "geometry": {"type": "Point", "coordinates": [5.0, 54.0]}, "properties": {"value": 10.438, "time": "2025-12-07T01:00:00", "date": "2025-12-07", "hour": 1}}, {"type": "Feature", "geometry": {"type": "Point", "coordinates": [5.25, 54.0]}, "properties": {"value": 10.368, "time": "2025-12-07T01:00:00", "date": "2025-12-07", "hour": 1}}, {"type": "Feature", "geometry": {"type": "Point", "coordinates": [5.5, 54.0]}, "properties": {"value": 10.141, "time": "2025-12-07T01:00:00", "date": "2025-12-07", "hour": 1}}, {"type": "Feature", "geometry": {"type": "Point", "coordinates": [5.75, 54.0]}, "properties": {"value": 9.927, "time": "2025-12-07T01:00:00", "date": "2025-12-07", "hour": 1}}, {"type": "Feature", "geometry": {"type": "Point", "coordinates": [6.0, 54.0]}, "properties": {"value": 9.776, "time": "2025-12-07T01:00:00", "date": "2025-12-07", "hour": 1}}, {"type": "Feature", "geometry": {"type": "Point", "coordinates": [6.25, 54.0]}, "properties": {"value": 9.597, "time": "2025-12-07T01:00:00", "date": "2025-12-07", "hour": 1}}, {"type": "Feature", "geometry": {"type": "Point", "coordinates": [6.5, 54.0]}, "properties": {"value": 9.186, "time": "2025-12-07T01:00:00", "date": "2025-12-07", "hour": 1}}, {"type": "Feature", "geometry": {"type": "Point", "coordinates": [6.75, 54.0]}, "properties": {"value": 8.976, "time": "2025-12-07T01:00:00", "date": "2025-12-07", "hour": 1}}, {"type": "Feature", "geometry": {"type": "Point", "coordinates": [7.0, 54.0]}, "properties": {"value": 8.887, "time": "2025-12-07T01:00:00", "date": "2025-12-07", "hour": 1}}, {"type": "Feature", "geometry": {"type": "Point", "coordinates": [7.25, 54.0]}, "properties": {"value": 8.651, "time": "2025-12-07T01:00:00", "date": "2025-12-07", "hour": 1}}, {"type": "Feature", "geometry": {"type": "Point", "coordinates": [7.5, 54.0]}, "properties": {"value": 8.716, "time": "2025-12-07T01:00:00", "date": "2025-12-07", "hour": 1}}, {"type": "Feature", "geometry": {"type": "Point", "coordinates": [7.75, 54.0]}, "properties": {"value": 8.667, "time": "2025-12-07T01:00:00", "date": "2025-12-07", "hour": 1}}, {"type": "Feature", "geometry": {"type": "Point", "coordinates": [8.0, 54.0]}, "properties": {"value": 8.566, "time": "2025-12-07T01:00:00", "date": "2025-12-07", "hour": 1}}, {"type": "Feature", "geometry": {"type": "Point", "coordinates": [8.25, 54.0]}, "properties": {"value": 8.113, "time": "2025-12-07T01:00:00", "date": "2025-12-07", "hour": 1}}, {"type": "Feature", "geometry": {"type": "Point", "coordinates": [8.5, 54.0]}, "properties": {"value": 6.776, "time": "2025-12-07T01:00:00", "date": "2025-12-07", "hour": 1}}, {"type": "Feature", "geometry": {"type": "Point", "coordinates": [11.25, 54.0]}, "properties": {"value": 5.168, "time": "2025-12-07T01:00:00", "date": "2025-12-07", "hour": 1}}, {"type": "Feature", "geometry": {"type": "Point", "coordinates": [14.0, 54.0]}, "properties": {"value": 3.979, "time": "2025-12-07T01:00:00", "date": "2025-12-07", "hour": 1}}, {"type": "Feature", "geometry": {"type": "Point", "coordinates": [14.25, 54.0]}, "properties": {"value": 4.777, "time": "2025-12-07T01:00:00", "date": "2025-12-07", "hour": 1}}, {"type": "Feature", "geometry": {"type": "Point", "coordinates": [14.5, 54.0]}, "properties": {"value": 4.438, "time": "2025-12-07T01:00:00", "date": "2025-12-07", "hour": 1}}, {"type": "Feature", "geometry": {"type": "Point", "coordinates": [14.75, 54.0]}, "properties": {"value": 4.948, "time": "2025-12-07T01:00:00", "date": "2025-12-07", "hour": 1}}, {"type": "Feature", "geometry": {"type": "Point", "coordinates": [5.0, 54.25]}, "properties": {"value": 10.514, "time": "2025-12-07T01:00:00", "date": "2025-12-07", "hour": 1}}, {"type": "Feature", "geometry": {"type": "Point", "coordinates": [5.25, 54.25]}, "properties": {"value": 10.461, "time": "2025-12-07T01:00:00", "date": "2025-12-07", "hour": 1}}, {"type": "Feature", "geometry": {"type": "Point", "coordinates": [5.5, 54.25]}, "properties": {"value": 10.37, "time": "2025-12-07T01:00:00", "date": "2025-12-07", "hour": 1}}, {"type": "Feature", "geometry": {"type": "Point", "coordinates": [5.75, 54.25]}, "properties": {"value": 10.193, "time": "2025-12-07T01:00:00", "date": "2025-12-07", "hour": 1}}, {"type": "Feature", "geometry": {"type": "Point", "coordinates": [6.0, 54.25]}, "properties": {"value": 10.126, "time": "2025-12-07T01:00:00", "date": "2025-12-07", "hour": 1}}, {"type": "Feature", "geometry": {"type": "Point", "coordinates": [6.25, 54.25]}, "properties": {"value": 10.002, "time": "2025-12-07T01:00:00", "date": "2025-12-07", "hour": 1}}, {"type": "Feature", "geometry": {"type": "Point", "coordinates": [6.5, 54.25]}, "properties": {"value": 9.844, "time": "2025-12-07T01:00:00", "date": "2025-12-07", "hour": 1}}, {"type": "Feature", "geometry": {"type": "Point", "coordinates": [6.75, 54.25]}, "properties": {"value": 9.685, "time": "2025-12-07T01:00:00", "date": "2025-12-07", "hour": 1}}, {"type": "Feature", "geometry": {"type": "Point", "coordinates": [7.0, 54.25]}, "properties": {"value": 9.6, "time": "2025-12-07T01:00:00", "date": "2025-12-07", "hour": 1}}, {"type": "Feature", "geometry": {"type": "Point", "coordinates": [7.25, 54.25]}, "properties": {"value": 9.517, "time": "2025-12-07T01:00:00", "date": "2025-12-07", "hour": 1}}, {"type": "Feature", "geometry": {"type": "Point", "coordinates": [7.5, 54.25]}, "properties": {"value": 9.463, "time": "2025-12-07T01:00:00", "date": "2025-12-07", "hour": 1}}, {"type": "Feature", "geometry": {"type": "Point", "coordinates": [7.75, 54.25]}, "properties": {"value": 9.033, "time": "2025-12-07T01:00:00", "date": "2025-12-07", "hour": 1}}, {"type": "Feature", "geometry": {"type": "Point", "coordinates": [8.0, 54.25]}, "properties": {"value": 8.815, "time": "2025-12-07T01:00:00", "date": "2025-12-07", "hour": 1}}, {"type": "Feature", "geometry": {"type": "Point", "coordinates": [8.25, 54.25]}, "properties": {"value": 7.76, "time": "2025-12-07T01:00:00", "date": "2025-12-07", "hour": 1}}, {"type": "Feature", "geometry": {"type": "Point", "coordinates": [8.5, 54.25]}, "properties": {"value": 6.486, "time": "2025-12-07T01:00:00", "date": "2025-12-07", "hour": 1}}, {"type": "Feature", "geometry": {"type": "Point", "coordinates": [10.75, 54.25]}, "properties": {"value": 5.775, "time": "2025-12-07T01:00:00", "date": "2025-12-07", "hour": 1}}, {"type": "Feature", "geometry": {"type": "Point", "coordinates": [11.25, 54.25]}, "properties": {"value": 5.602, "time": "2025-12-07T01:00:00", "date": "2025-12-07", "hour": 1}}, {"type": "Feature", "geometry": {"type": "Point", "coordinates": [11.75, 54.25]}, "properties": {"value": 6.159, "time": "2025-12-07T01:00:00", "date": "2025-12-07", "hour": 1}}, {"type": "Feature", "geometry": {"type": "Point", "coordinates": [12.25, 54.25]}, "properties": {"value": 6.117, "time": "2025-12-07T01:00:00", "date": "2025-12-07", "hour": 1}}, {"type": "Feature", "geometry": {"type": "Point", "coordinates": [13.75, 54.25]}, "properties": {"value": 4.522, "time": "2025-12-07T01:00:00", "date": "2025-12-07", "hour": 1}}, {"type": "Feature", "geometry": {"type": "Point", "coordinates": [14.0, 54.25]}, "properties": {"value": 4.784, "time": "2025-12-07T01:00:00", "date": "2025-12-07", "hour": 1}}, {"type": "Feature", "geometry": {"type": "Point", "coordinates": [14.25, 54.25]}, "properties": {"value": 5.295, "time": "2025-12-07T01:00:00", "date": "2025-12-07", "hour": 1}}, {"type": "Feature", "geometry": {"type": "Point", "coordinates": [14.5, 54.25]}, "properties": {"value": 5.434, "time": "2025-12-07T01:00:00", "date": "2025-12-07", "hour": 1}}, {"type": "Feature", "geometry": {"type": "Point", "coordinates": [14.75, 54.25]}, "properties": {"value": 5.709, "time": "2025-12-07T01:00:00", "date": "2025-12-07", "hour": 1}}, {"type": "Feature", "geometry": {"type": "Point", "coordinates": [15.0, 54.25]}, "properties": {"value": 6.474, "time": "2025-12-07T01:00:00", "date": "2025-12-07", "hour": 1}}, {"type": "Feature", "geometry": {"type": "Point", "coordinates": [5.0, 54.5]}, "properties": {"value": 10.537, "time": "2025-12-07T01:00:00", "date": "2025-12-07", "hour": 1}}, {"type": "Feature", "geometry": {"type": "Point", "coordinates": [5.25, 54.5]}, "properties": {"value": 10.545, "time": "2025-12-07T01:00:00", "date": "2025-12-07", "hour": 1}}, {"type": "Feature", "geometry": {"type": "Point", "coordinates": [5.5, 54.5]}, "properties": {"value": 10.5, "time": "2025-12-07T01:00:00", "date": "2025-12-07", "hour": 1}}, {"type": "Feature", "geometry": {"type": "Point", "coordinates": [5.75, 54.5]}, "properties": {"value": 10.423, "time": "2025-12-07T01:00:00", "date": "2025-12-07", "hour": 1}}, {"type": "Feature", "geometry": {"type": "Point", "coordinates": [6.0, 54.5]}, "properties": {"value": 10.375, "time": "2025-12-07T01:00:00", "date": "2025-12-07", "hour": 1}}, {"type": "Feature", "geometry": {"type": "Point", "coordinates": [6.25, 54.5]}, "properties": {"value": 10.318, "time": "2025-12-07T01:00:00", "date": "2025-12-07", "hour": 1}}, {"type": "Feature", "geometry": {"type": "Point", "coordinates": [6.5, 54.5]}, "properties": {"value": 10.188, "time": "2025-12-07T01:00:00", "date": "2025-12-07", "hour": 1}}, {"type": "Feature", "geometry": {"type": "Point", "coordinates": [6.75, 54.5]}, "properties": {"value": 10.09, "time": "2025-12-07T01:00:00", "date": "2025-12-07", "hour": 1}}, {"type": "Feature", "geometry": {"type": "Point", "coordinates": [7.0, 54.5]}, "properties": {"value": 9.96, "time": "2025-12-07T01:00:00", "date": "2025-12-07", "hour": 1}}, {"type": "Feature", "geometry": {"type": "Point", "coordinates": [7.25, 54.5]}, "properties": {"value": 9.758, "time": "2025-12-07T01:00:00", "date": "2025-12-07", "hour": 1}}, {"type": "Feature", "geometry": {"type": "Point", "coordinates": [7.5, 54.5]}, "properties": {"value": 9.68, "time": "2025-12-07T01:00:00", "date": "2025-12-07", "hour": 1}}, {"type": "Feature", "geometry": {"type": "Point", "coordinates": [7.75, 54.5]}, "properties": {"value": 9.1, "time": "2025-12-07T01:00:00", "date": "2025-12-07", "hour": 1}}, {"type": "Feature", "geometry": {"type": "Point", "coordinates": [8.0, 54.5]}, "properties": {"value": 7.947, "time": "2025-12-07T01:00:00", "date": "2025-12-07", "hour": 1}}, {"type": "Feature", "geometry": {"type": "Point", "coordinates": [8.25, 54.5]}, "properties": {"value": 6.944, "time": "2025-12-07T01:00:00", "date": "2025-12-07", "hour": 1}}, {"type": "Feature", "geometry": {"type": "Point", "coordinates": [8.5, 54.5]}, "properties": {"value": 6.008, "time": "2025-12-07T01:00:00", "date": "2025-12-07", "hour": 1}}, {"type": "Feature", "geometry": {"type": "Point", "coordinates": [10.5, 54.5]}, "properties": {"value": 5.923, "time": "2025-12-07T01:00:00", "date": "2025-12-07", "hour": 1}}, {"type": "Feature", "geometry": {"type": "Point", "coordinates": [10.75, 54.5]}, "properties": {"value": 5.939, "time": "2025-12-07T01:00:00", "date": "2025-12-07", "hour": 1}}, {"type": "Feature", "geometry": {"type": "Point", "coordinates": [11.0, 54.5]}, "properties": {"value": 5.803, "time": "2025-12-07T01:00:00", "date": "2025-12-07", "hour": 1}}, {"type": "Feature", "geometry": {"type": "Point", "coordinates": [11.25, 54.5]}, "properties": {"value": 5.907, "time": "2025-12-07T01:00:00", "date": "2025-12-07", "hour": 1}}, {"type": "Feature", "geometry": {"type": "Point", "coordinates": [11.5, 54.5]}, "properties": {"value": 6.007, "time": "2025-12-07T01:00:00", "date": "2025-12-07", "hour": 1}}, {"type": "Feature", "geometry": {"type": "Point", "coordinates": [11.75, 54.5]}, "properties": {"value": 6.186, "time": "2025-12-07T01:00:00", "date": "2025-12-07", "hour": 1}}, {"type": "Feature", "geometry": {"type": "Point", "coordinates": [12.0, 54.5]}, "properties": {"value": 6.258, "time": "2025-12-07T01:00:00", "date": "2025-12-07", "hour": 1}}, {"type": "Feature", "geometry": {"type": "Point", "coordinates": [12.25, 54.5]}, "properties": {"value": 6.26, "time": "2025-12-07T01:00:00", "date": "2025-12-07", "hour": 1}}, {"type": "Feature", "geometry": {"type": "Point", "coordinates": [13.0, 54.5]}, "properties": {"value": 6.794, "time": "2025-12-07T01:00:00", "date": "2025-12-07", "hour": 1}}, {"type": "Feature", "geometry": {"type": "Point", "coordinates": [13.25, 54.5]}, "properties": {"value": 6.152, "time": "2025-12-07T01:00:00", "date": "2025-12-07", "hour": 1}}, {"type": "Feature", "geometry": {"type": "Point", "coordinates": [13.5, 54.5]}, "properties": {"value": 5.82, "time": "2025-12-07T01:00:00", "date": "2025-12-07", "hour": 1}}, {"type": "Feature", "geometry": {"type": "Point", "coordinates": [13.75, 54.5]}, "properties": {"value": 5.728, "time": "2025-12-07T01:00:00", "date": "2025-12-07", "hour": 1}}, {"type": "Feature", "geometry": {"type": "Point", "coordinates": [14.0, 54.5]}, "properties": {"value": 5.939, "time": "2025-12-07T01:00:00", "date": "2025-12-07", "hour": 1}}, {"type": "Feature", "geometry": {"type": "Point", "coordinates": [14.25, 54.5]}, "properties": {"value": 6.117, "time": "2025-12-07T01:00:00", "date": "2025-12-07", "hour": 1}}, {"type": "Feature", "geometry": {"type": "Point", "coordinates": [14.5, 54.5]}, "properties": {"value": 6.426, "time": "2025-12-07T01:00:00", "date": "2025-12-07", "hour": 1}}, {"type": "Feature", "geometry": {"type": "Point", "coordinates": [14.75, 54.5]}, "properties": {"value": 6.671, "time": "2025-12-07T01:00:00", "date": "2025-12-07", "hour": 1}}, {"type": "Feature", "geometry": {"type": "Point", "coordinates": [15.0, 54.5]}, "properties": {"value": 7.412, "time": "2025-12-07T01:00:00", "date": "2025-12-07", "hour": 1}}, {"type": "Feature", "geometry": {"type": "Point", "coordinates": [5.0, 54.75]}, "properties": {"value": 10.535, "time": "2025-12-07T01:00:00", "date": "2025-12-07", "hour": 1}}, {"type": "Feature", "geometry": {"type": "Point", "coordinates": [5.25, 54.75]}, "properties": {"value": 10.543, "time": "2025-12-07T01:00:00", "date": "2025-12-07", "hour": 1}}, {"type": "Feature", "geometry": {"type": "Point", "coordinates": [5.5, 54.75]}, "properties": {"value": 10.564, "time": "2025-12-07T01:00:00", "date": "2025-12-07", "hour": 1}}, {"type": "Feature", "geometry": {"type": "Point", "coordinates": [5.75, 54.75]}, "properties": {"value": 10.557, "time": "2025-12-07T01:00:00", "date": "2025-12-07", "hour": 1}}, {"type": "Feature", "geometry": {"type": "Point", "coordinates": [6.0, 54.75]}, "properties": {"value": 10.525, "time": "2025-12-07T01:00:00", "date": "2025-12-07", "hour": 1}}, {"type": "Feature", "geometry": {"type": "Point", "coordinates": [6.25, 54.75]}, "properties": {"value": 10.467, "time": "2025-12-07T01:00:00", "date": "2025-12-07", "hour": 1}}, {"type": "Feature", "geometry": {"type": "Point", "coordinates": [6.5, 54.75]}, "properties": {"value": 10.396, "time": "2025-12-07T01:00:00", "date": "2025-12-07", "hour": 1}}, {"type": "Feature", "geometry": {"type": "Point", "coordinates": [6.75, 54.75]}, "properties": {"value": 10.212, "time": "2025-12-07T01:00:00", "date": "2025-12-07", "hour": 1}}, {"type": "Feature", "geometry": {"type": "Point", "coordinates": [7.0, 54.75]}, "properties": {"value": 10.06, "time": "2025-12-07T01:00:00", "date": "2025-12-07", "hour": 1}}, {"type": "Feature", "geometry": {"type": "Point", "coordinates": [7.25, 54.75]}, "properties": {"value": 9.85, "time": "2025-12-07T01:00:00", "date": "2025-12-07", "hour": 1}}, {"type": "Feature", "geometry": {"type": "Point", "coordinates": [7.5, 54.75]}, "properties": {"value": 9.634, "time": "2025-12-07T01:00:00", "date": "2025-12-07", "hour": 1}}, {"type": "Feature", "geometry": {"type": "Point", "coordinates": [7.75, 54.75]}, "properties": {"value": 8.565, "time": "2025-12-07T01:00:00", "date": "2025-12-07", "hour": 1}}, {"type": "Feature", "geometry": {"type": "Point", "coordinates": [8.0, 54.75]}, "properties": {"value": 7.371, "time": "2025-12-07T01:00:00", "date": "2025-12-07", "hour": 1}}, {"type": "Feature", "geometry": {"type": "Point", "coordinates": [8.25, 54.75]}, "properties": {"value": 6.455, "time": "2025-12-07T01:00:00", "date": "2025-12-07", "hour": 1}}, {"type": "Feature", "geometry": {"type": "Point", "coordinates": [8.5, 54.75]}, "properties": {"value": 5.504, "time": "2025-12-07T01:00:00", "date": "2025-12-07", "hour": 1}}, {"type": "Feature", "geometry": {"type": "Point", "coordinates": [10.25, 54.75]}, "properties": {"value": 5.886, "time": "2025-12-07T01:00:00", "date": "2025-12-07", "hour": 1}}, {"type": "Feature", "geometry": {"type": "Point", "coordinates": [10.5, 54.75]}, "properties": {"value": 5.945, "time": "2025-12-07T01:00:00", "date": "2025-12-07", "hour": 1}}, {"type": "Feature", "geometry": {"type": "Point", "coordinates": [10.75, 54.75]}, "properties": {"value": 6.005, "time": "2025-12-07T01:00:00", "date": "2025-12-07", "hour": 1}}, {"type": "Feature", "geometry": {"type": "Point", "coordinates": [11.0, 54.75]}, "properties": {"value": 5.849, "time": "2025-12-07T01:00:00", "date": "2025-12-07", "hour": 1}}, {"type": "Feature", "geometry": {"type": "Point", "coordinates": [11.25, 54.75]}, "properties": {"value": 5.778, "time": "2025-12-07T01:00:00", "date": "2025-12-07", "hour": 1}}, {"type": "Feature", "geometry": {"type": "Point", "coordinates": [11.5, 54.75]}, "properties": {"value": 5.631, "time": "2025-12-07T01:00:00", "date": "2025-12-07", "hour": 1}}, {"type": "Feature", "geometry": {"type": "Point", "coordinates": [12.0, 54.75]}, "properties": {"value": 6.04, "time": "2025-12-07T01:00:00", "date": "2025-12-07", "hour": 1}}, {"type": "Feature", "geometry": {"type": "Point", "coordinates": [12.25, 54.75]}, "properties": {"value": 6.34, "time": "2025-12-07T01:00:00", "date": "2025-12-07", "hour": 1}}, {"type": "Feature", "geometry": {"type": "Point", "coordinates": [12.5, 54.75]}, "properties": {"value": 6.741, "time": "2025-12-07T01:00:00", "date": "2025-12-07", "hour": 1}}, {"type": "Feature", "geometry": {"type": "Point", "coordinates": [12.75, 54.75]}, "properties": {"value": 6.892, "time": "2025-12-07T01:00:00", "date": "2025-12-07", "hour": 1}}, {"type": "Feature", "geometry": {"type": "Point", "coordinates": [13.0, 54.75]}, "properties": {"value": 6.836, "time": "2025-12-07T01:00:00", "date": "2025-12-07", "hour": 1}}, {"type": "Feature", "geometry": {"type": "Point", "coordinates": [13.25, 54.75]}, "properties": {"value": 6.974, "time": "2025-12-07T01:00:00", "date": "2025-12-07", "hour": 1}}, {"type": "Feature", "geometry": {"type": "Point", "coordinates": [13.5, 54.75]}, "properties": {"value": 6.945, "time": "2025-12-07T01:00:00", "date": "2025-12-07", "hour": 1}}, {"type": "Feature", "geometry": {"type": "Point", "coordinates": [13.75, 54.75]}, "properties": {"value": 6.854, "time": "2025-12-07T01:00:00", "date": "2025-12-07", "hour": 1}}, {"type": "Feature", "geometry": {"type": "Point", "coordinates": [14.0, 54.75]}, "properties": {"value": 6.747, "time": "2025-12-07T01:00:00", "date": "2025-12-07", "hour": 1}}, {"type": "Feature", "geometry": {"type": "Point", "coordinates": [14.25, 54.75]}, "properties": {"value": 6.752, "time": "2025-12-07T01:00:00", "date": "2025-12-07", "hour": 1}}, {"type": "Feature", "geometry": {"type": "Point", "coordinates": [14.5, 54.75]}, "properties": {"value": 7.137, "time": "2025-12-07T01:00:00", "date": "2025-12-07", "hour": 1}}, {"type": "Feature", "geometry": {"type": "Point", "coordinates": [14.75, 54.75]}, "properties": {"value": 7.339, "time": "2025-12-07T01:00:00", "date": "2025-12-07", "hour": 1}}, {"type": "Feature", "geometry": {"type": "Point", "coordinates": [15.0, 54.75]}, "properties": {"value": 7.349, "time": "2025-12-07T01:00:00", "date": "2025-12-07", "hour": 1}}, {"type": "Feature", "geometry": {"type": "Point", "coordinates": [5.0, 55.0]}, "properties": {"value": 10.501, "time": "2025-12-07T01:00:00", "date": "2025-12-07", "hour": 1}}, {"type": "Feature", "geometry": {"type": "Point", "coordinates": [5.25, 55.0]}, "properties": {"value": 10.594, "time": "2025-12-07T01:00:00", "date": "2025-12-07", "hour": 1}}, {"type": "Feature", "geometry": {"type": "Point", "coordinates": [5.5, 55.0]}, "properties": {"value": 10.628, "time": "2025-12-07T01:00:00", "date": "2025-12-07", "hour": 1}}, {"type": "Feature", "geometry": {"type": "Point", "coordinates": [5.75, 55.0]}, "properties": {"value": 10.621, "time": "2025-12-07T01:00:00", "date": "2025-12-07", "hour": 1}}, {"type": "Feature", "geometry": {"type": "Point", "coordinates": [6.0, 55.0]}, "properties": {"value": 10.575, "time": "2025-12-07T01:00:00", "date": "2025-12-07", "hour": 1}}, {"type": "Feature", "geometry": {"type": "Point", "coordinates": [6.25, 55.0]}, "properties": {"value": 10.524, "time": "2025-12-07T01:00:00", "date": "2025-12-07", "hour": 1}}, {"type": "Feature", "geometry": {"type": "Point", "coordinates": [6.5, 55.0]}, "properties": {"value": 10.459, "time": "2025-12-07T01:00:00", "date": "2025-12-07", "hour": 1}}, {"type": "Feature", "geometry": {"type": "Point", "coordinates": [6.75, 55.0]}, "properties": {"value": 10.262, "time": "2025-12-07T01:00:00", "date": "2025-12-07", "hour": 1}}, {"type": "Feature", "geometry": {"type": "Point", "coordinates": [7.0, 55.0]}, "properties": {"value": 10.023, "time": "2025-12-07T01:00:00", "date": "2025-12-07", "hour": 1}}, {"type": "Feature", "geometry": {"type": "Point", "coordinates": [7.25, 55.0]}, "properties": {"value": 9.816, "time": "2025-12-07T01:00:00", "date": "2025-12-07", "hour": 1}}, {"type": "Feature", "geometry": {"type": "Point", "coordinates": [7.5, 55.0]}, "properties": {"value": 9.605, "time": "2025-12-07T01:00:00", "date": "2025-12-07", "hour": 1}}, {"type": "Feature", "geometry": {"type": "Point", "coordinates": [7.75, 55.0]}, "properties": {"value": 8.652, "time": "2025-12-07T01:00:00", "date": "2025-12-07", "hour": 1}}, {"type": "Feature", "geometry": {"type": "Point", "coordinates": [8.0, 55.0]}, "properties": {"value": 7.711, "time": "2025-12-07T01:00:00", "date": "2025-12-07", "hour": 1}}, {"type": "Feature", "geometry": {"type": "Point", "coordinates": [8.25, 55.0]}, "properties": {"value": 6.254, "time": "2025-12-07T01:00:00", "date": "2025-12-07", "hour": 1}}, {"type": "Feature", "geometry": {"type": "Point", "coordinates": [8.5, 55.0]}, "properties": {"value": 5.184, "time": "2025-12-07T01:00:00", "date": "2025-12-07", "hour": 1}}, {"type": "Feature", "geometry": {"type": "Point", "coordinates": [10.25, 55.0]}, "properties": {"value": 5.238, "time": "2025-12-07T01:00:00", "date": "2025-12-07", "hour": 1}}, {"type": "Feature", "geometry": {"type": "Point", "coordinates": [10.5, 55.0]}, "properties": {"value": 5.455, "time": "2025-12-07T01:00:00", "date": "2025-12-07", "hour": 1}}, {"type": "Feature", "geometry": {"type": "Point", "coordinates": [10.75, 55.0]}, "properties": {"value": 5.668, "time": "2025-12-07T01:00:00", "date": "2025-12-07", "hour": 1}}, {"type": "Feature", "geometry": {"type": "Point", "coordinates": [11.0, 55.0]}, "properties": {"value": 5.631, "time": "2025-12-07T01:00:00", "date": "2025-12-07", "hour": 1}}, {"type": "Feature", "geometry": {"type": "Point", "coordinates": [11.25, 55.0]}, "properties": {"value": 5.641, "time": "2025-12-07T01:00:00", "date": "2025-12-07", "hour": 1}}, {"type": "Feature", "geometry": {"type": "Point", "coordinates": [11.5, 55.0]}, "properties": {"value": 5.463, "time": "2025-12-07T01:00:00", "date": "2025-12-07", "hour": 1}}, {"type": "Feature", "geometry": {"type": "Point", "coordinates": [11.75, 55.0]}, "properties": {"value": 5.352, "time": "2025-12-07T01:00:00", "date": "2025-12-07", "hour": 1}}, {"type": "Feature", "geometry": {"type": "Point", "coordinates": [12.0, 55.0]}, "properties": {"value": 5.536, "time": "2025-12-07T01:00:00", "date": "2025-12-07", "hour": 1}}, {"type": "Feature", "geometry": {"type": "Point", "coordinates": [12.25, 55.0]}, "properties": {"value": 5.914, "time": "2025-12-07T01:00:00", "date": "2025-12-07", "hour": 1}}, {"type": "Feature", "geometry": {"type": "Point", "coordinates": [12.5, 55.0]}, "properties": {"value": 6.672, "time": "2025-12-07T01:00:00", "date": "2025-12-07", "hour": 1}}, {"type": "Feature", "geometry": {"type": "Point", "coordinates": [12.75, 55.0]}, "properties": {"value": 6.882, "time": "2025-12-07T01:00:00", "date": "2025-12-07", "hour": 1}}, {"type": "Feature", "geometry": {"type": "Point", "coordinates": [13.0, 55.0]}, "properties": {"value": 7.134, "time": "2025-12-07T01:00:00", "date": "2025-12-07", "hour": 1}}, {"type": "Feature", "geometry": {"type": "Point", "coordinates": [13.25, 55.0]}, "properties": {"value": 7.271, "time": "2025-12-07T01:00:00", "date": "2025-12-07", "hour": 1}}, {"type": "Feature", "geometry": {"type": "Point", "coordinates": [13.5, 55.0]}, "properties": {"value": 7.294, "time": "2025-12-07T01:00:00", "date": "2025-12-07", "hour": 1}}, {"type": "Feature", "geometry": {"type": "Point", "coordinates": [13.75, 55.0]}, "properties": {"value": 7.401, "time": "2025-12-07T01:00:00", "date": "2025-12-07", "hour": 1}}, {"type": "Feature", "geometry": {"type": "Point", "coordinates": [14.0, 55.0]}, "properties": {"value": 7.335, "time": "2025-12-07T01:00:00", "date": "2025-12-07", "hour": 1}}, {"type": "Feature", "geometry": {"type": "Point", "coordinates": [14.25, 55.0]}, "properties": {"value": 7.27, "time": "2025-12-07T01:00:00", "date": "2025-12-07", "hour": 1}}, {"type": "Feature", "geometry": {"type": "Point", "coordinates": [14.5, 55.0]}, "properties": {"value": 7.175, "time": "2025-12-07T01:00:00", "date": "2025-12-07", "hour": 1}}, {"type": "Feature", "geometry": {"type": "Point", "coordinates": [14.75, 55.0]}, "properties": {"value": 7.097, "time": "2025-12-07T01:00:00", "date": "2025-12-07", "hour": 1}}, {"type": "Feature", "geometry": {"type": "Point", "coordinates": [15.0, 55.0]}, "properties": {"value": 6.994, "time": "2025-12-07T01:00:00", "date": "2025-12-07", "hour": 1}}, {"type": "Feature", "geometry": {"type": "Point", "coordinates": [5.25, 52.75]}, "properties": {"value": 6.147, "time": "2025-12-07T02:00:00", "date": "2025-12-07", "hour": 2}}, {"type": "Feature", "geometry": {"type": "Point", "coordinates": [5.5, 52.75]}, "properties": {"value": 6.16, "time": "2025-12-07T02:00:00", "date": "2025-12-07", "hour": 2}}, {"type": "Feature", "geometry": {"type": "Point", "coordinates": [5.0, 53.0]}, "properties": {"value": 7.171, "time": "2025-12-07T02:00:00", "date": "2025-12-07", "hour": 2}}, {"type": "Feature", "geometry": {"type": "Point", "coordinates": [5.25, 53.0]}, "properties": {"value": 6.439, "time": "2025-12-07T02:00:00", "date": "2025-12-07", "hour": 2}}, {"type": "Feature", "geometry": {"type": "Point", "coordinates": [5.5, 53.0]}, "properties": {"value": 5.924, "time": "2025-12-07T02:00:00", "date": "2025-12-07", "hour": 2}}, {"type": "Feature", "geometry": {"type": "Point", "coordinates": [5.0, 53.25]}, "properties": {"value": 7.865, "time": "2025-12-07T02:00:00", "date": "2025-12-07", "hour": 2}}, {"type": "Feature", "geometry": {"type": "Point", "coordinates": [5.25, 53.25]}, "properties": {"value": 6.932, "time": "2025-12-07T02:00:00", "date": "2025-12-07", "hour": 2}}, {"type": "Feature", "geometry": {"type": "Point", "coordinates": [5.5, 53.25]}, "properties": {"value": 6.369, "time": "2025-12-07T02:00:00", "date": "2025-12-07", "hour": 2}}, {"type": "Feature", "geometry": {"type": "Point", "coordinates": [5.0, 53.5]}, "properties": {"value": 9.501, "time": "2025-12-07T02:00:00", "date": "2025-12-07", "hour": 2}}, {"type": "Feature", "geometry": {"type": "Point", "coordinates": [5.25, 53.5]}, "properties": {"value": 8.861, "time": "2025-12-07T02:00:00", "date": "2025-12-07", "hour": 2}}, {"type": "Feature", "geometry": {"type": "Point", "coordinates": [5.5, 53.5]}, "properties": {"value": 8.653, "time": "2025-12-07T02:00:00", "date": "2025-12-07", "hour": 2}}, {"type": "Feature", "geometry": {"type": "Point", "coordinates": [5.75, 53.5]}, "properties": {"value": 8.293, "time": "2025-12-07T02:00:00", "date": "2025-12-07", "hour": 2}}, {"type": "Feature", "geometry": {"type": "Point", "coordinates": [6.0, 53.5]}, "properties": {"value": 7.801, "time": "2025-12-07T02:00:00", "date": "2025-12-07", "hour": 2}}, {"type": "Feature", "geometry": {"type": "Point", "coordinates": [6.25, 53.5]}, "properties": {"value": 7.239, "time": "2025-12-07T02:00:00", "date": "2025-12-07", "hour": 2}}, {"type": "Feature", "geometry": {"type": "Point", "coordinates": [6.5, 53.5]}, "properties": {"value": 6.941, "time": "2025-12-07T02:00:00", "date": "2025-12-07", "hour": 2}}, {"type": "Feature", "geometry": {"type": "Point", "coordinates": [6.75, 53.5]}, "properties": {"value": 6.41, "time": "2025-12-07T02:00:00", "date": "2025-12-07", "hour": 2}}, {"type": "Feature", "geometry": {"type": "Point", "coordinates": [5.0, 53.75]}, "properties": {"value": 10.179, "time": "2025-12-07T02:00:00", "date": "2025-12-07", "hour": 2}}, {"type": "Feature", "geometry": {"type": "Point", "coordinates": [5.25, 53.75]}, "properties": {"value": 9.873, "time": "2025-12-07T02:00:00", "date": "2025-12-07", "hour": 2}}, {"type": "Feature", "geometry": {"type": "Point", "coordinates": [5.5, 53.75]}, "properties": {"value": 9.645, "time": "2025-12-07T02:00:00", "date": "2025-12-07", "hour": 2}}, {"type": "Feature", "geometry": {"type": "Point", "coordinates": [5.75, 53.75]}, "properties": {"value": 9.381, "time": "2025-12-07T02:00:00", "date": "2025-12-07", "hour": 2}}, {"type": "Feature", "geometry": {"type": "Point", "coordinates": [6.0, 53.75]}, "properties": {"value": 8.995, "time": "2025-12-07T02:00:00", "date": "2025-12-07", "hour": 2}}, {"type": "Feature", "geometry": {"type": "Point", "coordinates": [6.25, 53.75]}, "properties": {"value": 8.739, "time": "2025-12-07T02:00:00", "date": "2025-12-07", "hour": 2}}, {"type": "Feature", "geometry": {"type": "Point", "coordinates": [6.5, 53.75]}, "properties": {"value": 8.275, "time": "2025-12-07T02:00:00", "date": "2025-12-07", "hour": 2}}, {"type": "Feature", "geometry": {"type": "Point", "coordinates": [6.75, 53.75]}, "properties": {"value": 7.785, "time": "2025-12-07T02:00:00", "date": "2025-12-07", "hour": 2}}, {"type": "Feature", "geometry": {"type": "Point", "coordinates": [7.0, 53.75]}, "properties": {"value": 7.909, "time": "2025-12-07T02:00:00", "date": "2025-12-07", "hour": 2}}, {"type": "Feature", "geometry": {"type": "Point", "coordinates": [7.25, 53.75]}, "properties": {"value": 7.525, "time": "2025-12-07T02:00:00", "date": "2025-12-07", "hour": 2}}, {"type": "Feature", "geometry": {"type": "Point", "coordinates": [7.5, 53.75]}, "properties": {"value": 7.782, "time": "2025-12-07T02:00:00", "date": "2025-12-07", "hour": 2}}, {"type": "Feature", "geometry": {"type": "Point", "coordinates": [7.75, 53.75]}, "properties": {"value": 7.825, "time": "2025-12-07T02:00:00", "date": "2025-12-07", "hour": 2}}, {"type": "Feature", "geometry": {"type": "Point", "coordinates": [8.0, 53.75]}, "properties": {"value": 7.579, "time": "2025-12-07T02:00:00", "date": "2025-12-07", "hour": 2}}, {"type": "Feature", "geometry": {"type": "Point", "coordinates": [8.25, 53.75]}, "properties": {"value": 6.981, "time": "2025-12-07T02:00:00", "date": "2025-12-07", "hour": 2}}, {"type": "Feature", "geometry": {"type": "Point", "coordinates": [8.5, 53.75]}, "properties": {"value": 6.347, "time": "2025-12-07T02:00:00", "date": "2025-12-07", "hour": 2}}, {"type": "Feature", "geometry": {"type": "Point", "coordinates": [8.75, 53.75]}, "properties": {"value": 6.347, "time": "2025-12-07T02:00:00", "date": "2025-12-07", "hour": 2}}, {"type": "Feature", "geometry": {"type": "Point", "coordinates": [14.25, 53.75]}, "properties": {"value": 2.389, "time": "2025-12-07T02:00:00", "date": "2025-12-07", "hour": 2}}, {"type": "Feature", "geometry": {"type": "Point", "coordinates": [14.5, 53.75]}, "properties": {"value": 2.389, "time": "2025-12-07T02:00:00", "date": "2025-12-07", "hour": 2}}, {"type": "Feature", "geometry": {"type": "Point", "coordinates": [5.0, 54.0]}, "properties": {"value": 10.438, "time": "2025-12-07T02:00:00", "date": "2025-12-07", "hour": 2}}, {"type": "Feature", "geometry": {"type": "Point", "coordinates": [5.25, 54.0]}, "properties": {"value": 10.368, "time": "2025-12-07T02:00:00", "date": "2025-12-07", "hour": 2}}, {"type": "Feature", "geometry": {"type": "Point", "coordinates": [5.5, 54.0]}, "properties": {"value": 10.141, "time": "2025-12-07T02:00:00", "date": "2025-12-07", "hour": 2}}, {"type": "Feature", "geometry": {"type": "Point", "coordinates": [5.75, 54.0]}, "properties": {"value": 9.927, "time": "2025-12-07T02:00:00", "date": "2025-12-07", "hour": 2}}, {"type": "Feature", "geometry": {"type": "Point", "coordinates": [6.0, 54.0]}, "properties": {"value": 9.776, "time": "2025-12-07T02:00:00", "date": "2025-12-07", "hour": 2}}, {"type": "Feature", "geometry": {"type": "Point", "coordinates": [6.25, 54.0]}, "properties": {"value": 9.597, "time": "2025-12-07T02:00:00", "date": "2025-12-07", "hour": 2}}, {"type": "Feature", "geometry": {"type": "Point", "coordinates": [6.5, 54.0]}, "properties": {"value": 9.186, "time": "2025-12-07T02:00:00", "date": "2025-12-07", "hour": 2}}, {"type": "Feature", "geometry": {"type": "Point", "coordinates": [6.75, 54.0]}, "properties": {"value": 8.976, "time": "2025-12-07T02:00:00", "date": "2025-12-07", "hour": 2}}, {"type": "Feature", "geometry": {"type": "Point", "coordinates": [7.0, 54.0]}, "properties": {"value": 8.887, "time": "2025-12-07T02:00:00", "date": "2025-12-07", "hour": 2}}, {"type": "Feature", "geometry": {"type": "Point", "coordinates": [7.25, 54.0]}, "properties": {"value": 8.651, "time": "2025-12-07T02:00:00", "date": "2025-12-07", "hour": 2}}, {"type": "Feature", "geometry": {"type": "Point", "coordinates": [7.5, 54.0]}, "properties": {"value": 8.716, "time": "2025-12-07T02:00:00", "date": "2025-12-07", "hour": 2}}, {"type": "Feature", "geometry": {"type": "Point", "coordinates": [7.75, 54.0]}, "properties": {"value": 8.667, "time": "2025-12-07T02:00:00", "date": "2025-12-07", "hour": 2}}, {"type": "Feature", "geometry": {"type": "Point", "coordinates": [8.0, 54.0]}, "properties": {"value": 8.566, "time": "2025-12-07T02:00:00", "date": "2025-12-07", "hour": 2}}, {"type": "Feature", "geometry": {"type": "Point", "coordinates": [8.25, 54.0]}, "properties": {"value": 8.113, "time": "2025-12-07T02:00:00", "date": "2025-12-07", "hour": 2}}, {"type": "Feature", "geometry": {"type": "Point", "coordinates": [8.5, 54.0]}, "properties": {"value": 6.776, "time": "2025-12-07T02:00:00", "date": "2025-12-07", "hour": 2}}, {"type": "Feature", "geometry": {"type": "Point", "coordinates": [11.25, 54.0]}, "properties": {"value": 5.168, "time": "2025-12-07T02:00:00", "date": "2025-12-07", "hour": 2}}, {"type": "Feature", "geometry": {"type": "Point", "coordinates": [14.0, 54.0]}, "properties": {"value": 3.979, "time": "2025-12-07T02:00:00", "date": "2025-12-07", "hour": 2}}, {"type": "Feature", "geometry": {"type": "Point", "coordinates": [14.25, 54.0]}, "properties": {"value": 4.777, "time": "2025-12-07T02:00:00", "date": "2025-12-07", "hour": 2}}, {"type": "Feature", "geometry": {"type": "Point", "coordinates": [14.5, 54.0]}, "properties": {"value": 4.438, "time": "2025-12-07T02:00:00", "date": "2025-12-07", "hour": 2}}, {"type": "Feature", "geometry": {"type": "Point", "coordinates": [14.75, 54.0]}, "properties": {"value": 4.948, "time": "2025-12-07T02:00:00", "date": "2025-12-07", "hour": 2}}, {"type": "Feature", "geometry": {"type": "Point", "coordinates": [5.0, 54.25]}, "properties": {"value": 10.514, "time": "2025-12-07T02:00:00", "date": "2025-12-07", "hour": 2}}, {"type": "Feature", "geometry": {"type": "Point", "coordinates": [5.25, 54.25]}, "properties": {"value": 10.461, "time": "2025-12-07T02:00:00", "date": "2025-12-07", "hour": 2}}, {"type": "Feature", "geometry": {"type": "Point", "coordinates": [5.5, 54.25]}, "properties": {"value": 10.37, "time": "2025-12-07T02:00:00", "date": "2025-12-07", "hour": 2}}, {"type": "Feature", "geometry": {"type": "Point", "coordinates": [5.75, 54.25]}, "properties": {"value": 10.193, "time": "2025-12-07T02:00:00", "date": "2025-12-07", "hour": 2}}, {"type": "Feature", "geometry": {"type": "Point", "coordinates": [6.0, 54.25]}, "properties": {"value": 10.126, "time": "2025-12-07T02:00:00", "date": "2025-12-07", "hour": 2}}, {"type": "Feature", "geometry": {"type": "Point", "coordinates": [6.25, 54.25]}, "properties": {"value": 10.002, "time": "2025-12-07T02:00:00", "date": "2025-12-07", "hour": 2}}, {"type": "Feature", "geometry": {"type": "Point", "coordinates": [6.5, 54.25]}, "properties": {"value": 9.844, "time": "2025-12-07T02:00:00", "date": "2025-12-07", "hour": 2}}, {"type": "Feature", "geometry": {"type": "Point", "coordinates": [6.75, 54.25]}, "properties": {"value": 9.685, "time": "2025-12-07T02:00:00", "date": "2025-12-07", "hour": 2}}, {"type": "Feature", "geometry": {"type": "Point", "coordinates": [7.0, 54.25]}, "properties": {"value": 9.6, "time": "2025-12-07T02:00:00", "date": "2025-12-07", "hour": 2}}, {"type": "Feature", "geometry": {"type": "Point", "coordinates": [7.25, 54.25]}, "properties": {"value": 9.517, "time": "2025-12-07T02:00:00", "date": "2025-12-07", "hour": 2}}, {"type": "Feature", "geometry": {"type": "Point", "coordinates": [7.5, 54.25]}, "properties": {"value": 9.463, "time": "2025-12-07T02:00:00", "date": "2025-12-07", "hour": 2}}, {"type": "Feature", "geometry": {"type": "Point", "coordinates": [7.75, 54.25]}, "properties": {"value": 9.033, "time": "2025-12-07T02:00:00", "date": "2025-12-07", "hour": 2}}, {"type": "Feature", "geometry": {"type": "Point", "coordinates": [8.0, 54.25]}, "properties": {"value": 8.815, "time": "2025-12-07T02:00:00", "date": "2025-12-07", "hour": 2}}, {"type": "Feature", "geometry": {"type": "Point", "coordinates": [8.25, 54.25]}, "properties": {"value": 7.76, "time": "2025-12-07T02:00:00", "date": "2025-12-07", "hour": 2}}, {"type": "Feature", "geometry": {"type": "Point", "coordinates": [8.5, 54.25]}, "properties": {"value": 6.486, "time": "2025-12-07T02:00:00", "date": "2025-12-07", "hour": 2}}, {"type": "Feature", "geometry": {"type": "Point", "coordinates": [10.75, 54.25]}, "properties": {"value": 5.775, "time": "2025-12-07T02:00:00", "date": "2025-12-07", "hour": 2}}, {"type": "Feature", "geometry": {"type": "Point", "coordinates": [11.25, 54.25]}, "properties": {"value": 5.602, "time": "2025-12-07T02:00:00", "date": "2025-12-07", "hour": 2}}, {"type": "Feature", "geometry": {"type": "Point", "coordinates": [11.75, 54.25]}, "properties": {"value": 6.159, "time": "2025-12-07T02:00:00", "date": "2025-12-07", "hour": 2}}, {"type": "Feature", "geometry": {"type": "Point", "coordinates": [12.25, 54.25]}, "properties": {"value": 6.117, "time": "2025-12-07T02:00:00", "date": "2025-12-07", "hour": 2}}, {"type": "Feature", "geometry": {"type": "Point", "coordinates": [13.75, 54.25]}, "properties": {"value": 4.522, "time": "2025-12-07T02:00:00", "date": "2025-12-07", "hour": 2}}, {"type": "Feature", "geometry": {"type": "Point", "coordinates": [14.0, 54.25]}, "properties": {"value": 4.784, "time": "2025-12-07T02:00:00", "date": "2025-12-07", "hour": 2}}, {"type": "Feature", "geometry": {"type": "Point", "coordinates": [14.25, 54.25]}, "properties": {"value": 5.295, "time": "2025-12-07T02:00:00", "date": "2025-12-07", "hour": 2}}, {"type": "Feature", "geometry": {"type": "Point", "coordinates": [14.5, 54.25]}, "properties": {"value": 5.434, "time": "2025-12-07T02:00:00", "date": "2025-12-07", "hour": 2}}, {"type": "Feature", "geometry": {"type": "Point", "coordinates": [14.75, 54.25]}, "properties": {"value": 5.709, "time": "2025-12-07T02:00:00", "date": "2025-12-07", "hour": 2}}, {"type": "Feature", "geometry": {"type": "Point", "coordinates": [15.0, 54.25]}, "properties": {"value": 6.474, "time": "2025-12-07T02:00:00", "date": "2025-12-07", "hour": 2}}, {"type": "Feature", "geometry": {"type": "Point", "coordinates": [5.0, 54.5]}, "properties": {"value": 10.537, "time": "2025-12-07T02:00:00", "date": "2025-12-07", "hour": 2}}, {"type": "Feature", "geometry": {"type": "Point", "coordinates": [5.25, 54.5]}, "properties": {"value": 10.545, "time": "2025-12-07T02:00:00", "date": "2025-12-07", "hour": 2}}, {"type": "Feature", "geometry": {"type": "Point", "coordinates": [5.5, 54.5]}, "properties": {"value": 10.5, "time": "2025-12-07T02:00:00", "date": "2025-12-07", "hour": 2}}, {"type": "Feature", "geometry": {"type": "Point", "coordinates": [5.75, 54.5]}, "properties": {"value": 10.423, "time": "2025-12-07T02:00:00", "date": "2025-12-07", "hour": 2}}, {"type": "Feature", "geometry": {"type": "Point", "coordinates": [6.0, 54.5]}, "properties": {"value": 10.375, "time": "2025-12-07T02:00:00", "date": "2025-12-07", "hour": 2}}, {"type": "Feature", "geometry": {"type": "Point", "coordinates": [6.25, 54.5]}, "properties": {"value": 10.318, "time": "2025-12-07T02:00:00", "date": "2025-12-07", "hour": 2}}, {"type": "Feature", "geometry": {"type": "Point", "coordinates": [6.5, 54.5]}, "properties": {"value": 10.188, "time": "2025-12-07T02:00:00", "date": "2025-12-07", "hour": 2}}, {"type": "Feature", "geometry": {"type": "Point", "coordinates": [6.75, 54.5]}, "properties": {"value": 10.09, "time": "2025-12-07T02:00:00", "date": "2025-12-07", "hour": 2}}, {"type": "Feature", "geometry": {"type": "Point", "coordinates": [7.0, 54.5]}, "properties": {"value": 9.96, "time": "2025-12-07T02:00:00", "date": "2025-12-07", "hour": 2}}, {"type": "Feature", "geometry": {"type": "Point", "coordinates": [7.25, 54.5]}, "properties": {"value": 9.758, "time": "2025-12-07T02:00:00", "date": "2025-12-07", "hour": 2}}, {"type": "Feature", "geometry": {"type": "Point", "coordinates": [7.5, 54.5]}, "properties": {"value": 9.68, "time": "2025-12-07T02:00:00", "date": "2025-12-07", "hour": 2}}, {"type": "Feature", "geometry": {"type": "Point", "coordinates": [7.75, 54.5]}, "properties": {"value": 9.1, "time": "2025-12-07T02:00:00", "date": "2025-12-07", "hour": 2}}, {"type": "Feature", "geometry": {"type": "Point", "coordinates": [8.0, 54.5]}, "properties": {"value": 7.947, "time": "2025-12-07T02:00:00", "date": "2025-12-07", "hour": 2}}, {"type": "Feature", "geometry": {"type": "Point", "coordinates": [8.25, 54.5]}, "properties": {"value": 6.944, "time": "2025-12-07T02:00:00", "date": "2025-12-07", "hour": 2}}, {"type": "Feature", "geometry": {"type": "Point", "coordinates": [8.5, 54.5]}, "properties": {"value": 6.008, "time": "2025-12-07T02:00:00", "date": "2025-12-07", "hour": 2}}, {"type": "Feature", "geometry": {"type": "Point", "coordinates": [10.5, 54.5]}, "properties": {"value": 5.923, "time": "2025-12-07T02:00:00", "date": "2025-12-07", "hour": 2}}, {"type": "Feature", "geometry": {"type": "Point", "coordinates": [10.75, 54.5]}, "properties": {"value": 5.939, "time": "2025-12-07T02:00:00", "date": "2025-12-07", "hour": 2}}, {"type": "Feature", "geometry": {"type": "Point", "coordinates": [11.0, 54.5]}, "properties": {"value": 5.803, "time": "2025-12-07T02:00:00", "date": "2025-12-07", "hour": 2}}, {"type": "Feature", "geometry": {"type": "Point", "coordinates": [11.25, 54.5]}, "properties": {"value": 5.907, "time": "2025-12-07T02:00:00", "date": "2025-12-07", "hour": 2}}, {"type": "Feature", "geometry": {"type": "Point", "coordinates": [11.5, 54.5]}, "properties": {"value": 6.007, "time": "2025-12-07T02:00:00", "date": "2025-12-07", "hour": 2}}, {"type": "Feature", "geometry": {"type": "Point", "coordinates": [11.75, 54.5]}, "properties": {"value": 6.186, "time": "2025-12-07T02:00:00", "date": "2025-12-07", "hour": 2}}, {"type": "Feature", "geometry": {"type": "Point", "coordinates": [12.0, 54.5]}, "properties": {"value": 6.258, "time": "2025-12-07T02:00:00", "date": "2025-12-07", "hour": 2}}, {"type": "Feature", "geometry": {"type": "Point", "coordinates": [12.25, 54.5]}, "properties": {"value": 6.26, "time": "2025-12-07T02:00:00", "date": "2025-12-07", "hour": 2}}, {"type": "Feature", "geometry": {"type": "Point", "coordinates": [13.0, 54.5]}, "properties": {"value": 6.794, "time": "2025-12-07T02:00:00", "date": "2025-12-07", "hour": 2}}, {"type": "Feature", "geometry": {"type": "Point", "coordinates": [13.25, 54.5]}, "properties": {"value": 6.152, "time": "2025-12-07T02:00:00", "date": "2025-12-07", "hour": 2}}, {"type": "Feature", "geometry": {"type": "Point", "coordinates": [13.5, 54.5]}, "properties": {"value": 5.82, "time": "2025-12-07T02:00:00", "date": "2025-12-07", "hour": 2}}, {"type": "Feature", "geometry": {"type": "Point", "coordinates": [13.75, 54.5]}, "properties": {"value": 5.728, "time": "2025-12-07T02:00:00", "date": "2025-12-07", "hour": 2}}, {"type": "Feature", "geometry": {"type": "Point", "coordinates": [14.0, 54.5]}, "properties": {"value": 5.939, "time": "2025-12-07T02:00:00", "date": "2025-12-07", "hour": 2}}, {"type": "Feature", "geometry": {"type": "Point", "coordinates": [14.25, 54.5]}, "properties": {"value": 6.117, "time": "2025-12-07T02:00:00", "date": "2025-12-07", "hour": 2}}, {"type": "Feature", "geometry": {"type": "Point", "coordinates": [14.5, 54.5]}, "properties": {"value": 6.426, "time": "2025-12-07T02:00:00", "date": "2025-12-07", "hour": 2}}, {"type": "Feature", "geometry": {"type": "Point", "coordinates": [14.75, 54.5]}, "properties": {"value": 6.671, "time": "2025-12-07T02:00:00", "date": "2025-12-07", "hour": 2}}, {"type": "Feature", "geometry": {"type": "Point", "coordinates": [15.0, 54.5]}, "properties": {"value": 7.412, "time": "2025-12-07T02:00:00", "date": "2025-12-07", "hour": 2}}, {"type": "Feature", "geometry": {"type": "Point", "coordinates": [5.0, 54.75]}, "properties": {"value": 10.535, "time": "2025-12-07T02:00:00", "date": "2025-12-07", "hour": 2}}, {"type": "Feature", "geometry": {"type": "Point", "coordinates": [5.25, 54.75]}, "properties": {"value": 10.543, "time": "2025-12-07T02:00:00", "date": "2025-12-07", "hour": 2}}, {"type": "Feature", "geometry": {"type": "Point", "coordinates": [5.5, 54.75]}, "properties": {"value": 10.564, "time": "2025-12-07T02:00:00", "date": "2025-12-07", "hour": 2}}, {"type": "Feature", "geometry": {"type": "Point", "coordinates": [5.75, 54.75]}, "properties": {"value": 10.557, "time": "2025-12-07T02:00:00", "date": "2025-12-07", "hour": 2}}, {"type": "Feature", "geometry": {"type": "Point", "coordinates": [6.0, 54.75]}, "properties": {"value": 10.525, "time": "2025-12-07T02:00:00", "date": "2025-12-07", "hour": 2}}, {"type": "Feature", "geometry": {"type": "Point", "coordinates": [6.25, 54.75]}, "properties": {"value": 10.467, "time": "2025-12-07T02:00:00", "date": "2025-12-07", "hour": 2}}, {"type": "Feature", "geometry": {"type": "Point", "coordinates": [6.5, 54.75]}, "properties": {"value": 10.396, "time": "2025-12-07T02:00:00", "date": "2025-12-07", "hour": 2}}, {"type": "Feature", "geometry": {"type": "Point", "coordinates": [6.75, 54.75]}, "properties": {"value": 10.212, "time": "2025-12-07T02:00:00", "date": "2025-12-07", "hour": 2}}, {"type": "Feature", "geometry": {"type": "Point", "coordinates": [7.0, 54.75]}, "properties": {"value": 10.06, "time": "2025-12-07T02:00:00", "date": "2025-12-07", "hour": 2}}, {"type": "Feature", "geometry": {"type": "Point", "coordinates": [7.25, 54.75]}, "properties": {"value": 9.85, "time": "2025-12-07T02:00:00", "date": "2025-12-07", "hour": 2}}, {"type": "Feature", "geometry": {"type": "Point", "coordinates": [7.5, 54.75]}, "properties": {"value": 9.634, "time": "2025-12-07T02:00:00", "date": "2025-12-07", "hour": 2}}, {"type": "Feature", "geometry": {"type": "Point", "coordinates": [7.75, 54.75]}, "properties": {"value": 8.565, "time": "2025-12-07T02:00:00", "date": "2025-12-07", "hour": 2}}, {"type": "Feature", "geometry": {"type": "Point", "coordinates": [8.0, 54.75]}, "properties": {"value": 7.371, "time": "2025-12-07T02:00:00", "date": "2025-12-07", "hour": 2}}, {"type": "Feature", "geometry": {"type": "Point", "coordinates": [8.25, 54.75]}, "properties": {"value": 6.455, "time": "2025-12-07T02:00:00", "date": "2025-12-07", "hour": 2}}, {"type": "Feature", "geometry": {"type": "Point", "coordinates": [8.5, 54.75]}, "properties": {"value": 5.504, "time": "2025-12-07T02:00:00", "date": "2025-12-07", "hour": 2}}, {"type": "Feature", "geometry": {"type": "Point", "coordinates": [10.25, 54.75]}, "properties": {"value": 5.886, "time": "2025-12-07T02:00:00", "date": "2025-12-07", "hour": 2}}, {"type": "Feature", "geometry": {"type": "Point", "coordinates": [10.5, 54.75]}, "properties": {"value": 5.945, "time": "2025-12-07T02:00:00", "date": "2025-12-07", "hour": 2}}, {"type": "Feature", "geometry": {"type": "Point", "coordinates": [10.75, 54.75]}, "properties": {"value": 6.005, "time": "2025-12-07T02:00:00", "date": "2025-12-07", "hour": 2}}, {"type": "Feature", "geometry": {"type": "Point", "coordinates": [11.0, 54.75]}, "properties": {"value": 5.849, "time": "2025-12-07T02:00:00", "date": "2025-12-07", "hour": 2}}, {"type": "Feature", "geometry": {"type": "Point", "coordinates": [11.25, 54.75]}, "properties": {"value": 5.778, "time": "2025-12-07T02:00:00", "date": "2025-12-07", "hour": 2}}, {"type": "Feature", "geometry": {"type": "Point", "coordinates": [11.5, 54.75]}, "properties": {"value": 5.631, "time": "2025-12-07T02:00:00", "date": "2025-12-07", "hour": 2}}, {"type": "Feature", "geometry": {"type": "Point", "coordinates": [12.0, 54.75]}, "properties": {"value": 6.04, "time": "2025-12-07T02:00:00", "date": "2025-12-07", "hour": 2}}, {"type": "Feature", "geometry": {"type": "Point", "coordinates": [12.25, 54.75]}, "properties": {"value": 6.34, "time": "2025-12-07T02:00:00", "date": "2025-12-07", "hour": 2}}, {"type": "Feature", "geometry": {"type": "Point", "coordinates": [12.5, 54.75]}, "properties": {"value": 6.741, "time": "2025-12-07T02:00:00", "date": "2025-12-07", "hour": 2}}, {"type": "Feature", "geometry": {"type": "Point", "coordinates": [12.75, 54.75]}, "properties": {"value": 6.892, "time": "2025-12-07T02:00:00", "date": "2025-12-07", "hour": 2}}, {"type": "Feature", "geometry": {"type": "Point", "coordinates": [13.0, 54.75]}, "properties": {"value": 6.836, "time": "2025-12-07T02:00:00", "date": "2025-12-07", "hour": 2}}, {"type": "Feature", "geometry": {"type": "Point", "coordinates": [13.25, 54.75]}, "properties": {"value": 6.974, "time": "2025-12-07T02:00:00", "date": "2025-12-07", "hour": 2}}, {"type": "Feature", "geometry": {"type": "Point", "coordinates": [13.5, 54.75]}, "properties": {"value": 6.945, "time": "2025-12-07T02:00:00", "date": "2025-12-07", "hour": 2}}, {"type": "Feature", "geometry": {"type": "Point", "coordinates": [13.75, 54.75]}, "properties": {"value": 6.854, "time": "2025-12-07T02:00:00", "date": "2025-12-07", "hour": 2}}, {"type": "Feature", "geometry": {"type": "Point", "coordinates": [14.0, 54.75]}, "properties": {"value": 6.747, "time": "2025-12-07T02:00:00", "date": "2025-12-07", "hour": 2}}, {"type": "Feature", "geometry": {"type": "Point", "coordinates": [14.25, 54.75]}, "properties": {"value": 6.752, "time": "2025-12-07T02:00:00", "date": "2025-12-07", "hour": 2}}, {"type": "Feature", "geometry": {"type": "Point", "coordinates": [14.5, 54.75]}, "properties": {"value": 7.137, "time": "2025-12-07T02:00:00", "date": "2025-12-07", "hour": 2}}, {"type": "Feature", "geometry": {"type": "Point", "coordinates": [14.75, 54.75]}, "properties": {"value": 7.339, "time": "2025-12-07T02:00:00", "date": "2025-12-07", "hour": 2}}, {"type": "Feature", "geometry": {"type": "Point", "coordinates": [15.0, 54.75]}, "properties": {"value": 7.349, "time": "2025-12-07T02:00:00", "date": "2025-12-07", "hour": 2}}, {"type": "Feature", "geometry": {"type": "Point", "coordinates": [5.0, 55.0]}, "properties": {"value": 10.501, "time": "2025-12-07T02:00:00", "date": "2025-12-07", "hour": 2}}, {"type": "Feature", "geometry": {"type": "Point", "coordinates": [5.25, 55.0]}, "properties": {"value": 10.594, "time": "2025-12-07T02:00:00", "date": "2025-12-07", "hour": 2}}, {"type": "Feature", "geometry": {"type": "Point", "coordinates": [5.5, 55.0]}, "properties": {"value": 10.628, "time": "2025-12-07T02:00:00", "date": "2025-12-07", "hour": 2}}, {"type": "Feature", "geometry": {"type": "Point", "coordinates": [5.75, 55.0]}, "properties": {"value": 10.621, "time": "2025-12-07T02:00:00", "date": "2025-12-07", "hour": 2}}, {"type": "Feature", "geometry": {"type": "Point", "coordinates": [6.0, 55.0]}, "properties": {"value": 10.575, "time": "2025-12-07T02:00:00", "date": "2025-12-07", "hour": 2}}, {"type": "Feature", "geometry": {"type": "Point", "coordinates": [6.25, 55.0]}, "properties": {"value": 10.524, "time": "2025-12-07T02:00:00", "date": "2025-12-07", "hour": 2}}, {"type": "Feature", "geometry": {"type": "Point", "coordinates": [6.5, 55.0]}, "properties": {"value": 10.459, "time": "2025-12-07T02:00:00", "date": "2025-12-07", "hour": 2}}, {"type": "Feature", "geometry": {"type": "Point", "coordinates": [6.75, 55.0]}, "properties": {"value": 10.262, "time": "2025-12-07T02:00:00", "date": "2025-12-07", "hour": 2}}, {"type": "Feature", "geometry": {"type": "Point", "coordinates": [7.0, 55.0]}, "properties": {"value": 10.023, "time": "2025-12-07T02:00:00", "date": "2025-12-07", "hour": 2}}, {"type": "Feature", "geometry": {"type": "Point", "coordinates": [7.25, 55.0]}, "properties": {"value": 9.816, "time": "2025-12-07T02:00:00", "date": "2025-12-07", "hour": 2}}, {"type": "Feature", "geometry": {"type": "Point", "coordinates": [7.5, 55.0]}, "properties": {"value": 9.605, "time": "2025-12-07T02:00:00", "date": "2025-12-07", "hour": 2}}, {"type": "Feature", "geometry": {"type": "Point", "coordinates": [7.75, 55.0]}, "properties": {"value": 8.652, "time": "2025-12-07T02:00:00", "date": "2025-12-07", "hour": 2}}, {"type": "Feature", "geometry": {"type": "Point", "coordinates": [8.0, 55.0]}, "properties": {"value": 7.711, "time": "2025-12-07T02:00:00", "date": "2025-12-07", "hour": 2}}, {"type": "Feature", "geometry": {"type": "Point", "coordinates": [8.25, 55.0]}, "properties": {"value": 6.254, "time": "2025-12-07T02:00:00", "date": "2025-12-07", "hour": 2}}, {"type": "Feature", "geometry": {"type": "Point", "coordinates": [8.5, 55.0]}, "properties": {"value": 5.184, "time": "2025-12-07T02:00:00", "date": "2025-12-07", "hour": 2}}, {"type": "Feature", "geometry": {"type": "Point", "coordinates": [10.25, 55.0]}, "properties": {"value": 5.238, "time": "2025-12-07T02:00:00", "date": "2025-12-07", "hour": 2}}, {"type": "Feature", "geometry": {"type": "Point", "coordinates": [10.5, 55.0]}, "properties": {"value": 5.455, "time": "2025-12-07T02:00:00", "date": "2025-12-07", "hour": 2}}, {"type": "Feature", "geometry": {"type": "Point", "coordinates": [10.75, 55.0]}, "properties": {"value": 5.668, "time": "2025-12-07T02:00:00", "date": "2025-12-07", "hour": 2}}, {"type": "Feature", "geometry": {"type": "Point", "coordinates": [11.0, 55.0]}, "properties": {"value": 5.631, "time": "2025-12-07T02:00:00", "date": "2025-12-07", "hour": 2}}, {"type": "Feature", "geometry": {"type": "Point", "coordinates": [11.25, 55.0]}, "properties": {"value": 5.641, "time": "2025-12-07T02:00:00", "date": "2025-12-07", "hour": 2}}, {"type": "Feature", "geometry": {"type": "Point", "coordinates": [11.5, 55.0]}, "properties": {"value": 5.463, "time": "2025-12-07T02:00:00", "date": "2025-12-07", "hour": 2}}, {"type": "Feature", "geometry": {"type": "Point", "coordinates": [11.75, 55.0]}, "properties": {"value": 5.352, "time": "2025-12-07T02:00:00", "date": "2025-12-07", "hour": 2}}, {"type": "Feature", "geometry": {"type": "Point", "coordinates": [12.0, 55.0]}, "properties": {"value": 5.536, "time": "2025-12-07T02:00:00", "date": "2025-12-07", "hour": 2}}, {"type": "Feature", "geometry": {"type": "Point", "coordinates": [12.25, 55.0]}, "properties": {"value": 5.914, "time": "2025-12-07T02:00:00", "date": "2025-12-07", "hour": 2}}, {"type": "Feature", "geometry": {"type": "Point", "coordinates": [12.5, 55.0]}, "properties": {"value": 6.672, "time": "2025-12-07T02:00:00", "date": "2025-12-07", "hour": 2}}, {"type": "Feature", "geometry": {"type": "Point", "coordinates": [12.75, 55.0]}, "properties": {"value": 6.882, "time": "2025-12-07T02:00:00", "date": "2025-12-07", "hour": 2}}, {"type": "Feature", "geometry": {"type": "Point", "coordinates": [13.0, 55.0]}, "properties": {"value": 7.134, "time": "2025-12-07T02:00:00", "date": "2025-12-07", "hour": 2}}, {"type": "Feature", "geometry": {"type": "Point", "coordinates": [13.25, 55.0]}, "properties": {"value": 7.271, "time": "2025-12-07T02:00:00", "date": "2025-12-07", "hour": 2}}, {"type": "Feature", "geometry": {"type": "Point", "coordinates": [13.5, 55.0]}, "properties": {"value": 7.294, "time": "2025-12-07T02:00:00", "date": "2025-12-07", "hour": 2}}, {"type": "Feature", "geometry": {"type": "Point", "coordinates": [13.75, 55.0]}, "properties": {"value": 7.401, "time": "2025-12-07T02:00:00", "date": "2025-12-07", "hour": 2}}, {"type": "Feature", "geometry": {"type": "Point", "coordinates": [14.0, 55.0]}, "properties": {"value": 7.335, "time": "2025-12-07T02:00:00", "date": "2025-12-07", "hour": 2}}, {"type": "Feature", "geometry": {"type": "Point", "coordinates": [14.25, 55.0]}, "properties": {"value": 7.27, "time": "2025-12-07T02:00:00", "date": "2025-12-07", "hour": 2}}, {"type": "Feature", "geometry": {"type": "Point", "coordinates": [14.5, 55.0]}, "properties": {"value": 7.175, "time": "2025-12-07T02:00:00", "date": "2025-12-07", "hour": 2}}, {"type": "Feature", "geometry": {"type": "Point", "coordinates": [14.75, 55.0]}, "properties": {"value": 7.097, "time": "2025-12-07T02:00:00", "date": "2025-12-07", "hour": 2}}, {"type": "Feature", "geometry": {"type": "Point", "coordinates": [15.0, 55.0]}, "properties": {"value": 6.994, "time": "2025-12-07T02:00:00", "date": "2025-12-07", "hour": 2}}, {"type": "Feature", "geometry": {"type": "Point", "coordinates": [5.25, 52.75]}, "properties": {"value": 6.147, "time": "2025-12-07T03:00:00", "date": "2025-12-07", "hour": 3}}, {"type": "Feature", "geometry": {"type": "Point", "coordinates": [5.5, 52.75]}, "properties": {"value": 6.16, "time": "2025-12-07T03:00:00", "date": "2025-12-07", "hour": 3}}, {"type": "Feature", "geometry": {"type": "Point", "coordinates": [5.0, 53.0]}, "properties": {"value": 7.171, "time": "2025-12-07T03:00:00", "date": "2025-12-07", "hour": 3}}, {"type": "Feature", "geometry": {"type": "Point", "coordinates": [5.25, 53.0]}, "properties": {"value": 6.439, "time": "2025-12-07T03:00:00", "date": "2025-12-07", "hour": 3}}, {"type": "Feature", "geometry": {"type": "Point", "coordinates": [5.5, 53.0]}, "properties": {"value": 5.924, "time": "2025-12-07T03:00:00", "date": "2025-12-07", "hour": 3}}, {"type": "Feature", "geometry": {"type": "Point", "coordinates": [5.0, 53.25]}, "properties": {"value": 7.865, "time": "2025-12-07T03:00:00", "date": "2025-12-07", "hour": 3}}, {"type": "Feature", "geometry": {"type": "Point", "coordinates": [5.25, 53.25]}, "properties": {"value": 6.932, "time": "2025-12-07T03:00:00", "date": "2025-12-07", "hour": 3}}, {"type": "Feature", "geometry": {"type": "Point", "coordinates": [5.5, 53.25]}, "properties": {"value": 6.369, "time": "2025-12-07T03:00:00", "date": "2025-12-07", "hour": 3}}, {"type": "Feature", "geometry": {"type": "Point", "coordinates": [5.0, 53.5]}, "properties": {"value": 9.501, "time": "2025-12-07T03:00:00", "date": "2025-12-07", "hour": 3}}, {"type": "Feature", "geometry": {"type": "Point", "coordinates": [5.25, 53.5]}, "properties": {"value": 8.861, "time": "2025-12-07T03:00:00", "date": "2025-12-07", "hour": 3}}, {"type": "Feature", "geometry": {"type": "Point", "coordinates": [5.5, 53.5]}, "properties": {"value": 8.653, "time": "2025-12-07T03:00:00", "date": "2025-12-07", "hour": 3}}, {"type": "Feature", "geometry": {"type": "Point", "coordinates": [5.75, 53.5]}, "properties": {"value": 8.293, "time": "2025-12-07T03:00:00", "date": "2025-12-07", "hour": 3}}, {"type": "Feature", "geometry": {"type": "Point", "coordinates": [6.0, 53.5]}, "properties": {"value": 7.801, "time": "2025-12-07T03:00:00", "date": "2025-12-07", "hour": 3}}, {"type": "Feature", "geometry": {"type": "Point", "coordinates": [6.25, 53.5]}, "properties": {"value": 7.239, "time": "2025-12-07T03:00:00", "date": "2025-12-07", "hour": 3}}, {"type": "Feature", "geometry": {"type": "Point", "coordinates": [6.5, 53.5]}, "properties": {"value": 6.941, "time": "2025-12-07T03:00:00", "date": "2025-12-07", "hour": 3}}, {"type": "Feature", "geometry": {"type": "Point", "coordinates": [6.75, 53.5]}, "properties": {"value": 6.41, "time": "2025-12-07T03:00:00", "date": "2025-12-07", "hour": 3}}, {"type": "Feature", "geometry": {"type": "Point", "coordinates": [5.0, 53.75]}, "properties": {"value": 10.179, "time": "2025-12-07T03:00:00", "date": "2025-12-07", "hour": 3}}, {"type": "Feature", "geometry": {"type": "Point", "coordinates": [5.25, 53.75]}, "properties": {"value": 9.873, "time": "2025-12-07T03:00:00", "date": "2025-12-07", "hour": 3}}, {"type": "Feature", "geometry": {"type": "Point", "coordinates": [5.5, 53.75]}, "properties": {"value": 9.645, "time": "2025-12-07T03:00:00", "date": "2025-12-07", "hour": 3}}, {"type": "Feature", "geometry": {"type": "Point", "coordinates": [5.75, 53.75]}, "properties": {"value": 9.381, "time": "2025-12-07T03:00:00", "date": "2025-12-07", "hour": 3}}, {"type": "Feature", "geometry": {"type": "Point", "coordinates": [6.0, 53.75]}, "properties": {"value": 8.995, "time": "2025-12-07T03:00:00", "date": "2025-12-07", "hour": 3}}, {"type": "Feature", "geometry": {"type": "Point", "coordinates": [6.25, 53.75]}, "properties": {"value": 8.739, "time": "2025-12-07T03:00:00", "date": "2025-12-07", "hour": 3}}, {"type": "Feature", "geometry": {"type": "Point", "coordinates": [6.5, 53.75]}, "properties": {"value": 8.275, "time": "2025-12-07T03:00:00", "date": "2025-12-07", "hour": 3}}, {"type": "Feature", "geometry": {"type": "Point", "coordinates": [6.75, 53.75]}, "properties": {"value": 7.785, "time": "2025-12-07T03:00:00", "date": "2025-12-07", "hour": 3}}, {"type": "Feature", "geometry": {"type": "Point", "coordinates": [7.0, 53.75]}, "properties": {"value": 7.909, "time": "2025-12-07T03:00:00", "date": "2025-12-07", "hour": 3}}, {"type": "Feature", "geometry": {"type": "Point", "coordinates": [7.25, 53.75]}, "properties": {"value": 7.525, "time": "2025-12-07T03:00:00", "date": "2025-12-07", "hour": 3}}, {"type": "Feature", "geometry": {"type": "Point", "coordinates": [7.5, 53.75]}, "properties": {"value": 7.782, "time": "2025-12-07T03:00:00", "date": "2025-12-07", "hour": 3}}, {"type": "Feature", "geometry": {"type": "Point", "coordinates": [7.75, 53.75]}, "properties": {"value": 7.825, "time": "2025-12-07T03:00:00", "date": "2025-12-07", "hour": 3}}, {"type": "Feature", "geometry": {"type": "Point", "coordinates": [8.0, 53.75]}, "properties": {"value": 7.579, "time": "2025-12-07T03:00:00", "date": "2025-12-07", "hour": 3}}, {"type": "Feature", "geometry": {"type": "Point", "coordinates": [8.25, 53.75]}, "properties": {"value": 6.981, "time": "2025-12-07T03:00:00", "date": "2025-12-07", "hour": 3}}, {"type": "Feature", "geometry": {"type": "Point", "coordinates": [8.5, 53.75]}, "properties": {"value": 6.347, "time": "2025-12-07T03:00:00", "date": "2025-12-07", "hour": 3}}, {"type": "Feature", "geometry": {"type": "Point", "coordinates": [8.75, 53.75]}, "properties": {"value": 6.347, "time": "2025-12-07T03:00:00", "date": "2025-12-07", "hour": 3}}, {"type": "Feature", "geometry": {"type": "Point", "coordinates": [14.25, 53.75]}, "properties": {"value": 2.389, "time": "2025-12-07T03:00:00", "date": "2025-12-07", "hour": 3}}, {"type": "Feature", "geometry": {"type": "Point", "coordinates": [14.5, 53.75]}, "properties": {"value": 2.389, "time": "2025-12-07T03:00:00", "date": "2025-12-07", "hour": 3}}, {"type": "Feature", "geometry": {"type": "Point", "coordinates": [5.0, 54.0]}, "properties": {"value": 10.438, "time": "2025-12-07T03:00:00", "date": "2025-12-07", "hour": 3}}, {"type": "Feature", "geometry": {"type": "Point", "coordinates": [5.25, 54.0]}, "properties": {"value": 10.368, "time": "2025-12-07T03:00:00", "date": "2025-12-07", "hour": 3}}, {"type": "Feature", "geometry": {"type": "Point", "coordinates": [5.5, 54.0]}, "properties": {"value": 10.141, "time": "2025-12-07T03:00:00", "date": "2025-12-07", "hour": 3}}, {"type": "Feature", "geometry": {"type": "Point", "coordinates": [5.75, 54.0]}, "properties": {"value": 9.927, "time": "2025-12-07T03:00:00", "date": "2025-12-07", "hour": 3}}, {"type": "Feature", "geometry": {"type": "Point", "coordinates": [6.0, 54.0]}, "properties": {"value": 9.776, "time": "2025-12-07T03:00:00", "date": "2025-12-07", "hour": 3}}, {"type": "Feature", "geometry": {"type": "Point", "coordinates": [6.25, 54.0]}, "properties": {"value": 9.597, "time": "2025-12-07T03:00:00", "date": "2025-12-07", "hour": 3}}, {"type": "Feature", "geometry": {"type": "Point", "coordinates": [6.5, 54.0]}, "properties": {"value": 9.186, "time": "2025-12-07T03:00:00", "date": "2025-12-07", "hour": 3}}, {"type": "Feature", "geometry": {"type": "Point", "coordinates": [6.75, 54.0]}, "properties": {"value": 8.976, "time": "2025-12-07T03:00:00", "date": "2025-12-07", "hour": 3}}, {"type": "Feature", "geometry": {"type": "Point", "coordinates": [7.0, 54.0]}, "properties": {"value": 8.887, "time": "2025-12-07T03:00:00", "date": "2025-12-07", "hour": 3}}, {"type": "Feature", "geometry": {"type": "Point", "coordinates": [7.25, 54.0]}, "properties": {"value": 8.651, "time": "2025-12-07T03:00:00", "date": "2025-12-07", "hour": 3}}, {"type": "Feature", "geometry": {"type": "Point", "coordinates": [7.5, 54.0]}, "properties": {"value": 8.716, "time": "2025-12-07T03:00:00", "date": "2025-12-07", "hour": 3}}, {"type": "Feature", "geometry": {"type": "Point", "coordinates": [7.75, 54.0]}, "properties": {"value": 8.667, "time": "2025-12-07T03:00:00", "date": "2025-12-07", "hour": 3}}, {"type": "Feature", "geometry": {"type": "Point", "coordinates": [8.0, 54.0]}, "properties": {"value": 8.566, "time": "2025-12-07T03:00:00", "date": "2025-12-07", "hour": 3}}, {"type": "Feature", "geometry": {"type": "Point", "coordinates": [8.25, 54.0]}, "properties": {"value": 8.113, "time": "2025-12-07T03:00:00", "date": "2025-12-07", "hour": 3}}, {"type": "Feature", "geometry": {"type": "Point", "coordinates": [8.5, 54.0]}, "properties": {"value": 6.776, "time": "2025-12-07T03:00:00", "date": "2025-12-07", "hour": 3}}, {"type": "Feature", "geometry": {"type": "Point", "coordinates": [11.25, 54.0]}, "properties": {"value": 5.168, "time": "2025-12-07T03:00:00", "date": "2025-12-07", "hour": 3}}, {"type": "Feature", "geometry": {"type": "Point", "coordinates": [14.0, 54.0]}, "properties": {"value": 3.979, "time": "2025-12-07T03:00:00", "date": "2025-12-07", "hour": 3}}, {"type": "Feature", "geometry": {"type": "Point", "coordinates": [14.25, 54.0]}, "properties": {"value": 4.777, "time": "2025-12-07T03:00:00", "date": "2025-12-07", "hour": 3}}, {"type": "Feature", "geometry": {"type": "Point", "coordinates": [14.5, 54.0]}, "properties": {"value": 4.438, "time": "2025-12-07T03:00:00", "date": "2025-12-07", "hour": 3}}, {"type": "Feature", "geometry": {"type": "Point", "coordinates": [14.75, 54.0]}, "properties": {"value": 4.948, "time": "2025-12-07T03:00:00", "date": "2025-12-07", "hour": 3}}, {"type": "Feature", "geometry": {"type": "Point", "coordinates": [5.0, 54.25]}, "properties": {"value": 10.514, "time": "2025-12-07T03:00:00", "date": "2025-12-07", "hour": 3}}, {"type": "Feature", "geometry": {"type": "Point", "coordinates": [5.25, 54.25]}, "properties": {"value": 10.461, "time": "2025-12-07T03:00:00", "date": "2025-12-07", "hour": 3}}, {"type": "Feature", "geometry": {"type": "Point", "coordinates": [5.5, 54.25]}, "properties": {"value": 10.37, "time": "2025-12-07T03:00:00", "date": "2025-12-07", "hour": 3}}, {"type": "Feature", "geometry": {"type": "Point", "coordinates": [5.75, 54.25]}, "properties": {"value": 10.193, "time": "2025-12-07T03:00:00", "date": "2025-12-07", "hour": 3}}, {"type": "Feature", "geometry": {"type": "Point", "coordinates": [6.0, 54.25]}, "properties": {"value": 10.126, "time": "2025-12-07T03:00:00", "date": "2025-12-07", "hour": 3}}, {"type": "Feature", "geometry": {"type": "Point", "coordinates": [6.25, 54.25]}, "properties": {"value": 10.002, "time": "2025-12-07T03:00:00", "date": "2025-12-07", "hour": 3}}, {"type": "Feature", "geometry": {"type": "Point", "coordinates": [6.5, 54.25]}, "properties": {"value": 9.844, "time": "2025-12-07T03:00:00", "date": "2025-12-07", "hour": 3}}, {"type": "Feature", "geometry": {"type": "Point", "coordinates": [6.75, 54.25]}, "properties": {"value": 9.685, "time": "2025-12-07T03:00:00", "date": "2025-12-07", "hour": 3}}, {"type": "Feature", "geometry": {"type": "Point", "coordinates": [7.0, 54.25]}, "properties": {"value": 9.6, "time": "2025-12-07T03:00:00", "date": "2025-12-07", "hour": 3}}, {"type": "Feature", "geometry": {"type": "Point", "coordinates": [7.25, 54.25]}, "properties": {"value": 9.517, "time": "2025-12-07T03:00:00", "date": "2025-12-07", "hour": 3}}, {"type": "Feature", "geometry": {"type": "Point", "coordinates": [7.5, 54.25]}, "properties": {"value": 9.463, "time": "2025-12-07T03:00:00", "date": "2025-12-07", "hour": 3}}, {"type": "Feature", "geometry": {"type": "Point", "coordinates": [7.75, 54.25]}, "properties": {"value": 9.033, "time": "2025-12-07T03:00:00", "date": "2025-12-07", "hour": 3}}, {"type": "Feature", "geometry": {"type": "Point", "coordinates": [8.0, 54.25]}, "properties": {"value": 8.815, "time": "2025-12-07T03:00:00", "date": "2025-12-07", "hour": 3}}, {"type": "Feature", "geometry": {"type": "Point", "coordinates": [8.25, 54.25]}, "properties": {"value": 7.76, "time": "2025-12-07T03:00:00", "date": "2025-12-07", "hour": 3}}, {"type": "Feature", "geometry": {"type": "Point", "coordinates": [8.5, 54.25]}, "properties": {"value": 6.486, "time": "2025-12-07T03:00:00", "date": "2025-12-07", "hour": 3}}, {"type": "Feature", "geometry": {"type": "Point", "coordinates": [10.75, 54.25]}, "properties": {"value": 5.775, "time": "2025-12-07T03:00:00", "date": "2025-12-07", "hour": 3}}, {"type": "Feature", "geometry": {"type": "Point", "coordinates": [11.25, 54.25]}, "properties": {"value": 5.602, "time": "2025-12-07T03:00:00", "date": "2025-12-07", "hour": 3}}, {"type": "Feature", "geometry": {"type": "Point", "coordinates": [11.75, 54.25]}, "properties": {"value": 6.159, "time": "2025-12-07T03:00:00", "date": "2025-12-07", "hour": 3}}, {"type": "Feature", "geometry": {"type": "Point", "coordinates": [12.25, 54.25]}, "properties": {"value": 6.117, "time": "2025-12-07T03:00:00", "date": "2025-12-07", "hour": 3}}, {"type": "Feature", "geometry": {"type": "Point", "coordinates": [13.75, 54.25]}, "properties": {"value": 4.522, "time": "2025-12-07T03:00:00", "date": "2025-12-07", "hour": 3}}, {"type": "Feature", "geometry": {"type": "Point", "coordinates": [14.0, 54.25]}, "properties": {"value": 4.784, "time": "2025-12-07T03:00:00", "date": "2025-12-07", "hour": 3}}, {"type": "Feature", "geometry": {"type": "Point", "coordinates": [14.25, 54.25]}, "properties": {"value": 5.295, "time": "2025-12-07T03:00:00", "date": "2025-12-07", "hour": 3}}, {"type": "Feature", "geometry": {"type": "Point", "coordinates": [14.5, 54.25]}, "properties": {"value": 5.434, "time": "2025-12-07T03:00:00", "date": "2025-12-07", "hour": 3}}, {"type": "Feature", "geometry": {"type": "Point", "coordinates": [14.75, 54.25]}, "properties": {"value": 5.709, "time": "2025-12-07T03:00:00", "date": "2025-12-07", "hour": 3}}, {"type": "Feature", "geometry": {"type": "Point", "coordinates": [15.0, 54.25]}, "properties": {"value": 6.474, "time": "2025-12-07T03:00:00", "date": "2025-12-07", "hour": 3}}, {"type": "Feature", "geometry": {"type": "Point", "coordinates": [5.0, 54.5]}, "properties": {"value": 10.537, "time": "2025-12-07T03:00:00", "date": "2025-12-07", "hour": 3}}, {"type": "Feature", "geometry": {"type": "Point", "coordinates": [5.25, 54.5]}, "properties": {"value": 10.545, "time": "2025-12-07T03:00:00", "date": "2025-12-07", "hour": 3}}, {"type": "Feature", "geometry": {"type": "Point", "coordinates": [5.5, 54.5]}, "properties": {"value": 10.5, "time": "2025-12-07T03:00:00", "date": "2025-12-07", "hour": 3}}, {"type": "Feature", "geometry": {"type": "Point", "coordinates": [5.75, 54.5]}, "properties": {"value": 10.423, "time": "2025-12-07T03:00:00", "date": "2025-12-07", "hour": 3}}, {"type": "Feature", "geometry": {"type": "Point", "coordinates": [6.0, 54.5]}, "properties": {"value": 10.375, "time": "2025-12-07T03:00:00", "date": "2025-12-07", "hour": 3}}, {"type": "Feature", "geometry": {"type": "Point", "coordinates": [6.25, 54.5]}, "properties": {"value": 10.318, "time": "2025-12-07T03:00:00", "date": "2025-12-07", "hour": 3}}, {"type": "Feature", "geometry": {"type": "Point", "coordinates": [6.5, 54.5]}, "properties": {"value": 10.188, "time": "2025-12-07T03:00:00", "date": "2025-12-07", "hour": 3}}, {"type": "Feature", "geometry": {"type": "Point", "coordinates": [6.75, 54.5]}, "properties": {"value": 10.09, "time": "2025-12-07T03:00:00", "date": "2025-12-07", "hour": 3}}, {"type": "Feature", "geometry": {"type": "Point", "coordinates": [7.0, 54.5]}, "properties": {"value": 9.96, "time": "2025-12-07T03:00:00", "date": "2025-12-07", "hour": 3}}, {"type": "Feature", "geometry": {"type": "Point", "coordinates": [7.25, 54.5]}, "properties": {"value": 9.758, "time": "2025-12-07T03:00:00", "date": "2025-12-07", "hour": 3}}, {"type": "Feature", "geometry": {"type": "Point", "coordinates": [7.5, 54.5]}, "properties": {"value": 9.68, "time": "2025-12-07T03:00:00", "date": "2025-12-07", "hour": 3}}, {"type": "Feature", "geometry": {"type": "Point", "coordinates": [7.75, 54.5]}, "properties": {"value": 9.1, "time": "2025-12-07T03:00:00", "date": "2025-12-07", "hour": 3}}, {"type": "Feature", "geometry": {"type": "Point", "coordinates": [8.0, 54.5]}, "properties": {"value": 7.947, "time": "2025-12-07T03:00:00", "date": "2025-12-07", "hour": 3}}, {"type": "Feature", "geometry": {"type": "Point", "coordinates": [8.25, 54.5]}, "properties": {"value": 6.944, "time": "2025-12-07T03:00:00", "date": "2025-12-07", "hour": 3}}, {"type": "Feature", "geometry": {"type": "Point", "coordinates": [8.5, 54.5]}, "properties": {"value": 6.008, "time": "2025-12-07T03:00:00", "date": "2025-12-07", "hour": 3}}, {"type": "Feature", "geometry": {"type": "Point", "coordinates": [10.5, 54.5]}, "properties": {"value": 5.923, "time": "2025-12-07T03:00:00", "date": "2025-12-07", "hour": 3}}, {"type": "Feature", "geometry": {"type": "Point", "coordinates": [10.75, 54.5]}, "properties": {"value": 5.939, "time": "2025-12-07T03:00:00", "date": "2025-12-07", "hour": 3}}, {"type": "Feature", "geometry": {"type": "Point", "coordinates": [11.0, 54.5]}, "properties": {"value": 5.803, "time": "2025-12-07T03:00:00", "date": "2025-12-07", "hour": 3}}, {"type": "Feature", "geometry": {"type": "Point", "coordinates": [11.25, 54.5]}, "properties": {"value": 5.907, "time": "2025-12-07T03:00:00", "date": "2025-12-07", "hour": 3}}, {"type": "Feature", "geometry": {"type": "Point", "coordinates": [11.5, 54.5]}, "properties": {"value": 6.007, "time": "2025-12-07T03:00:00", "date": "2025-12-07", "hour": 3}}, {"type": "Feature", "geometry": {"type": "Point", "coordinates": [11.75, 54.5]}, "properties": {"value": 6.186, "time": "2025-12-07T03:00:00", "date": "2025-12-07", "hour": 3}}, {"type": "Feature", "geometry": {"type": "Point", "coordinates": [12.0, 54.5]}, "properties": {"value": 6.258, "time": "2025-12-07T03:00:00", "date": "2025-12-07", "hour": 3}}, {"type": "Feature", "geometry": {"type": "Point", "coordinates": [12.25, 54.5]}, "properties": {"value": 6.26, "time": "2025-12-07T03:00:00", "date": "2025-12-07", "hour": 3}}, {"type": "Feature", "geometry": {"type": "Point", "coordinates": [13.0, 54.5]}, "properties": {"value": 6.794, "time": "2025-12-07T03:00:00", "date": "2025-12-07", "hour": 3}}, {"type": "Feature", "geometry": {"type": "Point", "coordinates": [13.25, 54.5]}, "properties": {"value": 6.152, "time": "2025-12-07T03:00:00", "date": "2025-12-07", "hour": 3}}, {"type": "Feature", "geometry": {"type": "Point", "coordinates": [13.5, 54.5]}, "properties": {"value": 5.82, "time": "2025-12-07T03:00:00", "date": "2025-12-07", "hour": 3}}, {"type": "Feature", "geometry": {"type": "Point", "coordinates": [13.75, 54.5]}, "properties": {"value": 5.728, "time": "2025-12-07T03:00:00", "date": "2025-12-07", "hour": 3}}, {"type": "Feature", "geometry": {"type": "Point", "coordinates": [14.0, 54.5]}, "properties": {"value": 5.939, "time": "2025-12-07T03:00:00", "date": "2025-12-07", "hour": 3}}, {"type": "Feature", "geometry": {"type": "Point", "coordinates": [14.25, 54.5]}, "properties": {"value": 6.117, "time": "2025-12-07T03:00:00", "date": "2025-12-07", "hour": 3}}, {"type": "Feature", "geometry": {"type": "Point", "coordinates": [14.5, 54.5]}, "properties": {"value": 6.426, "time": "2025-12-07T03:00:00", "date": "2025-12-07", "hour": 3}}, {"type": "Feature", "geometry": {"type": "Point", "coordinates": [14.75, 54.5]}, "properties": {"value": 6.671, "time": "2025-12-07T03:00:00", "date": "2025-12-07", "hour": 3}}, {"type": "Feature", "geometry": {"type": "Point", "coordinates": [15.0, 54.5]}, "properties": {"value": 7.412, "time": "2025-12-07T03:00:00", "date": "2025-12-07", "hour": 3}}, {"type": "Feature", "geometry": {"type": "Point", "coordinates": [5.0, 54.75]}, "properties": {"value": 10.535, "time": "2025-12-07T03:00:00", "date": "2025-12-07", "hour": 3}}, {"type": "Feature", "geometry": {"type": "Point", "coordinates": [5.25, 54.75]}, "properties": {"value": 10.543, "time": "2025-12-07T03:00:00", "date": "2025-12-07", "hour": 3}}, {"type": "Feature", "geometry": {"type": "Point", "coordinates": [5.5, 54.75]}, "properties": {"value": 10.564, "time": "2025-12-07T03:00:00", "date": "2025-12-07", "hour": 3}}, {"type": "Feature", "geometry": {"type": "Point", "coordinates": [5.75, 54.75]}, "properties": {"value": 10.557, "time": "2025-12-07T03:00:00", "date": "2025-12-07", "hour": 3}}, {"type": "Feature", "geometry": {"type": "Point", "coordinates": [6.0, 54.75]}, "properties": {"value": 10.525, "time": "2025-12-07T03:00:00", "date": "2025-12-07", "hour": 3}}, {"type": "Feature", "geometry": {"type": "Point", "coordinates": [6.25, 54.75]}, "properties": {"value": 10.467, "time": "2025-12-07T03:00:00", "date": "2025-12-07", "hour": 3}}, {"type": "Feature", "geometry": {"type": "Point", "coordinates": [6.5, 54.75]}, "properties": {"value": 10.396, "time": "2025-12-07T03:00:00", "date": "2025-12-07", "hour": 3}}, {"type": "Feature", "geometry": {"type": "Point", "coordinates": [6.75, 54.75]}, "properties": {"value": 10.212, "time": "2025-12-07T03:00:00", "date": "2025-12-07", "hour": 3}}, {"type": "Feature", "geometry": {"type": "Point", "coordinates": [7.0, 54.75]}, "properties": {"value": 10.06, "time": "2025-12-07T03:00:00", "date": "2025-12-07", "hour": 3}}, {"type": "Feature", "geometry": {"type": "Point", "coordinates": [7.25, 54.75]}, "properties": {"value": 9.85, "time": "2025-12-07T03:00:00", "date": "2025-12-07", "hour": 3}}, {"type": "Feature", "geometry": {"type": "Point", "coordinates": [7.5, 54.75]}, "properties": {"value": 9.634, "time": "2025-12-07T03:00:00", "date": "2025-12-07", "hour": 3}}, {"type": "Feature", "geometry": {"type": "Point", "coordinates": [7.75, 54.75]}, "properties": {"value": 8.565, "time": "2025-12-07T03:00:00", "date": "2025-12-07", "hour": 3}}, {"type": "Feature", "geometry": {"type": "Point", "coordinates": [8.0, 54.75]}, "properties": {"value": 7.371, "time": "2025-12-07T03:00:00", "date": "2025-12-07", "hour": 3}}, {"type": "Feature", "geometry": {"type": "Point", "coordinates": [8.25, 54.75]}, "properties": {"value": 6.455, "time": "2025-12-07T03:00:00", "date": "2025-12-07", "hour": 3}}, {"type": "Feature", "geometry": {"type": "Point", "coordinates": [8.5, 54.75]}, "properties": {"value": 5.504, "time": "2025-12-07T03:00:00", "date": "2025-12-07", "hour": 3}}, {"type": "Feature", "geometry": {"type": "Point", "coordinates": [10.25, 54.75]}, "properties": {"value": 5.886, "time": "2025-12-07T03:00:00", "date": "2025-12-07", "hour": 3}}, {"type": "Feature", "geometry": {"type": "Point", "coordinates": [10.5, 54.75]}, "properties": {"value": 5.945, "time": "2025-12-07T03:00:00", "date": "2025-12-07", "hour": 3}}, {"type": "Feature", "geometry": {"type": "Point", "coordinates": [10.75, 54.75]}, "properties": {"value": 6.005, "time": "2025-12-07T03:00:00", "date": "2025-12-07", "hour": 3}}, {"type": "Feature", "geometry": {"type": "Point", "coordinates": [11.0, 54.75]}, "properties": {"value": 5.849, "time": "2025-12-07T03:00:00", "date": "2025-12-07", "hour": 3}}, {"type": "Feature", "geometry": {"type": "Point", "coordinates": [11.25, 54.75]}, "properties": {"value": 5.778, "time": "2025-12-07T03:00:00", "date": "2025-12-07", "hour": 3}}, {"type": "Feature", "geometry": {"type": "Point", "coordinates": [11.5, 54.75]}, "properties": {"value": 5.631, "time": "2025-12-07T03:00:00", "date": "2025-12-07", "hour": 3}}, {"type": "Feature", "geometry": {"type": "Point", "coordinates": [12.0, 54.75]}, "properties": {"value": 6.04, "time": "2025-12-07T03:00:00", "date": "2025-12-07", "hour": 3}}, {"type": "Feature", "geometry": {"type": "Point", "coordinates": [12.25, 54.75]}, "properties": {"value": 6.34, "time": "2025-12-07T03:00:00", "date": "2025-12-07", "hour": 3}}, {"type": "Feature", "geometry": {"type": "Point", "coordinates": [12.5, 54.75]}, "properties": {"value": 6.741, "time": "2025-12-07T03:00:00", "date": "2025-12-07", "hour": 3}}, {"type": "Feature", "geometry": {"type": "Point", "coordinates": [12.75, 54.75]}, "properties": {"value": 6.892, "time": "2025-12-07T03:00:00", "date": "2025-12-07", "hour": 3}}, {"type": "Feature", "geometry": {"type": "Point", "coordinates": [13.0, 54.75]}, "properties": {"value": 6.836, "time": "2025-12-07T03:00:00", "date": "2025-12-07", "hour": 3}}, {"type": "Feature", "geometry": {"type": "Point", "coordinates": [13.25, 54.75]}, "properties": {"value": 6.974, "time": "2025-12-07T03:00:00", "date": "2025-12-07", "hour": 3}}, {"type": "Feature", "geometry": {"type": "Point", "coordinates": [13.5, 54.75]}, "properties": {"value": 6.945, "time": "2025-12-07T03:00:00", "date": "2025-12-07", "hour": 3}}, {"type": "Feature", "geometry": {"type": "Point", "coordinates": [13.75, 54.75]}, "properties": {"value": 6.854, "time": "2025-12-07T03:00:00", "date": "2025-12-07", "hour": 3}}, {"type": "Feature", "geometry": {"type": "Point", "coordinates": [14.0, 54.75]}, "properties": {"value": 6.747, "time": "2025-12-07T03:00:00", "date": "2025-12-07", "hour": 3}}, {"type": "Feature", "geometry": {"type": "Point", "coordinates": [14.25, 54.75]}, "properties": {"value": 6.752, "time": "2025-12-07T03:00:00", "date": "2025-12-07", "hour": 3}}, {"type": "Feature", "geometry": {"type": "Point", "coordinates": [14.5, 54.75]}, "properties": {"value": 7.137, "time": "2025-12-07T03:00:00", "date": "2025-12-07", "hour": 3}}, {"type": "Feature", "geometry": {"type": "Point", "coordinates": [14.75, 54.75]}, "properties": {"value": 7.339, "time": "2025-12-07T03:00:00", "date": "2025-12-07", "hour": 3}}, {"type": "Feature", "geometry": {"type": "Point", "coordinates": [15.0, 54.75]}, "properties": {"value": 7.349, "time": "2025-12-07T03:00:00", "date": "2025-12-07", "hour": 3}}, {"type": "Feature", "geometry": {"type": "Point", "coordinates": [5.0, 55.0]}, "properties": {"value": 10.501, "time": "2025-12-07T03:00:00", "date": "2025-12-07", "hour": 3}}, {"type": "Feature", "geometry": {"type": "Point", "coordinates": [5.25, 55.0]}, "properties": {"value": 10.594, "time": "2025-12-07T03:00:00", "date": "2025-12-07", "hour": 3}}, {"type": "Feature", "geometry": {"type": "Point", "coordinates": [5.5, 55.0]}, "properties": {"value": 10.628, "time": "2025-12-07T03:00:00", "date": "2025-12-07", "hour": 3}}, {"type": "Feature", "geometry": {"type": "Point", "coordinates": [5.75, 55.0]}, "properties": {"value": 10.621, "time": "2025-12-07T03:00:00", "date": "2025-12-07", "hour": 3}}, {"type": "Feature", "geometry": {"type": "Point", "coordinates": [6.0, 55.0]}, "properties": {"value": 10.575, "time": "2025-12-07T03:00:00", "date": "2025-12-07", "hour": 3}}, {"type": "Feature", "geometry": {"type": "Point", "coordinates": [6.25, 55.0]}, "properties": {"value": 10.524, "time": "2025-12-07T03:00:00", "date": "2025-12-07", "hour": 3}}, {"type": "Feature", "geometry": {"type": "Point", "coordinates": [6.5, 55.0]}, "properties": {"value": 10.459, "time": "2025-12-07T03:00:00", "date": "2025-12-07", "hour": 3}}, {"type": "Feature", "geometry": {"type": "Point", "coordinates": [6.75, 55.0]}, "properties": {"value": 10.262, "time": "2025-12-07T03:00:00", "date": "2025-12-07", "hour": 3}}, {"type": "Feature", "geometry": {"type": "Point", "coordinates": [7.0, 55.0]}, "properties": {"value": 10.023, "time": "2025-12-07T03:00:00", "date": "2025-12-07", "hour": 3}}, {"type": "Feature", "geometry": {"type": "Point", "coordinates": [7.25, 55.0]}, "properties": {"value": 9.816, "time": "2025-12-07T03:00:00", "date": "2025-12-07", "hour": 3}}, {"type": "Feature", "geometry": {"type": "Point", "coordinates": [7.5, 55.0]}, "properties": {"value": 9.605, "time": "2025-12-07T03:00:00", "date": "2025-12-07", "hour": 3}}, {"type": "Feature", "geometry": {"type": "Point", "coordinates": [7.75, 55.0]}, "properties": {"value": 8.652, "time": "2025-12-07T03:00:00", "date": "2025-12-07", "hour": 3}}, {"type": "Feature", "geometry": {"type": "Point", "coordinates": [8.0, 55.0]}, "properties": {"value": 7.711, "time": "2025-12-07T03:00:00", "date": "2025-12-07", "hour": 3}}, {"type": "Feature", "geometry": {"type": "Point", "coordinates": [8.25, 55.0]}, "properties": {"value": 6.254, "time": "2025-12-07T03:00:00", "date": "2025-12-07", "hour": 3}}, {"type": "Feature", "geometry": {"type": "Point", "coordinates": [8.5, 55.0]}, "properties": {"value": 5.184, "time": "2025-12-07T03:00:00", "date": "2025-12-07", "hour": 3}}, {"type": "Feature", "geometry": {"type": "Point", "coordinates": [10.25, 55.0]}, "properties": {"value": 5.238, "time": "2025-12-07T03:00:00", "date": "2025-12-07", "hour": 3}}, {"type": "Feature", "geometry": {"type": "Point", "coordinates": [10.5, 55.0]}, "properties": {"value": 5.455, "time": "2025-12-07T03:00:00", "date": "2025-12-07", "hour": 3}}, {"type": "Feature", "geometry": {"type": "Point", "coordinates": [10.75, 55.0]}, "properties": {"value": 5.668, "time": "2025-12-07T03:00:00", "date": "2025-12-07", "hour": 3}}, {"type": "Feature", "geometry": {"type": "Point", "coordinates": [11.0, 55.0]}, "properties": {"value": 5.631, "time": "2025-12-07T03:00:00", "date": "2025-12-07", "hour": 3}}, {"type": "Feature", "geometry": {"type": "Point", "coordinates": [11.25, 55.0]}, "properties": {"value": 5.641, "time": "2025-12-07T03:00:00", "date": "2025-12-07", "hour": 3}}, {"type": "Feature", "geometry": {"type": "Point", "coordinates": [11.5, 55.0]}, "properties": {"value": 5.463, "time": "2025-12-07T03:00:00", "date": "2025-12-07", "hour": 3}}, {"type": "Feature", "geometry": {"type": "Point", "coordinates": [11.75, 55.0]}, "properties": {"value": 5.352, "time": "2025-12-07T03:00:00", "date": "2025-12-07", "hour": 3}}, {"type": "Feature", "geometry": {"type": "Point", "coordinates": [12.0, 55.0]}, "properties": {"value": 5.536, "time": "2025-12-07T03:00:00", "date": "2025-12-07", "hour": 3}}, {"type": "Feature", "geometry": {"type": "Point", "coordinates": [12.25, 55.0]}, "properties": {"value": 5.914, "time": "2025-12-07T03:00:00", "date": "2025-12-07", "hour": 3}}, {"type": "Feature", "geometry": {"type": "Point", "coordinates": [12.5, 55.0]}, "properties": {"value": 6.672, "time": "2025-12-07T03:00:00", "date": "2025-12-07", "hour": 3}}, {"type": "Feature", "geometry": {"type": "Point", "coordinates": [12.75, 55.0]}, "properties": {"value": 6.882, "time": "2025-12-07T03:00:00", "date": "2025-12-07", "hour": 3}}, {"type": "Feature", "geometry": {"type": "Point", "coordinates": [13.0, 55.0]}, "properties": {"value": 7.134, "time": "2025-12-07T03:00:00", "date": "2025-12-07", "hour": 3}}, {"type": "Feature", "geometry": {"type": "Point", "coordinates": [13.25, 55.0]}, "properties": {"value": 7.271, "time": "2025-12-07T03:00:00", "date": "2025-12-07", "hour": 3}}, {"type": "Feature", "geometry": {"type": "Point", "coordinates": [13.5, 55.0]}, "properties": {"value": 7.294, "time": "2025-12-07T03:00:00", "date": "2025-12-07", "hour": 3}}, {"type": "Feature", "geometry": {"type": "Point", "coordinates": [13.75, 55.0]}, "properties": {"value": 7.401, "time": "2025-12-07T03:00:00", "date": "2025-12-07", "hour": 3}}, {"type": "Feature", "geometry": {"type": "Point", "coordinates": [14.0, 55.0]}, "properties": {"value": 7.335, "time": "2025-12-07T03:00:00", "date": "2025-12-07", "hour": 3}}, {"type": "Feature", "geometry": {"type": "Point", "coordinates": [14.25, 55.0]}, "properties": {"value": 7.27, "time": "2025-12-07T03:00:00", "date": "2025-12-07", "hour": 3}}, {"type": "Feature", "geometry": {"type": "Point", "coordinates": [14.5, 55.0]}, "properties": {"value": 7.175, "time": "2025-12-07T03:00:00", "date": "2025-12-07", "hour": 3}}, {"type": "Feature", "geometry": {"type": "Point", "coordinates": [14.75, 55.0]}, "properties": {"value": 7.097, "time": "2025-12-07T03:00:00", "date": "2025-12-07", "hour": 3}}, {"type": "Feature", "geometry": {"type": "Point", "coordinates": [15.0, 55.0]}, "properties": {"value": 6.994, "time": "2025-12-07T03:00:00", "date": "2025-12-07", "hour": 3}}, {"type": "Feature", "geometry": {"type": "Point", "coordinates": [5.25, 52.75]}, "properties": {"value": 6.147, "time": "2025-12-07T04:00:00", "date": "2025-12-07", "hour": 4}}, {"type": "Feature", "geometry": {"type": "Point", "coordinates": [5.5, 52.75]}, "properties": {"value": 6.16, "time": "2025-12-07T04:00:00", "date": "2025-12-07", "hour": 4}}, {"type": "Feature", "geometry": {"type": "Point", "coordinates": [5.0, 53.0]}, "properties": {"value": 7.171, "time": "2025-12-07T04:00:00", "date": "2025-12-07", "hour": 4}}, {"type": "Feature", "geometry": {"type": "Point", "coordinates": [5.25, 53.0]}, "properties": {"value": 6.439, "time": "2025-12-07T04:00:00", "date": "2025-12-07", "hour": 4}}, {"type": "Feature", "geometry": {"type": "Point", "coordinates": [5.5, 53.0]}, "properties": {"value": 5.924, "time": "2025-12-07T04:00:00", "date": "2025-12-07", "hour": 4}}, {"type": "Feature", "geometry": {"type": "Point", "coordinates": [5.0, 53.25]}, "properties": {"value": 7.865, "time": "2025-12-07T04:00:00", "date": "2025-12-07", "hour": 4}}, {"type": "Feature", "geometry": {"type": "Point", "coordinates": [5.25, 53.25]}, "properties": {"value": 6.932, "time": "2025-12-07T04:00:00", "date": "2025-12-07", "hour": 4}}, {"type": "Feature", "geometry": {"type": "Point", "coordinates": [5.5, 53.25]}, "properties": {"value": 6.369, "time": "2025-12-07T04:00:00", "date": "2025-12-07", "hour": 4}}, {"type": "Feature", "geometry": {"type": "Point", "coordinates": [5.0, 53.5]}, "properties": {"value": 9.501, "time": "2025-12-07T04:00:00", "date": "2025-12-07", "hour": 4}}, {"type": "Feature", "geometry": {"type": "Point", "coordinates": [5.25, 53.5]}, "properties": {"value": 8.861, "time": "2025-12-07T04:00:00", "date": "2025-12-07", "hour": 4}}, {"type": "Feature", "geometry": {"type": "Point", "coordinates": [5.5, 53.5]}, "properties": {"value": 8.653, "time": "2025-12-07T04:00:00", "date": "2025-12-07", "hour": 4}}, {"type": "Feature", "geometry": {"type": "Point", "coordinates": [5.75, 53.5]}, "properties": {"value": 8.293, "time": "2025-12-07T04:00:00", "date": "2025-12-07", "hour": 4}}, {"type": "Feature", "geometry": {"type": "Point", "coordinates": [6.0, 53.5]}, "properties": {"value": 7.801, "time": "2025-12-07T04:00:00", "date": "2025-12-07", "hour": 4}}, {"type": "Feature", "geometry": {"type": "Point", "coordinates": [6.25, 53.5]}, "properties": {"value": 7.239, "time": "2025-12-07T04:00:00", "date": "2025-12-07", "hour": 4}}, {"type": "Feature", "geometry": {"type": "Point", "coordinates": [6.5, 53.5]}, "properties": {"value": 6.941, "time": "2025-12-07T04:00:00", "date": "2025-12-07", "hour": 4}}, {"type": "Feature", "geometry": {"type": "Point", "coordinates": [6.75, 53.5]}, "properties": {"value": 6.41, "time": "2025-12-07T04:00:00", "date": "2025-12-07", "hour": 4}}, {"type": "Feature", "geometry": {"type": "Point", "coordinates": [5.0, 53.75]}, "properties": {"value": 10.179, "time": "2025-12-07T04:00:00", "date": "2025-12-07", "hour": 4}}, {"type": "Feature", "geometry": {"type": "Point", "coordinates": [5.25, 53.75]}, "properties": {"value": 9.873, "time": "2025-12-07T04:00:00", "date": "2025-12-07", "hour": 4}}, {"type": "Feature", "geometry": {"type": "Point", "coordinates": [5.5, 53.75]}, "properties": {"value": 9.645, "time": "2025-12-07T04:00:00", "date": "2025-12-07", "hour": 4}}, {"type": "Feature", "geometry": {"type": "Point", "coordinates": [5.75, 53.75]}, "properties": {"value": 9.381, "time": "2025-12-07T04:00:00", "date": "2025-12-07", "hour": 4}}, {"type": "Feature", "geometry": {"type": "Point", "coordinates": [6.0, 53.75]}, "properties": {"value": 8.995, "time": "2025-12-07T04:00:00", "date": "2025-12-07", "hour": 4}}, {"type": "Feature", "geometry": {"type": "Point", "coordinates": [6.25, 53.75]}, "properties": {"value": 8.739, "time": "2025-12-07T04:00:00", "date": "2025-12-07", "hour": 4}}, {"type": "Feature", "geometry": {"type": "Point", "coordinates": [6.5, 53.75]}, "properties": {"value": 8.275, "time": "2025-12-07T04:00:00", "date": "2025-12-07", "hour": 4}}, {"type": "Feature", "geometry": {"type": "Point", "coordinates": [6.75, 53.75]}, "properties": {"value": 7.785, "time": "2025-12-07T04:00:00", "date": "2025-12-07", "hour": 4}}, {"type": "Feature", "geometry": {"type": "Point", "coordinates": [7.0, 53.75]}, "properties": {"value": 7.909, "time": "2025-12-07T04:00:00", "date": "2025-12-07", "hour": 4}}, {"type": "Feature", "geometry": {"type": "Point", "coordinates": [7.25, 53.75]}, "properties": {"value": 7.525, "time": "2025-12-07T04:00:00", "date": "2025-12-07", "hour": 4}}, {"type": "Feature", "geometry": {"type": "Point", "coordinates": [7.5, 53.75]}, "properties": {"value": 7.782, "time": "2025-12-07T04:00:00", "date": "2025-12-07", "hour": 4}}, {"type": "Feature", "geometry": {"type": "Point", "coordinates": [7.75, 53.75]}, "properties": {"value": 7.825, "time": "2025-12-07T04:00:00", "date": "2025-12-07", "hour": 4}}, {"type": "Feature", "geometry": {"type": "Point", "coordinates": [8.0, 53.75]}, "properties": {"value": 7.579, "time": "2025-12-07T04:00:00", "date": "2025-12-07", "hour": 4}}, {"type": "Feature", "geometry": {"type": "Point", "coordinates": [8.25, 53.75]}, "properties": {"value": 6.981, "time": "2025-12-07T04:00:00", "date": "2025-12-07", "hour": 4}}, {"type": "Feature", "geometry": {"type": "Point", "coordinates": [8.5, 53.75]}, "properties": {"value": 6.347, "time": "2025-12-07T04:00:00", "date": "2025-12-07", "hour": 4}}, {"type": "Feature", "geometry": {"type": "Point", "coordinates": [8.75, 53.75]}, "properties": {"value": 6.347, "time": "2025-12-07T04:00:00", "date": "2025-12-07", "hour": 4}}, {"type": "Feature", "geometry": {"type": "Point", "coordinates": [14.25, 53.75]}, "properties": {"value": 2.389, "time": "2025-12-07T04:00:00", "date": "2025-12-07", "hour": 4}}, {"type": "Feature", "geometry": {"type": "Point", "coordinates": [14.5, 53.75]}, "properties": {"value": 2.389, "time": "2025-12-07T04:00:00", "date": "2025-12-07", "hour": 4}}, {"type": "Feature", "geometry": {"type": "Point", "coordinates": [5.0, 54.0]}, "properties": {"value": 10.438, "time": "2025-12-07T04:00:00", "date": "2025-12-07", "hour": 4}}, {"type": "Feature", "geometry": {"type": "Point", "coordinates": [5.25, 54.0]}, "properties": {"value": 10.368, "time": "2025-12-07T04:00:00", "date": "2025-12-07", "hour": 4}}, {"type": "Feature", "geometry": {"type": "Point", "coordinates": [5.5, 54.0]}, "properties": {"value": 10.141, "time": "2025-12-07T04:00:00", "date": "2025-12-07", "hour": 4}}, {"type": "Feature", "geometry": {"type": "Point", "coordinates": [5.75, 54.0]}, "properties": {"value": 9.927, "time": "2025-12-07T04:00:00", "date": "2025-12-07", "hour": 4}}, {"type": "Feature", "geometry": {"type": "Point", "coordinates": [6.0, 54.0]}, "properties": {"value": 9.776, "time": "2025-12-07T04:00:00", "date": "2025-12-07", "hour": 4}}, {"type": "Feature", "geometry": {"type": "Point", "coordinates": [6.25, 54.0]}, "properties": {"value": 9.597, "time": "2025-12-07T04:00:00", "date": "2025-12-07", "hour": 4}}, {"type": "Feature", "geometry": {"type": "Point", "coordinates": [6.5, 54.0]}, "properties": {"value": 9.186, "time": "2025-12-07T04:00:00", "date": "2025-12-07", "hour": 4}}, {"type": "Feature", "geometry": {"type": "Point", "coordinates": [6.75, 54.0]}, "properties": {"value": 8.976, "time": "2025-12-07T04:00:00", "date": "2025-12-07", "hour": 4}}, {"type": "Feature", "geometry": {"type": "Point", "coordinates": [7.0, 54.0]}, "properties": {"value": 8.887, "time": "2025-12-07T04:00:00", "date": "2025-12-07", "hour": 4}}, {"type": "Feature", "geometry": {"type": "Point", "coordinates": [7.25, 54.0]}, "properties": {"value": 8.651, "time": "2025-12-07T04:00:00", "date": "2025-12-07", "hour": 4}}, {"type": "Feature", "geometry": {"type": "Point", "coordinates": [7.5, 54.0]}, "properties": {"value": 8.716, "time": "2025-12-07T04:00:00", "date": "2025-12-07", "hour": 4}}, {"type": "Feature", "geometry": {"type": "Point", "coordinates": [7.75, 54.0]}, "properties": {"value": 8.667, "time": "2025-12-07T04:00:00", "date": "2025-12-07", "hour": 4}}, {"type": "Feature", "geometry": {"type": "Point", "coordinates": [8.0, 54.0]}, "properties": {"value": 8.566, "time": "2025-12-07T04:00:00", "date": "2025-12-07", "hour": 4}}, {"type": "Feature", "geometry": {"type": "Point", "coordinates": [8.25, 54.0]}, "properties": {"value": 8.113, "time": "2025-12-07T04:00:00", "date": "2025-12-07", "hour": 4}}, {"type": "Feature", "geometry": {"type": "Point", "coordinates": [8.5, 54.0]}, "properties": {"value": 6.776, "time": "2025-12-07T04:00:00", "date": "2025-12-07", "hour": 4}}, {"type": "Feature", "geometry": {"type": "Point", "coordinates": [11.25, 54.0]}, "properties": {"value": 5.168, "time": "2025-12-07T04:00:00", "date": "2025-12-07", "hour": 4}}, {"type": "Feature", "geometry": {"type": "Point", "coordinates": [14.0, 54.0]}, "properties": {"value": 3.979, "time": "2025-12-07T04:00:00", "date": "2025-12-07", "hour": 4}}, {"type": "Feature", "geometry": {"type": "Point", "coordinates": [14.25, 54.0]}, "properties": {"value": 4.777, "time": "2025-12-07T04:00:00", "date": "2025-12-07", "hour": 4}}, {"type": "Feature", "geometry": {"type": "Point", "coordinates": [14.5, 54.0]}, "properties": {"value": 4.438, "time": "2025-12-07T04:00:00", "date": "2025-12-07", "hour": 4}}, {"type": "Feature", "geometry": {"type": "Point", "coordinates": [14.75, 54.0]}, "properties": {"value": 4.948, "time": "2025-12-07T04:00:00", "date": "2025-12-07", "hour": 4}}, {"type": "Feature", "geometry": {"type": "Point", "coordinates": [5.0, 54.25]}, "properties": {"value": 10.514, "time": "2025-12-07T04:00:00", "date": "2025-12-07", "hour": 4}}, {"type": "Feature", "geometry": {"type": "Point", "coordinates": [5.25, 54.25]}, "properties": {"value": 10.461, "time": "2025-12-07T04:00:00", "date": "2025-12-07", "hour": 4}}, {"type": "Feature", "geometry": {"type": "Point", "coordinates": [5.5, 54.25]}, "properties": {"value": 10.37, "time": "2025-12-07T04:00:00", "date": "2025-12-07", "hour": 4}}, {"type": "Feature", "geometry": {"type": "Point", "coordinates": [5.75, 54.25]}, "properties": {"value": 10.193, "time": "2025-12-07T04:00:00", "date": "2025-12-07", "hour": 4}}, {"type": "Feature", "geometry": {"type": "Point", "coordinates": [6.0, 54.25]}, "properties": {"value": 10.126, "time": "2025-12-07T04:00:00", "date": "2025-12-07", "hour": 4}}, {"type": "Feature", "geometry": {"type": "Point", "coordinates": [6.25, 54.25]}, "properties": {"value": 10.002, "time": "2025-12-07T04:00:00", "date": "2025-12-07", "hour": 4}}, {"type": "Feature", "geometry": {"type": "Point", "coordinates": [6.5, 54.25]}, "properties": {"value": 9.844, "time": "2025-12-07T04:00:00", "date": "2025-12-07", "hour": 4}}, {"type": "Feature", "geometry": {"type": "Point", "coordinates": [6.75, 54.25]}, "properties": {"value": 9.685, "time": "2025-12-07T04:00:00", "date": "2025-12-07", "hour": 4}}, {"type": "Feature", "geometry": {"type": "Point", "coordinates": [7.0, 54.25]}, "properties": {"value": 9.6, "time": "2025-12-07T04:00:00", "date": "2025-12-07", "hour": 4}}, {"type": "Feature", "geometry": {"type": "Point", "coordinates": [7.25, 54.25]}, "properties": {"value": 9.517, "time": "2025-12-07T04:00:00", "date": "2025-12-07", "hour": 4}}, {"type": "Feature", "geometry": {"type": "Point", "coordinates": [7.5, 54.25]}, "properties": {"value": 9.463, "time": "2025-12-07T04:00:00", "date": "2025-12-07", "hour": 4}}, {"type": "Feature", "geometry": {"type": "Point", "coordinates": [7.75, 54.25]}, "properties": {"value": 9.033, "time": "2025-12-07T04:00:00", "date": "2025-12-07", "hour": 4}}, {"type": "Feature", "geometry": {"type": "Point", "coordinates": [8.0, 54.25]}, "properties": {"value": 8.815, "time": "2025-12-07T04:00:00", "date": "2025-12-07", "hour": 4}}, {"type": "Feature", "geometry": {"type": "Point", "coordinates": [8.25, 54.25]}, "properties": {"value": 7.76, "time": "2025-12-07T04:00:00", "date": "2025-12-07", "hour": 4}}, {"type": "Feature", "geometry": {"type": "Point", "coordinates": [8.5, 54.25]}, "properties": {"value": 6.486, "time": "2025-12-07T04:00:00", "date": "2025-12-07", "hour": 4}}, {"type": "Feature", "geometry": {"type": "Point", "coordinates": [10.75, 54.25]}, "properties": {"value": 5.775, "time": "2025-12-07T04:00:00", "date": "2025-12-07", "hour": 4}}, {"type": "Feature", "geometry": {"type": "Point", "coordinates": [11.25, 54.25]}, "properties": {"value": 5.602, "time": "2025-12-07T04:00:00", "date": "2025-12-07", "hour": 4}}, {"type": "Feature", "geometry": {"type": "Point", "coordinates": [11.75, 54.25]}, "properties": {"value": 6.159, "time": "2025-12-07T04:00:00", "date": "2025-12-07", "hour": 4}}, {"type": "Feature", "geometry": {"type": "Point", "coordinates": [12.25, 54.25]}, "properties": {"value": 6.117, "time": "2025-12-07T04:00:00", "date": "2025-12-07", "hour": 4}}, {"type": "Feature", "geometry": {"type": "Point", "coordinates": [13.75, 54.25]}, "properties": {"value": 4.522, "time": "2025-12-07T04:00:00", "date": "2025-12-07", "hour": 4}}, {"type": "Feature", "geometry": {"type": "Point", "coordinates": [14.0, 54.25]}, "properties": {"value": 4.784, "time": "2025-12-07T04:00:00", "date": "2025-12-07", "hour": 4}}, {"type": "Feature", "geometry": {"type": "Point", "coordinates": [14.25, 54.25]}, "properties": {"value": 5.295, "time": "2025-12-07T04:00:00", "date": "2025-12-07", "hour": 4}}, {"type": "Feature", "geometry": {"type": "Point", "coordinates": [14.5, 54.25]}, "properties": {"value": 5.434, "time": "2025-12-07T04:00:00", "date": "2025-12-07", "hour": 4}}, {"type": "Feature", "geometry": {"type": "Point", "coordinates": [14.75, 54.25]}, "properties": {"value": 5.709, "time": "2025-12-07T04:00:00", "date": "2025-12-07", "hour": 4}}, {"type": "Feature", "geometry": {"type": "Point", "coordinates": [15.0, 54.25]}, "properties": {"value": 6.474, "time": "2025-12-07T04:00:00", "date": "2025-12-07", "hour": 4}}, {"type": "Feature", "geometry": {"type": "Point", "coordinates": [5.0, 54.5]}, "properties": {"value": 10.537, "time": "2025-12-07T04:00:00", "date": "2025-12-07", "hour": 4}}, {"type": "Feature", "geometry": {"type": "Point", "coordinates": [5.25, 54.5]}, "properties": {"value": 10.545, "time": "2025-12-07T04:00:00", "date": "2025-12-07", "hour": 4}}, {"type": "Feature", "geometry": {"type": "Point", "coordinates": [5.5, 54.5]}, "properties": {"value": 10.5, "time": "2025-12-07T04:00:00", "date": "2025-12-07", "hour": 4}}, {"type": "Feature", "geometry": {"type": "Point", "coordinates": [5.75, 54.5]}, "properties": {"value": 10.423, "time": "2025-12-07T04:00:00", "date": "2025-12-07", "hour": 4}}, {"type": "Feature", "geometry": {"type": "Point", "coordinates": [6.0, 54.5]}, "properties": {"value": 10.375, "time": "2025-12-07T04:00:00", "date": "2025-12-07", "hour": 4}}, {"type": "Feature", "geometry": {"type": "Point", "coordinates": [6.25, 54.5]}, "properties": {"value": 10.318, "time": "2025-12-07T04:00:00", "date": "2025-12-07", "hour": 4}}, {"type": "Feature", "geometry": {"type": "Point", "coordinates": [6.5, 54.5]}, "properties": {"value": 10.188, "time": "2025-12-07T04:00:00", "date": "2025-12-07", "hour": 4}}, {"type": "Feature", "geometry": {"type": "Point", "coordinates": [6.75, 54.5]}, "properties": {"value": 10.09, "time": "2025-12-07T04:00:00", "date": "2025-12-07", "hour": 4}}, {"type": "Feature", "geometry": {"type": "Point", "coordinates": [7.0, 54.5]}, "properties": {"value": 9.96, "time": "2025-12-07T04:00:00", "date": "2025-12-07", "hour": 4}}, {"type": "Feature", "geometry": {"type": "Point", "coordinates": [7.25, 54.5]}, "properties": {"value": 9.758, "time": "2025-12-07T04:00:00", "date": "2025-12-07", "hour": 4}}, {"type": "Feature", "geometry": {"type": "Point", "coordinates": [7.5, 54.5]}, "properties": {"value": 9.68, "time": "2025-12-07T04:00:00", "date": "2025-12-07", "hour": 4}}, {"type": "Feature", "geometry": {"type": "Point", "coordinates": [7.75, 54.5]}, "properties": {"value": 9.1, "time": "2025-12-07T04:00:00", "date": "2025-12-07", "hour": 4}}, {"type": "Feature", "geometry": {"type": "Point", "coordinates": [8.0, 54.5]}, "properties": {"value": 7.947, "time": "2025-12-07T04:00:00", "date": "2025-12-07", "hour": 4}}, {"type": "Feature", "geometry": {"type": "Point", "coordinates": [8.25, 54.5]}, "properties": {"value": 6.944, "time": "2025-12-07T04:00:00", "date": "2025-12-07", "hour": 4}}, {"type": "Feature", "geometry": {"type": "Point", "coordinates": [8.5, 54.5]}, "properties": {"value": 6.008, "time": "2025-12-07T04:00:00", "date": "2025-12-07", "hour": 4}}, {"type": "Feature", "geometry": {"type": "Point", "coordinates": [10.5, 54.5]}, "properties": {"value": 5.923, "time": "2025-12-07T04:00:00", "date": "2025-12-07", "hour": 4}}, {"type": "Feature", "geometry": {"type": "Point", "coordinates": [10.75, 54.5]}, "properties": {"value": 5.939, "time": "2025-12-07T04:00:00", "date": "2025-12-07", "hour": 4}}, {"type": "Feature", "geometry": {"type": "Point", "coordinates": [11.0, 54.5]}, "properties": {"value": 5.803, "time": "2025-12-07T04:00:00", "date": "2025-12-07", "hour": 4}}, {"type": "Feature", "geometry": {"type": "Point", "coordinates": [11.25, 54.5]}, "properties": {"value": 5.907, "time": "2025-12-07T04:00:00", "date": "2025-12-07", "hour": 4}}, {"type": "Feature", "geometry": {"type": "Point", "coordinates": [11.5, 54.5]}, "properties": {"value": 6.007, "time": "2025-12-07T04:00:00", "date": "2025-12-07", "hour": 4}}, {"type": "Feature", "geometry": {"type": "Point", "coordinates": [11.75, 54.5]}, "properties": {"value": 6.186, "time": "2025-12-07T04:00:00", "date": "2025-12-07", "hour": 4}}, {"type": "Feature", "geometry": {"type": "Point", "coordinates": [12.0, 54.5]}, "properties": {"value": 6.258, "time": "2025-12-07T04:00:00", "date": "2025-12-07", "hour": 4}}, {"type": "Feature", "geometry": {"type": "Point", "coordinates": [12.25, 54.5]}, "properties": {"value": 6.26, "time": "2025-12-07T04:00:00", "date": "2025-12-07", "hour": 4}}, {"type": "Feature", "geometry": {"type": "Point", "coordinates": [13.0, 54.5]}, "properties": {"value": 6.794, "time": "2025-12-07T04:00:00", "date": "2025-12-07", "hour": 4}}, {"type": "Feature", "geometry": {"type": "Point", "coordinates": [13.25, 54.5]}, "properties": {"value": 6.152, "time": "2025-12-07T04:00:00", "date": "2025-12-07", "hour": 4}}, {"type": "Feature", "geometry": {"type": "Point", "coordinates": [13.5, 54.5]}, "properties": {"value": 5.82, "time": "2025-12-07T04:00:00", "date": "2025-12-07", "hour": 4}}, {"type": "Feature", "geometry": {"type": "Point", "coordinates": [13.75, 54.5]}, "properties": {"value": 5.728, "time": "2025-12-07T04:00:00", "date": "2025-12-07", "hour": 4}}, {"type": "Feature", "geometry": {"type": "Point", "coordinates": [14.0, 54.5]}, "properties": {"value": 5.939, "time": "2025-12-07T04:00:00", "date": "2025-12-07", "hour": 4}}, {"type": "Feature", "geometry": {"type": "Point", "coordinates": [14.25, 54.5]}, "properties": {"value": 6.117, "time": "2025-12-07T04:00:00", "date": "2025-12-07", "hour": 4}}, {"type": "Feature", "geometry": {"type": "Point", "coordinates": [14.5, 54.5]}, "properties": {"value": 6.426, "time": "2025-12-07T04:00:00", "date": "2025-12-07", "hour": 4}}, {"type": "Feature", "geometry": {"type": "Point", "coordinates": [14.75, 54.5]}, "properties": {"value": 6.671, "time": "2025-12-07T04:00:00", "date": "2025-12-07", "hour": 4}}, {"type": "Feature", "geometry": {"type": "Point", "coordinates": [15.0, 54.5]}, "properties": {"value": 7.412, "time": "2025-12-07T04:00:00", "date": "2025-12-07", "hour": 4}}, {"type": "Feature", "geometry": {"type": "Point", "coordinates": [5.0, 54.75]}, "properties": {"value": 10.535, "time": "2025-12-07T04:00:00", "date": "2025-12-07", "hour": 4}}, {"type": "Feature", "geometry": {"type": "Point", "coordinates": [5.25, 54.75]}, "properties": {"value": 10.543, "time": "2025-12-07T04:00:00", "date": "2025-12-07", "hour": 4}}, {"type": "Feature", "geometry": {"type": "Point", "coordinates": [5.5, 54.75]}, "properties": {"value": 10.564, "time": "2025-12-07T04:00:00", "date": "2025-12-07", "hour": 4}}, {"type": "Feature", "geometry": {"type": "Point", "coordinates": [5.75, 54.75]}, "properties": {"value": 10.557, "time": "2025-12-07T04:00:00", "date": "2025-12-07", "hour": 4}}, {"type": "Feature", "geometry": {"type": "Point", "coordinates": [6.0, 54.75]}, "properties": {"value": 10.525, "time": "2025-12-07T04:00:00", "date": "2025-12-07", "hour": 4}}, {"type": "Feature", "geometry": {"type": "Point", "coordinates": [6.25, 54.75]}, "properties": {"value": 10.467, "time": "2025-12-07T04:00:00", "date": "2025-12-07", "hour": 4}}, {"type": "Feature", "geometry": {"type": "Point", "coordinates": [6.5, 54.75]}, "properties": {"value": 10.396, "time": "2025-12-07T04:00:00", "date": "2025-12-07", "hour": 4}}, {"type": "Feature", "geometry": {"type": "Point", "coordinates": [6.75, 54.75]}, "properties": {"value": 10.212, "time": "2025-12-07T04:00:00", "date": "2025-12-07", "hour": 4}}, {"type": "Feature", "geometry": {"type": "Point", "coordinates": [7.0, 54.75]}, "properties": {"value": 10.06, "time": "2025-12-07T04:00:00", "date": "2025-12-07", "hour": 4}}, {"type": "Feature", "geometry": {"type": "Point", "coordinates": [7.25, 54.75]}, "properties": {"value": 9.85, "time": "2025-12-07T04:00:00", "date": "2025-12-07", "hour": 4}}, {"type": "Feature", "geometry": {"type": "Point", "coordinates": [7.5, 54.75]}, "properties": {"value": 9.634, "time": "2025-12-07T04:00:00", "date": "2025-12-07", "hour": 4}}, {"type": "Feature", "geometry": {"type": "Point", "coordinates": [7.75, 54.75]}, "properties": {"value": 8.565, "time": "2025-12-07T04:00:00", "date": "2025-12-07", "hour": 4}}, {"type": "Feature", "geometry": {"type": "Point", "coordinates": [8.0, 54.75]}, "properties": {"value": 7.371, "time": "2025-12-07T04:00:00", "date": "2025-12-07", "hour": 4}}, {"type": "Feature", "geometry": {"type": "Point", "coordinates": [8.25, 54.75]}, "properties": {"value": 6.455, "time": "2025-12-07T04:00:00", "date": "2025-12-07", "hour": 4}}, {"type": "Feature", "geometry": {"type": "Point", "coordinates": [8.5, 54.75]}, "properties": {"value": 5.504, "time": "2025-12-07T04:00:00", "date": "2025-12-07", "hour": 4}}, {"type": "Feature", "geometry": {"type": "Point", "coordinates": [10.25, 54.75]}, "properties": {"value": 5.886, "time": "2025-12-07T04:00:00", "date": "2025-12-07", "hour": 4}}, {"type": "Feature", "geometry": {"type": "Point", "coordinates": [10.5, 54.75]}, "properties": {"value": 5.945, "time": "2025-12-07T04:00:00", "date": "2025-12-07", "hour": 4}}, {"type": "Feature", "geometry": {"type": "Point", "coordinates": [10.75, 54.75]}, "properties": {"value": 6.005, "time": "2025-12-07T04:00:00", "date": "2025-12-07", "hour": 4}}, {"type": "Feature", "geometry": {"type": "Point", "coordinates": [11.0, 54.75]}, "properties": {"value": 5.849, "time": "2025-12-07T04:00:00", "date": "2025-12-07", "hour": 4}}, {"type": "Feature", "geometry": {"type": "Point", "coordinates": [11.25, 54.75]}, "properties": {"value": 5.778, "time": "2025-12-07T04:00:00", "date": "2025-12-07", "hour": 4}}, {"type": "Feature", "geometry": {"type": "Point", "coordinates": [11.5, 54.75]}, "properties": {"value": 5.631, "time": "2025-12-07T04:00:00", "date": "2025-12-07", "hour": 4}}, {"type": "Feature", "geometry": {"type": "Point", "coordinates": [12.0, 54.75]}, "properties": {"value": 6.04, "time": "2025-12-07T04:00:00", "date": "2025-12-07", "hour": 4}}, {"type": "Feature", "geometry": {"type": "Point", "coordinates": [12.25, 54.75]}, "properties": {"value": 6.34, "time": "2025-12-07T04:00:00", "date": "2025-12-07", "hour": 4}}, {"type": "Feature", "geometry": {"type": "Point", "coordinates": [12.5, 54.75]}, "properties": {"value": 6.741, "time": "2025-12-07T04:00:00", "date": "2025-12-07", "hour": 4}}, {"type": "Feature", "geometry": {"type": "Point", "coordinates": [12.75, 54.75]}, "properties": {"value": 6.892, "time": "2025-12-07T04:00:00", "date": "2025-12-07", "hour": 4}}, {"type": "Feature", "geometry": {"type": "Point", "coordinates": [13.0, 54.75]}, "properties": {"value": 6.836, "time": "2025-12-07T04:00:00", "date": "2025-12-07", "hour": 4}}, {"type": "Feature", "geometry": {"type": "Point", "coordinates": [13.25, 54.75]}, "properties": {"value": 6.974, "time": "2025-12-07T04:00:00", "date": "2025-12-07", "hour": 4}}, {"type": "Feature", "geometry": {"type": "Point", "coordinates": [13.5, 54.75]}, "properties": {"value": 6.945, "time": "2025-12-07T04:00:00", "date": "2025-12-07", "hour": 4}}, {"type": "Feature", "geometry": {"type": "Point", "coordinates": [13.75, 54.75]}, "properties": {"value": 6.854, "time": "2025-12-07T04:00:00", "date": "2025-12-07", "hour": 4}}, {"type": "Feature", "geometry": {"type": "Point", "coordinates": [14.0, 54.75]}, "properties": {"value": 6.747, "time": "2025-12-07T04:00:00", "date": "2025-12-07", "hour": 4}}, {"type": "Feature", "geometry": {"type": "Point", "coordinates": [14.25, 54.75]}, "properties": {"value": 6.752, "time": "2025-12-07T04:00:00", "date": "2025-12-07", "hour": 4}}, {"type": "Feature", "geometry": {"type": "Point", "coordinates": [14.5, 54.75]}, "properties": {"value": 7.137, "time": "2025-12-07T04:00:00", "date": "2025-12-07", "hour": 4}}, {"type": "Feature", "geometry": {"type": "Point", "coordinates": [14.75, 54.75]}, "properties": {"value": 7.339, "time": "2025-12-07T04:00:00", "date": "2025-12-07", "hour": 4}}, {"type": "Feature", "geometry": {"type": "Point", "coordinates": [15.0, 54.75]}, "properties": {"value": 7.349, "time": "2025-12-07T04:00:00", "date": "2025-12-07", "hour": 4}}, {"type": "Feature", "geometry": {"type": "Point", "coordinates": [5.0, 55.0]}, "properties": {"value": 10.501, "time": "2025-12-07T04:00:00", "date": "2025-12-07", "hour": 4}}, {"type": "Feature", "geometry": {"type": "Point", "coordinates": [5.25, 55.0]}, "properties": {"value": 10.594, "time": "2025-12-07T04:00:00", "date": "2025-12-07", "hour": 4}}, {"type": "Feature", "geometry": {"type": "Point", "coordinates": [5.5, 55.0]}, "properties": {"value": 10.628, "time": "2025-12-07T04:00:00", "date": "2025-12-07", "hour": 4}}, {"type": "Feature", "geometry": {"type": "Point", "coordinates": [5.75, 55.0]}, "properties": {"value": 10.621, "time": "2025-12-07T04:00:00", "date": "2025-12-07", "hour": 4}}, {"type": "Feature", "geometry": {"type": "Point", "coordinates": [6.0, 55.0]}, "properties": {"value": 10.575, "time": "2025-12-07T04:00:00", "date": "2025-12-07", "hour": 4}}, {"type": "Feature", "geometry": {"type": "Point", "coordinates": [6.25, 55.0]}, "properties": {"value": 10.524, "time": "2025-12-07T04:00:00", "date": "2025-12-07", "hour": 4}}, {"type": "Feature", "geometry": {"type": "Point", "coordinates": [6.5, 55.0]}, "properties": {"value": 10.459, "time": "2025-12-07T04:00:00", "date": "2025-12-07", "hour": 4}}, {"type": "Feature", "geometry": {"type": "Point", "coordinates": [6.75, 55.0]}, "properties": {"value": 10.262, "time": "2025-12-07T04:00:00", "date": "2025-12-07", "hour": 4}}, {"type": "Feature", "geometry": {"type": "Point", "coordinates": [7.0, 55.0]}, "properties": {"value": 10.023, "time": "2025-12-07T04:00:00", "date": "2025-12-07", "hour": 4}}, {"type": "Feature", "geometry": {"type": "Point", "coordinates": [7.25, 55.0]}, "properties": {"value": 9.816, "time": "2025-12-07T04:00:00", "date": "2025-12-07", "hour": 4}}, {"type": "Feature", "geometry": {"type": "Point", "coordinates": [7.5, 55.0]}, "properties": {"value": 9.605, "time": "2025-12-07T04:00:00", "date": "2025-12-07", "hour": 4}}, {"type": "Feature", "geometry": {"type": "Point", "coordinates": [7.75, 55.0]}, "properties": {"value": 8.652, "time": "2025-12-07T04:00:00", "date": "2025-12-07", "hour": 4}}, {"type": "Feature", "geometry": {"type": "Point", "coordinates": [8.0, 55.0]}, "properties": {"value": 7.711, "time": "2025-12-07T04:00:00", "date": "2025-12-07", "hour": 4}}, {"type": "Feature", "geometry": {"type": "Point", "coordinates": [8.25, 55.0]}, "properties": {"value": 6.254, "time": "2025-12-07T04:00:00", "date": "2025-12-07", "hour": 4}}, {"type": "Feature", "geometry": {"type": "Point", "coordinates": [8.5, 55.0]}, "properties": {"value": 5.184, "time": "2025-12-07T04:00:00", "date": "2025-12-07", "hour": 4}}, {"type": "Feature", "geometry": {"type": "Point", "coordinates": [10.25, 55.0]}, "properties": {"value": 5.238, "time": "2025-12-07T04:00:00", "date": "2025-12-07", "hour": 4}}, {"type": "Feature", "geometry": {"type": "Point", "coordinates": [10.5, 55.0]}, "properties": {"value": 5.455, "time": "2025-12-07T04:00:00", "date": "2025-12-07", "hour": 4}}, {"type": "Feature", "geometry": {"type": "Point", "coordinates": [10.75, 55.0]}, "properties": {"value": 5.668, "time": "2025-12-07T04:00:00", "date": "2025-12-07", "hour": 4}}, {"type": "Feature", "geometry": {"type": "Point", "coordinates": [11.0, 55.0]}, "properties": {"value": 5.631, "time": "2025-12-07T04:00:00", "date": "2025-12-07", "hour": 4}}, {"type": "Feature", "geometry": {"type": "Point", "coordinates": [11.25, 55.0]}, "properties": {"value": 5.641, "time": "2025-12-07T04:00:00", "date": "2025-12-07", "hour": 4}}, {"type": "Feature", "geometry": {"type": "Point", "coordinates": [11.5, 55.0]}, "properties": {"value": 5.463, "time": "2025-12-07T04:00:00", "date": "2025-12-07", "hour": 4}}, {"type": "Feature", "geometry": {"type": "Point", "coordinates": [11.75, 55.0]}, "properties": {"value": 5.352, "time": "2025-12-07T04:00:00", "date": "2025-12-07", "hour": 4}}, {"type": "Feature", "geometry": {"type": "Point", "coordinates": [12.0, 55.0]}, "properties": {"value": 5.536, "time": "2025-12-07T04:00:00", "date": "2025-12-07", "hour": 4}}, {"type": "Feature", "geometry": {"type": "Point", "coordinates": [12.25, 55.0]}, "properties": {"value": 5.914, "time": "2025-12-07T04:00:00", "date": "2025-12-07", "hour": 4}}, {"type": "Feature", "geometry": {"type": "Point", "coordinates": [12.5, 55.0]}, "properties": {"value": 6.672, "time": "2025-12-07T04:00:00", "date": "2025-12-07", "hour": 4}}, {"type": "Feature", "geometry": {"type": "Point", "coordinates": [12.75, 55.0]}, "properties": {"value": 6.882, "time": "2025-12-07T04:00:00", "date": "2025-12-07", "hour": 4}}, {"type": "Feature", "geometry": {"type": "Point", "coordinates": [13.0, 55.0]}, "properties": {"value": 7.134, "time": "2025-12-07T04:00:00", "date": "2025-12-07", "hour": 4}}, {"type": "Feature", "geometry": {"type": "Point", "coordinates": [13.25, 55.0]}, "properties": {"value": 7.271, "time": "2025-12-07T04:00:00", "date": "2025-12-07", "hour": 4}}, {"type": "Feature", "geometry": {"type": "Point", "coordinates": [13.5, 55.0]}, "properties": {"value": 7.294, "time": "2025-12-07T04:00:00", "date": "2025-12-07", "hour": 4}}, {"type": "Feature", "geometry": {"type": "Point", "coordinates": [13.75, 55.0]}, "properties": {"value": 7.401, "time": "2025-12-07T04:00:00", "date": "2025-12-07", "hour": 4}}, {"type": "Feature", "geometry": {"type": "Point", "coordinates": [14.0, 55.0]}, "properties": {"value": 7.335, "time": "2025-12-07T04:00:00", "date": "2025-12-07", "hour": 4}}, {"type": "Feature", "geometry": {"type": "Point", "coordinates": [14.25, 55.0]}, "properties": {"value": 7.27, "time": "2025-12-07T04:00:00", "date": "2025-12-07", "hour": 4}}, {"type": "Feature", "geometry": {"type": "Point", "coordinates": [14.5, 55.0]}, "properties": {"value": 7.175, "time": "2025-12-07T04:00:00", "date": "2025-12-07", "hour": 4}}, {"type": "Feature", "geometry": {"type": "Point", "coordinates": [14.75, 55.0]}, "properties": {"value": 7.097, "time": "2025-12-07T04:00:00", "date": "2025-12-07", "hour": 4}}, {"type": "Feature", "geometry": {"type": "Point", "coordinates": [15.0, 55.0]}, "properties": {"value": 6.994, "time": "2025-12-07T04:00:00", "date": "2025-12-07", "hour": 4}}, {"type": "Feature", "geometry": {"type": "Point", "coordinates": [5.25, 52.75]}, "properties": {"value": 6.147, "time": "2025-12-07T05:00:00", "date": "2025-12-07", "hour": 5}}, {"type": "Feature", "geometry": {"type": "Point", "coordinates": [5.5, 52.75]}, "properties": {"value": 6.16, "time": "2025-12-07T05:00:00", "date": "2025-12-07", "hour": 5}}, {"type": "Feature", "geometry": {"type": "Point", "coordinates": [5.0, 53.0]}, "properties": {"value": 7.171, "time": "2025-12-07T05:00:00", "date": "2025-12-07", "hour": 5}}, {"type": "Feature", "geometry": {"type": "Point", "coordinates": [5.25, 53.0]}, "properties": {"value": 6.439, "time": "2025-12-07T05:00:00", "date": "2025-12-07", "hour": 5}}, {"type": "Feature", "geometry": {"type": "Point", "coordinates": [5.5, 53.0]}, "properties": {"value": 5.924, "time": "2025-12-07T05:00:00", "date": "2025-12-07", "hour": 5}}, {"type": "Feature", "geometry": {"type": "Point", "coordinates": [5.0, 53.25]}, "properties": {"value": 7.865, "time": "2025-12-07T05:00:00", "date": "2025-12-07", "hour": 5}}, {"type": "Feature", "geometry": {"type": "Point", "coordinates": [5.25, 53.25]}, "properties": {"value": 6.932, "time": "2025-12-07T05:00:00", "date": "2025-12-07", "hour": 5}}, {"type": "Feature", "geometry": {"type": "Point", "coordinates": [5.5, 53.25]}, "properties": {"value": 6.369, "time": "2025-12-07T05:00:00", "date": "2025-12-07", "hour": 5}}, {"type": "Feature", "geometry": {"type": "Point", "coordinates": [5.0, 53.5]}, "properties": {"value": 9.501, "time": "2025-12-07T05:00:00", "date": "2025-12-07", "hour": 5}}, {"type": "Feature", "geometry": {"type": "Point", "coordinates": [5.25, 53.5]}, "properties": {"value": 8.861, "time": "2025-12-07T05:00:00", "date": "2025-12-07", "hour": 5}}, {"type": "Feature", "geometry": {"type": "Point", "coordinates": [5.5, 53.5]}, "properties": {"value": 8.653, "time": "2025-12-07T05:00:00", "date": "2025-12-07", "hour": 5}}, {"type": "Feature", "geometry": {"type": "Point", "coordinates": [5.75, 53.5]}, "properties": {"value": 8.293, "time": "2025-12-07T05:00:00", "date": "2025-12-07", "hour": 5}}, {"type": "Feature", "geometry": {"type": "Point", "coordinates": [6.0, 53.5]}, "properties": {"value": 7.801, "time": "2025-12-07T05:00:00", "date": "2025-12-07", "hour": 5}}, {"type": "Feature", "geometry": {"type": "Point", "coordinates": [6.25, 53.5]}, "properties": {"value": 7.239, "time": "2025-12-07T05:00:00", "date": "2025-12-07", "hour": 5}}, {"type": "Feature", "geometry": {"type": "Point", "coordinates": [6.5, 53.5]}, "properties": {"value": 6.941, "time": "2025-12-07T05:00:00", "date": "2025-12-07", "hour": 5}}, {"type": "Feature", "geometry": {"type": "Point", "coordinates": [6.75, 53.5]}, "properties": {"value": 6.41, "time": "2025-12-07T05:00:00", "date": "2025-12-07", "hour": 5}}, {"type": "Feature", "geometry": {"type": "Point", "coordinates": [5.0, 53.75]}, "properties": {"value": 10.179, "time": "2025-12-07T05:00:00", "date": "2025-12-07", "hour": 5}}, {"type": "Feature", "geometry": {"type": "Point", "coordinates": [5.25, 53.75]}, "properties": {"value": 9.873, "time": "2025-12-07T05:00:00", "date": "2025-12-07", "hour": 5}}, {"type": "Feature", "geometry": {"type": "Point", "coordinates": [5.5, 53.75]}, "properties": {"value": 9.645, "time": "2025-12-07T05:00:00", "date": "2025-12-07", "hour": 5}}, {"type": "Feature", "geometry": {"type": "Point", "coordinates": [5.75, 53.75]}, "properties": {"value": 9.381, "time": "2025-12-07T05:00:00", "date": "2025-12-07", "hour": 5}}, {"type": "Feature", "geometry": {"type": "Point", "coordinates": [6.0, 53.75]}, "properties": {"value": 8.995, "time": "2025-12-07T05:00:00", "date": "2025-12-07", "hour": 5}}, {"type": "Feature", "geometry": {"type": "Point", "coordinates": [6.25, 53.75]}, "properties": {"value": 8.739, "time": "2025-12-07T05:00:00", "date": "2025-12-07", "hour": 5}}, {"type": "Feature", "geometry": {"type": "Point", "coordinates": [6.5, 53.75]}, "properties": {"value": 8.275, "time": "2025-12-07T05:00:00", "date": "2025-12-07", "hour": 5}}, {"type": "Feature", "geometry": {"type": "Point", "coordinates": [6.75, 53.75]}, "properties": {"value": 7.785, "time": "2025-12-07T05:00:00", "date": "2025-12-07", "hour": 5}}, {"type": "Feature", "geometry": {"type": "Point", "coordinates": [7.0, 53.75]}, "properties": {"value": 7.909, "time": "2025-12-07T05:00:00", "date": "2025-12-07", "hour": 5}}, {"type": "Feature", "geometry": {"type": "Point", "coordinates": [7.25, 53.75]}, "properties": {"value": 7.525, "time": "2025-12-07T05:00:00", "date": "2025-12-07", "hour": 5}}, {"type": "Feature", "geometry": {"type": "Point", "coordinates": [7.5, 53.75]}, "properties": {"value": 7.782, "time": "2025-12-07T05:00:00", "date": "2025-12-07", "hour": 5}}, {"type": "Feature", "geometry": {"type": "Point", "coordinates": [7.75, 53.75]}, "properties": {"value": 7.825, "time": "2025-12-07T05:00:00", "date": "2025-12-07", "hour": 5}}, {"type": "Feature", "geometry": {"type": "Point", "coordinates": [8.0, 53.75]}, "properties": {"value": 7.579, "time": "2025-12-07T05:00:00", "date": "2025-12-07", "hour": 5}}, {"type": "Feature", "geometry": {"type": "Point", "coordinates": [8.25, 53.75]}, "properties": {"value": 6.981, "time": "2025-12-07T05:00:00", "date": "2025-12-07", "hour": 5}}, {"type": "Feature", "geometry": {"type": "Point", "coordinates": [8.5, 53.75]}, "properties": {"value": 6.347, "time": "2025-12-07T05:00:00", "date": "2025-12-07", "hour": 5}}, {"type": "Feature", "geometry": {"type": "Point", "coordinates": [8.75, 53.75]}, "properties": {"value": 6.347, "time": "2025-12-07T05:00:00", "date": "2025-12-07", "hour": 5}}, {"type": "Feature", "geometry": {"type": "Point", "coordinates": [14.25, 53.75]}, "properties": {"value": 2.389, "time": "2025-12-07T05:00:00", "date": "2025-12-07", "hour": 5}}, {"type": "Feature", "geometry": {"type": "Point", "coordinates": [14.5, 53.75]}, "properties": {"value": 2.389, "time": "2025-12-07T05:00:00", "date": "2025-12-07", "hour": 5}}, {"type": "Feature", "geometry": {"type": "Point", "coordinates": [5.0, 54.0]}, "properties": {"value": 10.438, "time": "2025-12-07T05:00:00", "date": "2025-12-07", "hour": 5}}, {"type": "Feature", "geometry": {"type": "Point", "coordinates": [5.25, 54.0]}, "properties": {"value": 10.368, "time": "2025-12-07T05:00:00", "date": "2025-12-07", "hour": 5}}, {"type": "Feature", "geometry": {"type": "Point", "coordinates": [5.5, 54.0]}, "properties": {"value": 10.141, "time": "2025-12-07T05:00:00", "date": "2025-12-07", "hour": 5}}, {"type": "Feature", "geometry": {"type": "Point", "coordinates": [5.75, 54.0]}, "properties": {"value": 9.927, "time": "2025-12-07T05:00:00", "date": "2025-12-07", "hour": 5}}, {"type": "Feature", "geometry": {"type": "Point", "coordinates": [6.0, 54.0]}, "properties": {"value": 9.776, "time": "2025-12-07T05:00:00", "date": "2025-12-07", "hour": 5}}, {"type": "Feature", "geometry": {"type": "Point", "coordinates": [6.25, 54.0]}, "properties": {"value": 9.597, "time": "2025-12-07T05:00:00", "date": "2025-12-07", "hour": 5}}, {"type": "Feature", "geometry": {"type": "Point", "coordinates": [6.5, 54.0]}, "properties": {"value": 9.186, "time": "2025-12-07T05:00:00", "date": "2025-12-07", "hour": 5}}, {"type": "Feature", "geometry": {"type": "Point", "coordinates": [6.75, 54.0]}, "properties": {"value": 8.976, "time": "2025-12-07T05:00:00", "date": "2025-12-07", "hour": 5}}, {"type": "Feature", "geometry": {"type": "Point", "coordinates": [7.0, 54.0]}, "properties": {"value": 8.887, "time": "2025-12-07T05:00:00", "date": "2025-12-07", "hour": 5}}, {"type": "Feature", "geometry": {"type": "Point", "coordinates": [7.25, 54.0]}, "properties": {"value": 8.651, "time": "2025-12-07T05:00:00", "date": "2025-12-07", "hour": 5}}, {"type": "Feature", "geometry": {"type": "Point", "coordinates": [7.5, 54.0]}, "properties": {"value": 8.716, "time": "2025-12-07T05:00:00", "date": "2025-12-07", "hour": 5}}, {"type": "Feature", "geometry": {"type": "Point", "coordinates": [7.75, 54.0]}, "properties": {"value": 8.667, "time": "2025-12-07T05:00:00", "date": "2025-12-07", "hour": 5}}, {"type": "Feature", "geometry": {"type": "Point", "coordinates": [8.0, 54.0]}, "properties": {"value": 8.566, "time": "2025-12-07T05:00:00", "date": "2025-12-07", "hour": 5}}, {"type": "Feature", "geometry": {"type": "Point", "coordinates": [8.25, 54.0]}, "properties": {"value": 8.113, "time": "2025-12-07T05:00:00", "date": "2025-12-07", "hour": 5}}, {"type": "Feature", "geometry": {"type": "Point", "coordinates": [8.5, 54.0]}, "properties": {"value": 6.776, "time": "2025-12-07T05:00:00", "date": "2025-12-07", "hour": 5}}, {"type": "Feature", "geometry": {"type": "Point", "coordinates": [11.25, 54.0]}, "properties": {"value": 5.168, "time": "2025-12-07T05:00:00", "date": "2025-12-07", "hour": 5}}, {"type": "Feature", "geometry": {"type": "Point", "coordinates": [14.0, 54.0]}, "properties": {"value": 3.979, "time": "2025-12-07T05:00:00", "date": "2025-12-07", "hour": 5}}, {"type": "Feature", "geometry": {"type": "Point", "coordinates": [14.25, 54.0]}, "properties": {"value": 4.777, "time": "2025-12-07T05:00:00", "date": "2025-12-07", "hour": 5}}, {"type": "Feature", "geometry": {"type": "Point", "coordinates": [14.5, 54.0]}, "properties": {"value": 4.438, "time": "2025-12-07T05:00:00", "date": "2025-12-07", "hour": 5}}, {"type": "Feature", "geometry": {"type": "Point", "coordinates": [14.75, 54.0]}, "properties": {"value": 4.948, "time": "2025-12-07T05:00:00", "date": "2025-12-07", "hour": 5}}, {"type": "Feature", "geometry": {"type": "Point", "coordinates": [5.0, 54.25]}, "properties": {"value": 10.514, "time": "2025-12-07T05:00:00", "date": "2025-12-07", "hour": 5}}, {"type": "Feature", "geometry": {"type": "Point", "coordinates": [5.25, 54.25]}, "properties": {"value": 10.461, "time": "2025-12-07T05:00:00", "date": "2025-12-07", "hour": 5}}, {"type": "Feature", "geometry": {"type": "Point", "coordinates": [5.5, 54.25]}, "properties": {"value": 10.37, "time": "2025-12-07T05:00:00", "date": "2025-12-07", "hour": 5}}, {"type": "Feature", "geometry": {"type": "Point", "coordinates": [5.75, 54.25]}, "properties": {"value": 10.193, "time": "2025-12-07T05:00:00", "date": "2025-12-07", "hour": 5}}, {"type": "Feature", "geometry": {"type": "Point", "coordinates": [6.0, 54.25]}, "properties": {"value": 10.126, "time": "2025-12-07T05:00:00", "date": "2025-12-07", "hour": 5}}, {"type": "Feature", "geometry": {"type": "Point", "coordinates": [6.25, 54.25]}, "properties": {"value": 10.002, "time": "2025-12-07T05:00:00", "date": "2025-12-07", "hour": 5}}, {"type": "Feature", "geometry": {"type": "Point", "coordinates": [6.5, 54.25]}, "properties": {"value": 9.844, "time": "2025-12-07T05:00:00", "date": "2025-12-07", "hour": 5}}, {"type": "Feature", "geometry": {"type": "Point", "coordinates": [6.75, 54.25]}, "properties": {"value": 9.685, "time": "2025-12-07T05:00:00", "date": "2025-12-07", "hour": 5}}, {"type": "Feature", "geometry": {"type": "Point", "coordinates": [7.0, 54.25]}, "properties": {"value": 9.6, "time": "2025-12-07T05:00:00", "date": "2025-12-07", "hour": 5}}, {"type": "Feature", "geometry": {"type": "Point", "coordinates": [7.25, 54.25]}, "properties": {"value": 9.517, "time": "2025-12-07T05:00:00", "date": "2025-12-07", "hour": 5}}, {"type": "Feature", "geometry": {"type": "Point", "coordinates": [7.5, 54.25]}, "properties": {"value": 9.463, "time": "2025-12-07T05:00:00", "date": "2025-12-07", "hour": 5}}, {"type": "Feature", "geometry": {"type": "Point", "coordinates": [7.75, 54.25]}, "properties": {"value": 9.033, "time": "2025-12-07T05:00:00", "date": "2025-12-07", "hour": 5}}, {"type": "Feature", "geometry": {"type": "Point", "coordinates": [8.0, 54.25]}, "properties": {"value": 8.815, "time": "2025-12-07T05:00:00", "date": "2025-12-07", "hour": 5}}, {"type": "Feature", "geometry": {"type": "Point", "coordinates": [8.25, 54.25]}, "properties": {"value": 7.76, "time": "2025-12-07T05:00:00", "date": "2025-12-07", "hour": 5}}, {"type": "Feature", "geometry": {"type": "Point", "coordinates": [8.5, 54.25]}, "properties": {"value": 6.486, "time": "2025-12-07T05:00:00", "date": "2025-12-07", "hour": 5}}, {"type": "Feature", "geometry": {"type": "Point", "coordinates": [10.75, 54.25]}, "properties": {"value": 5.775, "time": "2025-12-07T05:00:00", "date": "2025-12-07", "hour": 5}}, {"type": "Feature", "geometry": {"type": "Point", "coordinates": [11.25, 54.25]}, "properties": {"value": 5.602, "time": "2025-12-07T05:00:00", "date": "2025-12-07", "hour": 5}}, {"type": "Feature", "geometry": {"type": "Point", "coordinates": [11.75, 54.25]}, "properties": {"value": 6.159, "time": "2025-12-07T05:00:00", "date": "2025-12-07", "hour": 5}}, {"type": "Feature", "geometry": {"type": "Point", "coordinates": [12.25, 54.25]}, "properties": {"value": 6.117, "time": "2025-12-07T05:00:00", "date": "2025-12-07", "hour": 5}}, {"type": "Feature", "geometry": {"type": "Point", "coordinates": [13.75, 54.25]}, "properties": {"value": 4.522, "time": "2025-12-07T05:00:00", "date": "2025-12-07", "hour": 5}}, {"type": "Feature", "geometry": {"type": "Point", "coordinates": [14.0, 54.25]}, "properties": {"value": 4.784, "time": "2025-12-07T05:00:00", "date": "2025-12-07", "hour": 5}}, {"type": "Feature", "geometry": {"type": "Point", "coordinates": [14.25, 54.25]}, "properties": {"value": 5.295, "time": "2025-12-07T05:00:00", "date": "2025-12-07", "hour": 5}}, {"type": "Feature", "geometry": {"type": "Point", "coordinates": [14.5, 54.25]}, "properties": {"value": 5.434, "time": "2025-12-07T05:00:00", "date": "2025-12-07", "hour": 5}}, {"type": "Feature", "geometry": {"type": "Point", "coordinates": [14.75, 54.25]}, "properties": {"value": 5.709, "time": "2025-12-07T05:00:00", "date": "2025-12-07", "hour": 5}}, {"type": "Feature", "geometry": {"type": "Point", "coordinates": [15.0, 54.25]}, "properties": {"value": 6.474, "time": "2025-12-07T05:00:00", "date": "2025-12-07", "hour": 5}}, {"type": "Feature", "geometry": {"type": "Point", "coordinates": [5.0, 54.5]}, "properties": {"value": 10.537, "time": "2025-12-07T05:00:00", "date": "2025-12-07", "hour": 5}}, {"type": "Feature", "geometry": {"type": "Point", "coordinates": [5.25, 54.5]}, "properties": {"value": 10.545, "time": "2025-12-07T05:00:00", "date": "2025-12-07", "hour": 5}}, {"type": "Feature", "geometry": {"type": "Point", "coordinates": [5.5, 54.5]}, "properties": {"value": 10.5, "time": "2025-12-07T05:00:00", "date": "2025-12-07", "hour": 5}}, {"type": "Feature", "geometry": {"type": "Point", "coordinates": [5.75, 54.5]}, "properties": {"value": 10.423, "time": "2025-12-07T05:00:00", "date": "2025-12-07", "hour": 5}}, {"type": "Feature", "geometry": {"type": "Point", "coordinates": [6.0, 54.5]}, "properties": {"value": 10.375, "time": "2025-12-07T05:00:00", "date": "2025-12-07", "hour": 5}}, {"type": "Feature", "geometry": {"type": "Point", "coordinates": [6.25, 54.5]}, "properties": {"value": 10.318, "time": "2025-12-07T05:00:00", "date": "2025-12-07", "hour": 5}}, {"type": "Feature", "geometry": {"type": "Point", "coordinates": [6.5, 54.5]}, "properties": {"value": 10.188, "time": "2025-12-07T05:00:00", "date": "2025-12-07", "hour": 5}}, {"type": "Feature", "geometry": {"type": "Point", "coordinates": [6.75, 54.5]}, "properties": {"value": 10.09, "time": "2025-12-07T05:00:00", "date": "2025-12-07", "hour": 5}}, {"type": "Feature", "geometry": {"type": "Point", "coordinates": [7.0, 54.5]}, "properties": {"value": 9.96, "time": "2025-12-07T05:00:00", "date": "2025-12-07", "hour": 5}}, {"type": "Feature", "geometry": {"type": "Point", "coordinates": [7.25, 54.5]}, "properties": {"value": 9.758, "time": "2025-12-07T05:00:00", "date": "2025-12-07", "hour": 5}}, {"type": "Feature", "geometry": {"type": "Point", "coordinates": [7.5, 54.5]}, "properties": {"value": 9.68, "time": "2025-12-07T05:00:00", "date": "2025-12-07", "hour": 5}}, {"type": "Feature", "geometry": {"type": "Point", "coordinates": [7.75, 54.5]}, "properties": {"value": 9.1, "time": "2025-12-07T05:00:00", "date": "2025-12-07", "hour": 5}}, {"type": "Feature", "geometry": {"type": "Point", "coordinates": [8.0, 54.5]}, "properties": {"value": 7.947, "time": "2025-12-07T05:00:00", "date": "2025-12-07", "hour": 5}}, {"type": "Feature", "geometry": {"type": "Point", "coordinates": [8.25, 54.5]}, "properties": {"value": 6.944, "time": "2025-12-07T05:00:00", "date": "2025-12-07", "hour": 5}}, {"type": "Feature", "geometry": {"type": "Point", "coordinates": [8.5, 54.5]}, "properties": {"value": 6.008, "time": "2025-12-07T05:00:00", "date": "2025-12-07", "hour": 5}}, {"type": "Feature", "geometry": {"type": "Point", "coordinates": [10.5, 54.5]}, "properties": {"value": 5.923, "time": "2025-12-07T05:00:00", "date": "2025-12-07", "hour": 5}}, {"type": "Feature", "geometry": {"type": "Point", "coordinates": [10.75, 54.5]}, "properties": {"value": 5.939, "time": "2025-12-07T05:00:00", "date": "2025-12-07", "hour": 5}}, {"type": "Feature", "geometry": {"type": "Point", "coordinates": [11.0, 54.5]}, "properties": {"value": 5.803, "time": "2025-12-07T05:00:00", "date": "2025-12-07", "hour": 5}}, {"type": "Feature", "geometry": {"type": "Point", "coordinates": [11.25, 54.5]}, "properties": {"value": 5.907, "time": "2025-12-07T05:00:00", "date": "2025-12-07", "hour": 5}}, {"type": "Feature", "geometry": {"type": "Point", "coordinates": [11.5, 54.5]}, "properties": {"value": 6.007, "time": "2025-12-07T05:00:00", "date": "2025-12-07", "hour": 5}}, {"type": "Feature", "geometry": {"type": "Point", "coordinates": [11.75, 54.5]}, "properties": {"value": 6.186, "time": "2025-12-07T05:00:00", "date": "2025-12-07", "hour": 5}}, {"type": "Feature", "geometry": {"type": "Point", "coordinates": [12.0, 54.5]}, "properties": {"value": 6.258, "time": "2025-12-07T05:00:00", "date": "2025-12-07", "hour": 5}}, {"type": "Feature", "geometry": {"type": "Point", "coordinates": [12.25, 54.5]}, "properties": {"value": 6.26, "time": "2025-12-07T05:00:00", "date": "2025-12-07", "hour": 5}}, {"type": "Feature", "geometry": {"type": "Point", "coordinates": [13.0, 54.5]}, "properties": {"value": 6.794, "time": "2025-12-07T05:00:00", "date": "2025-12-07", "hour": 5}}, {"type": "Feature", "geometry": {"type": "Point", "coordinates": [13.25, 54.5]}, "properties": {"value": 6.152, "time": "2025-12-07T05:00:00", "date": "2025-12-07", "hour": 5}}, {"type": "Feature", "geometry": {"type": "Point", "coordinates": [13.5, 54.5]}, "properties": {"value": 5.82, "time": "2025-12-07T05:00:00", "date": "2025-12-07", "hour": 5}}, {"type": "Feature", "geometry": {"type": "Point", "coordinates": [13.75, 54.5]}, "properties": {"value": 5.728, "time": "2025-12-07T05:00:00", "date": "2025-12-07", "hour": 5}}, {"type": "Feature", "geometry": {"type": "Point", "coordinates": [14.0, 54.5]}, "properties": {"value": 5.939, "time": "2025-12-07T05:00:00", "date": "2025-12-07", "hour": 5}}, {"type": "Feature", "geometry": {"type": "Point", "coordinates": [14.25, 54.5]}, "properties": {"value": 6.117, "time": "2025-12-07T05:00:00", "date": "2025-12-07", "hour": 5}}, {"type": "Feature", "geometry": {"type": "Point", "coordinates": [14.5, 54.5]}, "properties": {"value": 6.426, "time": "2025-12-07T05:00:00", "date": "2025-12-07", "hour": 5}}, {"type": "Feature", "geometry": {"type": "Point", "coordinates": [14.75, 54.5]}, "properties": {"value": 6.671, "time": "2025-12-07T05:00:00", "date": "2025-12-07", "hour": 5}}, {"type": "Feature", "geometry": {"type": "Point", "coordinates": [15.0, 54.5]}, "properties": {"value": 7.412, "time": "2025-12-07T05:00:00", "date": "2025-12-07", "hour": 5}}, {"type": "Feature", "geometry": {"type": "Point", "coordinates": [5.0, 54.75]}, "properties": {"value": 10.535, "time": "2025-12-07T05:00:00", "date": "2025-12-07", "hour": 5}}, {"type": "Feature", "geometry": {"type": "Point", "coordinates": [5.25, 54.75]}, "properties": {"value": 10.543, "time": "2025-12-07T05:00:00", "date": "2025-12-07", "hour": 5}}, {"type": "Feature", "geometry": {"type": "Point", "coordinates": [5.5, 54.75]}, "properties": {"value": 10.564, "time": "2025-12-07T05:00:00", "date": "2025-12-07", "hour": 5}}, {"type": "Feature", "geometry": {"type": "Point", "coordinates": [5.75, 54.75]}, "properties": {"value": 10.557, "time": "2025-12-07T05:00:00", "date": "2025-12-07", "hour": 5}}, {"type": "Feature", "geometry": {"type": "Point", "coordinates": [6.0, 54.75]}, "properties": {"value": 10.525, "time": "2025-12-07T05:00:00", "date": "2025-12-07", "hour": 5}}, {"type": "Feature", "geometry": {"type": "Point", "coordinates": [6.25, 54.75]}, "properties": {"value": 10.467, "time": "2025-12-07T05:00:00", "date": "2025-12-07", "hour": 5}}, {"type": "Feature", "geometry": {"type": "Point", "coordinates": [6.5, 54.75]}, "properties": {"value": 10.396, "time": "2025-12-07T05:00:00", "date": "2025-12-07", "hour": 5}}, {"type": "Feature", "geometry": {"type": "Point", "coordinates": [6.75, 54.75]}, "properties": {"value": 10.212, "time": "2025-12-07T05:00:00", "date": "2025-12-07", "hour": 5}}, {"type": "Feature", "geometry": {"type": "Point", "coordinates": [7.0, 54.75]}, "properties": {"value": 10.06, "time": "2025-12-07T05:00:00", "date": "2025-12-07", "hour": 5}}, {"type": "Feature", "geometry": {"type": "Point", "coordinates": [7.25, 54.75]}, "properties": {"value": 9.85, "time": "2025-12-07T05:00:00", "date": "2025-12-07", "hour": 5}}, {"type": "Feature", "geometry": {"type": "Point", "coordinates": [7.5, 54.75]}, "properties": {"value": 9.634, "time": "2025-12-07T05:00:00", "date": "2025-12-07", "hour": 5}}, {"type": "Feature", "geometry": {"type": "Point", "coordinates": [7.75, 54.75]}, "properties": {"value": 8.565, "time": "2025-12-07T05:00:00", "date": "2025-12-07", "hour": 5}}, {"type": "Feature", "geometry": {"type": "Point", "coordinates": [8.0, 54.75]}, "properties": {"value": 7.371, "time": "2025-12-07T05:00:00", "date": "2025-12-07", "hour": 5}}, {"type": "Feature", "geometry": {"type": "Point", "coordinates": [8.25, 54.75]}, "properties": {"value": 6.455, "time": "2025-12-07T05:00:00", "date": "2025-12-07", "hour": 5}}, {"type": "Feature", "geometry": {"type": "Point", "coordinates": [8.5, 54.75]}, "properties": {"value": 5.504, "time": "2025-12-07T05:00:00", "date": "2025-12-07", "hour": 5}}, {"type": "Feature", "geometry": {"type": "Point", "coordinates": [10.25, 54.75]}, "properties": {"value": 5.886, "time": "2025-12-07T05:00:00", "date": "2025-12-07", "hour": 5}}, {"type": "Feature", "geometry": {"type": "Point", "coordinates": [10.5, 54.75]}, "properties": {"value": 5.945, "time": "2025-12-07T05:00:00", "date": "2025-12-07", "hour": 5}}, {"type": "Feature", "geometry": {"type": "Point", "coordinates": [10.75, 54.75]}, "properties": {"value": 6.005, "time": "2025-12-07T05:00:00", "date": "2025-12-07", "hour": 5}}, {"type": "Feature", "geometry": {"type": "Point", "coordinates": [11.0, 54.75]}, "properties": {"value": 5.849, "time": "2025-12-07T05:00:00", "date": "2025-12-07", "hour": 5}}, {"type": "Feature", "geometry": {"type": "Point", "coordinates": [11.25, 54.75]}, "properties": {"value": 5.778, "time": "2025-12-07T05:00:00", "date": "2025-12-07", "hour": 5}}, {"type": "Feature", "geometry": {"type": "Point", "coordinates": [11.5, 54.75]}, "properties": {"value": 5.631, "time": "2025-12-07T05:00:00", "date": "2025-12-07", "hour": 5}}, {"type": "Feature", "geometry": {"type": "Point", "coordinates": [12.0, 54.75]}, "properties": {"value": 6.04, "time": "2025-12-07T05:00:00", "date": "2025-12-07", "hour": 5}}, {"type": "Feature", "geometry": {"type": "Point", "coordinates": [12.25, 54.75]}, "properties": {"value": 6.34, "time": "2025-12-07T05:00:00", "date": "2025-12-07", "hour": 5}}, {"type": "Feature", "geometry": {"type": "Point", "coordinates": [12.5, 54.75]}, "properties": {"value": 6.741, "time": "2025-12-07T05:00:00", "date": "2025-12-07", "hour": 5}}, {"type": "Feature", "geometry": {"type": "Point", "coordinates": [12.75, 54.75]}, "properties": {"value": 6.892, "time": "2025-12-07T05:00:00", "date": "2025-12-07", "hour": 5}}, {"type": "Feature", "geometry": {"type": "Point", "coordinates": [13.0, 54.75]}, "properties": {"value": 6.836, "time": "2025-12-07T05:00:00", "date": "2025-12-07", "hour": 5}}, {"type": "Feature", "geometry": {"type": "Point", "coordinates": [13.25, 54.75]}, "properties": {"value": 6.974, "time": "2025-12-07T05:00:00", "date": "2025-12-07", "hour": 5}}, {"type": "Feature", "geometry": {"type": "Point", "coordinates": [13.5, 54.75]}, "properties": {"value": 6.945, "time": "2025-12-07T05:00:00", "date": "2025-12-07", "hour": 5}}, {"type": "Feature", "geometry": {"type": "Point", "coordinates": [13.75, 54.75]}, "properties": {"value": 6.854, "time": "2025-12-07T05:00:00", "date": "2025-12-07", "hour": 5}}, {"type": "Feature", "geometry": {"type": "Point", "coordinates": [14.0, 54.75]}, "properties": {"value": 6.747, "time": "2025-12-07T05:00:00", "date": "2025-12-07", "hour": 5}}, {"type": "Feature", "geometry": {"type": "Point", "coordinates": [14.25, 54.75]}, "properties": {"value": 6.752, "time": "2025-12-07T05:00:00", "date": "2025-12-07", "hour": 5}}, {"type": "Feature", "geometry": {"type": "Point", "coordinates": [14.5, 54.75]}, "properties": {"value": 7.137, "time": "2025-12-07T05:00:00", "date": "2025-12-07", "hour": 5}}, {"type": "Feature", "geometry": {"type": "Point", "coordinates": [14.75, 54.75]}, "properties": {"value": 7.339, "time": "2025-12-07T05:00:00", "date": "2025-12-07", "hour": 5}}, {"type": "Feature", "geometry": {"type": "Point", "coordinates": [15.0, 54.75]}, "properties": {"value": 7.349, "time": "2025-12-07T05:00:00", "date": "2025-12-07", "hour": 5}}, {"type": "Feature", "geometry": {"type": "Point", "coordinates": [5.0, 55.0]}, "properties": {"value": 10.501, "time": "2025-12-07T05:00:00", "date": "2025-12-07", "hour": 5}}, {"type": "Feature", "geometry": {"type": "Point", "coordinates": [5.25, 55.0]}, "properties": {"value": 10.594, "time": "2025-12-07T05:00:00", "date": "2025-12-07", "hour": 5}}, {"type": "Feature", "geometry": {"type": "Point", "coordinates": [5.5, 55.0]}, "properties": {"value": 10.628, "time": "2025-12-07T05:00:00", "date": "2025-12-07", "hour": 5}}, {"type": "Feature", "geometry": {"type": "Point", "coordinates": [5.75, 55.0]}, "properties": {"value": 10.621, "time": "2025-12-07T05:00:00", "date": "2025-12-07", "hour": 5}}, {"type": "Feature", "geometry": {"type": "Point", "coordinates": [6.0, 55.0]}, "properties": {"value": 10.575, "time": "2025-12-07T05:00:00", "date": "2025-12-07", "hour": 5}}, {"type": "Feature", "geometry": {"type": "Point", "coordinates": [6.25, 55.0]}, "properties": {"value": 10.524, "time": "2025-12-07T05:00:00", "date": "2025-12-07", "hour": 5}}, {"type": "Feature", "geometry": {"type": "Point", "coordinates": [6.5, 55.0]}, "properties": {"value": 10.459, "time": "2025-12-07T05:00:00", "date": "2025-12-07", "hour": 5}}, {"type": "Feature", "geometry": {"type": "Point", "coordinates": [6.75, 55.0]}, "properties": {"value": 10.262, "time": "2025-12-07T05:00:00", "date": "2025-12-07", "hour": 5}}, {"type": "Feature", "geometry": {"type": "Point", "coordinates": [7.0, 55.0]}, "properties": {"value": 10.023, "time": "2025-12-07T05:00:00", "date": "2025-12-07", "hour": 5}}, {"type": "Feature", "geometry": {"type": "Point", "coordinates": [7.25, 55.0]}, "properties": {"value": 9.816, "time": "2025-12-07T05:00:00", "date": "2025-12-07", "hour": 5}}, {"type": "Feature", "geometry": {"type": "Point", "coordinates": [7.5, 55.0]}, "properties": {"value": 9.605, "time": "2025-12-07T05:00:00", "date": "2025-12-07", "hour": 5}}, {"type": "Feature", "geometry": {"type": "Point", "coordinates": [7.75, 55.0]}, "properties": {"value": 8.652, "time": "2025-12-07T05:00:00", "date": "2025-12-07", "hour": 5}}, {"type": "Feature", "geometry": {"type": "Point", "coordinates": [8.0, 55.0]}, "properties": {"value": 7.711, "time": "2025-12-07T05:00:00", "date": "2025-12-07", "hour": 5}}, {"type": "Feature", "geometry": {"type": "Point", "coordinates": [8.25, 55.0]}, "properties": {"value": 6.254, "time": "2025-12-07T05:00:00", "date": "2025-12-07", "hour": 5}}, {"type": "Feature", "geometry": {"type": "Point", "coordinates": [8.5, 55.0]}, "properties": {"value": 5.184, "time": "2025-12-07T05:00:00", "date": "2025-12-07", "hour": 5}}, {"type": "Feature", "geometry": {"type": "Point", "coordinates": [10.25, 55.0]}, "properties": {"value": 5.238, "time": "2025-12-07T05:00:00", "date": "2025-12-07", "hour": 5}}, {"type": "Feature", "geometry": {"type": "Point", "coordinates": [10.5, 55.0]}, "properties": {"value": 5.455, "time": "2025-12-07T05:00:00", "date": "2025-12-07", "hour": 5}}, {"type": "Feature", "geometry": {"type": "Point", "coordinates": [10.75, 55.0]}, "properties": {"value": 5.668, "time": "2025-12-07T05:00:00", "date": "2025-12-07", "hour": 5}}, {"type": "Feature", "geometry": {"type": "Point", "coordinates": [11.0, 55.0]}, "properties": {"value": 5.631, "time": "2025-12-07T05:00:00", "date": "2025-12-07", "hour": 5}}, {"type": "Feature", "geometry": {"type": "Point", "coordinates": [11.25, 55.0]}, "properties": {"value": 5.641, "time": "2025-12-07T05:00:00", "date": "2025-12-07", "hour": 5}}, {"type": "Feature", "geometry": {"type": "Point", "coordinates": [11.5, 55.0]}, "properties": {"value": 5.463, "time": "2025-12-07T05:00:00", "date": "2025-12-07", "hour": 5}}, {"type": "Feature", "geometry": {"type": "Point", "coordinates": [11.75, 55.0]}, "properties": {"value": 5.352, "time": "2025-12-07T05:00:00", "date": "2025-12-07", "hour": 5}}, {"type": "Feature", "geometry": {"type": "Point", "coordinates": [12.0, 55.0]}, "properties": {"value": 5.536, "time": "2025-12-07T05:00:00", "date": "2025-12-07", "hour": 5}}, {"type": "Feature", "geometry": {"type": "Point", "coordinates": [12.25, 55.0]}, "properties": {"value": 5.914, "time": "2025-12-07T05:00:00", "date": "2025-12-07", "hour": 5}}, {"type": "Feature", "geometry": {"type": "Point", "coordinates": [12.5, 55.0]}, "properties": {"value": 6.672, "time": "2025-12-07T05:00:00", "date": "2025-12-07", "hour": 5}}, {"type": "Feature", "geometry": {"type": "Point", "coordinates": [12.75, 55.0]}, "properties": {"value": 6.882, "time": "2025-12-07T05:00:00", "date": "2025-12-07", "hour": 5}}, {"type": "Feature", "geometry": {"type": "Point", "coordinates": [13.0, 55.0]}, "properties": {"value": 7.134, "time": "2025-12-07T05:00:00", "date": "2025-12-07", "hour": 5}}, {"type": "Feature", "geometry": {"type": "Point", "coordinates": [13.25, 55.0]}, "properties": {"value": 7.271, "time": "2025-12-07T05:00:00", "date": "2025-12-07", "hour": 5}}, {"type": "Feature", "geometry": {"type": "Point", "coordinates": [13.5, 55.0]}, "properties": {"value": 7.294, "time": "2025-12-07T05:00:00", "date": "2025-12-07", "hour": 5}}, {"type": "Feature", "geometry": {"type": "Point", "coordinates": [13.75, 55.0]}, "properties": {"value": 7.401, "time": "2025-12-07T05:00:00", "date": "2025-12-07", "hour": 5}}, {"type": "Feature", "geometry": {"type": "Point", "coordinates": [14.0, 55.0]}, "properties": {"value": 7.335, "time": "2025-12-07T05:00:00", "date": "2025-12-07", "hour": 5}}, {"type": "Feature", "geometry": {"type": "Point", "coordinates": [14.25, 55.0]}, "properties": {"value": 7.27, "time": "2025-12-07T05:00:00", "date": "2025-12-07", "hour": 5}}, {"type": "Feature", "geometry": {"type": "Point", "coordinates": [14.5, 55.0]}, "properties": {"value": 7.175, "time": "2025-12-07T05:00:00", "date": "2025-12-07", "hour": 5}}, {"type": "Feature", "geometry": {"type": "Point", "coordinates": [14.75, 55.0]}, "properties": {"value": 7.097, "time": "2025-12-07T05:00:00", "date": "2025-12-07", "hour": 5}}, {"type": "Feature", "geometry": {"type": "Point", "coordinates": [15.0, 55.0]}, "properties": {"value": 6.994, "time": "2025-12-07T05:00:00", "date": "2025-12-07", "hour": 5}}, {"type": "Feature", "geometry": {"type": "Point", "coordinates": [5.25, 52.75]}, "properties": {"value": 6.147, "time": "2025-12-07T06:00:00", "date": "2025-12-07", "hour": 6}}, {"type": "Feature", "geometry": {"type": "Point", "coordinates": [5.5, 52.75]}, "properties": {"value": 6.16, "time": "2025-12-07T06:00:00", "date": "2025-12-07", "hour": 6}}, {"type": "Feature", "geometry": {"type": "Point", "coordinates": [5.0, 53.0]}, "properties": {"value": 7.171, "time": "2025-12-07T06:00:00", "date": "2025-12-07", "hour": 6}}, {"type": "Feature", "geometry": {"type": "Point", "coordinates": [5.25, 53.0]}, "properties": {"value": 6.439, "time": "2025-12-07T06:00:00", "date": "2025-12-07", "hour": 6}}, {"type": "Feature", "geometry": {"type": "Point", "coordinates": [5.5, 53.0]}, "properties": {"value": 5.924, "time": "2025-12-07T06:00:00", "date": "2025-12-07", "hour": 6}}, {"type": "Feature", "geometry": {"type": "Point", "coordinates": [5.0, 53.25]}, "properties": {"value": 7.865, "time": "2025-12-07T06:00:00", "date": "2025-12-07", "hour": 6}}, {"type": "Feature", "geometry": {"type": "Point", "coordinates": [5.25, 53.25]}, "properties": {"value": 6.932, "time": "2025-12-07T06:00:00", "date": "2025-12-07", "hour": 6}}, {"type": "Feature", "geometry": {"type": "Point", "coordinates": [5.5, 53.25]}, "properties": {"value": 6.369, "time": "2025-12-07T06:00:00", "date": "2025-12-07", "hour": 6}}, {"type": "Feature", "geometry": {"type": "Point", "coordinates": [5.0, 53.5]}, "properties": {"value": 9.501, "time": "2025-12-07T06:00:00", "date": "2025-12-07", "hour": 6}}, {"type": "Feature", "geometry": {"type": "Point", "coordinates": [5.25, 53.5]}, "properties": {"value": 8.861, "time": "2025-12-07T06:00:00", "date": "2025-12-07", "hour": 6}}, {"type": "Feature", "geometry": {"type": "Point", "coordinates": [5.5, 53.5]}, "properties": {"value": 8.653, "time": "2025-12-07T06:00:00", "date": "2025-12-07", "hour": 6}}, {"type": "Feature", "geometry": {"type": "Point", "coordinates": [5.75, 53.5]}, "properties": {"value": 8.293, "time": "2025-12-07T06:00:00", "date": "2025-12-07", "hour": 6}}, {"type": "Feature", "geometry": {"type": "Point", "coordinates": [6.0, 53.5]}, "properties": {"value": 7.801, "time": "2025-12-07T06:00:00", "date": "2025-12-07", "hour": 6}}, {"type": "Feature", "geometry": {"type": "Point", "coordinates": [6.25, 53.5]}, "properties": {"value": 7.239, "time": "2025-12-07T06:00:00", "date": "2025-12-07", "hour": 6}}, {"type": "Feature", "geometry": {"type": "Point", "coordinates": [6.5, 53.5]}, "properties": {"value": 6.941, "time": "2025-12-07T06:00:00", "date": "2025-12-07", "hour": 6}}, {"type": "Feature", "geometry": {"type": "Point", "coordinates": [6.75, 53.5]}, "properties": {"value": 6.41, "time": "2025-12-07T06:00:00", "date": "2025-12-07", "hour": 6}}, {"type": "Feature", "geometry": {"type": "Point", "coordinates": [5.0, 53.75]}, "properties": {"value": 10.179, "time": "2025-12-07T06:00:00", "date": "2025-12-07", "hour": 6}}, {"type": "Feature", "geometry": {"type": "Point", "coordinates": [5.25, 53.75]}, "properties": {"value": 9.873, "time": "2025-12-07T06:00:00", "date": "2025-12-07", "hour": 6}}, {"type": "Feature", "geometry": {"type": "Point", "coordinates": [5.5, 53.75]}, "properties": {"value": 9.645, "time": "2025-12-07T06:00:00", "date": "2025-12-07", "hour": 6}}, {"type": "Feature", "geometry": {"type": "Point", "coordinates": [5.75, 53.75]}, "properties": {"value": 9.381, "time": "2025-12-07T06:00:00", "date": "2025-12-07", "hour": 6}}, {"type": "Feature", "geometry": {"type": "Point", "coordinates": [6.0, 53.75]}, "properties": {"value": 8.995, "time": "2025-12-07T06:00:00", "date": "2025-12-07", "hour": 6}}, {"type": "Feature", "geometry": {"type": "Point", "coordinates": [6.25, 53.75]}, "properties": {"value": 8.739, "time": "2025-12-07T06:00:00", "date": "2025-12-07", "hour": 6}}, {"type": "Feature", "geometry": {"type": "Point", "coordinates": [6.5, 53.75]}, "properties": {"value": 8.275, "time": "2025-12-07T06:00:00", "date": "2025-12-07", "hour": 6}}, {"type": "Feature", "geometry": {"type": "Point", "coordinates": [6.75, 53.75]}, "properties": {"value": 7.785, "time": "2025-12-07T06:00:00", "date": "2025-12-07", "hour": 6}}, {"type": "Feature", "geometry": {"type": "Point", "coordinates": [7.0, 53.75]}, "properties": {"value": 7.909, "time": "2025-12-07T06:00:00", "date": "2025-12-07", "hour": 6}}, {"type": "Feature", "geometry": {"type": "Point", "coordinates": [7.25, 53.75]}, "properties": {"value": 7.525, "time": "2025-12-07T06:00:00", "date": "2025-12-07", "hour": 6}}, {"type": "Feature", "geometry": {"type": "Point", "coordinates": [7.5, 53.75]}, "properties": {"value": 7.782, "time": "2025-12-07T06:00:00", "date": "2025-12-07", "hour": 6}}, {"type": "Feature", "geometry": {"type": "Point", "coordinates": [7.75, 53.75]}, "properties": {"value": 7.825, "time": "2025-12-07T06:00:00", "date": "2025-12-07", "hour": 6}}, {"type": "Feature", "geometry": {"type": "Point", "coordinates": [8.0, 53.75]}, "properties": {"value": 7.579, "time": "2025-12-07T06:00:00", "date": "2025-12-07", "hour": 6}}, {"type": "Feature", "geometry": {"type": "Point", "coordinates": [8.25, 53.75]}, "properties": {"value": 6.981, "time": "2025-12-07T06:00:00", "date": "2025-12-07", "hour": 6}}, {"type": "Feature", "geometry": {"type": "Point", "coordinates": [8.5, 53.75]}, "properties": {"value": 6.347, "time": "2025-12-07T06:00:00", "date": "2025-12-07", "hour": 6}}, {"type": "Feature", "geometry": {"type": "Point", "coordinates": [8.75, 53.75]}, "properties": {"value": 6.347, "time": "2025-12-07T06:00:00", "date": "2025-12-07", "hour": 6}}, {"type": "Feature", "geometry": {"type": "Point", "coordinates": [14.25, 53.75]}, "properties": {"value": 2.389, "time": "2025-12-07T06:00:00", "date": "2025-12-07", "hour": 6}}, {"type": "Feature", "geometry": {"type": "Point", "coordinates": [14.5, 53.75]}, "properties": {"value": 2.389, "time": "2025-12-07T06:00:00", "date": "2025-12-07", "hour": 6}}, {"type": "Feature", "geometry": {"type": "Point", "coordinates": [5.0, 54.0]}, "properties": {"value": 10.438, "time": "2025-12-07T06:00:00", "date": "2025-12-07", "hour": 6}}, {"type": "Feature", "geometry": {"type": "Point", "coordinates": [5.25, 54.0]}, "properties": {"value": 10.368, "time": "2025-12-07T06:00:00", "date": "2025-12-07", "hour": 6}}, {"type": "Feature", "geometry": {"type": "Point", "coordinates": [5.5, 54.0]}, "properties": {"value": 10.141, "time": "2025-12-07T06:00:00", "date": "2025-12-07", "hour": 6}}, {"type": "Feature", "geometry": {"type": "Point", "coordinates": [5.75, 54.0]}, "properties": {"value": 9.927, "time": "2025-12-07T06:00:00", "date": "2025-12-07", "hour": 6}}, {"type": "Feature", "geometry": {"type": "Point", "coordinates": [6.0, 54.0]}, "properties": {"value": 9.776, "time": "2025-12-07T06:00:00", "date": "2025-12-07", "hour": 6}}, {"type": "Feature", "geometry": {"type": "Point", "coordinates": [6.25, 54.0]}, "properties": {"value": 9.597, "time": "2025-12-07T06:00:00", "date": "2025-12-07", "hour": 6}}, {"type": "Feature", "geometry": {"type": "Point", "coordinates": [6.5, 54.0]}, "properties": {"value": 9.186, "time": "2025-12-07T06:00:00", "date": "2025-12-07", "hour": 6}}, {"type": "Feature", "geometry": {"type": "Point", "coordinates": [6.75, 54.0]}, "properties": {"value": 8.976, "time": "2025-12-07T06:00:00", "date": "2025-12-07", "hour": 6}}, {"type": "Feature", "geometry": {"type": "Point", "coordinates": [7.0, 54.0]}, "properties": {"value": 8.887, "time": "2025-12-07T06:00:00", "date": "2025-12-07", "hour": 6}}, {"type": "Feature", "geometry": {"type": "Point", "coordinates": [7.25, 54.0]}, "properties": {"value": 8.651, "time": "2025-12-07T06:00:00", "date": "2025-12-07", "hour": 6}}, {"type": "Feature", "geometry": {"type": "Point", "coordinates": [7.5, 54.0]}, "properties": {"value": 8.716, "time": "2025-12-07T06:00:00", "date": "2025-12-07", "hour": 6}}, {"type": "Feature", "geometry": {"type": "Point", "coordinates": [7.75, 54.0]}, "properties": {"value": 8.667, "time": "2025-12-07T06:00:00", "date": "2025-12-07", "hour": 6}}, {"type": "Feature", "geometry": {"type": "Point", "coordinates": [8.0, 54.0]}, "properties": {"value": 8.566, "time": "2025-12-07T06:00:00", "date": "2025-12-07", "hour": 6}}, {"type": "Feature", "geometry": {"type": "Point", "coordinates": [8.25, 54.0]}, "properties": {"value": 8.113, "time": "2025-12-07T06:00:00", "date": "2025-12-07", "hour": 6}}, {"type": "Feature", "geometry": {"type": "Point", "coordinates": [8.5, 54.0]}, "properties": {"value": 6.776, "time": "2025-12-07T06:00:00", "date": "2025-12-07", "hour": 6}}, {"type": "Feature", "geometry": {"type": "Point", "coordinates": [11.25, 54.0]}, "properties": {"value": 5.168, "time": "2025-12-07T06:00:00", "date": "2025-12-07", "hour": 6}}, {"type": "Feature", "geometry": {"type": "Point", "coordinates": [14.0, 54.0]}, "properties": {"value": 3.979, "time": "2025-12-07T06:00:00", "date": "2025-12-07", "hour": 6}}, {"type": "Feature", "geometry": {"type": "Point", "coordinates": [14.25, 54.0]}, "properties": {"value": 4.777, "time": "2025-12-07T06:00:00", "date": "2025-12-07", "hour": 6}}, {"type": "Feature", "geometry": {"type": "Point", "coordinates": [14.5, 54.0]}, "properties": {"value": 4.438, "time": "2025-12-07T06:00:00", "date": "2025-12-07", "hour": 6}}, {"type": "Feature", "geometry": {"type": "Point", "coordinates": [14.75, 54.0]}, "properties": {"value": 4.948, "time": "2025-12-07T06:00:00", "date": "2025-12-07", "hour": 6}}, {"type": "Feature", "geometry": {"type": "Point", "coordinates": [5.0, 54.25]}, "properties": {"value": 10.514, "time": "2025-12-07T06:00:00", "date": "2025-12-07", "hour": 6}}, {"type": "Feature", "geometry": {"type": "Point", "coordinates": [5.25, 54.25]}, "properties": {"value": 10.461, "time": "2025-12-07T06:00:00", "date": "2025-12-07", "hour": 6}}, {"type": "Feature", "geometry": {"type": "Point", "coordinates": [5.5, 54.25]}, "properties": {"value": 10.37, "time": "2025-12-07T06:00:00", "date": "2025-12-07", "hour": 6}}, {"type": "Feature", "geometry": {"type": "Point", "coordinates": [5.75, 54.25]}, "properties": {"value": 10.193, "time": "2025-12-07T06:00:00", "date": "2025-12-07", "hour": 6}}, {"type": "Feature", "geometry": {"type": "Point", "coordinates": [6.0, 54.25]}, "properties": {"value": 10.126, "time": "2025-12-07T06:00:00", "date": "2025-12-07", "hour": 6}}, {"type": "Feature", "geometry": {"type": "Point", "coordinates": [6.25, 54.25]}, "properties": {"value": 10.002, "time": "2025-12-07T06:00:00", "date": "2025-12-07", "hour": 6}}, {"type": "Feature", "geometry": {"type": "Point", "coordinates": [6.5, 54.25]}, "properties": {"value": 9.844, "time": "2025-12-07T06:00:00", "date": "2025-12-07", "hour": 6}}, {"type": "Feature", "geometry": {"type": "Point", "coordinates": [6.75, 54.25]}, "properties": {"value": 9.685, "time": "2025-12-07T06:00:00", "date": "2025-12-07", "hour": 6}}, {"type": "Feature", "geometry": {"type": "Point", "coordinates": [7.0, 54.25]}, "properties": {"value": 9.6, "time": "2025-12-07T06:00:00", "date": "2025-12-07", "hour": 6}}, {"type": "Feature", "geometry": {"type": "Point", "coordinates": [7.25, 54.25]}, "properties": {"value": 9.517, "time": "2025-12-07T06:00:00", "date": "2025-12-07", "hour": 6}}, {"type": "Feature", "geometry": {"type": "Point", "coordinates": [7.5, 54.25]}, "properties": {"value": 9.463, "time": "2025-12-07T06:00:00", "date": "2025-12-07", "hour": 6}}, {"type": "Feature", "geometry": {"type": "Point", "coordinates": [7.75, 54.25]}, "properties": {"value": 9.033, "time": "2025-12-07T06:00:00", "date": "2025-12-07", "hour": 6}}, {"type": "Feature", "geometry": {"type": "Point", "coordinates": [8.0, 54.25]}, "properties": {"value": 8.815, "time": "2025-12-07T06:00:00", "date": "2025-12-07", "hour": 6}}, {"type": "Feature", "geometry": {"type": "Point", "coordinates": [8.25, 54.25]}, "properties": {"value": 7.76, "time": "2025-12-07T06:00:00", "date": "2025-12-07", "hour": 6}}, {"type": "Feature", "geometry": {"type": "Point", "coordinates": [8.5, 54.25]}, "properties": {"value": 6.486, "time": "2025-12-07T06:00:00", "date": "2025-12-07", "hour": 6}}, {"type": "Feature", "geometry": {"type": "Point", "coordinates": [10.75, 54.25]}, "properties": {"value": 5.775, "time": "2025-12-07T06:00:00", "date": "2025-12-07", "hour": 6}}, {"type": "Feature", "geometry": {"type": "Point", "coordinates": [11.25, 54.25]}, "properties": {"value": 5.602, "time": "2025-12-07T06:00:00", "date": "2025-12-07", "hour": 6}}, {"type": "Feature", "geometry": {"type": "Point", "coordinates": [11.75, 54.25]}, "properties": {"value": 6.159, "time": "2025-12-07T06:00:00", "date": "2025-12-07", "hour": 6}}, {"type": "Feature", "geometry": {"type": "Point", "coordinates": [12.25, 54.25]}, "properties": {"value": 6.117, "time": "2025-12-07T06:00:00", "date": "2025-12-07", "hour": 6}}, {"type": "Feature", "geometry": {"type": "Point", "coordinates": [13.75, 54.25]}, "properties": {"value": 4.522, "time": "2025-12-07T06:00:00", "date": "2025-12-07", "hour": 6}}, {"type": "Feature", "geometry": {"type": "Point", "coordinates": [14.0, 54.25]}, "properties": {"value": 4.784, "time": "2025-12-07T06:00:00", "date": "2025-12-07", "hour": 6}}, {"type": "Feature", "geometry": {"type": "Point", "coordinates": [14.25, 54.25]}, "properties": {"value": 5.295, "time": "2025-12-07T06:00:00", "date": "2025-12-07", "hour": 6}}, {"type": "Feature", "geometry": {"type": "Point", "coordinates": [14.5, 54.25]}, "properties": {"value": 5.434, "time": "2025-12-07T06:00:00", "date": "2025-12-07", "hour": 6}}, {"type": "Feature", "geometry": {"type": "Point", "coordinates": [14.75, 54.25]}, "properties": {"value": 5.709, "time": "2025-12-07T06:00:00", "date": "2025-12-07", "hour": 6}}, {"type": "Feature", "geometry": {"type": "Point", "coordinates": [15.0, 54.25]}, "properties": {"value": 6.474, "time": "2025-12-07T06:00:00", "date": "2025-12-07", "hour": 6}}, {"type": "Feature", "geometry": {"type": "Point", "coordinates": [5.0, 54.5]}, "properties": {"value": 10.537, "time": "2025-12-07T06:00:00", "date": "2025-12-07", "hour": 6}}, {"type": "Feature", "geometry": {"type": "Point", "coordinates": [5.25, 54.5]}, "properties": {"value": 10.545, "time": "2025-12-07T06:00:00", "date": "2025-12-07", "hour": 6}}, {"type": "Feature", "geometry": {"type": "Point", "coordinates": [5.5, 54.5]}, "properties": {"value": 10.5, "time": "2025-12-07T06:00:00", "date": "2025-12-07", "hour": 6}}, {"type": "Feature", "geometry": {"type": "Point", "coordinates": [5.75, 54.5]}, "properties": {"value": 10.423, "time": "2025-12-07T06:00:00", "date": "2025-12-07", "hour": 6}}, {"type": "Feature", "geometry": {"type": "Point", "coordinates": [6.0, 54.5]}, "properties": {"value": 10.375, "time": "2025-12-07T06:00:00", "date": "2025-12-07", "hour": 6}}, {"type": "Feature", "geometry": {"type": "Point", "coordinates": [6.25, 54.5]}, "properties": {"value": 10.318, "time": "2025-12-07T06:00:00", "date": "2025-12-07", "hour": 6}}, {"type": "Feature", "geometry": {"type": "Point", "coordinates": [6.5, 54.5]}, "properties": {"value": 10.188, "time": "2025-12-07T06:00:00", "date": "2025-12-07", "hour": 6}}, {"type": "Feature", "geometry": {"type": "Point", "coordinates": [6.75, 54.5]}, "properties": {"value": 10.09, "time": "2025-12-07T06:00:00", "date": "2025-12-07", "hour": 6}}, {"type": "Feature", "geometry": {"type": "Point", "coordinates": [7.0, 54.5]}, "properties": {"value": 9.96, "time": "2025-12-07T06:00:00", "date": "2025-12-07", "hour": 6}}, {"type": "Feature", "geometry": {"type": "Point", "coordinates": [7.25, 54.5]}, "properties": {"value": 9.758, "time": "2025-12-07T06:00:00", "date": "2025-12-07", "hour": 6}}, {"type": "Feature", "geometry": {"type": "Point", "coordinates": [7.5, 54.5]}, "properties": {"value": 9.68, "time": "2025-12-07T06:00:00", "date": "2025-12-07", "hour": 6}}, {"type": "Feature", "geometry": {"type": "Point", "coordinates": [7.75, 54.5]}, "properties": {"value": 9.1, "time": "2025-12-07T06:00:00", "date": "2025-12-07", "hour": 6}}, {"type": "Feature", "geometry": {"type": "Point", "coordinates": [8.0, 54.5]}, "properties": {"value": 7.947, "time": "2025-12-07T06:00:00", "date": "2025-12-07", "hour": 6}}, {"type": "Feature", "geometry": {"type": "Point", "coordinates": [8.25, 54.5]}, "properties": {"value": 6.944, "time": "2025-12-07T06:00:00", "date": "2025-12-07", "hour": 6}}, {"type": "Feature", "geometry": {"type": "Point", "coordinates": [8.5, 54.5]}, "properties": {"value": 6.008, "time": "2025-12-07T06:00:00", "date": "2025-12-07", "hour": 6}}, {"type": "Feature", "geometry": {"type": "Point", "coordinates": [10.5, 54.5]}, "properties": {"value": 5.923, "time": "2025-12-07T06:00:00", "date": "2025-12-07", "hour": 6}}, {"type": "Feature", "geometry": {"type": "Point", "coordinates": [10.75, 54.5]}, "properties": {"value": 5.939, "time": "2025-12-07T06:00:00", "date": "2025-12-07", "hour": 6}}, {"type": "Feature", "geometry": {"type": "Point", "coordinates": [11.0, 54.5]}, "properties": {"value": 5.803, "time": "2025-12-07T06:00:00", "date": "2025-12-07", "hour": 6}}, {"type": "Feature", "geometry": {"type": "Point", "coordinates": [11.25, 54.5]}, "properties": {"value": 5.907, "time": "2025-12-07T06:00:00", "date": "2025-12-07", "hour": 6}}, {"type": "Feature", "geometry": {"type": "Point", "coordinates": [11.5, 54.5]}, "properties": {"value": 6.007, "time": "2025-12-07T06:00:00", "date": "2025-12-07", "hour": 6}}, {"type": "Feature", "geometry": {"type": "Point", "coordinates": [11.75, 54.5]}, "properties": {"value": 6.186, "time": "2025-12-07T06:00:00", "date": "2025-12-07", "hour": 6}}, {"type": "Feature", "geometry": {"type": "Point", "coordinates": [12.0, 54.5]}, "properties": {"value": 6.258, "time": "2025-12-07T06:00:00", "date": "2025-12-07", "hour": 6}}, {"type": "Feature", "geometry": {"type": "Point", "coordinates": [12.25, 54.5]}, "properties": {"value": 6.26, "time": "2025-12-07T06:00:00", "date": "2025-12-07", "hour": 6}}, {"type": "Feature", "geometry": {"type": "Point", "coordinates": [13.0, 54.5]}, "properties": {"value": 6.794, "time": "2025-12-07T06:00:00", "date": "2025-12-07", "hour": 6}}, {"type": "Feature", "geometry": {"type": "Point", "coordinates": [13.25, 54.5]}, "properties": {"value": 6.152, "time": "2025-12-07T06:00:00", "date": "2025-12-07", "hour": 6}}, {"type": "Feature", "geometry": {"type": "Point", "coordinates": [13.5, 54.5]}, "properties": {"value": 5.82, "time": "2025-12-07T06:00:00", "date": "2025-12-07", "hour": 6}}, {"type": "Feature", "geometry": {"type": "Point", "coordinates": [13.75, 54.5]}, "properties": {"value": 5.728, "time": "2025-12-07T06:00:00", "date": "2025-12-07", "hour": 6}}, {"type": "Feature", "geometry": {"type": "Point", "coordinates": [14.0, 54.5]}, "properties": {"value": 5.939, "time": "2025-12-07T06:00:00", "date": "2025-12-07", "hour": 6}}, {"type": "Feature", "geometry": {"type": "Point", "coordinates": [14.25, 54.5]}, "properties": {"value": 6.117, "time": "2025-12-07T06:00:00", "date": "2025-12-07", "hour": 6}}, {"type": "Feature", "geometry": {"type": "Point", "coordinates": [14.5, 54.5]}, "properties": {"value": 6.426, "time": "2025-12-07T06:00:00", "date": "2025-12-07", "hour": 6}}, {"type": "Feature", "geometry": {"type": "Point", "coordinates": [14.75, 54.5]}, "properties": {"value": 6.671, "time": "2025-12-07T06:00:00", "date": "2025-12-07", "hour": 6}}, {"type": "Feature", "geometry": {"type": "Point", "coordinates": [15.0, 54.5]}, "properties": {"value": 7.412, "time": "2025-12-07T06:00:00", "date": "2025-12-07", "hour": 6}}, {"type": "Feature", "geometry": {"type": "Point", "coordinates": [5.0, 54.75]}, "properties": {"value": 10.535, "time": "2025-12-07T06:00:00", "date": "2025-12-07", "hour": 6}}, {"type": "Feature", "geometry": {"type": "Point", "coordinates": [5.25, 54.75]}, "properties": {"value": 10.543, "time": "2025-12-07T06:00:00", "date": "2025-12-07", "hour": 6}}, {"type": "Feature", "geometry": {"type": "Point", "coordinates": [5.5, 54.75]}, "properties": {"value": 10.564, "time": "2025-12-07T06:00:00", "date": "2025-12-07", "hour": 6}}, {"type": "Feature", "geometry": {"type": "Point", "coordinates": [5.75, 54.75]}, "properties": {"value": 10.557, "time": "2025-12-07T06:00:00", "date": "2025-12-07", "hour": 6}}, {"type": "Feature", "geometry": {"type": "Point", "coordinates": [6.0, 54.75]}, "properties": {"value": 10.525, "time": "2025-12-07T06:00:00", "date": "2025-12-07", "hour": 6}}, {"type": "Feature", "geometry": {"type": "Point", "coordinates": [6.25, 54.75]}, "properties": {"value": 10.467, "time": "2025-12-07T06:00:00", "date": "2025-12-07", "hour": 6}}, {"type": "Feature", "geometry": {"type": "Point", "coordinates": [6.5, 54.75]}, "properties": {"value": 10.396, "time": "2025-12-07T06:00:00", "date": "2025-12-07", "hour": 6}}, {"type": "Feature", "geometry": {"type": "Point", "coordinates": [6.75, 54.75]}, "properties": {"value": 10.212, "time": "2025-12-07T06:00:00", "date": "2025-12-07", "hour": 6}}, {"type": "Feature", "geometry": {"type": "Point", "coordinates": [7.0, 54.75]}, "properties": {"value": 10.06, "time": "2025-12-07T06:00:00", "date": "2025-12-07", "hour": 6}}, {"type": "Feature", "geometry": {"type": "Point", "coordinates": [7.25, 54.75]}, "properties": {"value": 9.85, "time": "2025-12-07T06:00:00", "date": "2025-12-07", "hour": 6}}, {"type": "Feature", "geometry": {"type": "Point", "coordinates": [7.5, 54.75]}, "properties": {"value": 9.634, "time": "2025-12-07T06:00:00", "date": "2025-12-07", "hour": 6}}, {"type": "Feature", "geometry": {"type": "Point", "coordinates": [7.75, 54.75]}, "properties": {"value": 8.565, "time": "2025-12-07T06:00:00", "date": "2025-12-07", "hour": 6}}, {"type": "Feature", "geometry": {"type": "Point", "coordinates": [8.0, 54.75]}, "properties": {"value": 7.371, "time": "2025-12-07T06:00:00", "date": "2025-12-07", "hour": 6}}, {"type": "Feature", "geometry": {"type": "Point", "coordinates": [8.25, 54.75]}, "properties": {"value": 6.455, "time": "2025-12-07T06:00:00", "date": "2025-12-07", "hour": 6}}, {"type": "Feature", "geometry": {"type": "Point", "coordinates": [8.5, 54.75]}, "properties": {"value": 5.504, "time": "2025-12-07T06:00:00", "date": "2025-12-07", "hour": 6}}, {"type": "Feature", "geometry": {"type": "Point", "coordinates": [10.25, 54.75]}, "properties": {"value": 5.886, "time": "2025-12-07T06:00:00", "date": "2025-12-07", "hour": 6}}, {"type": "Feature", "geometry": {"type": "Point", "coordinates": [10.5, 54.75]}, "properties": {"value": 5.945, "time": "2025-12-07T06:00:00", "date": "2025-12-07", "hour": 6}}, {"type": "Feature", "geometry": {"type": "Point", "coordinates": [10.75, 54.75]}, "properties": {"value": 6.005, "time": "2025-12-07T06:00:00", "date": "2025-12-07", "hour": 6}}, {"type": "Feature", "geometry": {"type": "Point", "coordinates": [11.0, 54.75]}, "properties": {"value": 5.849, "time": "2025-12-07T06:00:00", "date": "2025-12-07", "hour": 6}}, {"type": "Feature", "geometry": {"type": "Point", "coordinates": [11.25, 54.75]}, "properties": {"value": 5.778, "time": "2025-12-07T06:00:00", "date": "2025-12-07", "hour": 6}}, {"type": "Feature", "geometry": {"type": "Point", "coordinates": [11.5, 54.75]}, "properties": {"value": 5.631, "time": "2025-12-07T06:00:00", "date": "2025-12-07", "hour": 6}}, {"type": "Feature", "geometry": {"type": "Point", "coordinates": [12.0, 54.75]}, "properties": {"value": 6.04, "time": "2025-12-07T06:00:00", "date": "2025-12-07", "hour": 6}}, {"type": "Feature", "geometry": {"type": "Point", "coordinates": [12.25, 54.75]}, "properties": {"value": 6.34, "time": "2025-12-07T06:00:00", "date": "2025-12-07", "hour": 6}}, {"type": "Feature", "geometry": {"type": "Point", "coordinates": [12.5, 54.75]}, "properties": {"value": 6.741, "time": "2025-12-07T06:00:00", "date": "2025-12-07", "hour": 6}}, {"type": "Feature", "geometry": {"type": "Point", "coordinates": [12.75, 54.75]}, "properties": {"value": 6.892, "time": "2025-12-07T06:00:00", "date": "2025-12-07", "hour": 6}}, {"type": "Feature", "geometry": {"type": "Point", "coordinates": [13.0, 54.75]}, "properties": {"value": 6.836, "time": "2025-12-07T06:00:00", "date": "2025-12-07", "hour": 6}}, {"type": "Feature", "geometry": {"type": "Point", "coordinates": [13.25, 54.75]}, "properties": {"value": 6.974, "time": "2025-12-07T06:00:00", "date": "2025-12-07", "hour": 6}}, {"type": "Feature", "geometry": {"type": "Point", "coordinates": [13.5, 54.75]}, "properties": {"value": 6.945, "time": "2025-12-07T06:00:00", "date": "2025-12-07", "hour": 6}}, {"type": "Feature", "geometry": {"type": "Point", "coordinates": [13.75, 54.75]}, "properties": {"value": 6.854, "time": "2025-12-07T06:00:00", "date": "2025-12-07", "hour": 6}}, {"type": "Feature", "geometry": {"type": "Point", "coordinates": [14.0, 54.75]}, "properties": {"value": 6.747, "time": "2025-12-07T06:00:00", "date": "2025-12-07", "hour": 6}}, {"type": "Feature", "geometry": {"type": "Point", "coordinates": [14.25, 54.75]}, "properties": {"value": 6.752, "time": "2025-12-07T06:00:00", "date": "2025-12-07", "hour": 6}}, {"type": "Feature", "geometry": {"type": "Point", "coordinates": [14.5, 54.75]}, "properties": {"value": 7.137, "time": "2025-12-07T06:00:00", "date": "2025-12-07", "hour": 6}}, {"type": "Feature", "geometry": {"type": "Point", "coordinates": [14.75, 54.75]}, "properties": {"value": 7.339, "time": "2025-12-07T06:00:00", "date": "2025-12-07", "hour": 6}}, {"type": "Feature", "geometry": {"type": "Point", "coordinates": [15.0, 54.75]}, "properties": {"value": 7.349, "time": "2025-12-07T06:00:00", "date": "2025-12-07", "hour": 6}}, {"type": "Feature", "geometry": {"type": "Point", "coordinates": [5.0, 55.0]}, "properties": {"value": 10.501, "time": "2025-12-07T06:00:00", "date": "2025-12-07", "hour": 6}}, {"type": "Feature", "geometry": {"type": "Point", "coordinates": [5.25, 55.0]}, "properties": {"value": 10.594, "time": "2025-12-07T06:00:00", "date": "2025-12-07", "hour": 6}}, {"type": "Feature", "geometry": {"type": "Point", "coordinates": [5.5, 55.0]}, "properties": {"value": 10.628, "time": "2025-12-07T06:00:00", "date": "2025-12-07", "hour": 6}}, {"type": "Feature", "geometry": {"type": "Point", "coordinates": [5.75, 55.0]}, "properties": {"value": 10.621, "time": "2025-12-07T06:00:00", "date": "2025-12-07", "hour": 6}}, {"type": "Feature", "geometry": {"type": "Point", "coordinates": [6.0, 55.0]}, "properties": {"value": 10.575, "time": "2025-12-07T06:00:00", "date": "2025-12-07", "hour": 6}}, {"type": "Feature", "geometry": {"type": "Point", "coordinates": [6.25, 55.0]}, "properties": {"value": 10.524, "time": "2025-12-07T06:00:00", "date": "2025-12-07", "hour": 6}}, {"type": "Feature", "geometry": {"type": "Point", "coordinates": [6.5, 55.0]}, "properties": {"value": 10.459, "time": "2025-12-07T06:00:00", "date": "2025-12-07", "hour": 6}}, {"type": "Feature", "geometry": {"type": "Point", "coordinates": [6.75, 55.0]}, "properties": {"value": 10.262, "time": "2025-12-07T06:00:00", "date": "2025-12-07", "hour": 6}}, {"type": "Feature", "geometry": {"type": "Point", "coordinates": [7.0, 55.0]}, "properties": {"value": 10.023, "time": "2025-12-07T06:00:00", "date": "2025-12-07", "hour": 6}}, {"type": "Feature", "geometry": {"type": "Point", "coordinates": [7.25, 55.0]}, "properties": {"value": 9.816, "time": "2025-12-07T06:00:00", "date": "2025-12-07", "hour": 6}}, {"type": "Feature", "geometry": {"type": "Point", "coordinates": [7.5, 55.0]}, "properties": {"value": 9.605, "time": "2025-12-07T06:00:00", "date": "2025-12-07", "hour": 6}}, {"type": "Feature", "geometry": {"type": "Point", "coordinates": [7.75, 55.0]}, "properties": {"value": 8.652, "time": "2025-12-07T06:00:00", "date": "2025-12-07", "hour": 6}}, {"type": "Feature", "geometry": {"type": "Point", "coordinates": [8.0, 55.0]}, "properties": {"value": 7.711, "time": "2025-12-07T06:00:00", "date": "2025-12-07", "hour": 6}}, {"type": "Feature", "geometry": {"type": "Point", "coordinates": [8.25, 55.0]}, "properties": {"value": 6.254, "time": "2025-12-07T06:00:00", "date": "2025-12-07", "hour": 6}}, {"type": "Feature", "geometry": {"type": "Point", "coordinates": [8.5, 55.0]}, "properties": {"value": 5.184, "time": "2025-12-07T06:00:00", "date": "2025-12-07", "hour": 6}}, {"type": "Feature", "geometry": {"type": "Point", "coordinates": [10.25, 55.0]}, "properties": {"value": 5.238, "time": "2025-12-07T06:00:00", "date": "2025-12-07", "hour": 6}}, {"type": "Feature", "geometry": {"type": "Point", "coordinates": [10.5, 55.0]}, "properties": {"value": 5.455, "time": "2025-12-07T06:00:00", "date": "2025-12-07", "hour": 6}}, {"type": "Feature", "geometry": {"type": "Point", "coordinates": [10.75, 55.0]}, "properties": {"value": 5.668, "time": "2025-12-07T06:00:00", "date": "2025-12-07", "hour": 6}}, {"type": "Feature", "geometry": {"type": "Point", "coordinates": [11.0, 55.0]}, "properties": {"value": 5.631, "time": "2025-12-07T06:00:00", "date": "2025-12-07", "hour": 6}}, {"type": "Feature", "geometry": {"type": "Point", "coordinates": [11.25, 55.0]}, "properties": {"value": 5.641, "time": "2025-12-07T06:00:00", "date": "2025-12-07", "hour": 6}}, {"type": "Feature", "geometry": {"type": "Point", "coordinates": [11.5, 55.0]}, "properties": {"value": 5.463, "time": "2025-12-07T06:00:00", "date": "2025-12-07", "hour": 6}}, {"type": "Feature", "geometry": {"type": "Point", "coordinates": [11.75, 55.0]}, "properties": {"value": 5.352, "time": "2025-12-07T06:00:00", "date": "2025-12-07", "hour": 6}}, {"type": "Feature", "geometry": {"type": "Point", "coordinates": [12.0, 55.0]}, "properties": {"value": 5.536, "time": "2025-12-07T06:00:00", "date": "2025-12-07", "hour": 6}}, {"type": "Feature", "geometry": {"type": "Point", "coordinates": [12.25, 55.0]}, "properties": {"value": 5.914, "time": "2025-12-07T06:00:00", "date": "2025-12-07", "hour": 6}}, {"type": "Feature", "geometry": {"type": "Point", "coordinates": [12.5, 55.0]}, "properties": {"value": 6.672, "time": "2025-12-07T06:00:00", "date": "2025-12-07", "hour": 6}}, {"type": "Feature", "geometry": {"type": "Point", "coordinates": [12.75, 55.0]}, "properties": {"value": 6.882, "time": "2025-12-07T06:00:00", "date": "2025-12-07", "hour": 6}}, {"type": "Feature", "geometry": {"type": "Point", "coordinates": [13.0, 55.0]}, "properties": {"value": 7.134, "time": "2025-12-07T06:00:00", "date": "2025-12-07", "hour": 6}}, {"type": "Feature", "geometry": {"type": "Point", "coordinates": [13.25, 55.0]}, "properties": {"value": 7.271, "time": "2025-12-07T06:00:00", "date": "2025-12-07", "hour": 6}}, {"type": "Feature", "geometry": {"type": "Point", "coordinates": [13.5, 55.0]}, "properties": {"value": 7.294, "time": "2025-12-07T06:00:00", "date": "2025-12-07", "hour": 6}}, {"type": "Feature", "geometry": {"type": "Point", "coordinates": [13.75, 55.0]}, "properties": {"value": 7.401, "time": "2025-12-07T06:00:00", "date": "2025-12-07", "hour": 6}}, {"type": "Feature", "geometry": {"type": "Point", "coordinates": [14.0, 55.0]}, "properties": {"value": 7.335, "time": "2025-12-07T06:00:00", "date": "2025-12-07", "hour": 6}}, {"type": "Feature", "geometry": {"type": "Point", "coordinates": [14.25, 55.0]}, "properties": {"value": 7.27, "time": "2025-12-07T06:00:00", "date": "2025-12-07", "hour": 6}}, {"type": "Feature", "geometry": {"type": "Point", "coordinates": [14.5, 55.0]}, "properties": {"value": 7.175, "time": "2025-12-07T06:00:00", "date": "2025-12-07", "hour": 6}}, {"type": "Feature", "geometry": {"type": "Point", "coordinates": [14.75, 55.0]}, "properties": {"value": 7.097, "time": "2025-12-07T06:00:00", "date": "2025-12-07", "hour": 6}}, {"type": "Feature", "geometry": {"type": "Point", "coordinates": [15.0, 55.0]}, "properties": {"value": 6.994, "time": "2025-12-07T06:00:00", "date": "2025-12-07", "hour": 6}}, {"type": "Feature", "geometry": {"type": "Point", "coordinates": [5.25, 52.75]}, "properties": {"value": 6.147, "time": "2025-12-07T07:00:00", "date": "2025-12-07", "hour": 7}}, {"type": "Feature", "geometry": {"type": "Point", "coordinates": [5.5, 52.75]}, "properties": {"value": 6.16, "time": "2025-12-07T07:00:00", "date": "2025-12-07", "hour": 7}}, {"type": "Feature", "geometry": {"type": "Point", "coordinates": [5.0, 53.0]}, "properties": {"value": 7.171, "time": "2025-12-07T07:00:00", "date": "2025-12-07", "hour": 7}}, {"type": "Feature", "geometry": {"type": "Point", "coordinates": [5.25, 53.0]}, "properties": {"value": 6.439, "time": "2025-12-07T07:00:00", "date": "2025-12-07", "hour": 7}}, {"type": "Feature", "geometry": {"type": "Point", "coordinates": [5.5, 53.0]}, "properties": {"value": 5.924, "time": "2025-12-07T07:00:00", "date": "2025-12-07", "hour": 7}}, {"type": "Feature", "geometry": {"type": "Point", "coordinates": [5.0, 53.25]}, "properties": {"value": 7.865, "time": "2025-12-07T07:00:00", "date": "2025-12-07", "hour": 7}}, {"type": "Feature", "geometry": {"type": "Point", "coordinates": [5.25, 53.25]}, "properties": {"value": 6.932, "time": "2025-12-07T07:00:00", "date": "2025-12-07", "hour": 7}}, {"type": "Feature", "geometry": {"type": "Point", "coordinates": [5.5, 53.25]}, "properties": {"value": 6.369, "time": "2025-12-07T07:00:00", "date": "2025-12-07", "hour": 7}}, {"type": "Feature", "geometry": {"type": "Point", "coordinates": [5.0, 53.5]}, "properties": {"value": 9.501, "time": "2025-12-07T07:00:00", "date": "2025-12-07", "hour": 7}}, {"type": "Feature", "geometry": {"type": "Point", "coordinates": [5.25, 53.5]}, "properties": {"value": 8.861, "time": "2025-12-07T07:00:00", "date": "2025-12-07", "hour": 7}}, {"type": "Feature", "geometry": {"type": "Point", "coordinates": [5.5, 53.5]}, "properties": {"value": 8.653, "time": "2025-12-07T07:00:00", "date": "2025-12-07", "hour": 7}}, {"type": "Feature", "geometry": {"type": "Point", "coordinates": [5.75, 53.5]}, "properties": {"value": 8.293, "time": "2025-12-07T07:00:00", "date": "2025-12-07", "hour": 7}}, {"type": "Feature", "geometry": {"type": "Point", "coordinates": [6.0, 53.5]}, "properties": {"value": 7.801, "time": "2025-12-07T07:00:00", "date": "2025-12-07", "hour": 7}}, {"type": "Feature", "geometry": {"type": "Point", "coordinates": [6.25, 53.5]}, "properties": {"value": 7.239, "time": "2025-12-07T07:00:00", "date": "2025-12-07", "hour": 7}}, {"type": "Feature", "geometry": {"type": "Point", "coordinates": [6.5, 53.5]}, "properties": {"value": 6.941, "time": "2025-12-07T07:00:00", "date": "2025-12-07", "hour": 7}}, {"type": "Feature", "geometry": {"type": "Point", "coordinates": [6.75, 53.5]}, "properties": {"value": 6.41, "time": "2025-12-07T07:00:00", "date": "2025-12-07", "hour": 7}}, {"type": "Feature", "geometry": {"type": "Point", "coordinates": [5.0, 53.75]}, "properties": {"value": 10.179, "time": "2025-12-07T07:00:00", "date": "2025-12-07", "hour": 7}}, {"type": "Feature", "geometry": {"type": "Point", "coordinates": [5.25, 53.75]}, "properties": {"value": 9.873, "time": "2025-12-07T07:00:00", "date": "2025-12-07", "hour": 7}}, {"type": "Feature", "geometry": {"type": "Point", "coordinates": [5.5, 53.75]}, "properties": {"value": 9.645, "time": "2025-12-07T07:00:00", "date": "2025-12-07", "hour": 7}}, {"type": "Feature", "geometry": {"type": "Point", "coordinates": [5.75, 53.75]}, "properties": {"value": 9.381, "time": "2025-12-07T07:00:00", "date": "2025-12-07", "hour": 7}}, {"type": "Feature", "geometry": {"type": "Point", "coordinates": [6.0, 53.75]}, "properties": {"value": 8.995, "time": "2025-12-07T07:00:00", "date": "2025-12-07", "hour": 7}}, {"type": "Feature", "geometry": {"type": "Point", "coordinates": [6.25, 53.75]}, "properties": {"value": 8.739, "time": "2025-12-07T07:00:00", "date": "2025-12-07", "hour": 7}}, {"type": "Feature", "geometry": {"type": "Point", "coordinates": [6.5, 53.75]}, "properties": {"value": 8.275, "time": "2025-12-07T07:00:00", "date": "2025-12-07", "hour": 7}}, {"type": "Feature", "geometry": {"type": "Point", "coordinates": [6.75, 53.75]}, "properties": {"value": 7.785, "time": "2025-12-07T07:00:00", "date": "2025-12-07", "hour": 7}}, {"type": "Feature", "geometry": {"type": "Point", "coordinates": [7.0, 53.75]}, "properties": {"value": 7.909, "time": "2025-12-07T07:00:00", "date": "2025-12-07", "hour": 7}}, {"type": "Feature", "geometry": {"type": "Point", "coordinates": [7.25, 53.75]}, "properties": {"value": 7.525, "time": "2025-12-07T07:00:00", "date": "2025-12-07", "hour": 7}}, {"type": "Feature", "geometry": {"type": "Point", "coordinates": [7.5, 53.75]}, "properties": {"value": 7.782, "time": "2025-12-07T07:00:00", "date": "2025-12-07", "hour": 7}}, {"type": "Feature", "geometry": {"type": "Point", "coordinates": [7.75, 53.75]}, "properties": {"value": 7.825, "time": "2025-12-07T07:00:00", "date": "2025-12-07", "hour": 7}}, {"type": "Feature", "geometry": {"type": "Point", "coordinates": [8.0, 53.75]}, "properties": {"value": 7.579, "time": "2025-12-07T07:00:00", "date": "2025-12-07", "hour": 7}}, {"type": "Feature", "geometry": {"type": "Point", "coordinates": [8.25, 53.75]}, "properties": {"value": 6.981, "time": "2025-12-07T07:00:00", "date": "2025-12-07", "hour": 7}}, {"type": "Feature", "geometry": {"type": "Point", "coordinates": [8.5, 53.75]}, "properties": {"value": 6.347, "time": "2025-12-07T07:00:00", "date": "2025-12-07", "hour": 7}}, {"type": "Feature", "geometry": {"type": "Point", "coordinates": [8.75, 53.75]}, "properties": {"value": 6.347, "time": "2025-12-07T07:00:00", "date": "2025-12-07", "hour": 7}}, {"type": "Feature", "geometry": {"type": "Point", "coordinates": [14.25, 53.75]}, "properties": {"value": 2.389, "time": "2025-12-07T07:00:00", "date": "2025-12-07", "hour": 7}}, {"type": "Feature", "geometry": {"type": "Point", "coordinates": [14.5, 53.75]}, "properties": {"value": 2.389, "time": "2025-12-07T07:00:00", "date": "2025-12-07", "hour": 7}}, {"type": "Feature", "geometry": {"type": "Point", "coordinates": [5.0, 54.0]}, "properties": {"value": 10.438, "time": "2025-12-07T07:00:00", "date": "2025-12-07", "hour": 7}}, {"type": "Feature", "geometry": {"type": "Point", "coordinates": [5.25, 54.0]}, "properties": {"value": 10.368, "time": "2025-12-07T07:00:00", "date": "2025-12-07", "hour": 7}}, {"type": "Feature", "geometry": {"type": "Point", "coordinates": [5.5, 54.0]}, "properties": {"value": 10.141, "time": "2025-12-07T07:00:00", "date": "2025-12-07", "hour": 7}}, {"type": "Feature", "geometry": {"type": "Point", "coordinates": [5.75, 54.0]}, "properties": {"value": 9.927, "time": "2025-12-07T07:00:00", "date": "2025-12-07", "hour": 7}}, {"type": "Feature", "geometry": {"type": "Point", "coordinates": [6.0, 54.0]}, "properties": {"value": 9.776, "time": "2025-12-07T07:00:00", "date": "2025-12-07", "hour": 7}}, {"type": "Feature", "geometry": {"type": "Point", "coordinates": [6.25, 54.0]}, "properties": {"value": 9.597, "time": "2025-12-07T07:00:00", "date": "2025-12-07", "hour": 7}}, {"type": "Feature", "geometry": {"type": "Point", "coordinates": [6.5, 54.0]}, "properties": {"value": 9.186, "time": "2025-12-07T07:00:00", "date": "2025-12-07", "hour": 7}}, {"type": "Feature", "geometry": {"type": "Point", "coordinates": [6.75, 54.0]}, "properties": {"value": 8.976, "time": "2025-12-07T07:00:00", "date": "2025-12-07", "hour": 7}}, {"type": "Feature", "geometry": {"type": "Point", "coordinates": [7.0, 54.0]}, "properties": {"value": 8.887, "time": "2025-12-07T07:00:00", "date": "2025-12-07", "hour": 7}}, {"type": "Feature", "geometry": {"type": "Point", "coordinates": [7.25, 54.0]}, "properties": {"value": 8.651, "time": "2025-12-07T07:00:00", "date": "2025-12-07", "hour": 7}}, {"type": "Feature", "geometry": {"type": "Point", "coordinates": [7.5, 54.0]}, "properties": {"value": 8.716, "time": "2025-12-07T07:00:00", "date": "2025-12-07", "hour": 7}}, {"type": "Feature", "geometry": {"type": "Point", "coordinates": [7.75, 54.0]}, "properties": {"value": 8.667, "time": "2025-12-07T07:00:00", "date": "2025-12-07", "hour": 7}}, {"type": "Feature", "geometry": {"type": "Point", "coordinates": [8.0, 54.0]}, "properties": {"value": 8.566, "time": "2025-12-07T07:00:00", "date": "2025-12-07", "hour": 7}}, {"type": "Feature", "geometry": {"type": "Point", "coordinates": [8.25, 54.0]}, "properties": {"value": 8.113, "time": "2025-12-07T07:00:00", "date": "2025-12-07", "hour": 7}}, {"type": "Feature", "geometry": {"type": "Point", "coordinates": [8.5, 54.0]}, "properties": {"value": 6.776, "time": "2025-12-07T07:00:00", "date": "2025-12-07", "hour": 7}}, {"type": "Feature", "geometry": {"type": "Point", "coordinates": [11.25, 54.0]}, "properties": {"value": 5.168, "time": "2025-12-07T07:00:00", "date": "2025-12-07", "hour": 7}}, {"type": "Feature", "geometry": {"type": "Point", "coordinates": [14.0, 54.0]}, "properties": {"value": 3.979, "time": "2025-12-07T07:00:00", "date": "2025-12-07", "hour": 7}}, {"type": "Feature", "geometry": {"type": "Point", "coordinates": [14.25, 54.0]}, "properties": {"value": 4.777, "time": "2025-12-07T07:00:00", "date": "2025-12-07", "hour": 7}}, {"type": "Feature", "geometry": {"type": "Point", "coordinates": [14.5, 54.0]}, "properties": {"value": 4.438, "time": "2025-12-07T07:00:00", "date": "2025-12-07", "hour": 7}}, {"type": "Feature", "geometry": {"type": "Point", "coordinates": [14.75, 54.0]}, "properties": {"value": 4.948, "time": "2025-12-07T07:00:00", "date": "2025-12-07", "hour": 7}}, {"type": "Feature", "geometry": {"type": "Point", "coordinates": [5.0, 54.25]}, "properties": {"value": 10.514, "time": "2025-12-07T07:00:00", "date": "2025-12-07", "hour": 7}}, {"type": "Feature", "geometry": {"type": "Point", "coordinates": [5.25, 54.25]}, "properties": {"value": 10.461, "time": "2025-12-07T07:00:00", "date": "2025-12-07", "hour": 7}}, {"type": "Feature", "geometry": {"type": "Point", "coordinates": [5.5, 54.25]}, "properties": {"value": 10.37, "time": "2025-12-07T07:00:00", "date": "2025-12-07", "hour": 7}}, {"type": "Feature", "geometry": {"type": "Point", "coordinates": [5.75, 54.25]}, "properties": {"value": 10.193, "time": "2025-12-07T07:00:00", "date": "2025-12-07", "hour": 7}}, {"type": "Feature", "geometry": {"type": "Point", "coordinates": [6.0, 54.25]}, "properties": {"value": 10.126, "time": "2025-12-07T07:00:00", "date": "2025-12-07", "hour": 7}}, {"type": "Feature", "geometry": {"type": "Point", "coordinates": [6.25, 54.25]}, "properties": {"value": 10.002, "time": "2025-12-07T07:00:00", "date": "2025-12-07", "hour": 7}}, {"type": "Feature", "geometry": {"type": "Point", "coordinates": [6.5, 54.25]}, "properties": {"value": 9.844, "time": "2025-12-07T07:00:00", "date": "2025-12-07", "hour": 7}}, {"type": "Feature", "geometry": {"type": "Point", "coordinates": [6.75, 54.25]}, "properties": {"value": 9.685, "time": "2025-12-07T07:00:00", "date": "2025-12-07", "hour": 7}}, {"type": "Feature", "geometry": {"type": "Point", "coordinates": [7.0, 54.25]}, "properties": {"value": 9.6, "time": "2025-12-07T07:00:00", "date": "2025-12-07", "hour": 7}}, {"type": "Feature", "geometry": {"type": "Point", "coordinates": [7.25, 54.25]}, "properties": {"value": 9.517, "time": "2025-12-07T07:00:00", "date": "2025-12-07", "hour": 7}}, {"type": "Feature", "geometry": {"type": "Point", "coordinates": [7.5, 54.25]}, "properties": {"value": 9.463, "time": "2025-12-07T07:00:00", "date": "2025-12-07", "hour": 7}}, {"type": "Feature", "geometry": {"type": "Point", "coordinates": [7.75, 54.25]}, "properties": {"value": 9.033, "time": "2025-12-07T07:00:00", "date": "2025-12-07", "hour": 7}}, {"type": "Feature", "geometry": {"type": "Point", "coordinates": [8.0, 54.25]}, "properties": {"value": 8.815, "time": "2025-12-07T07:00:00", "date": "2025-12-07", "hour": 7}}, {"type": "Feature", "geometry": {"type": "Point", "coordinates": [8.25, 54.25]}, "properties": {"value": 7.76, "time": "2025-12-07T07:00:00", "date": "2025-12-07", "hour": 7}}, {"type": "Feature", "geometry": {"type": "Point", "coordinates": [8.5, 54.25]}, "properties": {"value": 6.486, "time": "2025-12-07T07:00:00", "date": "2025-12-07", "hour": 7}}, {"type": "Feature", "geometry": {"type": "Point", "coordinates": [10.75, 54.25]}, "properties": {"value": 5.775, "time": "2025-12-07T07:00:00", "date": "2025-12-07", "hour": 7}}, {"type": "Feature", "geometry": {"type": "Point", "coordinates": [11.25, 54.25]}, "properties": {"value": 5.602, "time": "2025-12-07T07:00:00", "date": "2025-12-07", "hour": 7}}, {"type": "Feature", "geometry": {"type": "Point", "coordinates": [11.75, 54.25]}, "properties": {"value": 6.159, "time": "2025-12-07T07:00:00", "date": "2025-12-07", "hour": 7}}, {"type": "Feature", "geometry": {"type": "Point", "coordinates": [12.25, 54.25]}, "properties": {"value": 6.117, "time": "2025-12-07T07:00:00", "date": "2025-12-07", "hour": 7}}, {"type": "Feature", "geometry": {"type": "Point", "coordinates": [13.75, 54.25]}, "properties": {"value": 4.522, "time": "2025-12-07T07:00:00", "date": "2025-12-07", "hour": 7}}, {"type": "Feature", "geometry": {"type": "Point", "coordinates": [14.0, 54.25]}, "properties": {"value": 4.784, "time": "2025-12-07T07:00:00", "date": "2025-12-07", "hour": 7}}, {"type": "Feature", "geometry": {"type": "Point", "coordinates": [14.25, 54.25]}, "properties": {"value": 5.295, "time": "2025-12-07T07:00:00", "date": "2025-12-07", "hour": 7}}, {"type": "Feature", "geometry": {"type": "Point", "coordinates": [14.5, 54.25]}, "properties": {"value": 5.434, "time": "2025-12-07T07:00:00", "date": "2025-12-07", "hour": 7}}, {"type": "Feature", "geometry": {"type": "Point", "coordinates": [14.75, 54.25]}, "properties": {"value": 5.709, "time": "2025-12-07T07:00:00", "date": "2025-12-07", "hour": 7}}, {"type": "Feature", "geometry": {"type": "Point", "coordinates": [15.0, 54.25]}, "properties": {"value": 6.474, "time": "2025-12-07T07:00:00", "date": "2025-12-07", "hour": 7}}, {"type": "Feature", "geometry": {"type": "Point", "coordinates": [5.0, 54.5]}, "properties": {"value": 10.537, "time": "2025-12-07T07:00:00", "date": "2025-12-07", "hour": 7}}, {"type": "Feature", "geometry": {"type": "Point", "coordinates": [5.25, 54.5]}, "properties": {"value": 10.545, "time": "2025-12-07T07:00:00", "date": "2025-12-07", "hour": 7}}, {"type": "Feature", "geometry": {"type": "Point", "coordinates": [5.5, 54.5]}, "properties": {"value": 10.5, "time": "2025-12-07T07:00:00", "date": "2025-12-07", "hour": 7}}, {"type": "Feature", "geometry": {"type": "Point", "coordinates": [5.75, 54.5]}, "properties": {"value": 10.423, "time": "2025-12-07T07:00:00", "date": "2025-12-07", "hour": 7}}, {"type": "Feature", "geometry": {"type": "Point", "coordinates": [6.0, 54.5]}, "properties": {"value": 10.375, "time": "2025-12-07T07:00:00", "date": "2025-12-07", "hour": 7}}, {"type": "Feature", "geometry": {"type": "Point", "coordinates": [6.25, 54.5]}, "properties": {"value": 10.318, "time": "2025-12-07T07:00:00", "date": "2025-12-07", "hour": 7}}, {"type": "Feature", "geometry": {"type": "Point", "coordinates": [6.5, 54.5]}, "properties": {"value": 10.188, "time": "2025-12-07T07:00:00", "date": "2025-12-07", "hour": 7}}, {"type": "Feature", "geometry": {"type": "Point", "coordinates": [6.75, 54.5]}, "properties": {"value": 10.09, "time": "2025-12-07T07:00:00", "date": "2025-12-07", "hour": 7}}, {"type": "Feature", "geometry": {"type": "Point", "coordinates": [7.0, 54.5]}, "properties": {"value": 9.96, "time": "2025-12-07T07:00:00", "date": "2025-12-07", "hour": 7}}, {"type": "Feature", "geometry": {"type": "Point", "coordinates": [7.25, 54.5]}, "properties": {"value": 9.758, "time": "2025-12-07T07:00:00", "date": "2025-12-07", "hour": 7}}, {"type": "Feature", "geometry": {"type": "Point", "coordinates": [7.5, 54.5]}, "properties": {"value": 9.68, "time": "2025-12-07T07:00:00", "date": "2025-12-07", "hour": 7}}, {"type": "Feature", "geometry": {"type": "Point", "coordinates": [7.75, 54.5]}, "properties": {"value": 9.1, "time": "2025-12-07T07:00:00", "date": "2025-12-07", "hour": 7}}, {"type": "Feature", "geometry": {"type": "Point", "coordinates": [8.0, 54.5]}, "properties": {"value": 7.947, "time": "2025-12-07T07:00:00", "date": "2025-12-07", "hour": 7}}, {"type": "Feature", "geometry": {"type": "Point", "coordinates": [8.25, 54.5]}, "properties": {"value": 6.944, "time": "2025-12-07T07:00:00", "date": "2025-12-07", "hour": 7}}, {"type": "Feature", "geometry": {"type": "Point", "coordinates": [8.5, 54.5]}, "properties": {"value": 6.008, "time": "2025-12-07T07:00:00", "date": "2025-12-07", "hour": 7}}, {"type": "Feature", "geometry": {"type": "Point", "coordinates": [10.5, 54.5]}, "properties": {"value": 5.923, "time": "2025-12-07T07:00:00", "date": "2025-12-07", "hour": 7}}, {"type": "Feature", "geometry": {"type": "Point", "coordinates": [10.75, 54.5]}, "properties": {"value": 5.939, "time": "2025-12-07T07:00:00", "date": "2025-12-07", "hour": 7}}, {"type": "Feature", "geometry": {"type": "Point", "coordinates": [11.0, 54.5]}, "properties": {"value": 5.803, "time": "2025-12-07T07:00:00", "date": "2025-12-07", "hour": 7}}, {"type": "Feature", "geometry": {"type": "Point", "coordinates": [11.25, 54.5]}, "properties": {"value": 5.907, "time": "2025-12-07T07:00:00", "date": "2025-12-07", "hour": 7}}, {"type": "Feature", "geometry": {"type": "Point", "coordinates": [11.5, 54.5]}, "properties": {"value": 6.007, "time": "2025-12-07T07:00:00", "date": "2025-12-07", "hour": 7}}, {"type": "Feature", "geometry": {"type": "Point", "coordinates": [11.75, 54.5]}, "properties": {"value": 6.186, "time": "2025-12-07T07:00:00", "date": "2025-12-07", "hour": 7}}, {"type": "Feature", "geometry": {"type": "Point", "coordinates": [12.0, 54.5]}, "properties": {"value": 6.258, "time": "2025-12-07T07:00:00", "date": "2025-12-07", "hour": 7}}, {"type": "Feature", "geometry": {"type": "Point", "coordinates": [12.25, 54.5]}, "properties": {"value": 6.26, "time": "2025-12-07T07:00:00", "date": "2025-12-07", "hour": 7}}, {"type": "Feature", "geometry": {"type": "Point", "coordinates": [13.0, 54.5]}, "properties": {"value": 6.794, "time": "2025-12-07T07:00:00", "date": "2025-12-07", "hour": 7}}, {"type": "Feature", "geometry": {"type": "Point", "coordinates": [13.25, 54.5]}, "properties": {"value": 6.152, "time": "2025-12-07T07:00:00", "date": "2025-12-07", "hour": 7}}, {"type": "Feature", "geometry": {"type": "Point", "coordinates": [13.5, 54.5]}, "properties": {"value": 5.82, "time": "2025-12-07T07:00:00", "date": "2025-12-07", "hour": 7}}, {"type": "Feature", "geometry": {"type": "Point", "coordinates": [13.75, 54.5]}, "properties": {"value": 5.728, "time": "2025-12-07T07:00:00", "date": "2025-12-07", "hour": 7}}, {"type": "Feature", "geometry": {"type": "Point", "coordinates": [14.0, 54.5]}, "properties": {"value": 5.939, "time": "2025-12-07T07:00:00", "date": "2025-12-07", "hour": 7}}, {"type": "Feature", "geometry": {"type": "Point", "coordinates": [14.25, 54.5]}, "properties": {"value": 6.117, "time": "2025-12-07T07:00:00", "date": "2025-12-07", "hour": 7}}, {"type": "Feature", "geometry": {"type": "Point", "coordinates": [14.5, 54.5]}, "properties": {"value": 6.426, "time": "2025-12-07T07:00:00", "date": "2025-12-07", "hour": 7}}, {"type": "Feature", "geometry": {"type": "Point", "coordinates": [14.75, 54.5]}, "properties": {"value": 6.671, "time": "2025-12-07T07:00:00", "date": "2025-12-07", "hour": 7}}, {"type": "Feature", "geometry": {"type": "Point", "coordinates": [15.0, 54.5]}, "properties": {"value": 7.412, "time": "2025-12-07T07:00:00", "date": "2025-12-07", "hour": 7}}, {"type": "Feature", "geometry": {"type": "Point", "coordinates": [5.0, 54.75]}, "properties": {"value": 10.535, "time": "2025-12-07T07:00:00", "date": "2025-12-07", "hour": 7}}, {"type": "Feature", "geometry": {"type": "Point", "coordinates": [5.25, 54.75]}, "properties": {"value": 10.543, "time": "2025-12-07T07:00:00", "date": "2025-12-07", "hour": 7}}, {"type": "Feature", "geometry": {"type": "Point", "coordinates": [5.5, 54.75]}, "properties": {"value": 10.564, "time": "2025-12-07T07:00:00", "date": "2025-12-07", "hour": 7}}, {"type": "Feature", "geometry": {"type": "Point", "coordinates": [5.75, 54.75]}, "properties": {"value": 10.557, "time": "2025-12-07T07:00:00", "date": "2025-12-07", "hour": 7}}, {"type": "Feature", "geometry": {"type": "Point", "coordinates": [6.0, 54.75]}, "properties": {"value": 10.525, "time": "2025-12-07T07:00:00", "date": "2025-12-07", "hour": 7}}, {"type": "Feature", "geometry": {"type": "Point", "coordinates": [6.25, 54.75]}, "properties": {"value": 10.467, "time": "2025-12-07T07:00:00", "date": "2025-12-07", "hour": 7}}, {"type": "Feature", "geometry": {"type": "Point", "coordinates": [6.5, 54.75]}, "properties": {"value": 10.396, "time": "2025-12-07T07:00:00", "date": "2025-12-07", "hour": 7}}, {"type": "Feature", "geometry": {"type": "Point", "coordinates": [6.75, 54.75]}, "properties": {"value": 10.212, "time": "2025-12-07T07:00:00", "date": "2025-12-07", "hour": 7}}, {"type": "Feature", "geometry": {"type": "Point", "coordinates": [7.0, 54.75]}, "properties": {"value": 10.06, "time": "2025-12-07T07:00:00", "date": "2025-12-07", "hour": 7}}, {"type": "Feature", "geometry": {"type": "Point", "coordinates": [7.25, 54.75]}, "properties": {"value": 9.85, "time": "2025-12-07T07:00:00", "date": "2025-12-07", "hour": 7}}, {"type": "Feature", "geometry": {"type": "Point", "coordinates": [7.5, 54.75]}, "properties": {"value": 9.634, "time": "2025-12-07T07:00:00", "date": "2025-12-07", "hour": 7}}, {"type": "Feature", "geometry": {"type": "Point", "coordinates": [7.75, 54.75]}, "properties": {"value": 8.565, "time": "2025-12-07T07:00:00", "date": "2025-12-07", "hour": 7}}, {"type": "Feature", "geometry": {"type": "Point", "coordinates": [8.0, 54.75]}, "properties": {"value": 7.371, "time": "2025-12-07T07:00:00", "date": "2025-12-07", "hour": 7}}, {"type": "Feature", "geometry": {"type": "Point", "coordinates": [8.25, 54.75]}, "properties": {"value": 6.455, "time": "2025-12-07T07:00:00", "date": "2025-12-07", "hour": 7}}, {"type": "Feature", "geometry": {"type": "Point", "coordinates": [8.5, 54.75]}, "properties": {"value": 5.504, "time": "2025-12-07T07:00:00", "date": "2025-12-07", "hour": 7}}, {"type": "Feature", "geometry": {"type": "Point", "coordinates": [10.25, 54.75]}, "properties": {"value": 5.886, "time": "2025-12-07T07:00:00", "date": "2025-12-07", "hour": 7}}, {"type": "Feature", "geometry": {"type": "Point", "coordinates": [10.5, 54.75]}, "properties": {"value": 5.945, "time": "2025-12-07T07:00:00", "date": "2025-12-07", "hour": 7}}, {"type": "Feature", "geometry": {"type": "Point", "coordinates": [10.75, 54.75]}, "properties": {"value": 6.005, "time": "2025-12-07T07:00:00", "date": "2025-12-07", "hour": 7}}, {"type": "Feature", "geometry": {"type": "Point", "coordinates": [11.0, 54.75]}, "properties": {"value": 5.849, "time": "2025-12-07T07:00:00", "date": "2025-12-07", "hour": 7}}, {"type": "Feature", "geometry": {"type": "Point", "coordinates": [11.25, 54.75]}, "properties": {"value": 5.778, "time": "2025-12-07T07:00:00", "date": "2025-12-07", "hour": 7}}, {"type": "Feature", "geometry": {"type": "Point", "coordinates": [11.5, 54.75]}, "properties": {"value": 5.631, "time": "2025-12-07T07:00:00", "date": "2025-12-07", "hour": 7}}, {"type": "Feature", "geometry": {"type": "Point", "coordinates": [12.0, 54.75]}, "properties": {"value": 6.04, "time": "2025-12-07T07:00:00", "date": "2025-12-07", "hour": 7}}, {"type": "Feature", "geometry": {"type": "Point", "coordinates": [12.25, 54.75]}, "properties": {"value": 6.34, "time": "2025-12-07T07:00:00", "date": "2025-12-07", "hour": 7}}, {"type": "Feature", "geometry": {"type": "Point", "coordinates": [12.5, 54.75]}, "properties": {"value": 6.741, "time": "2025-12-07T07:00:00", "date": "2025-12-07", "hour": 7}}, {"type": "Feature", "geometry": {"type": "Point", "coordinates": [12.75, 54.75]}, "properties": {"value": 6.892, "time": "2025-12-07T07:00:00", "date": "2025-12-07", "hour": 7}}, {"type": "Feature", "geometry": {"type": "Point", "coordinates": [13.0, 54.75]}, "properties": {"value": 6.836, "time": "2025-12-07T07:00:00", "date": "2025-12-07", "hour": 7}}, {"type": "Feature", "geometry": {"type": "Point", "coordinates": [13.25, 54.75]}, "properties": {"value": 6.974, "time": "2025-12-07T07:00:00", "date": "2025-12-07", "hour": 7}}, {"type": "Feature", "geometry": {"type": "Point", "coordinates": [13.5, 54.75]}, "properties": {"value": 6.945, "time": "2025-12-07T07:00:00", "date": "2025-12-07", "hour": 7}}, {"type": "Feature", "geometry": {"type": "Point", "coordinates": [13.75, 54.75]}, "properties": {"value": 6.854, "time": "2025-12-07T07:00:00", "date": "2025-12-07", "hour": 7}}, {"type": "Feature", "geometry": {"type": "Point", "coordinates": [14.0, 54.75]}, "properties": {"value": 6.747, "time": "2025-12-07T07:00:00", "date": "2025-12-07", "hour": 7}}, {"type": "Feature", "geometry": {"type": "Point", "coordinates": [14.25, 54.75]}, "properties": {"value": 6.752, "time": "2025-12-07T07:00:00", "date": "2025-12-07", "hour": 7}}, {"type": "Feature", "geometry": {"type": "Point", "coordinates": [14.5, 54.75]}, "properties": {"value": 7.137, "time": "2025-12-07T07:00:00", "date": "2025-12-07", "hour": 7}}, {"type": "Feature", "geometry": {"type": "Point", "coordinates": [14.75, 54.75]}, "properties": {"value": 7.339, "time": "2025-12-07T07:00:00", "date": "2025-12-07", "hour": 7}}, {"type": "Feature", "geometry": {"type": "Point", "coordinates": [15.0, 54.75]}, "properties": {"value": 7.349, "time": "2025-12-07T07:00:00", "date": "2025-12-07", "hour": 7}}, {"type": "Feature", "geometry": {"type": "Point", "coordinates": [5.0, 55.0]}, "properties": {"value": 10.501, "time": "2025-12-07T07:00:00", "date": "2025-12-07", "hour": 7}}, {"type": "Feature", "geometry": {"type": "Point", "coordinates": [5.25, 55.0]}, "properties": {"value": 10.594, "time": "2025-12-07T07:00:00", "date": "2025-12-07", "hour": 7}}, {"type": "Feature", "geometry": {"type": "Point", "coordinates": [5.5, 55.0]}, "properties": {"value": 10.628, "time": "2025-12-07T07:00:00", "date": "2025-12-07", "hour": 7}}, {"type": "Feature", "geometry": {"type": "Point", "coordinates": [5.75, 55.0]}, "properties": {"value": 10.621, "time": "2025-12-07T07:00:00", "date": "2025-12-07", "hour": 7}}, {"type": "Feature", "geometry": {"type": "Point", "coordinates": [6.0, 55.0]}, "properties": {"value": 10.575, "time": "2025-12-07T07:00:00", "date": "2025-12-07", "hour": 7}}, {"type": "Feature", "geometry": {"type": "Point", "coordinates": [6.25, 55.0]}, "properties": {"value": 10.524, "time": "2025-12-07T07:00:00", "date": "2025-12-07", "hour": 7}}, {"type": "Feature", "geometry": {"type": "Point", "coordinates": [6.5, 55.0]}, "properties": {"value": 10.459, "time": "2025-12-07T07:00:00", "date": "2025-12-07", "hour": 7}}, {"type": "Feature", "geometry": {"type": "Point", "coordinates": [6.75, 55.0]}, "properties": {"value": 10.262, "time": "2025-12-07T07:00:00", "date": "2025-12-07", "hour": 7}}, {"type": "Feature", "geometry": {"type": "Point", "coordinates": [7.0, 55.0]}, "properties": {"value": 10.023, "time": "2025-12-07T07:00:00", "date": "2025-12-07", "hour": 7}}, {"type": "Feature", "geometry": {"type": "Point", "coordinates": [7.25, 55.0]}, "properties": {"value": 9.816, "time": "2025-12-07T07:00:00", "date": "2025-12-07", "hour": 7}}, {"type": "Feature", "geometry": {"type": "Point", "coordinates": [7.5, 55.0]}, "properties": {"value": 9.605, "time": "2025-12-07T07:00:00", "date": "2025-12-07", "hour": 7}}, {"type": "Feature", "geometry": {"type": "Point", "coordinates": [7.75, 55.0]}, "properties": {"value": 8.652, "time": "2025-12-07T07:00:00", "date": "2025-12-07", "hour": 7}}, {"type": "Feature", "geometry": {"type": "Point", "coordinates": [8.0, 55.0]}, "properties": {"value": 7.711, "time": "2025-12-07T07:00:00", "date": "2025-12-07", "hour": 7}}, {"type": "Feature", "geometry": {"type": "Point", "coordinates": [8.25, 55.0]}, "properties": {"value": 6.254, "time": "2025-12-07T07:00:00", "date": "2025-12-07", "hour": 7}}, {"type": "Feature", "geometry": {"type": "Point", "coordinates": [8.5, 55.0]}, "properties": {"value": 5.184, "time": "2025-12-07T07:00:00", "date": "2025-12-07", "hour": 7}}, {"type": "Feature", "geometry": {"type": "Point", "coordinates": [10.25, 55.0]}, "properties": {"value": 5.238, "time": "2025-12-07T07:00:00", "date": "2025-12-07", "hour": 7}}, {"type": "Feature", "geometry": {"type": "Point", "coordinates": [10.5, 55.0]}, "properties": {"value": 5.455, "time": "2025-12-07T07:00:00", "date": "2025-12-07", "hour": 7}}, {"type": "Feature", "geometry": {"type": "Point", "coordinates": [10.75, 55.0]}, "properties": {"value": 5.668, "time": "2025-12-07T07:00:00", "date": "2025-12-07", "hour": 7}}, {"type": "Feature", "geometry": {"type": "Point", "coordinates": [11.0, 55.0]}, "properties": {"value": 5.631, "time": "2025-12-07T07:00:00", "date": "2025-12-07", "hour": 7}}, {"type": "Feature", "geometry": {"type": "Point", "coordinates": [11.25, 55.0]}, "properties": {"value": 5.641, "time": "2025-12-07T07:00:00", "date": "2025-12-07", "hour": 7}}, {"type": "Feature", "geometry": {"type": "Point", "coordinates": [11.5, 55.0]}, "properties": {"value": 5.463, "time": "2025-12-07T07:00:00", "date": "2025-12-07", "hour": 7}}, {"type": "Feature", "geometry": {"type": "Point", "coordinates": [11.75, 55.0]}, "properties": {"value": 5.352, "time": "2025-12-07T07:00:00", "date": "2025-12-07", "hour": 7}}, {"type": "Feature", "geometry": {"type": "Point", "coordinates": [12.0, 55.0]}, "properties": {"value": 5.536, "time": "2025-12-07T07:00:00", "date": "2025-12-07", "hour": 7}}, {"type": "Feature", "geometry": {"type": "Point", "coordinates": [12.25, 55.0]}, "properties": {"value": 5.914, "time": "2025-12-07T07:00:00", "date": "2025-12-07", "hour": 7}}, {"type": "Feature", "geometry": {"type": "Point", "coordinates": [12.5, 55.0]}, "properties": {"value": 6.672, "time": "2025-12-07T07:00:00", "date": "2025-12-07", "hour": 7}}, {"type": "Feature", "geometry": {"type": "Point", "coordinates": [12.75, 55.0]}, "properties": {"value": 6.882, "time": "2025-12-07T07:00:00", "date": "2025-12-07", "hour": 7}}, {"type": "Feature", "geometry": {"type": "Point", "coordinates": [13.0, 55.0]}, "properties": {"value": 7.134, "time": "2025-12-07T07:00:00", "date": "2025-12-07", "hour": 7}}, {"type": "Feature", "geometry": {"type": "Point", "coordinates": [13.25, 55.0]}, "properties": {"value": 7.271, "time": "2025-12-07T07:00:00", "date": "2025-12-07", "hour": 7}}, {"type": "Feature", "geometry": {"type": "Point", "coordinates": [13.5, 55.0]}, "properties": {"value": 7.294, "time": "2025-12-07T07:00:00", "date": "2025-12-07", "hour": 7}}, {"type": "Feature", "geometry": {"type": "Point", "coordinates": [13.75, 55.0]}, "properties": {"value": 7.401, "time": "2025-12-07T07:00:00", "date": "2025-12-07", "hour": 7}}, {"type": "Feature", "geometry": {"type": "Point", "coordinates": [14.0, 55.0]}, "properties": {"value": 7.335, "time": "2025-12-07T07:00:00", "date": "2025-12-07", "hour": 7}}, {"type": "Feature", "geometry": {"type": "Point", "coordinates": [14.25, 55.0]}, "properties": {"value": 7.27, "time": "2025-12-07T07:00:00", "date": "2025-12-07", "hour": 7}}, {"type": "Feature", "geometry": {"type": "Point", "coordinates": [14.5, 55.0]}, "properties": {"value": 7.175, "time": "2025-12-07T07:00:00", "date": "2025-12-07", "hour": 7}}, {"type": "Feature", "geometry": {"type": "Point", "coordinates": [14.75, 55.0]}, "properties": {"value": 7.097, "time": "2025-12-07T07:00:00", "date": "2025-12-07", "hour": 7}}, {"type": "Feature", "geometry": {"type": "Point", "coordinates": [15.0, 55.0]}, "properties": {"value": 6.994, "time": "2025-12-07T07:00:00", "date": "2025-12-07", "hour": 7}}, {"type": "Feature", "geometry": {"type": "Point", "coordinates": [5.25, 52.75]}, "properties": {"value": 6.147, "time": "2025-12-07T08:00:00", "date": "2025-12-07", "hour": 8}}, {"type": "Feature", "geometry": {"type": "Point", "coordinates": [5.5, 52.75]}, "properties": {"value": 6.16, "time": "2025-12-07T08:00:00", "date": "2025-12-07", "hour": 8}}, {"type": "Feature", "geometry": {"type": "Point", "coordinates": [5.0, 53.0]}, "properties": {"value": 7.171, "time": "2025-12-07T08:00:00", "date": "2025-12-07", "hour": 8}}, {"type": "Feature", "geometry": {"type": "Point", "coordinates": [5.25, 53.0]}, "properties": {"value": 6.439, "time": "2025-12-07T08:00:00", "date": "2025-12-07", "hour": 8}}, {"type": "Feature", "geometry": {"type": "Point", "coordinates": [5.5, 53.0]}, "properties": {"value": 5.924, "time": "2025-12-07T08:00:00", "date": "2025-12-07", "hour": 8}}, {"type": "Feature", "geometry": {"type": "Point", "coordinates": [5.0, 53.25]}, "properties": {"value": 7.865, "time": "2025-12-07T08:00:00", "date": "2025-12-07", "hour": 8}}, {"type": "Feature", "geometry": {"type": "Point", "coordinates": [5.25, 53.25]}, "properties": {"value": 6.932, "time": "2025-12-07T08:00:00", "date": "2025-12-07", "hour": 8}}, {"type": "Feature", "geometry": {"type": "Point", "coordinates": [5.5, 53.25]}, "properties": {"value": 6.369, "time": "2025-12-07T08:00:00", "date": "2025-12-07", "hour": 8}}, {"type": "Feature", "geometry": {"type": "Point", "coordinates": [5.0, 53.5]}, "properties": {"value": 9.501, "time": "2025-12-07T08:00:00", "date": "2025-12-07", "hour": 8}}, {"type": "Feature", "geometry": {"type": "Point", "coordinates": [5.25, 53.5]}, "properties": {"value": 8.861, "time": "2025-12-07T08:00:00", "date": "2025-12-07", "hour": 8}}, {"type": "Feature", "geometry": {"type": "Point", "coordinates": [5.5, 53.5]}, "properties": {"value": 8.653, "time": "2025-12-07T08:00:00", "date": "2025-12-07", "hour": 8}}, {"type": "Feature", "geometry": {"type": "Point", "coordinates": [5.75, 53.5]}, "properties": {"value": 8.293, "time": "2025-12-07T08:00:00", "date": "2025-12-07", "hour": 8}}, {"type": "Feature", "geometry": {"type": "Point", "coordinates": [6.0, 53.5]}, "properties": {"value": 7.801, "time": "2025-12-07T08:00:00", "date": "2025-12-07", "hour": 8}}, {"type": "Feature", "geometry": {"type": "Point", "coordinates": [6.25, 53.5]}, "properties": {"value": 7.239, "time": "2025-12-07T08:00:00", "date": "2025-12-07", "hour": 8}}, {"type": "Feature", "geometry": {"type": "Point", "coordinates": [6.5, 53.5]}, "properties": {"value": 6.941, "time": "2025-12-07T08:00:00", "date": "2025-12-07", "hour": 8}}, {"type": "Feature", "geometry": {"type": "Point", "coordinates": [6.75, 53.5]}, "properties": {"value": 6.41, "time": "2025-12-07T08:00:00", "date": "2025-12-07", "hour": 8}}, {"type": "Feature", "geometry": {"type": "Point", "coordinates": [5.0, 53.75]}, "properties": {"value": 10.179, "time": "2025-12-07T08:00:00", "date": "2025-12-07", "hour": 8}}, {"type": "Feature", "geometry": {"type": "Point", "coordinates": [5.25, 53.75]}, "properties": {"value": 9.873, "time": "2025-12-07T08:00:00", "date": "2025-12-07", "hour": 8}}, {"type": "Feature", "geometry": {"type": "Point", "coordinates": [5.5, 53.75]}, "properties": {"value": 9.645, "time": "2025-12-07T08:00:00", "date": "2025-12-07", "hour": 8}}, {"type": "Feature", "geometry": {"type": "Point", "coordinates": [5.75, 53.75]}, "properties": {"value": 9.381, "time": "2025-12-07T08:00:00", "date": "2025-12-07", "hour": 8}}, {"type": "Feature", "geometry": {"type": "Point", "coordinates": [6.0, 53.75]}, "properties": {"value": 8.995, "time": "2025-12-07T08:00:00", "date": "2025-12-07", "hour": 8}}, {"type": "Feature", "geometry": {"type": "Point", "coordinates": [6.25, 53.75]}, "properties": {"value": 8.739, "time": "2025-12-07T08:00:00", "date": "2025-12-07", "hour": 8}}, {"type": "Feature", "geometry": {"type": "Point", "coordinates": [6.5, 53.75]}, "properties": {"value": 8.275, "time": "2025-12-07T08:00:00", "date": "2025-12-07", "hour": 8}}, {"type": "Feature", "geometry": {"type": "Point", "coordinates": [6.75, 53.75]}, "properties": {"value": 7.785, "time": "2025-12-07T08:00:00", "date": "2025-12-07", "hour": 8}}, {"type": "Feature", "geometry": {"type": "Point", "coordinates": [7.0, 53.75]}, "properties": {"value": 7.909, "time": "2025-12-07T08:00:00", "date": "2025-12-07", "hour": 8}}, {"type": "Feature", "geometry": {"type": "Point", "coordinates": [7.25, 53.75]}, "properties": {"value": 7.525, "time": "2025-12-07T08:00:00", "date": "2025-12-07", "hour": 8}}, {"type": "Feature", "geometry": {"type": "Point", "coordinates": [7.5, 53.75]}, "properties": {"value": 7.782, "time": "2025-12-07T08:00:00", "date": "2025-12-07", "hour": 8}}, {"type": "Feature", "geometry": {"type": "Point", "coordinates": [7.75, 53.75]}, "properties": {"value": 7.825, "time": "2025-12-07T08:00:00", "date": "2025-12-07", "hour": 8}}, {"type": "Feature", "geometry": {"type": "Point", "coordinates": [8.0, 53.75]}, "properties": {"value": 7.579, "time": "2025-12-07T08:00:00", "date": "2025-12-07", "hour": 8}}, {"type": "Feature", "geometry": {"type": "Point", "coordinates": [8.25, 53.75]}, "properties": {"value": 6.981, "time": "2025-12-07T08:00:00", "date": "2025-12-07", "hour": 8}}, {"type": "Feature", "geometry": {"type": "Point", "coordinates": [8.5, 53.75]}, "properties": {"value": 6.347, "time": "2025-12-07T08:00:00", "date": "2025-12-07", "hour": 8}}, {"type": "Feature", "geometry": {"type": "Point", "coordinates": [8.75, 53.75]}, "properties": {"value": 6.347, "time": "2025-12-07T08:00:00", "date": "2025-12-07", "hour": 8}}, {"type": "Feature", "geometry": {"type": "Point", "coordinates": [14.25, 53.75]}, "properties": {"value": 2.389, "time": "2025-12-07T08:00:00", "date": "2025-12-07", "hour": 8}}, {"type": "Feature", "geometry": {"type": "Point", "coordinates": [14.5, 53.75]}, "properties": {"value": 2.389, "time": "2025-12-07T08:00:00", "date": "2025-12-07", "hour": 8}}, {"type": "Feature", "geometry": {"type": "Point", "coordinates": [5.0, 54.0]}, "properties": {"value": 10.438, "time": "2025-12-07T08:00:00", "date": "2025-12-07", "hour": 8}}, {"type": "Feature", "geometry": {"type": "Point", "coordinates": [5.25, 54.0]}, "properties": {"value": 10.368, "time": "2025-12-07T08:00:00", "date": "2025-12-07", "hour": 8}}, {"type": "Feature", "geometry": {"type": "Point", "coordinates": [5.5, 54.0]}, "properties": {"value": 10.141, "time": "2025-12-07T08:00:00", "date": "2025-12-07", "hour": 8}}, {"type": "Feature", "geometry": {"type": "Point", "coordinates": [5.75, 54.0]}, "properties": {"value": 9.927, "time": "2025-12-07T08:00:00", "date": "2025-12-07", "hour": 8}}, {"type": "Feature", "geometry": {"type": "Point", "coordinates": [6.0, 54.0]}, "properties": {"value": 9.776, "time": "2025-12-07T08:00:00", "date": "2025-12-07", "hour": 8}}, {"type": "Feature", "geometry": {"type": "Point", "coordinates": [6.25, 54.0]}, "properties": {"value": 9.597, "time": "2025-12-07T08:00:00", "date": "2025-12-07", "hour": 8}}, {"type": "Feature", "geometry": {"type": "Point", "coordinates": [6.5, 54.0]}, "properties": {"value": 9.186, "time": "2025-12-07T08:00:00", "date": "2025-12-07", "hour": 8}}, {"type": "Feature", "geometry": {"type": "Point", "coordinates": [6.75, 54.0]}, "properties": {"value": 8.976, "time": "2025-12-07T08:00:00", "date": "2025-12-07", "hour": 8}}, {"type": "Feature", "geometry": {"type": "Point", "coordinates": [7.0, 54.0]}, "properties": {"value": 8.887, "time": "2025-12-07T08:00:00", "date": "2025-12-07", "hour": 8}}, {"type": "Feature", "geometry": {"type": "Point", "coordinates": [7.25, 54.0]}, "properties": {"value": 8.651, "time": "2025-12-07T08:00:00", "date": "2025-12-07", "hour": 8}}, {"type": "Feature", "geometry": {"type": "Point", "coordinates": [7.5, 54.0]}, "properties": {"value": 8.716, "time": "2025-12-07T08:00:00", "date": "2025-12-07", "hour": 8}}, {"type": "Feature", "geometry": {"type": "Point", "coordinates": [7.75, 54.0]}, "properties": {"value": 8.667, "time": "2025-12-07T08:00:00", "date": "2025-12-07", "hour": 8}}, {"type": "Feature", "geometry": {"type": "Point", "coordinates": [8.0, 54.0]}, "properties": {"value": 8.566, "time": "2025-12-07T08:00:00", "date": "2025-12-07", "hour": 8}}, {"type": "Feature", "geometry": {"type": "Point", "coordinates": [8.25, 54.0]}, "properties": {"value": 8.113, "time": "2025-12-07T08:00:00", "date": "2025-12-07", "hour": 8}}, {"type": "Feature", "geometry": {"type": "Point", "coordinates": [8.5, 54.0]}, "properties": {"value": 6.776, "time": "2025-12-07T08:00:00", "date": "2025-12-07", "hour": 8}}, {"type": "Feature", "geometry": {"type": "Point", "coordinates": [11.25, 54.0]}, "properties": {"value": 5.168, "time": "2025-12-07T08:00:00", "date": "2025-12-07", "hour": 8}}, {"type": "Feature", "geometry": {"type": "Point", "coordinates": [14.0, 54.0]}, "properties": {"value": 3.979, "time": "2025-12-07T08:00:00", "date": "2025-12-07", "hour": 8}}, {"type": "Feature", "geometry": {"type": "Point", "coordinates": [14.25, 54.0]}, "properties": {"value": 4.777, "time": "2025-12-07T08:00:00", "date": "2025-12-07", "hour": 8}}, {"type": "Feature", "geometry": {"type": "Point", "coordinates": [14.5, 54.0]}, "properties": {"value": 4.438, "time": "2025-12-07T08:00:00", "date": "2025-12-07", "hour": 8}}, {"type": "Feature", "geometry": {"type": "Point", "coordinates": [14.75, 54.0]}, "properties": {"value": 4.948, "time": "2025-12-07T08:00:00", "date": "2025-12-07", "hour": 8}}, {"type": "Feature", "geometry": {"type": "Point", "coordinates": [5.0, 54.25]}, "properties": {"value": 10.514, "time": "2025-12-07T08:00:00", "date": "2025-12-07", "hour": 8}}, {"type": "Feature", "geometry": {"type": "Point", "coordinates": [5.25, 54.25]}, "properties": {"value": 10.461, "time": "2025-12-07T08:00:00", "date": "2025-12-07", "hour": 8}}, {"type": "Feature", "geometry": {"type": "Point", "coordinates": [5.5, 54.25]}, "properties": {"value": 10.37, "time": "2025-12-07T08:00:00", "date": "2025-12-07", "hour": 8}}, {"type": "Feature", "geometry": {"type": "Point", "coordinates": [5.75, 54.25]}, "properties": {"value": 10.193, "time": "2025-12-07T08:00:00", "date": "2025-12-07", "hour": 8}}, {"type": "Feature", "geometry": {"type": "Point", "coordinates": [6.0, 54.25]}, "properties": {"value": 10.126, "time": "2025-12-07T08:00:00", "date": "2025-12-07", "hour": 8}}, {"type": "Feature", "geometry": {"type": "Point", "coordinates": [6.25, 54.25]}, "properties": {"value": 10.002, "time": "2025-12-07T08:00:00", "date": "2025-12-07", "hour": 8}}, {"type": "Feature", "geometry": {"type": "Point", "coordinates": [6.5, 54.25]}, "properties": {"value": 9.844, "time": "2025-12-07T08:00:00", "date": "2025-12-07", "hour": 8}}, {"type": "Feature", "geometry": {"type": "Point", "coordinates": [6.75, 54.25]}, "properties": {"value": 9.685, "time": "2025-12-07T08:00:00", "date": "2025-12-07", "hour": 8}}, {"type": "Feature", "geometry": {"type": "Point", "coordinates": [7.0, 54.25]}, "properties": {"value": 9.6, "time": "2025-12-07T08:00:00", "date": "2025-12-07", "hour": 8}}, {"type": "Feature", "geometry": {"type": "Point", "coordinates": [7.25, 54.25]}, "properties": {"value": 9.517, "time": "2025-12-07T08:00:00", "date": "2025-12-07", "hour": 8}}, {"type": "Feature", "geometry": {"type": "Point", "coordinates": [7.5, 54.25]}, "properties": {"value": 9.463, "time": "2025-12-07T08:00:00", "date": "2025-12-07", "hour": 8}}, {"type": "Feature", "geometry": {"type": "Point", "coordinates": [7.75, 54.25]}, "properties": {"value": 9.033, "time": "2025-12-07T08:00:00", "date": "2025-12-07", "hour": 8}}, {"type": "Feature", "geometry": {"type": "Point", "coordinates": [8.0, 54.25]}, "properties": {"value": 8.815, "time": "2025-12-07T08:00:00", "date": "2025-12-07", "hour": 8}}, {"type": "Feature", "geometry": {"type": "Point", "coordinates": [8.25, 54.25]}, "properties": {"value": 7.76, "time": "2025-12-07T08:00:00", "date": "2025-12-07", "hour": 8}}, {"type": "Feature", "geometry": {"type": "Point", "coordinates": [8.5, 54.25]}, "properties": {"value": 6.486, "time": "2025-12-07T08:00:00", "date": "2025-12-07", "hour": 8}}, {"type": "Feature", "geometry": {"type": "Point", "coordinates": [10.75, 54.25]}, "properties": {"value": 5.775, "time": "2025-12-07T08:00:00", "date": "2025-12-07", "hour": 8}}, {"type": "Feature", "geometry": {"type": "Point", "coordinates": [11.25, 54.25]}, "properties": {"value": 5.602, "time": "2025-12-07T08:00:00", "date": "2025-12-07", "hour": 8}}, {"type": "Feature", "geometry": {"type": "Point", "coordinates": [11.75, 54.25]}, "properties": {"value": 6.159, "time": "2025-12-07T08:00:00", "date": "2025-12-07", "hour": 8}}, {"type": "Feature", "geometry": {"type": "Point", "coordinates": [12.25, 54.25]}, "properties": {"value": 6.117, "time": "2025-12-07T08:00:00", "date": "2025-12-07", "hour": 8}}, {"type": "Feature", "geometry": {"type": "Point", "coordinates": [13.75, 54.25]}, "properties": {"value": 4.522, "time": "2025-12-07T08:00:00", "date": "2025-12-07", "hour": 8}}, {"type": "Feature", "geometry": {"type": "Point", "coordinates": [14.0, 54.25]}, "properties": {"value": 4.784, "time": "2025-12-07T08:00:00", "date": "2025-12-07", "hour": 8}}, {"type": "Feature", "geometry": {"type": "Point", "coordinates": [14.25, 54.25]}, "properties": {"value": 5.295, "time": "2025-12-07T08:00:00", "date": "2025-12-07", "hour": 8}}, {"type": "Feature", "geometry": {"type": "Point", "coordinates": [14.5, 54.25]}, "properties": {"value": 5.434, "time": "2025-12-07T08:00:00", "date": "2025-12-07", "hour": 8}}, {"type": "Feature", "geometry": {"type": "Point", "coordinates": [14.75, 54.25]}, "properties": {"value": 5.709, "time": "2025-12-07T08:00:00", "date": "2025-12-07", "hour": 8}}, {"type": "Feature", "geometry": {"type": "Point", "coordinates": [15.0, 54.25]}, "properties": {"value": 6.474, "time": "2025-12-07T08:00:00", "date": "2025-12-07", "hour": 8}}, {"type": "Feature", "geometry": {"type": "Point", "coordinates": [5.0, 54.5]}, "properties": {"value": 10.537, "time": "2025-12-07T08:00:00", "date": "2025-12-07", "hour": 8}}, {"type": "Feature", "geometry": {"type": "Point", "coordinates": [5.25, 54.5]}, "properties": {"value": 10.545, "time": "2025-12-07T08:00:00", "date": "2025-12-07", "hour": 8}}, {"type": "Feature", "geometry": {"type": "Point", "coordinates": [5.5, 54.5]}, "properties": {"value": 10.5, "time": "2025-12-07T08:00:00", "date": "2025-12-07", "hour": 8}}, {"type": "Feature", "geometry": {"type": "Point", "coordinates": [5.75, 54.5]}, "properties": {"value": 10.423, "time": "2025-12-07T08:00:00", "date": "2025-12-07", "hour": 8}}, {"type": "Feature", "geometry": {"type": "Point", "coordinates": [6.0, 54.5]}, "properties": {"value": 10.375, "time": "2025-12-07T08:00:00", "date": "2025-12-07", "hour": 8}}, {"type": "Feature", "geometry": {"type": "Point", "coordinates": [6.25, 54.5]}, "properties": {"value": 10.318, "time": "2025-12-07T08:00:00", "date": "2025-12-07", "hour": 8}}, {"type": "Feature", "geometry": {"type": "Point", "coordinates": [6.5, 54.5]}, "properties": {"value": 10.188, "time": "2025-12-07T08:00:00", "date": "2025-12-07", "hour": 8}}, {"type": "Feature", "geometry": {"type": "Point", "coordinates": [6.75, 54.5]}, "properties": {"value": 10.09, "time": "2025-12-07T08:00:00", "date": "2025-12-07", "hour": 8}}, {"type": "Feature", "geometry": {"type": "Point", "coordinates": [7.0, 54.5]}, "properties": {"value": 9.96, "time": "2025-12-07T08:00:00", "date": "2025-12-07", "hour": 8}}, {"type": "Feature", "geometry": {"type": "Point", "coordinates": [7.25, 54.5]}, "properties": {"value": 9.758, "time": "2025-12-07T08:00:00", "date": "2025-12-07", "hour": 8}}, {"type": "Feature", "geometry": {"type": "Point", "coordinates": [7.5, 54.5]}, "properties": {"value": 9.68, "time": "2025-12-07T08:00:00", "date": "2025-12-07", "hour": 8}}, {"type": "Feature", "geometry": {"type": "Point", "coordinates": [7.75, 54.5]}, "properties": {"value": 9.1, "time": "2025-12-07T08:00:00", "date": "2025-12-07", "hour": 8}}, {"type": "Feature", "geometry": {"type": "Point", "coordinates": [8.0, 54.5]}, "properties": {"value": 7.947, "time": "2025-12-07T08:00:00", "date": "2025-12-07", "hour": 8}}, {"type": "Feature", "geometry": {"type": "Point", "coordinates": [8.25, 54.5]}, "properties": {"value": 6.944, "time": "2025-12-07T08:00:00", "date": "2025-12-07", "hour": 8}}, {"type": "Feature", "geometry": {"type": "Point", "coordinates": [8.5, 54.5]}, "properties": {"value": 6.008, "time": "2025-12-07T08:00:00", "date": "2025-12-07", "hour": 8}}, {"type": "Feature", "geometry": {"type": "Point", "coordinates": [10.5, 54.5]}, "properties": {"value": 5.923, "time": "2025-12-07T08:00:00", "date": "2025-12-07", "hour": 8}}, {"type": "Feature", "geometry": {"type": "Point", "coordinates": [10.75, 54.5]}, "properties": {"value": 5.939, "time": "2025-12-07T08:00:00", "date": "2025-12-07", "hour": 8}}, {"type": "Feature", "geometry": {"type": "Point", "coordinates": [11.0, 54.5]}, "properties": {"value": 5.803, "time": "2025-12-07T08:00:00", "date": "2025-12-07", "hour": 8}}, {"type": "Feature", "geometry": {"type": "Point", "coordinates": [11.25, 54.5]}, "properties": {"value": 5.907, "time": "2025-12-07T08:00:00", "date": "2025-12-07", "hour": 8}}, {"type": "Feature", "geometry": {"type": "Point", "coordinates": [11.5, 54.5]}, "properties": {"value": 6.007, "time": "2025-12-07T08:00:00", "date": "2025-12-07", "hour": 8}}, {"type": "Feature", "geometry": {"type": "Point", "coordinates": [11.75, 54.5]}, "properties": {"value": 6.186, "time": "2025-12-07T08:00:00", "date": "2025-12-07", "hour": 8}}, {"type": "Feature", "geometry": {"type": "Point", "coordinates": [12.0, 54.5]}, "properties": {"value": 6.258, "time": "2025-12-07T08:00:00", "date": "2025-12-07", "hour": 8}}, {"type": "Feature", "geometry": {"type": "Point", "coordinates": [12.25, 54.5]}, "properties": {"value": 6.26, "time": "2025-12-07T08:00:00", "date": "2025-12-07", "hour": 8}}, {"type": "Feature", "geometry": {"type": "Point", "coordinates": [13.0, 54.5]}, "properties": {"value": 6.794, "time": "2025-12-07T08:00:00", "date": "2025-12-07", "hour": 8}}, {"type": "Feature", "geometry": {"type": "Point", "coordinates": [13.25, 54.5]}, "properties": {"value": 6.152, "time": "2025-12-07T08:00:00", "date": "2025-12-07", "hour": 8}}, {"type": "Feature", "geometry": {"type": "Point", "coordinates": [13.5, 54.5]}, "properties": {"value": 5.82, "time": "2025-12-07T08:00:00", "date": "2025-12-07", "hour": 8}}, {"type": "Feature", "geometry": {"type": "Point", "coordinates": [13.75, 54.5]}, "properties": {"value": 5.728, "time": "2025-12-07T08:00:00", "date": "2025-12-07", "hour": 8}}, {"type": "Feature", "geometry": {"type": "Point", "coordinates": [14.0, 54.5]}, "properties": {"value": 5.939, "time": "2025-12-07T08:00:00", "date": "2025-12-07", "hour": 8}}, {"type": "Feature", "geometry": {"type": "Point", "coordinates": [14.25, 54.5]}, "properties": {"value": 6.117, "time": "2025-12-07T08:00:00", "date": "2025-12-07", "hour": 8}}, {"type": "Feature", "geometry": {"type": "Point", "coordinates": [14.5, 54.5]}, "properties": {"value": 6.426, "time": "2025-12-07T08:00:00", "date": "2025-12-07", "hour": 8}}, {"type": "Feature", "geometry": {"type": "Point", "coordinates": [14.75, 54.5]}, "properties": {"value": 6.671, "time": "2025-12-07T08:00:00", "date": "2025-12-07", "hour": 8}}, {"type": "Feature", "geometry": {"type": "Point", "coordinates": [15.0, 54.5]}, "properties": {"value": 7.412, "time": "2025-12-07T08:00:00", "date": "2025-12-07", "hour": 8}}, {"type": "Feature", "geometry": {"type": "Point", "coordinates": [5.0, 54.75]}, "properties": {"value": 10.535, "time": "2025-12-07T08:00:00", "date": "2025-12-07", "hour": 8}}, {"type": "Feature", "geometry": {"type": "Point", "coordinates": [5.25, 54.75]}, "properties": {"value": 10.543, "time": "2025-12-07T08:00:00", "date": "2025-12-07", "hour": 8}}, {"type": "Feature", "geometry": {"type": "Point", "coordinates": [5.5, 54.75]}, "properties": {"value": 10.564, "time": "2025-12-07T08:00:00", "date": "2025-12-07", "hour": 8}}, {"type": "Feature", "geometry": {"type": "Point", "coordinates": [5.75, 54.75]}, "properties": {"value": 10.557, "time": "2025-12-07T08:00:00", "date": "2025-12-07", "hour": 8}}, {"type": "Feature", "geometry": {"type": "Point", "coordinates": [6.0, 54.75]}, "properties": {"value": 10.525, "time": "2025-12-07T08:00:00", "date": "2025-12-07", "hour": 8}}, {"type": "Feature", "geometry": {"type": "Point", "coordinates": [6.25, 54.75]}, "properties": {"value": 10.467, "time": "2025-12-07T08:00:00", "date": "2025-12-07", "hour": 8}}, {"type": "Feature", "geometry": {"type": "Point", "coordinates": [6.5, 54.75]}, "properties": {"value": 10.396, "time": "2025-12-07T08:00:00", "date": "2025-12-07", "hour": 8}}, {"type": "Feature", "geometry": {"type": "Point", "coordinates": [6.75, 54.75]}, "properties": {"value": 10.212, "time": "2025-12-07T08:00:00", "date": "2025-12-07", "hour": 8}}, {"type": "Feature", "geometry": {"type": "Point", "coordinates": [7.0, 54.75]}, "properties": {"value": 10.06, "time": "2025-12-07T08:00:00", "date": "2025-12-07", "hour": 8}}, {"type": "Feature", "geometry": {"type": "Point", "coordinates": [7.25, 54.75]}, "properties": {"value": 9.85, "time": "2025-12-07T08:00:00", "date": "2025-12-07", "hour": 8}}, {"type": "Feature", "geometry": {"type": "Point", "coordinates": [7.5, 54.75]}, "properties": {"value": 9.634, "time": "2025-12-07T08:00:00", "date": "2025-12-07", "hour": 8}}, {"type": "Feature", "geometry": {"type": "Point", "coordinates": [7.75, 54.75]}, "properties": {"value": 8.565, "time": "2025-12-07T08:00:00", "date": "2025-12-07", "hour": 8}}, {"type": "Feature", "geometry": {"type": "Point", "coordinates": [8.0, 54.75]}, "properties": {"value": 7.371, "time": "2025-12-07T08:00:00", "date": "2025-12-07", "hour": 8}}, {"type": "Feature", "geometry": {"type": "Point", "coordinates": [8.25, 54.75]}, "properties": {"value": 6.455, "time": "2025-12-07T08:00:00", "date": "2025-12-07", "hour": 8}}, {"type": "Feature", "geometry": {"type": "Point", "coordinates": [8.5, 54.75]}, "properties": {"value": 5.504, "time": "2025-12-07T08:00:00", "date": "2025-12-07", "hour": 8}}, {"type": "Feature", "geometry": {"type": "Point", "coordinates": [10.25, 54.75]}, "properties": {"value": 5.886, "time": "2025-12-07T08:00:00", "date": "2025-12-07", "hour": 8}}, {"type": "Feature", "geometry": {"type": "Point", "coordinates": [10.5, 54.75]}, "properties": {"value": 5.945, "time": "2025-12-07T08:00:00", "date": "2025-12-07", "hour": 8}}, {"type": "Feature", "geometry": {"type": "Point", "coordinates": [10.75, 54.75]}, "properties": {"value": 6.005, "time": "2025-12-07T08:00:00", "date": "2025-12-07", "hour": 8}}, {"type": "Feature", "geometry": {"type": "Point", "coordinates": [11.0, 54.75]}, "properties": {"value": 5.849, "time": "2025-12-07T08:00:00", "date": "2025-12-07", "hour": 8}}, {"type": "Feature", "geometry": {"type": "Point", "coordinates": [11.25, 54.75]}, "properties": {"value": 5.778, "time": "2025-12-07T08:00:00", "date": "2025-12-07", "hour": 8}}, {"type": "Feature", "geometry": {"type": "Point", "coordinates": [11.5, 54.75]}, "properties": {"value": 5.631, "time": "2025-12-07T08:00:00", "date": "2025-12-07", "hour": 8}}, {"type": "Feature", "geometry": {"type": "Point", "coordinates": [12.0, 54.75]}, "properties": {"value": 6.04, "time": "2025-12-07T08:00:00", "date": "2025-12-07", "hour": 8}}, {"type": "Feature", "geometry": {"type": "Point", "coordinates": [12.25, 54.75]}, "properties": {"value": 6.34, "time": "2025-12-07T08:00:00", "date": "2025-12-07", "hour": 8}}, {"type": "Feature", "geometry": {"type": "Point", "coordinates": [12.5, 54.75]}, "properties": {"value": 6.741, "time": "2025-12-07T08:00:00", "date": "2025-12-07", "hour": 8}}, {"type": "Feature", "geometry": {"type": "Point", "coordinates": [12.75, 54.75]}, "properties": {"value": 6.892, "time": "2025-12-07T08:00:00", "date": "2025-12-07", "hour": 8}}, {"type": "Feature", "geometry": {"type": "Point", "coordinates": [13.0, 54.75]}, "properties": {"value": 6.836, "time": "2025-12-07T08:00:00", "date": "2025-12-07", "hour": 8}}, {"type": "Feature", "geometry": {"type": "Point", "coordinates": [13.25, 54.75]}, "properties": {"value": 6.974, "time": "2025-12-07T08:00:00", "date": "2025-12-07", "hour": 8}}, {"type": "Feature", "geometry": {"type": "Point", "coordinates": [13.5, 54.75]}, "properties": {"value": 6.945, "time": "2025-12-07T08:00:00", "date": "2025-12-07", "hour": 8}}, {"type": "Feature", "geometry": {"type": "Point", "coordinates": [13.75, 54.75]}, "properties": {"value": 6.854, "time": "2025-12-07T08:00:00", "date": "2025-12-07", "hour": 8}}, {"type": "Feature", "geometry": {"type": "Point", "coordinates": [14.0, 54.75]}, "properties": {"value": 6.747, "time": "2025-12-07T08:00:00", "date": "2025-12-07", "hour": 8}}, {"type": "Feature", "geometry": {"type": "Point", "coordinates": [14.25, 54.75]}, "properties": {"value": 6.752, "time": "2025-12-07T08:00:00", "date": "2025-12-07", "hour": 8}}, {"type": "Feature", "geometry": {"type": "Point", "coordinates": [14.5, 54.75]}, "properties": {"value": 7.137, "time": "2025-12-07T08:00:00", "date": "2025-12-07", "hour": 8}}, {"type": "Feature", "geometry": {"type": "Point", "coordinates": [14.75, 54.75]}, "properties": {"value": 7.339, "time": "2025-12-07T08:00:00", "date": "2025-12-07", "hour": 8}}, {"type": "Feature", "geometry": {"type": "Point", "coordinates": [15.0, 54.75]}, "properties": {"value": 7.349, "time": "2025-12-07T08:00:00", "date": "2025-12-07", "hour": 8}}, {"type": "Feature", "geometry": {"type": "Point", "coordinates": [5.0, 55.0]}, "properties": {"value": 10.501, "time": "2025-12-07T08:00:00", "date": "2025-12-07", "hour": 8}}, {"type": "Feature", "geometry": {"type": "Point", "coordinates": [5.25, 55.0]}, "properties": {"value": 10.594, "time": "2025-12-07T08:00:00", "date": "2025-12-07", "hour": 8}}, {"type": "Feature", "geometry": {"type": "Point", "coordinates": [5.5, 55.0]}, "properties": {"value": 10.628, "time": "2025-12-07T08:00:00", "date": "2025-12-07", "hour": 8}}, {"type": "Feature", "geometry": {"type": "Point", "coordinates": [5.75, 55.0]}, "properties": {"value": 10.621, "time": "2025-12-07T08:00:00", "date": "2025-12-07", "hour": 8}}, {"type": "Feature", "geometry": {"type": "Point", "coordinates": [6.0, 55.0]}, "properties": {"value": 10.575, "time": "2025-12-07T08:00:00", "date": "2025-12-07", "hour": 8}}, {"type": "Feature", "geometry": {"type": "Point", "coordinates": [6.25, 55.0]}, "properties": {"value": 10.524, "time": "2025-12-07T08:00:00", "date": "2025-12-07", "hour": 8}}, {"type": "Feature", "geometry": {"type": "Point", "coordinates": [6.5, 55.0]}, "properties": {"value": 10.459, "time": "2025-12-07T08:00:00", "date": "2025-12-07", "hour": 8}}, {"type": "Feature", "geometry": {"type": "Point", "coordinates": [6.75, 55.0]}, "properties": {"value": 10.262, "time": "2025-12-07T08:00:00", "date": "2025-12-07", "hour": 8}}, {"type": "Feature", "geometry": {"type": "Point", "coordinates": [7.0, 55.0]}, "properties": {"value": 10.023, "time": "2025-12-07T08:00:00", "date": "2025-12-07", "hour": 8}}, {"type": "Feature", "geometry": {"type": "Point", "coordinates": [7.25, 55.0]}, "properties": {"value": 9.816, "time": "2025-12-07T08:00:00", "date": "2025-12-07", "hour": 8}}, {"type": "Feature", "geometry": {"type": "Point", "coordinates": [7.5, 55.0]}, "properties": {"value": 9.605, "time": "2025-12-07T08:00:00", "date": "2025-12-07", "hour": 8}}, {"type": "Feature", "geometry": {"type": "Point", "coordinates": [7.75, 55.0]}, "properties": {"value": 8.652, "time": "2025-12-07T08:00:00", "date": "2025-12-07", "hour": 8}}, {"type": "Feature", "geometry": {"type": "Point", "coordinates": [8.0, 55.0]}, "properties": {"value": 7.711, "time": "2025-12-07T08:00:00", "date": "2025-12-07", "hour": 8}}, {"type": "Feature", "geometry": {"type": "Point", "coordinates": [8.25, 55.0]}, "properties": {"value": 6.254, "time": "2025-12-07T08:00:00", "date": "2025-12-07", "hour": 8}}, {"type": "Feature", "geometry": {"type": "Point", "coordinates": [8.5, 55.0]}, "properties": {"value": 5.184, "time": "2025-12-07T08:00:00", "date": "2025-12-07", "hour": 8}}, {"type": "Feature", "geometry": {"type": "Point", "coordinates": [10.25, 55.0]}, "properties": {"value": 5.238, "time": "2025-12-07T08:00:00", "date": "2025-12-07", "hour": 8}}, {"type": "Feature", "geometry": {"type": "Point", "coordinates": [10.5, 55.0]}, "properties": {"value": 5.455, "time": "2025-12-07T08:00:00", "date": "2025-12-07", "hour": 8}}, {"type": "Feature", "geometry": {"type": "Point", "coordinates": [10.75, 55.0]}, "properties": {"value": 5.668, "time": "2025-12-07T08:00:00", "date": "2025-12-07", "hour": 8}}, {"type": "Feature", "geometry": {"type": "Point", "coordinates": [11.0, 55.0]}, "properties": {"value": 5.631, "time": "2025-12-07T08:00:00", "date": "2025-12-07", "hour": 8}}, {"type": "Feature", "geometry": {"type": "Point", "coordinates": [11.25, 55.0]}, "properties": {"value": 5.641, "time": "2025-12-07T08:00:00", "date": "2025-12-07", "hour": 8}}, {"type": "Feature", "geometry": {"type": "Point", "coordinates": [11.5, 55.0]}, "properties": {"value": 5.463, "time": "2025-12-07T08:00:00", "date": "2025-12-07", "hour": 8}}, {"type": "Feature", "geometry": {"type": "Point", "coordinates": [11.75, 55.0]}, "properties": {"value": 5.352, "time": "2025-12-07T08:00:00", "date": "2025-12-07", "hour": 8}}, {"type": "Feature", "geometry": {"type": "Point", "coordinates": [12.0, 55.0]}, "properties": {"value": 5.536, "time": "2025-12-07T08:00:00", "date": "2025-12-07", "hour": 8}}, {"type": "Feature", "geometry": {"type": "Point", "coordinates": [12.25, 55.0]}, "properties": {"value": 5.914, "time": "2025-12-07T08:00:00", "date": "2025-12-07", "hour": 8}}, {"type": "Feature", "geometry": {"type": "Point", "coordinates": [12.5, 55.0]}, "properties": {"value": 6.672, "time": "2025-12-07T08:00:00", "date": "2025-12-07", "hour": 8}}, {"type": "Feature", "geometry": {"type": "Point", "coordinates": [12.75, 55.0]}, "properties": {"value": 6.882, "time": "2025-12-07T08:00:00", "date": "2025-12-07", "hour": 8}}, {"type": "Feature", "geometry": {"type": "Point", "coordinates": [13.0, 55.0]}, "properties": {"value": 7.134, "time": "2025-12-07T08:00:00", "date": "2025-12-07", "hour": 8}}, {"type": "Feature", "geometry": {"type": "Point", "coordinates": [13.25, 55.0]}, "properties": {"value": 7.271, "time": "2025-12-07T08:00:00", "date": "2025-12-07", "hour": 8}}, {"type": "Feature", "geometry": {"type": "Point", "coordinates": [13.5, 55.0]}, "properties": {"value": 7.294, "time": "2025-12-07T08:00:00", "date": "2025-12-07", "hour": 8}}, {"type": "Feature", "geometry": {"type": "Point", "coordinates": [13.75, 55.0]}, "properties": {"value": 7.401, "time": "2025-12-07T08:00:00", "date": "2025-12-07", "hour": 8}}, {"type": "Feature", "geometry": {"type": "Point", "coordinates": [14.0, 55.0]}, "properties": {"value": 7.335, "time": "2025-12-07T08:00:00", "date": "2025-12-07", "hour": 8}}, {"type": "Feature", "geometry": {"type": "Point", "coordinates": [14.25, 55.0]}, "properties": {"value": 7.27, "time": "2025-12-07T08:00:00", "date": "2025-12-07", "hour": 8}}, {"type": "Feature", "geometry": {"type": "Point", "coordinates": [14.5, 55.0]}, "properties": {"value": 7.175, "time": "2025-12-07T08:00:00", "date": "2025-12-07", "hour": 8}}, {"type": "Feature", "geometry": {"type": "Point", "coordinates": [14.75, 55.0]}, "properties": {"value": 7.097, "time": "2025-12-07T08:00:00", "date": "2025-12-07", "hour": 8}}, {"type": "Feature", "geometry": {"type": "Point", "coordinates": [15.0, 55.0]}, "properties": {"value": 6.994, "time": "2025-12-07T08:00:00", "date": "2025-12-07", "hour": 8}}, {"type": "Feature", "geometry": {"type": "Point", "coordinates": [5.25, 52.75]}, "properties": {"value": 6.147, "time": "2025-12-07T09:00:00", "date": "2025-12-07", "hour": 9}}, {"type": "Feature", "geometry": {"type": "Point", "coordinates": [5.5, 52.75]}, "properties": {"value": 6.16, "time": "2025-12-07T09:00:00", "date": "2025-12-07", "hour": 9}}, {"type": "Feature", "geometry": {"type": "Point", "coordinates": [5.0, 53.0]}, "properties": {"value": 7.171, "time": "2025-12-07T09:00:00", "date": "2025-12-07", "hour": 9}}, {"type": "Feature", "geometry": {"type": "Point", "coordinates": [5.25, 53.0]}, "properties": {"value": 6.439, "time": "2025-12-07T09:00:00", "date": "2025-12-07", "hour": 9}}, {"type": "Feature", "geometry": {"type": "Point", "coordinates": [5.5, 53.0]}, "properties": {"value": 5.924, "time": "2025-12-07T09:00:00", "date": "2025-12-07", "hour": 9}}, {"type": "Feature", "geometry": {"type": "Point", "coordinates": [5.0, 53.25]}, "properties": {"value": 7.865, "time": "2025-12-07T09:00:00", "date": "2025-12-07", "hour": 9}}, {"type": "Feature", "geometry": {"type": "Point", "coordinates": [5.25, 53.25]}, "properties": {"value": 6.932, "time": "2025-12-07T09:00:00", "date": "2025-12-07", "hour": 9}}, {"type": "Feature", "geometry": {"type": "Point", "coordinates": [5.5, 53.25]}, "properties": {"value": 6.369, "time": "2025-12-07T09:00:00", "date": "2025-12-07", "hour": 9}}, {"type": "Feature", "geometry": {"type": "Point", "coordinates": [5.0, 53.5]}, "properties": {"value": 9.501, "time": "2025-12-07T09:00:00", "date": "2025-12-07", "hour": 9}}, {"type": "Feature", "geometry": {"type": "Point", "coordinates": [5.25, 53.5]}, "properties": {"value": 8.861, "time": "2025-12-07T09:00:00", "date": "2025-12-07", "hour": 9}}, {"type": "Feature", "geometry": {"type": "Point", "coordinates": [5.5, 53.5]}, "properties": {"value": 8.653, "time": "2025-12-07T09:00:00", "date": "2025-12-07", "hour": 9}}, {"type": "Feature", "geometry": {"type": "Point", "coordinates": [5.75, 53.5]}, "properties": {"value": 8.293, "time": "2025-12-07T09:00:00", "date": "2025-12-07", "hour": 9}}, {"type": "Feature", "geometry": {"type": "Point", "coordinates": [6.0, 53.5]}, "properties": {"value": 7.801, "time": "2025-12-07T09:00:00", "date": "2025-12-07", "hour": 9}}, {"type": "Feature", "geometry": {"type": "Point", "coordinates": [6.25, 53.5]}, "properties": {"value": 7.239, "time": "2025-12-07T09:00:00", "date": "2025-12-07", "hour": 9}}, {"type": "Feature", "geometry": {"type": "Point", "coordinates": [6.5, 53.5]}, "properties": {"value": 6.941, "time": "2025-12-07T09:00:00", "date": "2025-12-07", "hour": 9}}, {"type": "Feature", "geometry": {"type": "Point", "coordinates": [6.75, 53.5]}, "properties": {"value": 6.41, "time": "2025-12-07T09:00:00", "date": "2025-12-07", "hour": 9}}, {"type": "Feature", "geometry": {"type": "Point", "coordinates": [5.0, 53.75]}, "properties": {"value": 10.179, "time": "2025-12-07T09:00:00", "date": "2025-12-07", "hour": 9}}, {"type": "Feature", "geometry": {"type": "Point", "coordinates": [5.25, 53.75]}, "properties": {"value": 9.873, "time": "2025-12-07T09:00:00", "date": "2025-12-07", "hour": 9}}, {"type": "Feature", "geometry": {"type": "Point", "coordinates": [5.5, 53.75]}, "properties": {"value": 9.645, "time": "2025-12-07T09:00:00", "date": "2025-12-07", "hour": 9}}, {"type": "Feature", "geometry": {"type": "Point", "coordinates": [5.75, 53.75]}, "properties": {"value": 9.381, "time": "2025-12-07T09:00:00", "date": "2025-12-07", "hour": 9}}, {"type": "Feature", "geometry": {"type": "Point", "coordinates": [6.0, 53.75]}, "properties": {"value": 8.995, "time": "2025-12-07T09:00:00", "date": "2025-12-07", "hour": 9}}, {"type": "Feature", "geometry": {"type": "Point", "coordinates": [6.25, 53.75]}, "properties": {"value": 8.739, "time": "2025-12-07T09:00:00", "date": "2025-12-07", "hour": 9}}, {"type": "Feature", "geometry": {"type": "Point", "coordinates": [6.5, 53.75]}, "properties": {"value": 8.275, "time": "2025-12-07T09:00:00", "date": "2025-12-07", "hour": 9}}, {"type": "Feature", "geometry": {"type": "Point", "coordinates": [6.75, 53.75]}, "properties": {"value": 7.785, "time": "2025-12-07T09:00:00", "date": "2025-12-07", "hour": 9}}, {"type": "Feature", "geometry": {"type": "Point", "coordinates": [7.0, 53.75]}, "properties": {"value": 7.909, "time": "2025-12-07T09:00:00", "date": "2025-12-07", "hour": 9}}, {"type": "Feature", "geometry": {"type": "Point", "coordinates": [7.25, 53.75]}, "properties": {"value": 7.525, "time": "2025-12-07T09:00:00", "date": "2025-12-07", "hour": 9}}, {"type": "Feature", "geometry": {"type": "Point", "coordinates": [7.5, 53.75]}, "properties": {"value": 7.782, "time": "2025-12-07T09:00:00", "date": "2025-12-07", "hour": 9}}, {"type": "Feature", "geometry": {"type": "Point", "coordinates": [7.75, 53.75]}, "properties": {"value": 7.825, "time": "2025-12-07T09:00:00", "date": "2025-12-07", "hour": 9}}, {"type": "Feature", "geometry": {"type": "Point", "coordinates": [8.0, 53.75]}, "properties": {"value": 7.579, "time": "2025-12-07T09:00:00", "date": "2025-12-07", "hour": 9}}, {"type": "Feature", "geometry": {"type": "Point", "coordinates": [8.25, 53.75]}, "properties": {"value": 6.981, "time": "2025-12-07T09:00:00", "date": "2025-12-07", "hour": 9}}, {"type": "Feature", "geometry": {"type": "Point", "coordinates": [8.5, 53.75]}, "properties": {"value": 6.347, "time": "2025-12-07T09:00:00", "date": "2025-12-07", "hour": 9}}, {"type": "Feature", "geometry": {"type": "Point", "coordinates": [8.75, 53.75]}, "properties": {"value": 6.347, "time": "2025-12-07T09:00:00", "date": "2025-12-07", "hour": 9}}, {"type": "Feature", "geometry": {"type": "Point", "coordinates": [14.25, 53.75]}, "properties": {"value": 2.389, "time": "2025-12-07T09:00:00", "date": "2025-12-07", "hour": 9}}, {"type": "Feature", "geometry": {"type": "Point", "coordinates": [14.5, 53.75]}, "properties": {"value": 2.389, "time": "2025-12-07T09:00:00", "date": "2025-12-07", "hour": 9}}, {"type": "Feature", "geometry": {"type": "Point", "coordinates": [5.0, 54.0]}, "properties": {"value": 10.438, "time": "2025-12-07T09:00:00", "date": "2025-12-07", "hour": 9}}, {"type": "Feature", "geometry": {"type": "Point", "coordinates": [5.25, 54.0]}, "properties": {"value": 10.368, "time": "2025-12-07T09:00:00", "date": "2025-12-07", "hour": 9}}, {"type": "Feature", "geometry": {"type": "Point", "coordinates": [5.5, 54.0]}, "properties": {"value": 10.141, "time": "2025-12-07T09:00:00", "date": "2025-12-07", "hour": 9}}, {"type": "Feature", "geometry": {"type": "Point", "coordinates": [5.75, 54.0]}, "properties": {"value": 9.927, "time": "2025-12-07T09:00:00", "date": "2025-12-07", "hour": 9}}, {"type": "Feature", "geometry": {"type": "Point", "coordinates": [6.0, 54.0]}, "properties": {"value": 9.776, "time": "2025-12-07T09:00:00", "date": "2025-12-07", "hour": 9}}, {"type": "Feature", "geometry": {"type": "Point", "coordinates": [6.25, 54.0]}, "properties": {"value": 9.597, "time": "2025-12-07T09:00:00", "date": "2025-12-07", "hour": 9}}, {"type": "Feature", "geometry": {"type": "Point", "coordinates": [6.5, 54.0]}, "properties": {"value": 9.186, "time": "2025-12-07T09:00:00", "date": "2025-12-07", "hour": 9}}, {"type": "Feature", "geometry": {"type": "Point", "coordinates": [6.75, 54.0]}, "properties": {"value": 8.976, "time": "2025-12-07T09:00:00", "date": "2025-12-07", "hour": 9}}, {"type": "Feature", "geometry": {"type": "Point", "coordinates": [7.0, 54.0]}, "properties": {"value": 8.887, "time": "2025-12-07T09:00:00", "date": "2025-12-07", "hour": 9}}, {"type": "Feature", "geometry": {"type": "Point", "coordinates": [7.25, 54.0]}, "properties": {"value": 8.651, "time": "2025-12-07T09:00:00", "date": "2025-12-07", "hour": 9}}, {"type": "Feature", "geometry": {"type": "Point", "coordinates": [7.5, 54.0]}, "properties": {"value": 8.716, "time": "2025-12-07T09:00:00", "date": "2025-12-07", "hour": 9}}, {"type": "Feature", "geometry": {"type": "Point", "coordinates": [7.75, 54.0]}, "properties": {"value": 8.667, "time": "2025-12-07T09:00:00", "date": "2025-12-07", "hour": 9}}, {"type": "Feature", "geometry": {"type": "Point", "coordinates": [8.0, 54.0]}, "properties": {"value": 8.566, "time": "2025-12-07T09:00:00", "date": "2025-12-07", "hour": 9}}, {"type": "Feature", "geometry": {"type": "Point", "coordinates": [8.25, 54.0]}, "properties": {"value": 8.113, "time": "2025-12-07T09:00:00", "date": "2025-12-07", "hour": 9}}, {"type": "Feature", "geometry": {"type": "Point", "coordinates": [8.5, 54.0]}, "properties": {"value": 6.776, "time": "2025-12-07T09:00:00", "date": "2025-12-07", "hour": 9}}, {"type": "Feature", "geometry": {"type": "Point", "coordinates": [11.25, 54.0]}, "properties": {"value": 5.168, "time": "2025-12-07T09:00:00", "date": "2025-12-07", "hour": 9}}, {"type": "Feature", "geometry": {"type": "Point", "coordinates": [14.0, 54.0]}, "properties": {"value": 3.979, "time": "2025-12-07T09:00:00", "date": "2025-12-07", "hour": 9}}, {"type": "Feature", "geometry": {"type": "Point", "coordinates": [14.25, 54.0]}, "properties": {"value": 4.777, "time": "2025-12-07T09:00:00", "date": "2025-12-07", "hour": 9}}, {"type": "Feature", "geometry": {"type": "Point", "coordinates": [14.5, 54.0]}, "properties": {"value": 4.438, "time": "2025-12-07T09:00:00", "date": "2025-12-07", "hour": 9}}, {"type": "Feature", "geometry": {"type": "Point", "coordinates": [14.75, 54.0]}, "properties": {"value": 4.948, "time": "2025-12-07T09:00:00", "date": "2025-12-07", "hour": 9}}, {"type": "Feature", "geometry": {"type": "Point", "coordinates": [5.0, 54.25]}, "properties": {"value": 10.514, "time": "2025-12-07T09:00:00", "date": "2025-12-07", "hour": 9}}, {"type": "Feature", "geometry": {"type": "Point", "coordinates": [5.25, 54.25]}, "properties": {"value": 10.461, "time": "2025-12-07T09:00:00", "date": "2025-12-07", "hour": 9}}, {"type": "Feature", "geometry": {"type": "Point", "coordinates": [5.5, 54.25]}, "properties": {"value": 10.37, "time": "2025-12-07T09:00:00", "date": "2025-12-07", "hour": 9}}, {"type": "Feature", "geometry": {"type": "Point", "coordinates": [5.75, 54.25]}, "properties": {"value": 10.193, "time": "2025-12-07T09:00:00", "date": "2025-12-07", "hour": 9}}, {"type": "Feature", "geometry": {"type": "Point", "coordinates": [6.0, 54.25]}, "properties": {"value": 10.126, "time": "2025-12-07T09:00:00", "date": "2025-12-07", "hour": 9}}, {"type": "Feature", "geometry": {"type": "Point", "coordinates": [6.25, 54.25]}, "properties": {"value": 10.002, "time": "2025-12-07T09:00:00", "date": "2025-12-07", "hour": 9}}, {"type": "Feature", "geometry": {"type": "Point", "coordinates": [6.5, 54.25]}, "properties": {"value": 9.844, "time": "2025-12-07T09:00:00", "date": "2025-12-07", "hour": 9}}, {"type": "Feature", "geometry": {"type": "Point", "coordinates": [6.75, 54.25]}, "properties": {"value": 9.685, "time": "2025-12-07T09:00:00", "date": "2025-12-07", "hour": 9}}, {"type": "Feature", "geometry": {"type": "Point", "coordinates": [7.0, 54.25]}, "properties": {"value": 9.6, "time": "2025-12-07T09:00:00", "date": "2025-12-07", "hour": 9}}, {"type": "Feature", "geometry": {"type": "Point", "coordinates": [7.25, 54.25]}, "properties": {"value": 9.517, "time": "2025-12-07T09:00:00", "date": "2025-12-07", "hour": 9}}, {"type": "Feature", "geometry": {"type": "Point", "coordinates": [7.5, 54.25]}, "properties": {"value": 9.463, "time": "2025-12-07T09:00:00", "date": "2025-12-07", "hour": 9}}, {"type": "Feature", "geometry": {"type": "Point", "coordinates": [7.75, 54.25]}, "properties": {"value": 9.033, "time": "2025-12-07T09:00:00", "date": "2025-12-07", "hour": 9}}, {"type": "Feature", "geometry": {"type": "Point", "coordinates": [8.0, 54.25]}, "properties": {"value": 8.815, "time": "2025-12-07T09:00:00", "date": "2025-12-07", "hour": 9}}, {"type": "Feature", "geometry": {"type": "Point", "coordinates": [8.25, 54.25]}, "properties": {"value": 7.76, "time": "2025-12-07T09:00:00", "date": "2025-12-07", "hour": 9}}, {"type": "Feature", "geometry": {"type": "Point", "coordinates": [8.5, 54.25]}, "properties": {"value": 6.486, "time": "2025-12-07T09:00:00", "date": "2025-12-07", "hour": 9}}, {"type": "Feature", "geometry": {"type": "Point", "coordinates": [10.75, 54.25]}, "properties": {"value": 5.775, "time": "2025-12-07T09:00:00", "date": "2025-12-07", "hour": 9}}, {"type": "Feature", "geometry": {"type": "Point", "coordinates": [11.25, 54.25]}, "properties": {"value": 5.602, "time": "2025-12-07T09:00:00", "date": "2025-12-07", "hour": 9}}, {"type": "Feature", "geometry": {"type": "Point", "coordinates": [11.75, 54.25]}, "properties": {"value": 6.159, "time": "2025-12-07T09:00:00", "date": "2025-12-07", "hour": 9}}, {"type": "Feature", "geometry": {"type": "Point", "coordinates": [12.25, 54.25]}, "properties": {"value": 6.117, "time": "2025-12-07T09:00:00", "date": "2025-12-07", "hour": 9}}, {"type": "Feature", "geometry": {"type": "Point", "coordinates": [13.75, 54.25]}, "properties": {"value": 4.522, "time": "2025-12-07T09:00:00", "date": "2025-12-07", "hour": 9}}, {"type": "Feature", "geometry": {"type": "Point", "coordinates": [14.0, 54.25]}, "properties": {"value": 4.784, "time": "2025-12-07T09:00:00", "date": "2025-12-07", "hour": 9}}, {"type": "Feature", "geometry": {"type": "Point", "coordinates": [14.25, 54.25]}, "properties": {"value": 5.295, "time": "2025-12-07T09:00:00", "date": "2025-12-07", "hour": 9}}, {"type": "Feature", "geometry": {"type": "Point", "coordinates": [14.5, 54.25]}, "properties": {"value": 5.434, "time": "2025-12-07T09:00:00", "date": "2025-12-07", "hour": 9}}, {"type": "Feature", "geometry": {"type": "Point", "coordinates": [14.75, 54.25]}, "properties": {"value": 5.709, "time": "2025-12-07T09:00:00", "date": "2025-12-07", "hour": 9}}, {"type": "Feature", "geometry": {"type": "Point", "coordinates": [15.0, 54.25]}, "properties": {"value": 6.474, "time": "2025-12-07T09:00:00", "date": "2025-12-07", "hour": 9}}, {"type": "Feature", "geometry": {"type": "Point", "coordinates": [5.0, 54.5]}, "properties": {"value": 10.537, "time": "2025-12-07T09:00:00", "date": "2025-12-07", "hour": 9}}, {"type": "Feature", "geometry": {"type": "Point", "coordinates": [5.25, 54.5]}, "properties": {"value": 10.545, "time": "2025-12-07T09:00:00", "date": "2025-12-07", "hour": 9}}, {"type": "Feature", "geometry": {"type": "Point", "coordinates": [5.5, 54.5]}, "properties": {"value": 10.5, "time": "2025-12-07T09:00:00", "date": "2025-12-07", "hour": 9}}, {"type": "Feature", "geometry": {"type": "Point", "coordinates": [5.75, 54.5]}, "properties": {"value": 10.423, "time": "2025-12-07T09:00:00", "date": "2025-12-07", "hour": 9}}, {"type": "Feature", "geometry": {"type": "Point", "coordinates": [6.0, 54.5]}, "properties": {"value": 10.375, "time": "2025-12-07T09:00:00", "date": "2025-12-07", "hour": 9}}, {"type": "Feature", "geometry": {"type": "Point", "coordinates": [6.25, 54.5]}, "properties": {"value": 10.318, "time": "2025-12-07T09:00:00", "date": "2025-12-07", "hour": 9}}, {"type": "Feature", "geometry": {"type": "Point", "coordinates": [6.5, 54.5]}, "properties": {"value": 10.188, "time": "2025-12-07T09:00:00", "date": "2025-12-07", "hour": 9}}, {"type": "Feature", "geometry": {"type": "Point", "coordinates": [6.75, 54.5]}, "properties": {"value": 10.09, "time": "2025-12-07T09:00:00", "date": "2025-12-07", "hour": 9}}, {"type": "Feature", "geometry": {"type": "Point", "coordinates": [7.0, 54.5]}, "properties": {"value": 9.96, "time": "2025-12-07T09:00:00", "date": "2025-12-07", "hour": 9}}, {"type": "Feature", "geometry": {"type": "Point", "coordinates": [7.25, 54.5]}, "properties": {"value": 9.758, "time": "2025-12-07T09:00:00", "date": "2025-12-07", "hour": 9}}, {"type": "Feature", "geometry": {"type": "Point", "coordinates": [7.5, 54.5]}, "properties": {"value": 9.68, "time": "2025-12-07T09:00:00", "date": "2025-12-07", "hour": 9}}, {"type": "Feature", "geometry": {"type": "Point", "coordinates": [7.75, 54.5]}, "properties": {"value": 9.1, "time": "2025-12-07T09:00:00", "date": "2025-12-07", "hour": 9}}, {"type": "Feature", "geometry": {"type": "Point", "coordinates": [8.0, 54.5]}, "properties": {"value": 7.947, "time": "2025-12-07T09:00:00", "date": "2025-12-07", "hour": 9}}, {"type": "Feature", "geometry": {"type": "Point", "coordinates": [8.25, 54.5]}, "properties": {"value": 6.944, "time": "2025-12-07T09:00:00", "date": "2025-12-07", "hour": 9}}, {"type": "Feature", "geometry": {"type": "Point", "coordinates": [8.5, 54.5]}, "properties": {"value": 6.008, "time": "2025-12-07T09:00:00", "date": "2025-12-07", "hour": 9}}, {"type": "Feature", "geometry": {"type": "Point", "coordinates": [10.5, 54.5]}, "properties": {"value": 5.923, "time": "2025-12-07T09:00:00", "date": "2025-12-07", "hour": 9}}, {"type": "Feature", "geometry": {"type": "Point", "coordinates": [10.75, 54.5]}, "properties": {"value": 5.939, "time": "2025-12-07T09:00:00", "date": "2025-12-07", "hour": 9}}, {"type": "Feature", "geometry": {"type": "Point", "coordinates": [11.0, 54.5]}, "properties": {"value": 5.803, "time": "2025-12-07T09:00:00", "date": "2025-12-07", "hour": 9}}, {"type": "Feature", "geometry": {"type": "Point", "coordinates": [11.25, 54.5]}, "properties": {"value": 5.907, "time": "2025-12-07T09:00:00", "date": "2025-12-07", "hour": 9}}, {"type": "Feature", "geometry": {"type": "Point", "coordinates": [11.5, 54.5]}, "properties": {"value": 6.007, "time": "2025-12-07T09:00:00", "date": "2025-12-07", "hour": 9}}, {"type": "Feature", "geometry": {"type": "Point", "coordinates": [11.75, 54.5]}, "properties": {"value": 6.186, "time": "2025-12-07T09:00:00", "date": "2025-12-07", "hour": 9}}, {"type": "Feature", "geometry": {"type": "Point", "coordinates": [12.0, 54.5]}, "properties": {"value": 6.258, "time": "2025-12-07T09:00:00", "date": "2025-12-07", "hour": 9}}, {"type": "Feature", "geometry": {"type": "Point", "coordinates": [12.25, 54.5]}, "properties": {"value": 6.26, "time": "2025-12-07T09:00:00", "date": "2025-12-07", "hour": 9}}, {"type": "Feature", "geometry": {"type": "Point", "coordinates": [13.0, 54.5]}, "properties": {"value": 6.794, "time": "2025-12-07T09:00:00", "date": "2025-12-07", "hour": 9}}, {"type": "Feature", "geometry": {"type": "Point", "coordinates": [13.25, 54.5]}, "properties": {"value": 6.152, "time": "2025-12-07T09:00:00", "date": "2025-12-07", "hour": 9}}, {"type": "Feature", "geometry": {"type": "Point", "coordinates": [13.5, 54.5]}, "properties": {"value": 5.82, "time": "2025-12-07T09:00:00", "date": "2025-12-07", "hour": 9}}, {"type": "Feature", "geometry": {"type": "Point", "coordinates": [13.75, 54.5]}, "properties": {"value": 5.728, "time": "2025-12-07T09:00:00", "date": "2025-12-07", "hour": 9}}, {"type": "Feature", "geometry": {"type": "Point", "coordinates": [14.0, 54.5]}, "properties": {"value": 5.939, "time": "2025-12-07T09:00:00", "date": "2025-12-07", "hour": 9}}, {"type": "Feature", "geometry": {"type": "Point", "coordinates": [14.25, 54.5]}, "properties": {"value": 6.117, "time": "2025-12-07T09:00:00", "date": "2025-12-07", "hour": 9}}, {"type": "Feature", "geometry": {"type": "Point", "coordinates": [14.5, 54.5]}, "properties": {"value": 6.426, "time": "2025-12-07T09:00:00", "date": "2025-12-07", "hour": 9}}, {"type": "Feature", "geometry": {"type": "Point", "coordinates": [14.75, 54.5]}, "properties": {"value": 6.671, "time": "2025-12-07T09:00:00", "date": "2025-12-07", "hour": 9}}, {"type": "Feature", "geometry": {"type": "Point", "coordinates": [15.0, 54.5]}, "properties": {"value": 7.412, "time": "2025-12-07T09:00:00", "date": "2025-12-07", "hour": 9}}, {"type": "Feature", "geometry": {"type": "Point", "coordinates": [5.0, 54.75]}, "properties": {"value": 10.535, "time": "2025-12-07T09:00:00", "date": "2025-12-07", "hour": 9}}, {"type": "Feature", "geometry": {"type": "Point", "coordinates": [5.25, 54.75]}, "properties": {"value": 10.543, "time": "2025-12-07T09:00:00", "date": "2025-12-07", "hour": 9}}, {"type": "Feature", "geometry": {"type": "Point", "coordinates": [5.5, 54.75]}, "properties": {"value": 10.564, "time": "2025-12-07T09:00:00", "date": "2025-12-07", "hour": 9}}, {"type": "Feature", "geometry": {"type": "Point", "coordinates": [5.75, 54.75]}, "properties": {"value": 10.557, "time": "2025-12-07T09:00:00", "date": "2025-12-07", "hour": 9}}, {"type": "Feature", "geometry": {"type": "Point", "coordinates": [6.0, 54.75]}, "properties": {"value": 10.525, "time": "2025-12-07T09:00:00", "date": "2025-12-07", "hour": 9}}, {"type": "Feature", "geometry": {"type": "Point", "coordinates": [6.25, 54.75]}, "properties": {"value": 10.467, "time": "2025-12-07T09:00:00", "date": "2025-12-07", "hour": 9}}, {"type": "Feature", "geometry": {"type": "Point", "coordinates": [6.5, 54.75]}, "properties": {"value": 10.396, "time": "2025-12-07T09:00:00", "date": "2025-12-07", "hour": 9}}, {"type": "Feature", "geometry": {"type": "Point", "coordinates": [6.75, 54.75]}, "properties": {"value": 10.212, "time": "2025-12-07T09:00:00", "date": "2025-12-07", "hour": 9}}, {"type": "Feature", "geometry": {"type": "Point", "coordinates": [7.0, 54.75]}, "properties": {"value": 10.06, "time": "2025-12-07T09:00:00", "date": "2025-12-07", "hour": 9}}, {"type": "Feature", "geometry": {"type": "Point", "coordinates": [7.25, 54.75]}, "properties": {"value": 9.85, "time": "2025-12-07T09:00:00", "date": "2025-12-07", "hour": 9}}, {"type": "Feature", "geometry": {"type": "Point", "coordinates": [7.5, 54.75]}, "properties": {"value": 9.634, "time": "2025-12-07T09:00:00", "date": "2025-12-07", "hour": 9}}, {"type": "Feature", "geometry": {"type": "Point", "coordinates": [7.75, 54.75]}, "properties": {"value": 8.565, "time": "2025-12-07T09:00:00", "date": "2025-12-07", "hour": 9}}, {"type": "Feature", "geometry": {"type": "Point", "coordinates": [8.0, 54.75]}, "properties": {"value": 7.371, "time": "2025-12-07T09:00:00", "date": "2025-12-07", "hour": 9}}, {"type": "Feature", "geometry": {"type": "Point", "coordinates": [8.25, 54.75]}, "properties": {"value": 6.455, "time": "2025-12-07T09:00:00", "date": "2025-12-07", "hour": 9}}, {"type": "Feature", "geometry": {"type": "Point", "coordinates": [8.5, 54.75]}, "properties": {"value": 5.504, "time": "2025-12-07T09:00:00", "date": "2025-12-07", "hour": 9}}, {"type": "Feature", "geometry": {"type": "Point", "coordinates": [10.25, 54.75]}, "properties": {"value": 5.886, "time": "2025-12-07T09:00:00", "date": "2025-12-07", "hour": 9}}, {"type": "Feature", "geometry": {"type": "Point", "coordinates": [10.5, 54.75]}, "properties": {"value": 5.945, "time": "2025-12-07T09:00:00", "date": "2025-12-07", "hour": 9}}, {"type": "Feature", "geometry": {"type": "Point", "coordinates": [10.75, 54.75]}, "properties": {"value": 6.005, "time": "2025-12-07T09:00:00", "date": "2025-12-07", "hour": 9}}, {"type": "Feature", "geometry": {"type": "Point", "coordinates": [11.0, 54.75]}, "properties": {"value": 5.849, "time": "2025-12-07T09:00:00", "date": "2025-12-07", "hour": 9}}, {"type": "Feature", "geometry": {"type": "Point", "coordinates": [11.25, 54.75]}, "properties": {"value": 5.778, "time": "2025-12-07T09:00:00", "date": "2025-12-07", "hour": 9}}, {"type": "Feature", "geometry": {"type": "Point", "coordinates": [11.5, 54.75]}, "properties": {"value": 5.631, "time": "2025-12-07T09:00:00", "date": "2025-12-07", "hour": 9}}, {"type": "Feature", "geometry": {"type": "Point", "coordinates": [12.0, 54.75]}, "properties": {"value": 6.04, "time": "2025-12-07T09:00:00", "date": "2025-12-07", "hour": 9}}, {"type": "Feature", "geometry": {"type": "Point", "coordinates": [12.25, 54.75]}, "properties": {"value": 6.34, "time": "2025-12-07T09:00:00", "date": "2025-12-07", "hour": 9}}, {"type": "Feature", "geometry": {"type": "Point", "coordinates": [12.5, 54.75]}, "properties": {"value": 6.741, "time": "2025-12-07T09:00:00", "date": "2025-12-07", "hour": 9}}, {"type": "Feature", "geometry": {"type": "Point", "coordinates": [12.75, 54.75]}, "properties": {"value": 6.892, "time": "2025-12-07T09:00:00", "date": "2025-12-07", "hour": 9}}, {"type": "Feature", "geometry": {"type": "Point", "coordinates": [13.0, 54.75]}, "properties": {"value": 6.836, "time": "2025-12-07T09:00:00", "date": "2025-12-07", "hour": 9}}, {"type": "Feature", "geometry": {"type": "Point", "coordinates": [13.25, 54.75]}, "properties": {"value": 6.974, "time": "2025-12-07T09:00:00", "date": "2025-12-07", "hour": 9}}, {"type": "Feature", "geometry": {"type": "Point", "coordinates": [13.5, 54.75]}, "properties": {"value": 6.945, "time": "2025-12-07T09:00:00", "date": "2025-12-07", "hour": 9}}, {"type": "Feature", "geometry": {"type": "Point", "coordinates": [13.75, 54.75]}, "properties": {"value": 6.854, "time": "2025-12-07T09:00:00", "date": "2025-12-07", "hour": 9}}, {"type": "Feature", "geometry": {"type": "Point", "coordinates": [14.0, 54.75]}, "properties": {"value": 6.747, "time": "2025-12-07T09:00:00", "date": "2025-12-07", "hour": 9}}, {"type": "Feature", "geometry": {"type": "Point", "coordinates": [14.25, 54.75]}, "properties": {"value": 6.752, "time": "2025-12-07T09:00:00", "date": "2025-12-07", "hour": 9}}, {"type": "Feature", "geometry": {"type": "Point", "coordinates": [14.5, 54.75]}, "properties": {"value": 7.137, "time": "2025-12-07T09:00:00", "date": "2025-12-07", "hour": 9}}, {"type": "Feature", "geometry": {"type": "Point", "coordinates": [14.75, 54.75]}, "properties": {"value": 7.339, "time": "2025-12-07T09:00:00", "date": "2025-12-07", "hour": 9}}, {"type": "Feature", "geometry": {"type": "Point", "coordinates": [15.0, 54.75]}, "properties": {"value": 7.349, "time": "2025-12-07T09:00:00", "date": "2025-12-07", "hour": 9}}, {"type": "Feature", "geometry": {"type": "Point", "coordinates": [5.0, 55.0]}, "properties": {"value": 10.501, "time": "2025-12-07T09:00:00", "date": "2025-12-07", "hour": 9}}, {"type": "Feature", "geometry": {"type": "Point", "coordinates": [5.25, 55.0]}, "properties": {"value": 10.594, "time": "2025-12-07T09:00:00", "date": "2025-12-07", "hour": 9}}, {"type": "Feature", "geometry": {"type": "Point", "coordinates": [5.5, 55.0]}, "properties": {"value": 10.628, "time": "2025-12-07T09:00:00", "date": "2025-12-07", "hour": 9}}, {"type": "Feature", "geometry": {"type": "Point", "coordinates": [5.75, 55.0]}, "properties": {"value": 10.621, "time": "2025-12-07T09:00:00", "date": "2025-12-07", "hour": 9}}, {"type": "Feature", "geometry": {"type": "Point", "coordinates": [6.0, 55.0]}, "properties": {"value": 10.575, "time": "2025-12-07T09:00:00", "date": "2025-12-07", "hour": 9}}, {"type": "Feature", "geometry": {"type": "Point", "coordinates": [6.25, 55.0]}, "properties": {"value": 10.524, "time": "2025-12-07T09:00:00", "date": "2025-12-07", "hour": 9}}, {"type": "Feature", "geometry": {"type": "Point", "coordinates": [6.5, 55.0]}, "properties": {"value": 10.459, "time": "2025-12-07T09:00:00", "date": "2025-12-07", "hour": 9}}, {"type": "Feature", "geometry": {"type": "Point", "coordinates": [6.75, 55.0]}, "properties": {"value": 10.262, "time": "2025-12-07T09:00:00", "date": "2025-12-07", "hour": 9}}, {"type": "Feature", "geometry": {"type": "Point", "coordinates": [7.0, 55.0]}, "properties": {"value": 10.023, "time": "2025-12-07T09:00:00", "date": "2025-12-07", "hour": 9}}, {"type": "Feature", "geometry": {"type": "Point", "coordinates": [7.25, 55.0]}, "properties": {"value": 9.816, "time": "2025-12-07T09:00:00", "date": "2025-12-07", "hour": 9}}, {"type": "Feature", "geometry": {"type": "Point", "coordinates": [7.5, 55.0]}, "properties": {"value": 9.605, "time": "2025-12-07T09:00:00", "date": "2025-12-07", "hour": 9}}, {"type": "Feature", "geometry": {"type": "Point", "coordinates": [7.75, 55.0]}, "properties": {"value": 8.652, "time": "2025-12-07T09:00:00", "date": "2025-12-07", "hour": 9}}, {"type": "Feature", "geometry": {"type": "Point", "coordinates": [8.0, 55.0]}, "properties": {"value": 7.711, "time": "2025-12-07T09:00:00", "date": "2025-12-07", "hour": 9}}, {"type": "Feature", "geometry": {"type": "Point", "coordinates": [8.25, 55.0]}, "properties": {"value": 6.254, "time": "2025-12-07T09:00:00", "date": "2025-12-07", "hour": 9}}, {"type": "Feature", "geometry": {"type": "Point", "coordinates": [8.5, 55.0]}, "properties": {"value": 5.184, "time": "2025-12-07T09:00:00", "date": "2025-12-07", "hour": 9}}, {"type": "Feature", "geometry": {"type": "Point", "coordinates": [10.25, 55.0]}, "properties": {"value": 5.238, "time": "2025-12-07T09:00:00", "date": "2025-12-07", "hour": 9}}, {"type": "Feature", "geometry": {"type": "Point", "coordinates": [10.5, 55.0]}, "properties": {"value": 5.455, "time": "2025-12-07T09:00:00", "date": "2025-12-07", "hour": 9}}, {"type": "Feature", "geometry": {"type": "Point", "coordinates": [10.75, 55.0]}, "properties": {"value": 5.668, "time": "2025-12-07T09:00:00", "date": "2025-12-07", "hour": 9}}, {"type": "Feature", "geometry": {"type": "Point", "coordinates": [11.0, 55.0]}, "properties": {"value": 5.631, "time": "2025-12-07T09:00:00", "date": "2025-12-07", "hour": 9}}, {"type": "Feature", "geometry": {"type": "Point", "coordinates": [11.25, 55.0]}, "properties": {"value": 5.641, "time": "2025-12-07T09:00:00", "date": "2025-12-07", "hour": 9}}, {"type": "Feature", "geometry": {"type": "Point", "coordinates": [11.5, 55.0]}, "properties": {"value": 5.463, "time": "2025-12-07T09:00:00", "date": "2025-12-07", "hour": 9}}, {"type": "Feature", "geometry": {"type": "Point", "coordinates": [11.75, 55.0]}, "properties": {"value": 5.352, "time": "2025-12-07T09:00:00", "date": "2025-12-07", "hour": 9}}, {"type": "Feature", "geometry": {"type": "Point", "coordinates": [12.0, 55.0]}, "properties": {"value": 5.536, "time": "2025-12-07T09:00:00", "date": "2025-12-07", "hour": 9}}, {"type": "Feature", "geometry": {"type": "Point", "coordinates": [12.25, 55.0]}, "properties": {"value": 5.914, "time": "2025-12-07T09:00:00", "date": "2025-12-07", "hour": 9}}, {"type": "Feature", "geometry": {"type": "Point", "coordinates": [12.5, 55.0]}, "properties": {"value": 6.672, "time": "2025-12-07T09:00:00", "date": "2025-12-07", "hour": 9}}, {"type": "Feature", "geometry": {"type": "Point", "coordinates": [12.75, 55.0]}, "properties": {"value": 6.882, "time": "2025-12-07T09:00:00", "date": "2025-12-07", "hour": 9}}, {"type": "Feature", "geometry": {"type": "Point", "coordinates": [13.0, 55.0]}, "properties": {"value": 7.134, "time": "2025-12-07T09:00:00", "date": "2025-12-07", "hour": 9}}, {"type": "Feature", "geometry": {"type": "Point", "coordinates": [13.25, 55.0]}, "properties": {"value": 7.271, "time": "2025-12-07T09:00:00", "date": "2025-12-07", "hour": 9}}, {"type": "Feature", "geometry": {"type": "Point", "coordinates": [13.5, 55.0]}, "properties": {"value": 7.294, "time": "2025-12-07T09:00:00", "date": "2025-12-07", "hour": 9}}, {"type": "Feature", "geometry": {"type": "Point", "coordinates": [13.75, 55.0]}, "properties": {"value": 7.401, "time": "2025-12-07T09:00:00", "date": "2025-12-07", "hour": 9}}, {"type": "Feature", "geometry": {"type": "Point", "coordinates": [14.0, 55.0]}, "properties": {"value": 7.335, "time": "2025-12-07T09:00:00", "date": "2025-12-07", "hour": 9}}, {"type": "Feature", "geometry": {"type": "Point", "coordinates": [14.25, 55.0]}, "properties": {"value": 7.27, "time": "2025-12-07T09:00:00", "date": "2025-12-07", "hour": 9}}, {"type": "Feature", "geometry": {"type": "Point", "coordinates": [14.5, 55.0]}, "properties": {"value": 7.175, "time": "2025-12-07T09:00:00", "date": "2025-12-07", "hour": 9}}, {"type": "Feature", "geometry": {"type": "Point", "coordinates": [14.75, 55.0]}, "properties": {"value": 7.097, "time": "2025-12-07T09:00:00", "date": "2025-12-07", "hour": 9}}, {"type": "Feature", "geometry": {"type": "Point", "coordinates": [15.0, 55.0]}, "properties": {"value": 6.994, "time": "2025-12-07T09:00:00", "date": "2025-12-07", "hour": 9}}, {"type": "Feature", "geometry": {"type": "Point", "coordinates": [5.25, 52.75]}, "properties": {"value": 6.147, "time": "2025-12-07T10:00:00", "date": "2025-12-07", "hour": 10}}, {"type": "Feature", "geometry": {"type": "Point", "coordinates": [5.5, 52.75]}, "properties": {"value": 6.16, "time": "2025-12-07T10:00:00", "date": "2025-12-07", "hour": 10}}, {"type": "Feature", "geometry": {"type": "Point", "coordinates": [5.0, 53.0]}, "properties": {"value": 7.171, "time": "2025-12-07T10:00:00", "date": "2025-12-07", "hour": 10}}, {"type": "Feature", "geometry": {"type": "Point", "coordinates": [5.25, 53.0]}, "properties": {"value": 6.439, "time": "2025-12-07T10:00:00", "date": "2025-12-07", "hour": 10}}, {"type": "Feature", "geometry": {"type": "Point", "coordinates": [5.5, 53.0]}, "properties": {"value": 5.924, "time": "2025-12-07T10:00:00", "date": "2025-12-07", "hour": 10}}, {"type": "Feature", "geometry": {"type": "Point", "coordinates": [5.0, 53.25]}, "properties": {"value": 7.865, "time": "2025-12-07T10:00:00", "date": "2025-12-07", "hour": 10}}, {"type": "Feature", "geometry": {"type": "Point", "coordinates": [5.25, 53.25]}, "properties": {"value": 6.932, "time": "2025-12-07T10:00:00", "date": "2025-12-07", "hour": 10}}, {"type": "Feature", "geometry": {"type": "Point", "coordinates": [5.5, 53.25]}, "properties": {"value": 6.369, "time": "2025-12-07T10:00:00", "date": "2025-12-07", "hour": 10}}, {"type": "Feature", "geometry": {"type": "Point", "coordinates": [5.0, 53.5]}, "properties": {"value": 9.501, "time": "2025-12-07T10:00:00", "date": "2025-12-07", "hour": 10}}, {"type": "Feature", "geometry": {"type": "Point", "coordinates": [5.25, 53.5]}, "properties": {"value": 8.861, "time": "2025-12-07T10:00:00", "date": "2025-12-07", "hour": 10}}, {"type": "Feature", "geometry": {"type": "Point", "coordinates": [5.5, 53.5]}, "properties": {"value": 8.653, "time": "2025-12-07T10:00:00", "date": "2025-12-07", "hour": 10}}, {"type": "Feature", "geometry": {"type": "Point", "coordinates": [5.75, 53.5]}, "properties": {"value": 8.293, "time": "2025-12-07T10:00:00", "date": "2025-12-07", "hour": 10}}, {"type": "Feature", "geometry": {"type": "Point", "coordinates": [6.0, 53.5]}, "properties": {"value": 7.801, "time": "2025-12-07T10:00:00", "date": "2025-12-07", "hour": 10}}, {"type": "Feature", "geometry": {"type": "Point", "coordinates": [6.25, 53.5]}, "properties": {"value": 7.239, "time": "2025-12-07T10:00:00", "date": "2025-12-07", "hour": 10}}, {"type": "Feature", "geometry": {"type": "Point", "coordinates": [6.5, 53.5]}, "properties": {"value": 6.941, "time": "2025-12-07T10:00:00", "date": "2025-12-07", "hour": 10}}, {"type": "Feature", "geometry": {"type": "Point", "coordinates": [6.75, 53.5]}, "properties": {"value": 6.41, "time": "2025-12-07T10:00:00", "date": "2025-12-07", "hour": 10}}, {"type": "Feature", "geometry": {"type": "Point", "coordinates": [5.0, 53.75]}, "properties": {"value": 10.179, "time": "2025-12-07T10:00:00", "date": "2025-12-07", "hour": 10}}, {"type": "Feature", "geometry": {"type": "Point", "coordinates": [5.25, 53.75]}, "properties": {"value": 9.873, "time": "2025-12-07T10:00:00", "date": "2025-12-07", "hour": 10}}, {"type": "Feature", "geometry": {"type": "Point", "coordinates": [5.5, 53.75]}, "properties": {"value": 9.645, "time": "2025-12-07T10:00:00", "date": "2025-12-07", "hour": 10}}, {"type": "Feature", "geometry": {"type": "Point", "coordinates": [5.75, 53.75]}, "properties": {"value": 9.381, "time": "2025-12-07T10:00:00", "date": "2025-12-07", "hour": 10}}, {"type": "Feature", "geometry": {"type": "Point", "coordinates": [6.0, 53.75]}, "properties": {"value": 8.995, "time": "2025-12-07T10:00:00", "date": "2025-12-07", "hour": 10}}, {"type": "Feature", "geometry": {"type": "Point", "coordinates": [6.25, 53.75]}, "properties": {"value": 8.739, "time": "2025-12-07T10:00:00", "date": "2025-12-07", "hour": 10}}, {"type": "Feature", "geometry": {"type": "Point", "coordinates": [6.5, 53.75]}, "properties": {"value": 8.275, "time": "2025-12-07T10:00:00", "date": "2025-12-07", "hour": 10}}, {"type": "Feature", "geometry": {"type": "Point", "coordinates": [6.75, 53.75]}, "properties": {"value": 7.785, "time": "2025-12-07T10:00:00", "date": "2025-12-07", "hour": 10}}, {"type": "Feature", "geometry": {"type": "Point", "coordinates": [7.0, 53.75]}, "properties": {"value": 7.909, "time": "2025-12-07T10:00:00", "date": "2025-12-07", "hour": 10}}, {"type": "Feature", "geometry": {"type": "Point", "coordinates": [7.25, 53.75]}, "properties": {"value": 7.525, "time": "2025-12-07T10:00:00", "date": "2025-12-07", "hour": 10}}, {"type": "Feature", "geometry": {"type": "Point", "coordinates": [7.5, 53.75]}, "properties": {"value": 7.782, "time": "2025-12-07T10:00:00", "date": "2025-12-07", "hour": 10}}, {"type": "Feature", "geometry": {"type": "Point", "coordinates": [7.75, 53.75]}, "properties": {"value": 7.825, "time": "2025-12-07T10:00:00", "date": "2025-12-07", "hour": 10}}, {"type": "Feature", "geometry": {"type": "Point", "coordinates": [8.0, 53.75]}, "properties": {"value": 7.579, "time": "2025-12-07T10:00:00", "date": "2025-12-07", "hour": 10}}, {"type": "Feature", "geometry": {"type": "Point", "coordinates": [8.25, 53.75]}, "properties": {"value": 6.981, "time": "2025-12-07T10:00:00", "date": "2025-12-07", "hour": 10}}, {"type": "Feature", "geometry": {"type": "Point", "coordinates": [8.5, 53.75]}, "properties": {"value": 6.347, "time": "2025-12-07T10:00:00", "date": "2025-12-07", "hour": 10}}, {"type": "Feature", "geometry": {"type": "Point", "coordinates": [8.75, 53.75]}, "properties": {"value": 6.347, "time": "2025-12-07T10:00:00", "date": "2025-12-07", "hour": 10}}, {"type": "Feature", "geometry": {"type": "Point", "coordinates": [14.25, 53.75]}, "properties": {"value": 2.389, "time": "2025-12-07T10:00:00", "date": "2025-12-07", "hour": 10}}, {"type": "Feature", "geometry": {"type": "Point", "coordinates": [14.5, 53.75]}, "properties": {"value": 2.389, "time": "2025-12-07T10:00:00", "date": "2025-12-07", "hour": 10}}, {"type": "Feature", "geometry": {"type": "Point", "coordinates": [5.0, 54.0]}, "properties": {"value": 10.438, "time": "2025-12-07T10:00:00", "date": "2025-12-07", "hour": 10}}, {"type": "Feature", "geometry": {"type": "Point", "coordinates": [5.25, 54.0]}, "properties": {"value": 10.368, "time": "2025-12-07T10:00:00", "date": "2025-12-07", "hour": 10}}, {"type": "Feature", "geometry": {"type": "Point", "coordinates": [5.5, 54.0]}, "properties": {"value": 10.141, "time": "2025-12-07T10:00:00", "date": "2025-12-07", "hour": 10}}, {"type": "Feature", "geometry": {"type": "Point", "coordinates": [5.75, 54.0]}, "properties": {"value": 9.927, "time": "2025-12-07T10:00:00", "date": "2025-12-07", "hour": 10}}, {"type": "Feature", "geometry": {"type": "Point", "coordinates": [6.0, 54.0]}, "properties": {"value": 9.776, "time": "2025-12-07T10:00:00", "date": "2025-12-07", "hour": 10}}, {"type": "Feature", "geometry": {"type": "Point", "coordinates": [6.25, 54.0]}, "properties": {"value": 9.597, "time": "2025-12-07T10:00:00", "date": "2025-12-07", "hour": 10}}, {"type": "Feature", "geometry": {"type": "Point", "coordinates": [6.5, 54.0]}, "properties": {"value": 9.186, "time": "2025-12-07T10:00:00", "date": "2025-12-07", "hour": 10}}, {"type": "Feature", "geometry": {"type": "Point", "coordinates": [6.75, 54.0]}, "properties": {"value": 8.976, "time": "2025-12-07T10:00:00", "date": "2025-12-07", "hour": 10}}, {"type": "Feature", "geometry": {"type": "Point", "coordinates": [7.0, 54.0]}, "properties": {"value": 8.887, "time": "2025-12-07T10:00:00", "date": "2025-12-07", "hour": 10}}, {"type": "Feature", "geometry": {"type": "Point", "coordinates": [7.25, 54.0]}, "properties": {"value": 8.651, "time": "2025-12-07T10:00:00", "date": "2025-12-07", "hour": 10}}, {"type": "Feature", "geometry": {"type": "Point", "coordinates": [7.5, 54.0]}, "properties": {"value": 8.716, "time": "2025-12-07T10:00:00", "date": "2025-12-07", "hour": 10}}, {"type": "Feature", "geometry": {"type": "Point", "coordinates": [7.75, 54.0]}, "properties": {"value": 8.667, "time": "2025-12-07T10:00:00", "date": "2025-12-07", "hour": 10}}, {"type": "Feature", "geometry": {"type": "Point", "coordinates": [8.0, 54.0]}, "properties": {"value": 8.566, "time": "2025-12-07T10:00:00", "date": "2025-12-07", "hour": 10}}, {"type": "Feature", "geometry": {"type": "Point", "coordinates": [8.25, 54.0]}, "properties": {"value": 8.113, "time": "2025-12-07T10:00:00", "date": "2025-12-07", "hour": 10}}, {"type": "Feature", "geometry": {"type": "Point", "coordinates": [8.5, 54.0]}, "properties": {"value": 6.776, "time": "2025-12-07T10:00:00", "date": "2025-12-07", "hour": 10}}, {"type": "Feature", "geometry": {"type": "Point", "coordinates": [11.25, 54.0]}, "properties": {"value": 5.168, "time": "2025-12-07T10:00:00", "date": "2025-12-07", "hour": 10}}, {"type": "Feature", "geometry": {"type": "Point", "coordinates": [14.0, 54.0]}, "properties": {"value": 3.979, "time": "2025-12-07T10:00:00", "date": "2025-12-07", "hour": 10}}, {"type": "Feature", "geometry": {"type": "Point", "coordinates": [14.25, 54.0]}, "properties": {"value": 4.777, "time": "2025-12-07T10:00:00", "date": "2025-12-07", "hour": 10}}, {"type": "Feature", "geometry": {"type": "Point", "coordinates": [14.5, 54.0]}, "properties": {"value": 4.438, "time": "2025-12-07T10:00:00", "date": "2025-12-07", "hour": 10}}, {"type": "Feature", "geometry": {"type": "Point", "coordinates": [14.75, 54.0]}, "properties": {"value": 4.948, "time": "2025-12-07T10:00:00", "date": "2025-12-07", "hour": 10}}, {"type": "Feature", "geometry": {"type": "Point", "coordinates": [5.0, 54.25]}, "properties": {"value": 10.514, "time": "2025-12-07T10:00:00", "date": "2025-12-07", "hour": 10}}, {"type": "Feature", "geometry": {"type": "Point", "coordinates": [5.25, 54.25]}, "properties": {"value": 10.461, "time": "2025-12-07T10:00:00", "date": "2025-12-07", "hour": 10}}, {"type": "Feature", "geometry": {"type": "Point", "coordinates": [5.5, 54.25]}, "properties": {"value": 10.37, "time": "2025-12-07T10:00:00", "date": "2025-12-07", "hour": 10}}, {"type": "Feature", "geometry": {"type": "Point", "coordinates": [5.75, 54.25]}, "properties": {"value": 10.193, "time": "2025-12-07T10:00:00", "date": "2025-12-07", "hour": 10}}, {"type": "Feature", "geometry": {"type": "Point", "coordinates": [6.0, 54.25]}, "properties": {"value": 10.126, "time": "2025-12-07T10:00:00", "date": "2025-12-07", "hour": 10}}, {"type": "Feature", "geometry": {"type": "Point", "coordinates": [6.25, 54.25]}, "properties": {"value": 10.002, "time": "2025-12-07T10:00:00", "date": "2025-12-07", "hour": 10}}, {"type": "Feature", "geometry": {"type": "Point", "coordinates": [6.5, 54.25]}, "properties": {"value": 9.844, "time": "2025-12-07T10:00:00", "date": "2025-12-07", "hour": 10}}, {"type": "Feature", "geometry": {"type": "Point", "coordinates": [6.75, 54.25]}, "properties": {"value": 9.685, "time": "2025-12-07T10:00:00", "date": "2025-12-07", "hour": 10}}, {"type": "Feature", "geometry": {"type": "Point", "coordinates": [7.0, 54.25]}, "properties": {"value": 9.6, "time": "2025-12-07T10:00:00", "date": "2025-12-07", "hour": 10}}, {"type": "Feature", "geometry": {"type": "Point", "coordinates": [7.25, 54.25]}, "properties": {"value": 9.517, "time": "2025-12-07T10:00:00", "date": "2025-12-07", "hour": 10}}, {"type": "Feature", "geometry": {"type": "Point", "coordinates": [7.5, 54.25]}, "properties": {"value": 9.463, "time": "2025-12-07T10:00:00", "date": "2025-12-07", "hour": 10}}, {"type": "Feature", "geometry": {"type": "Point", "coordinates": [7.75, 54.25]}, "properties": {"value": 9.033, "time": "2025-12-07T10:00:00", "date": "2025-12-07", "hour": 10}}, {"type": "Feature", "geometry": {"type": "Point", "coordinates": [8.0, 54.25]}, "properties": {"value": 8.815, "time": "2025-12-07T10:00:00", "date": "2025-12-07", "hour": 10}}, {"type": "Feature", "geometry": {"type": "Point", "coordinates": [8.25, 54.25]}, "properties": {"value": 7.76, "time": "2025-12-07T10:00:00", "date": "2025-12-07", "hour": 10}}, {"type": "Feature", "geometry": {"type": "Point", "coordinates": [8.5, 54.25]}, "properties": {"value": 6.486, "time": "2025-12-07T10:00:00", "date": "2025-12-07", "hour": 10}}, {"type": "Feature", "geometry": {"type": "Point", "coordinates": [10.75, 54.25]}, "properties": {"value": 5.775, "time": "2025-12-07T10:00:00", "date": "2025-12-07", "hour": 10}}, {"type": "Feature", "geometry": {"type": "Point", "coordinates": [11.25, 54.25]}, "properties": {"value": 5.602, "time": "2025-12-07T10:00:00", "date": "2025-12-07", "hour": 10}}, {"type": "Feature", "geometry": {"type": "Point", "coordinates": [11.75, 54.25]}, "properties": {"value": 6.159, "time": "2025-12-07T10:00:00", "date": "2025-12-07", "hour": 10}}, {"type": "Feature", "geometry": {"type": "Point", "coordinates": [12.25, 54.25]}, "properties": {"value": 6.117, "time": "2025-12-07T10:00:00", "date": "2025-12-07", "hour": 10}}, {"type": "Feature", "geometry": {"type": "Point", "coordinates": [13.75, 54.25]}, "properties": {"value": 4.522, "time": "2025-12-07T10:00:00", "date": "2025-12-07", "hour": 10}}, {"type": "Feature", "geometry": {"type": "Point", "coordinates": [14.0, 54.25]}, "properties": {"value": 4.784, "time": "2025-12-07T10:00:00", "date": "2025-12-07", "hour": 10}}, {"type": "Feature", "geometry": {"type": "Point", "coordinates": [14.25, 54.25]}, "properties": {"value": 5.295, "time": "2025-12-07T10:00:00", "date": "2025-12-07", "hour": 10}}, {"type": "Feature", "geometry": {"type": "Point", "coordinates": [14.5, 54.25]}, "properties": {"value": 5.434, "time": "2025-12-07T10:00:00", "date": "2025-12-07", "hour": 10}}, {"type": "Feature", "geometry": {"type": "Point", "coordinates": [14.75, 54.25]}, "properties": {"value": 5.709, "time": "2025-12-07T10:00:00", "date": "2025-12-07", "hour": 10}}, {"type": "Feature", "geometry": {"type": "Point", "coordinates": [15.0, 54.25]}, "properties": {"value": 6.474, "time": "2025-12-07T10:00:00", "date": "2025-12-07", "hour": 10}}, {"type": "Feature", "geometry": {"type": "Point", "coordinates": [5.0, 54.5]}, "properties": {"value": 10.537, "time": "2025-12-07T10:00:00", "date": "2025-12-07", "hour": 10}}, {"type": "Feature", "geometry": {"type": "Point", "coordinates": [5.25, 54.5]}, "properties": {"value": 10.545, "time": "2025-12-07T10:00:00", "date": "2025-12-07", "hour": 10}}, {"type": "Feature", "geometry": {"type": "Point", "coordinates": [5.5, 54.5]}, "properties": {"value": 10.5, "time": "2025-12-07T10:00:00", "date": "2025-12-07", "hour": 10}}, {"type": "Feature", "geometry": {"type": "Point", "coordinates": [5.75, 54.5]}, "properties": {"value": 10.423, "time": "2025-12-07T10:00:00", "date": "2025-12-07", "hour": 10}}, {"type": "Feature", "geometry": {"type": "Point", "coordinates": [6.0, 54.5]}, "properties": {"value": 10.375, "time": "2025-12-07T10:00:00", "date": "2025-12-07", "hour": 10}}, {"type": "Feature", "geometry": {"type": "Point", "coordinates": [6.25, 54.5]}, "properties": {"value": 10.318, "time": "2025-12-07T10:00:00", "date": "2025-12-07", "hour": 10}}, {"type": "Feature", "geometry": {"type": "Point", "coordinates": [6.5, 54.5]}, "properties": {"value": 10.188, "time": "2025-12-07T10:00:00", "date": "2025-12-07", "hour": 10}}, {"type": "Feature", "geometry": {"type": "Point", "coordinates": [6.75, 54.5]}, "properties": {"value": 10.09, "time": "2025-12-07T10:00:00", "date": "2025-12-07", "hour": 10}}, {"type": "Feature", "geometry": {"type": "Point", "coordinates": [7.0, 54.5]}, "properties": {"value": 9.96, "time": "2025-12-07T10:00:00", "date": "2025-12-07", "hour": 10}}, {"type": "Feature", "geometry": {"type": "Point", "coordinates": [7.25, 54.5]}, "properties": {"value": 9.758, "time": "2025-12-07T10:00:00", "date": "2025-12-07", "hour": 10}}, {"type": "Feature", "geometry": {"type": "Point", "coordinates": [7.5, 54.5]}, "properties": {"value": 9.68, "time": "2025-12-07T10:00:00", "date": "2025-12-07", "hour": 10}}, {"type": "Feature", "geometry": {"type": "Point", "coordinates": [7.75, 54.5]}, "properties": {"value": 9.1, "time": "2025-12-07T10:00:00", "date": "2025-12-07", "hour": 10}}, {"type": "Feature", "geometry": {"type": "Point", "coordinates": [8.0, 54.5]}, "properties": {"value": 7.947, "time": "2025-12-07T10:00:00", "date": "2025-12-07", "hour": 10}}, {"type": "Feature", "geometry": {"type": "Point", "coordinates": [8.25, 54.5]}, "properties": {"value": 6.944, "time": "2025-12-07T10:00:00", "date": "2025-12-07", "hour": 10}}, {"type": "Feature", "geometry": {"type": "Point", "coordinates": [8.5, 54.5]}, "properties": {"value": 6.008, "time": "2025-12-07T10:00:00", "date": "2025-12-07", "hour": 10}}, {"type": "Feature", "geometry": {"type": "Point", "coordinates": [10.5, 54.5]}, "properties": {"value": 5.923, "time": "2025-12-07T10:00:00", "date": "2025-12-07", "hour": 10}}, {"type": "Feature", "geometry": {"type": "Point", "coordinates": [10.75, 54.5]}, "properties": {"value": 5.939, "time": "2025-12-07T10:00:00", "date": "2025-12-07", "hour": 10}}, {"type": "Feature", "geometry": {"type": "Point", "coordinates": [11.0, 54.5]}, "properties": {"value": 5.803, "time": "2025-12-07T10:00:00", "date": "2025-12-07", "hour": 10}}, {"type": "Feature", "geometry": {"type": "Point", "coordinates": [11.25, 54.5]}, "properties": {"value": 5.907, "time": "2025-12-07T10:00:00", "date": "2025-12-07", "hour": 10}}, {"type": "Feature", "geometry": {"type": "Point", "coordinates": [11.5, 54.5]}, "properties": {"value": 6.007, "time": "2025-12-07T10:00:00", "date": "2025-12-07", "hour": 10}}, {"type": "Feature", "geometry": {"type": "Point", "coordinates": [11.75, 54.5]}, "properties": {"value": 6.186, "time": "2025-12-07T10:00:00", "date": "2025-12-07", "hour": 10}}, {"type": "Feature", "geometry": {"type": "Point", "coordinates": [12.0, 54.5]}, "properties": {"value": 6.258, "time": "2025-12-07T10:00:00", "date": "2025-12-07", "hour": 10}}, {"type": "Feature", "geometry": {"type": "Point", "coordinates": [12.25, 54.5]}, "properties": {"value": 6.26, "time": "2025-12-07T10:00:00", "date": "2025-12-07", "hour": 10}}, {"type": "Feature", "geometry": {"type": "Point", "coordinates": [13.0, 54.5]}, "properties": {"value": 6.794, "time": "2025-12-07T10:00:00", "date": "2025-12-07", "hour": 10}}, {"type": "Feature", "geometry": {"type": "Point", "coordinates": [13.25, 54.5]}, "properties": {"value": 6.152, "time": "2025-12-07T10:00:00", "date": "2025-12-07", "hour": 10}}, {"type": "Feature", "geometry": {"type": "Point", "coordinates": [13.5, 54.5]}, "properties": {"value": 5.82, "time": "2025-12-07T10:00:00", "date": "2025-12-07", "hour": 10}}, {"type": "Feature", "geometry": {"type": "Point", "coordinates": [13.75, 54.5]}, "properties": {"value": 5.728, "time": "2025-12-07T10:00:00", "date": "2025-12-07", "hour": 10}}, {"type": "Feature", "geometry": {"type": "Point", "coordinates": [14.0, 54.5]}, "properties": {"value": 5.939, "time": "2025-12-07T10:00:00", "date": "2025-12-07", "hour": 10}}, {"type": "Feature", "geometry": {"type": "Point", "coordinates": [14.25, 54.5]}, "properties": {"value": 6.117, "time": "2025-12-07T10:00:00", "date": "2025-12-07", "hour": 10}}, {"type": "Feature", "geometry": {"type": "Point", "coordinates": [14.5, 54.5]}, "properties": {"value": 6.426, "time": "2025-12-07T10:00:00", "date": "2025-12-07", "hour": 10}}, {"type": "Feature", "geometry": {"type": "Point", "coordinates": [14.75, 54.5]}, "properties": {"value": 6.671, "time": "2025-12-07T10:00:00", "date": "2025-12-07", "hour": 10}}, {"type": "Feature", "geometry": {"type": "Point", "coordinates": [15.0, 54.5]}, "properties": {"value": 7.412, "time": "2025-12-07T10:00:00", "date": "2025-12-07", "hour": 10}}, {"type": "Feature", "geometry": {"type": "Point", "coordinates": [5.0, 54.75]}, "properties": {"value": 10.535, "time": "2025-12-07T10:00:00", "date": "2025-12-07", "hour": 10}}, {"type": "Feature", "geometry": {"type": "Point", "coordinates": [5.25, 54.75]}, "properties": {"value": 10.543, "time": "2025-12-07T10:00:00", "date": "2025-12-07", "hour": 10}}, {"type": "Feature", "geometry": {"type": "Point", "coordinates": [5.5, 54.75]}, "properties": {"value": 10.564, "time": "2025-12-07T10:00:00", "date": "2025-12-07", "hour": 10}}, {"type": "Feature", "geometry": {"type": "Point", "coordinates": [5.75, 54.75]}, "properties": {"value": 10.557, "time": "2025-12-07T10:00:00", "date": "2025-12-07", "hour": 10}}, {"type": "Feature", "geometry": {"type": "Point", "coordinates": [6.0, 54.75]}, "properties": {"value": 10.525, "time": "2025-12-07T10:00:00", "date": "2025-12-07", "hour": 10}}, {"type": "Feature", "geometry": {"type": "Point", "coordinates": [6.25, 54.75]}, "properties": {"value": 10.467, "time": "2025-12-07T10:00:00", "date": "2025-12-07", "hour": 10}}, {"type": "Feature", "geometry": {"type": "Point", "coordinates": [6.5, 54.75]}, "properties": {"value": 10.396, "time": "2025-12-07T10:00:00", "date": "2025-12-07", "hour": 10}}, {"type": "Feature", "geometry": {"type": "Point", "coordinates": [6.75, 54.75]}, "properties": {"value": 10.212, "time": "2025-12-07T10:00:00", "date": "2025-12-07", "hour": 10}}, {"type": "Feature", "geometry": {"type": "Point", "coordinates": [7.0, 54.75]}, "properties": {"value": 10.06, "time": "2025-12-07T10:00:00", "date": "2025-12-07", "hour": 10}}, {"type": "Feature", "geometry": {"type": "Point", "coordinates": [7.25, 54.75]}, "properties": {"value": 9.85, "time": "2025-12-07T10:00:00", "date": "2025-12-07", "hour": 10}}, {"type": "Feature", "geometry": {"type": "Point", "coordinates": [7.5, 54.75]}, "properties": {"value": 9.634, "time": "2025-12-07T10:00:00", "date": "2025-12-07", "hour": 10}}, {"type": "Feature", "geometry": {"type": "Point", "coordinates": [7.75, 54.75]}, "properties": {"value": 8.565, "time": "2025-12-07T10:00:00", "date": "2025-12-07", "hour": 10}}, {"type": "Feature", "geometry": {"type": "Point", "coordinates": [8.0, 54.75]}, "properties": {"value": 7.371, "time": "2025-12-07T10:00:00", "date": "2025-12-07", "hour": 10}}, {"type": "Feature", "geometry": {"type": "Point", "coordinates": [8.25, 54.75]}, "properties": {"value": 6.455, "time": "2025-12-07T10:00:00", "date": "2025-12-07", "hour": 10}}, {"type": "Feature", "geometry": {"type": "Point", "coordinates": [8.5, 54.75]}, "properties": {"value": 5.504, "time": "2025-12-07T10:00:00", "date": "2025-12-07", "hour": 10}}, {"type": "Feature", "geometry": {"type": "Point", "coordinates": [10.25, 54.75]}, "properties": {"value": 5.886, "time": "2025-12-07T10:00:00", "date": "2025-12-07", "hour": 10}}, {"type": "Feature", "geometry": {"type": "Point", "coordinates": [10.5, 54.75]}, "properties": {"value": 5.945, "time": "2025-12-07T10:00:00", "date": "2025-12-07", "hour": 10}}, {"type": "Feature", "geometry": {"type": "Point", "coordinates": [10.75, 54.75]}, "properties": {"value": 6.005, "time": "2025-12-07T10:00:00", "date": "2025-12-07", "hour": 10}}, {"type": "Feature", "geometry": {"type": "Point", "coordinates": [11.0, 54.75]}, "properties": {"value": 5.849, "time": "2025-12-07T10:00:00", "date": "2025-12-07", "hour": 10}}, {"type": "Feature", "geometry": {"type": "Point", "coordinates": [11.25, 54.75]}, "properties": {"value": 5.778, "time": "2025-12-07T10:00:00", "date": "2025-12-07", "hour": 10}}, {"type": "Feature", "geometry": {"type": "Point", "coordinates": [11.5, 54.75]}, "properties": {"value": 5.631, "time": "2025-12-07T10:00:00", "date": "2025-12-07", "hour": 10}}, {"type": "Feature", "geometry": {"type": "Point", "coordinates": [12.0, 54.75]}, "properties": {"value": 6.04, "time": "2025-12-07T10:00:00", "date": "2025-12-07", "hour": 10}}, {"type": "Feature", "geometry": {"type": "Point", "coordinates": [12.25, 54.75]}, "properties": {"value": 6.34, "time": "2025-12-07T10:00:00", "date": "2025-12-07", "hour": 10}}, {"type": "Feature", "geometry": {"type": "Point", "coordinates": [12.5, 54.75]}, "properties": {"value": 6.741, "time": "2025-12-07T10:00:00", "date": "2025-12-07", "hour": 10}}, {"type": "Feature", "geometry": {"type": "Point", "coordinates": [12.75, 54.75]}, "properties": {"value": 6.892, "time": "2025-12-07T10:00:00", "date": "2025-12-07", "hour": 10}}, {"type": "Feature", "geometry": {"type": "Point", "coordinates": [13.0, 54.75]}, "properties": {"value": 6.836, "time": "2025-12-07T10:00:00", "date": "2025-12-07", "hour": 10}}, {"type": "Feature", "geometry": {"type": "Point", "coordinates": [13.25, 54.75]}, "properties": {"value": 6.974, "time": "2025-12-07T10:00:00", "date": "2025-12-07", "hour": 10}}, {"type": "Feature", "geometry": {"type": "Point", "coordinates": [13.5, 54.75]}, "properties": {"value": 6.945, "time": "2025-12-07T10:00:00", "date": "2025-12-07", "hour": 10}}, {"type": "Feature", "geometry": {"type": "Point", "coordinates": [13.75, 54.75]}, "properties": {"value": 6.854, "time": "2025-12-07T10:00:00", "date": "2025-12-07", "hour": 10}}, {"type": "Feature", "geometry": {"type": "Point", "coordinates": [14.0, 54.75]}, "properties": {"value": 6.747, "time": "2025-12-07T10:00:00", "date": "2025-12-07", "hour": 10}}, {"type": "Feature", "geometry": {"type": "Point", "coordinates": [14.25, 54.75]}, "properties": {"value": 6.752, "time": "2025-12-07T10:00:00", "date": "2025-12-07", "hour": 10}}, {"type": "Feature", "geometry": {"type": "Point", "coordinates": [14.5, 54.75]}, "properties": {"value": 7.137, "time": "2025-12-07T10:00:00", "date": "2025-12-07", "hour": 10}}, {"type": "Feature", "geometry": {"type": "Point", "coordinates": [14.75, 54.75]}, "properties": {"value": 7.339, "time": "2025-12-07T10:00:00", "date": "2025-12-07", "hour": 10}}, {"type": "Feature", "geometry": {"type": "Point", "coordinates": [15.0, 54.75]}, "properties": {"value": 7.349, "time": "2025-12-07T10:00:00", "date": "2025-12-07", "hour": 10}}, {"type": "Feature", "geometry": {"type": "Point", "coordinates": [5.0, 55.0]}, "properties": {"value": 10.501, "time": "2025-12-07T10:00:00", "date": "2025-12-07", "hour": 10}}, {"type": "Feature", "geometry": {"type": "Point", "coordinates": [5.25, 55.0]}, "properties": {"value": 10.594, "time": "2025-12-07T10:00:00", "date": "2025-12-07", "hour": 10}}, {"type": "Feature", "geometry": {"type": "Point", "coordinates": [5.5, 55.0]}, "properties": {"value": 10.628, "time": "2025-12-07T10:00:00", "date": "2025-12-07", "hour": 10}}, {"type": "Feature", "geometry": {"type": "Point", "coordinates": [5.75, 55.0]}, "properties": {"value": 10.621, "time": "2025-12-07T10:00:00", "date": "2025-12-07", "hour": 10}}, {"type": "Feature", "geometry": {"type": "Point", "coordinates": [6.0, 55.0]}, "properties": {"value": 10.575, "time": "2025-12-07T10:00:00", "date": "2025-12-07", "hour": 10}}, {"type": "Feature", "geometry": {"type": "Point", "coordinates": [6.25, 55.0]}, "properties": {"value": 10.524, "time": "2025-12-07T10:00:00", "date": "2025-12-07", "hour": 10}}, {"type": "Feature", "geometry": {"type": "Point", "coordinates": [6.5, 55.0]}, "properties": {"value": 10.459, "time": "2025-12-07T10:00:00", "date": "2025-12-07", "hour": 10}}, {"type": "Feature", "geometry": {"type": "Point", "coordinates": [6.75, 55.0]}, "properties": {"value": 10.262, "time": "2025-12-07T10:00:00", "date": "2025-12-07", "hour": 10}}, {"type": "Feature", "geometry": {"type": "Point", "coordinates": [7.0, 55.0]}, "properties": {"value": 10.023, "time": "2025-12-07T10:00:00", "date": "2025-12-07", "hour": 10}}, {"type": "Feature", "geometry": {"type": "Point", "coordinates": [7.25, 55.0]}, "properties": {"value": 9.816, "time": "2025-12-07T10:00:00", "date": "2025-12-07", "hour": 10}}, {"type": "Feature", "geometry": {"type": "Point", "coordinates": [7.5, 55.0]}, "properties": {"value": 9.605, "time": "2025-12-07T10:00:00", "date": "2025-12-07", "hour": 10}}, {"type": "Feature", "geometry": {"type": "Point", "coordinates": [7.75, 55.0]}, "properties": {"value": 8.652, "time": "2025-12-07T10:00:00", "date": "2025-12-07", "hour": 10}}, {"type": "Feature", "geometry": {"type": "Point", "coordinates": [8.0, 55.0]}, "properties": {"value": 7.711, "time": "2025-12-07T10:00:00", "date": "2025-12-07", "hour": 10}}, {"type": "Feature", "geometry": {"type": "Point", "coordinates": [8.25, 55.0]}, "properties": {"value": 6.254, "time": "2025-12-07T10:00:00", "date": "2025-12-07", "hour": 10}}, {"type": "Feature", "geometry": {"type": "Point", "coordinates": [8.5, 55.0]}, "properties": {"value": 5.184, "time": "2025-12-07T10:00:00", "date": "2025-12-07", "hour": 10}}, {"type": "Feature", "geometry": {"type": "Point", "coordinates": [10.25, 55.0]}, "properties": {"value": 5.238, "time": "2025-12-07T10:00:00", "date": "2025-12-07", "hour": 10}}, {"type": "Feature", "geometry": {"type": "Point", "coordinates": [10.5, 55.0]}, "properties": {"value": 5.455, "time": "2025-12-07T10:00:00", "date": "2025-12-07", "hour": 10}}, {"type": "Feature", "geometry": {"type": "Point", "coordinates": [10.75, 55.0]}, "properties": {"value": 5.668, "time": "2025-12-07T10:00:00", "date": "2025-12-07", "hour": 10}}, {"type": "Feature", "geometry": {"type": "Point", "coordinates": [11.0, 55.0]}, "properties": {"value": 5.631, "time": "2025-12-07T10:00:00", "date": "2025-12-07", "hour": 10}}, {"type": "Feature", "geometry": {"type": "Point", "coordinates": [11.25, 55.0]}, "properties": {"value": 5.641, "time": "2025-12-07T10:00:00", "date": "2025-12-07", "hour": 10}}, {"type": "Feature", "geometry": {"type": "Point", "coordinates": [11.5, 55.0]}, "properties": {"value": 5.463, "time": "2025-12-07T10:00:00", "date": "2025-12-07", "hour": 10}}, {"type": "Feature", "geometry": {"type": "Point", "coordinates": [11.75, 55.0]}, "properties": {"value": 5.352, "time": "2025-12-07T10:00:00", "date": "2025-12-07", "hour": 10}}, {"type": "Feature", "geometry": {"type": "Point", "coordinates": [12.0, 55.0]}, "properties": {"value": 5.536, "time": "2025-12-07T10:00:00", "date": "2025-12-07", "hour": 10}}, {"type": "Feature", "geometry": {"type": "Point", "coordinates": [12.25, 55.0]}, "properties": {"value": 5.914, "time": "2025-12-07T10:00:00", "date": "2025-12-07", "hour": 10}}, {"type": "Feature", "geometry": {"type": "Point", "coordinates": [12.5, 55.0]}, "properties": {"value": 6.672, "time": "2025-12-07T10:00:00", "date": "2025-12-07", "hour": 10}}, {"type": "Feature", "geometry": {"type": "Point", "coordinates": [12.75, 55.0]}, "properties": {"value": 6.882, "time": "2025-12-07T10:00:00", "date": "2025-12-07", "hour": 10}}, {"type": "Feature", "geometry": {"type": "Point", "coordinates": [13.0, 55.0]}, "properties": {"value": 7.134, "time": "2025-12-07T10:00:00", "date": "2025-12-07", "hour": 10}}, {"type": "Feature", "geometry": {"type": "Point", "coordinates": [13.25, 55.0]}, "properties": {"value": 7.271, "time": "2025-12-07T10:00:00", "date": "2025-12-07", "hour": 10}}, {"type": "Feature", "geometry": {"type": "Point", "coordinates": [13.5, 55.0]}, "properties": {"value": 7.294, "time": "2025-12-07T10:00:00", "date": "2025-12-07", "hour": 10}}, {"type": "Feature", "geometry": {"type": "Point", "coordinates": [13.75, 55.0]}, "properties": {"value": 7.401, "time": "2025-12-07T10:00:00", "date": "2025-12-07", "hour": 10}}, {"type": "Feature", "geometry": {"type": "Point", "coordinates": [14.0, 55.0]}, "properties": {"value": 7.335, "time": "2025-12-07T10:00:00", "date": "2025-12-07", "hour": 10}}, {"type": "Feature", "geometry": {"type": "Point", "coordinates": [14.25, 55.0]}, "properties": {"value": 7.27, "time": "2025-12-07T10:00:00", "date": "2025-12-07", "hour": 10}}, {"type": "Feature", "geometry": {"type": "Point", "coordinates": [14.5, 55.0]}, "properties": {"value": 7.175, "time": "2025-12-07T10:00:00", "date": "2025-12-07", "hour": 10}}, {"type": "Feature", "geometry": {"type": "Point", "coordinates": [14.75, 55.0]}, "properties": {"value": 7.097, "time": "2025-12-07T10:00:00", "date": "2025-12-07", "hour": 10}}, {"type": "Feature", "geometry": {"type": "Point", "coordinates": [15.0, 55.0]}, "properties": {"value": 6.994, "time": "2025-12-07T10:00:00", "date": "2025-12-07", "hour": 10}}, {"type": "Feature", "geometry": {"type": "Point", "coordinates": [5.25, 52.75]}, "properties": {"value": 6.147, "time": "2025-12-07T11:00:00", "date": "2025-12-07", "hour": 11}}, {"type": "Feature", "geometry": {"type": "Point", "coordinates": [5.5, 52.75]}, "properties": {"value": 6.16, "time": "2025-12-07T11:00:00", "date": "2025-12-07", "hour": 11}}, {"type": "Feature", "geometry": {"type": "Point", "coordinates": [5.0, 53.0]}, "properties": {"value": 7.171, "time": "2025-12-07T11:00:00", "date": "2025-12-07", "hour": 11}}, {"type": "Feature", "geometry": {"type": "Point", "coordinates": [5.25, 53.0]}, "properties": {"value": 6.439, "time": "2025-12-07T11:00:00", "date": "2025-12-07", "hour": 11}}, {"type": "Feature", "geometry": {"type": "Point", "coordinates": [5.5, 53.0]}, "properties": {"value": 5.924, "time": "2025-12-07T11:00:00", "date": "2025-12-07", "hour": 11}}, {"type": "Feature", "geometry": {"type": "Point", "coordinates": [5.0, 53.25]}, "properties": {"value": 7.865, "time": "2025-12-07T11:00:00", "date": "2025-12-07", "hour": 11}}, {"type": "Feature", "geometry": {"type": "Point", "coordinates": [5.25, 53.25]}, "properties": {"value": 6.932, "time": "2025-12-07T11:00:00", "date": "2025-12-07", "hour": 11}}, {"type": "Feature", "geometry": {"type": "Point", "coordinates": [5.5, 53.25]}, "properties": {"value": 6.369, "time": "2025-12-07T11:00:00", "date": "2025-12-07", "hour": 11}}, {"type": "Feature", "geometry": {"type": "Point", "coordinates": [5.0, 53.5]}, "properties": {"value": 9.501, "time": "2025-12-07T11:00:00", "date": "2025-12-07", "hour": 11}}, {"type": "Feature", "geometry": {"type": "Point", "coordinates": [5.25, 53.5]}, "properties": {"value": 8.861, "time": "2025-12-07T11:00:00", "date": "2025-12-07", "hour": 11}}, {"type": "Feature", "geometry": {"type": "Point", "coordinates": [5.5, 53.5]}, "properties": {"value": 8.653, "time": "2025-12-07T11:00:00", "date": "2025-12-07", "hour": 11}}, {"type": "Feature", "geometry": {"type": "Point", "coordinates": [5.75, 53.5]}, "properties": {"value": 8.293, "time": "2025-12-07T11:00:00", "date": "2025-12-07", "hour": 11}}, {"type": "Feature", "geometry": {"type": "Point", "coordinates": [6.0, 53.5]}, "properties": {"value": 7.801, "time": "2025-12-07T11:00:00", "date": "2025-12-07", "hour": 11}}, {"type": "Feature", "geometry": {"type": "Point", "coordinates": [6.25, 53.5]}, "properties": {"value": 7.239, "time": "2025-12-07T11:00:00", "date": "2025-12-07", "hour": 11}}, {"type": "Feature", "geometry": {"type": "Point", "coordinates": [6.5, 53.5]}, "properties": {"value": 6.941, "time": "2025-12-07T11:00:00", "date": "2025-12-07", "hour": 11}}, {"type": "Feature", "geometry": {"type": "Point", "coordinates": [6.75, 53.5]}, "properties": {"value": 6.41, "time": "2025-12-07T11:00:00", "date": "2025-12-07", "hour": 11}}, {"type": "Feature", "geometry": {"type": "Point", "coordinates": [5.0, 53.75]}, "properties": {"value": 10.179, "time": "2025-12-07T11:00:00", "date": "2025-12-07", "hour": 11}}, {"type": "Feature", "geometry": {"type": "Point", "coordinates": [5.25, 53.75]}, "properties": {"value": 9.873, "time": "2025-12-07T11:00:00", "date": "2025-12-07", "hour": 11}}, {"type": "Feature", "geometry": {"type": "Point", "coordinates": [5.5, 53.75]}, "properties": {"value": 9.645, "time": "2025-12-07T11:00:00", "date": "2025-12-07", "hour": 11}}, {"type": "Feature", "geometry": {"type": "Point", "coordinates": [5.75, 53.75]}, "properties": {"value": 9.381, "time": "2025-12-07T11:00:00", "date": "2025-12-07", "hour": 11}}, {"type": "Feature", "geometry": {"type": "Point", "coordinates": [6.0, 53.75]}, "properties": {"value": 8.995, "time": "2025-12-07T11:00:00", "date": "2025-12-07", "hour": 11}}, {"type": "Feature", "geometry": {"type": "Point", "coordinates": [6.25, 53.75]}, "properties": {"value": 8.739, "time": "2025-12-07T11:00:00", "date": "2025-12-07", "hour": 11}}, {"type": "Feature", "geometry": {"type": "Point", "coordinates": [6.5, 53.75]}, "properties": {"value": 8.275, "time": "2025-12-07T11:00:00", "date": "2025-12-07", "hour": 11}}, {"type": "Feature", "geometry": {"type": "Point", "coordinates": [6.75, 53.75]}, "properties": {"value": 7.785, "time": "2025-12-07T11:00:00", "date": "2025-12-07", "hour": 11}}, {"type": "Feature", "geometry": {"type": "Point", "coordinates": [7.0, 53.75]}, "properties": {"value": 7.909, "time": "2025-12-07T11:00:00", "date": "2025-12-07", "hour": 11}}, {"type": "Feature", "geometry": {"type": "Point", "coordinates": [7.25, 53.75]}, "properties": {"value": 7.525, "time": "2025-12-07T11:00:00", "date": "2025-12-07", "hour": 11}}, {"type": "Feature", "geometry": {"type": "Point", "coordinates": [7.5, 53.75]}, "properties": {"value": 7.782, "time": "2025-12-07T11:00:00", "date": "2025-12-07", "hour": 11}}, {"type": "Feature", "geometry": {"type": "Point", "coordinates": [7.75, 53.75]}, "properties": {"value": 7.825, "time": "2025-12-07T11:00:00", "date": "2025-12-07", "hour": 11}}, {"type": "Feature", "geometry": {"type": "Point", "coordinates": [8.0, 53.75]}, "properties": {"value": 7.579, "time": "2025-12-07T11:00:00", "date": "2025-12-07", "hour": 11}}, {"type": "Feature", "geometry": {"type": "Point", "coordinates": [8.25, 53.75]}, "properties": {"value": 6.981, "time": "2025-12-07T11:00:00", "date": "2025-12-07", "hour": 11}}, {"type": "Feature", "geometry": {"type": "Point", "coordinates": [8.5, 53.75]}, "properties": {"value": 6.347, "time": "2025-12-07T11:00:00", "date": "2025-12-07", "hour": 11}}, {"type": "Feature", "geometry": {"type": "Point", "coordinates": [8.75, 53.75]}, "properties": {"value": 6.347, "time": "2025-12-07T11:00:00", "date": "2025-12-07", "hour": 11}}, {"type": "Feature", "geometry": {"type": "Point", "coordinates": [14.25, 53.75]}, "properties": {"value": 2.389, "time": "2025-12-07T11:00:00", "date": "2025-12-07", "hour": 11}}, {"type": "Feature", "geometry": {"type": "Point", "coordinates": [14.5, 53.75]}, "properties": {"value": 2.389, "time": "2025-12-07T11:00:00", "date": "2025-12-07", "hour": 11}}, {"type": "Feature", "geometry": {"type": "Point", "coordinates": [5.0, 54.0]}, "properties": {"value": 10.438, "time": "2025-12-07T11:00:00", "date": "2025-12-07", "hour": 11}}, {"type": "Feature", "geometry": {"type": "Point", "coordinates": [5.25, 54.0]}, "properties": {"value": 10.368, "time": "2025-12-07T11:00:00", "date": "2025-12-07", "hour": 11}}, {"type": "Feature", "geometry": {"type": "Point", "coordinates": [5.5, 54.0]}, "properties": {"value": 10.141, "time": "2025-12-07T11:00:00", "date": "2025-12-07", "hour": 11}}, {"type": "Feature", "geometry": {"type": "Point", "coordinates": [5.75, 54.0]}, "properties": {"value": 9.927, "time": "2025-12-07T11:00:00", "date": "2025-12-07", "hour": 11}}, {"type": "Feature", "geometry": {"type": "Point", "coordinates": [6.0, 54.0]}, "properties": {"value": 9.776, "time": "2025-12-07T11:00:00", "date": "2025-12-07", "hour": 11}}, {"type": "Feature", "geometry": {"type": "Point", "coordinates": [6.25, 54.0]}, "properties": {"value": 9.597, "time": "2025-12-07T11:00:00", "date": "2025-12-07", "hour": 11}}, {"type": "Feature", "geometry": {"type": "Point", "coordinates": [6.5, 54.0]}, "properties": {"value": 9.186, "time": "2025-12-07T11:00:00", "date": "2025-12-07", "hour": 11}}, {"type": "Feature", "geometry": {"type": "Point", "coordinates": [6.75, 54.0]}, "properties": {"value": 8.976, "time": "2025-12-07T11:00:00", "date": "2025-12-07", "hour": 11}}, {"type": "Feature", "geometry": {"type": "Point", "coordinates": [7.0, 54.0]}, "properties": {"value": 8.887, "time": "2025-12-07T11:00:00", "date": "2025-12-07", "hour": 11}}, {"type": "Feature", "geometry": {"type": "Point", "coordinates": [7.25, 54.0]}, "properties": {"value": 8.651, "time": "2025-12-07T11:00:00", "date": "2025-12-07", "hour": 11}}, {"type": "Feature", "geometry": {"type": "Point", "coordinates": [7.5, 54.0]}, "properties": {"value": 8.716, "time": "2025-12-07T11:00:00", "date": "2025-12-07", "hour": 11}}, {"type": "Feature", "geometry": {"type": "Point", "coordinates": [7.75, 54.0]}, "properties": {"value": 8.667, "time": "2025-12-07T11:00:00", "date": "2025-12-07", "hour": 11}}, {"type": "Feature", "geometry": {"type": "Point", "coordinates": [8.0, 54.0]}, "properties": {"value": 8.566, "time": "2025-12-07T11:00:00", "date": "2025-12-07", "hour": 11}}, {"type": "Feature", "geometry": {"type": "Point", "coordinates": [8.25, 54.0]}, "properties": {"value": 8.113, "time": "2025-12-07T11:00:00", "date": "2025-12-07", "hour": 11}}, {"type": "Feature", "geometry": {"type": "Point", "coordinates": [8.5, 54.0]}, "properties": {"value": 6.776, "time": "2025-12-07T11:00:00", "date": "2025-12-07", "hour": 11}}, {"type": "Feature", "geometry": {"type": "Point", "coordinates": [11.25, 54.0]}, "properties": {"value": 5.168, "time": "2025-12-07T11:00:00", "date": "2025-12-07", "hour": 11}}, {"type": "Feature", "geometry": {"type": "Point", "coordinates": [14.0, 54.0]}, "properties": {"value": 3.979, "time": "2025-12-07T11:00:00", "date": "2025-12-07", "hour": 11}}, {"type": "Feature", "geometry": {"type": "Point", "coordinates": [14.25, 54.0]}, "properties": {"value": 4.777, "time": "2025-12-07T11:00:00", "date": "2025-12-07", "hour": 11}}, {"type": "Feature", "geometry": {"type": "Point", "coordinates": [14.5, 54.0]}, "properties": {"value": 4.438, "time": "2025-12-07T11:00:00", "date": "2025-12-07", "hour": 11}}, {"type": "Feature", "geometry": {"type": "Point", "coordinates": [14.75, 54.0]}, "properties": {"value": 4.948, "time": "2025-12-07T11:00:00", "date": "2025-12-07", "hour": 11}}, {"type": "Feature", "geometry": {"type": "Point", "coordinates": [5.0, 54.25]}, "properties": {"value": 10.514, "time": "2025-12-07T11:00:00", "date": "2025-12-07", "hour": 11}}, {"type": "Feature", "geometry": {"type": "Point", "coordinates": [5.25, 54.25]}, "properties": {"value": 10.461, "time": "2025-12-07T11:00:00", "date": "2025-12-07", "hour": 11}}, {"type": "Feature", "geometry": {"type": "Point", "coordinates": [5.5, 54.25]}, "properties": {"value": 10.37, "time": "2025-12-07T11:00:00", "date": "2025-12-07", "hour": 11}}, {"type": "Feature", "geometry": {"type": "Point", "coordinates": [5.75, 54.25]}, "properties": {"value": 10.193, "time": "2025-12-07T11:00:00", "date": "2025-12-07", "hour": 11}}, {"type": "Feature", "geometry": {"type": "Point", "coordinates": [6.0, 54.25]}, "properties": {"value": 10.126, "time": "2025-12-07T11:00:00", "date": "2025-12-07", "hour": 11}}, {"type": "Feature", "geometry": {"type": "Point", "coordinates": [6.25, 54.25]}, "properties": {"value": 10.002, "time": "2025-12-07T11:00:00", "date": "2025-12-07", "hour": 11}}, {"type": "Feature", "geometry": {"type": "Point", "coordinates": [6.5, 54.25]}, "properties": {"value": 9.844, "time": "2025-12-07T11:00:00", "date": "2025-12-07", "hour": 11}}, {"type": "Feature", "geometry": {"type": "Point", "coordinates": [6.75, 54.25]}, "properties": {"value": 9.685, "time": "2025-12-07T11:00:00", "date": "2025-12-07", "hour": 11}}, {"type": "Feature", "geometry": {"type": "Point", "coordinates": [7.0, 54.25]}, "properties": {"value": 9.6, "time": "2025-12-07T11:00:00", "date": "2025-12-07", "hour": 11}}, {"type": "Feature", "geometry": {"type": "Point", "coordinates": [7.25, 54.25]}, "properties": {"value": 9.517, "time": "2025-12-07T11:00:00", "date": "2025-12-07", "hour": 11}}, {"type": "Feature", "geometry": {"type": "Point", "coordinates": [7.5, 54.25]}, "properties": {"value": 9.463, "time": "2025-12-07T11:00:00", "date": "2025-12-07", "hour": 11}}, {"type": "Feature", "geometry": {"type": "Point", "coordinates": [7.75, 54.25]}, "properties": {"value": 9.033, "time": "2025-12-07T11:00:00", "date": "2025-12-07", "hour": 11}}, {"type": "Feature", "geometry": {"type": "Point", "coordinates": [8.0, 54.25]}, "properties": {"value": 8.815, "time": "2025-12-07T11:00:00", "date": "2025-12-07", "hour": 11}}, {"type": "Feature", "geometry": {"type": "Point", "coordinates": [8.25, 54.25]}, "properties": {"value": 7.76, "time": "2025-12-07T11:00:00", "date": "2025-12-07", "hour": 11}}, {"type": "Feature", "geometry": {"type": "Point", "coordinates": [8.5, 54.25]}, "properties": {"value": 6.486, "time": "2025-12-07T11:00:00", "date": "2025-12-07", "hour": 11}}, {"type": "Feature", "geometry": {"type": "Point", "coordinates": [10.75, 54.25]}, "properties": {"value": 5.775, "time": "2025-12-07T11:00:00", "date": "2025-12-07", "hour": 11}}, {"type": "Feature", "geometry": {"type": "Point", "coordinates": [11.25, 54.25]}, "properties": {"value": 5.602, "time": "2025-12-07T11:00:00", "date": "2025-12-07", "hour": 11}}, {"type": "Feature", "geometry": {"type": "Point", "coordinates": [11.75, 54.25]}, "properties": {"value": 6.159, "time": "2025-12-07T11:00:00", "date": "2025-12-07", "hour": 11}}, {"type": "Feature", "geometry": {"type": "Point", "coordinates": [12.25, 54.25]}, "properties": {"value": 6.117, "time": "2025-12-07T11:00:00", "date": "2025-12-07", "hour": 11}}, {"type": "Feature", "geometry": {"type": "Point", "coordinates": [13.75, 54.25]}, "properties": {"value": 4.522, "time": "2025-12-07T11:00:00", "date": "2025-12-07", "hour": 11}}, {"type": "Feature", "geometry": {"type": "Point", "coordinates": [14.0, 54.25]}, "properties": {"value": 4.784, "time": "2025-12-07T11:00:00", "date": "2025-12-07", "hour": 11}}, {"type": "Feature", "geometry": {"type": "Point", "coordinates": [14.25, 54.25]}, "properties": {"value": 5.295, "time": "2025-12-07T11:00:00", "date": "2025-12-07", "hour": 11}}, {"type": "Feature", "geometry": {"type": "Point", "coordinates": [14.5, 54.25]}, "properties": {"value": 5.434, "time": "2025-12-07T11:00:00", "date": "2025-12-07", "hour": 11}}, {"type": "Feature", "geometry": {"type": "Point", "coordinates": [14.75, 54.25]}, "properties": {"value": 5.709, "time": "2025-12-07T11:00:00", "date": "2025-12-07", "hour": 11}}, {"type": "Feature", "geometry": {"type": "Point", "coordinates": [15.0, 54.25]}, "properties": {"value": 6.474, "time": "2025-12-07T11:00:00", "date": "2025-12-07", "hour": 11}}, {"type": "Feature", "geometry": {"type": "Point", "coordinates": [5.0, 54.5]}, "properties": {"value": 10.537, "time": "2025-12-07T11:00:00", "date": "2025-12-07", "hour": 11}}, {"type": "Feature", "geometry": {"type": "Point", "coordinates": [5.25, 54.5]}, "properties": {"value": 10.545, "time": "2025-12-07T11:00:00", "date": "2025-12-07", "hour": 11}}, {"type": "Feature", "geometry": {"type": "Point", "coordinates": [5.5, 54.5]}, "properties": {"value": 10.5, "time": "2025-12-07T11:00:00", "date": "2025-12-07", "hour": 11}}, {"type": "Feature", "geometry": {"type": "Point", "coordinates": [5.75, 54.5]}, "properties": {"value": 10.423, "time": "2025-12-07T11:00:00", "date": "2025-12-07", "hour": 11}}, {"type": "Feature", "geometry": {"type": "Point", "coordinates": [6.0, 54.5]}, "properties": {"value": 10.375, "time": "2025-12-07T11:00:00", "date": "2025-12-07", "hour": 11}}, {"type": "Feature", "geometry": {"type": "Point", "coordinates": [6.25, 54.5]}, "properties": {"value": 10.318, "time": "2025-12-07T11:00:00", "date": "2025-12-07", "hour": 11}}, {"type": "Feature", "geometry": {"type": "Point", "coordinates": [6.5, 54.5]}, "properties": {"value": 10.188, "time": "2025-12-07T11:00:00", "date": "2025-12-07", "hour": 11}}, {"type": "Feature", "geometry": {"type": "Point", "coordinates": [6.75, 54.5]}, "properties": {"value": 10.09, "time": "2025-12-07T11:00:00", "date": "2025-12-07", "hour": 11}}, {"type": "Feature", "geometry": {"type": "Point", "coordinates": [7.0, 54.5]}, "properties": {"value": 9.96, "time": "2025-12-07T11:00:00", "date": "2025-12-07", "hour": 11}}, {"type": "Feature", "geometry": {"type": "Point", "coordinates": [7.25, 54.5]}, "properties": {"value": 9.758, "time": "2025-12-07T11:00:00", "date": "2025-12-07", "hour": 11}}, {"type": "Feature", "geometry": {"type": "Point", "coordinates": [7.5, 54.5]}, "properties": {"value": 9.68, "time": "2025-12-07T11:00:00", "date": "2025-12-07", "hour": 11}}, {"type": "Feature", "geometry": {"type": "Point", "coordinates": [7.75, 54.5]}, "properties": {"value": 9.1, "time": "2025-12-07T11:00:00", "date": "2025-12-07", "hour": 11}}, {"type": "Feature", "geometry": {"type": "Point", "coordinates": [8.0, 54.5]}, "properties": {"value": 7.947, "time": "2025-12-07T11:00:00", "date": "2025-12-07", "hour": 11}}, {"type": "Feature", "geometry": {"type": "Point", "coordinates": [8.25, 54.5]}, "properties": {"value": 6.944, "time": "2025-12-07T11:00:00", "date": "2025-12-07", "hour": 11}}, {"type": "Feature", "geometry": {"type": "Point", "coordinates": [8.5, 54.5]}, "properties": {"value": 6.008, "time": "2025-12-07T11:00:00", "date": "2025-12-07", "hour": 11}}, {"type": "Feature", "geometry": {"type": "Point", "coordinates": [10.5, 54.5]}, "properties": {"value": 5.923, "time": "2025-12-07T11:00:00", "date": "2025-12-07", "hour": 11}}, {"type": "Feature", "geometry": {"type": "Point", "coordinates": [10.75, 54.5]}, "properties": {"value": 5.939, "time": "2025-12-07T11:00:00", "date": "2025-12-07", "hour": 11}}, {"type": "Feature", "geometry": {"type": "Point", "coordinates": [11.0, 54.5]}, "properties": {"value": 5.803, "time": "2025-12-07T11:00:00", "date": "2025-12-07", "hour": 11}}, {"type": "Feature", "geometry": {"type": "Point", "coordinates": [11.25, 54.5]}, "properties": {"value": 5.907, "time": "2025-12-07T11:00:00", "date": "2025-12-07", "hour": 11}}, {"type": "Feature", "geometry": {"type": "Point", "coordinates": [11.5, 54.5]}, "properties": {"value": 6.007, "time": "2025-12-07T11:00:00", "date": "2025-12-07", "hour": 11}}, {"type": "Feature", "geometry": {"type": "Point", "coordinates": [11.75, 54.5]}, "properties": {"value": 6.186, "time": "2025-12-07T11:00:00", "date": "2025-12-07", "hour": 11}}, {"type": "Feature", "geometry": {"type": "Point", "coordinates": [12.0, 54.5]}, "properties": {"value": 6.258, "time": "2025-12-07T11:00:00", "date": "2025-12-07", "hour": 11}}, {"type": "Feature", "geometry": {"type": "Point", "coordinates": [12.25, 54.5]}, "properties": {"value": 6.26, "time": "2025-12-07T11:00:00", "date": "2025-12-07", "hour": 11}}, {"type": "Feature", "geometry": {"type": "Point", "coordinates": [13.0, 54.5]}, "properties": {"value": 6.794, "time": "2025-12-07T11:00:00", "date": "2025-12-07", "hour": 11}}, {"type": "Feature", "geometry": {"type": "Point", "coordinates": [13.25, 54.5]}, "properties": {"value": 6.152, "time": "2025-12-07T11:00:00", "date": "2025-12-07", "hour": 11}}, {"type": "Feature", "geometry": {"type": "Point", "coordinates": [13.5, 54.5]}, "properties": {"value": 5.82, "time": "2025-12-07T11:00:00", "date": "2025-12-07", "hour": 11}}, {"type": "Feature", "geometry": {"type": "Point", "coordinates": [13.75, 54.5]}, "properties": {"value": 5.728, "time": "2025-12-07T11:00:00", "date": "2025-12-07", "hour": 11}}, {"type": "Feature", "geometry": {"type": "Point", "coordinates": [14.0, 54.5]}, "properties": {"value": 5.939, "time": "2025-12-07T11:00:00", "date": "2025-12-07", "hour": 11}}, {"type": "Feature", "geometry": {"type": "Point", "coordinates": [14.25, 54.5]}, "properties": {"value": 6.117, "time": "2025-12-07T11:00:00", "date": "2025-12-07", "hour": 11}}, {"type": "Feature", "geometry": {"type": "Point", "coordinates": [14.5, 54.5]}, "properties": {"value": 6.426, "time": "2025-12-07T11:00:00", "date": "2025-12-07", "hour": 11}}, {"type": "Feature", "geometry": {"type": "Point", "coordinates": [14.75, 54.5]}, "properties": {"value": 6.671, "time": "2025-12-07T11:00:00", "date": "2025-12-07", "hour": 11}}, {"type": "Feature", "geometry": {"type": "Point", "coordinates": [15.0, 54.5]}, "properties": {"value": 7.412, "time": "2025-12-07T11:00:00", "date": "2025-12-07", "hour": 11}}, {"type": "Feature", "geometry": {"type": "Point", "coordinates": [5.0, 54.75]}, "properties": {"value": 10.535, "time": "2025-12-07T11:00:00", "date": "2025-12-07", "hour": 11}}, {"type": "Feature", "geometry": {"type": "Point", "coordinates": [5.25, 54.75]}, "properties": {"value": 10.543, "time": "2025-12-07T11:00:00", "date": "2025-12-07", "hour": 11}}, {"type": "Feature", "geometry": {"type": "Point", "coordinates": [5.5, 54.75]}, "properties": {"value": 10.564, "time": "2025-12-07T11:00:00", "date": "2025-12-07", "hour": 11}}, {"type": "Feature", "geometry": {"type": "Point", "coordinates": [5.75, 54.75]}, "properties": {"value": 10.557, "time": "2025-12-07T11:00:00", "date": "2025-12-07", "hour": 11}}, {"type": "Feature", "geometry": {"type": "Point", "coordinates": [6.0, 54.75]}, "properties": {"value": 10.525, "time": "2025-12-07T11:00:00", "date": "2025-12-07", "hour": 11}}, {"type": "Feature", "geometry": {"type": "Point", "coordinates": [6.25, 54.75]}, "properties": {"value": 10.467, "time": "2025-12-07T11:00:00", "date": "2025-12-07", "hour": 11}}, {"type": "Feature", "geometry": {"type": "Point", "coordinates": [6.5, 54.75]}, "properties": {"value": 10.396, "time": "2025-12-07T11:00:00", "date": "2025-12-07", "hour": 11}}, {"type": "Feature", "geometry": {"type": "Point", "coordinates": [6.75, 54.75]}, "properties": {"value": 10.212, "time": "2025-12-07T11:00:00", "date": "2025-12-07", "hour": 11}}, {"type": "Feature", "geometry": {"type": "Point", "coordinates": [7.0, 54.75]}, "properties": {"value": 10.06, "time": "2025-12-07T11:00:00", "date": "2025-12-07", "hour": 11}}, {"type": "Feature", "geometry": {"type": "Point", "coordinates": [7.25, 54.75]}, "properties": {"value": 9.85, "time": "2025-12-07T11:00:00", "date": "2025-12-07", "hour": 11}}, {"type": "Feature", "geometry": {"type": "Point", "coordinates": [7.5, 54.75]}, "properties": {"value": 9.634, "time": "2025-12-07T11:00:00", "date": "2025-12-07", "hour": 11}}, {"type": "Feature", "geometry": {"type": "Point", "coordinates": [7.75, 54.75]}, "properties": {"value": 8.565, "time": "2025-12-07T11:00:00", "date": "2025-12-07", "hour": 11}}, {"type": "Feature", "geometry": {"type": "Point", "coordinates": [8.0, 54.75]}, "properties": {"value": 7.371, "time": "2025-12-07T11:00:00", "date": "2025-12-07", "hour": 11}}, {"type": "Feature", "geometry": {"type": "Point", "coordinates": [8.25, 54.75]}, "properties": {"value": 6.455, "time": "2025-12-07T11:00:00", "date": "2025-12-07", "hour": 11}}, {"type": "Feature", "geometry": {"type": "Point", "coordinates": [8.5, 54.75]}, "properties": {"value": 5.504, "time": "2025-12-07T11:00:00", "date": "2025-12-07", "hour": 11}}, {"type": "Feature", "geometry": {"type": "Point", "coordinates": [10.25, 54.75]}, "properties": {"value": 5.886, "time": "2025-12-07T11:00:00", "date": "2025-12-07", "hour": 11}}, {"type": "Feature", "geometry": {"type": "Point", "coordinates": [10.5, 54.75]}, "properties": {"value": 5.945, "time": "2025-12-07T11:00:00", "date": "2025-12-07", "hour": 11}}, {"type": "Feature", "geometry": {"type": "Point", "coordinates": [10.75, 54.75]}, "properties": {"value": 6.005, "time": "2025-12-07T11:00:00", "date": "2025-12-07", "hour": 11}}, {"type": "Feature", "geometry": {"type": "Point", "coordinates": [11.0, 54.75]}, "properties": {"value": 5.849, "time": "2025-12-07T11:00:00", "date": "2025-12-07", "hour": 11}}, {"type": "Feature", "geometry": {"type": "Point", "coordinates": [11.25, 54.75]}, "properties": {"value": 5.778, "time": "2025-12-07T11:00:00", "date": "2025-12-07", "hour": 11}}, {"type": "Feature", "geometry": {"type": "Point", "coordinates": [11.5, 54.75]}, "properties": {"value": 5.631, "time": "2025-12-07T11:00:00", "date": "2025-12-07", "hour": 11}}, {"type": "Feature", "geometry": {"type": "Point", "coordinates": [12.0, 54.75]}, "properties": {"value": 6.04, "time": "2025-12-07T11:00:00", "date": "2025-12-07", "hour": 11}}, {"type": "Feature", "geometry": {"type": "Point", "coordinates": [12.25, 54.75]}, "properties": {"value": 6.34, "time": "2025-12-07T11:00:00", "date": "2025-12-07", "hour": 11}}, {"type": "Feature", "geometry": {"type": "Point", "coordinates": [12.5, 54.75]}, "properties": {"value": 6.741, "time": "2025-12-07T11:00:00", "date": "2025-12-07", "hour": 11}}, {"type": "Feature", "geometry": {"type": "Point", "coordinates": [12.75, 54.75]}, "properties": {"value": 6.892, "time": "2025-12-07T11:00:00", "date": "2025-12-07", "hour": 11}}, {"type": "Feature", "geometry": {"type": "Point", "coordinates": [13.0, 54.75]}, "properties": {"value": 6.836, "time": "2025-12-07T11:00:00", "date": "2025-12-07", "hour": 11}}, {"type": "Feature", "geometry": {"type": "Point", "coordinates": [13.25, 54.75]}, "properties": {"value": 6.974, "time": "2025-12-07T11:00:00", "date": "2025-12-07", "hour": 11}}, {"type": "Feature", "geometry": {"type": "Point", "coordinates": [13.5, 54.75]}, "properties": {"value": 6.945, "time": "2025-12-07T11:00:00", "date": "2025-12-07", "hour": 11}}, {"type": "Feature", "geometry": {"type": "Point", "coordinates": [13.75, 54.75]}, "properties": {"value": 6.854, "time": "2025-12-07T11:00:00", "date": "2025-12-07", "hour": 11}}, {"type": "Feature", "geometry": {"type": "Point", "coordinates": [14.0, 54.75]}, "properties": {"value": 6.747, "time": "2025-12-07T11:00:00", "date": "2025-12-07", "hour": 11}}, {"type": "Feature", "geometry": {"type": "Point", "coordinates": [14.25, 54.75]}, "properties": {"value": 6.752, "time": "2025-12-07T11:00:00", "date": "2025-12-07", "hour": 11}}, {"type": "Feature", "geometry": {"type": "Point", "coordinates": [14.5, 54.75]}, "properties": {"value": 7.137, "time": "2025-12-07T11:00:00", "date": "2025-12-07", "hour": 11}}, {"type": "Feature", "geometry": {"type": "Point", "coordinates": [14.75, 54.75]}, "properties": {"value": 7.339, "time": "2025-12-07T11:00:00", "date": "2025-12-07", "hour": 11}}, {"type": "Feature", "geometry": {"type": "Point", "coordinates": [15.0, 54.75]}, "properties": {"value": 7.349, "time": "2025-12-07T11:00:00", "date": "2025-12-07", "hour": 11}}, {"type": "Feature", "geometry": {"type": "Point", "coordinates": [5.0, 55.0]}, "properties": {"value": 10.501, "time": "2025-12-07T11:00:00", "date": "2025-12-07", "hour": 11}}, {"type": "Feature", "geometry": {"type": "Point", "coordinates": [5.25, 55.0]}, "properties": {"value": 10.594, "time": "2025-12-07T11:00:00", "date": "2025-12-07", "hour": 11}}, {"type": "Feature", "geometry": {"type": "Point", "coordinates": [5.5, 55.0]}, "properties": {"value": 10.628, "time": "2025-12-07T11:00:00", "date": "2025-12-07", "hour": 11}}, {"type": "Feature", "geometry": {"type": "Point", "coordinates": [5.75, 55.0]}, "properties": {"value": 10.621, "time": "2025-12-07T11:00:00", "date": "2025-12-07", "hour": 11}}, {"type": "Feature", "geometry": {"type": "Point", "coordinates": [6.0, 55.0]}, "properties": {"value": 10.575, "time": "2025-12-07T11:00:00", "date": "2025-12-07", "hour": 11}}, {"type": "Feature", "geometry": {"type": "Point", "coordinates": [6.25, 55.0]}, "properties": {"value": 10.524, "time": "2025-12-07T11:00:00", "date": "2025-12-07", "hour": 11}}, {"type": "Feature", "geometry": {"type": "Point", "coordinates": [6.5, 55.0]}, "properties": {"value": 10.459, "time": "2025-12-07T11:00:00", "date": "2025-12-07", "hour": 11}}, {"type": "Feature", "geometry": {"type": "Point", "coordinates": [6.75, 55.0]}, "properties": {"value": 10.262, "time": "2025-12-07T11:00:00", "date": "2025-12-07", "hour": 11}}, {"type": "Feature", "geometry": {"type": "Point", "coordinates": [7.0, 55.0]}, "properties": {"value": 10.023, "time": "2025-12-07T11:00:00", "date": "2025-12-07", "hour": 11}}, {"type": "Feature", "geometry": {"type": "Point", "coordinates": [7.25, 55.0]}, "properties": {"value": 9.816, "time": "2025-12-07T11:00:00", "date": "2025-12-07", "hour": 11}}, {"type": "Feature", "geometry": {"type": "Point", "coordinates": [7.5, 55.0]}, "properties": {"value": 9.605, "time": "2025-12-07T11:00:00", "date": "2025-12-07", "hour": 11}}, {"type": "Feature", "geometry": {"type": "Point", "coordinates": [7.75, 55.0]}, "properties": {"value": 8.652, "time": "2025-12-07T11:00:00", "date": "2025-12-07", "hour": 11}}, {"type": "Feature", "geometry": {"type": "Point", "coordinates": [8.0, 55.0]}, "properties": {"value": 7.711, "time": "2025-12-07T11:00:00", "date": "2025-12-07", "hour": 11}}, {"type": "Feature", "geometry": {"type": "Point", "coordinates": [8.25, 55.0]}, "properties": {"value": 6.254, "time": "2025-12-07T11:00:00", "date": "2025-12-07", "hour": 11}}, {"type": "Feature", "geometry": {"type": "Point", "coordinates": [8.5, 55.0]}, "properties": {"value": 5.184, "time": "2025-12-07T11:00:00", "date": "2025-12-07", "hour": 11}}, {"type": "Feature", "geometry": {"type": "Point", "coordinates": [10.25, 55.0]}, "properties": {"value": 5.238, "time": "2025-12-07T11:00:00", "date": "2025-12-07", "hour": 11}}, {"type": "Feature", "geometry": {"type": "Point", "coordinates": [10.5, 55.0]}, "properties": {"value": 5.455, "time": "2025-12-07T11:00:00", "date": "2025-12-07", "hour": 11}}, {"type": "Feature", "geometry": {"type": "Point", "coordinates": [10.75, 55.0]}, "properties": {"value": 5.668, "time": "2025-12-07T11:00:00", "date": "2025-12-07", "hour": 11}}, {"type": "Feature", "geometry": {"type": "Point", "coordinates": [11.0, 55.0]}, "properties": {"value": 5.631, "time": "2025-12-07T11:00:00", "date": "2025-12-07", "hour": 11}}, {"type": "Feature", "geometry": {"type": "Point", "coordinates": [11.25, 55.0]}, "properties": {"value": 5.641, "time": "2025-12-07T11:00:00", "date": "2025-12-07", "hour": 11}}, {"type": "Feature", "geometry": {"type": "Point", "coordinates": [11.5, 55.0]}, "properties": {"value": 5.463, "time": "2025-12-07T11:00:00", "date": "2025-12-07", "hour": 11}}, {"type": "Feature", "geometry": {"type": "Point", "coordinates": [11.75, 55.0]}, "properties": {"value": 5.352, "time": "2025-12-07T11:00:00", "date": "2025-12-07", "hour": 11}}, {"type": "Feature", "geometry": {"type": "Point", "coordinates": [12.0, 55.0]}, "properties": {"value": 5.536, "time": "2025-12-07T11:00:00", "date": "2025-12-07", "hour": 11}}, {"type": "Feature", "geometry": {"type": "Point", "coordinates": [12.25, 55.0]}, "properties": {"value": 5.914, "time": "2025-12-07T11:00:00", "date": "2025-12-07", "hour": 11}}, {"type": "Feature", "geometry": {"type": "Point", "coordinates": [12.5, 55.0]}, "properties": {"value": 6.672, "time": "2025-12-07T11:00:00", "date": "2025-12-07", "hour": 11}}, {"type": "Feature", "geometry": {"type": "Point", "coordinates": [12.75, 55.0]}, "properties": {"value": 6.882, "time": "2025-12-07T11:00:00", "date": "2025-12-07", "hour": 11}}, {"type": "Feature", "geometry": {"type": "Point", "coordinates": [13.0, 55.0]}, "properties": {"value": 7.134, "time": "2025-12-07T11:00:00", "date": "2025-12-07", "hour": 11}}, {"type": "Feature", "geometry": {"type": "Point", "coordinates": [13.25, 55.0]}, "properties": {"value": 7.271, "time": "2025-12-07T11:00:00", "date": "2025-12-07", "hour": 11}}, {"type": "Feature", "geometry": {"type": "Point", "coordinates": [13.5, 55.0]}, "properties": {"value": 7.294, "time": "2025-12-07T11:00:00", "date": "2025-12-07", "hour": 11}}, {"type": "Feature", "geometry": {"type": "Point", "coordinates": [13.75, 55.0]}, "properties": {"value": 7.401, "time": "2025-12-07T11:00:00", "date": "2025-12-07", "hour": 11}}, {"type": "Feature", "geometry": {"type": "Point", "coordinates": [14.0, 55.0]}, "properties": {"value": 7.335, "time": "2025-12-07T11:00:00", "date": "2025-12-07", "hour": 11}}, {"type": "Feature", "geometry": {"type": "Point", "coordinates": [14.25, 55.0]}, "properties": {"value": 7.27, "time": "2025-12-07T11:00:00", "date": "2025-12-07", "hour": 11}}, {"type": "Feature", "geometry": {"type": "Point", "coordinates": [14.5, 55.0]}, "properties": {"value": 7.175, "time": "2025-12-07T11:00:00", "date": "2025-12-07", "hour": 11}}, {"type": "Feature", "geometry": {"type": "Point", "coordinates": [14.75, 55.0]}, "properties": {"value": 7.097, "time": "2025-12-07T11:00:00", "date": "2025-12-07", "hour": 11}}, {"type": "Feature", "geometry": {"type": "Point", "coordinates": [15.0, 55.0]}, "properties": {"value": 6.994, "time": "2025-12-07T11:00:00", "date": "2025-12-07", "hour": 11}}, {"type": "Feature", "geometry": {"type": "Point", "coordinates": [5.25, 52.75]}, "properties": {"value": 6.147, "time": "2025-12-07T12:00:00", "date": "2025-12-07", "hour": 12}}, {"type": "Feature", "geometry": {"type": "Point", "coordinates": [5.5, 52.75]}, "properties": {"value": 6.16, "time": "2025-12-07T12:00:00", "date": "2025-12-07", "hour": 12}}, {"type": "Feature", "geometry": {"type": "Point", "coordinates": [5.0, 53.0]}, "properties": {"value": 7.171, "time": "2025-12-07T12:00:00", "date": "2025-12-07", "hour": 12}}, {"type": "Feature", "geometry": {"type": "Point", "coordinates": [5.25, 53.0]}, "properties": {"value": 6.439, "time": "2025-12-07T12:00:00", "date": "2025-12-07", "hour": 12}}, {"type": "Feature", "geometry": {"type": "Point", "coordinates": [5.5, 53.0]}, "properties": {"value": 5.924, "time": "2025-12-07T12:00:00", "date": "2025-12-07", "hour": 12}}, {"type": "Feature", "geometry": {"type": "Point", "coordinates": [5.0, 53.25]}, "properties": {"value": 7.865, "time": "2025-12-07T12:00:00", "date": "2025-12-07", "hour": 12}}, {"type": "Feature", "geometry": {"type": "Point", "coordinates": [5.25, 53.25]}, "properties": {"value": 6.932, "time": "2025-12-07T12:00:00", "date": "2025-12-07", "hour": 12}}, {"type": "Feature", "geometry": {"type": "Point", "coordinates": [5.5, 53.25]}, "properties": {"value": 6.369, "time": "2025-12-07T12:00:00", "date": "2025-12-07", "hour": 12}}, {"type": "Feature", "geometry": {"type": "Point", "coordinates": [5.0, 53.5]}, "properties": {"value": 9.501, "time": "2025-12-07T12:00:00", "date": "2025-12-07", "hour": 12}}, {"type": "Feature", "geometry": {"type": "Point", "coordinates": [5.25, 53.5]}, "properties": {"value": 8.861, "time": "2025-12-07T12:00:00", "date": "2025-12-07", "hour": 12}}, {"type": "Feature", "geometry": {"type": "Point", "coordinates": [5.5, 53.5]}, "properties": {"value": 8.653, "time": "2025-12-07T12:00:00", "date": "2025-12-07", "hour": 12}}, {"type": "Feature", "geometry": {"type": "Point", "coordinates": [5.75, 53.5]}, "properties": {"value": 8.293, "time": "2025-12-07T12:00:00", "date": "2025-12-07", "hour": 12}}, {"type": "Feature", "geometry": {"type": "Point", "coordinates": [6.0, 53.5]}, "properties": {"value": 7.801, "time": "2025-12-07T12:00:00", "date": "2025-12-07", "hour": 12}}, {"type": "Feature", "geometry": {"type": "Point", "coordinates": [6.25, 53.5]}, "properties": {"value": 7.239, "time": "2025-12-07T12:00:00", "date": "2025-12-07", "hour": 12}}, {"type": "Feature", "geometry": {"type": "Point", "coordinates": [6.5, 53.5]}, "properties": {"value": 6.941, "time": "2025-12-07T12:00:00", "date": "2025-12-07", "hour": 12}}, {"type": "Feature", "geometry": {"type": "Point", "coordinates": [6.75, 53.5]}, "properties": {"value": 6.41, "time": "2025-12-07T12:00:00", "date": "2025-12-07", "hour": 12}}, {"type": "Feature", "geometry": {"type": "Point", "coordinates": [5.0, 53.75]}, "properties": {"value": 10.179, "time": "2025-12-07T12:00:00", "date": "2025-12-07", "hour": 12}}, {"type": "Feature", "geometry": {"type": "Point", "coordinates": [5.25, 53.75]}, "properties": {"value": 9.873, "time": "2025-12-07T12:00:00", "date": "2025-12-07", "hour": 12}}, {"type": "Feature", "geometry": {"type": "Point", "coordinates": [5.5, 53.75]}, "properties": {"value": 9.645, "time": "2025-12-07T12:00:00", "date": "2025-12-07", "hour": 12}}, {"type": "Feature", "geometry": {"type": "Point", "coordinates": [5.75, 53.75]}, "properties": {"value": 9.381, "time": "2025-12-07T12:00:00", "date": "2025-12-07", "hour": 12}}, {"type": "Feature", "geometry": {"type": "Point", "coordinates": [6.0, 53.75]}, "properties": {"value": 8.995, "time": "2025-12-07T12:00:00", "date": "2025-12-07", "hour": 12}}, {"type": "Feature", "geometry": {"type": "Point", "coordinates": [6.25, 53.75]}, "properties": {"value": 8.739, "time": "2025-12-07T12:00:00", "date": "2025-12-07", "hour": 12}}, {"type": "Feature", "geometry": {"type": "Point", "coordinates": [6.5, 53.75]}, "properties": {"value": 8.275, "time": "2025-12-07T12:00:00", "date": "2025-12-07", "hour": 12}}, {"type": "Feature", "geometry": {"type": "Point", "coordinates": [6.75, 53.75]}, "properties": {"value": 7.785, "time": "2025-12-07T12:00:00", "date": "2025-12-07", "hour": 12}}, {"type": "Feature", "geometry": {"type": "Point", "coordinates": [7.0, 53.75]}, "properties": {"value": 7.909, "time": "2025-12-07T12:00:00", "date": "2025-12-07", "hour": 12}}, {"type": "Feature", "geometry": {"type": "Point", "coordinates": [7.25, 53.75]}, "properties": {"value": 7.525, "time": "2025-12-07T12:00:00", "date": "2025-12-07", "hour": 12}}, {"type": "Feature", "geometry": {"type": "Point", "coordinates": [7.5, 53.75]}, "properties": {"value": 7.782, "time": "2025-12-07T12:00:00", "date": "2025-12-07", "hour": 12}}, {"type": "Feature", "geometry": {"type": "Point", "coordinates": [7.75, 53.75]}, "properties": {"value": 7.825, "time": "2025-12-07T12:00:00", "date": "2025-12-07", "hour": 12}}, {"type": "Feature", "geometry": {"type": "Point", "coordinates": [8.0, 53.75]}, "properties": {"value": 7.579, "time": "2025-12-07T12:00:00", "date": "2025-12-07", "hour": 12}}, {"type": "Feature", "geometry": {"type": "Point", "coordinates": [8.25, 53.75]}, "properties": {"value": 6.981, "time": "2025-12-07T12:00:00", "date": "2025-12-07", "hour": 12}}, {"type": "Feature", "geometry": {"type": "Point", "coordinates": [8.5, 53.75]}, "properties": {"value": 6.347, "time": "2025-12-07T12:00:00", "date": "2025-12-07", "hour": 12}}, {"type": "Feature", "geometry": {"type": "Point", "coordinates": [8.75, 53.75]}, "properties": {"value": 6.347, "time": "2025-12-07T12:00:00", "date": "2025-12-07", "hour": 12}}, {"type": "Feature", "geometry": {"type": "Point", "coordinates": [14.25, 53.75]}, "properties": {"value": 2.389, "time": "2025-12-07T12:00:00", "date": "2025-12-07", "hour": 12}}, {"type": "Feature", "geometry": {"type": "Point", "coordinates": [14.5, 53.75]}, "properties": {"value": 2.389, "time": "2025-12-07T12:00:00", "date": "2025-12-07", "hour": 12}}, {"type": "Feature", "geometry": {"type": "Point", "coordinates": [5.0, 54.0]}, "properties": {"value": 10.438, "time": "2025-12-07T12:00:00", "date": "2025-12-07", "hour": 12}}, {"type": "Feature", "geometry": {"type": "Point", "coordinates": [5.25, 54.0]}, "properties": {"value": 10.368, "time": "2025-12-07T12:00:00", "date": "2025-12-07", "hour": 12}}, {"type": "Feature", "geometry": {"type": "Point", "coordinates": [5.5, 54.0]}, "properties": {"value": 10.141, "time": "2025-12-07T12:00:00", "date": "2025-12-07", "hour": 12}}, {"type": "Feature", "geometry": {"type": "Point", "coordinates": [5.75, 54.0]}, "properties": {"value": 9.927, "time": "2025-12-07T12:00:00", "date": "2025-12-07", "hour": 12}}, {"type": "Feature", "geometry": {"type": "Point", "coordinates": [6.0, 54.0]}, "properties": {"value": 9.776, "time": "2025-12-07T12:00:00", "date": "2025-12-07", "hour": 12}}, {"type": "Feature", "geometry": {"type": "Point", "coordinates": [6.25, 54.0]}, "properties": {"value": 9.597, "time": "2025-12-07T12:00:00", "date": "2025-12-07", "hour": 12}}, {"type": "Feature", "geometry": {"type": "Point", "coordinates": [6.5, 54.0]}, "properties": {"value": 9.186, "time": "2025-12-07T12:00:00", "date": "2025-12-07", "hour": 12}}, {"type": "Feature", "geometry": {"type": "Point", "coordinates": [6.75, 54.0]}, "properties": {"value": 8.976, "time": "2025-12-07T12:00:00", "date": "2025-12-07", "hour": 12}}, {"type": "Feature", "geometry": {"type": "Point", "coordinates": [7.0, 54.0]}, "properties": {"value": 8.887, "time": "2025-12-07T12:00:00", "date": "2025-12-07", "hour": 12}}, {"type": "Feature", "geometry": {"type": "Point", "coordinates": [7.25, 54.0]}, "properties": {"value": 8.651, "time": "2025-12-07T12:00:00", "date": "2025-12-07", "hour": 12}}, {"type": "Feature", "geometry": {"type": "Point", "coordinates": [7.5, 54.0]}, "properties": {"value": 8.716, "time": "2025-12-07T12:00:00", "date": "2025-12-07", "hour": 12}}, {"type": "Feature", "geometry": {"type": "Point", "coordinates": [7.75, 54.0]}, "properties": {"value": 8.667, "time": "2025-12-07T12:00:00", "date": "2025-12-07", "hour": 12}}, {"type": "Feature", "geometry": {"type": "Point", "coordinates": [8.0, 54.0]}, "properties": {"value": 8.566, "time": "2025-12-07T12:00:00", "date": "2025-12-07", "hour": 12}}, {"type": "Feature", "geometry": {"type": "Point", "coordinates": [8.25, 54.0]}, "properties": {"value": 8.113, "time": "2025-12-07T12:00:00", "date": "2025-12-07", "hour": 12}}, {"type": "Feature", "geometry": {"type": "Point", "coordinates": [8.5, 54.0]}, "properties": {"value": 6.776, "time": "2025-12-07T12:00:00", "date": "2025-12-07", "hour": 12}}, {"type": "Feature", "geometry": {"type": "Point", "coordinates": [11.25, 54.0]}, "properties": {"value": 5.168, "time": "2025-12-07T12:00:00", "date": "2025-12-07", "hour": 12}}, {"type": "Feature", "geometry": {"type": "Point", "coordinates": [14.0, 54.0]}, "properties": {"value": 3.979, "time": "2025-12-07T12:00:00", "date": "2025-12-07", "hour": 12}}, {"type": "Feature", "geometry": {"type": "Point", "coordinates": [14.25, 54.0]}, "properties": {"value": 4.777, "time": "2025-12-07T12:00:00", "date": "2025-12-07", "hour": 12}}, {"type": "Feature", "geometry": {"type": "Point", "coordinates": [14.5, 54.0]}, "properties": {"value": 4.438, "time": "2025-12-07T12:00:00", "date": "2025-12-07", "hour": 12}}, {"type": "Feature", "geometry": {"type": "Point", "coordinates": [14.75, 54.0]}, "properties": {"value": 4.948, "time": "2025-12-07T12:00:00", "date": "2025-12-07", "hour": 12}}, {"type": "Feature", "geometry": {"type": "Point", "coordinates": [5.0, 54.25]}, "properties": {"value": 10.514, "time": "2025-12-07T12:00:00", "date": "2025-12-07", "hour": 12}}, {"type": "Feature", "geometry": {"type": "Point", "coordinates": [5.25, 54.25]}, "properties": {"value": 10.461, "time": "2025-12-07T12:00:00", "date": "2025-12-07", "hour": 12}}, {"type": "Feature", "geometry": {"type": "Point", "coordinates": [5.5, 54.25]}, "properties": {"value": 10.37, "time": "2025-12-07T12:00:00", "date": "2025-12-07", "hour": 12}}, {"type": "Feature", "geometry": {"type": "Point", "coordinates": [5.75, 54.25]}, "properties": {"value": 10.193, "time": "2025-12-07T12:00:00", "date": "2025-12-07", "hour": 12}}, {"type": "Feature", "geometry": {"type": "Point", "coordinates": [6.0, 54.25]}, "properties": {"value": 10.126, "time": "2025-12-07T12:00:00", "date": "2025-12-07", "hour": 12}}, {"type": "Feature", "geometry": {"type": "Point", "coordinates": [6.25, 54.25]}, "properties": {"value": 10.002, "time": "2025-12-07T12:00:00", "date": "2025-12-07", "hour": 12}}, {"type": "Feature", "geometry": {"type": "Point", "coordinates": [6.5, 54.25]}, "properties": {"value": 9.844, "time": "2025-12-07T12:00:00", "date": "2025-12-07", "hour": 12}}, {"type": "Feature", "geometry": {"type": "Point", "coordinates": [6.75, 54.25]}, "properties": {"value": 9.685, "time": "2025-12-07T12:00:00", "date": "2025-12-07", "hour": 12}}, {"type": "Feature", "geometry": {"type": "Point", "coordinates": [7.0, 54.25]}, "properties": {"value": 9.6, "time": "2025-12-07T12:00:00", "date": "2025-12-07", "hour": 12}}, {"type": "Feature", "geometry": {"type": "Point", "coordinates": [7.25, 54.25]}, "properties": {"value": 9.517, "time": "2025-12-07T12:00:00", "date": "2025-12-07", "hour": 12}}, {"type": "Feature", "geometry": {"type": "Point", "coordinates": [7.5, 54.25]}, "properties": {"value": 9.463, "time": "2025-12-07T12:00:00", "date": "2025-12-07", "hour": 12}}, {"type": "Feature", "geometry": {"type": "Point", "coordinates": [7.75, 54.25]}, "properties": {"value": 9.033, "time": "2025-12-07T12:00:00", "date": "2025-12-07", "hour": 12}}, {"type": "Feature", "geometry": {"type": "Point", "coordinates": [8.0, 54.25]}, "properties": {"value": 8.815, "time": "2025-12-07T12:00:00", "date": "2025-12-07", "hour": 12}}, {"type": "Feature", "geometry": {"type": "Point", "coordinates": [8.25, 54.25]}, "properties": {"value": 7.76, "time": "2025-12-07T12:00:00", "date": "2025-12-07", "hour": 12}}, {"type": "Feature", "geometry": {"type": "Point", "coordinates": [8.5, 54.25]}, "properties": {"value": 6.486, "time": "2025-12-07T12:00:00", "date": "2025-12-07", "hour": 12}}, {"type": "Feature", "geometry": {"type": "Point", "coordinates": [10.75, 54.25]}, "properties": {"value": 5.775, "time": "2025-12-07T12:00:00", "date": "2025-12-07", "hour": 12}}, {"type": "Feature", "geometry": {"type": "Point", "coordinates": [11.25, 54.25]}, "properties": {"value": 5.602, "time": "2025-12-07T12:00:00", "date": "2025-12-07", "hour": 12}}, {"type": "Feature", "geometry": {"type": "Point", "coordinates": [11.75, 54.25]}, "properties": {"value": 6.159, "time": "2025-12-07T12:00:00", "date": "2025-12-07", "hour": 12}}, {"type": "Feature", "geometry": {"type": "Point", "coordinates": [12.25, 54.25]}, "properties": {"value": 6.117, "time": "2025-12-07T12:00:00", "date": "2025-12-07", "hour": 12}}, {"type": "Feature", "geometry": {"type": "Point", "coordinates": [13.75, 54.25]}, "properties": {"value": 4.522, "time": "2025-12-07T12:00:00", "date": "2025-12-07", "hour": 12}}, {"type": "Feature", "geometry": {"type": "Point", "coordinates": [14.0, 54.25]}, "properties": {"value": 4.784, "time": "2025-12-07T12:00:00", "date": "2025-12-07", "hour": 12}}, {"type": "Feature", "geometry": {"type": "Point", "coordinates": [14.25, 54.25]}, "properties": {"value": 5.295, "time": "2025-12-07T12:00:00", "date": "2025-12-07", "hour": 12}}, {"type": "Feature", "geometry": {"type": "Point", "coordinates": [14.5, 54.25]}, "properties": {"value": 5.434, "time": "2025-12-07T12:00:00", "date": "2025-12-07", "hour": 12}}, {"type": "Feature", "geometry": {"type": "Point", "coordinates": [14.75, 54.25]}, "properties": {"value": 5.709, "time": "2025-12-07T12:00:00", "date": "2025-12-07", "hour": 12}}, {"type": "Feature", "geometry": {"type": "Point", "coordinates": [15.0, 54.25]}, "properties": {"value": 6.474, "time": "2025-12-07T12:00:00", "date": "2025-12-07", "hour": 12}}, {"type": "Feature", "geometry": {"type": "Point", "coordinates": [5.0, 54.5]}, "properties": {"value": 10.537, "time": "2025-12-07T12:00:00", "date": "2025-12-07", "hour": 12}}, {"type": "Feature", "geometry": {"type": "Point", "coordinates": [5.25, 54.5]}, "properties": {"value": 10.545, "time": "2025-12-07T12:00:00", "date": "2025-12-07", "hour": 12}}, {"type": "Feature", "geometry": {"type": "Point", "coordinates": [5.5, 54.5]}, "properties": {"value": 10.5, "time": "2025-12-07T12:00:00", "date": "2025-12-07", "hour": 12}}, {"type": "Feature", "geometry": {"type": "Point", "coordinates": [5.75, 54.5]}, "properties": {"value": 10.423, "time": "2025-12-07T12:00:00", "date": "2025-12-07", "hour": 12}}, {"type": "Feature", "geometry": {"type": "Point", "coordinates": [6.0, 54.5]}, "properties": {"value": 10.375, "time": "2025-12-07T12:00:00", "date": "2025-12-07", "hour": 12}}, {"type": "Feature", "geometry": {"type": "Point", "coordinates": [6.25, 54.5]}, "properties": {"value": 10.318, "time": "2025-12-07T12:00:00", "date": "2025-12-07", "hour": 12}}, {"type": "Feature", "geometry": {"type": "Point", "coordinates": [6.5, 54.5]}, "properties": {"value": 10.188, "time": "2025-12-07T12:00:00", "date": "2025-12-07", "hour": 12}}, {"type": "Feature", "geometry": {"type": "Point", "coordinates": [6.75, 54.5]}, "properties": {"value": 10.09, "time": "2025-12-07T12:00:00", "date": "2025-12-07", "hour": 12}}, {"type": "Feature", "geometry": {"type": "Point", "coordinates": [7.0, 54.5]}, "properties": {"value": 9.96, "time": "2025-12-07T12:00:00", "date": "2025-12-07", "hour": 12}}, {"type": "Feature", "geometry": {"type": "Point", "coordinates": [7.25, 54.5]}, "properties": {"value": 9.758, "time": "2025-12-07T12:00:00", "date": "2025-12-07", "hour": 12}}, {"type": "Feature", "geometry": {"type": "Point", "coordinates": [7.5, 54.5]}, "properties": {"value": 9.68, "time": "2025-12-07T12:00:00", "date": "2025-12-07", "hour": 12}}, {"type": "Feature", "geometry": {"type": "Point", "coordinates": [7.75, 54.5]}, "properties": {"value": 9.1, "time": "2025-12-07T12:00:00", "date": "2025-12-07", "hour": 12}}, {"type": "Feature", "geometry": {"type": "Point", "coordinates": [8.0, 54.5]}, "properties": {"value": 7.947, "time": "2025-12-07T12:00:00", "date": "2025-12-07", "hour": 12}}, {"type": "Feature", "geometry": {"type": "Point", "coordinates": [8.25, 54.5]}, "properties": {"value": 6.944, "time": "2025-12-07T12:00:00", "date": "2025-12-07", "hour": 12}}, {"type": "Feature", "geometry": {"type": "Point", "coordinates": [8.5, 54.5]}, "properties": {"value": 6.008, "time": "2025-12-07T12:00:00", "date": "2025-12-07", "hour": 12}}, {"type": "Feature", "geometry": {"type": "Point", "coordinates": [10.5, 54.5]}, "properties": {"value": 5.923, "time": "2025-12-07T12:00:00", "date": "2025-12-07", "hour": 12}}, {"type": "Feature", "geometry": {"type": "Point", "coordinates": [10.75, 54.5]}, "properties": {"value": 5.939, "time": "2025-12-07T12:00:00", "date": "2025-12-07", "hour": 12}}, {"type": "Feature", "geometry": {"type": "Point", "coordinates": [11.0, 54.5]}, "properties": {"value": 5.803, "time": "2025-12-07T12:00:00", "date": "2025-12-07", "hour": 12}}, {"type": "Feature", "geometry": {"type": "Point", "coordinates": [11.25, 54.5]}, "properties": {"value": 5.907, "time": "2025-12-07T12:00:00", "date": "2025-12-07", "hour": 12}}, {"type": "Feature", "geometry": {"type": "Point", "coordinates": [11.5, 54.5]}, "properties": {"value": 6.007, "time": "2025-12-07T12:00:00", "date": "2025-12-07", "hour": 12}}, {"type": "Feature", "geometry": {"type": "Point", "coordinates": [11.75, 54.5]}, "properties": {"value": 6.186, "time": "2025-12-07T12:00:00", "date": "2025-12-07", "hour": 12}}, {"type": "Feature", "geometry": {"type": "Point", "coordinates": [12.0, 54.5]}, "properties": {"value": 6.258, "time": "2025-12-07T12:00:00", "date": "2025-12-07", "hour": 12}}, {"type": "Feature", "geometry": {"type": "Point", "coordinates": [12.25, 54.5]}, "properties": {"value": 6.26, "time": "2025-12-07T12:00:00", "date": "2025-12-07", "hour": 12}}, {"type": "Feature", "geometry": {"type": "Point", "coordinates": [13.0, 54.5]}, "properties": {"value": 6.794, "time": "2025-12-07T12:00:00", "date": "2025-12-07", "hour": 12}}, {"type": "Feature", "geometry": {"type": "Point", "coordinates": [13.25, 54.5]}, "properties": {"value": 6.152, "time": "2025-12-07T12:00:00", "date": "2025-12-07", "hour": 12}}, {"type": "Feature", "geometry": {"type": "Point", "coordinates": [13.5, 54.5]}, "properties": {"value": 5.82, "time": "2025-12-07T12:00:00", "date": "2025-12-07", "hour": 12}}, {"type": "Feature", "geometry": {"type": "Point", "coordinates": [13.75, 54.5]}, "properties": {"value": 5.728, "time": "2025-12-07T12:00:00", "date": "2025-12-07", "hour": 12}}, {"type": "Feature", "geometry": {"type": "Point", "coordinates": [14.0, 54.5]}, "properties": {"value": 5.939, "time": "2025-12-07T12:00:00", "date": "2025-12-07", "hour": 12}}, {"type": "Feature", "geometry": {"type": "Point", "coordinates": [14.25, 54.5]}, "properties": {"value": 6.117, "time": "2025-12-07T12:00:00", "date": "2025-12-07", "hour": 12}}, {"type": "Feature", "geometry": {"type": "Point", "coordinates": [14.5, 54.5]}, "properties": {"value": 6.426, "time": "2025-12-07T12:00:00", "date": "2025-12-07", "hour": 12}}, {"type": "Feature", "geometry": {"type": "Point", "coordinates": [14.75, 54.5]}, "properties": {"value": 6.671, "time": "2025-12-07T12:00:00", "date": "2025-12-07", "hour": 12}}, {"type": "Feature", "geometry": {"type": "Point", "coordinates": [15.0, 54.5]}, "properties": {"value": 7.412, "time": "2025-12-07T12:00:00", "date": "2025-12-07", "hour": 12}}, {"type": "Feature", "geometry": {"type": "Point", "coordinates": [5.0, 54.75]}, "properties": {"value": 10.535, "time": "2025-12-07T12:00:00", "date": "2025-12-07", "hour": 12}}, {"type": "Feature", "geometry": {"type": "Point", "coordinates": [5.25, 54.75]}, "properties": {"value": 10.543, "time": "2025-12-07T12:00:00", "date": "2025-12-07", "hour": 12}}, {"type": "Feature", "geometry": {"type": "Point", "coordinates": [5.5, 54.75]}, "properties": {"value": 10.564, "time": "2025-12-07T12:00:00", "date": "2025-12-07", "hour": 12}}, {"type": "Feature", "geometry": {"type": "Point", "coordinates": [5.75, 54.75]}, "properties": {"value": 10.557, "time": "2025-12-07T12:00:00", "date": "2025-12-07", "hour": 12}}, {"type": "Feature", "geometry": {"type": "Point", "coordinates": [6.0, 54.75]}, "properties": {"value": 10.525, "time": "2025-12-07T12:00:00", "date": "2025-12-07", "hour": 12}}, {"type": "Feature", "geometry": {"type": "Point", "coordinates": [6.25, 54.75]}, "properties": {"value": 10.467, "time": "2025-12-07T12:00:00", "date": "2025-12-07", "hour": 12}}, {"type": "Feature", "geometry": {"type": "Point", "coordinates": [6.5, 54.75]}, "properties": {"value": 10.396, "time": "2025-12-07T12:00:00", "date": "2025-12-07", "hour": 12}}, {"type": "Feature", "geometry": {"type": "Point", "coordinates": [6.75, 54.75]}, "properties": {"value": 10.212, "time": "2025-12-07T12:00:00", "date": "2025-12-07", "hour": 12}}, {"type": "Feature", "geometry": {"type": "Point", "coordinates": [7.0, 54.75]}, "properties": {"value": 10.06, "time": "2025-12-07T12:00:00", "date": "2025-12-07", "hour": 12}}, {"type": "Feature", "geometry": {"type": "Point", "coordinates": [7.25, 54.75]}, "properties": {"value": 9.85, "time": "2025-12-07T12:00:00", "date": "2025-12-07", "hour": 12}}, {"type": "Feature", "geometry": {"type": "Point", "coordinates": [7.5, 54.75]}, "properties": {"value": 9.634, "time": "2025-12-07T12:00:00", "date": "2025-12-07", "hour": 12}}, {"type": "Feature", "geometry": {"type": "Point", "coordinates": [7.75, 54.75]}, "properties": {"value": 8.565, "time": "2025-12-07T12:00:00", "date": "2025-12-07", "hour": 12}}, {"type": "Feature", "geometry": {"type": "Point", "coordinates": [8.0, 54.75]}, "properties": {"value": 7.371, "time": "2025-12-07T12:00:00", "date": "2025-12-07", "hour": 12}}, {"type": "Feature", "geometry": {"type": "Point", "coordinates": [8.25, 54.75]}, "properties": {"value": 6.455, "time": "2025-12-07T12:00:00", "date": "2025-12-07", "hour": 12}}, {"type": "Feature", "geometry": {"type": "Point", "coordinates": [8.5, 54.75]}, "properties": {"value": 5.504, "time": "2025-12-07T12:00:00", "date": "2025-12-07", "hour": 12}}, {"type": "Feature", "geometry": {"type": "Point", "coordinates": [10.25, 54.75]}, "properties": {"value": 5.886, "time": "2025-12-07T12:00:00", "date": "2025-12-07", "hour": 12}}, {"type": "Feature", "geometry": {"type": "Point", "coordinates": [10.5, 54.75]}, "properties": {"value": 5.945, "time": "2025-12-07T12:00:00", "date": "2025-12-07", "hour": 12}}, {"type": "Feature", "geometry": {"type": "Point", "coordinates": [10.75, 54.75]}, "properties": {"value": 6.005, "time": "2025-12-07T12:00:00", "date": "2025-12-07", "hour": 12}}, {"type": "Feature", "geometry": {"type": "Point", "coordinates": [11.0, 54.75]}, "properties": {"value": 5.849, "time": "2025-12-07T12:00:00", "date": "2025-12-07", "hour": 12}}, {"type": "Feature", "geometry": {"type": "Point", "coordinates": [11.25, 54.75]}, "properties": {"value": 5.778, "time": "2025-12-07T12:00:00", "date": "2025-12-07", "hour": 12}}, {"type": "Feature", "geometry": {"type": "Point", "coordinates": [11.5, 54.75]}, "properties": {"value": 5.631, "time": "2025-12-07T12:00:00", "date": "2025-12-07", "hour": 12}}, {"type": "Feature", "geometry": {"type": "Point", "coordinates": [12.0, 54.75]}, "properties": {"value": 6.04, "time": "2025-12-07T12:00:00", "date": "2025-12-07", "hour": 12}}, {"type": "Feature", "geometry": {"type": "Point", "coordinates": [12.25, 54.75]}, "properties": {"value": 6.34, "time": "2025-12-07T12:00:00", "date": "2025-12-07", "hour": 12}}, {"type": "Feature", "geometry": {"type": "Point", "coordinates": [12.5, 54.75]}, "properties": {"value": 6.741, "time": "2025-12-07T12:00:00", "date": "2025-12-07", "hour": 12}}, {"type": "Feature", "geometry": {"type": "Point", "coordinates": [12.75, 54.75]}, "properties": {"value": 6.892, "time": "2025-12-07T12:00:00", "date": "2025-12-07", "hour": 12}}, {"type": "Feature", "geometry": {"type": "Point", "coordinates": [13.0, 54.75]}, "properties": {"value": 6.836, "time": "2025-12-07T12:00:00", "date": "2025-12-07", "hour": 12}}, {"type": "Feature", "geometry": {"type": "Point", "coordinates": [13.25, 54.75]}, "properties": {"value": 6.974, "time": "2025-12-07T12:00:00", "date": "2025-12-07", "hour": 12}}, {"type": "Feature", "geometry": {"type": "Point", "coordinates": [13.5, 54.75]}, "properties": {"value": 6.945, "time": "2025-12-07T12:00:00", "date": "2025-12-07", "hour": 12}}, {"type": "Feature", "geometry": {"type": "Point", "coordinates": [13.75, 54.75]}, "properties": {"value": 6.854, "time": "2025-12-07T12:00:00", "date": "2025-12-07", "hour": 12}}, {"type": "Feature", "geometry": {"type": "Point", "coordinates": [14.0, 54.75]}, "properties": {"value": 6.747, "time": "2025-12-07T12:00:00", "date": "2025-12-07", "hour": 12}}, {"type": "Feature", "geometry": {"type": "Point", "coordinates": [14.25, 54.75]}, "properties": {"value": 6.752, "time": "2025-12-07T12:00:00", "date": "2025-12-07", "hour": 12}}, {"type": "Feature", "geometry": {"type": "Point", "coordinates": [14.5, 54.75]}, "properties": {"value": 7.137, "time": "2025-12-07T12:00:00", "date": "2025-12-07", "hour": 12}}, {"type": "Feature", "geometry": {"type": "Point", "coordinates": [14.75, 54.75]}, "properties": {"value": 7.339, "time": "2025-12-07T12:00:00", "date": "2025-12-07", "hour": 12}}, {"type": "Feature", "geometry": {"type": "Point", "coordinates": [15.0, 54.75]}, "properties": {"value": 7.349, "time": "2025-12-07T12:00:00", "date": "2025-12-07", "hour": 12}}, {"type": "Feature", "geometry": {"type": "Point", "coordinates": [5.0, 55.0]}, "properties": {"value": 10.501, "time": "2025-12-07T12:00:00", "date": "2025-12-07", "hour": 12}}, {"type": "Feature", "geometry": {"type": "Point", "coordinates": [5.25, 55.0]}, "properties": {"value": 10.594, "time": "2025-12-07T12:00:00", "date": "2025-12-07", "hour": 12}}, {"type": "Feature", "geometry": {"type": "Point", "coordinates": [5.5, 55.0]}, "properties": {"value": 10.628, "time": "2025-12-07T12:00:00", "date": "2025-12-07", "hour": 12}}, {"type": "Feature", "geometry": {"type": "Point", "coordinates": [5.75, 55.0]}, "properties": {"value": 10.621, "time": "2025-12-07T12:00:00", "date": "2025-12-07", "hour": 12}}, {"type": "Feature", "geometry": {"type": "Point", "coordinates": [6.0, 55.0]}, "properties": {"value": 10.575, "time": "2025-12-07T12:00:00", "date": "2025-12-07", "hour": 12}}, {"type": "Feature", "geometry": {"type": "Point", "coordinates": [6.25, 55.0]}, "properties": {"value": 10.524, "time": "2025-12-07T12:00:00", "date": "2025-12-07", "hour": 12}}, {"type": "Feature", "geometry": {"type": "Point", "coordinates": [6.5, 55.0]}, "properties": {"value": 10.459, "time": "2025-12-07T12:00:00", "date": "2025-12-07", "hour": 12}}, {"type": "Feature", "geometry": {"type": "Point", "coordinates": [6.75, 55.0]}, "properties": {"value": 10.262, "time": "2025-12-07T12:00:00", "date": "2025-12-07", "hour": 12}}, {"type": "Feature", "geometry": {"type": "Point", "coordinates": [7.0, 55.0]}, "properties": {"value": 10.023, "time": "2025-12-07T12:00:00", "date": "2025-12-07", "hour": 12}}, {"type": "Feature", "geometry": {"type": "Point", "coordinates": [7.25, 55.0]}, "properties": {"value": 9.816, "time": "2025-12-07T12:00:00", "date": "2025-12-07", "hour": 12}}, {"type": "Feature", "geometry": {"type": "Point", "coordinates": [7.5, 55.0]}, "properties": {"value": 9.605, "time": "2025-12-07T12:00:00", "date": "2025-12-07", "hour": 12}}, {"type": "Feature", "geometry": {"type": "Point", "coordinates": [7.75, 55.0]}, "properties": {"value": 8.652, "time": "2025-12-07T12:00:00", "date": "2025-12-07", "hour": 12}}, {"type": "Feature", "geometry": {"type": "Point", "coordinates": [8.0, 55.0]}, "properties": {"value": 7.711, "time": "2025-12-07T12:00:00", "date": "2025-12-07", "hour": 12}}, {"type": "Feature", "geometry": {"type": "Point", "coordinates": [8.25, 55.0]}, "properties": {"value": 6.254, "time": "2025-12-07T12:00:00", "date": "2025-12-07", "hour": 12}}, {"type": "Feature", "geometry": {"type": "Point", "coordinates": [8.5, 55.0]}, "properties": {"value": 5.184, "time": "2025-12-07T12:00:00", "date": "2025-12-07", "hour": 12}}, {"type": "Feature", "geometry": {"type": "Point", "coordinates": [10.25, 55.0]}, "properties": {"value": 5.238, "time": "2025-12-07T12:00:00", "date": "2025-12-07", "hour": 12}}, {"type": "Feature", "geometry": {"type": "Point", "coordinates": [10.5, 55.0]}, "properties": {"value": 5.455, "time": "2025-12-07T12:00:00", "date": "2025-12-07", "hour": 12}}, {"type": "Feature", "geometry": {"type": "Point", "coordinates": [10.75, 55.0]}, "properties": {"value": 5.668, "time": "2025-12-07T12:00:00", "date": "2025-12-07", "hour": 12}}, {"type": "Feature", "geometry": {"type": "Point", "coordinates": [11.0, 55.0]}, "properties": {"value": 5.631, "time": "2025-12-07T12:00:00", "date": "2025-12-07", "hour": 12}}, {"type": "Feature", "geometry": {"type": "Point", "coordinates": [11.25, 55.0]}, "properties": {"value": 5.641, "time": "2025-12-07T12:00:00", "date": "2025-12-07", "hour": 12}}, {"type": "Feature", "geometry": {"type": "Point", "coordinates": [11.5, 55.0]}, "properties": {"value": 5.463, "time": "2025-12-07T12:00:00", "date": "2025-12-07", "hour": 12}}, {"type": "Feature", "geometry": {"type": "Point", "coordinates": [11.75, 55.0]}, "properties": {"value": 5.352, "time": "2025-12-07T12:00:00", "date": "2025-12-07", "hour": 12}}, {"type": "Feature", "geometry": {"type": "Point", "coordinates": [12.0, 55.0]}, "properties": {"value": 5.536, "time": "2025-12-07T12:00:00", "date": "2025-12-07", "hour": 12}}, {"type": "Feature", "geometry": {"type": "Point", "coordinates": [12.25, 55.0]}, "properties": {"value": 5.914, "time": "2025-12-07T12:00:00", "date": "2025-12-07", "hour": 12}}, {"type": "Feature", "geometry": {"type": "Point", "coordinates": [12.5, 55.0]}, "properties": {"value": 6.672, "time": "2025-12-07T12:00:00", "date": "2025-12-07", "hour": 12}}, {"type": "Feature", "geometry": {"type": "Point", "coordinates": [12.75, 55.0]}, "properties": {"value": 6.882, "time": "2025-12-07T12:00:00", "date": "2025-12-07", "hour": 12}}, {"type": "Feature", "geometry": {"type": "Point", "coordinates": [13.0, 55.0]}, "properties": {"value": 7.134, "time": "2025-12-07T12:00:00", "date": "2025-12-07", "hour": 12}}, {"type": "Feature", "geometry": {"type": "Point", "coordinates": [13.25, 55.0]}, "properties": {"value": 7.271, "time": "2025-12-07T12:00:00", "date": "2025-12-07", "hour": 12}}, {"type": "Feature", "geometry": {"type": "Point", "coordinates": [13.5, 55.0]}, "properties": {"value": 7.294, "time": "2025-12-07T12:00:00", "date": "2025-12-07", "hour": 12}}, {"type": "Feature", "geometry": {"type": "Point", "coordinates": [13.75, 55.0]}, "properties": {"value": 7.401, "time": "2025-12-07T12:00:00", "date": "2025-12-07", "hour": 12}}, {"type": "Feature", "geometry": {"type": "Point", "coordinates": [14.0, 55.0]}, "properties": {"value": 7.335, "time": "2025-12-07T12:00:00", "date": "2025-12-07", "hour": 12}}, {"type": "Feature", "geometry": {"type": "Point", "coordinates": [14.25, 55.0]}, "properties": {"value": 7.27, "time": "2025-12-07T12:00:00", "date": "2025-12-07", "hour": 12}}, {"type": "Feature", "geometry": {"type": "Point", "coordinates": [14.5, 55.0]}, "properties": {"value": 7.175, "time": "2025-12-07T12:00:00", "date": "2025-12-07", "hour": 12}}, {"type": "Feature", "geometry": {"type": "Point", "coordinates": [14.75, 55.0]}, "properties": {"value": 7.097, "time": "2025-12-07T12:00:00", "date": "2025-12-07", "hour": 12}}, {"type": "Feature", "geometry": {"type": "Point", "coordinates": [15.0, 55.0]}, "properties": {"value": 6.994, "time": "2025-12-07T12:00:00", "date": "2025-12-07", "hour": 12}}, {"type": "Feature", "geometry": {"type": "Point", "coordinates": [5.25, 52.75]}, "properties": {"value": 6.147, "time": "2025-12-07T13:00:00", "date": "2025-12-07", "hour": 13}}, {"type": "Feature", "geometry": {"type": "Point", "coordinates": [5.5, 52.75]}, "properties": {"value": 6.16, "time": "2025-12-07T13:00:00", "date": "2025-12-07", "hour": 13}}, {"type": "Feature", "geometry": {"type": "Point", "coordinates": [5.0, 53.0]}, "properties": {"value": 7.171, "time": "2025-12-07T13:00:00", "date": "2025-12-07", "hour": 13}}, {"type": "Feature", "geometry": {"type": "Point", "coordinates": [5.25, 53.0]}, "properties": {"value": 6.439, "time": "2025-12-07T13:00:00", "date": "2025-12-07", "hour": 13}}, {"type": "Feature", "geometry": {"type": "Point", "coordinates": [5.5, 53.0]}, "properties": {"value": 5.924, "time": "2025-12-07T13:00:00", "date": "2025-12-07", "hour": 13}}, {"type": "Feature", "geometry": {"type": "Point", "coordinates": [5.0, 53.25]}, "properties": {"value": 7.865, "time": "2025-12-07T13:00:00", "date": "2025-12-07", "hour": 13}}, {"type": "Feature", "geometry": {"type": "Point", "coordinates": [5.25, 53.25]}, "properties": {"value": 6.932, "time": "2025-12-07T13:00:00", "date": "2025-12-07", "hour": 13}}, {"type": "Feature", "geometry": {"type": "Point", "coordinates": [5.5, 53.25]}, "properties": {"value": 6.369, "time": "2025-12-07T13:00:00", "date": "2025-12-07", "hour": 13}}, {"type": "Feature", "geometry": {"type": "Point", "coordinates": [5.0, 53.5]}, "properties": {"value": 9.501, "time": "2025-12-07T13:00:00", "date": "2025-12-07", "hour": 13}}, {"type": "Feature", "geometry": {"type": "Point", "coordinates": [5.25, 53.5]}, "properties": {"value": 8.861, "time": "2025-12-07T13:00:00", "date": "2025-12-07", "hour": 13}}, {"type": "Feature", "geometry": {"type": "Point", "coordinates": [5.5, 53.5]}, "properties": {"value": 8.653, "time": "2025-12-07T13:00:00", "date": "2025-12-07", "hour": 13}}, {"type": "Feature", "geometry": {"type": "Point", "coordinates": [5.75, 53.5]}, "properties": {"value": 8.293, "time": "2025-12-07T13:00:00", "date": "2025-12-07", "hour": 13}}, {"type": "Feature", "geometry": {"type": "Point", "coordinates": [6.0, 53.5]}, "properties": {"value": 7.801, "time": "2025-12-07T13:00:00", "date": "2025-12-07", "hour": 13}}, {"type": "Feature", "geometry": {"type": "Point", "coordinates": [6.25, 53.5]}, "properties": {"value": 7.239, "time": "2025-12-07T13:00:00", "date": "2025-12-07", "hour": 13}}, {"type": "Feature", "geometry": {"type": "Point", "coordinates": [6.5, 53.5]}, "properties": {"value": 6.941, "time": "2025-12-07T13:00:00", "date": "2025-12-07", "hour": 13}}, {"type": "Feature", "geometry": {"type": "Point", "coordinates": [6.75, 53.5]}, "properties": {"value": 6.41, "time": "2025-12-07T13:00:00", "date": "2025-12-07", "hour": 13}}, {"type": "Feature", "geometry": {"type": "Point", "coordinates": [5.0, 53.75]}, "properties": {"value": 10.179, "time": "2025-12-07T13:00:00", "date": "2025-12-07", "hour": 13}}, {"type": "Feature", "geometry": {"type": "Point", "coordinates": [5.25, 53.75]}, "properties": {"value": 9.873, "time": "2025-12-07T13:00:00", "date": "2025-12-07", "hour": 13}}, {"type": "Feature", "geometry": {"type": "Point", "coordinates": [5.5, 53.75]}, "properties": {"value": 9.645, "time": "2025-12-07T13:00:00", "date": "2025-12-07", "hour": 13}}, {"type": "Feature", "geometry": {"type": "Point", "coordinates": [5.75, 53.75]}, "properties": {"value": 9.381, "time": "2025-12-07T13:00:00", "date": "2025-12-07", "hour": 13}}, {"type": "Feature", "geometry": {"type": "Point", "coordinates": [6.0, 53.75]}, "properties": {"value": 8.995, "time": "2025-12-07T13:00:00", "date": "2025-12-07", "hour": 13}}, {"type": "Feature", "geometry": {"type": "Point", "coordinates": [6.25, 53.75]}, "properties": {"value": 8.739, "time": "2025-12-07T13:00:00", "date": "2025-12-07", "hour": 13}}, {"type": "Feature", "geometry": {"type": "Point", "coordinates": [6.5, 53.75]}, "properties": {"value": 8.275, "time": "2025-12-07T13:00:00", "date": "2025-12-07", "hour": 13}}, {"type": "Feature", "geometry": {"type": "Point", "coordinates": [6.75, 53.75]}, "properties": {"value": 7.785, "time": "2025-12-07T13:00:00", "date": "2025-12-07", "hour": 13}}, {"type": "Feature", "geometry": {"type": "Point", "coordinates": [7.0, 53.75]}, "properties": {"value": 7.909, "time": "2025-12-07T13:00:00", "date": "2025-12-07", "hour": 13}}, {"type": "Feature", "geometry": {"type": "Point", "coordinates": [7.25, 53.75]}, "properties": {"value": 7.525, "time": "2025-12-07T13:00:00", "date": "2025-12-07", "hour": 13}}, {"type": "Feature", "geometry": {"type": "Point", "coordinates": [7.5, 53.75]}, "properties": {"value": 7.782, "time": "2025-12-07T13:00:00", "date": "2025-12-07", "hour": 13}}, {"type": "Feature", "geometry": {"type": "Point", "coordinates": [7.75, 53.75]}, "properties": {"value": 7.825, "time": "2025-12-07T13:00:00", "date": "2025-12-07", "hour": 13}}, {"type": "Feature", "geometry": {"type": "Point", "coordinates": [8.0, 53.75]}, "properties": {"value": 7.579, "time": "2025-12-07T13:00:00", "date": "2025-12-07", "hour": 13}}, {"type": "Feature", "geometry": {"type": "Point", "coordinates": [8.25, 53.75]}, "properties": {"value": 6.981, "time": "2025-12-07T13:00:00", "date": "2025-12-07", "hour": 13}}, {"type": "Feature", "geometry": {"type": "Point", "coordinates": [8.5, 53.75]}, "properties": {"value": 6.347, "time": "2025-12-07T13:00:00", "date": "2025-12-07", "hour": 13}}, {"type": "Feature", "geometry": {"type": "Point", "coordinates": [8.75, 53.75]}, "properties": {"value": 6.347, "time": "2025-12-07T13:00:00", "date": "2025-12-07", "hour": 13}}, {"type": "Feature", "geometry": {"type": "Point", "coordinates": [14.25, 53.75]}, "properties": {"value": 2.389, "time": "2025-12-07T13:00:00", "date": "2025-12-07", "hour": 13}}, {"type": "Feature", "geometry": {"type": "Point", "coordinates": [14.5, 53.75]}, "properties": {"value": 2.389, "time": "2025-12-07T13:00:00", "date": "2025-12-07", "hour": 13}}, {"type": "Feature", "geometry": {"type": "Point", "coordinates": [5.0, 54.0]}, "properties": {"value": 10.438, "time": "2025-12-07T13:00:00", "date": "2025-12-07", "hour": 13}}, {"type": "Feature", "geometry": {"type": "Point", "coordinates": [5.25, 54.0]}, "properties": {"value": 10.368, "time": "2025-12-07T13:00:00", "date": "2025-12-07", "hour": 13}}, {"type": "Feature", "geometry": {"type": "Point", "coordinates": [5.5, 54.0]}, "properties": {"value": 10.141, "time": "2025-12-07T13:00:00", "date": "2025-12-07", "hour": 13}}, {"type": "Feature", "geometry": {"type": "Point", "coordinates": [5.75, 54.0]}, "properties": {"value": 9.927, "time": "2025-12-07T13:00:00", "date": "2025-12-07", "hour": 13}}, {"type": "Feature", "geometry": {"type": "Point", "coordinates": [6.0, 54.0]}, "properties": {"value": 9.776, "time": "2025-12-07T13:00:00", "date": "2025-12-07", "hour": 13}}, {"type": "Feature", "geometry": {"type": "Point", "coordinates": [6.25, 54.0]}, "properties": {"value": 9.597, "time": "2025-12-07T13:00:00", "date": "2025-12-07", "hour": 13}}, {"type": "Feature", "geometry": {"type": "Point", "coordinates": [6.5, 54.0]}, "properties": {"value": 9.186, "time": "2025-12-07T13:00:00", "date": "2025-12-07", "hour": 13}}, {"type": "Feature", "geometry": {"type": "Point", "coordinates": [6.75, 54.0]}, "properties": {"value": 8.976, "time": "2025-12-07T13:00:00", "date": "2025-12-07", "hour": 13}}, {"type": "Feature", "geometry": {"type": "Point", "coordinates": [7.0, 54.0]}, "properties": {"value": 8.887, "time": "2025-12-07T13:00:00", "date": "2025-12-07", "hour": 13}}, {"type": "Feature", "geometry": {"type": "Point", "coordinates": [7.25, 54.0]}, "properties": {"value": 8.651, "time": "2025-12-07T13:00:00", "date": "2025-12-07", "hour": 13}}, {"type": "Feature", "geometry": {"type": "Point", "coordinates": [7.5, 54.0]}, "properties": {"value": 8.716, "time": "2025-12-07T13:00:00", "date": "2025-12-07", "hour": 13}}, {"type": "Feature", "geometry": {"type": "Point", "coordinates": [7.75, 54.0]}, "properties": {"value": 8.667, "time": "2025-12-07T13:00:00", "date": "2025-12-07", "hour": 13}}, {"type": "Feature", "geometry": {"type": "Point", "coordinates": [8.0, 54.0]}, "properties": {"value": 8.566, "time": "2025-12-07T13:00:00", "date": "2025-12-07", "hour": 13}}, {"type": "Feature", "geometry": {"type": "Point", "coordinates": [8.25, 54.0]}, "properties": {"value": 8.113, "time": "2025-12-07T13:00:00", "date": "2025-12-07", "hour": 13}}, {"type": "Feature", "geometry": {"type": "Point", "coordinates": [8.5, 54.0]}, "properties": {"value": 6.776, "time": "2025-12-07T13:00:00", "date": "2025-12-07", "hour": 13}}, {"type": "Feature", "geometry": {"type": "Point", "coordinates": [11.25, 54.0]}, "properties": {"value": 5.168, "time": "2025-12-07T13:00:00", "date": "2025-12-07", "hour": 13}}, {"type": "Feature", "geometry": {"type": "Point", "coordinates": [14.0, 54.0]}, "properties": {"value": 3.979, "time": "2025-12-07T13:00:00", "date": "2025-12-07", "hour": 13}}, {"type": "Feature", "geometry": {"type": "Point", "coordinates": [14.25, 54.0]}, "properties": {"value": 4.777, "time": "2025-12-07T13:00:00", "date": "2025-12-07", "hour": 13}}, {"type": "Feature", "geometry": {"type": "Point", "coordinates": [14.5, 54.0]}, "properties": {"value": 4.438, "time": "2025-12-07T13:00:00", "date": "2025-12-07", "hour": 13}}, {"type": "Feature", "geometry": {"type": "Point", "coordinates": [14.75, 54.0]}, "properties": {"value": 4.948, "time": "2025-12-07T13:00:00", "date": "2025-12-07", "hour": 13}}, {"type": "Feature", "geometry": {"type": "Point", "coordinates": [5.0, 54.25]}, "properties": {"value": 10.514, "time": "2025-12-07T13:00:00", "date": "2025-12-07", "hour": 13}}, {"type": "Feature", "geometry": {"type": "Point", "coordinates": [5.25, 54.25]}, "properties": {"value": 10.461, "time": "2025-12-07T13:00:00", "date": "2025-12-07", "hour": 13}}, {"type": "Feature", "geometry": {"type": "Point", "coordinates": [5.5, 54.25]}, "properties": {"value": 10.37, "time": "2025-12-07T13:00:00", "date": "2025-12-07", "hour": 13}}, {"type": "Feature", "geometry": {"type": "Point", "coordinates": [5.75, 54.25]}, "properties": {"value": 10.193, "time": "2025-12-07T13:00:00", "date": "2025-12-07", "hour": 13}}, {"type": "Feature", "geometry": {"type": "Point", "coordinates": [6.0, 54.25]}, "properties": {"value": 10.126, "time": "2025-12-07T13:00:00", "date": "2025-12-07", "hour": 13}}, {"type": "Feature", "geometry": {"type": "Point", "coordinates": [6.25, 54.25]}, "properties": {"value": 10.002, "time": "2025-12-07T13:00:00", "date": "2025-12-07", "hour": 13}}, {"type": "Feature", "geometry": {"type": "Point", "coordinates": [6.5, 54.25]}, "properties": {"value": 9.844, "time": "2025-12-07T13:00:00", "date": "2025-12-07", "hour": 13}}, {"type": "Feature", "geometry": {"type": "Point", "coordinates": [6.75, 54.25]}, "properties": {"value": 9.685, "time": "2025-12-07T13:00:00", "date": "2025-12-07", "hour": 13}}, {"type": "Feature", "geometry": {"type": "Point", "coordinates": [7.0, 54.25]}, "properties": {"value": 9.6, "time": "2025-12-07T13:00:00", "date": "2025-12-07", "hour": 13}}, {"type": "Feature", "geometry": {"type": "Point", "coordinates": [7.25, 54.25]}, "properties": {"value": 9.517, "time": "2025-12-07T13:00:00", "date": "2025-12-07", "hour": 13}}, {"type": "Feature", "geometry": {"type": "Point", "coordinates": [7.5, 54.25]}, "properties": {"value": 9.463, "time": "2025-12-07T13:00:00", "date": "2025-12-07", "hour": 13}}, {"type": "Feature", "geometry": {"type": "Point", "coordinates": [7.75, 54.25]}, "properties": {"value": 9.033, "time": "2025-12-07T13:00:00", "date": "2025-12-07", "hour": 13}}, {"type": "Feature", "geometry": {"type": "Point", "coordinates": [8.0, 54.25]}, "properties": {"value": 8.815, "time": "2025-12-07T13:00:00", "date": "2025-12-07", "hour": 13}}, {"type": "Feature", "geometry": {"type": "Point", "coordinates": [8.25, 54.25]}, "properties": {"value": 7.76, "time": "2025-12-07T13:00:00", "date": "2025-12-07", "hour": 13}}, {"type": "Feature", "geometry": {"type": "Point", "coordinates": [8.5, 54.25]}, "properties": {"value": 6.486, "time": "2025-12-07T13:00:00", "date": "2025-12-07", "hour": 13}}, {"type": "Feature", "geometry": {"type": "Point", "coordinates": [10.75, 54.25]}, "properties": {"value": 5.775, "time": "2025-12-07T13:00:00", "date": "2025-12-07", "hour": 13}}, {"type": "Feature", "geometry": {"type": "Point", "coordinates": [11.25, 54.25]}, "properties": {"value": 5.602, "time": "2025-12-07T13:00:00", "date": "2025-12-07", "hour": 13}}, {"type": "Feature", "geometry": {"type": "Point", "coordinates": [11.75, 54.25]}, "properties": {"value": 6.159, "time": "2025-12-07T13:00:00", "date": "2025-12-07", "hour": 13}}, {"type": "Feature", "geometry": {"type": "Point", "coordinates": [12.25, 54.25]}, "properties": {"value": 6.117, "time": "2025-12-07T13:00:00", "date": "2025-12-07", "hour": 13}}, {"type": "Feature", "geometry": {"type": "Point", "coordinates": [13.75, 54.25]}, "properties": {"value": 4.522, "time": "2025-12-07T13:00:00", "date": "2025-12-07", "hour": 13}}, {"type": "Feature", "geometry": {"type": "Point", "coordinates": [14.0, 54.25]}, "properties": {"value": 4.784, "time": "2025-12-07T13:00:00", "date": "2025-12-07", "hour": 13}}, {"type": "Feature", "geometry": {"type": "Point", "coordinates": [14.25, 54.25]}, "properties": {"value": 5.295, "time": "2025-12-07T13:00:00", "date": "2025-12-07", "hour": 13}}, {"type": "Feature", "geometry": {"type": "Point", "coordinates": [14.5, 54.25]}, "properties": {"value": 5.434, "time": "2025-12-07T13:00:00", "date": "2025-12-07", "hour": 13}}, {"type": "Feature", "geometry": {"type": "Point", "coordinates": [14.75, 54.25]}, "properties": {"value": 5.709, "time": "2025-12-07T13:00:00", "date": "2025-12-07", "hour": 13}}, {"type": "Feature", "geometry": {"type": "Point", "coordinates": [15.0, 54.25]}, "properties": {"value": 6.474, "time": "2025-12-07T13:00:00", "date": "2025-12-07", "hour": 13}}, {"type": "Feature", "geometry": {"type": "Point", "coordinates": [5.0, 54.5]}, "properties": {"value": 10.537, "time": "2025-12-07T13:00:00", "date": "2025-12-07", "hour": 13}}, {"type": "Feature", "geometry": {"type": "Point", "coordinates": [5.25, 54.5]}, "properties": {"value": 10.545, "time": "2025-12-07T13:00:00", "date": "2025-12-07", "hour": 13}}, {"type": "Feature", "geometry": {"type": "Point", "coordinates": [5.5, 54.5]}, "properties": {"value": 10.5, "time": "2025-12-07T13:00:00", "date": "2025-12-07", "hour": 13}}, {"type": "Feature", "geometry": {"type": "Point", "coordinates": [5.75, 54.5]}, "properties": {"value": 10.423, "time": "2025-12-07T13:00:00", "date": "2025-12-07", "hour": 13}}, {"type": "Feature", "geometry": {"type": "Point", "coordinates": [6.0, 54.5]}, "properties": {"value": 10.375, "time": "2025-12-07T13:00:00", "date": "2025-12-07", "hour": 13}}, {"type": "Feature", "geometry": {"type": "Point", "coordinates": [6.25, 54.5]}, "properties": {"value": 10.318, "time": "2025-12-07T13:00:00", "date": "2025-12-07", "hour": 13}}, {"type": "Feature", "geometry": {"type": "Point", "coordinates": [6.5, 54.5]}, "properties": {"value": 10.188, "time": "2025-12-07T13:00:00", "date": "2025-12-07", "hour": 13}}, {"type": "Feature", "geometry": {"type": "Point", "coordinates": [6.75, 54.5]}, "properties": {"value": 10.09, "time": "2025-12-07T13:00:00", "date": "2025-12-07", "hour": 13}}, {"type": "Feature", "geometry": {"type": "Point", "coordinates": [7.0, 54.5]}, "properties": {"value": 9.96, "time": "2025-12-07T13:00:00", "date": "2025-12-07", "hour": 13}}, {"type": "Feature", "geometry": {"type": "Point", "coordinates": [7.25, 54.5]}, "properties": {"value": 9.758, "time": "2025-12-07T13:00:00", "date": "2025-12-07", "hour": 13}}, {"type": "Feature", "geometry": {"type": "Point", "coordinates": [7.5, 54.5]}, "properties": {"value": 9.68, "time": "2025-12-07T13:00:00", "date": "2025-12-07", "hour": 13}}, {"type": "Feature", "geometry": {"type": "Point", "coordinates": [7.75, 54.5]}, "properties": {"value": 9.1, "time": "2025-12-07T13:00:00", "date": "2025-12-07", "hour": 13}}, {"type": "Feature", "geometry": {"type": "Point", "coordinates": [8.0, 54.5]}, "properties": {"value": 7.947, "time": "2025-12-07T13:00:00", "date": "2025-12-07", "hour": 13}}, {"type": "Feature", "geometry": {"type": "Point", "coordinates": [8.25, 54.5]}, "properties": {"value": 6.944, "time": "2025-12-07T13:00:00", "date": "2025-12-07", "hour": 13}}, {"type": "Feature", "geometry": {"type": "Point", "coordinates": [8.5, 54.5]}, "properties": {"value": 6.008, "time": "2025-12-07T13:00:00", "date": "2025-12-07", "hour": 13}}, {"type": "Feature", "geometry": {"type": "Point", "coordinates": [10.5, 54.5]}, "properties": {"value": 5.923, "time": "2025-12-07T13:00:00", "date": "2025-12-07", "hour": 13}}, {"type": "Feature", "geometry": {"type": "Point", "coordinates": [10.75, 54.5]}, "properties": {"value": 5.939, "time": "2025-12-07T13:00:00", "date": "2025-12-07", "hour": 13}}, {"type": "Feature", "geometry": {"type": "Point", "coordinates": [11.0, 54.5]}, "properties": {"value": 5.803, "time": "2025-12-07T13:00:00", "date": "2025-12-07", "hour": 13}}, {"type": "Feature", "geometry": {"type": "Point", "coordinates": [11.25, 54.5]}, "properties": {"value": 5.907, "time": "2025-12-07T13:00:00", "date": "2025-12-07", "hour": 13}}, {"type": "Feature", "geometry": {"type": "Point", "coordinates": [11.5, 54.5]}, "properties": {"value": 6.007, "time": "2025-12-07T13:00:00", "date": "2025-12-07", "hour": 13}}, {"type": "Feature", "geometry": {"type": "Point", "coordinates": [11.75, 54.5]}, "properties": {"value": 6.186, "time": "2025-12-07T13:00:00", "date": "2025-12-07", "hour": 13}}, {"type": "Feature", "geometry": {"type": "Point", "coordinates": [12.0, 54.5]}, "properties": {"value": 6.258, "time": "2025-12-07T13:00:00", "date": "2025-12-07", "hour": 13}}, {"type": "Feature", "geometry": {"type": "Point", "coordinates": [12.25, 54.5]}, "properties": {"value": 6.26, "time": "2025-12-07T13:00:00", "date": "2025-12-07", "hour": 13}}, {"type": "Feature", "geometry": {"type": "Point", "coordinates": [13.0, 54.5]}, "properties": {"value": 6.794, "time": "2025-12-07T13:00:00", "date": "2025-12-07", "hour": 13}}, {"type": "Feature", "geometry": {"type": "Point", "coordinates": [13.25, 54.5]}, "properties": {"value": 6.152, "time": "2025-12-07T13:00:00", "date": "2025-12-07", "hour": 13}}, {"type": "Feature", "geometry": {"type": "Point", "coordinates": [13.5, 54.5]}, "properties": {"value": 5.82, "time": "2025-12-07T13:00:00", "date": "2025-12-07", "hour": 13}}, {"type": "Feature", "geometry": {"type": "Point", "coordinates": [13.75, 54.5]}, "properties": {"value": 5.728, "time": "2025-12-07T13:00:00", "date": "2025-12-07", "hour": 13}}, {"type": "Feature", "geometry": {"type": "Point", "coordinates": [14.0, 54.5]}, "properties": {"value": 5.939, "time": "2025-12-07T13:00:00", "date": "2025-12-07", "hour": 13}}, {"type": "Feature", "geometry": {"type": "Point", "coordinates": [14.25, 54.5]}, "properties": {"value": 6.117, "time": "2025-12-07T13:00:00", "date": "2025-12-07", "hour": 13}}, {"type": "Feature", "geometry": {"type": "Point", "coordinates": [14.5, 54.5]}, "properties": {"value": 6.426, "time": "2025-12-07T13:00:00", "date": "2025-12-07", "hour": 13}}, {"type": "Feature", "geometry": {"type": "Point", "coordinates": [14.75, 54.5]}, "properties": {"value": 6.671, "time": "2025-12-07T13:00:00", "date": "2025-12-07", "hour": 13}}, {"type": "Feature", "geometry": {"type": "Point", "coordinates": [15.0, 54.5]}, "properties": {"value": 7.412, "time": "2025-12-07T13:00:00", "date": "2025-12-07", "hour": 13}}, {"type": "Feature", "geometry": {"type": "Point", "coordinates": [5.0, 54.75]}, "properties": {"value": 10.535, "time": "2025-12-07T13:00:00", "date": "2025-12-07", "hour": 13}}, {"type": "Feature", "geometry": {"type": "Point", "coordinates": [5.25, 54.75]}, "properties": {"value": 10.543, "time": "2025-12-07T13:00:00", "date": "2025-12-07", "hour": 13}}, {"type": "Feature", "geometry": {"type": "Point", "coordinates": [5.5, 54.75]}, "properties": {"value": 10.564, "time": "2025-12-07T13:00:00", "date": "2025-12-07", "hour": 13}}, {"type": "Feature", "geometry": {"type": "Point", "coordinates": [5.75, 54.75]}, "properties": {"value": 10.557, "time": "2025-12-07T13:00:00", "date": "2025-12-07", "hour": 13}}, {"type": "Feature", "geometry": {"type": "Point", "coordinates": [6.0, 54.75]}, "properties": {"value": 10.525, "time": "2025-12-07T13:00:00", "date": "2025-12-07", "hour": 13}}, {"type": "Feature", "geometry": {"type": "Point", "coordinates": [6.25, 54.75]}, "properties": {"value": 10.467, "time": "2025-12-07T13:00:00", "date": "2025-12-07", "hour": 13}}, {"type": "Feature", "geometry": {"type": "Point", "coordinates": [6.5, 54.75]}, "properties": {"value": 10.396, "time": "2025-12-07T13:00:00", "date": "2025-12-07", "hour": 13}}, {"type": "Feature", "geometry": {"type": "Point", "coordinates": [6.75, 54.75]}, "properties": {"value": 10.212, "time": "2025-12-07T13:00:00", "date": "2025-12-07", "hour": 13}}, {"type": "Feature", "geometry": {"type": "Point", "coordinates": [7.0, 54.75]}, "properties": {"value": 10.06, "time": "2025-12-07T13:00:00", "date": "2025-12-07", "hour": 13}}, {"type": "Feature", "geometry": {"type": "Point", "coordinates": [7.25, 54.75]}, "properties": {"value": 9.85, "time": "2025-12-07T13:00:00", "date": "2025-12-07", "hour": 13}}, {"type": "Feature", "geometry": {"type": "Point", "coordinates": [7.5, 54.75]}, "properties": {"value": 9.634, "time": "2025-12-07T13:00:00", "date": "2025-12-07", "hour": 13}}, {"type": "Feature", "geometry": {"type": "Point", "coordinates": [7.75, 54.75]}, "properties": {"value": 8.565, "time": "2025-12-07T13:00:00", "date": "2025-12-07", "hour": 13}}, {"type": "Feature", "geometry": {"type": "Point", "coordinates": [8.0, 54.75]}, "properties": {"value": 7.371, "time": "2025-12-07T13:00:00", "date": "2025-12-07", "hour": 13}}, {"type": "Feature", "geometry": {"type": "Point", "coordinates": [8.25, 54.75]}, "properties": {"value": 6.455, "time": "2025-12-07T13:00:00", "date": "2025-12-07", "hour": 13}}, {"type": "Feature", "geometry": {"type": "Point", "coordinates": [8.5, 54.75]}, "properties": {"value": 5.504, "time": "2025-12-07T13:00:00", "date": "2025-12-07", "hour": 13}}, {"type": "Feature", "geometry": {"type": "Point", "coordinates": [10.25, 54.75]}, "properties": {"value": 5.886, "time": "2025-12-07T13:00:00", "date": "2025-12-07", "hour": 13}}, {"type": "Feature", "geometry": {"type": "Point", "coordinates": [10.5, 54.75]}, "properties": {"value": 5.945, "time": "2025-12-07T13:00:00", "date": "2025-12-07", "hour": 13}}, {"type": "Feature", "geometry": {"type": "Point", "coordinates": [10.75, 54.75]}, "properties": {"value": 6.005, "time": "2025-12-07T13:00:00", "date": "2025-12-07", "hour": 13}}, {"type": "Feature", "geometry": {"type": "Point", "coordinates": [11.0, 54.75]}, "properties": {"value": 5.849, "time": "2025-12-07T13:00:00", "date": "2025-12-07", "hour": 13}}, {"type": "Feature", "geometry": {"type": "Point", "coordinates": [11.25, 54.75]}, "properties": {"value": 5.778, "time": "2025-12-07T13:00:00", "date": "2025-12-07", "hour": 13}}, {"type": "Feature", "geometry": {"type": "Point", "coordinates": [11.5, 54.75]}, "properties": {"value": 5.631, "time": "2025-12-07T13:00:00", "date": "2025-12-07", "hour": 13}}, {"type": "Feature", "geometry": {"type": "Point", "coordinates": [12.0, 54.75]}, "properties": {"value": 6.04, "time": "2025-12-07T13:00:00", "date": "2025-12-07", "hour": 13}}, {"type": "Feature", "geometry": {"type": "Point", "coordinates": [12.25, 54.75]}, "properties": {"value": 6.34, "time": "2025-12-07T13:00:00", "date": "2025-12-07", "hour": 13}}, {"type": "Feature", "geometry": {"type": "Point", "coordinates": [12.5, 54.75]}, "properties": {"value": 6.741, "time": "2025-12-07T13:00:00", "date": "2025-12-07", "hour": 13}}, {"type": "Feature", "geometry": {"type": "Point", "coordinates": [12.75, 54.75]}, "properties": {"value": 6.892, "time": "2025-12-07T13:00:00", "date": "2025-12-07", "hour": 13}}, {"type": "Feature", "geometry": {"type": "Point", "coordinates": [13.0, 54.75]}, "properties": {"value": 6.836, "time": "2025-12-07T13:00:00", "date": "2025-12-07", "hour": 13}}, {"type": "Feature", "geometry": {"type": "Point", "coordinates": [13.25, 54.75]}, "properties": {"value": 6.974, "time": "2025-12-07T13:00:00", "date": "2025-12-07", "hour": 13}}, {"type": "Feature", "geometry": {"type": "Point", "coordinates": [13.5, 54.75]}, "properties": {"value": 6.945, "time": "2025-12-07T13:00:00", "date": "2025-12-07", "hour": 13}}, {"type": "Feature", "geometry": {"type": "Point", "coordinates": [13.75, 54.75]}, "properties": {"value": 6.854, "time": "2025-12-07T13:00:00", "date": "2025-12-07", "hour": 13}}, {"type": "Feature", "geometry": {"type": "Point", "coordinates": [14.0, 54.75]}, "properties": {"value": 6.747, "time": "2025-12-07T13:00:00", "date": "2025-12-07", "hour": 13}}, {"type": "Feature", "geometry": {"type": "Point", "coordinates": [14.25, 54.75]}, "properties": {"value": 6.752, "time": "2025-12-07T13:00:00", "date": "2025-12-07", "hour": 13}}, {"type": "Feature", "geometry": {"type": "Point", "coordinates": [14.5, 54.75]}, "properties": {"value": 7.137, "time": "2025-12-07T13:00:00", "date": "2025-12-07", "hour": 13}}, {"type": "Feature", "geometry": {"type": "Point", "coordinates": [14.75, 54.75]}, "properties": {"value": 7.339, "time": "2025-12-07T13:00:00", "date": "2025-12-07", "hour": 13}}, {"type": "Feature", "geometry": {"type": "Point", "coordinates": [15.0, 54.75]}, "properties": {"value": 7.349, "time": "2025-12-07T13:00:00", "date": "2025-12-07", "hour": 13}}, {"type": "Feature", "geometry": {"type": "Point", "coordinates": [5.0, 55.0]}, "properties": {"value": 10.501, "time": "2025-12-07T13:00:00", "date": "2025-12-07", "hour": 13}}, {"type": "Feature", "geometry": {"type": "Point", "coordinates": [5.25, 55.0]}, "properties": {"value": 10.594, "time": "2025-12-07T13:00:00", "date": "2025-12-07", "hour": 13}}, {"type": "Feature", "geometry": {"type": "Point", "coordinates": [5.5, 55.0]}, "properties": {"value": 10.628, "time": "2025-12-07T13:00:00", "date": "2025-12-07", "hour": 13}}, {"type": "Feature", "geometry": {"type": "Point", "coordinates": [5.75, 55.0]}, "properties": {"value": 10.621, "time": "2025-12-07T13:00:00", "date": "2025-12-07", "hour": 13}}, {"type": "Feature", "geometry": {"type": "Point", "coordinates": [6.0, 55.0]}, "properties": {"value": 10.575, "time": "2025-12-07T13:00:00", "date": "2025-12-07", "hour": 13}}, {"type": "Feature", "geometry": {"type": "Point", "coordinates": [6.25, 55.0]}, "properties": {"value": 10.524, "time": "2025-12-07T13:00:00", "date": "2025-12-07", "hour": 13}}, {"type": "Feature", "geometry": {"type": "Point", "coordinates": [6.5, 55.0]}, "properties": {"value": 10.459, "time": "2025-12-07T13:00:00", "date": "2025-12-07", "hour": 13}}, {"type": "Feature", "geometry": {"type": "Point", "coordinates": [6.75, 55.0]}, "properties": {"value": 10.262, "time": "2025-12-07T13:00:00", "date": "2025-12-07", "hour": 13}}, {"type": "Feature", "geometry": {"type": "Point", "coordinates": [7.0, 55.0]}, "properties": {"value": 10.023, "time": "2025-12-07T13:00:00", "date": "2025-12-07", "hour": 13}}, {"type": "Feature", "geometry": {"type": "Point", "coordinates": [7.25, 55.0]}, "properties": {"value": 9.816, "time": "2025-12-07T13:00:00", "date": "2025-12-07", "hour": 13}}, {"type": "Feature", "geometry": {"type": "Point", "coordinates": [7.5, 55.0]}, "properties": {"value": 9.605, "time": "2025-12-07T13:00:00", "date": "2025-12-07", "hour": 13}}, {"type": "Feature", "geometry": {"type": "Point", "coordinates": [7.75, 55.0]}, "properties": {"value": 8.652, "time": "2025-12-07T13:00:00", "date": "2025-12-07", "hour": 13}}, {"type": "Feature", "geometry": {"type": "Point", "coordinates": [8.0, 55.0]}, "properties": {"value": 7.711, "time": "2025-12-07T13:00:00", "date": "2025-12-07", "hour": 13}}, {"type": "Feature", "geometry": {"type": "Point", "coordinates": [8.25, 55.0]}, "properties": {"value": 6.254, "time": "2025-12-07T13:00:00", "date": "2025-12-07", "hour": 13}}, {"type": "Feature", "geometry": {"type": "Point", "coordinates": [8.5, 55.0]}, "properties": {"value": 5.184, "time": "2025-12-07T13:00:00", "date": "2025-12-07", "hour": 13}}, {"type": "Feature", "geometry": {"type": "Point", "coordinates": [10.25, 55.0]}, "properties": {"value": 5.238, "time": "2025-12-07T13:00:00", "date": "2025-12-07", "hour": 13}}, {"type": "Feature", "geometry": {"type": "Point", "coordinates": [10.5, 55.0]}, "properties": {"value": 5.455, "time": "2025-12-07T13:00:00", "date": "2025-12-07", "hour": 13}}, {"type": "Feature", "geometry": {"type": "Point", "coordinates": [10.75, 55.0]}, "properties": {"value": 5.668, "time": "2025-12-07T13:00:00", "date": "2025-12-07", "hour": 13}}, {"type": "Feature", "geometry": {"type": "Point", "coordinates": [11.0, 55.0]}, "properties": {"value": 5.631, "time": "2025-12-07T13:00:00", "date": "2025-12-07", "hour": 13}}, {"type": "Feature", "geometry": {"type": "Point", "coordinates": [11.25, 55.0]}, "properties": {"value": 5.641, "time": "2025-12-07T13:00:00", "date": "2025-12-07", "hour": 13}}, {"type": "Feature", "geometry": {"type": "Point", "coordinates": [11.5, 55.0]}, "properties": {"value": 5.463, "time": "2025-12-07T13:00:00", "date": "2025-12-07", "hour": 13}}, {"type": "Feature", "geometry": {"type": "Point", "coordinates": [11.75, 55.0]}, "properties": {"value": 5.352, "time": "2025-12-07T13:00:00", "date": "2025-12-07", "hour": 13}}, {"type": "Feature", "geometry": {"type": "Point", "coordinates": [12.0, 55.0]}, "properties": {"value": 5.536, "time": "2025-12-07T13:00:00", "date": "2025-12-07", "hour": 13}}, {"type": "Feature", "geometry": {"type": "Point", "coordinates": [12.25, 55.0]}, "properties": {"value": 5.914, "time": "2025-12-07T13:00:00", "date": "2025-12-07", "hour": 13}}, {"type": "Feature", "geometry": {"type": "Point", "coordinates": [12.5, 55.0]}, "properties": {"value": 6.672, "time": "2025-12-07T13:00:00", "date": "2025-12-07", "hour": 13}}, {"type": "Feature", "geometry": {"type": "Point", "coordinates": [12.75, 55.0]}, "properties": {"value": 6.882, "time": "2025-12-07T13:00:00", "date": "2025-12-07", "hour": 13}}, {"type": "Feature", "geometry": {"type": "Point", "coordinates": [13.0, 55.0]}, "properties": {"value": 7.134, "time": "2025-12-07T13:00:00", "date": "2025-12-07", "hour": 13}}, {"type": "Feature", "geometry": {"type": "Point", "coordinates": [13.25, 55.0]}, "properties": {"value": 7.271, "time": "2025-12-07T13:00:00", "date": "2025-12-07", "hour": 13}}, {"type": "Feature", "geometry": {"type": "Point", "coordinates": [13.5, 55.0]}, "properties": {"value": 7.294, "time": "2025-12-07T13:00:00", "date": "2025-12-07", "hour": 13}}, {"type": "Feature", "geometry": {"type": "Point", "coordinates": [13.75, 55.0]}, "properties": {"value": 7.401, "time": "2025-12-07T13:00:00", "date": "2025-12-07", "hour": 13}}, {"type": "Feature", "geometry": {"type": "Point", "coordinates": [14.0, 55.0]}, "properties": {"value": 7.335, "time": "2025-12-07T13:00:00", "date": "2025-12-07", "hour": 13}}, {"type": "Feature", "geometry": {"type": "Point", "coordinates": [14.25, 55.0]}, "properties": {"value": 7.27, "time": "2025-12-07T13:00:00", "date": "2025-12-07", "hour": 13}}, {"type": "Feature", "geometry": {"type": "Point", "coordinates": [14.5, 55.0]}, "properties": {"value": 7.175, "time": "2025-12-07T13:00:00", "date": "2025-12-07", "hour": 13}}, {"type": "Feature", "geometry": {"type": "Point", "coordinates": [14.75, 55.0]}, "properties": {"value": 7.097, "time": "2025-12-07T13:00:00", "date": "2025-12-07", "hour": 13}}, {"type": "Feature", "geometry": {"type": "Point", "coordinates": [15.0, 55.0]}, "properties": {"value": 6.994, "time": "2025-12-07T13:00:00", "date": "2025-12-07", "hour": 13}}, {"type": "Feature", "geometry": {"type": "Point", "coordinates": [5.25, 52.75]}, "properties": {"value": 6.147, "time": "2025-12-07T14:00:00", "date": "2025-12-07", "hour": 14}}, {"type": "Feature", "geometry": {"type": "Point", "coordinates": [5.5, 52.75]}, "properties": {"value": 6.16, "time": "2025-12-07T14:00:00", "date": "2025-12-07", "hour": 14}}, {"type": "Feature", "geometry": {"type": "Point", "coordinates": [5.0, 53.0]}, "properties": {"value": 7.171, "time": "2025-12-07T14:00:00", "date": "2025-12-07", "hour": 14}}, {"type": "Feature", "geometry": {"type": "Point", "coordinates": [5.25, 53.0]}, "properties": {"value": 6.439, "time": "2025-12-07T14:00:00", "date": "2025-12-07", "hour": 14}}, {"type": "Feature", "geometry": {"type": "Point", "coordinates": [5.5, 53.0]}, "properties": {"value": 5.924, "time": "2025-12-07T14:00:00", "date": "2025-12-07", "hour": 14}}, {"type": "Feature", "geometry": {"type": "Point", "coordinates": [5.0, 53.25]}, "properties": {"value": 7.865, "time": "2025-12-07T14:00:00", "date": "2025-12-07", "hour": 14}}, {"type": "Feature", "geometry": {"type": "Point", "coordinates": [5.25, 53.25]}, "properties": {"value": 6.932, "time": "2025-12-07T14:00:00", "date": "2025-12-07", "hour": 14}}, {"type": "Feature", "geometry": {"type": "Point", "coordinates": [5.5, 53.25]}, "properties": {"value": 6.369, "time": "2025-12-07T14:00:00", "date": "2025-12-07", "hour": 14}}, {"type": "Feature", "geometry": {"type": "Point", "coordinates": [5.0, 53.5]}, "properties": {"value": 9.501, "time": "2025-12-07T14:00:00", "date": "2025-12-07", "hour": 14}}, {"type": "Feature", "geometry": {"type": "Point", "coordinates": [5.25, 53.5]}, "properties": {"value": 8.861, "time": "2025-12-07T14:00:00", "date": "2025-12-07", "hour": 14}}, {"type": "Feature", "geometry": {"type": "Point", "coordinates": [5.5, 53.5]}, "properties": {"value": 8.653, "time": "2025-12-07T14:00:00", "date": "2025-12-07", "hour": 14}}, {"type": "Feature", "geometry": {"type": "Point", "coordinates": [5.75, 53.5]}, "properties": {"value": 8.293, "time": "2025-12-07T14:00:00", "date": "2025-12-07", "hour": 14}}, {"type": "Feature", "geometry": {"type": "Point", "coordinates": [6.0, 53.5]}, "properties": {"value": 7.801, "time": "2025-12-07T14:00:00", "date": "2025-12-07", "hour": 14}}, {"type": "Feature", "geometry": {"type": "Point", "coordinates": [6.25, 53.5]}, "properties": {"value": 7.239, "time": "2025-12-07T14:00:00", "date": "2025-12-07", "hour": 14}}, {"type": "Feature", "geometry": {"type": "Point", "coordinates": [6.5, 53.5]}, "properties": {"value": 6.941, "time": "2025-12-07T14:00:00", "date": "2025-12-07", "hour": 14}}, {"type": "Feature", "geometry": {"type": "Point", "coordinates": [6.75, 53.5]}, "properties": {"value": 6.41, "time": "2025-12-07T14:00:00", "date": "2025-12-07", "hour": 14}}, {"type": "Feature", "geometry": {"type": "Point", "coordinates": [5.0, 53.75]}, "properties": {"value": 10.179, "time": "2025-12-07T14:00:00", "date": "2025-12-07", "hour": 14}}, {"type": "Feature", "geometry": {"type": "Point", "coordinates": [5.25, 53.75]}, "properties": {"value": 9.873, "time": "2025-12-07T14:00:00", "date": "2025-12-07", "hour": 14}}, {"type": "Feature", "geometry": {"type": "Point", "coordinates": [5.5, 53.75]}, "properties": {"value": 9.645, "time": "2025-12-07T14:00:00", "date": "2025-12-07", "hour": 14}}, {"type": "Feature", "geometry": {"type": "Point", "coordinates": [5.75, 53.75]}, "properties": {"value": 9.381, "time": "2025-12-07T14:00:00", "date": "2025-12-07", "hour": 14}}, {"type": "Feature", "geometry": {"type": "Point", "coordinates": [6.0, 53.75]}, "properties": {"value": 8.995, "time": "2025-12-07T14:00:00", "date": "2025-12-07", "hour": 14}}, {"type": "Feature", "geometry": {"type": "Point", "coordinates": [6.25, 53.75]}, "properties": {"value": 8.739, "time": "2025-12-07T14:00:00", "date": "2025-12-07", "hour": 14}}, {"type": "Feature", "geometry": {"type": "Point", "coordinates": [6.5, 53.75]}, "properties": {"value": 8.275, "time": "2025-12-07T14:00:00", "date": "2025-12-07", "hour": 14}}, {"type": "Feature", "geometry": {"type": "Point", "coordinates": [6.75, 53.75]}, "properties": {"value": 7.785, "time": "2025-12-07T14:00:00", "date": "2025-12-07", "hour": 14}}, {"type": "Feature", "geometry": {"type": "Point", "coordinates": [7.0, 53.75]}, "properties": {"value": 7.909, "time": "2025-12-07T14:00:00", "date": "2025-12-07", "hour": 14}}, {"type": "Feature", "geometry": {"type": "Point", "coordinates": [7.25, 53.75]}, "properties": {"value": 7.525, "time": "2025-12-07T14:00:00", "date": "2025-12-07", "hour": 14}}, {"type": "Feature", "geometry": {"type": "Point", "coordinates": [7.5, 53.75]}, "properties": {"value": 7.782, "time": "2025-12-07T14:00:00", "date": "2025-12-07", "hour": 14}}, {"type": "Feature", "geometry": {"type": "Point", "coordinates": [7.75, 53.75]}, "properties": {"value": 7.825, "time": "2025-12-07T14:00:00", "date": "2025-12-07", "hour": 14}}, {"type": "Feature", "geometry": {"type": "Point", "coordinates": [8.0, 53.75]}, "properties": {"value": 7.579, "time": "2025-12-07T14:00:00", "date": "2025-12-07", "hour": 14}}, {"type": "Feature", "geometry": {"type": "Point", "coordinates": [8.25, 53.75]}, "properties": {"value": 6.981, "time": "2025-12-07T14:00:00", "date": "2025-12-07", "hour": 14}}, {"type": "Feature", "geometry": {"type": "Point", "coordinates": [8.5, 53.75]}, "properties": {"value": 6.347, "time": "2025-12-07T14:00:00", "date": "2025-12-07", "hour": 14}}, {"type": "Feature", "geometry": {"type": "Point", "coordinates": [8.75, 53.75]}, "properties": {"value": 6.347, "time": "2025-12-07T14:00:00", "date": "2025-12-07", "hour": 14}}, {"type": "Feature", "geometry": {"type": "Point", "coordinates": [14.25, 53.75]}, "properties": {"value": 2.389, "time": "2025-12-07T14:00:00", "date": "2025-12-07", "hour": 14}}, {"type": "Feature", "geometry": {"type": "Point", "coordinates": [14.5, 53.75]}, "properties": {"value": 2.389, "time": "2025-12-07T14:00:00", "date": "2025-12-07", "hour": 14}}, {"type": "Feature", "geometry": {"type": "Point", "coordinates": [5.0, 54.0]}, "properties": {"value": 10.438, "time": "2025-12-07T14:00:00", "date": "2025-12-07", "hour": 14}}, {"type": "Feature", "geometry": {"type": "Point", "coordinates": [5.25, 54.0]}, "properties": {"value": 10.368, "time": "2025-12-07T14:00:00", "date": "2025-12-07", "hour": 14}}, {"type": "Feature", "geometry": {"type": "Point", "coordinates": [5.5, 54.0]}, "properties": {"value": 10.141, "time": "2025-12-07T14:00:00", "date": "2025-12-07", "hour": 14}}, {"type": "Feature", "geometry": {"type": "Point", "coordinates": [5.75, 54.0]}, "properties": {"value": 9.927, "time": "2025-12-07T14:00:00", "date": "2025-12-07", "hour": 14}}, {"type": "Feature", "geometry": {"type": "Point", "coordinates": [6.0, 54.0]}, "properties": {"value": 9.776, "time": "2025-12-07T14:00:00", "date": "2025-12-07", "hour": 14}}, {"type": "Feature", "geometry": {"type": "Point", "coordinates": [6.25, 54.0]}, "properties": {"value": 9.597, "time": "2025-12-07T14:00:00", "date": "2025-12-07", "hour": 14}}, {"type": "Feature", "geometry": {"type": "Point", "coordinates": [6.5, 54.0]}, "properties": {"value": 9.186, "time": "2025-12-07T14:00:00", "date": "2025-12-07", "hour": 14}}, {"type": "Feature", "geometry": {"type": "Point", "coordinates": [6.75, 54.0]}, "properties": {"value": 8.976, "time": "2025-12-07T14:00:00", "date": "2025-12-07", "hour": 14}}, {"type": "Feature", "geometry": {"type": "Point", "coordinates": [7.0, 54.0]}, "properties": {"value": 8.887, "time": "2025-12-07T14:00:00", "date": "2025-12-07", "hour": 14}}, {"type": "Feature", "geometry": {"type": "Point", "coordinates": [7.25, 54.0]}, "properties": {"value": 8.651, "time": "2025-12-07T14:00:00", "date": "2025-12-07", "hour": 14}}, {"type": "Feature", "geometry": {"type": "Point", "coordinates": [7.5, 54.0]}, "properties": {"value": 8.716, "time": "2025-12-07T14:00:00", "date": "2025-12-07", "hour": 14}}, {"type": "Feature", "geometry": {"type": "Point", "coordinates": [7.75, 54.0]}, "properties": {"value": 8.667, "time": "2025-12-07T14:00:00", "date": "2025-12-07", "hour": 14}}, {"type": "Feature", "geometry": {"type": "Point", "coordinates": [8.0, 54.0]}, "properties": {"value": 8.566, "time": "2025-12-07T14:00:00", "date": "2025-12-07", "hour": 14}}, {"type": "Feature", "geometry": {"type": "Point", "coordinates": [8.25, 54.0]}, "properties": {"value": 8.113, "time": "2025-12-07T14:00:00", "date": "2025-12-07", "hour": 14}}, {"type": "Feature", "geometry": {"type": "Point", "coordinates": [8.5, 54.0]}, "properties": {"value": 6.776, "time": "2025-12-07T14:00:00", "date": "2025-12-07", "hour": 14}}, {"type": "Feature", "geometry": {"type": "Point", "coordinates": [11.25, 54.0]}, "properties": {"value": 5.168, "time": "2025-12-07T14:00:00", "date": "2025-12-07", "hour": 14}}, {"type": "Feature", "geometry": {"type": "Point", "coordinates": [14.0, 54.0]}, "properties": {"value": 3.979, "time": "2025-12-07T14:00:00", "date": "2025-12-07", "hour": 14}}, {"type": "Feature", "geometry": {"type": "Point", "coordinates": [14.25, 54.0]}, "properties": {"value": 4.777, "time": "2025-12-07T14:00:00", "date": "2025-12-07", "hour": 14}}, {"type": "Feature", "geometry": {"type": "Point", "coordinates": [14.5, 54.0]}, "properties": {"value": 4.438, "time": "2025-12-07T14:00:00", "date": "2025-12-07", "hour": 14}}, {"type": "Feature", "geometry": {"type": "Point", "coordinates": [14.75, 54.0]}, "properties": {"value": 4.948, "time": "2025-12-07T14:00:00", "date": "2025-12-07", "hour": 14}}, {"type": "Feature", "geometry": {"type": "Point", "coordinates": [5.0, 54.25]}, "properties": {"value": 10.514, "time": "2025-12-07T14:00:00", "date": "2025-12-07", "hour": 14}}, {"type": "Feature", "geometry": {"type": "Point", "coordinates": [5.25, 54.25]}, "properties": {"value": 10.461, "time": "2025-12-07T14:00:00", "date": "2025-12-07", "hour": 14}}, {"type": "Feature", "geometry": {"type": "Point", "coordinates": [5.5, 54.25]}, "properties": {"value": 10.37, "time": "2025-12-07T14:00:00", "date": "2025-12-07", "hour": 14}}, {"type": "Feature", "geometry": {"type": "Point", "coordinates": [5.75, 54.25]}, "properties": {"value": 10.193, "time": "2025-12-07T14:00:00", "date": "2025-12-07", "hour": 14}}, {"type": "Feature", "geometry": {"type": "Point", "coordinates": [6.0, 54.25]}, "properties": {"value": 10.126, "time": "2025-12-07T14:00:00", "date": "2025-12-07", "hour": 14}}, {"type": "Feature", "geometry": {"type": "Point", "coordinates": [6.25, 54.25]}, "properties": {"value": 10.002, "time": "2025-12-07T14:00:00", "date": "2025-12-07", "hour": 14}}, {"type": "Feature", "geometry": {"type": "Point", "coordinates": [6.5, 54.25]}, "properties": {"value": 9.844, "time": "2025-12-07T14:00:00", "date": "2025-12-07", "hour": 14}}, {"type": "Feature", "geometry": {"type": "Point", "coordinates": [6.75, 54.25]}, "properties": {"value": 9.685, "time": "2025-12-07T14:00:00", "date": "2025-12-07", "hour": 14}}, {"type": "Feature", "geometry": {"type": "Point", "coordinates": [7.0, 54.25]}, "properties": {"value": 9.6, "time": "2025-12-07T14:00:00", "date": "2025-12-07", "hour": 14}}, {"type": "Feature", "geometry": {"type": "Point", "coordinates": [7.25, 54.25]}, "properties": {"value": 9.517, "time": "2025-12-07T14:00:00", "date": "2025-12-07", "hour": 14}}, {"type": "Feature", "geometry": {"type": "Point", "coordinates": [7.5, 54.25]}, "properties": {"value": 9.463, "time": "2025-12-07T14:00:00", "date": "2025-12-07", "hour": 14}}, {"type": "Feature", "geometry": {"type": "Point", "coordinates": [7.75, 54.25]}, "properties": {"value": 9.033, "time": "2025-12-07T14:00:00", "date": "2025-12-07", "hour": 14}}, {"type": "Feature", "geometry": {"type": "Point", "coordinates": [8.0, 54.25]}, "properties": {"value": 8.815, "time": "2025-12-07T14:00:00", "date": "2025-12-07", "hour": 14}}, {"type": "Feature", "geometry": {"type": "Point", "coordinates": [8.25, 54.25]}, "properties": {"value": 7.76, "time": "2025-12-07T14:00:00", "date": "2025-12-07", "hour": 14}}, {"type": "Feature", "geometry": {"type": "Point", "coordinates": [8.5, 54.25]}, "properties": {"value": 6.486, "time": "2025-12-07T14:00:00", "date": "2025-12-07", "hour": 14}}, {"type": "Feature", "geometry": {"type": "Point", "coordinates": [10.75, 54.25]}, "properties": {"value": 5.775, "time": "2025-12-07T14:00:00", "date": "2025-12-07", "hour": 14}}, {"type": "Feature", "geometry": {"type": "Point", "coordinates": [11.25, 54.25]}, "properties": {"value": 5.602, "time": "2025-12-07T14:00:00", "date": "2025-12-07", "hour": 14}}, {"type": "Feature", "geometry": {"type": "Point", "coordinates": [11.75, 54.25]}, "properties": {"value": 6.159, "time": "2025-12-07T14:00:00", "date": "2025-12-07", "hour": 14}}, {"type": "Feature", "geometry": {"type": "Point", "coordinates": [12.25, 54.25]}, "properties": {"value": 6.117, "time": "2025-12-07T14:00:00", "date": "2025-12-07", "hour": 14}}, {"type": "Feature", "geometry": {"type": "Point", "coordinates": [13.75, 54.25]}, "properties": {"value": 4.522, "time": "2025-12-07T14:00:00", "date": "2025-12-07", "hour": 14}}, {"type": "Feature", "geometry": {"type": "Point", "coordinates": [14.0, 54.25]}, "properties": {"value": 4.784, "time": "2025-12-07T14:00:00", "date": "2025-12-07", "hour": 14}}, {"type": "Feature", "geometry": {"type": "Point", "coordinates": [14.25, 54.25]}, "properties": {"value": 5.295, "time": "2025-12-07T14:00:00", "date": "2025-12-07", "hour": 14}}, {"type": "Feature", "geometry": {"type": "Point", "coordinates": [14.5, 54.25]}, "properties": {"value": 5.434, "time": "2025-12-07T14:00:00", "date": "2025-12-07", "hour": 14}}, {"type": "Feature", "geometry": {"type": "Point", "coordinates": [14.75, 54.25]}, "properties": {"value": 5.709, "time": "2025-12-07T14:00:00", "date": "2025-12-07", "hour": 14}}, {"type": "Feature", "geometry": {"type": "Point", "coordinates": [15.0, 54.25]}, "properties": {"value": 6.474, "time": "2025-12-07T14:00:00", "date": "2025-12-07", "hour": 14}}, {"type": "Feature", "geometry": {"type": "Point", "coordinates": [5.0, 54.5]}, "properties": {"value": 10.537, "time": "2025-12-07T14:00:00", "date": "2025-12-07", "hour": 14}}, {"type": "Feature", "geometry": {"type": "Point", "coordinates": [5.25, 54.5]}, "properties": {"value": 10.545, "time": "2025-12-07T14:00:00", "date": "2025-12-07", "hour": 14}}, {"type": "Feature", "geometry": {"type": "Point", "coordinates": [5.5, 54.5]}, "properties": {"value": 10.5, "time": "2025-12-07T14:00:00", "date": "2025-12-07", "hour": 14}}, {"type": "Feature", "geometry": {"type": "Point", "coordinates": [5.75, 54.5]}, "properties": {"value": 10.423, "time": "2025-12-07T14:00:00", "date": "2025-12-07", "hour": 14}}, {"type": "Feature", "geometry": {"type": "Point", "coordinates": [6.0, 54.5]}, "properties": {"value": 10.375, "time": "2025-12-07T14:00:00", "date": "2025-12-07", "hour": 14}}, {"type": "Feature", "geometry": {"type": "Point", "coordinates": [6.25, 54.5]}, "properties": {"value": 10.318, "time": "2025-12-07T14:00:00", "date": "2025-12-07", "hour": 14}}, {"type": "Feature", "geometry": {"type": "Point", "coordinates": [6.5, 54.5]}, "properties": {"value": 10.188, "time": "2025-12-07T14:00:00", "date": "2025-12-07", "hour": 14}}, {"type": "Feature", "geometry": {"type": "Point", "coordinates": [6.75, 54.5]}, "properties": {"value": 10.09, "time": "2025-12-07T14:00:00", "date": "2025-12-07", "hour": 14}}, {"type": "Feature", "geometry": {"type": "Point", "coordinates": [7.0, 54.5]}, "properties": {"value": 9.96, "time": "2025-12-07T14:00:00", "date": "2025-12-07", "hour": 14}}, {"type": "Feature", "geometry": {"type": "Point", "coordinates": [7.25, 54.5]}, "properties": {"value": 9.758, "time": "2025-12-07T14:00:00", "date": "2025-12-07", "hour": 14}}, {"type": "Feature", "geometry": {"type": "Point", "coordinates": [7.5, 54.5]}, "properties": {"value": 9.68, "time": "2025-12-07T14:00:00", "date": "2025-12-07", "hour": 14}}, {"type": "Feature", "geometry": {"type": "Point", "coordinates": [7.75, 54.5]}, "properties": {"value": 9.1, "time": "2025-12-07T14:00:00", "date": "2025-12-07", "hour": 14}}, {"type": "Feature", "geometry": {"type": "Point", "coordinates": [8.0, 54.5]}, "properties": {"value": 7.947, "time": "2025-12-07T14:00:00", "date": "2025-12-07", "hour": 14}}, {"type": "Feature", "geometry": {"type": "Point", "coordinates": [8.25, 54.5]}, "properties": {"value": 6.944, "time": "2025-12-07T14:00:00", "date": "2025-12-07", "hour": 14}}, {"type": "Feature", "geometry": {"type": "Point", "coordinates": [8.5, 54.5]}, "properties": {"value": 6.008, "time": "2025-12-07T14:00:00", "date": "2025-12-07", "hour": 14}}, {"type": "Feature", "geometry": {"type": "Point", "coordinates": [10.5, 54.5]}, "properties": {"value": 5.923, "time": "2025-12-07T14:00:00", "date": "2025-12-07", "hour": 14}}, {"type": "Feature", "geometry": {"type": "Point", "coordinates": [10.75, 54.5]}, "properties": {"value": 5.939, "time": "2025-12-07T14:00:00", "date": "2025-12-07", "hour": 14}}, {"type": "Feature", "geometry": {"type": "Point", "coordinates": [11.0, 54.5]}, "properties": {"value": 5.803, "time": "2025-12-07T14:00:00", "date": "2025-12-07", "hour": 14}}, {"type": "Feature", "geometry": {"type": "Point", "coordinates": [11.25, 54.5]}, "properties": {"value": 5.907, "time": "2025-12-07T14:00:00", "date": "2025-12-07", "hour": 14}}, {"type": "Feature", "geometry": {"type": "Point", "coordinates": [11.5, 54.5]}, "properties": {"value": 6.007, "time": "2025-12-07T14:00:00", "date": "2025-12-07", "hour": 14}}, {"type": "Feature", "geometry": {"type": "Point", "coordinates": [11.75, 54.5]}, "properties": {"value": 6.186, "time": "2025-12-07T14:00:00", "date": "2025-12-07", "hour": 14}}, {"type": "Feature", "geometry": {"type": "Point", "coordinates": [12.0, 54.5]}, "properties": {"value": 6.258, "time": "2025-12-07T14:00:00", "date": "2025-12-07", "hour": 14}}, {"type": "Feature", "geometry": {"type": "Point", "coordinates": [12.25, 54.5]}, "properties": {"value": 6.26, "time": "2025-12-07T14:00:00", "date": "2025-12-07", "hour": 14}}, {"type": "Feature", "geometry": {"type": "Point", "coordinates": [13.0, 54.5]}, "properties": {"value": 6.794, "time": "2025-12-07T14:00:00", "date": "2025-12-07", "hour": 14}}, {"type": "Feature", "geometry": {"type": "Point", "coordinates": [13.25, 54.5]}, "properties": {"value": 6.152, "time": "2025-12-07T14:00:00", "date": "2025-12-07", "hour": 14}}, {"type": "Feature", "geometry": {"type": "Point", "coordinates": [13.5, 54.5]}, "properties": {"value": 5.82, "time": "2025-12-07T14:00:00", "date": "2025-12-07", "hour": 14}}, {"type": "Feature", "geometry": {"type": "Point", "coordinates": [13.75, 54.5]}, "properties": {"value": 5.728, "time": "2025-12-07T14:00:00", "date": "2025-12-07", "hour": 14}}, {"type": "Feature", "geometry": {"type": "Point", "coordinates": [14.0, 54.5]}, "properties": {"value": 5.939, "time": "2025-12-07T14:00:00", "date": "2025-12-07", "hour": 14}}, {"type": "Feature", "geometry": {"type": "Point", "coordinates": [14.25, 54.5]}, "properties": {"value": 6.117, "time": "2025-12-07T14:00:00", "date": "2025-12-07", "hour": 14}}, {"type": "Feature", "geometry": {"type": "Point", "coordinates": [14.5, 54.5]}, "properties": {"value": 6.426, "time": "2025-12-07T14:00:00", "date": "2025-12-07", "hour": 14}}, {"type": "Feature", "geometry": {"type": "Point", "coordinates": [14.75, 54.5]}, "properties": {"value": 6.671, "time": "2025-12-07T14:00:00", "date": "2025-12-07", "hour": 14}}, {"type": "Feature", "geometry": {"type": "Point", "coordinates": [15.0, 54.5]}, "properties": {"value": 7.412, "time": "2025-12-07T14:00:00", "date": "2025-12-07", "hour": 14}}, {"type": "Feature", "geometry": {"type": "Point", "coordinates": [5.0, 54.75]}, "properties": {"value": 10.535, "time": "2025-12-07T14:00:00", "date": "2025-12-07", "hour": 14}}, {"type": "Feature", "geometry": {"type": "Point", "coordinates": [5.25, 54.75]}, "properties": {"value": 10.543, "time": "2025-12-07T14:00:00", "date": "2025-12-07", "hour": 14}}, {"type": "Feature", "geometry": {"type": "Point", "coordinates": [5.5, 54.75]}, "properties": {"value": 10.564, "time": "2025-12-07T14:00:00", "date": "2025-12-07", "hour": 14}}, {"type": "Feature", "geometry": {"type": "Point", "coordinates": [5.75, 54.75]}, "properties": {"value": 10.557, "time": "2025-12-07T14:00:00", "date": "2025-12-07", "hour": 14}}, {"type": "Feature", "geometry": {"type": "Point", "coordinates": [6.0, 54.75]}, "properties": {"value": 10.525, "time": "2025-12-07T14:00:00", "date": "2025-12-07", "hour": 14}}, {"type": "Feature", "geometry": {"type": "Point", "coordinates": [6.25, 54.75]}, "properties": {"value": 10.467, "time": "2025-12-07T14:00:00", "date": "2025-12-07", "hour": 14}}, {"type": "Feature", "geometry": {"type": "Point", "coordinates": [6.5, 54.75]}, "properties": {"value": 10.396, "time": "2025-12-07T14:00:00", "date": "2025-12-07", "hour": 14}}, {"type": "Feature", "geometry": {"type": "Point", "coordinates": [6.75, 54.75]}, "properties": {"value": 10.212, "time": "2025-12-07T14:00:00", "date": "2025-12-07", "hour": 14}}, {"type": "Feature", "geometry": {"type": "Point", "coordinates": [7.0, 54.75]}, "properties": {"value": 10.06, "time": "2025-12-07T14:00:00", "date": "2025-12-07", "hour": 14}}, {"type": "Feature", "geometry": {"type": "Point", "coordinates": [7.25, 54.75]}, "properties": {"value": 9.85, "time": "2025-12-07T14:00:00", "date": "2025-12-07", "hour": 14}}, {"type": "Feature", "geometry": {"type": "Point", "coordinates": [7.5, 54.75]}, "properties": {"value": 9.634, "time": "2025-12-07T14:00:00", "date": "2025-12-07", "hour": 14}}, {"type": "Feature", "geometry": {"type": "Point", "coordinates": [7.75, 54.75]}, "properties": {"value": 8.565, "time": "2025-12-07T14:00:00", "date": "2025-12-07", "hour": 14}}, {"type": "Feature", "geometry": {"type": "Point", "coordinates": [8.0, 54.75]}, "properties": {"value": 7.371, "time": "2025-12-07T14:00:00", "date": "2025-12-07", "hour": 14}}, {"type": "Feature", "geometry": {"type": "Point", "coordinates": [8.25, 54.75]}, "properties": {"value": 6.455, "time": "2025-12-07T14:00:00", "date": "2025-12-07", "hour": 14}}, {"type": "Feature", "geometry": {"type": "Point", "coordinates": [8.5, 54.75]}, "properties": {"value": 5.504, "time": "2025-12-07T14:00:00", "date": "2025-12-07", "hour": 14}}, {"type": "Feature", "geometry": {"type": "Point", "coordinates": [10.25, 54.75]}, "properties": {"value": 5.886, "time": "2025-12-07T14:00:00", "date": "2025-12-07", "hour": 14}}, {"type": "Feature", "geometry": {"type": "Point", "coordinates": [10.5, 54.75]}, "properties": {"value": 5.945, "time": "2025-12-07T14:00:00", "date": "2025-12-07", "hour": 14}}, {"type": "Feature", "geometry": {"type": "Point", "coordinates": [10.75, 54.75]}, "properties": {"value": 6.005, "time": "2025-12-07T14:00:00", "date": "2025-12-07", "hour": 14}}, {"type": "Feature", "geometry": {"type": "Point", "coordinates": [11.0, 54.75]}, "properties": {"value": 5.849, "time": "2025-12-07T14:00:00", "date": "2025-12-07", "hour": 14}}, {"type": "Feature", "geometry": {"type": "Point", "coordinates": [11.25, 54.75]}, "properties": {"value": 5.778, "time": "2025-12-07T14:00:00", "date": "2025-12-07", "hour": 14}}, {"type": "Feature", "geometry": {"type": "Point", "coordinates": [11.5, 54.75]}, "properties": {"value": 5.631, "time": "2025-12-07T14:00:00", "date": "2025-12-07", "hour": 14}}, {"type": "Feature", "geometry": {"type": "Point", "coordinates": [12.0, 54.75]}, "properties": {"value": 6.04, "time": "2025-12-07T14:00:00", "date": "2025-12-07", "hour": 14}}, {"type": "Feature", "geometry": {"type": "Point", "coordinates": [12.25, 54.75]}, "properties": {"value": 6.34, "time": "2025-12-07T14:00:00", "date": "2025-12-07", "hour": 14}}, {"type": "Feature", "geometry": {"type": "Point", "coordinates": [12.5, 54.75]}, "properties": {"value": 6.741, "time": "2025-12-07T14:00:00", "date": "2025-12-07", "hour": 14}}, {"type": "Feature", "geometry": {"type": "Point", "coordinates": [12.75, 54.75]}, "properties": {"value": 6.892, "time": "2025-12-07T14:00:00", "date": "2025-12-07", "hour": 14}}, {"type": "Feature", "geometry": {"type": "Point", "coordinates": [13.0, 54.75]}, "properties": {"value": 6.836, "time": "2025-12-07T14:00:00", "date": "2025-12-07", "hour": 14}}, {"type": "Feature", "geometry": {"type": "Point", "coordinates": [13.25, 54.75]}, "properties": {"value": 6.974, "time": "2025-12-07T14:00:00", "date": "2025-12-07", "hour": 14}}, {"type": "Feature", "geometry": {"type": "Point", "coordinates": [13.5, 54.75]}, "properties": {"value": 6.945, "time": "2025-12-07T14:00:00", "date": "2025-12-07", "hour": 14}}, {"type": "Feature", "geometry": {"type": "Point", "coordinates": [13.75, 54.75]}, "properties": {"value": 6.854, "time": "2025-12-07T14:00:00", "date": "2025-12-07", "hour": 14}}, {"type": "Feature", "geometry": {"type": "Point", "coordinates": [14.0, 54.75]}, "properties": {"value": 6.747, "time": "2025-12-07T14:00:00", "date": "2025-12-07", "hour": 14}}, {"type": "Feature", "geometry": {"type": "Point", "coordinates": [14.25, 54.75]}, "properties": {"value": 6.752, "time": "2025-12-07T14:00:00", "date": "2025-12-07", "hour": 14}}, {"type": "Feature", "geometry": {"type": "Point", "coordinates": [14.5, 54.75]}, "properties": {"value": 7.137, "time": "2025-12-07T14:00:00", "date": "2025-12-07", "hour": 14}}, {"type": "Feature", "geometry": {"type": "Point", "coordinates": [14.75, 54.75]}, "properties": {"value": 7.339, "time": "2025-12-07T14:00:00", "date": "2025-12-07", "hour": 14}}, {"type": "Feature", "geometry": {"type": "Point", "coordinates": [15.0, 54.75]}, "properties": {"value": 7.349, "time": "2025-12-07T14:00:00", "date": "2025-12-07", "hour": 14}}, {"type": "Feature", "geometry": {"type": "Point", "coordinates": [5.0, 55.0]}, "properties": {"value": 10.501, "time": "2025-12-07T14:00:00", "date": "2025-12-07", "hour": 14}}, {"type": "Feature", "geometry": {"type": "Point", "coordinates": [5.25, 55.0]}, "properties": {"value": 10.594, "time": "2025-12-07T14:00:00", "date": "2025-12-07", "hour": 14}}, {"type": "Feature", "geometry": {"type": "Point", "coordinates": [5.5, 55.0]}, "properties": {"value": 10.628, "time": "2025-12-07T14:00:00", "date": "2025-12-07", "hour": 14}}, {"type": "Feature", "geometry": {"type": "Point", "coordinates": [5.75, 55.0]}, "properties": {"value": 10.621, "time": "2025-12-07T14:00:00", "date": "2025-12-07", "hour": 14}}, {"type": "Feature", "geometry": {"type": "Point", "coordinates": [6.0, 55.0]}, "properties": {"value": 10.575, "time": "2025-12-07T14:00:00", "date": "2025-12-07", "hour": 14}}, {"type": "Feature", "geometry": {"type": "Point", "coordinates": [6.25, 55.0]}, "properties": {"value": 10.524, "time": "2025-12-07T14:00:00", "date": "2025-12-07", "hour": 14}}, {"type": "Feature", "geometry": {"type": "Point", "coordinates": [6.5, 55.0]}, "properties": {"value": 10.459, "time": "2025-12-07T14:00:00", "date": "2025-12-07", "hour": 14}}, {"type": "Feature", "geometry": {"type": "Point", "coordinates": [6.75, 55.0]}, "properties": {"value": 10.262, "time": "2025-12-07T14:00:00", "date": "2025-12-07", "hour": 14}}, {"type": "Feature", "geometry": {"type": "Point", "coordinates": [7.0, 55.0]}, "properties": {"value": 10.023, "time": "2025-12-07T14:00:00", "date": "2025-12-07", "hour": 14}}, {"type": "Feature", "geometry": {"type": "Point", "coordinates": [7.25, 55.0]}, "properties": {"value": 9.816, "time": "2025-12-07T14:00:00", "date": "2025-12-07", "hour": 14}}, {"type": "Feature", "geometry": {"type": "Point", "coordinates": [7.5, 55.0]}, "properties": {"value": 9.605, "time": "2025-12-07T14:00:00", "date": "2025-12-07", "hour": 14}}, {"type": "Feature", "geometry": {"type": "Point", "coordinates": [7.75, 55.0]}, "properties": {"value": 8.652, "time": "2025-12-07T14:00:00", "date": "2025-12-07", "hour": 14}}, {"type": "Feature", "geometry": {"type": "Point", "coordinates": [8.0, 55.0]}, "properties": {"value": 7.711, "time": "2025-12-07T14:00:00", "date": "2025-12-07", "hour": 14}}, {"type": "Feature", "geometry": {"type": "Point", "coordinates": [8.25, 55.0]}, "properties": {"value": 6.254, "time": "2025-12-07T14:00:00", "date": "2025-12-07", "hour": 14}}, {"type": "Feature", "geometry": {"type": "Point", "coordinates": [8.5, 55.0]}, "properties": {"value": 5.184, "time": "2025-12-07T14:00:00", "date": "2025-12-07", "hour": 14}}, {"type": "Feature", "geometry": {"type": "Point", "coordinates": [10.25, 55.0]}, "properties": {"value": 5.238, "time": "2025-12-07T14:00:00", "date": "2025-12-07", "hour": 14}}, {"type": "Feature", "geometry": {"type": "Point", "coordinates": [10.5, 55.0]}, "properties": {"value": 5.455, "time": "2025-12-07T14:00:00", "date": "2025-12-07", "hour": 14}}, {"type": "Feature", "geometry": {"type": "Point", "coordinates": [10.75, 55.0]}, "properties": {"value": 5.668, "time": "2025-12-07T14:00:00", "date": "2025-12-07", "hour": 14}}, {"type": "Feature", "geometry": {"type": "Point", "coordinates": [11.0, 55.0]}, "properties": {"value": 5.631, "time": "2025-12-07T14:00:00", "date": "2025-12-07", "hour": 14}}, {"type": "Feature", "geometry": {"type": "Point", "coordinates": [11.25, 55.0]}, "properties": {"value": 5.641, "time": "2025-12-07T14:00:00", "date": "2025-12-07", "hour": 14}}, {"type": "Feature", "geometry": {"type": "Point", "coordinates": [11.5, 55.0]}, "properties": {"value": 5.463, "time": "2025-12-07T14:00:00", "date": "2025-12-07", "hour": 14}}, {"type": "Feature", "geometry": {"type": "Point", "coordinates": [11.75, 55.0]}, "properties": {"value": 5.352, "time": "2025-12-07T14:00:00", "date": "2025-12-07", "hour": 14}}, {"type": "Feature", "geometry": {"type": "Point", "coordinates": [12.0, 55.0]}, "properties": {"value": 5.536, "time": "2025-12-07T14:00:00", "date": "2025-12-07", "hour": 14}}, {"type": "Feature", "geometry": {"type": "Point", "coordinates": [12.25, 55.0]}, "properties": {"value": 5.914, "time": "2025-12-07T14:00:00", "date": "2025-12-07", "hour": 14}}, {"type": "Feature", "geometry": {"type": "Point", "coordinates": [12.5, 55.0]}, "properties": {"value": 6.672, "time": "2025-12-07T14:00:00", "date": "2025-12-07", "hour": 14}}, {"type": "Feature", "geometry": {"type": "Point", "coordinates": [12.75, 55.0]}, "properties": {"value": 6.882, "time": "2025-12-07T14:00:00", "date": "2025-12-07", "hour": 14}}, {"type": "Feature", "geometry": {"type": "Point", "coordinates": [13.0, 55.0]}, "properties": {"value": 7.134, "time": "2025-12-07T14:00:00", "date": "2025-12-07", "hour": 14}}, {"type": "Feature", "geometry": {"type": "Point", "coordinates": [13.25, 55.0]}, "properties": {"value": 7.271, "time": "2025-12-07T14:00:00", "date": "2025-12-07", "hour": 14}}, {"type": "Feature", "geometry": {"type": "Point", "coordinates": [13.5, 55.0]}, "properties": {"value": 7.294, "time": "2025-12-07T14:00:00", "date": "2025-12-07", "hour": 14}}, {"type": "Feature", "geometry": {"type": "Point", "coordinates": [13.75, 55.0]}, "properties": {"value": 7.401, "time": "2025-12-07T14:00:00", "date": "2025-12-07", "hour": 14}}, {"type": "Feature", "geometry": {"type": "Point", "coordinates": [14.0, 55.0]}, "properties": {"value": 7.335, "time": "2025-12-07T14:00:00", "date": "2025-12-07", "hour": 14}}, {"type": "Feature", "geometry": {"type": "Point", "coordinates": [14.25, 55.0]}, "properties": {"value": 7.27, "time": "2025-12-07T14:00:00", "date": "2025-12-07", "hour": 14}}, {"type": "Feature", "geometry": {"type": "Point", "coordinates": [14.5, 55.0]}, "properties": {"value": 7.175, "time": "2025-12-07T14:00:00", "date": "2025-12-07", "hour": 14}}, {"type": "Feature", "geometry": {"type": "Point", "coordinates": [14.75, 55.0]}, "properties": {"value": 7.097, "time": "2025-12-07T14:00:00", "date": "2025-12-07", "hour": 14}}, {"type": "Feature", "geometry": {"type": "Point", "coordinates": [15.0, 55.0]}, "properties": {"value": 6.994, "time": "2025-12-07T14:00:00", "date": "2025-12-07", "hour": 14}}, {"type": "Feature", "geometry": {"type": "Point", "coordinates": [5.25, 52.75]}, "properties": {"value": 6.147, "time": "2025-12-07T15:00:00", "date": "2025-12-07", "hour": 15}}, {"type": "Feature", "geometry": {"type": "Point", "coordinates": [5.5, 52.75]}, "properties": {"value": 6.16, "time": "2025-12-07T15:00:00", "date": "2025-12-07", "hour": 15}}, {"type": "Feature", "geometry": {"type": "Point", "coordinates": [5.0, 53.0]}, "properties": {"value": 7.171, "time": "2025-12-07T15:00:00", "date": "2025-12-07", "hour": 15}}, {"type": "Feature", "geometry": {"type": "Point", "coordinates": [5.25, 53.0]}, "properties": {"value": 6.439, "time": "2025-12-07T15:00:00", "date": "2025-12-07", "hour": 15}}, {"type": "Feature", "geometry": {"type": "Point", "coordinates": [5.5, 53.0]}, "properties": {"value": 5.924, "time": "2025-12-07T15:00:00", "date": "2025-12-07", "hour": 15}}, {"type": "Feature", "geometry": {"type": "Point", "coordinates": [5.0, 53.25]}, "properties": {"value": 7.865, "time": "2025-12-07T15:00:00", "date": "2025-12-07", "hour": 15}}, {"type": "Feature", "geometry": {"type": "Point", "coordinates": [5.25, 53.25]}, "properties": {"value": 6.932, "time": "2025-12-07T15:00:00", "date": "2025-12-07", "hour": 15}}, {"type": "Feature", "geometry": {"type": "Point", "coordinates": [5.5, 53.25]}, "properties": {"value": 6.369, "time": "2025-12-07T15:00:00", "date": "2025-12-07", "hour": 15}}, {"type": "Feature", "geometry": {"type": "Point", "coordinates": [5.0, 53.5]}, "properties": {"value": 9.501, "time": "2025-12-07T15:00:00", "date": "2025-12-07", "hour": 15}}, {"type": "Feature", "geometry": {"type": "Point", "coordinates": [5.25, 53.5]}, "properties": {"value": 8.861, "time": "2025-12-07T15:00:00", "date": "2025-12-07", "hour": 15}}, {"type": "Feature", "geometry": {"type": "Point", "coordinates": [5.5, 53.5]}, "properties": {"value": 8.653, "time": "2025-12-07T15:00:00", "date": "2025-12-07", "hour": 15}}, {"type": "Feature", "geometry": {"type": "Point", "coordinates": [5.75, 53.5]}, "properties": {"value": 8.293, "time": "2025-12-07T15:00:00", "date": "2025-12-07", "hour": 15}}, {"type": "Feature", "geometry": {"type": "Point", "coordinates": [6.0, 53.5]}, "properties": {"value": 7.801, "time": "2025-12-07T15:00:00", "date": "2025-12-07", "hour": 15}}, {"type": "Feature", "geometry": {"type": "Point", "coordinates": [6.25, 53.5]}, "properties": {"value": 7.239, "time": "2025-12-07T15:00:00", "date": "2025-12-07", "hour": 15}}, {"type": "Feature", "geometry": {"type": "Point", "coordinates": [6.5, 53.5]}, "properties": {"value": 6.941, "time": "2025-12-07T15:00:00", "date": "2025-12-07", "hour": 15}}, {"type": "Feature", "geometry": {"type": "Point", "coordinates": [6.75, 53.5]}, "properties": {"value": 6.41, "time": "2025-12-07T15:00:00", "date": "2025-12-07", "hour": 15}}, {"type": "Feature", "geometry": {"type": "Point", "coordinates": [5.0, 53.75]}, "properties": {"value": 10.179, "time": "2025-12-07T15:00:00", "date": "2025-12-07", "hour": 15}}, {"type": "Feature", "geometry": {"type": "Point", "coordinates": [5.25, 53.75]}, "properties": {"value": 9.873, "time": "2025-12-07T15:00:00", "date": "2025-12-07", "hour": 15}}, {"type": "Feature", "geometry": {"type": "Point", "coordinates": [5.5, 53.75]}, "properties": {"value": 9.645, "time": "2025-12-07T15:00:00", "date": "2025-12-07", "hour": 15}}, {"type": "Feature", "geometry": {"type": "Point", "coordinates": [5.75, 53.75]}, "properties": {"value": 9.381, "time": "2025-12-07T15:00:00", "date": "2025-12-07", "hour": 15}}, {"type": "Feature", "geometry": {"type": "Point", "coordinates": [6.0, 53.75]}, "properties": {"value": 8.995, "time": "2025-12-07T15:00:00", "date": "2025-12-07", "hour": 15}}, {"type": "Feature", "geometry": {"type": "Point", "coordinates": [6.25, 53.75]}, "properties": {"value": 8.739, "time": "2025-12-07T15:00:00", "date": "2025-12-07", "hour": 15}}, {"type": "Feature", "geometry": {"type": "Point", "coordinates": [6.5, 53.75]}, "properties": {"value": 8.275, "time": "2025-12-07T15:00:00", "date": "2025-12-07", "hour": 15}}, {"type": "Feature", "geometry": {"type": "Point", "coordinates": [6.75, 53.75]}, "properties": {"value": 7.785, "time": "2025-12-07T15:00:00", "date": "2025-12-07", "hour": 15}}, {"type": "Feature", "geometry": {"type": "Point", "coordinates": [7.0, 53.75]}, "properties": {"value": 7.909, "time": "2025-12-07T15:00:00", "date": "2025-12-07", "hour": 15}}, {"type": "Feature", "geometry": {"type": "Point", "coordinates": [7.25, 53.75]}, "properties": {"value": 7.525, "time": "2025-12-07T15:00:00", "date": "2025-12-07", "hour": 15}}, {"type": "Feature", "geometry": {"type": "Point", "coordinates": [7.5, 53.75]}, "properties": {"value": 7.782, "time": "2025-12-07T15:00:00", "date": "2025-12-07", "hour": 15}}, {"type": "Feature", "geometry": {"type": "Point", "coordinates": [7.75, 53.75]}, "properties": {"value": 7.825, "time": "2025-12-07T15:00:00", "date": "2025-12-07", "hour": 15}}, {"type": "Feature", "geometry": {"type": "Point", "coordinates": [8.0, 53.75]}, "properties": {"value": 7.579, "time": "2025-12-07T15:00:00", "date": "2025-12-07", "hour": 15}}, {"type": "Feature", "geometry": {"type": "Point", "coordinates": [8.25, 53.75]}, "properties": {"value": 6.981, "time": "2025-12-07T15:00:00", "date": "2025-12-07", "hour": 15}}, {"type": "Feature", "geometry": {"type": "Point", "coordinates": [8.5, 53.75]}, "properties": {"value": 6.347, "time": "2025-12-07T15:00:00", "date": "2025-12-07", "hour": 15}}, {"type": "Feature", "geometry": {"type": "Point", "coordinates": [8.75, 53.75]}, "properties": {"value": 6.347, "time": "2025-12-07T15:00:00", "date": "2025-12-07", "hour": 15}}, {"type": "Feature", "geometry": {"type": "Point", "coordinates": [14.25, 53.75]}, "properties": {"value": 2.389, "time": "2025-12-07T15:00:00", "date": "2025-12-07", "hour": 15}}, {"type": "Feature", "geometry": {"type": "Point", "coordinates": [14.5, 53.75]}, "properties": {"value": 2.389, "time": "2025-12-07T15:00:00", "date": "2025-12-07", "hour": 15}}, {"type": "Feature", "geometry": {"type": "Point", "coordinates": [5.0, 54.0]}, "properties": {"value": 10.438, "time": "2025-12-07T15:00:00", "date": "2025-12-07", "hour": 15}}, {"type": "Feature", "geometry": {"type": "Point", "coordinates": [5.25, 54.0]}, "properties": {"value": 10.368, "time": "2025-12-07T15:00:00", "date": "2025-12-07", "hour": 15}}, {"type": "Feature", "geometry": {"type": "Point", "coordinates": [5.5, 54.0]}, "properties": {"value": 10.141, "time": "2025-12-07T15:00:00", "date": "2025-12-07", "hour": 15}}, {"type": "Feature", "geometry": {"type": "Point", "coordinates": [5.75, 54.0]}, "properties": {"value": 9.927, "time": "2025-12-07T15:00:00", "date": "2025-12-07", "hour": 15}}, {"type": "Feature", "geometry": {"type": "Point", "coordinates": [6.0, 54.0]}, "properties": {"value": 9.776, "time": "2025-12-07T15:00:00", "date": "2025-12-07", "hour": 15}}, {"type": "Feature", "geometry": {"type": "Point", "coordinates": [6.25, 54.0]}, "properties": {"value": 9.597, "time": "2025-12-07T15:00:00", "date": "2025-12-07", "hour": 15}}, {"type": "Feature", "geometry": {"type": "Point", "coordinates": [6.5, 54.0]}, "properties": {"value": 9.186, "time": "2025-12-07T15:00:00", "date": "2025-12-07", "hour": 15}}, {"type": "Feature", "geometry": {"type": "Point", "coordinates": [6.75, 54.0]}, "properties": {"value": 8.976, "time": "2025-12-07T15:00:00", "date": "2025-12-07", "hour": 15}}, {"type": "Feature", "geometry": {"type": "Point", "coordinates": [7.0, 54.0]}, "properties": {"value": 8.887, "time": "2025-12-07T15:00:00", "date": "2025-12-07", "hour": 15}}, {"type": "Feature", "geometry": {"type": "Point", "coordinates": [7.25, 54.0]}, "properties": {"value": 8.651, "time": "2025-12-07T15:00:00", "date": "2025-12-07", "hour": 15}}, {"type": "Feature", "geometry": {"type": "Point", "coordinates": [7.5, 54.0]}, "properties": {"value": 8.716, "time": "2025-12-07T15:00:00", "date": "2025-12-07", "hour": 15}}, {"type": "Feature", "geometry": {"type": "Point", "coordinates": [7.75, 54.0]}, "properties": {"value": 8.667, "time": "2025-12-07T15:00:00", "date": "2025-12-07", "hour": 15}}, {"type": "Feature", "geometry": {"type": "Point", "coordinates": [8.0, 54.0]}, "properties": {"value": 8.566, "time": "2025-12-07T15:00:00", "date": "2025-12-07", "hour": 15}}, {"type": "Feature", "geometry": {"type": "Point", "coordinates": [8.25, 54.0]}, "properties": {"value": 8.113, "time": "2025-12-07T15:00:00", "date": "2025-12-07", "hour": 15}}, {"type": "Feature", "geometry": {"type": "Point", "coordinates": [8.5, 54.0]}, "properties": {"value": 6.776, "time": "2025-12-07T15:00:00", "date": "2025-12-07", "hour": 15}}, {"type": "Feature", "geometry": {"type": "Point", "coordinates": [11.25, 54.0]}, "properties": {"value": 5.168, "time": "2025-12-07T15:00:00", "date": "2025-12-07", "hour": 15}}, {"type": "Feature", "geometry": {"type": "Point", "coordinates": [14.0, 54.0]}, "properties": {"value": 3.979, "time": "2025-12-07T15:00:00", "date": "2025-12-07", "hour": 15}}, {"type": "Feature", "geometry": {"type": "Point", "coordinates": [14.25, 54.0]}, "properties": {"value": 4.777, "time": "2025-12-07T15:00:00", "date": "2025-12-07", "hour": 15}}, {"type": "Feature", "geometry": {"type": "Point", "coordinates": [14.5, 54.0]}, "properties": {"value": 4.438, "time": "2025-12-07T15:00:00", "date": "2025-12-07", "hour": 15}}, {"type": "Feature", "geometry": {"type": "Point", "coordinates": [14.75, 54.0]}, "properties": {"value": 4.948, "time": "2025-12-07T15:00:00", "date": "2025-12-07", "hour": 15}}, {"type": "Feature", "geometry": {"type": "Point", "coordinates": [5.0, 54.25]}, "properties": {"value": 10.514, "time": "2025-12-07T15:00:00", "date": "2025-12-07", "hour": 15}}, {"type": "Feature", "geometry": {"type": "Point", "coordinates": [5.25, 54.25]}, "properties": {"value": 10.461, "time": "2025-12-07T15:00:00", "date": "2025-12-07", "hour": 15}}, {"type": "Feature", "geometry": {"type": "Point", "coordinates": [5.5, 54.25]}, "properties": {"value": 10.37, "time": "2025-12-07T15:00:00", "date": "2025-12-07", "hour": 15}}, {"type": "Feature", "geometry": {"type": "Point", "coordinates": [5.75, 54.25]}, "properties": {"value": 10.193, "time": "2025-12-07T15:00:00", "date": "2025-12-07", "hour": 15}}, {"type": "Feature", "geometry": {"type": "Point", "coordinates": [6.0, 54.25]}, "properties": {"value": 10.126, "time": "2025-12-07T15:00:00", "date": "2025-12-07", "hour": 15}}, {"type": "Feature", "geometry": {"type": "Point", "coordinates": [6.25, 54.25]}, "properties": {"value": 10.002, "time": "2025-12-07T15:00:00", "date": "2025-12-07", "hour": 15}}, {"type": "Feature", "geometry": {"type": "Point", "coordinates": [6.5, 54.25]}, "properties": {"value": 9.844, "time": "2025-12-07T15:00:00", "date": "2025-12-07", "hour": 15}}, {"type": "Feature", "geometry": {"type": "Point", "coordinates": [6.75, 54.25]}, "properties": {"value": 9.685, "time": "2025-12-07T15:00:00", "date": "2025-12-07", "hour": 15}}, {"type": "Feature", "geometry": {"type": "Point", "coordinates": [7.0, 54.25]}, "properties": {"value": 9.6, "time": "2025-12-07T15:00:00", "date": "2025-12-07", "hour": 15}}, {"type": "Feature", "geometry": {"type": "Point", "coordinates": [7.25, 54.25]}, "properties": {"value": 9.517, "time": "2025-12-07T15:00:00", "date": "2025-12-07", "hour": 15}}, {"type": "Feature", "geometry": {"type": "Point", "coordinates": [7.5, 54.25]}, "properties": {"value": 9.463, "time": "2025-12-07T15:00:00", "date": "2025-12-07", "hour": 15}}, {"type": "Feature", "geometry": {"type": "Point", "coordinates": [7.75, 54.25]}, "properties": {"value": 9.033, "time": "2025-12-07T15:00:00", "date": "2025-12-07", "hour": 15}}, {"type": "Feature", "geometry": {"type": "Point", "coordinates": [8.0, 54.25]}, "properties": {"value": 8.815, "time": "2025-12-07T15:00:00", "date": "2025-12-07", "hour": 15}}, {"type": "Feature", "geometry": {"type": "Point", "coordinates": [8.25, 54.25]}, "properties": {"value": 7.76, "time": "2025-12-07T15:00:00", "date": "2025-12-07", "hour": 15}}, {"type": "Feature", "geometry": {"type": "Point", "coordinates": [8.5, 54.25]}, "properties": {"value": 6.486, "time": "2025-12-07T15:00:00", "date": "2025-12-07", "hour": 15}}, {"type": "Feature", "geometry": {"type": "Point", "coordinates": [10.75, 54.25]}, "properties": {"value": 5.775, "time": "2025-12-07T15:00:00", "date": "2025-12-07", "hour": 15}}, {"type": "Feature", "geometry": {"type": "Point", "coordinates": [11.25, 54.25]}, "properties": {"value": 5.602, "time": "2025-12-07T15:00:00", "date": "2025-12-07", "hour": 15}}, {"type": "Feature", "geometry": {"type": "Point", "coordinates": [11.75, 54.25]}, "properties": {"value": 6.159, "time": "2025-12-07T15:00:00", "date": "2025-12-07", "hour": 15}}, {"type": "Feature", "geometry": {"type": "Point", "coordinates": [12.25, 54.25]}, "properties": {"value": 6.117, "time": "2025-12-07T15:00:00", "date": "2025-12-07", "hour": 15}}, {"type": "Feature", "geometry": {"type": "Point", "coordinates": [13.75, 54.25]}, "properties": {"value": 4.522, "time": "2025-12-07T15:00:00", "date": "2025-12-07", "hour": 15}}, {"type": "Feature", "geometry": {"type": "Point", "coordinates": [14.0, 54.25]}, "properties": {"value": 4.784, "time": "2025-12-07T15:00:00", "date": "2025-12-07", "hour": 15}}, {"type": "Feature", "geometry": {"type": "Point", "coordinates": [14.25, 54.25]}, "properties": {"value": 5.295, "time": "2025-12-07T15:00:00", "date": "2025-12-07", "hour": 15}}, {"type": "Feature", "geometry": {"type": "Point", "coordinates": [14.5, 54.25]}, "properties": {"value": 5.434, "time": "2025-12-07T15:00:00", "date": "2025-12-07", "hour": 15}}, {"type": "Feature", "geometry": {"type": "Point", "coordinates": [14.75, 54.25]}, "properties": {"value": 5.709, "time": "2025-12-07T15:00:00", "date": "2025-12-07", "hour": 15}}, {"type": "Feature", "geometry": {"type": "Point", "coordinates": [15.0, 54.25]}, "properties": {"value": 6.474, "time": "2025-12-07T15:00:00", "date": "2025-12-07", "hour": 15}}, {"type": "Feature", "geometry": {"type": "Point", "coordinates": [5.0, 54.5]}, "properties": {"value": 10.537, "time": "2025-12-07T15:00:00", "date": "2025-12-07", "hour": 15}}, {"type": "Feature", "geometry": {"type": "Point", "coordinates": [5.25, 54.5]}, "properties": {"value": 10.545, "time": "2025-12-07T15:00:00", "date": "2025-12-07", "hour": 15}}, {"type": "Feature", "geometry": {"type": "Point", "coordinates": [5.5, 54.5]}, "properties": {"value": 10.5, "time": "2025-12-07T15:00:00", "date": "2025-12-07", "hour": 15}}, {"type": "Feature", "geometry": {"type": "Point", "coordinates": [5.75, 54.5]}, "properties": {"value": 10.423, "time": "2025-12-07T15:00:00", "date": "2025-12-07", "hour": 15}}, {"type": "Feature", "geometry": {"type": "Point", "coordinates": [6.0, 54.5]}, "properties": {"value": 10.375, "time": "2025-12-07T15:00:00", "date": "2025-12-07", "hour": 15}}, {"type": "Feature", "geometry": {"type": "Point", "coordinates": [6.25, 54.5]}, "properties": {"value": 10.318, "time": "2025-12-07T15:00:00", "date": "2025-12-07", "hour": 15}}, {"type": "Feature", "geometry": {"type": "Point", "coordinates": [6.5, 54.5]}, "properties": {"value": 10.188, "time": "2025-12-07T15:00:00", "date": "2025-12-07", "hour": 15}}, {"type": "Feature", "geometry": {"type": "Point", "coordinates": [6.75, 54.5]}, "properties": {"value": 10.09, "time": "2025-12-07T15:00:00", "date": "2025-12-07", "hour": 15}}, {"type": "Feature", "geometry": {"type": "Point", "coordinates": [7.0, 54.5]}, "properties": {"value": 9.96, "time": "2025-12-07T15:00:00", "date": "2025-12-07", "hour": 15}}, {"type": "Feature", "geometry": {"type": "Point", "coordinates": [7.25, 54.5]}, "properties": {"value": 9.758, "time": "2025-12-07T15:00:00", "date": "2025-12-07", "hour": 15}}, {"type": "Feature", "geometry": {"type": "Point", "coordinates": [7.5, 54.5]}, "properties": {"value": 9.68, "time": "2025-12-07T15:00:00", "date": "2025-12-07", "hour": 15}}, {"type": "Feature", "geometry": {"type": "Point", "coordinates": [7.75, 54.5]}, "properties": {"value": 9.1, "time": "2025-12-07T15:00:00", "date": "2025-12-07", "hour": 15}}, {"type": "Feature", "geometry": {"type": "Point", "coordinates": [8.0, 54.5]}, "properties": {"value": 7.947, "time": "2025-12-07T15:00:00", "date": "2025-12-07", "hour": 15}}, {"type": "Feature", "geometry": {"type": "Point", "coordinates": [8.25, 54.5]}, "properties": {"value": 6.944, "time": "2025-12-07T15:00:00", "date": "2025-12-07", "hour": 15}}, {"type": "Feature", "geometry": {"type": "Point", "coordinates": [8.5, 54.5]}, "properties": {"value": 6.008, "time": "2025-12-07T15:00:00", "date": "2025-12-07", "hour": 15}}, {"type": "Feature", "geometry": {"type": "Point", "coordinates": [10.5, 54.5]}, "properties": {"value": 5.923, "time": "2025-12-07T15:00:00", "date": "2025-12-07", "hour": 15}}, {"type": "Feature", "geometry": {"type": "Point", "coordinates": [10.75, 54.5]}, "properties": {"value": 5.939, "time": "2025-12-07T15:00:00", "date": "2025-12-07", "hour": 15}}, {"type": "Feature", "geometry": {"type": "Point", "coordinates": [11.0, 54.5]}, "properties": {"value": 5.803, "time": "2025-12-07T15:00:00", "date": "2025-12-07", "hour": 15}}, {"type": "Feature", "geometry": {"type": "Point", "coordinates": [11.25, 54.5]}, "properties": {"value": 5.907, "time": "2025-12-07T15:00:00", "date": "2025-12-07", "hour": 15}}, {"type": "Feature", "geometry": {"type": "Point", "coordinates": [11.5, 54.5]}, "properties": {"value": 6.007, "time": "2025-12-07T15:00:00", "date": "2025-12-07", "hour": 15}}, {"type": "Feature", "geometry": {"type": "Point", "coordinates": [11.75, 54.5]}, "properties": {"value": 6.186, "time": "2025-12-07T15:00:00", "date": "2025-12-07", "hour": 15}}, {"type": "Feature", "geometry": {"type": "Point", "coordinates": [12.0, 54.5]}, "properties": {"value": 6.258, "time": "2025-12-07T15:00:00", "date": "2025-12-07", "hour": 15}}, {"type": "Feature", "geometry": {"type": "Point", "coordinates": [12.25, 54.5]}, "properties": {"value": 6.26, "time": "2025-12-07T15:00:00", "date": "2025-12-07", "hour": 15}}, {"type": "Feature", "geometry": {"type": "Point", "coordinates": [13.0, 54.5]}, "properties": {"value": 6.794, "time": "2025-12-07T15:00:00", "date": "2025-12-07", "hour": 15}}, {"type": "Feature", "geometry": {"type": "Point", "coordinates": [13.25, 54.5]}, "properties": {"value": 6.152, "time": "2025-12-07T15:00:00", "date": "2025-12-07", "hour": 15}}, {"type": "Feature", "geometry": {"type": "Point", "coordinates": [13.5, 54.5]}, "properties": {"value": 5.82, "time": "2025-12-07T15:00:00", "date": "2025-12-07", "hour": 15}}, {"type": "Feature", "geometry": {"type": "Point", "coordinates": [13.75, 54.5]}, "properties": {"value": 5.728, "time": "2025-12-07T15:00:00", "date": "2025-12-07", "hour": 15}}, {"type": "Feature", "geometry": {"type": "Point", "coordinates": [14.0, 54.5]}, "properties": {"value": 5.939, "time": "2025-12-07T15:00:00", "date": "2025-12-07", "hour": 15}}, {"type": "Feature", "geometry": {"type": "Point", "coordinates": [14.25, 54.5]}, "properties": {"value": 6.117, "time": "2025-12-07T15:00:00", "date": "2025-12-07", "hour": 15}}, {"type": "Feature", "geometry": {"type": "Point", "coordinates": [14.5, 54.5]}, "properties": {"value": 6.426, "time": "2025-12-07T15:00:00", "date": "2025-12-07", "hour": 15}}, {"type": "Feature", "geometry": {"type": "Point", "coordinates": [14.75, 54.5]}, "properties": {"value": 6.671, "time": "2025-12-07T15:00:00", "date": "2025-12-07", "hour": 15}}, {"type": "Feature", "geometry": {"type": "Point", "coordinates": [15.0, 54.5]}, "properties": {"value": 7.412, "time": "2025-12-07T15:00:00", "date": "2025-12-07", "hour": 15}}, {"type": "Feature", "geometry": {"type": "Point", "coordinates": [5.0, 54.75]}, "properties": {"value": 10.535, "time": "2025-12-07T15:00:00", "date": "2025-12-07", "hour": 15}}, {"type": "Feature", "geometry": {"type": "Point", "coordinates": [5.25, 54.75]}, "properties": {"value": 10.543, "time": "2025-12-07T15:00:00", "date": "2025-12-07", "hour": 15}}, {"type": "Feature", "geometry": {"type": "Point", "coordinates": [5.5, 54.75]}, "properties": {"value": 10.564, "time": "2025-12-07T15:00:00", "date": "2025-12-07", "hour": 15}}, {"type": "Feature", "geometry": {"type": "Point", "coordinates": [5.75, 54.75]}, "properties": {"value": 10.557, "time": "2025-12-07T15:00:00", "date": "2025-12-07", "hour": 15}}, {"type": "Feature", "geometry": {"type": "Point", "coordinates": [6.0, 54.75]}, "properties": {"value": 10.525, "time": "2025-12-07T15:00:00", "date": "2025-12-07", "hour": 15}}, {"type": "Feature", "geometry": {"type": "Point", "coordinates": [6.25, 54.75]}, "properties": {"value": 10.467, "time": "2025-12-07T15:00:00", "date": "2025-12-07", "hour": 15}}, {"type": "Feature", "geometry": {"type": "Point", "coordinates": [6.5, 54.75]}, "properties": {"value": 10.396, "time": "2025-12-07T15:00:00", "date": "2025-12-07", "hour": 15}}, {"type": "Feature", "geometry": {"type": "Point", "coordinates": [6.75, 54.75]}, "properties": {"value": 10.212, "time": "2025-12-07T15:00:00", "date": "2025-12-07", "hour": 15}}, {"type": "Feature", "geometry": {"type": "Point", "coordinates": [7.0, 54.75]}, "properties": {"value": 10.06, "time": "2025-12-07T15:00:00", "date": "2025-12-07", "hour": 15}}, {"type": "Feature", "geometry": {"type": "Point", "coordinates": [7.25, 54.75]}, "properties": {"value": 9.85, "time": "2025-12-07T15:00:00", "date": "2025-12-07", "hour": 15}}, {"type": "Feature", "geometry": {"type": "Point", "coordinates": [7.5, 54.75]}, "properties": {"value": 9.634, "time": "2025-12-07T15:00:00", "date": "2025-12-07", "hour": 15}}, {"type": "Feature", "geometry": {"type": "Point", "coordinates": [7.75, 54.75]}, "properties": {"value": 8.565, "time": "2025-12-07T15:00:00", "date": "2025-12-07", "hour": 15}}, {"type": "Feature", "geometry": {"type": "Point", "coordinates": [8.0, 54.75]}, "properties": {"value": 7.371, "time": "2025-12-07T15:00:00", "date": "2025-12-07", "hour": 15}}, {"type": "Feature", "geometry": {"type": "Point", "coordinates": [8.25, 54.75]}, "properties": {"value": 6.455, "time": "2025-12-07T15:00:00", "date": "2025-12-07", "hour": 15}}, {"type": "Feature", "geometry": {"type": "Point", "coordinates": [8.5, 54.75]}, "properties": {"value": 5.504, "time": "2025-12-07T15:00:00", "date": "2025-12-07", "hour": 15}}, {"type": "Feature", "geometry": {"type": "Point", "coordinates": [10.25, 54.75]}, "properties": {"value": 5.886, "time": "2025-12-07T15:00:00", "date": "2025-12-07", "hour": 15}}, {"type": "Feature", "geometry": {"type": "Point", "coordinates": [10.5, 54.75]}, "properties": {"value": 5.945, "time": "2025-12-07T15:00:00", "date": "2025-12-07", "hour": 15}}, {"type": "Feature", "geometry": {"type": "Point", "coordinates": [10.75, 54.75]}, "properties": {"value": 6.005, "time": "2025-12-07T15:00:00", "date": "2025-12-07", "hour": 15}}, {"type": "Feature", "geometry": {"type": "Point", "coordinates": [11.0, 54.75]}, "properties": {"value": 5.849, "time": "2025-12-07T15:00:00", "date": "2025-12-07", "hour": 15}}, {"type": "Feature", "geometry": {"type": "Point", "coordinates": [11.25, 54.75]}, "properties": {"value": 5.778, "time": "2025-12-07T15:00:00", "date": "2025-12-07", "hour": 15}}, {"type": "Feature", "geometry": {"type": "Point", "coordinates": [11.5, 54.75]}, "properties": {"value": 5.631, "time": "2025-12-07T15:00:00", "date": "2025-12-07", "hour": 15}}, {"type": "Feature", "geometry": {"type": "Point", "coordinates": [12.0, 54.75]}, "properties": {"value": 6.04, "time": "2025-12-07T15:00:00", "date": "2025-12-07", "hour": 15}}, {"type": "Feature", "geometry": {"type": "Point", "coordinates": [12.25, 54.75]}, "properties": {"value": 6.34, "time": "2025-12-07T15:00:00", "date": "2025-12-07", "hour": 15}}, {"type": "Feature", "geometry": {"type": "Point", "coordinates": [12.5, 54.75]}, "properties": {"value": 6.741, "time": "2025-12-07T15:00:00", "date": "2025-12-07", "hour": 15}}, {"type": "Feature", "geometry": {"type": "Point", "coordinates": [12.75, 54.75]}, "properties": {"value": 6.892, "time": "2025-12-07T15:00:00", "date": "2025-12-07", "hour": 15}}, {"type": "Feature", "geometry": {"type": "Point", "coordinates": [13.0, 54.75]}, "properties": {"value": 6.836, "time": "2025-12-07T15:00:00", "date": "2025-12-07", "hour": 15}}, {"type": "Feature", "geometry": {"type": "Point", "coordinates": [13.25, 54.75]}, "properties": {"value": 6.974, "time": "2025-12-07T15:00:00", "date": "2025-12-07", "hour": 15}}, {"type": "Feature", "geometry": {"type": "Point", "coordinates": [13.5, 54.75]}, "properties": {"value": 6.945, "time": "2025-12-07T15:00:00", "date": "2025-12-07", "hour": 15}}, {"type": "Feature", "geometry": {"type": "Point", "coordinates": [13.75, 54.75]}, "properties": {"value": 6.854, "time": "2025-12-07T15:00:00", "date": "2025-12-07", "hour": 15}}, {"type": "Feature", "geometry": {"type": "Point", "coordinates": [14.0, 54.75]}, "properties": {"value": 6.747, "time": "2025-12-07T15:00:00", "date": "2025-12-07", "hour": 15}}, {"type": "Feature", "geometry": {"type": "Point", "coordinates": [14.25, 54.75]}, "properties": {"value": 6.752, "time": "2025-12-07T15:00:00", "date": "2025-12-07", "hour": 15}}, {"type": "Feature", "geometry": {"type": "Point", "coordinates": [14.5, 54.75]}, "properties": {"value": 7.137, "time": "2025-12-07T15:00:00", "date": "2025-12-07", "hour": 15}}, {"type": "Feature", "geometry": {"type": "Point", "coordinates": [14.75, 54.75]}, "properties": {"value": 7.339, "time": "2025-12-07T15:00:00", "date": "2025-12-07", "hour": 15}}, {"type": "Feature", "geometry": {"type": "Point", "coordinates": [15.0, 54.75]}, "properties": {"value": 7.349, "time": "2025-12-07T15:00:00", "date": "2025-12-07", "hour": 15}}, {"type": "Feature", "geometry": {"type": "Point", "coordinates": [5.0, 55.0]}, "properties": {"value": 10.501, "time": "2025-12-07T15:00:00", "date": "2025-12-07", "hour": 15}}, {"type": "Feature", "geometry": {"type": "Point", "coordinates": [5.25, 55.0]}, "properties": {"value": 10.594, "time": "2025-12-07T15:00:00", "date": "2025-12-07", "hour": 15}}, {"type": "Feature", "geometry": {"type": "Point", "coordinates": [5.5, 55.0]}, "properties": {"value": 10.628, "time": "2025-12-07T15:00:00", "date": "2025-12-07", "hour": 15}}, {"type": "Feature", "geometry": {"type": "Point", "coordinates": [5.75, 55.0]}, "properties": {"value": 10.621, "time": "2025-12-07T15:00:00", "date": "2025-12-07", "hour": 15}}, {"type": "Feature", "geometry": {"type": "Point", "coordinates": [6.0, 55.0]}, "properties": {"value": 10.575, "time": "2025-12-07T15:00:00", "date": "2025-12-07", "hour": 15}}, {"type": "Feature", "geometry": {"type": "Point", "coordinates": [6.25, 55.0]}, "properties": {"value": 10.524, "time": "2025-12-07T15:00:00", "date": "2025-12-07", "hour": 15}}, {"type": "Feature", "geometry": {"type": "Point", "coordinates": [6.5, 55.0]}, "properties": {"value": 10.459, "time": "2025-12-07T15:00:00", "date": "2025-12-07", "hour": 15}}, {"type": "Feature", "geometry": {"type": "Point", "coordinates": [6.75, 55.0]}, "properties": {"value": 10.262, "time": "2025-12-07T15:00:00", "date": "2025-12-07", "hour": 15}}, {"type": "Feature", "geometry": {"type": "Point", "coordinates": [7.0, 55.0]}, "properties": {"value": 10.023, "time": "2025-12-07T15:00:00", "date": "2025-12-07", "hour": 15}}, {"type": "Feature", "geometry": {"type": "Point", "coordinates": [7.25, 55.0]}, "properties": {"value": 9.816, "time": "2025-12-07T15:00:00", "date": "2025-12-07", "hour": 15}}, {"type": "Feature", "geometry": {"type": "Point", "coordinates": [7.5, 55.0]}, "properties": {"value": 9.605, "time": "2025-12-07T15:00:00", "date": "2025-12-07", "hour": 15}}, {"type": "Feature", "geometry": {"type": "Point", "coordinates": [7.75, 55.0]}, "properties": {"value": 8.652, "time": "2025-12-07T15:00:00", "date": "2025-12-07", "hour": 15}}, {"type": "Feature", "geometry": {"type": "Point", "coordinates": [8.0, 55.0]}, "properties": {"value": 7.711, "time": "2025-12-07T15:00:00", "date": "2025-12-07", "hour": 15}}, {"type": "Feature", "geometry": {"type": "Point", "coordinates": [8.25, 55.0]}, "properties": {"value": 6.254, "time": "2025-12-07T15:00:00", "date": "2025-12-07", "hour": 15}}, {"type": "Feature", "geometry": {"type": "Point", "coordinates": [8.5, 55.0]}, "properties": {"value": 5.184, "time": "2025-12-07T15:00:00", "date": "2025-12-07", "hour": 15}}, {"type": "Feature", "geometry": {"type": "Point", "coordinates": [10.25, 55.0]}, "properties": {"value": 5.238, "time": "2025-12-07T15:00:00", "date": "2025-12-07", "hour": 15}}, {"type": "Feature", "geometry": {"type": "Point", "coordinates": [10.5, 55.0]}, "properties": {"value": 5.455, "time": "2025-12-07T15:00:00", "date": "2025-12-07", "hour": 15}}, {"type": "Feature", "geometry": {"type": "Point", "coordinates": [10.75, 55.0]}, "properties": {"value": 5.668, "time": "2025-12-07T15:00:00", "date": "2025-12-07", "hour": 15}}, {"type": "Feature", "geometry": {"type": "Point", "coordinates": [11.0, 55.0]}, "properties": {"value": 5.631, "time": "2025-12-07T15:00:00", "date": "2025-12-07", "hour": 15}}, {"type": "Feature", "geometry": {"type": "Point", "coordinates": [11.25, 55.0]}, "properties": {"value": 5.641, "time": "2025-12-07T15:00:00", "date": "2025-12-07", "hour": 15}}, {"type": "Feature", "geometry": {"type": "Point", "coordinates": [11.5, 55.0]}, "properties": {"value": 5.463, "time": "2025-12-07T15:00:00", "date": "2025-12-07", "hour": 15}}, {"type": "Feature", "geometry": {"type": "Point", "coordinates": [11.75, 55.0]}, "properties": {"value": 5.352, "time": "2025-12-07T15:00:00", "date": "2025-12-07", "hour": 15}}, {"type": "Feature", "geometry": {"type": "Point", "coordinates": [12.0, 55.0]}, "properties": {"value": 5.536, "time": "2025-12-07T15:00:00", "date": "2025-12-07", "hour": 15}}, {"type": "Feature", "geometry": {"type": "Point", "coordinates": [12.25, 55.0]}, "properties": {"value": 5.914, "time": "2025-12-07T15:00:00", "date": "2025-12-07", "hour": 15}}, {"type": "Feature", "geometry": {"type": "Point", "coordinates": [12.5, 55.0]}, "properties": {"value": 6.672, "time": "2025-12-07T15:00:00", "date": "2025-12-07", "hour": 15}}, {"type": "Feature", "geometry": {"type": "Point", "coordinates": [12.75, 55.0]}, "properties": {"value": 6.882, "time": "2025-12-07T15:00:00", "date": "2025-12-07", "hour": 15}}, {"type": "Feature", "geometry": {"type": "Point", "coordinates": [13.0, 55.0]}, "properties": {"value": 7.134, "time": "2025-12-07T15:00:00", "date": "2025-12-07", "hour": 15}}, {"type": "Feature", "geometry": {"type": "Point", "coordinates": [13.25, 55.0]}, "properties": {"value": 7.271, "time": "2025-12-07T15:00:00", "date": "2025-12-07", "hour": 15}}, {"type": "Feature", "geometry": {"type": "Point", "coordinates": [13.5, 55.0]}, "properties": {"value": 7.294, "time": "2025-12-07T15:00:00", "date": "2025-12-07", "hour": 15}}, {"type": "Feature", "geometry": {"type": "Point", "coordinates": [13.75, 55.0]}, "properties": {"value": 7.401, "time": "2025-12-07T15:00:00", "date": "2025-12-07", "hour": 15}}, {"type": "Feature", "geometry": {"type": "Point", "coordinates": [14.0, 55.0]}, "properties": {"value": 7.335, "time": "2025-12-07T15:00:00", "date": "2025-12-07", "hour": 15}}, {"type": "Feature", "geometry": {"type": "Point", "coordinates": [14.25, 55.0]}, "properties": {"value": 7.27, "time": "2025-12-07T15:00:00", "date": "2025-12-07", "hour": 15}}, {"type": "Feature", "geometry": {"type": "Point", "coordinates": [14.5, 55.0]}, "properties": {"value": 7.175, "time": "2025-12-07T15:00:00", "date": "2025-12-07", "hour": 15}}, {"type": "Feature", "geometry": {"type": "Point", "coordinates": [14.75, 55.0]}, "properties": {"value": 7.097, "time": "2025-12-07T15:00:00", "date": "2025-12-07", "hour": 15}}, {"type": "Feature", "geometry": {"type": "Point", "coordinates": [15.0, 55.0]}, "properties": {"value": 6.994, "time": "2025-12-07T15:00:00", "date": "2025-12-07", "hour": 15}}, {"type": "Feature", "geometry": {"type": "Point", "coordinates": [5.25, 52.75]}, "properties": {"value": 6.147, "time": "2025-12-07T16:00:00", "date": "2025-12-07", "hour": 16}}, {"type": "Feature", "geometry": {"type": "Point", "coordinates": [5.5, 52.75]}, "properties": {"value": 6.16, "time": "2025-12-07T16:00:00", "date": "2025-12-07", "hour": 16}}, {"type": "Feature", "geometry": {"type": "Point", "coordinates": [5.0, 53.0]}, "properties": {"value": 7.171, "time": "2025-12-07T16:00:00", "date": "2025-12-07", "hour": 16}}, {"type": "Feature", "geometry": {"type": "Point", "coordinates": [5.25, 53.0]}, "properties": {"value": 6.439, "time": "2025-12-07T16:00:00", "date": "2025-12-07", "hour": 16}}, {"type": "Feature", "geometry": {"type": "Point", "coordinates": [5.5, 53.0]}, "properties": {"value": 5.924, "time": "2025-12-07T16:00:00", "date": "2025-12-07", "hour": 16}}, {"type": "Feature", "geometry": {"type": "Point", "coordinates": [5.0, 53.25]}, "properties": {"value": 7.865, "time": "2025-12-07T16:00:00", "date": "2025-12-07", "hour": 16}}, {"type": "Feature", "geometry": {"type": "Point", "coordinates": [5.25, 53.25]}, "properties": {"value": 6.932, "time": "2025-12-07T16:00:00", "date": "2025-12-07", "hour": 16}}, {"type": "Feature", "geometry": {"type": "Point", "coordinates": [5.5, 53.25]}, "properties": {"value": 6.369, "time": "2025-12-07T16:00:00", "date": "2025-12-07", "hour": 16}}, {"type": "Feature", "geometry": {"type": "Point", "coordinates": [5.0, 53.5]}, "properties": {"value": 9.501, "time": "2025-12-07T16:00:00", "date": "2025-12-07", "hour": 16}}, {"type": "Feature", "geometry": {"type": "Point", "coordinates": [5.25, 53.5]}, "properties": {"value": 8.861, "time": "2025-12-07T16:00:00", "date": "2025-12-07", "hour": 16}}, {"type": "Feature", "geometry": {"type": "Point", "coordinates": [5.5, 53.5]}, "properties": {"value": 8.653, "time": "2025-12-07T16:00:00", "date": "2025-12-07", "hour": 16}}, {"type": "Feature", "geometry": {"type": "Point", "coordinates": [5.75, 53.5]}, "properties": {"value": 8.293, "time": "2025-12-07T16:00:00", "date": "2025-12-07", "hour": 16}}, {"type": "Feature", "geometry": {"type": "Point", "coordinates": [6.0, 53.5]}, "properties": {"value": 7.801, "time": "2025-12-07T16:00:00", "date": "2025-12-07", "hour": 16}}, {"type": "Feature", "geometry": {"type": "Point", "coordinates": [6.25, 53.5]}, "properties": {"value": 7.239, "time": "2025-12-07T16:00:00", "date": "2025-12-07", "hour": 16}}, {"type": "Feature", "geometry": {"type": "Point", "coordinates": [6.5, 53.5]}, "properties": {"value": 6.941, "time": "2025-12-07T16:00:00", "date": "2025-12-07", "hour": 16}}, {"type": "Feature", "geometry": {"type": "Point", "coordinates": [6.75, 53.5]}, "properties": {"value": 6.41, "time": "2025-12-07T16:00:00", "date": "2025-12-07", "hour": 16}}, {"type": "Feature", "geometry": {"type": "Point", "coordinates": [5.0, 53.75]}, "properties": {"value": 10.179, "time": "2025-12-07T16:00:00", "date": "2025-12-07", "hour": 16}}, {"type": "Feature", "geometry": {"type": "Point", "coordinates": [5.25, 53.75]}, "properties": {"value": 9.873, "time": "2025-12-07T16:00:00", "date": "2025-12-07", "hour": 16}}, {"type": "Feature", "geometry": {"type": "Point", "coordinates": [5.5, 53.75]}, "properties": {"value": 9.645, "time": "2025-12-07T16:00:00", "date": "2025-12-07", "hour": 16}}, {"type": "Feature", "geometry": {"type": "Point", "coordinates": [5.75, 53.75]}, "properties": {"value": 9.381, "time": "2025-12-07T16:00:00", "date": "2025-12-07", "hour": 16}}, {"type": "Feature", "geometry": {"type": "Point", "coordinates": [6.0, 53.75]}, "properties": {"value": 8.995, "time": "2025-12-07T16:00:00", "date": "2025-12-07", "hour": 16}}, {"type": "Feature", "geometry": {"type": "Point", "coordinates": [6.25, 53.75]}, "properties": {"value": 8.739, "time": "2025-12-07T16:00:00", "date": "2025-12-07", "hour": 16}}, {"type": "Feature", "geometry": {"type": "Point", "coordinates": [6.5, 53.75]}, "properties": {"value": 8.275, "time": "2025-12-07T16:00:00", "date": "2025-12-07", "hour": 16}}, {"type": "Feature", "geometry": {"type": "Point", "coordinates": [6.75, 53.75]}, "properties": {"value": 7.785, "time": "2025-12-07T16:00:00", "date": "2025-12-07", "hour": 16}}, {"type": "Feature", "geometry": {"type": "Point", "coordinates": [7.0, 53.75]}, "properties": {"value": 7.909, "time": "2025-12-07T16:00:00", "date": "2025-12-07", "hour": 16}}, {"type": "Feature", "geometry": {"type": "Point", "coordinates": [7.25, 53.75]}, "properties": {"value": 7.525, "time": "2025-12-07T16:00:00", "date": "2025-12-07", "hour": 16}}, {"type": "Feature", "geometry": {"type": "Point", "coordinates": [7.5, 53.75]}, "properties": {"value": 7.782, "time": "2025-12-07T16:00:00", "date": "2025-12-07", "hour": 16}}, {"type": "Feature", "geometry": {"type": "Point", "coordinates": [7.75, 53.75]}, "properties": {"value": 7.825, "time": "2025-12-07T16:00:00", "date": "2025-12-07", "hour": 16}}, {"type": "Feature", "geometry": {"type": "Point", "coordinates": [8.0, 53.75]}, "properties": {"value": 7.579, "time": "2025-12-07T16:00:00", "date": "2025-12-07", "hour": 16}}, {"type": "Feature", "geometry": {"type": "Point", "coordinates": [8.25, 53.75]}, "properties": {"value": 6.981, "time": "2025-12-07T16:00:00", "date": "2025-12-07", "hour": 16}}, {"type": "Feature", "geometry": {"type": "Point", "coordinates": [8.5, 53.75]}, "properties": {"value": 6.347, "time": "2025-12-07T16:00:00", "date": "2025-12-07", "hour": 16}}, {"type": "Feature", "geometry": {"type": "Point", "coordinates": [8.75, 53.75]}, "properties": {"value": 6.347, "time": "2025-12-07T16:00:00", "date": "2025-12-07", "hour": 16}}, {"type": "Feature", "geometry": {"type": "Point", "coordinates": [14.25, 53.75]}, "properties": {"value": 2.389, "time": "2025-12-07T16:00:00", "date": "2025-12-07", "hour": 16}}, {"type": "Feature", "geometry": {"type": "Point", "coordinates": [14.5, 53.75]}, "properties": {"value": 2.389, "time": "2025-12-07T16:00:00", "date": "2025-12-07", "hour": 16}}, {"type": "Feature", "geometry": {"type": "Point", "coordinates": [5.0, 54.0]}, "properties": {"value": 10.438, "time": "2025-12-07T16:00:00", "date": "2025-12-07", "hour": 16}}, {"type": "Feature", "geometry": {"type": "Point", "coordinates": [5.25, 54.0]}, "properties": {"value": 10.368, "time": "2025-12-07T16:00:00", "date": "2025-12-07", "hour": 16}}, {"type": "Feature", "geometry": {"type": "Point", "coordinates": [5.5, 54.0]}, "properties": {"value": 10.141, "time": "2025-12-07T16:00:00", "date": "2025-12-07", "hour": 16}}, {"type": "Feature", "geometry": {"type": "Point", "coordinates": [5.75, 54.0]}, "properties": {"value": 9.927, "time": "2025-12-07T16:00:00", "date": "2025-12-07", "hour": 16}}, {"type": "Feature", "geometry": {"type": "Point", "coordinates": [6.0, 54.0]}, "properties": {"value": 9.776, "time": "2025-12-07T16:00:00", "date": "2025-12-07", "hour": 16}}, {"type": "Feature", "geometry": {"type": "Point", "coordinates": [6.25, 54.0]}, "properties": {"value": 9.597, "time": "2025-12-07T16:00:00", "date": "2025-12-07", "hour": 16}}, {"type": "Feature", "geometry": {"type": "Point", "coordinates": [6.5, 54.0]}, "properties": {"value": 9.186, "time": "2025-12-07T16:00:00", "date": "2025-12-07", "hour": 16}}, {"type": "Feature", "geometry": {"type": "Point", "coordinates": [6.75, 54.0]}, "properties": {"value": 8.976, "time": "2025-12-07T16:00:00", "date": "2025-12-07", "hour": 16}}, {"type": "Feature", "geometry": {"type": "Point", "coordinates": [7.0, 54.0]}, "properties": {"value": 8.887, "time": "2025-12-07T16:00:00", "date": "2025-12-07", "hour": 16}}, {"type": "Feature", "geometry": {"type": "Point", "coordinates": [7.25, 54.0]}, "properties": {"value": 8.651, "time": "2025-12-07T16:00:00", "date": "2025-12-07", "hour": 16}}, {"type": "Feature", "geometry": {"type": "Point", "coordinates": [7.5, 54.0]}, "properties": {"value": 8.716, "time": "2025-12-07T16:00:00", "date": "2025-12-07", "hour": 16}}, {"type": "Feature", "geometry": {"type": "Point", "coordinates": [7.75, 54.0]}, "properties": {"value": 8.667, "time": "2025-12-07T16:00:00", "date": "2025-12-07", "hour": 16}}, {"type": "Feature", "geometry": {"type": "Point", "coordinates": [8.0, 54.0]}, "properties": {"value": 8.566, "time": "2025-12-07T16:00:00", "date": "2025-12-07", "hour": 16}}, {"type": "Feature", "geometry": {"type": "Point", "coordinates": [8.25, 54.0]}, "properties": {"value": 8.113, "time": "2025-12-07T16:00:00", "date": "2025-12-07", "hour": 16}}, {"type": "Feature", "geometry": {"type": "Point", "coordinates": [8.5, 54.0]}, "properties": {"value": 6.776, "time": "2025-12-07T16:00:00", "date": "2025-12-07", "hour": 16}}, {"type": "Feature", "geometry": {"type": "Point", "coordinates": [11.25, 54.0]}, "properties": {"value": 5.168, "time": "2025-12-07T16:00:00", "date": "2025-12-07", "hour": 16}}, {"type": "Feature", "geometry": {"type": "Point", "coordinates": [14.0, 54.0]}, "properties": {"value": 3.979, "time": "2025-12-07T16:00:00", "date": "2025-12-07", "hour": 16}}, {"type": "Feature", "geometry": {"type": "Point", "coordinates": [14.25, 54.0]}, "properties": {"value": 4.777, "time": "2025-12-07T16:00:00", "date": "2025-12-07", "hour": 16}}, {"type": "Feature", "geometry": {"type": "Point", "coordinates": [14.5, 54.0]}, "properties": {"value": 4.438, "time": "2025-12-07T16:00:00", "date": "2025-12-07", "hour": 16}}, {"type": "Feature", "geometry": {"type": "Point", "coordinates": [14.75, 54.0]}, "properties": {"value": 4.948, "time": "2025-12-07T16:00:00", "date": "2025-12-07", "hour": 16}}, {"type": "Feature", "geometry": {"type": "Point", "coordinates": [5.0, 54.25]}, "properties": {"value": 10.514, "time": "2025-12-07T16:00:00", "date": "2025-12-07", "hour": 16}}, {"type": "Feature", "geometry": {"type": "Point", "coordinates": [5.25, 54.25]}, "properties": {"value": 10.461, "time": "2025-12-07T16:00:00", "date": "2025-12-07", "hour": 16}}, {"type": "Feature", "geometry": {"type": "Point", "coordinates": [5.5, 54.25]}, "properties": {"value": 10.37, "time": "2025-12-07T16:00:00", "date": "2025-12-07", "hour": 16}}, {"type": "Feature", "geometry": {"type": "Point", "coordinates": [5.75, 54.25]}, "properties": {"value": 10.193, "time": "2025-12-07T16:00:00", "date": "2025-12-07", "hour": 16}}, {"type": "Feature", "geometry": {"type": "Point", "coordinates": [6.0, 54.25]}, "properties": {"value": 10.126, "time": "2025-12-07T16:00:00", "date": "2025-12-07", "hour": 16}}, {"type": "Feature", "geometry": {"type": "Point", "coordinates": [6.25, 54.25]}, "properties": {"value": 10.002, "time": "2025-12-07T16:00:00", "date": "2025-12-07", "hour": 16}}, {"type": "Feature", "geometry": {"type": "Point", "coordinates": [6.5, 54.25]}, "properties": {"value": 9.844, "time": "2025-12-07T16:00:00", "date": "2025-12-07", "hour": 16}}, {"type": "Feature", "geometry": {"type": "Point", "coordinates": [6.75, 54.25]}, "properties": {"value": 9.685, "time": "2025-12-07T16:00:00", "date": "2025-12-07", "hour": 16}}, {"type": "Feature", "geometry": {"type": "Point", "coordinates": [7.0, 54.25]}, "properties": {"value": 9.6, "time": "2025-12-07T16:00:00", "date": "2025-12-07", "hour": 16}}, {"type": "Feature", "geometry": {"type": "Point", "coordinates": [7.25, 54.25]}, "properties": {"value": 9.517, "time": "2025-12-07T16:00:00", "date": "2025-12-07", "hour": 16}}, {"type": "Feature", "geometry": {"type": "Point", "coordinates": [7.5, 54.25]}, "properties": {"value": 9.463, "time": "2025-12-07T16:00:00", "date": "2025-12-07", "hour": 16}}, {"type": "Feature", "geometry": {"type": "Point", "coordinates": [7.75, 54.25]}, "properties": {"value": 9.033, "time": "2025-12-07T16:00:00", "date": "2025-12-07", "hour": 16}}, {"type": "Feature", "geometry": {"type": "Point", "coordinates": [8.0, 54.25]}, "properties": {"value": 8.815, "time": "2025-12-07T16:00:00", "date": "2025-12-07", "hour": 16}}, {"type": "Feature", "geometry": {"type": "Point", "coordinates": [8.25, 54.25]}, "properties": {"value": 7.76, "time": "2025-12-07T16:00:00", "date": "2025-12-07", "hour": 16}}, {"type": "Feature", "geometry": {"type": "Point", "coordinates": [8.5, 54.25]}, "properties": {"value": 6.486, "time": "2025-12-07T16:00:00", "date": "2025-12-07", "hour": 16}}, {"type": "Feature", "geometry": {"type": "Point", "coordinates": [10.75, 54.25]}, "properties": {"value": 5.775, "time": "2025-12-07T16:00:00", "date": "2025-12-07", "hour": 16}}, {"type": "Feature", "geometry": {"type": "Point", "coordinates": [11.25, 54.25]}, "properties": {"value": 5.602, "time": "2025-12-07T16:00:00", "date": "2025-12-07", "hour": 16}}, {"type": "Feature", "geometry": {"type": "Point", "coordinates": [11.75, 54.25]}, "properties": {"value": 6.159, "time": "2025-12-07T16:00:00", "date": "2025-12-07", "hour": 16}}, {"type": "Feature", "geometry": {"type": "Point", "coordinates": [12.25, 54.25]}, "properties": {"value": 6.117, "time": "2025-12-07T16:00:00", "date": "2025-12-07", "hour": 16}}, {"type": "Feature", "geometry": {"type": "Point", "coordinates": [13.75, 54.25]}, "properties": {"value": 4.522, "time": "2025-12-07T16:00:00", "date": "2025-12-07", "hour": 16}}, {"type": "Feature", "geometry": {"type": "Point", "coordinates": [14.0, 54.25]}, "properties": {"value": 4.784, "time": "2025-12-07T16:00:00", "date": "2025-12-07", "hour": 16}}, {"type": "Feature", "geometry": {"type": "Point", "coordinates": [14.25, 54.25]}, "properties": {"value": 5.295, "time": "2025-12-07T16:00:00", "date": "2025-12-07", "hour": 16}}, {"type": "Feature", "geometry": {"type": "Point", "coordinates": [14.5, 54.25]}, "properties": {"value": 5.434, "time": "2025-12-07T16:00:00", "date": "2025-12-07", "hour": 16}}, {"type": "Feature", "geometry": {"type": "Point", "coordinates": [14.75, 54.25]}, "properties": {"value": 5.709, "time": "2025-12-07T16:00:00", "date": "2025-12-07", "hour": 16}}, {"type": "Feature", "geometry": {"type": "Point", "coordinates": [15.0, 54.25]}, "properties": {"value": 6.474, "time": "2025-12-07T16:00:00", "date": "2025-12-07", "hour": 16}}, {"type": "Feature", "geometry": {"type": "Point", "coordinates": [5.0, 54.5]}, "properties": {"value": 10.537, "time": "2025-12-07T16:00:00", "date": "2025-12-07", "hour": 16}}, {"type": "Feature", "geometry": {"type": "Point", "coordinates": [5.25, 54.5]}, "properties": {"value": 10.545, "time": "2025-12-07T16:00:00", "date": "2025-12-07", "hour": 16}}, {"type": "Feature", "geometry": {"type": "Point", "coordinates": [5.5, 54.5]}, "properties": {"value": 10.5, "time": "2025-12-07T16:00:00", "date": "2025-12-07", "hour": 16}}, {"type": "Feature", "geometry": {"type": "Point", "coordinates": [5.75, 54.5]}, "properties": {"value": 10.423, "time": "2025-12-07T16:00:00", "date": "2025-12-07", "hour": 16}}, {"type": "Feature", "geometry": {"type": "Point", "coordinates": [6.0, 54.5]}, "properties": {"value": 10.375, "time": "2025-12-07T16:00:00", "date": "2025-12-07", "hour": 16}}, {"type": "Feature", "geometry": {"type": "Point", "coordinates": [6.25, 54.5]}, "properties": {"value": 10.318, "time": "2025-12-07T16:00:00", "date": "2025-12-07", "hour": 16}}, {"type": "Feature", "geometry": {"type": "Point", "coordinates": [6.5, 54.5]}, "properties": {"value": 10.188, "time": "2025-12-07T16:00:00", "date": "2025-12-07", "hour": 16}}, {"type": "Feature", "geometry": {"type": "Point", "coordinates": [6.75, 54.5]}, "properties": {"value": 10.09, "time": "2025-12-07T16:00:00", "date": "2025-12-07", "hour": 16}}, {"type": "Feature", "geometry": {"type": "Point", "coordinates": [7.0, 54.5]}, "properties": {"value": 9.96, "time": "2025-12-07T16:00:00", "date": "2025-12-07", "hour": 16}}, {"type": "Feature", "geometry": {"type": "Point", "coordinates": [7.25, 54.5]}, "properties": {"value": 9.758, "time": "2025-12-07T16:00:00", "date": "2025-12-07", "hour": 16}}, {"type": "Feature", "geometry": {"type": "Point", "coordinates": [7.5, 54.5]}, "properties": {"value": 9.68, "time": "2025-12-07T16:00:00", "date": "2025-12-07", "hour": 16}}, {"type": "Feature", "geometry": {"type": "Point", "coordinates": [7.75, 54.5]}, "properties": {"value": 9.1, "time": "2025-12-07T16:00:00", "date": "2025-12-07", "hour": 16}}, {"type": "Feature", "geometry": {"type": "Point", "coordinates": [8.0, 54.5]}, "properties": {"value": 7.947, "time": "2025-12-07T16:00:00", "date": "2025-12-07", "hour": 16}}, {"type": "Feature", "geometry": {"type": "Point", "coordinates": [8.25, 54.5]}, "properties": {"value": 6.944, "time": "2025-12-07T16:00:00", "date": "2025-12-07", "hour": 16}}, {"type": "Feature", "geometry": {"type": "Point", "coordinates": [8.5, 54.5]}, "properties": {"value": 6.008, "time": "2025-12-07T16:00:00", "date": "2025-12-07", "hour": 16}}, {"type": "Feature", "geometry": {"type": "Point", "coordinates": [10.5, 54.5]}, "properties": {"value": 5.923, "time": "2025-12-07T16:00:00", "date": "2025-12-07", "hour": 16}}, {"type": "Feature", "geometry": {"type": "Point", "coordinates": [10.75, 54.5]}, "properties": {"value": 5.939, "time": "2025-12-07T16:00:00", "date": "2025-12-07", "hour": 16}}, {"type": "Feature", "geometry": {"type": "Point", "coordinates": [11.0, 54.5]}, "properties": {"value": 5.803, "time": "2025-12-07T16:00:00", "date": "2025-12-07", "hour": 16}}, {"type": "Feature", "geometry": {"type": "Point", "coordinates": [11.25, 54.5]}, "properties": {"value": 5.907, "time": "2025-12-07T16:00:00", "date": "2025-12-07", "hour": 16}}, {"type": "Feature", "geometry": {"type": "Point", "coordinates": [11.5, 54.5]}, "properties": {"value": 6.007, "time": "2025-12-07T16:00:00", "date": "2025-12-07", "hour": 16}}, {"type": "Feature", "geometry": {"type": "Point", "coordinates": [11.75, 54.5]}, "properties": {"value": 6.186, "time": "2025-12-07T16:00:00", "date": "2025-12-07", "hour": 16}}, {"type": "Feature", "geometry": {"type": "Point", "coordinates": [12.0, 54.5]}, "properties": {"value": 6.258, "time": "2025-12-07T16:00:00", "date": "2025-12-07", "hour": 16}}, {"type": "Feature", "geometry": {"type": "Point", "coordinates": [12.25, 54.5]}, "properties": {"value": 6.26, "time": "2025-12-07T16:00:00", "date": "2025-12-07", "hour": 16}}, {"type": "Feature", "geometry": {"type": "Point", "coordinates": [13.0, 54.5]}, "properties": {"value": 6.794, "time": "2025-12-07T16:00:00", "date": "2025-12-07", "hour": 16}}, {"type": "Feature", "geometry": {"type": "Point", "coordinates": [13.25, 54.5]}, "properties": {"value": 6.152, "time": "2025-12-07T16:00:00", "date": "2025-12-07", "hour": 16}}, {"type": "Feature", "geometry": {"type": "Point", "coordinates": [13.5, 54.5]}, "properties": {"value": 5.82, "time": "2025-12-07T16:00:00", "date": "2025-12-07", "hour": 16}}, {"type": "Feature", "geometry": {"type": "Point", "coordinates": [13.75, 54.5]}, "properties": {"value": 5.728, "time": "2025-12-07T16:00:00", "date": "2025-12-07", "hour": 16}}, {"type": "Feature", "geometry": {"type": "Point", "coordinates": [14.0, 54.5]}, "properties": {"value": 5.939, "time": "2025-12-07T16:00:00", "date": "2025-12-07", "hour": 16}}, {"type": "Feature", "geometry": {"type": "Point", "coordinates": [14.25, 54.5]}, "properties": {"value": 6.117, "time": "2025-12-07T16:00:00", "date": "2025-12-07", "hour": 16}}, {"type": "Feature", "geometry": {"type": "Point", "coordinates": [14.5, 54.5]}, "properties": {"value": 6.426, "time": "2025-12-07T16:00:00", "date": "2025-12-07", "hour": 16}}, {"type": "Feature", "geometry": {"type": "Point", "coordinates": [14.75, 54.5]}, "properties": {"value": 6.671, "time": "2025-12-07T16:00:00", "date": "2025-12-07", "hour": 16}}, {"type": "Feature", "geometry": {"type": "Point", "coordinates": [15.0, 54.5]}, "properties": {"value": 7.412, "time": "2025-12-07T16:00:00", "date": "2025-12-07", "hour": 16}}, {"type": "Feature", "geometry": {"type": "Point", "coordinates": [5.0, 54.75]}, "properties": {"value": 10.535, "time": "2025-12-07T16:00:00", "date": "2025-12-07", "hour": 16}}, {"type": "Feature", "geometry": {"type": "Point", "coordinates": [5.25, 54.75]}, "properties": {"value": 10.543, "time": "2025-12-07T16:00:00", "date": "2025-12-07", "hour": 16}}, {"type": "Feature", "geometry": {"type": "Point", "coordinates": [5.5, 54.75]}, "properties": {"value": 10.564, "time": "2025-12-07T16:00:00", "date": "2025-12-07", "hour": 16}}, {"type": "Feature", "geometry": {"type": "Point", "coordinates": [5.75, 54.75]}, "properties": {"value": 10.557, "time": "2025-12-07T16:00:00", "date": "2025-12-07", "hour": 16}}, {"type": "Feature", "geometry": {"type": "Point", "coordinates": [6.0, 54.75]}, "properties": {"value": 10.525, "time": "2025-12-07T16:00:00", "date": "2025-12-07", "hour": 16}}, {"type": "Feature", "geometry": {"type": "Point", "coordinates": [6.25, 54.75]}, "properties": {"value": 10.467, "time": "2025-12-07T16:00:00", "date": "2025-12-07", "hour": 16}}, {"type": "Feature", "geometry": {"type": "Point", "coordinates": [6.5, 54.75]}, "properties": {"value": 10.396, "time": "2025-12-07T16:00:00", "date": "2025-12-07", "hour": 16}}, {"type": "Feature", "geometry": {"type": "Point", "coordinates": [6.75, 54.75]}, "properties": {"value": 10.212, "time": "2025-12-07T16:00:00", "date": "2025-12-07", "hour": 16}}, {"type": "Feature", "geometry": {"type": "Point", "coordinates": [7.0, 54.75]}, "properties": {"value": 10.06, "time": "2025-12-07T16:00:00", "date": "2025-12-07", "hour": 16}}, {"type": "Feature", "geometry": {"type": "Point", "coordinates": [7.25, 54.75]}, "properties": {"value": 9.85, "time": "2025-12-07T16:00:00", "date": "2025-12-07", "hour": 16}}, {"type": "Feature", "geometry": {"type": "Point", "coordinates": [7.5, 54.75]}, "properties": {"value": 9.634, "time": "2025-12-07T16:00:00", "date": "2025-12-07", "hour": 16}}, {"type": "Feature", "geometry": {"type": "Point", "coordinates": [7.75, 54.75]}, "properties": {"value": 8.565, "time": "2025-12-07T16:00:00", "date": "2025-12-07", "hour": 16}}, {"type": "Feature", "geometry": {"type": "Point", "coordinates": [8.0, 54.75]}, "properties": {"value": 7.371, "time": "2025-12-07T16:00:00", "date": "2025-12-07", "hour": 16}}, {"type": "Feature", "geometry": {"type": "Point", "coordinates": [8.25, 54.75]}, "properties": {"value": 6.455, "time": "2025-12-07T16:00:00", "date": "2025-12-07", "hour": 16}}, {"type": "Feature", "geometry": {"type": "Point", "coordinates": [8.5, 54.75]}, "properties": {"value": 5.504, "time": "2025-12-07T16:00:00", "date": "2025-12-07", "hour": 16}}, {"type": "Feature", "geometry": {"type": "Point", "coordinates": [10.25, 54.75]}, "properties": {"value": 5.886, "time": "2025-12-07T16:00:00", "date": "2025-12-07", "hour": 16}}, {"type": "Feature", "geometry": {"type": "Point", "coordinates": [10.5, 54.75]}, "properties": {"value": 5.945, "time": "2025-12-07T16:00:00", "date": "2025-12-07", "hour": 16}}, {"type": "Feature", "geometry": {"type": "Point", "coordinates": [10.75, 54.75]}, "properties": {"value": 6.005, "time": "2025-12-07T16:00:00", "date": "2025-12-07", "hour": 16}}, {"type": "Feature", "geometry": {"type": "Point", "coordinates": [11.0, 54.75]}, "properties": {"value": 5.849, "time": "2025-12-07T16:00:00", "date": "2025-12-07", "hour": 16}}, {"type": "Feature", "geometry": {"type": "Point", "coordinates": [11.25, 54.75]}, "properties": {"value": 5.778, "time": "2025-12-07T16:00:00", "date": "2025-12-07", "hour": 16}}, {"type": "Feature", "geometry": {"type": "Point", "coordinates": [11.5, 54.75]}, "properties": {"value": 5.631, "time": "2025-12-07T16:00:00", "date": "2025-12-07", "hour": 16}}, {"type": "Feature", "geometry": {"type": "Point", "coordinates": [12.0, 54.75]}, "properties": {"value": 6.04, "time": "2025-12-07T16:00:00", "date": "2025-12-07", "hour": 16}}, {"type": "Feature", "geometry": {"type": "Point", "coordinates": [12.25, 54.75]}, "properties": {"value": 6.34, "time": "2025-12-07T16:00:00", "date": "2025-12-07", "hour": 16}}, {"type": "Feature", "geometry": {"type": "Point", "coordinates": [12.5, 54.75]}, "properties": {"value": 6.741, "time": "2025-12-07T16:00:00", "date": "2025-12-07", "hour": 16}}, {"type": "Feature", "geometry": {"type": "Point", "coordinates": [12.75, 54.75]}, "properties": {"value": 6.892, "time": "2025-12-07T16:00:00", "date": "2025-12-07", "hour": 16}}, {"type": "Feature", "geometry": {"type": "Point", "coordinates": [13.0, 54.75]}, "properties": {"value": 6.836, "time": "2025-12-07T16:00:00", "date": "2025-12-07", "hour": 16}}, {"type": "Feature", "geometry": {"type": "Point", "coordinates": [13.25, 54.75]}, "properties": {"value": 6.974, "time": "2025-12-07T16:00:00", "date": "2025-12-07", "hour": 16}}, {"type": "Feature", "geometry": {"type": "Point", "coordinates": [13.5, 54.75]}, "properties": {"value": 6.945, "time": "2025-12-07T16:00:00", "date": "2025-12-07", "hour": 16}}, {"type": "Feature", "geometry": {"type": "Point", "coordinates": [13.75, 54.75]}, "properties": {"value": 6.854, "time": "2025-12-07T16:00:00", "date": "2025-12-07", "hour": 16}}, {"type": "Feature", "geometry": {"type": "Point", "coordinates": [14.0, 54.75]}, "properties": {"value": 6.747, "time": "2025-12-07T16:00:00", "date": "2025-12-07", "hour": 16}}, {"type": "Feature", "geometry": {"type": "Point", "coordinates": [14.25, 54.75]}, "properties": {"value": 6.752, "time": "2025-12-07T16:00:00", "date": "2025-12-07", "hour": 16}}, {"type": "Feature", "geometry": {"type": "Point", "coordinates": [14.5, 54.75]}, "properties": {"value": 7.137, "time": "2025-12-07T16:00:00", "date": "2025-12-07", "hour": 16}}, {"type": "Feature", "geometry": {"type": "Point", "coordinates": [14.75, 54.75]}, "properties": {"value": 7.339, "time": "2025-12-07T16:00:00", "date": "2025-12-07", "hour": 16}}, {"type": "Feature", "geometry": {"type": "Point", "coordinates": [15.0, 54.75]}, "properties": {"value": 7.349, "time": "2025-12-07T16:00:00", "date": "2025-12-07", "hour": 16}}, {"type": "Feature", "geometry": {"type": "Point", "coordinates": [5.0, 55.0]}, "properties": {"value": 10.501, "time": "2025-12-07T16:00:00", "date": "2025-12-07", "hour": 16}}, {"type": "Feature", "geometry": {"type": "Point", "coordinates": [5.25, 55.0]}, "properties": {"value": 10.594, "time": "2025-12-07T16:00:00", "date": "2025-12-07", "hour": 16}}, {"type": "Feature", "geometry": {"type": "Point", "coordinates": [5.5, 55.0]}, "properties": {"value": 10.628, "time": "2025-12-07T16:00:00", "date": "2025-12-07", "hour": 16}}, {"type": "Feature", "geometry": {"type": "Point", "coordinates": [5.75, 55.0]}, "properties": {"value": 10.621, "time": "2025-12-07T16:00:00", "date": "2025-12-07", "hour": 16}}, {"type": "Feature", "geometry": {"type": "Point", "coordinates": [6.0, 55.0]}, "properties": {"value": 10.575, "time": "2025-12-07T16:00:00", "date": "2025-12-07", "hour": 16}}, {"type": "Feature", "geometry": {"type": "Point", "coordinates": [6.25, 55.0]}, "properties": {"value": 10.524, "time": "2025-12-07T16:00:00", "date": "2025-12-07", "hour": 16}}, {"type": "Feature", "geometry": {"type": "Point", "coordinates": [6.5, 55.0]}, "properties": {"value": 10.459, "time": "2025-12-07T16:00:00", "date": "2025-12-07", "hour": 16}}, {"type": "Feature", "geometry": {"type": "Point", "coordinates": [6.75, 55.0]}, "properties": {"value": 10.262, "time": "2025-12-07T16:00:00", "date": "2025-12-07", "hour": 16}}, {"type": "Feature", "geometry": {"type": "Point", "coordinates": [7.0, 55.0]}, "properties": {"value": 10.023, "time": "2025-12-07T16:00:00", "date": "2025-12-07", "hour": 16}}, {"type": "Feature", "geometry": {"type": "Point", "coordinates": [7.25, 55.0]}, "properties": {"value": 9.816, "time": "2025-12-07T16:00:00", "date": "2025-12-07", "hour": 16}}, {"type": "Feature", "geometry": {"type": "Point", "coordinates": [7.5, 55.0]}, "properties": {"value": 9.605, "time": "2025-12-07T16:00:00", "date": "2025-12-07", "hour": 16}}, {"type": "Feature", "geometry": {"type": "Point", "coordinates": [7.75, 55.0]}, "properties": {"value": 8.652, "time": "2025-12-07T16:00:00", "date": "2025-12-07", "hour": 16}}, {"type": "Feature", "geometry": {"type": "Point", "coordinates": [8.0, 55.0]}, "properties": {"value": 7.711, "time": "2025-12-07T16:00:00", "date": "2025-12-07", "hour": 16}}, {"type": "Feature", "geometry": {"type": "Point", "coordinates": [8.25, 55.0]}, "properties": {"value": 6.254, "time": "2025-12-07T16:00:00", "date": "2025-12-07", "hour": 16}}, {"type": "Feature", "geometry": {"type": "Point", "coordinates": [8.5, 55.0]}, "properties": {"value": 5.184, "time": "2025-12-07T16:00:00", "date": "2025-12-07", "hour": 16}}, {"type": "Feature", "geometry": {"type": "Point", "coordinates": [10.25, 55.0]}, "properties": {"value": 5.238, "time": "2025-12-07T16:00:00", "date": "2025-12-07", "hour": 16}}, {"type": "Feature", "geometry": {"type": "Point", "coordinates": [10.5, 55.0]}, "properties": {"value": 5.455, "time": "2025-12-07T16:00:00", "date": "2025-12-07", "hour": 16}}, {"type": "Feature", "geometry": {"type": "Point", "coordinates": [10.75, 55.0]}, "properties": {"value": 5.668, "time": "2025-12-07T16:00:00", "date": "2025-12-07", "hour": 16}}, {"type": "Feature", "geometry": {"type": "Point", "coordinates": [11.0, 55.0]}, "properties": {"value": 5.631, "time": "2025-12-07T16:00:00", "date": "2025-12-07", "hour": 16}}, {"type": "Feature", "geometry": {"type": "Point", "coordinates": [11.25, 55.0]}, "properties": {"value": 5.641, "time": "2025-12-07T16:00:00", "date": "2025-12-07", "hour": 16}}, {"type": "Feature", "geometry": {"type": "Point", "coordinates": [11.5, 55.0]}, "properties": {"value": 5.463, "time": "2025-12-07T16:00:00", "date": "2025-12-07", "hour": 16}}, {"type": "Feature", "geometry": {"type": "Point", "coordinates": [11.75, 55.0]}, "properties": {"value": 5.352, "time": "2025-12-07T16:00:00", "date": "2025-12-07", "hour": 16}}, {"type": "Feature", "geometry": {"type": "Point", "coordinates": [12.0, 55.0]}, "properties": {"value": 5.536, "time": "2025-12-07T16:00:00", "date": "2025-12-07", "hour": 16}}, {"type": "Feature", "geometry": {"type": "Point", "coordinates": [12.25, 55.0]}, "properties": {"value": 5.914, "time": "2025-12-07T16:00:00", "date": "2025-12-07", "hour": 16}}, {"type": "Feature", "geometry": {"type": "Point", "coordinates": [12.5, 55.0]}, "properties": {"value": 6.672, "time": "2025-12-07T16:00:00", "date": "2025-12-07", "hour": 16}}, {"type": "Feature", "geometry": {"type": "Point", "coordinates": [12.75, 55.0]}, "properties": {"value": 6.882, "time": "2025-12-07T16:00:00", "date": "2025-12-07", "hour": 16}}, {"type": "Feature", "geometry": {"type": "Point", "coordinates": [13.0, 55.0]}, "properties": {"value": 7.134, "time": "2025-12-07T16:00:00", "date": "2025-12-07", "hour": 16}}, {"type": "Feature", "geometry": {"type": "Point", "coordinates": [13.25, 55.0]}, "properties": {"value": 7.271, "time": "2025-12-07T16:00:00", "date": "2025-12-07", "hour": 16}}, {"type": "Feature", "geometry": {"type": "Point", "coordinates": [13.5, 55.0]}, "properties": {"value": 7.294, "time": "2025-12-07T16:00:00", "date": "2025-12-07", "hour": 16}}, {"type": "Feature", "geometry": {"type": "Point", "coordinates": [13.75, 55.0]}, "properties": {"value": 7.401, "time": "2025-12-07T16:00:00", "date": "2025-12-07", "hour": 16}}, {"type": "Feature", "geometry": {"type": "Point", "coordinates": [14.0, 55.0]}, "properties": {"value": 7.335, "time": "2025-12-07T16:00:00", "date": "2025-12-07", "hour": 16}}, {"type": "Feature", "geometry": {"type": "Point", "coordinates": [14.25, 55.0]}, "properties": {"value": 7.27, "time": "2025-12-07T16:00:00", "date": "2025-12-07", "hour": 16}}, {"type": "Feature", "geometry": {"type": "Point", "coordinates": [14.5, 55.0]}, "properties": {"value": 7.175, "time": "2025-12-07T16:00:00", "date": "2025-12-07", "hour": 16}}, {"type": "Feature", "geometry": {"type": "Point", "coordinates": [14.75, 55.0]}, "properties": {"value": 7.097, "time": "2025-12-07T16:00:00", "date": "2025-12-07", "hour": 16}}, {"type": "Feature", "geometry": {"type": "Point", "coordinates": [15.0, 55.0]}, "properties": {"value": 6.994, "time": "2025-12-07T16:00:00", "date": "2025-12-07", "hour": 16}}, {"type": "Feature", "geometry": {"type": "Point", "coordinates": [5.25, 52.75]}, "properties": {"value": 6.147, "time": "2025-12-07T17:00:00", "date": "2025-12-07", "hour": 17}}, {"type": "Feature", "geometry": {"type": "Point", "coordinates": [5.5, 52.75]}, "properties": {"value": 6.16, "time": "2025-12-07T17:00:00", "date": "2025-12-07", "hour": 17}}, {"type": "Feature", "geometry": {"type": "Point", "coordinates": [5.0, 53.0]}, "properties": {"value": 7.171, "time": "2025-12-07T17:00:00", "date": "2025-12-07", "hour": 17}}, {"type": "Feature", "geometry": {"type": "Point", "coordinates": [5.25, 53.0]}, "properties": {"value": 6.439, "time": "2025-12-07T17:00:00", "date": "2025-12-07", "hour": 17}}, {"type": "Feature", "geometry": {"type": "Point", "coordinates": [5.5, 53.0]}, "properties": {"value": 5.924, "time": "2025-12-07T17:00:00", "date": "2025-12-07", "hour": 17}}, {"type": "Feature", "geometry": {"type": "Point", "coordinates": [5.0, 53.25]}, "properties": {"value": 7.865, "time": "2025-12-07T17:00:00", "date": "2025-12-07", "hour": 17}}, {"type": "Feature", "geometry": {"type": "Point", "coordinates": [5.25, 53.25]}, "properties": {"value": 6.932, "time": "2025-12-07T17:00:00", "date": "2025-12-07", "hour": 17}}, {"type": "Feature", "geometry": {"type": "Point", "coordinates": [5.5, 53.25]}, "properties": {"value": 6.369, "time": "2025-12-07T17:00:00", "date": "2025-12-07", "hour": 17}}, {"type": "Feature", "geometry": {"type": "Point", "coordinates": [5.0, 53.5]}, "properties": {"value": 9.501, "time": "2025-12-07T17:00:00", "date": "2025-12-07", "hour": 17}}, {"type": "Feature", "geometry": {"type": "Point", "coordinates": [5.25, 53.5]}, "properties": {"value": 8.861, "time": "2025-12-07T17:00:00", "date": "2025-12-07", "hour": 17}}, {"type": "Feature", "geometry": {"type": "Point", "coordinates": [5.5, 53.5]}, "properties": {"value": 8.653, "time": "2025-12-07T17:00:00", "date": "2025-12-07", "hour": 17}}, {"type": "Feature", "geometry": {"type": "Point", "coordinates": [5.75, 53.5]}, "properties": {"value": 8.293, "time": "2025-12-07T17:00:00", "date": "2025-12-07", "hour": 17}}, {"type": "Feature", "geometry": {"type": "Point", "coordinates": [6.0, 53.5]}, "properties": {"value": 7.801, "time": "2025-12-07T17:00:00", "date": "2025-12-07", "hour": 17}}, {"type": "Feature", "geometry": {"type": "Point", "coordinates": [6.25, 53.5]}, "properties": {"value": 7.239, "time": "2025-12-07T17:00:00", "date": "2025-12-07", "hour": 17}}, {"type": "Feature", "geometry": {"type": "Point", "coordinates": [6.5, 53.5]}, "properties": {"value": 6.941, "time": "2025-12-07T17:00:00", "date": "2025-12-07", "hour": 17}}, {"type": "Feature", "geometry": {"type": "Point", "coordinates": [6.75, 53.5]}, "properties": {"value": 6.41, "time": "2025-12-07T17:00:00", "date": "2025-12-07", "hour": 17}}, {"type": "Feature", "geometry": {"type": "Point", "coordinates": [5.0, 53.75]}, "properties": {"value": 10.179, "time": "2025-12-07T17:00:00", "date": "2025-12-07", "hour": 17}}, {"type": "Feature", "geometry": {"type": "Point", "coordinates": [5.25, 53.75]}, "properties": {"value": 9.873, "time": "2025-12-07T17:00:00", "date": "2025-12-07", "hour": 17}}, {"type": "Feature", "geometry": {"type": "Point", "coordinates": [5.5, 53.75]}, "properties": {"value": 9.645, "time": "2025-12-07T17:00:00", "date": "2025-12-07", "hour": 17}}, {"type": "Feature", "geometry": {"type": "Point", "coordinates": [5.75, 53.75]}, "properties": {"value": 9.381, "time": "2025-12-07T17:00:00", "date": "2025-12-07", "hour": 17}}, {"type": "Feature", "geometry": {"type": "Point", "coordinates": [6.0, 53.75]}, "properties": {"value": 8.995, "time": "2025-12-07T17:00:00", "date": "2025-12-07", "hour": 17}}, {"type": "Feature", "geometry": {"type": "Point", "coordinates": [6.25, 53.75]}, "properties": {"value": 8.739, "time": "2025-12-07T17:00:00", "date": "2025-12-07", "hour": 17}}, {"type": "Feature", "geometry": {"type": "Point", "coordinates": [6.5, 53.75]}, "properties": {"value": 8.275, "time": "2025-12-07T17:00:00", "date": "2025-12-07", "hour": 17}}, {"type": "Feature", "geometry": {"type": "Point", "coordinates": [6.75, 53.75]}, "properties": {"value": 7.785, "time": "2025-12-07T17:00:00", "date": "2025-12-07", "hour": 17}}, {"type": "Feature", "geometry": {"type": "Point", "coordinates": [7.0, 53.75]}, "properties": {"value": 7.909, "time": "2025-12-07T17:00:00", "date": "2025-12-07", "hour": 17}}, {"type": "Feature", "geometry": {"type": "Point", "coordinates": [7.25, 53.75]}, "properties": {"value": 7.525, "time": "2025-12-07T17:00:00", "date": "2025-12-07", "hour": 17}}, {"type": "Feature", "geometry": {"type": "Point", "coordinates": [7.5, 53.75]}, "properties": {"value": 7.782, "time": "2025-12-07T17:00:00", "date": "2025-12-07", "hour": 17}}, {"type": "Feature", "geometry": {"type": "Point", "coordinates": [7.75, 53.75]}, "properties": {"value": 7.825, "time": "2025-12-07T17:00:00", "date": "2025-12-07", "hour": 17}}, {"type": "Feature", "geometry": {"type": "Point", "coordinates": [8.0, 53.75]}, "properties": {"value": 7.579, "time": "2025-12-07T17:00:00", "date": "2025-12-07", "hour": 17}}, {"type": "Feature", "geometry": {"type": "Point", "coordinates": [8.25, 53.75]}, "properties": {"value": 6.981, "time": "2025-12-07T17:00:00", "date": "2025-12-07", "hour": 17}}, {"type": "Feature", "geometry": {"type": "Point", "coordinates": [8.5, 53.75]}, "properties": {"value": 6.347, "time": "2025-12-07T17:00:00", "date": "2025-12-07", "hour": 17}}, {"type": "Feature", "geometry": {"type": "Point", "coordinates": [8.75, 53.75]}, "properties": {"value": 6.347, "time": "2025-12-07T17:00:00", "date": "2025-12-07", "hour": 17}}, {"type": "Feature", "geometry": {"type": "Point", "coordinates": [14.25, 53.75]}, "properties": {"value": 2.389, "time": "2025-12-07T17:00:00", "date": "2025-12-07", "hour": 17}}, {"type": "Feature", "geometry": {"type": "Point", "coordinates": [14.5, 53.75]}, "properties": {"value": 2.389, "time": "2025-12-07T17:00:00", "date": "2025-12-07", "hour": 17}}, {"type": "Feature", "geometry": {"type": "Point", "coordinates": [5.0, 54.0]}, "properties": {"value": 10.438, "time": "2025-12-07T17:00:00", "date": "2025-12-07", "hour": 17}}, {"type": "Feature", "geometry": {"type": "Point", "coordinates": [5.25, 54.0]}, "properties": {"value": 10.368, "time": "2025-12-07T17:00:00", "date": "2025-12-07", "hour": 17}}, {"type": "Feature", "geometry": {"type": "Point", "coordinates": [5.5, 54.0]}, "properties": {"value": 10.141, "time": "2025-12-07T17:00:00", "date": "2025-12-07", "hour": 17}}, {"type": "Feature", "geometry": {"type": "Point", "coordinates": [5.75, 54.0]}, "properties": {"value": 9.927, "time": "2025-12-07T17:00:00", "date": "2025-12-07", "hour": 17}}, {"type": "Feature", "geometry": {"type": "Point", "coordinates": [6.0, 54.0]}, "properties": {"value": 9.776, "time": "2025-12-07T17:00:00", "date": "2025-12-07", "hour": 17}}, {"type": "Feature", "geometry": {"type": "Point", "coordinates": [6.25, 54.0]}, "properties": {"value": 9.597, "time": "2025-12-07T17:00:00", "date": "2025-12-07", "hour": 17}}, {"type": "Feature", "geometry": {"type": "Point", "coordinates": [6.5, 54.0]}, "properties": {"value": 9.186, "time": "2025-12-07T17:00:00", "date": "2025-12-07", "hour": 17}}, {"type": "Feature", "geometry": {"type": "Point", "coordinates": [6.75, 54.0]}, "properties": {"value": 8.976, "time": "2025-12-07T17:00:00", "date": "2025-12-07", "hour": 17}}, {"type": "Feature", "geometry": {"type": "Point", "coordinates": [7.0, 54.0]}, "properties": {"value": 8.887, "time": "2025-12-07T17:00:00", "date": "2025-12-07", "hour": 17}}, {"type": "Feature", "geometry": {"type": "Point", "coordinates": [7.25, 54.0]}, "properties": {"value": 8.651, "time": "2025-12-07T17:00:00", "date": "2025-12-07", "hour": 17}}, {"type": "Feature", "geometry": {"type": "Point", "coordinates": [7.5, 54.0]}, "properties": {"value": 8.716, "time": "2025-12-07T17:00:00", "date": "2025-12-07", "hour": 17}}, {"type": "Feature", "geometry": {"type": "Point", "coordinates": [7.75, 54.0]}, "properties": {"value": 8.667, "time": "2025-12-07T17:00:00", "date": "2025-12-07", "hour": 17}}, {"type": "Feature", "geometry": {"type": "Point", "coordinates": [8.0, 54.0]}, "properties": {"value": 8.566, "time": "2025-12-07T17:00:00", "date": "2025-12-07", "hour": 17}}, {"type": "Feature", "geometry": {"type": "Point", "coordinates": [8.25, 54.0]}, "properties": {"value": 8.113, "time": "2025-12-07T17:00:00", "date": "2025-12-07", "hour": 17}}, {"type": "Feature", "geometry": {"type": "Point", "coordinates": [8.5, 54.0]}, "properties": {"value": 6.776, "time": "2025-12-07T17:00:00", "date": "2025-12-07", "hour": 17}}, {"type": "Feature", "geometry": {"type": "Point", "coordinates": [11.25, 54.0]}, "properties": {"value": 5.168, "time": "2025-12-07T17:00:00", "date": "2025-12-07", "hour": 17}}, {"type": "Feature", "geometry": {"type": "Point", "coordinates": [14.0, 54.0]}, "properties": {"value": 3.979, "time": "2025-12-07T17:00:00", "date": "2025-12-07", "hour": 17}}, {"type": "Feature", "geometry": {"type": "Point", "coordinates": [14.25, 54.0]}, "properties": {"value": 4.777, "time": "2025-12-07T17:00:00", "date": "2025-12-07", "hour": 17}}, {"type": "Feature", "geometry": {"type": "Point", "coordinates": [14.5, 54.0]}, "properties": {"value": 4.438, "time": "2025-12-07T17:00:00", "date": "2025-12-07", "hour": 17}}, {"type": "Feature", "geometry": {"type": "Point", "coordinates": [14.75, 54.0]}, "properties": {"value": 4.948, "time": "2025-12-07T17:00:00", "date": "2025-12-07", "hour": 17}}, {"type": "Feature", "geometry": {"type": "Point", "coordinates": [5.0, 54.25]}, "properties": {"value": 10.514, "time": "2025-12-07T17:00:00", "date": "2025-12-07", "hour": 17}}, {"type": "Feature", "geometry": {"type": "Point", "coordinates": [5.25, 54.25]}, "properties": {"value": 10.461, "time": "2025-12-07T17:00:00", "date": "2025-12-07", "hour": 17}}, {"type": "Feature", "geometry": {"type": "Point", "coordinates": [5.5, 54.25]}, "properties": {"value": 10.37, "time": "2025-12-07T17:00:00", "date": "2025-12-07", "hour": 17}}, {"type": "Feature", "geometry": {"type": "Point", "coordinates": [5.75, 54.25]}, "properties": {"value": 10.193, "time": "2025-12-07T17:00:00", "date": "2025-12-07", "hour": 17}}, {"type": "Feature", "geometry": {"type": "Point", "coordinates": [6.0, 54.25]}, "properties": {"value": 10.126, "time": "2025-12-07T17:00:00", "date": "2025-12-07", "hour": 17}}, {"type": "Feature", "geometry": {"type": "Point", "coordinates": [6.25, 54.25]}, "properties": {"value": 10.002, "time": "2025-12-07T17:00:00", "date": "2025-12-07", "hour": 17}}, {"type": "Feature", "geometry": {"type": "Point", "coordinates": [6.5, 54.25]}, "properties": {"value": 9.844, "time": "2025-12-07T17:00:00", "date": "2025-12-07", "hour": 17}}, {"type": "Feature", "geometry": {"type": "Point", "coordinates": [6.75, 54.25]}, "properties": {"value": 9.685, "time": "2025-12-07T17:00:00", "date": "2025-12-07", "hour": 17}}, {"type": "Feature", "geometry": {"type": "Point", "coordinates": [7.0, 54.25]}, "properties": {"value": 9.6, "time": "2025-12-07T17:00:00", "date": "2025-12-07", "hour": 17}}, {"type": "Feature", "geometry": {"type": "Point", "coordinates": [7.25, 54.25]}, "properties": {"value": 9.517, "time": "2025-12-07T17:00:00", "date": "2025-12-07", "hour": 17}}, {"type": "Feature", "geometry": {"type": "Point", "coordinates": [7.5, 54.25]}, "properties": {"value": 9.463, "time": "2025-12-07T17:00:00", "date": "2025-12-07", "hour": 17}}, {"type": "Feature", "geometry": {"type": "Point", "coordinates": [7.75, 54.25]}, "properties": {"value": 9.033, "time": "2025-12-07T17:00:00", "date": "2025-12-07", "hour": 17}}, {"type": "Feature", "geometry": {"type": "Point", "coordinates": [8.0, 54.25]}, "properties": {"value": 8.815, "time": "2025-12-07T17:00:00", "date": "2025-12-07", "hour": 17}}, {"type": "Feature", "geometry": {"type": "Point", "coordinates": [8.25, 54.25]}, "properties": {"value": 7.76, "time": "2025-12-07T17:00:00", "date": "2025-12-07", "hour": 17}}, {"type": "Feature", "geometry": {"type": "Point", "coordinates": [8.5, 54.25]}, "properties": {"value": 6.486, "time": "2025-12-07T17:00:00", "date": "2025-12-07", "hour": 17}}, {"type": "Feature", "geometry": {"type": "Point", "coordinates": [10.75, 54.25]}, "properties": {"value": 5.775, "time": "2025-12-07T17:00:00", "date": "2025-12-07", "hour": 17}}, {"type": "Feature", "geometry": {"type": "Point", "coordinates": [11.25, 54.25]}, "properties": {"value": 5.602, "time": "2025-12-07T17:00:00", "date": "2025-12-07", "hour": 17}}, {"type": "Feature", "geometry": {"type": "Point", "coordinates": [11.75, 54.25]}, "properties": {"value": 6.159, "time": "2025-12-07T17:00:00", "date": "2025-12-07", "hour": 17}}, {"type": "Feature", "geometry": {"type": "Point", "coordinates": [12.25, 54.25]}, "properties": {"value": 6.117, "time": "2025-12-07T17:00:00", "date": "2025-12-07", "hour": 17}}, {"type": "Feature", "geometry": {"type": "Point", "coordinates": [13.75, 54.25]}, "properties": {"value": 4.522, "time": "2025-12-07T17:00:00", "date": "2025-12-07", "hour": 17}}, {"type": "Feature", "geometry": {"type": "Point", "coordinates": [14.0, 54.25]}, "properties": {"value": 4.784, "time": "2025-12-07T17:00:00", "date": "2025-12-07", "hour": 17}}, {"type": "Feature", "geometry": {"type": "Point", "coordinates": [14.25, 54.25]}, "properties": {"value": 5.295, "time": "2025-12-07T17:00:00", "date": "2025-12-07", "hour": 17}}, {"type": "Feature", "geometry": {"type": "Point", "coordinates": [14.5, 54.25]}, "properties": {"value": 5.434, "time": "2025-12-07T17:00:00", "date": "2025-12-07", "hour": 17}}, {"type": "Feature", "geometry": {"type": "Point", "coordinates": [14.75, 54.25]}, "properties": {"value": 5.709, "time": "2025-12-07T17:00:00", "date": "2025-12-07", "hour": 17}}, {"type": "Feature", "geometry": {"type": "Point", "coordinates": [15.0, 54.25]}, "properties": {"value": 6.474, "time": "2025-12-07T17:00:00", "date": "2025-12-07", "hour": 17}}, {"type": "Feature", "geometry": {"type": "Point", "coordinates": [5.0, 54.5]}, "properties": {"value": 10.537, "time": "2025-12-07T17:00:00", "date": "2025-12-07", "hour": 17}}, {"type": "Feature", "geometry": {"type": "Point", "coordinates": [5.25, 54.5]}, "properties": {"value": 10.545, "time": "2025-12-07T17:00:00", "date": "2025-12-07", "hour": 17}}, {"type": "Feature", "geometry": {"type": "Point", "coordinates": [5.5, 54.5]}, "properties": {"value": 10.5, "time": "2025-12-07T17:00:00", "date": "2025-12-07", "hour": 17}}, {"type": "Feature", "geometry": {"type": "Point", "coordinates": [5.75, 54.5]}, "properties": {"value": 10.423, "time": "2025-12-07T17:00:00", "date": "2025-12-07", "hour": 17}}, {"type": "Feature", "geometry": {"type": "Point", "coordinates": [6.0, 54.5]}, "properties": {"value": 10.375, "time": "2025-12-07T17:00:00", "date": "2025-12-07", "hour": 17}}, {"type": "Feature", "geometry": {"type": "Point", "coordinates": [6.25, 54.5]}, "properties": {"value": 10.318, "time": "2025-12-07T17:00:00", "date": "2025-12-07", "hour": 17}}, {"type": "Feature", "geometry": {"type": "Point", "coordinates": [6.5, 54.5]}, "properties": {"value": 10.188, "time": "2025-12-07T17:00:00", "date": "2025-12-07", "hour": 17}}, {"type": "Feature", "geometry": {"type": "Point", "coordinates": [6.75, 54.5]}, "properties": {"value": 10.09, "time": "2025-12-07T17:00:00", "date": "2025-12-07", "hour": 17}}, {"type": "Feature", "geometry": {"type": "Point", "coordinates": [7.0, 54.5]}, "properties": {"value": 9.96, "time": "2025-12-07T17:00:00", "date": "2025-12-07", "hour": 17}}, {"type": "Feature", "geometry": {"type": "Point", "coordinates": [7.25, 54.5]}, "properties": {"value": 9.758, "time": "2025-12-07T17:00:00", "date": "2025-12-07", "hour": 17}}, {"type": "Feature", "geometry": {"type": "Point", "coordinates": [7.5, 54.5]}, "properties": {"value": 9.68, "time": "2025-12-07T17:00:00", "date": "2025-12-07", "hour": 17}}, {"type": "Feature", "geometry": {"type": "Point", "coordinates": [7.75, 54.5]}, "properties": {"value": 9.1, "time": "2025-12-07T17:00:00", "date": "2025-12-07", "hour": 17}}, {"type": "Feature", "geometry": {"type": "Point", "coordinates": [8.0, 54.5]}, "properties": {"value": 7.947, "time": "2025-12-07T17:00:00", "date": "2025-12-07", "hour": 17}}, {"type": "Feature", "geometry": {"type": "Point", "coordinates": [8.25, 54.5]}, "properties": {"value": 6.944, "time": "2025-12-07T17:00:00", "date": "2025-12-07", "hour": 17}}, {"type": "Feature", "geometry": {"type": "Point", "coordinates": [8.5, 54.5]}, "properties": {"value": 6.008, "time": "2025-12-07T17:00:00", "date": "2025-12-07", "hour": 17}}, {"type": "Feature", "geometry": {"type": "Point", "coordinates": [10.5, 54.5]}, "properties": {"value": 5.923, "time": "2025-12-07T17:00:00", "date": "2025-12-07", "hour": 17}}, {"type": "Feature", "geometry": {"type": "Point", "coordinates": [10.75, 54.5]}, "properties": {"value": 5.939, "time": "2025-12-07T17:00:00", "date": "2025-12-07", "hour": 17}}, {"type": "Feature", "geometry": {"type": "Point", "coordinates": [11.0, 54.5]}, "properties": {"value": 5.803, "time": "2025-12-07T17:00:00", "date": "2025-12-07", "hour": 17}}, {"type": "Feature", "geometry": {"type": "Point", "coordinates": [11.25, 54.5]}, "properties": {"value": 5.907, "time": "2025-12-07T17:00:00", "date": "2025-12-07", "hour": 17}}, {"type": "Feature", "geometry": {"type": "Point", "coordinates": [11.5, 54.5]}, "properties": {"value": 6.007, "time": "2025-12-07T17:00:00", "date": "2025-12-07", "hour": 17}}, {"type": "Feature", "geometry": {"type": "Point", "coordinates": [11.75, 54.5]}, "properties": {"value": 6.186, "time": "2025-12-07T17:00:00", "date": "2025-12-07", "hour": 17}}, {"type": "Feature", "geometry": {"type": "Point", "coordinates": [12.0, 54.5]}, "properties": {"value": 6.258, "time": "2025-12-07T17:00:00", "date": "2025-12-07", "hour": 17}}, {"type": "Feature", "geometry": {"type": "Point", "coordinates": [12.25, 54.5]}, "properties": {"value": 6.26, "time": "2025-12-07T17:00:00", "date": "2025-12-07", "hour": 17}}, {"type": "Feature", "geometry": {"type": "Point", "coordinates": [13.0, 54.5]}, "properties": {"value": 6.794, "time": "2025-12-07T17:00:00", "date": "2025-12-07", "hour": 17}}, {"type": "Feature", "geometry": {"type": "Point", "coordinates": [13.25, 54.5]}, "properties": {"value": 6.152, "time": "2025-12-07T17:00:00", "date": "2025-12-07", "hour": 17}}, {"type": "Feature", "geometry": {"type": "Point", "coordinates": [13.5, 54.5]}, "properties": {"value": 5.82, "time": "2025-12-07T17:00:00", "date": "2025-12-07", "hour": 17}}, {"type": "Feature", "geometry": {"type": "Point", "coordinates": [13.75, 54.5]}, "properties": {"value": 5.728, "time": "2025-12-07T17:00:00", "date": "2025-12-07", "hour": 17}}, {"type": "Feature", "geometry": {"type": "Point", "coordinates": [14.0, 54.5]}, "properties": {"value": 5.939, "time": "2025-12-07T17:00:00", "date": "2025-12-07", "hour": 17}}, {"type": "Feature", "geometry": {"type": "Point", "coordinates": [14.25, 54.5]}, "properties": {"value": 6.117, "time": "2025-12-07T17:00:00", "date": "2025-12-07", "hour": 17}}, {"type": "Feature", "geometry": {"type": "Point", "coordinates": [14.5, 54.5]}, "properties": {"value": 6.426, "time": "2025-12-07T17:00:00", "date": "2025-12-07", "hour": 17}}, {"type": "Feature", "geometry": {"type": "Point", "coordinates": [14.75, 54.5]}, "properties": {"value": 6.671, "time": "2025-12-07T17:00:00", "date": "2025-12-07", "hour": 17}}, {"type": "Feature", "geometry": {"type": "Point", "coordinates": [15.0, 54.5]}, "properties": {"value": 7.412, "time": "2025-12-07T17:00:00", "date": "2025-12-07", "hour": 17}}, {"type": "Feature", "geometry": {"type": "Point", "coordinates": [5.0, 54.75]}, "properties": {"value": 10.535, "time": "2025-12-07T17:00:00", "date": "2025-12-07", "hour": 17}}, {"type": "Feature", "geometry": {"type": "Point", "coordinates": [5.25, 54.75]}, "properties": {"value": 10.543, "time": "2025-12-07T17:00:00", "date": "2025-12-07", "hour": 17}}, {"type": "Feature", "geometry": {"type": "Point", "coordinates": [5.5, 54.75]}, "properties": {"value": 10.564, "time": "2025-12-07T17:00:00", "date": "2025-12-07", "hour": 17}}, {"type": "Feature", "geometry": {"type": "Point", "coordinates": [5.75, 54.75]}, "properties": {"value": 10.557, "time": "2025-12-07T17:00:00", "date": "2025-12-07", "hour": 17}}, {"type": "Feature", "geometry": {"type": "Point", "coordinates": [6.0, 54.75]}, "properties": {"value": 10.525, "time": "2025-12-07T17:00:00", "date": "2025-12-07", "hour": 17}}, {"type": "Feature", "geometry": {"type": "Point", "coordinates": [6.25, 54.75]}, "properties": {"value": 10.467, "time": "2025-12-07T17:00:00", "date": "2025-12-07", "hour": 17}}, {"type": "Feature", "geometry": {"type": "Point", "coordinates": [6.5, 54.75]}, "properties": {"value": 10.396, "time": "2025-12-07T17:00:00", "date": "2025-12-07", "hour": 17}}, {"type": "Feature", "geometry": {"type": "Point", "coordinates": [6.75, 54.75]}, "properties": {"value": 10.212, "time": "2025-12-07T17:00:00", "date": "2025-12-07", "hour": 17}}, {"type": "Feature", "geometry": {"type": "Point", "coordinates": [7.0, 54.75]}, "properties": {"value": 10.06, "time": "2025-12-07T17:00:00", "date": "2025-12-07", "hour": 17}}, {"type": "Feature", "geometry": {"type": "Point", "coordinates": [7.25, 54.75]}, "properties": {"value": 9.85, "time": "2025-12-07T17:00:00", "date": "2025-12-07", "hour": 17}}, {"type": "Feature", "geometry": {"type": "Point", "coordinates": [7.5, 54.75]}, "properties": {"value": 9.634, "time": "2025-12-07T17:00:00", "date": "2025-12-07", "hour": 17}}, {"type": "Feature", "geometry": {"type": "Point", "coordinates": [7.75, 54.75]}, "properties": {"value": 8.565, "time": "2025-12-07T17:00:00", "date": "2025-12-07", "hour": 17}}, {"type": "Feature", "geometry": {"type": "Point", "coordinates": [8.0, 54.75]}, "properties": {"value": 7.371, "time": "2025-12-07T17:00:00", "date": "2025-12-07", "hour": 17}}, {"type": "Feature", "geometry": {"type": "Point", "coordinates": [8.25, 54.75]}, "properties": {"value": 6.455, "time": "2025-12-07T17:00:00", "date": "2025-12-07", "hour": 17}}, {"type": "Feature", "geometry": {"type": "Point", "coordinates": [8.5, 54.75]}, "properties": {"value": 5.504, "time": "2025-12-07T17:00:00", "date": "2025-12-07", "hour": 17}}, {"type": "Feature", "geometry": {"type": "Point", "coordinates": [10.25, 54.75]}, "properties": {"value": 5.886, "time": "2025-12-07T17:00:00", "date": "2025-12-07", "hour": 17}}, {"type": "Feature", "geometry": {"type": "Point", "coordinates": [10.5, 54.75]}, "properties": {"value": 5.945, "time": "2025-12-07T17:00:00", "date": "2025-12-07", "hour": 17}}, {"type": "Feature", "geometry": {"type": "Point", "coordinates": [10.75, 54.75]}, "properties": {"value": 6.005, "time": "2025-12-07T17:00:00", "date": "2025-12-07", "hour": 17}}, {"type": "Feature", "geometry": {"type": "Point", "coordinates": [11.0, 54.75]}, "properties": {"value": 5.849, "time": "2025-12-07T17:00:00", "date": "2025-12-07", "hour": 17}}, {"type": "Feature", "geometry": {"type": "Point", "coordinates": [11.25, 54.75]}, "properties": {"value": 5.778, "time": "2025-12-07T17:00:00", "date": "2025-12-07", "hour": 17}}, {"type": "Feature", "geometry": {"type": "Point", "coordinates": [11.5, 54.75]}, "properties": {"value": 5.631, "time": "2025-12-07T17:00:00", "date": "2025-12-07", "hour": 17}}, {"type": "Feature", "geometry": {"type": "Point", "coordinates": [12.0, 54.75]}, "properties": {"value": 6.04, "time": "2025-12-07T17:00:00", "date": "2025-12-07", "hour": 17}}, {"type": "Feature", "geometry": {"type": "Point", "coordinates": [12.25, 54.75]}, "properties": {"value": 6.34, "time": "2025-12-07T17:00:00", "date": "2025-12-07", "hour": 17}}, {"type": "Feature", "geometry": {"type": "Point", "coordinates": [12.5, 54.75]}, "properties": {"value": 6.741, "time": "2025-12-07T17:00:00", "date": "2025-12-07", "hour": 17}}, {"type": "Feature", "geometry": {"type": "Point", "coordinates": [12.75, 54.75]}, "properties": {"value": 6.892, "time": "2025-12-07T17:00:00", "date": "2025-12-07", "hour": 17}}, {"type": "Feature", "geometry": {"type": "Point", "coordinates": [13.0, 54.75]}, "properties": {"value": 6.836, "time": "2025-12-07T17:00:00", "date": "2025-12-07", "hour": 17}}, {"type": "Feature", "geometry": {"type": "Point", "coordinates": [13.25, 54.75]}, "properties": {"value": 6.974, "time": "2025-12-07T17:00:00", "date": "2025-12-07", "hour": 17}}, {"type": "Feature", "geometry": {"type": "Point", "coordinates": [13.5, 54.75]}, "properties": {"value": 6.945, "time": "2025-12-07T17:00:00", "date": "2025-12-07", "hour": 17}}, {"type": "Feature", "geometry": {"type": "Point", "coordinates": [13.75, 54.75]}, "properties": {"value": 6.854, "time": "2025-12-07T17:00:00", "date": "2025-12-07", "hour": 17}}, {"type": "Feature", "geometry": {"type": "Point", "coordinates": [14.0, 54.75]}, "properties": {"value": 6.747, "time": "2025-12-07T17:00:00", "date": "2025-12-07", "hour": 17}}, {"type": "Feature", "geometry": {"type": "Point", "coordinates": [14.25, 54.75]}, "properties": {"value": 6.752, "time": "2025-12-07T17:00:00", "date": "2025-12-07", "hour": 17}}, {"type": "Feature", "geometry": {"type": "Point", "coordinates": [14.5, 54.75]}, "properties": {"value": 7.137, "time": "2025-12-07T17:00:00", "date": "2025-12-07", "hour": 17}}, {"type": "Feature", "geometry": {"type": "Point", "coordinates": [14.75, 54.75]}, "properties": {"value": 7.339, "time": "2025-12-07T17:00:00", "date": "2025-12-07", "hour": 17}}, {"type": "Feature", "geometry": {"type": "Point", "coordinates": [15.0, 54.75]}, "properties": {"value": 7.349, "time": "2025-12-07T17:00:00", "date": "2025-12-07", "hour": 17}}, {"type": "Feature", "geometry": {"type": "Point", "coordinates": [5.0, 55.0]}, "properties": {"value": 10.501, "time": "2025-12-07T17:00:00", "date": "2025-12-07", "hour": 17}}, {"type": "Feature", "geometry": {"type": "Point", "coordinates": [5.25, 55.0]}, "properties": {"value": 10.594, "time": "2025-12-07T17:00:00", "date": "2025-12-07", "hour": 17}}, {"type": "Feature", "geometry": {"type": "Point", "coordinates": [5.5, 55.0]}, "properties": {"value": 10.628, "time": "2025-12-07T17:00:00", "date": "2025-12-07", "hour": 17}}, {"type": "Feature", "geometry": {"type": "Point", "coordinates": [5.75, 55.0]}, "properties": {"value": 10.621, "time": "2025-12-07T17:00:00", "date": "2025-12-07", "hour": 17}}, {"type": "Feature", "geometry": {"type": "Point", "coordinates": [6.0, 55.0]}, "properties": {"value": 10.575, "time": "2025-12-07T17:00:00", "date": "2025-12-07", "hour": 17}}, {"type": "Feature", "geometry": {"type": "Point", "coordinates": [6.25, 55.0]}, "properties": {"value": 10.524, "time": "2025-12-07T17:00:00", "date": "2025-12-07", "hour": 17}}, {"type": "Feature", "geometry": {"type": "Point", "coordinates": [6.5, 55.0]}, "properties": {"value": 10.459, "time": "2025-12-07T17:00:00", "date": "2025-12-07", "hour": 17}}, {"type": "Feature", "geometry": {"type": "Point", "coordinates": [6.75, 55.0]}, "properties": {"value": 10.262, "time": "2025-12-07T17:00:00", "date": "2025-12-07", "hour": 17}}, {"type": "Feature", "geometry": {"type": "Point", "coordinates": [7.0, 55.0]}, "properties": {"value": 10.023, "time": "2025-12-07T17:00:00", "date": "2025-12-07", "hour": 17}}, {"type": "Feature", "geometry": {"type": "Point", "coordinates": [7.25, 55.0]}, "properties": {"value": 9.816, "time": "2025-12-07T17:00:00", "date": "2025-12-07", "hour": 17}}, {"type": "Feature", "geometry": {"type": "Point", "coordinates": [7.5, 55.0]}, "properties": {"value": 9.605, "time": "2025-12-07T17:00:00", "date": "2025-12-07", "hour": 17}}, {"type": "Feature", "geometry": {"type": "Point", "coordinates": [7.75, 55.0]}, "properties": {"value": 8.652, "time": "2025-12-07T17:00:00", "date": "2025-12-07", "hour": 17}}, {"type": "Feature", "geometry": {"type": "Point", "coordinates": [8.0, 55.0]}, "properties": {"value": 7.711, "time": "2025-12-07T17:00:00", "date": "2025-12-07", "hour": 17}}, {"type": "Feature", "geometry": {"type": "Point", "coordinates": [8.25, 55.0]}, "properties": {"value": 6.254, "time": "2025-12-07T17:00:00", "date": "2025-12-07", "hour": 17}}, {"type": "Feature", "geometry": {"type": "Point", "coordinates": [8.5, 55.0]}, "properties": {"value": 5.184, "time": "2025-12-07T17:00:00", "date": "2025-12-07", "hour": 17}}, {"type": "Feature", "geometry": {"type": "Point", "coordinates": [10.25, 55.0]}, "properties": {"value": 5.238, "time": "2025-12-07T17:00:00", "date": "2025-12-07", "hour": 17}}, {"type": "Feature", "geometry": {"type": "Point", "coordinates": [10.5, 55.0]}, "properties": {"value": 5.455, "time": "2025-12-07T17:00:00", "date": "2025-12-07", "hour": 17}}, {"type": "Feature", "geometry": {"type": "Point", "coordinates": [10.75, 55.0]}, "properties": {"value": 5.668, "time": "2025-12-07T17:00:00", "date": "2025-12-07", "hour": 17}}, {"type": "Feature", "geometry": {"type": "Point", "coordinates": [11.0, 55.0]}, "properties": {"value": 5.631, "time": "2025-12-07T17:00:00", "date": "2025-12-07", "hour": 17}}, {"type": "Feature", "geometry": {"type": "Point", "coordinates": [11.25, 55.0]}, "properties": {"value": 5.641, "time": "2025-12-07T17:00:00", "date": "2025-12-07", "hour": 17}}, {"type": "Feature", "geometry": {"type": "Point", "coordinates": [11.5, 55.0]}, "properties": {"value": 5.463, "time": "2025-12-07T17:00:00", "date": "2025-12-07", "hour": 17}}, {"type": "Feature", "geometry": {"type": "Point", "coordinates": [11.75, 55.0]}, "properties": {"value": 5.352, "time": "2025-12-07T17:00:00", "date": "2025-12-07", "hour": 17}}, {"type": "Feature", "geometry": {"type": "Point", "coordinates": [12.0, 55.0]}, "properties": {"value": 5.536, "time": "2025-12-07T17:00:00", "date": "2025-12-07", "hour": 17}}, {"type": "Feature", "geometry": {"type": "Point", "coordinates": [12.25, 55.0]}, "properties": {"value": 5.914, "time": "2025-12-07T17:00:00", "date": "2025-12-07", "hour": 17}}, {"type": "Feature", "geometry": {"type": "Point", "coordinates": [12.5, 55.0]}, "properties": {"value": 6.672, "time": "2025-12-07T17:00:00", "date": "2025-12-07", "hour": 17}}, {"type": "Feature", "geometry": {"type": "Point", "coordinates": [12.75, 55.0]}, "properties": {"value": 6.882, "time": "2025-12-07T17:00:00", "date": "2025-12-07", "hour": 17}}, {"type": "Feature", "geometry": {"type": "Point", "coordinates": [13.0, 55.0]}, "properties": {"value": 7.134, "time": "2025-12-07T17:00:00", "date": "2025-12-07", "hour": 17}}, {"type": "Feature", "geometry": {"type": "Point", "coordinates": [13.25, 55.0]}, "properties": {"value": 7.271, "time": "2025-12-07T17:00:00", "date": "2025-12-07", "hour": 17}}, {"type": "Feature", "geometry": {"type": "Point", "coordinates": [13.5, 55.0]}, "properties": {"value": 7.294, "time": "2025-12-07T17:00:00", "date": "2025-12-07", "hour": 17}}, {"type": "Feature", "geometry": {"type": "Point", "coordinates": [13.75, 55.0]}, "properties": {"value": 7.401, "time": "2025-12-07T17:00:00", "date": "2025-12-07", "hour": 17}}, {"type": "Feature", "geometry": {"type": "Point", "coordinates": [14.0, 55.0]}, "properties": {"value": 7.335, "time": "2025-12-07T17:00:00", "date": "2025-12-07", "hour": 17}}, {"type": "Feature", "geometry": {"type": "Point", "coordinates": [14.25, 55.0]}, "properties": {"value": 7.27, "time": "2025-12-07T17:00:00", "date": "2025-12-07", "hour": 17}}, {"type": "Feature", "geometry": {"type": "Point", "coordinates": [14.5, 55.0]}, "properties": {"value": 7.175, "time": "2025-12-07T17:00:00", "date": "2025-12-07", "hour": 17}}, {"type": "Feature", "geometry": {"type": "Point", "coordinates": [14.75, 55.0]}, "properties": {"value": 7.097, "time": "2025-12-07T17:00:00", "date": "2025-12-07", "hour": 17}}, {"type": "Feature", "geometry": {"type": "Point", "coordinates": [15.0, 55.0]}, "properties": {"value": 6.994, "time": "2025-12-07T17:00:00", "date": "2025-12-07", "hour": 17}}, {"type": "Feature", "geometry": {"type": "Point", "coordinates": [5.25, 52.75]}, "properties": {"value": 6.147, "time": "2025-12-07T18:00:00", "date": "2025-12-07", "hour": 18}}, {"type": "Feature", "geometry": {"type": "Point", "coordinates": [5.5, 52.75]}, "properties": {"value": 6.16, "time": "2025-12-07T18:00:00", "date": "2025-12-07", "hour": 18}}, {"type": "Feature", "geometry": {"type": "Point", "coordinates": [5.0, 53.0]}, "properties": {"value": 7.171, "time": "2025-12-07T18:00:00", "date": "2025-12-07", "hour": 18}}, {"type": "Feature", "geometry": {"type": "Point", "coordinates": [5.25, 53.0]}, "properties": {"value": 6.439, "time": "2025-12-07T18:00:00", "date": "2025-12-07", "hour": 18}}, {"type": "Feature", "geometry": {"type": "Point", "coordinates": [5.5, 53.0]}, "properties": {"value": 5.924, "time": "2025-12-07T18:00:00", "date": "2025-12-07", "hour": 18}}, {"type": "Feature", "geometry": {"type": "Point", "coordinates": [5.0, 53.25]}, "properties": {"value": 7.865, "time": "2025-12-07T18:00:00", "date": "2025-12-07", "hour": 18}}, {"type": "Feature", "geometry": {"type": "Point", "coordinates": [5.25, 53.25]}, "properties": {"value": 6.932, "time": "2025-12-07T18:00:00", "date": "2025-12-07", "hour": 18}}, {"type": "Feature", "geometry": {"type": "Point", "coordinates": [5.5, 53.25]}, "properties": {"value": 6.369, "time": "2025-12-07T18:00:00", "date": "2025-12-07", "hour": 18}}, {"type": "Feature", "geometry": {"type": "Point", "coordinates": [5.0, 53.5]}, "properties": {"value": 9.501, "time": "2025-12-07T18:00:00", "date": "2025-12-07", "hour": 18}}, {"type": "Feature", "geometry": {"type": "Point", "coordinates": [5.25, 53.5]}, "properties": {"value": 8.861, "time": "2025-12-07T18:00:00", "date": "2025-12-07", "hour": 18}}, {"type": "Feature", "geometry": {"type": "Point", "coordinates": [5.5, 53.5]}, "properties": {"value": 8.653, "time": "2025-12-07T18:00:00", "date": "2025-12-07", "hour": 18}}, {"type": "Feature", "geometry": {"type": "Point", "coordinates": [5.75, 53.5]}, "properties": {"value": 8.293, "time": "2025-12-07T18:00:00", "date": "2025-12-07", "hour": 18}}, {"type": "Feature", "geometry": {"type": "Point", "coordinates": [6.0, 53.5]}, "properties": {"value": 7.801, "time": "2025-12-07T18:00:00", "date": "2025-12-07", "hour": 18}}, {"type": "Feature", "geometry": {"type": "Point", "coordinates": [6.25, 53.5]}, "properties": {"value": 7.239, "time": "2025-12-07T18:00:00", "date": "2025-12-07", "hour": 18}}, {"type": "Feature", "geometry": {"type": "Point", "coordinates": [6.5, 53.5]}, "properties": {"value": 6.941, "time": "2025-12-07T18:00:00", "date": "2025-12-07", "hour": 18}}, {"type": "Feature", "geometry": {"type": "Point", "coordinates": [6.75, 53.5]}, "properties": {"value": 6.41, "time": "2025-12-07T18:00:00", "date": "2025-12-07", "hour": 18}}, {"type": "Feature", "geometry": {"type": "Point", "coordinates": [5.0, 53.75]}, "properties": {"value": 10.179, "time": "2025-12-07T18:00:00", "date": "2025-12-07", "hour": 18}}, {"type": "Feature", "geometry": {"type": "Point", "coordinates": [5.25, 53.75]}, "properties": {"value": 9.873, "time": "2025-12-07T18:00:00", "date": "2025-12-07", "hour": 18}}, {"type": "Feature", "geometry": {"type": "Point", "coordinates": [5.5, 53.75]}, "properties": {"value": 9.645, "time": "2025-12-07T18:00:00", "date": "2025-12-07", "hour": 18}}, {"type": "Feature", "geometry": {"type": "Point", "coordinates": [5.75, 53.75]}, "properties": {"value": 9.381, "time": "2025-12-07T18:00:00", "date": "2025-12-07", "hour": 18}}, {"type": "Feature", "geometry": {"type": "Point", "coordinates": [6.0, 53.75]}, "properties": {"value": 8.995, "time": "2025-12-07T18:00:00", "date": "2025-12-07", "hour": 18}}, {"type": "Feature", "geometry": {"type": "Point", "coordinates": [6.25, 53.75]}, "properties": {"value": 8.739, "time": "2025-12-07T18:00:00", "date": "2025-12-07", "hour": 18}}, {"type": "Feature", "geometry": {"type": "Point", "coordinates": [6.5, 53.75]}, "properties": {"value": 8.275, "time": "2025-12-07T18:00:00", "date": "2025-12-07", "hour": 18}}, {"type": "Feature", "geometry": {"type": "Point", "coordinates": [6.75, 53.75]}, "properties": {"value": 7.785, "time": "2025-12-07T18:00:00", "date": "2025-12-07", "hour": 18}}, {"type": "Feature", "geometry": {"type": "Point", "coordinates": [7.0, 53.75]}, "properties": {"value": 7.909, "time": "2025-12-07T18:00:00", "date": "2025-12-07", "hour": 18}}, {"type": "Feature", "geometry": {"type": "Point", "coordinates": [7.25, 53.75]}, "properties": {"value": 7.525, "time": "2025-12-07T18:00:00", "date": "2025-12-07", "hour": 18}}, {"type": "Feature", "geometry": {"type": "Point", "coordinates": [7.5, 53.75]}, "properties": {"value": 7.782, "time": "2025-12-07T18:00:00", "date": "2025-12-07", "hour": 18}}, {"type": "Feature", "geometry": {"type": "Point", "coordinates": [7.75, 53.75]}, "properties": {"value": 7.825, "time": "2025-12-07T18:00:00", "date": "2025-12-07", "hour": 18}}, {"type": "Feature", "geometry": {"type": "Point", "coordinates": [8.0, 53.75]}, "properties": {"value": 7.579, "time": "2025-12-07T18:00:00", "date": "2025-12-07", "hour": 18}}, {"type": "Feature", "geometry": {"type": "Point", "coordinates": [8.25, 53.75]}, "properties": {"value": 6.981, "time": "2025-12-07T18:00:00", "date": "2025-12-07", "hour": 18}}, {"type": "Feature", "geometry": {"type": "Point", "coordinates": [8.5, 53.75]}, "properties": {"value": 6.347, "time": "2025-12-07T18:00:00", "date": "2025-12-07", "hour": 18}}, {"type": "Feature", "geometry": {"type": "Point", "coordinates": [8.75, 53.75]}, "properties": {"value": 6.347, "time": "2025-12-07T18:00:00", "date": "2025-12-07", "hour": 18}}, {"type": "Feature", "geometry": {"type": "Point", "coordinates": [14.25, 53.75]}, "properties": {"value": 2.389, "time": "2025-12-07T18:00:00", "date": "2025-12-07", "hour": 18}}, {"type": "Feature", "geometry": {"type": "Point", "coordinates": [14.5, 53.75]}, "properties": {"value": 2.389, "time": "2025-12-07T18:00:00", "date": "2025-12-07", "hour": 18}}, {"type": "Feature", "geometry": {"type": "Point", "coordinates": [5.0, 54.0]}, "properties": {"value": 10.438, "time": "2025-12-07T18:00:00", "date": "2025-12-07", "hour": 18}}, {"type": "Feature", "geometry": {"type": "Point", "coordinates": [5.25, 54.0]}, "properties": {"value": 10.368, "time": "2025-12-07T18:00:00", "date": "2025-12-07", "hour": 18}}, {"type": "Feature", "geometry": {"type": "Point", "coordinates": [5.5, 54.0]}, "properties": {"value": 10.141, "time": "2025-12-07T18:00:00", "date": "2025-12-07", "hour": 18}}, {"type": "Feature", "geometry": {"type": "Point", "coordinates": [5.75, 54.0]}, "properties": {"value": 9.927, "time": "2025-12-07T18:00:00", "date": "2025-12-07", "hour": 18}}, {"type": "Feature", "geometry": {"type": "Point", "coordinates": [6.0, 54.0]}, "properties": {"value": 9.776, "time": "2025-12-07T18:00:00", "date": "2025-12-07", "hour": 18}}, {"type": "Feature", "geometry": {"type": "Point", "coordinates": [6.25, 54.0]}, "properties": {"value": 9.597, "time": "2025-12-07T18:00:00", "date": "2025-12-07", "hour": 18}}, {"type": "Feature", "geometry": {"type": "Point", "coordinates": [6.5, 54.0]}, "properties": {"value": 9.186, "time": "2025-12-07T18:00:00", "date": "2025-12-07", "hour": 18}}, {"type": "Feature", "geometry": {"type": "Point", "coordinates": [6.75, 54.0]}, "properties": {"value": 8.976, "time": "2025-12-07T18:00:00", "date": "2025-12-07", "hour": 18}}, {"type": "Feature", "geometry": {"type": "Point", "coordinates": [7.0, 54.0]}, "properties": {"value": 8.887, "time": "2025-12-07T18:00:00", "date": "2025-12-07", "hour": 18}}, {"type": "Feature", "geometry": {"type": "Point", "coordinates": [7.25, 54.0]}, "properties": {"value": 8.651, "time": "2025-12-07T18:00:00", "date": "2025-12-07", "hour": 18}}, {"type": "Feature", "geometry": {"type": "Point", "coordinates": [7.5, 54.0]}, "properties": {"value": 8.716, "time": "2025-12-07T18:00:00", "date": "2025-12-07", "hour": 18}}, {"type": "Feature", "geometry": {"type": "Point", "coordinates": [7.75, 54.0]}, "properties": {"value": 8.667, "time": "2025-12-07T18:00:00", "date": "2025-12-07", "hour": 18}}, {"type": "Feature", "geometry": {"type": "Point", "coordinates": [8.0, 54.0]}, "properties": {"value": 8.566, "time": "2025-12-07T18:00:00", "date": "2025-12-07", "hour": 18}}, {"type": "Feature", "geometry": {"type": "Point", "coordinates": [8.25, 54.0]}, "properties": {"value": 8.113, "time": "2025-12-07T18:00:00", "date": "2025-12-07", "hour": 18}}, {"type": "Feature", "geometry": {"type": "Point", "coordinates": [8.5, 54.0]}, "properties": {"value": 6.776, "time": "2025-12-07T18:00:00", "date": "2025-12-07", "hour": 18}}, {"type": "Feature", "geometry": {"type": "Point", "coordinates": [11.25, 54.0]}, "properties": {"value": 5.168, "time": "2025-12-07T18:00:00", "date": "2025-12-07", "hour": 18}}, {"type": "Feature", "geometry": {"type": "Point", "coordinates": [14.0, 54.0]}, "properties": {"value": 3.979, "time": "2025-12-07T18:00:00", "date": "2025-12-07", "hour": 18}}, {"type": "Feature", "geometry": {"type": "Point", "coordinates": [14.25, 54.0]}, "properties": {"value": 4.777, "time": "2025-12-07T18:00:00", "date": "2025-12-07", "hour": 18}}, {"type": "Feature", "geometry": {"type": "Point", "coordinates": [14.5, 54.0]}, "properties": {"value": 4.438, "time": "2025-12-07T18:00:00", "date": "2025-12-07", "hour": 18}}, {"type": "Feature", "geometry": {"type": "Point", "coordinates": [14.75, 54.0]}, "properties": {"value": 4.948, "time": "2025-12-07T18:00:00", "date": "2025-12-07", "hour": 18}}, {"type": "Feature", "geometry": {"type": "Point", "coordinates": [5.0, 54.25]}, "properties": {"value": 10.514, "time": "2025-12-07T18:00:00", "date": "2025-12-07", "hour": 18}}, {"type": "Feature", "geometry": {"type": "Point", "coordinates": [5.25, 54.25]}, "properties": {"value": 10.461, "time": "2025-12-07T18:00:00", "date": "2025-12-07", "hour": 18}}, {"type": "Feature", "geometry": {"type": "Point", "coordinates": [5.5, 54.25]}, "properties": {"value": 10.37, "time": "2025-12-07T18:00:00", "date": "2025-12-07", "hour": 18}}, {"type": "Feature", "geometry": {"type": "Point", "coordinates": [5.75, 54.25]}, "properties": {"value": 10.193, "time": "2025-12-07T18:00:00", "date": "2025-12-07", "hour": 18}}, {"type": "Feature", "geometry": {"type": "Point", "coordinates": [6.0, 54.25]}, "properties": {"value": 10.126, "time": "2025-12-07T18:00:00", "date": "2025-12-07", "hour": 18}}, {"type": "Feature", "geometry": {"type": "Point", "coordinates": [6.25, 54.25]}, "properties": {"value": 10.002, "time": "2025-12-07T18:00:00", "date": "2025-12-07", "hour": 18}}, {"type": "Feature", "geometry": {"type": "Point", "coordinates": [6.5, 54.25]}, "properties": {"value": 9.844, "time": "2025-12-07T18:00:00", "date": "2025-12-07", "hour": 18}}, {"type": "Feature", "geometry": {"type": "Point", "coordinates": [6.75, 54.25]}, "properties": {"value": 9.685, "time": "2025-12-07T18:00:00", "date": "2025-12-07", "hour": 18}}, {"type": "Feature", "geometry": {"type": "Point", "coordinates": [7.0, 54.25]}, "properties": {"value": 9.6, "time": "2025-12-07T18:00:00", "date": "2025-12-07", "hour": 18}}, {"type": "Feature", "geometry": {"type": "Point", "coordinates": [7.25, 54.25]}, "properties": {"value": 9.517, "time": "2025-12-07T18:00:00", "date": "2025-12-07", "hour": 18}}, {"type": "Feature", "geometry": {"type": "Point", "coordinates": [7.5, 54.25]}, "properties": {"value": 9.463, "time": "2025-12-07T18:00:00", "date": "2025-12-07", "hour": 18}}, {"type": "Feature", "geometry": {"type": "Point", "coordinates": [7.75, 54.25]}, "properties": {"value": 9.033, "time": "2025-12-07T18:00:00", "date": "2025-12-07", "hour": 18}}, {"type": "Feature", "geometry": {"type": "Point", "coordinates": [8.0, 54.25]}, "properties": {"value": 8.815, "time": "2025-12-07T18:00:00", "date": "2025-12-07", "hour": 18}}, {"type": "Feature", "geometry": {"type": "Point", "coordinates": [8.25, 54.25]}, "properties": {"value": 7.76, "time": "2025-12-07T18:00:00", "date": "2025-12-07", "hour": 18}}, {"type": "Feature", "geometry": {"type": "Point", "coordinates": [8.5, 54.25]}, "properties": {"value": 6.486, "time": "2025-12-07T18:00:00", "date": "2025-12-07", "hour": 18}}, {"type": "Feature", "geometry": {"type": "Point", "coordinates": [10.75, 54.25]}, "properties": {"value": 5.775, "time": "2025-12-07T18:00:00", "date": "2025-12-07", "hour": 18}}, {"type": "Feature", "geometry": {"type": "Point", "coordinates": [11.25, 54.25]}, "properties": {"value": 5.602, "time": "2025-12-07T18:00:00", "date": "2025-12-07", "hour": 18}}, {"type": "Feature", "geometry": {"type": "Point", "coordinates": [11.75, 54.25]}, "properties": {"value": 6.159, "time": "2025-12-07T18:00:00", "date": "2025-12-07", "hour": 18}}, {"type": "Feature", "geometry": {"type": "Point", "coordinates": [12.25, 54.25]}, "properties": {"value": 6.117, "time": "2025-12-07T18:00:00", "date": "2025-12-07", "hour": 18}}, {"type": "Feature", "geometry": {"type": "Point", "coordinates": [13.75, 54.25]}, "properties": {"value": 4.522, "time": "2025-12-07T18:00:00", "date": "2025-12-07", "hour": 18}}, {"type": "Feature", "geometry": {"type": "Point", "coordinates": [14.0, 54.25]}, "properties": {"value": 4.784, "time": "2025-12-07T18:00:00", "date": "2025-12-07", "hour": 18}}, {"type": "Feature", "geometry": {"type": "Point", "coordinates": [14.25, 54.25]}, "properties": {"value": 5.295, "time": "2025-12-07T18:00:00", "date": "2025-12-07", "hour": 18}}, {"type": "Feature", "geometry": {"type": "Point", "coordinates": [14.5, 54.25]}, "properties": {"value": 5.434, "time": "2025-12-07T18:00:00", "date": "2025-12-07", "hour": 18}}, {"type": "Feature", "geometry": {"type": "Point", "coordinates": [14.75, 54.25]}, "properties": {"value": 5.709, "time": "2025-12-07T18:00:00", "date": "2025-12-07", "hour": 18}}, {"type": "Feature", "geometry": {"type": "Point", "coordinates": [15.0, 54.25]}, "properties": {"value": 6.474, "time": "2025-12-07T18:00:00", "date": "2025-12-07", "hour": 18}}, {"type": "Feature", "geometry": {"type": "Point", "coordinates": [5.0, 54.5]}, "properties": {"value": 10.537, "time": "2025-12-07T18:00:00", "date": "2025-12-07", "hour": 18}}, {"type": "Feature", "geometry": {"type": "Point", "coordinates": [5.25, 54.5]}, "properties": {"value": 10.545, "time": "2025-12-07T18:00:00", "date": "2025-12-07", "hour": 18}}, {"type": "Feature", "geometry": {"type": "Point", "coordinates": [5.5, 54.5]}, "properties": {"value": 10.5, "time": "2025-12-07T18:00:00", "date": "2025-12-07", "hour": 18}}, {"type": "Feature", "geometry": {"type": "Point", "coordinates": [5.75, 54.5]}, "properties": {"value": 10.423, "time": "2025-12-07T18:00:00", "date": "2025-12-07", "hour": 18}}, {"type": "Feature", "geometry": {"type": "Point", "coordinates": [6.0, 54.5]}, "properties": {"value": 10.375, "time": "2025-12-07T18:00:00", "date": "2025-12-07", "hour": 18}}, {"type": "Feature", "geometry": {"type": "Point", "coordinates": [6.25, 54.5]}, "properties": {"value": 10.318, "time": "2025-12-07T18:00:00", "date": "2025-12-07", "hour": 18}}, {"type": "Feature", "geometry": {"type": "Point", "coordinates": [6.5, 54.5]}, "properties": {"value": 10.188, "time": "2025-12-07T18:00:00", "date": "2025-12-07", "hour": 18}}, {"type": "Feature", "geometry": {"type": "Point", "coordinates": [6.75, 54.5]}, "properties": {"value": 10.09, "time": "2025-12-07T18:00:00", "date": "2025-12-07", "hour": 18}}, {"type": "Feature", "geometry": {"type": "Point", "coordinates": [7.0, 54.5]}, "properties": {"value": 9.96, "time": "2025-12-07T18:00:00", "date": "2025-12-07", "hour": 18}}, {"type": "Feature", "geometry": {"type": "Point", "coordinates": [7.25, 54.5]}, "properties": {"value": 9.758, "time": "2025-12-07T18:00:00", "date": "2025-12-07", "hour": 18}}, {"type": "Feature", "geometry": {"type": "Point", "coordinates": [7.5, 54.5]}, "properties": {"value": 9.68, "time": "2025-12-07T18:00:00", "date": "2025-12-07", "hour": 18}}, {"type": "Feature", "geometry": {"type": "Point", "coordinates": [7.75, 54.5]}, "properties": {"value": 9.1, "time": "2025-12-07T18:00:00", "date": "2025-12-07", "hour": 18}}, {"type": "Feature", "geometry": {"type": "Point", "coordinates": [8.0, 54.5]}, "properties": {"value": 7.947, "time": "2025-12-07T18:00:00", "date": "2025-12-07", "hour": 18}}, {"type": "Feature", "geometry": {"type": "Point", "coordinates": [8.25, 54.5]}, "properties": {"value": 6.944, "time": "2025-12-07T18:00:00", "date": "2025-12-07", "hour": 18}}, {"type": "Feature", "geometry": {"type": "Point", "coordinates": [8.5, 54.5]}, "properties": {"value": 6.008, "time": "2025-12-07T18:00:00", "date": "2025-12-07", "hour": 18}}, {"type": "Feature", "geometry": {"type": "Point", "coordinates": [10.5, 54.5]}, "properties": {"value": 5.923, "time": "2025-12-07T18:00:00", "date": "2025-12-07", "hour": 18}}, {"type": "Feature", "geometry": {"type": "Point", "coordinates": [10.75, 54.5]}, "properties": {"value": 5.939, "time": "2025-12-07T18:00:00", "date": "2025-12-07", "hour": 18}}, {"type": "Feature", "geometry": {"type": "Point", "coordinates": [11.0, 54.5]}, "properties": {"value": 5.803, "time": "2025-12-07T18:00:00", "date": "2025-12-07", "hour": 18}}, {"type": "Feature", "geometry": {"type": "Point", "coordinates": [11.25, 54.5]}, "properties": {"value": 5.907, "time": "2025-12-07T18:00:00", "date": "2025-12-07", "hour": 18}}, {"type": "Feature", "geometry": {"type": "Point", "coordinates": [11.5, 54.5]}, "properties": {"value": 6.007, "time": "2025-12-07T18:00:00", "date": "2025-12-07", "hour": 18}}, {"type": "Feature", "geometry": {"type": "Point", "coordinates": [11.75, 54.5]}, "properties": {"value": 6.186, "time": "2025-12-07T18:00:00", "date": "2025-12-07", "hour": 18}}, {"type": "Feature", "geometry": {"type": "Point", "coordinates": [12.0, 54.5]}, "properties": {"value": 6.258, "time": "2025-12-07T18:00:00", "date": "2025-12-07", "hour": 18}}, {"type": "Feature", "geometry": {"type": "Point", "coordinates": [12.25, 54.5]}, "properties": {"value": 6.26, "time": "2025-12-07T18:00:00", "date": "2025-12-07", "hour": 18}}, {"type": "Feature", "geometry": {"type": "Point", "coordinates": [13.0, 54.5]}, "properties": {"value": 6.794, "time": "2025-12-07T18:00:00", "date": "2025-12-07", "hour": 18}}, {"type": "Feature", "geometry": {"type": "Point", "coordinates": [13.25, 54.5]}, "properties": {"value": 6.152, "time": "2025-12-07T18:00:00", "date": "2025-12-07", "hour": 18}}, {"type": "Feature", "geometry": {"type": "Point", "coordinates": [13.5, 54.5]}, "properties": {"value": 5.82, "time": "2025-12-07T18:00:00", "date": "2025-12-07", "hour": 18}}, {"type": "Feature", "geometry": {"type": "Point", "coordinates": [13.75, 54.5]}, "properties": {"value": 5.728, "time": "2025-12-07T18:00:00", "date": "2025-12-07", "hour": 18}}, {"type": "Feature", "geometry": {"type": "Point", "coordinates": [14.0, 54.5]}, "properties": {"value": 5.939, "time": "2025-12-07T18:00:00", "date": "2025-12-07", "hour": 18}}, {"type": "Feature", "geometry": {"type": "Point", "coordinates": [14.25, 54.5]}, "properties": {"value": 6.117, "time": "2025-12-07T18:00:00", "date": "2025-12-07", "hour": 18}}, {"type": "Feature", "geometry": {"type": "Point", "coordinates": [14.5, 54.5]}, "properties": {"value": 6.426, "time": "2025-12-07T18:00:00", "date": "2025-12-07", "hour": 18}}, {"type": "Feature", "geometry": {"type": "Point", "coordinates": [14.75, 54.5]}, "properties": {"value": 6.671, "time": "2025-12-07T18:00:00", "date": "2025-12-07", "hour": 18}}, {"type": "Feature", "geometry": {"type": "Point", "coordinates": [15.0, 54.5]}, "properties": {"value": 7.412, "time": "2025-12-07T18:00:00", "date": "2025-12-07", "hour": 18}}, {"type": "Feature", "geometry": {"type": "Point", "coordinates": [5.0, 54.75]}, "properties": {"value": 10.535, "time": "2025-12-07T18:00:00", "date": "2025-12-07", "hour": 18}}, {"type": "Feature", "geometry": {"type": "Point", "coordinates": [5.25, 54.75]}, "properties": {"value": 10.543, "time": "2025-12-07T18:00:00", "date": "2025-12-07", "hour": 18}}, {"type": "Feature", "geometry": {"type": "Point", "coordinates": [5.5, 54.75]}, "properties": {"value": 10.564, "time": "2025-12-07T18:00:00", "date": "2025-12-07", "hour": 18}}, {"type": "Feature", "geometry": {"type": "Point", "coordinates": [5.75, 54.75]}, "properties": {"value": 10.557, "time": "2025-12-07T18:00:00", "date": "2025-12-07", "hour": 18}}, {"type": "Feature", "geometry": {"type": "Point", "coordinates": [6.0, 54.75]}, "properties": {"value": 10.525, "time": "2025-12-07T18:00:00", "date": "2025-12-07", "hour": 18}}, {"type": "Feature", "geometry": {"type": "Point", "coordinates": [6.25, 54.75]}, "properties": {"value": 10.467, "time": "2025-12-07T18:00:00", "date": "2025-12-07", "hour": 18}}, {"type": "Feature", "geometry": {"type": "Point", "coordinates": [6.5, 54.75]}, "properties": {"value": 10.396, "time": "2025-12-07T18:00:00", "date": "2025-12-07", "hour": 18}}, {"type": "Feature", "geometry": {"type": "Point", "coordinates": [6.75, 54.75]}, "properties": {"value": 10.212, "time": "2025-12-07T18:00:00", "date": "2025-12-07", "hour": 18}}, {"type": "Feature", "geometry": {"type": "Point", "coordinates": [7.0, 54.75]}, "properties": {"value": 10.06, "time": "2025-12-07T18:00:00", "date": "2025-12-07", "hour": 18}}, {"type": "Feature", "geometry": {"type": "Point", "coordinates": [7.25, 54.75]}, "properties": {"value": 9.85, "time": "2025-12-07T18:00:00", "date": "2025-12-07", "hour": 18}}, {"type": "Feature", "geometry": {"type": "Point", "coordinates": [7.5, 54.75]}, "properties": {"value": 9.634, "time": "2025-12-07T18:00:00", "date": "2025-12-07", "hour": 18}}, {"type": "Feature", "geometry": {"type": "Point", "coordinates": [7.75, 54.75]}, "properties": {"value": 8.565, "time": "2025-12-07T18:00:00", "date": "2025-12-07", "hour": 18}}, {"type": "Feature", "geometry": {"type": "Point", "coordinates": [8.0, 54.75]}, "properties": {"value": 7.371, "time": "2025-12-07T18:00:00", "date": "2025-12-07", "hour": 18}}, {"type": "Feature", "geometry": {"type": "Point", "coordinates": [8.25, 54.75]}, "properties": {"value": 6.455, "time": "2025-12-07T18:00:00", "date": "2025-12-07", "hour": 18}}, {"type": "Feature", "geometry": {"type": "Point", "coordinates": [8.5, 54.75]}, "properties": {"value": 5.504, "time": "2025-12-07T18:00:00", "date": "2025-12-07", "hour": 18}}, {"type": "Feature", "geometry": {"type": "Point", "coordinates": [10.25, 54.75]}, "properties": {"value": 5.886, "time": "2025-12-07T18:00:00", "date": "2025-12-07", "hour": 18}}, {"type": "Feature", "geometry": {"type": "Point", "coordinates": [10.5, 54.75]}, "properties": {"value": 5.945, "time": "2025-12-07T18:00:00", "date": "2025-12-07", "hour": 18}}, {"type": "Feature", "geometry": {"type": "Point", "coordinates": [10.75, 54.75]}, "properties": {"value": 6.005, "time": "2025-12-07T18:00:00", "date": "2025-12-07", "hour": 18}}, {"type": "Feature", "geometry": {"type": "Point", "coordinates": [11.0, 54.75]}, "properties": {"value": 5.849, "time": "2025-12-07T18:00:00", "date": "2025-12-07", "hour": 18}}, {"type": "Feature", "geometry": {"type": "Point", "coordinates": [11.25, 54.75]}, "properties": {"value": 5.778, "time": "2025-12-07T18:00:00", "date": "2025-12-07", "hour": 18}}, {"type": "Feature", "geometry": {"type": "Point", "coordinates": [11.5, 54.75]}, "properties": {"value": 5.631, "time": "2025-12-07T18:00:00", "date": "2025-12-07", "hour": 18}}, {"type": "Feature", "geometry": {"type": "Point", "coordinates": [12.0, 54.75]}, "properties": {"value": 6.04, "time": "2025-12-07T18:00:00", "date": "2025-12-07", "hour": 18}}, {"type": "Feature", "geometry": {"type": "Point", "coordinates": [12.25, 54.75]}, "properties": {"value": 6.34, "time": "2025-12-07T18:00:00", "date": "2025-12-07", "hour": 18}}, {"type": "Feature", "geometry": {"type": "Point", "coordinates": [12.5, 54.75]}, "properties": {"value": 6.741, "time": "2025-12-07T18:00:00", "date": "2025-12-07", "hour": 18}}, {"type": "Feature", "geometry": {"type": "Point", "coordinates": [12.75, 54.75]}, "properties": {"value": 6.892, "time": "2025-12-07T18:00:00", "date": "2025-12-07", "hour": 18}}, {"type": "Feature", "geometry": {"type": "Point", "coordinates": [13.0, 54.75]}, "properties": {"value": 6.836, "time": "2025-12-07T18:00:00", "date": "2025-12-07", "hour": 18}}, {"type": "Feature", "geometry": {"type": "Point", "coordinates": [13.25, 54.75]}, "properties": {"value": 6.974, "time": "2025-12-07T18:00:00", "date": "2025-12-07", "hour": 18}}, {"type": "Feature", "geometry": {"type": "Point", "coordinates": [13.5, 54.75]}, "properties": {"value": 6.945, "time": "2025-12-07T18:00:00", "date": "2025-12-07", "hour": 18}}, {"type": "Feature", "geometry": {"type": "Point", "coordinates": [13.75, 54.75]}, "properties": {"value": 6.854, "time": "2025-12-07T18:00:00", "date": "2025-12-07", "hour": 18}}, {"type": "Feature", "geometry": {"type": "Point", "coordinates": [14.0, 54.75]}, "properties": {"value": 6.747, "time": "2025-12-07T18:00:00", "date": "2025-12-07", "hour": 18}}, {"type": "Feature", "geometry": {"type": "Point", "coordinates": [14.25, 54.75]}, "properties": {"value": 6.752, "time": "2025-12-07T18:00:00", "date": "2025-12-07", "hour": 18}}, {"type": "Feature", "geometry": {"type": "Point", "coordinates": [14.5, 54.75]}, "properties": {"value": 7.137, "time": "2025-12-07T18:00:00", "date": "2025-12-07", "hour": 18}}, {"type": "Feature", "geometry": {"type": "Point", "coordinates": [14.75, 54.75]}, "properties": {"value": 7.339, "time": "2025-12-07T18:00:00", "date": "2025-12-07", "hour": 18}}, {"type": "Feature", "geometry": {"type": "Point", "coordinates": [15.0, 54.75]}, "properties": {"value": 7.349, "time": "2025-12-07T18:00:00", "date": "2025-12-07", "hour": 18}}, {"type": "Feature", "geometry": {"type": "Point", "coordinates": [5.0, 55.0]}, "properties": {"value": 10.501, "time": "2025-12-07T18:00:00", "date": "2025-12-07", "hour": 18}}, {"type": "Feature", "geometry": {"type": "Point", "coordinates": [5.25, 55.0]}, "properties": {"value": 10.594, "time": "2025-12-07T18:00:00", "date": "2025-12-07", "hour": 18}}, {"type": "Feature", "geometry": {"type": "Point", "coordinates": [5.5, 55.0]}, "properties": {"value": 10.628, "time": "2025-12-07T18:00:00", "date": "2025-12-07", "hour": 18}}, {"type": "Feature", "geometry": {"type": "Point", "coordinates": [5.75, 55.0]}, "properties": {"value": 10.621, "time": "2025-12-07T18:00:00", "date": "2025-12-07", "hour": 18}}, {"type": "Feature", "geometry": {"type": "Point", "coordinates": [6.0, 55.0]}, "properties": {"value": 10.575, "time": "2025-12-07T18:00:00", "date": "2025-12-07", "hour": 18}}, {"type": "Feature", "geometry": {"type": "Point", "coordinates": [6.25, 55.0]}, "properties": {"value": 10.524, "time": "2025-12-07T18:00:00", "date": "2025-12-07", "hour": 18}}, {"type": "Feature", "geometry": {"type": "Point", "coordinates": [6.5, 55.0]}, "properties": {"value": 10.459, "time": "2025-12-07T18:00:00", "date": "2025-12-07", "hour": 18}}, {"type": "Feature", "geometry": {"type": "Point", "coordinates": [6.75, 55.0]}, "properties": {"value": 10.262, "time": "2025-12-07T18:00:00", "date": "2025-12-07", "hour": 18}}, {"type": "Feature", "geometry": {"type": "Point", "coordinates": [7.0, 55.0]}, "properties": {"value": 10.023, "time": "2025-12-07T18:00:00", "date": "2025-12-07", "hour": 18}}, {"type": "Feature", "geometry": {"type": "Point", "coordinates": [7.25, 55.0]}, "properties": {"value": 9.816, "time": "2025-12-07T18:00:00", "date": "2025-12-07", "hour": 18}}, {"type": "Feature", "geometry": {"type": "Point", "coordinates": [7.5, 55.0]}, "properties": {"value": 9.605, "time": "2025-12-07T18:00:00", "date": "2025-12-07", "hour": 18}}, {"type": "Feature", "geometry": {"type": "Point", "coordinates": [7.75, 55.0]}, "properties": {"value": 8.652, "time": "2025-12-07T18:00:00", "date": "2025-12-07", "hour": 18}}, {"type": "Feature", "geometry": {"type": "Point", "coordinates": [8.0, 55.0]}, "properties": {"value": 7.711, "time": "2025-12-07T18:00:00", "date": "2025-12-07", "hour": 18}}, {"type": "Feature", "geometry": {"type": "Point", "coordinates": [8.25, 55.0]}, "properties": {"value": 6.254, "time": "2025-12-07T18:00:00", "date": "2025-12-07", "hour": 18}}, {"type": "Feature", "geometry": {"type": "Point", "coordinates": [8.5, 55.0]}, "properties": {"value": 5.184, "time": "2025-12-07T18:00:00", "date": "2025-12-07", "hour": 18}}, {"type": "Feature", "geometry": {"type": "Point", "coordinates": [10.25, 55.0]}, "properties": {"value": 5.238, "time": "2025-12-07T18:00:00", "date": "2025-12-07", "hour": 18}}, {"type": "Feature", "geometry": {"type": "Point", "coordinates": [10.5, 55.0]}, "properties": {"value": 5.455, "time": "2025-12-07T18:00:00", "date": "2025-12-07", "hour": 18}}, {"type": "Feature", "geometry": {"type": "Point", "coordinates": [10.75, 55.0]}, "properties": {"value": 5.668, "time": "2025-12-07T18:00:00", "date": "2025-12-07", "hour": 18}}, {"type": "Feature", "geometry": {"type": "Point", "coordinates": [11.0, 55.0]}, "properties": {"value": 5.631, "time": "2025-12-07T18:00:00", "date": "2025-12-07", "hour": 18}}, {"type": "Feature", "geometry": {"type": "Point", "coordinates": [11.25, 55.0]}, "properties": {"value": 5.641, "time": "2025-12-07T18:00:00", "date": "2025-12-07", "hour": 18}}, {"type": "Feature", "geometry": {"type": "Point", "coordinates": [11.5, 55.0]}, "properties": {"value": 5.463, "time": "2025-12-07T18:00:00", "date": "2025-12-07", "hour": 18}}, {"type": "Feature", "geometry": {"type": "Point", "coordinates": [11.75, 55.0]}, "properties": {"value": 5.352, "time": "2025-12-07T18:00:00", "date": "2025-12-07", "hour": 18}}, {"type": "Feature", "geometry": {"type": "Point", "coordinates": [12.0, 55.0]}, "properties": {"value": 5.536, "time": "2025-12-07T18:00:00", "date": "2025-12-07", "hour": 18}}, {"type": "Feature", "geometry": {"type": "Point", "coordinates": [12.25, 55.0]}, "properties": {"value": 5.914, "time": "2025-12-07T18:00:00", "date": "2025-12-07", "hour": 18}}, {"type": "Feature", "geometry": {"type": "Point", "coordinates": [12.5, 55.0]}, "properties": {"value": 6.672, "time": "2025-12-07T18:00:00", "date": "2025-12-07", "hour": 18}}, {"type": "Feature", "geometry": {"type": "Point", "coordinates": [12.75, 55.0]}, "properties": {"value": 6.882, "time": "2025-12-07T18:00:00", "date": "2025-12-07", "hour": 18}}, {"type": "Feature", "geometry": {"type": "Point", "coordinates": [13.0, 55.0]}, "properties": {"value": 7.134, "time": "2025-12-07T18:00:00", "date": "2025-12-07", "hour": 18}}, {"type": "Feature", "geometry": {"type": "Point", "coordinates": [13.25, 55.0]}, "properties": {"value": 7.271, "time": "2025-12-07T18:00:00", "date": "2025-12-07", "hour": 18}}, {"type": "Feature", "geometry": {"type": "Point", "coordinates": [13.5, 55.0]}, "properties": {"value": 7.294, "time": "2025-12-07T18:00:00", "date": "2025-12-07", "hour": 18}}, {"type": "Feature", "geometry": {"type": "Point", "coordinates": [13.75, 55.0]}, "properties": {"value": 7.401, "time": "2025-12-07T18:00:00", "date": "2025-12-07", "hour": 18}}, {"type": "Feature", "geometry": {"type": "Point", "coordinates": [14.0, 55.0]}, "properties": {"value": 7.335, "time": "2025-12-07T18:00:00", "date": "2025-12-07", "hour": 18}}, {"type": "Feature", "geometry": {"type": "Point", "coordinates": [14.25, 55.0]}, "properties": {"value": 7.27, "time": "2025-12-07T18:00:00", "date": "2025-12-07", "hour": 18}}, {"type": "Feature", "geometry": {"type": "Point", "coordinates": [14.5, 55.0]}, "properties": {"value": 7.175, "time": "2025-12-07T18:00:00", "date": "2025-12-07", "hour": 18}}, {"type": "Feature", "geometry": {"type": "Point", "coordinates": [14.75, 55.0]}, "properties": {"value": 7.097, "time": "2025-12-07T18:00:00", "date": "2025-12-07", "hour": 18}}, {"type": "Feature", "geometry": {"type": "Point", "coordinates": [15.0, 55.0]}, "properties": {"value": 6.994, "time": "2025-12-07T18:00:00", "date": "2025-12-07", "hour": 18}}, {"type": "Feature", "geometry": {"type": "Point", "coordinates": [5.25, 52.75]}, "properties": {"value": 6.147, "time": "2025-12-07T19:00:00", "date": "2025-12-07", "hour": 19}}, {"type": "Feature", "geometry": {"type": "Point", "coordinates": [5.5, 52.75]}, "properties": {"value": 6.16, "time": "2025-12-07T19:00:00", "date": "2025-12-07", "hour": 19}}, {"type": "Feature", "geometry": {"type": "Point", "coordinates": [5.0, 53.0]}, "properties": {"value": 7.171, "time": "2025-12-07T19:00:00", "date": "2025-12-07", "hour": 19}}, {"type": "Feature", "geometry": {"type": "Point", "coordinates": [5.25, 53.0]}, "properties": {"value": 6.439, "time": "2025-12-07T19:00:00", "date": "2025-12-07", "hour": 19}}, {"type": "Feature", "geometry": {"type": "Point", "coordinates": [5.5, 53.0]}, "properties": {"value": 5.924, "time": "2025-12-07T19:00:00", "date": "2025-12-07", "hour": 19}}, {"type": "Feature", "geometry": {"type": "Point", "coordinates": [5.0, 53.25]}, "properties": {"value": 7.865, "time": "2025-12-07T19:00:00", "date": "2025-12-07", "hour": 19}}, {"type": "Feature", "geometry": {"type": "Point", "coordinates": [5.25, 53.25]}, "properties": {"value": 6.932, "time": "2025-12-07T19:00:00", "date": "2025-12-07", "hour": 19}}, {"type": "Feature", "geometry": {"type": "Point", "coordinates": [5.5, 53.25]}, "properties": {"value": 6.369, "time": "2025-12-07T19:00:00", "date": "2025-12-07", "hour": 19}}, {"type": "Feature", "geometry": {"type": "Point", "coordinates": [5.0, 53.5]}, "properties": {"value": 9.501, "time": "2025-12-07T19:00:00", "date": "2025-12-07", "hour": 19}}, {"type": "Feature", "geometry": {"type": "Point", "coordinates": [5.25, 53.5]}, "properties": {"value": 8.861, "time": "2025-12-07T19:00:00", "date": "2025-12-07", "hour": 19}}, {"type": "Feature", "geometry": {"type": "Point", "coordinates": [5.5, 53.5]}, "properties": {"value": 8.653, "time": "2025-12-07T19:00:00", "date": "2025-12-07", "hour": 19}}, {"type": "Feature", "geometry": {"type": "Point", "coordinates": [5.75, 53.5]}, "properties": {"value": 8.293, "time": "2025-12-07T19:00:00", "date": "2025-12-07", "hour": 19}}, {"type": "Feature", "geometry": {"type": "Point", "coordinates": [6.0, 53.5]}, "properties": {"value": 7.801, "time": "2025-12-07T19:00:00", "date": "2025-12-07", "hour": 19}}, {"type": "Feature", "geometry": {"type": "Point", "coordinates": [6.25, 53.5]}, "properties": {"value": 7.239, "time": "2025-12-07T19:00:00", "date": "2025-12-07", "hour": 19}}, {"type": "Feature", "geometry": {"type": "Point", "coordinates": [6.5, 53.5]}, "properties": {"value": 6.941, "time": "2025-12-07T19:00:00", "date": "2025-12-07", "hour": 19}}, {"type": "Feature", "geometry": {"type": "Point", "coordinates": [6.75, 53.5]}, "properties": {"value": 6.41, "time": "2025-12-07T19:00:00", "date": "2025-12-07", "hour": 19}}, {"type": "Feature", "geometry": {"type": "Point", "coordinates": [5.0, 53.75]}, "properties": {"value": 10.179, "time": "2025-12-07T19:00:00", "date": "2025-12-07", "hour": 19}}, {"type": "Feature", "geometry": {"type": "Point", "coordinates": [5.25, 53.75]}, "properties": {"value": 9.873, "time": "2025-12-07T19:00:00", "date": "2025-12-07", "hour": 19}}, {"type": "Feature", "geometry": {"type": "Point", "coordinates": [5.5, 53.75]}, "properties": {"value": 9.645, "time": "2025-12-07T19:00:00", "date": "2025-12-07", "hour": 19}}, {"type": "Feature", "geometry": {"type": "Point", "coordinates": [5.75, 53.75]}, "properties": {"value": 9.381, "time": "2025-12-07T19:00:00", "date": "2025-12-07", "hour": 19}}, {"type": "Feature", "geometry": {"type": "Point", "coordinates": [6.0, 53.75]}, "properties": {"value": 8.995, "time": "2025-12-07T19:00:00", "date": "2025-12-07", "hour": 19}}, {"type": "Feature", "geometry": {"type": "Point", "coordinates": [6.25, 53.75]}, "properties": {"value": 8.739, "time": "2025-12-07T19:00:00", "date": "2025-12-07", "hour": 19}}, {"type": "Feature", "geometry": {"type": "Point", "coordinates": [6.5, 53.75]}, "properties": {"value": 8.275, "time": "2025-12-07T19:00:00", "date": "2025-12-07", "hour": 19}}, {"type": "Feature", "geometry": {"type": "Point", "coordinates": [6.75, 53.75]}, "properties": {"value": 7.785, "time": "2025-12-07T19:00:00", "date": "2025-12-07", "hour": 19}}, {"type": "Feature", "geometry": {"type": "Point", "coordinates": [7.0, 53.75]}, "properties": {"value": 7.909, "time": "2025-12-07T19:00:00", "date": "2025-12-07", "hour": 19}}, {"type": "Feature", "geometry": {"type": "Point", "coordinates": [7.25, 53.75]}, "properties": {"value": 7.525, "time": "2025-12-07T19:00:00", "date": "2025-12-07", "hour": 19}}, {"type": "Feature", "geometry": {"type": "Point", "coordinates": [7.5, 53.75]}, "properties": {"value": 7.782, "time": "2025-12-07T19:00:00", "date": "2025-12-07", "hour": 19}}, {"type": "Feature", "geometry": {"type": "Point", "coordinates": [7.75, 53.75]}, "properties": {"value": 7.825, "time": "2025-12-07T19:00:00", "date": "2025-12-07", "hour": 19}}, {"type": "Feature", "geometry": {"type": "Point", "coordinates": [8.0, 53.75]}, "properties": {"value": 7.579, "time": "2025-12-07T19:00:00", "date": "2025-12-07", "hour": 19}}, {"type": "Feature", "geometry": {"type": "Point", "coordinates": [8.25, 53.75]}, "properties": {"value": 6.981, "time": "2025-12-07T19:00:00", "date": "2025-12-07", "hour": 19}}, {"type": "Feature", "geometry": {"type": "Point", "coordinates": [8.5, 53.75]}, "properties": {"value": 6.347, "time": "2025-12-07T19:00:00", "date": "2025-12-07", "hour": 19}}, {"type": "Feature", "geometry": {"type": "Point", "coordinates": [8.75, 53.75]}, "properties": {"value": 6.347, "time": "2025-12-07T19:00:00", "date": "2025-12-07", "hour": 19}}, {"type": "Feature", "geometry": {"type": "Point", "coordinates": [14.25, 53.75]}, "properties": {"value": 2.389, "time": "2025-12-07T19:00:00", "date": "2025-12-07", "hour": 19}}, {"type": "Feature", "geometry": {"type": "Point", "coordinates": [14.5, 53.75]}, "properties": {"value": 2.389, "time": "2025-12-07T19:00:00", "date": "2025-12-07", "hour": 19}}, {"type": "Feature", "geometry": {"type": "Point", "coordinates": [5.0, 54.0]}, "properties": {"value": 10.438, "time": "2025-12-07T19:00:00", "date": "2025-12-07", "hour": 19}}, {"type": "Feature", "geometry": {"type": "Point", "coordinates": [5.25, 54.0]}, "properties": {"value": 10.368, "time": "2025-12-07T19:00:00", "date": "2025-12-07", "hour": 19}}, {"type": "Feature", "geometry": {"type": "Point", "coordinates": [5.5, 54.0]}, "properties": {"value": 10.141, "time": "2025-12-07T19:00:00", "date": "2025-12-07", "hour": 19}}, {"type": "Feature", "geometry": {"type": "Point", "coordinates": [5.75, 54.0]}, "properties": {"value": 9.927, "time": "2025-12-07T19:00:00", "date": "2025-12-07", "hour": 19}}, {"type": "Feature", "geometry": {"type": "Point", "coordinates": [6.0, 54.0]}, "properties": {"value": 9.776, "time": "2025-12-07T19:00:00", "date": "2025-12-07", "hour": 19}}, {"type": "Feature", "geometry": {"type": "Point", "coordinates": [6.25, 54.0]}, "properties": {"value": 9.597, "time": "2025-12-07T19:00:00", "date": "2025-12-07", "hour": 19}}, {"type": "Feature", "geometry": {"type": "Point", "coordinates": [6.5, 54.0]}, "properties": {"value": 9.186, "time": "2025-12-07T19:00:00", "date": "2025-12-07", "hour": 19}}, {"type": "Feature", "geometry": {"type": "Point", "coordinates": [6.75, 54.0]}, "properties": {"value": 8.976, "time": "2025-12-07T19:00:00", "date": "2025-12-07", "hour": 19}}, {"type": "Feature", "geometry": {"type": "Point", "coordinates": [7.0, 54.0]}, "properties": {"value": 8.887, "time": "2025-12-07T19:00:00", "date": "2025-12-07", "hour": 19}}, {"type": "Feature", "geometry": {"type": "Point", "coordinates": [7.25, 54.0]}, "properties": {"value": 8.651, "time": "2025-12-07T19:00:00", "date": "2025-12-07", "hour": 19}}, {"type": "Feature", "geometry": {"type": "Point", "coordinates": [7.5, 54.0]}, "properties": {"value": 8.716, "time": "2025-12-07T19:00:00", "date": "2025-12-07", "hour": 19}}, {"type": "Feature", "geometry": {"type": "Point", "coordinates": [7.75, 54.0]}, "properties": {"value": 8.667, "time": "2025-12-07T19:00:00", "date": "2025-12-07", "hour": 19}}, {"type": "Feature", "geometry": {"type": "Point", "coordinates": [8.0, 54.0]}, "properties": {"value": 8.566, "time": "2025-12-07T19:00:00", "date": "2025-12-07", "hour": 19}}, {"type": "Feature", "geometry": {"type": "Point", "coordinates": [8.25, 54.0]}, "properties": {"value": 8.113, "time": "2025-12-07T19:00:00", "date": "2025-12-07", "hour": 19}}, {"type": "Feature", "geometry": {"type": "Point", "coordinates": [8.5, 54.0]}, "properties": {"value": 6.776, "time": "2025-12-07T19:00:00", "date": "2025-12-07", "hour": 19}}, {"type": "Feature", "geometry": {"type": "Point", "coordinates": [11.25, 54.0]}, "properties": {"value": 5.168, "time": "2025-12-07T19:00:00", "date": "2025-12-07", "hour": 19}}, {"type": "Feature", "geometry": {"type": "Point", "coordinates": [14.0, 54.0]}, "properties": {"value": 3.979, "time": "2025-12-07T19:00:00", "date": "2025-12-07", "hour": 19}}, {"type": "Feature", "geometry": {"type": "Point", "coordinates": [14.25, 54.0]}, "properties": {"value": 4.777, "time": "2025-12-07T19:00:00", "date": "2025-12-07", "hour": 19}}, {"type": "Feature", "geometry": {"type": "Point", "coordinates": [14.5, 54.0]}, "properties": {"value": 4.438, "time": "2025-12-07T19:00:00", "date": "2025-12-07", "hour": 19}}, {"type": "Feature", "geometry": {"type": "Point", "coordinates": [14.75, 54.0]}, "properties": {"value": 4.948, "time": "2025-12-07T19:00:00", "date": "2025-12-07", "hour": 19}}, {"type": "Feature", "geometry": {"type": "Point", "coordinates": [5.0, 54.25]}, "properties": {"value": 10.514, "time": "2025-12-07T19:00:00", "date": "2025-12-07", "hour": 19}}, {"type": "Feature", "geometry": {"type": "Point", "coordinates": [5.25, 54.25]}, "properties": {"value": 10.461, "time": "2025-12-07T19:00:00", "date": "2025-12-07", "hour": 19}}, {"type": "Feature", "geometry": {"type": "Point", "coordinates": [5.5, 54.25]}, "properties": {"value": 10.37, "time": "2025-12-07T19:00:00", "date": "2025-12-07", "hour": 19}}, {"type": "Feature", "geometry": {"type": "Point", "coordinates": [5.75, 54.25]}, "properties": {"value": 10.193, "time": "2025-12-07T19:00:00", "date": "2025-12-07", "hour": 19}}, {"type": "Feature", "geometry": {"type": "Point", "coordinates": [6.0, 54.25]}, "properties": {"value": 10.126, "time": "2025-12-07T19:00:00", "date": "2025-12-07", "hour": 19}}, {"type": "Feature", "geometry": {"type": "Point", "coordinates": [6.25, 54.25]}, "properties": {"value": 10.002, "time": "2025-12-07T19:00:00", "date": "2025-12-07", "hour": 19}}, {"type": "Feature", "geometry": {"type": "Point", "coordinates": [6.5, 54.25]}, "properties": {"value": 9.844, "time": "2025-12-07T19:00:00", "date": "2025-12-07", "hour": 19}}, {"type": "Feature", "geometry": {"type": "Point", "coordinates": [6.75, 54.25]}, "properties": {"value": 9.685, "time": "2025-12-07T19:00:00", "date": "2025-12-07", "hour": 19}}, {"type": "Feature", "geometry": {"type": "Point", "coordinates": [7.0, 54.25]}, "properties": {"value": 9.6, "time": "2025-12-07T19:00:00", "date": "2025-12-07", "hour": 19}}, {"type": "Feature", "geometry": {"type": "Point", "coordinates": [7.25, 54.25]}, "properties": {"value": 9.517, "time": "2025-12-07T19:00:00", "date": "2025-12-07", "hour": 19}}, {"type": "Feature", "geometry": {"type": "Point", "coordinates": [7.5, 54.25]}, "properties": {"value": 9.463, "time": "2025-12-07T19:00:00", "date": "2025-12-07", "hour": 19}}, {"type": "Feature", "geometry": {"type": "Point", "coordinates": [7.75, 54.25]}, "properties": {"value": 9.033, "time": "2025-12-07T19:00:00", "date": "2025-12-07", "hour": 19}}, {"type": "Feature", "geometry": {"type": "Point", "coordinates": [8.0, 54.25]}, "properties": {"value": 8.815, "time": "2025-12-07T19:00:00", "date": "2025-12-07", "hour": 19}}, {"type": "Feature", "geometry": {"type": "Point", "coordinates": [8.25, 54.25]}, "properties": {"value": 7.76, "time": "2025-12-07T19:00:00", "date": "2025-12-07", "hour": 19}}, {"type": "Feature", "geometry": {"type": "Point", "coordinates": [8.5, 54.25]}, "properties": {"value": 6.486, "time": "2025-12-07T19:00:00", "date": "2025-12-07", "hour": 19}}, {"type": "Feature", "geometry": {"type": "Point", "coordinates": [10.75, 54.25]}, "properties": {"value": 5.775, "time": "2025-12-07T19:00:00", "date": "2025-12-07", "hour": 19}}, {"type": "Feature", "geometry": {"type": "Point", "coordinates": [11.25, 54.25]}, "properties": {"value": 5.602, "time": "2025-12-07T19:00:00", "date": "2025-12-07", "hour": 19}}, {"type": "Feature", "geometry": {"type": "Point", "coordinates": [11.75, 54.25]}, "properties": {"value": 6.159, "time": "2025-12-07T19:00:00", "date": "2025-12-07", "hour": 19}}, {"type": "Feature", "geometry": {"type": "Point", "coordinates": [12.25, 54.25]}, "properties": {"value": 6.117, "time": "2025-12-07T19:00:00", "date": "2025-12-07", "hour": 19}}, {"type": "Feature", "geometry": {"type": "Point", "coordinates": [13.75, 54.25]}, "properties": {"value": 4.522, "time": "2025-12-07T19:00:00", "date": "2025-12-07", "hour": 19}}, {"type": "Feature", "geometry": {"type": "Point", "coordinates": [14.0, 54.25]}, "properties": {"value": 4.784, "time": "2025-12-07T19:00:00", "date": "2025-12-07", "hour": 19}}, {"type": "Feature", "geometry": {"type": "Point", "coordinates": [14.25, 54.25]}, "properties": {"value": 5.295, "time": "2025-12-07T19:00:00", "date": "2025-12-07", "hour": 19}}, {"type": "Feature", "geometry": {"type": "Point", "coordinates": [14.5, 54.25]}, "properties": {"value": 5.434, "time": "2025-12-07T19:00:00", "date": "2025-12-07", "hour": 19}}, {"type": "Feature", "geometry": {"type": "Point", "coordinates": [14.75, 54.25]}, "properties": {"value": 5.709, "time": "2025-12-07T19:00:00", "date": "2025-12-07", "hour": 19}}, {"type": "Feature", "geometry": {"type": "Point", "coordinates": [15.0, 54.25]}, "properties": {"value": 6.474, "time": "2025-12-07T19:00:00", "date": "2025-12-07", "hour": 19}}, {"type": "Feature", "geometry": {"type": "Point", "coordinates": [5.0, 54.5]}, "properties": {"value": 10.537, "time": "2025-12-07T19:00:00", "date": "2025-12-07", "hour": 19}}, {"type": "Feature", "geometry": {"type": "Point", "coordinates": [5.25, 54.5]}, "properties": {"value": 10.545, "time": "2025-12-07T19:00:00", "date": "2025-12-07", "hour": 19}}, {"type": "Feature", "geometry": {"type": "Point", "coordinates": [5.5, 54.5]}, "properties": {"value": 10.5, "time": "2025-12-07T19:00:00", "date": "2025-12-07", "hour": 19}}, {"type": "Feature", "geometry": {"type": "Point", "coordinates": [5.75, 54.5]}, "properties": {"value": 10.423, "time": "2025-12-07T19:00:00", "date": "2025-12-07", "hour": 19}}, {"type": "Feature", "geometry": {"type": "Point", "coordinates": [6.0, 54.5]}, "properties": {"value": 10.375, "time": "2025-12-07T19:00:00", "date": "2025-12-07", "hour": 19}}, {"type": "Feature", "geometry": {"type": "Point", "coordinates": [6.25, 54.5]}, "properties": {"value": 10.318, "time": "2025-12-07T19:00:00", "date": "2025-12-07", "hour": 19}}, {"type": "Feature", "geometry": {"type": "Point", "coordinates": [6.5, 54.5]}, "properties": {"value": 10.188, "time": "2025-12-07T19:00:00", "date": "2025-12-07", "hour": 19}}, {"type": "Feature", "geometry": {"type": "Point", "coordinates": [6.75, 54.5]}, "properties": {"value": 10.09, "time": "2025-12-07T19:00:00", "date": "2025-12-07", "hour": 19}}, {"type": "Feature", "geometry": {"type": "Point", "coordinates": [7.0, 54.5]}, "properties": {"value": 9.96, "time": "2025-12-07T19:00:00", "date": "2025-12-07", "hour": 19}}, {"type": "Feature", "geometry": {"type": "Point", "coordinates": [7.25, 54.5]}, "properties": {"value": 9.758, "time": "2025-12-07T19:00:00", "date": "2025-12-07", "hour": 19}}, {"type": "Feature", "geometry": {"type": "Point", "coordinates": [7.5, 54.5]}, "properties": {"value": 9.68, "time": "2025-12-07T19:00:00", "date": "2025-12-07", "hour": 19}}, {"type": "Feature", "geometry": {"type": "Point", "coordinates": [7.75, 54.5]}, "properties": {"value": 9.1, "time": "2025-12-07T19:00:00", "date": "2025-12-07", "hour": 19}}, {"type": "Feature", "geometry": {"type": "Point", "coordinates": [8.0, 54.5]}, "properties": {"value": 7.947, "time": "2025-12-07T19:00:00", "date": "2025-12-07", "hour": 19}}, {"type": "Feature", "geometry": {"type": "Point", "coordinates": [8.25, 54.5]}, "properties": {"value": 6.944, "time": "2025-12-07T19:00:00", "date": "2025-12-07", "hour": 19}}, {"type": "Feature", "geometry": {"type": "Point", "coordinates": [8.5, 54.5]}, "properties": {"value": 6.008, "time": "2025-12-07T19:00:00", "date": "2025-12-07", "hour": 19}}, {"type": "Feature", "geometry": {"type": "Point", "coordinates": [10.5, 54.5]}, "properties": {"value": 5.923, "time": "2025-12-07T19:00:00", "date": "2025-12-07", "hour": 19}}, {"type": "Feature", "geometry": {"type": "Point", "coordinates": [10.75, 54.5]}, "properties": {"value": 5.939, "time": "2025-12-07T19:00:00", "date": "2025-12-07", "hour": 19}}, {"type": "Feature", "geometry": {"type": "Point", "coordinates": [11.0, 54.5]}, "properties": {"value": 5.803, "time": "2025-12-07T19:00:00", "date": "2025-12-07", "hour": 19}}, {"type": "Feature", "geometry": {"type": "Point", "coordinates": [11.25, 54.5]}, "properties": {"value": 5.907, "time": "2025-12-07T19:00:00", "date": "2025-12-07", "hour": 19}}, {"type": "Feature", "geometry": {"type": "Point", "coordinates": [11.5, 54.5]}, "properties": {"value": 6.007, "time": "2025-12-07T19:00:00", "date": "2025-12-07", "hour": 19}}, {"type": "Feature", "geometry": {"type": "Point", "coordinates": [11.75, 54.5]}, "properties": {"value": 6.186, "time": "2025-12-07T19:00:00", "date": "2025-12-07", "hour": 19}}, {"type": "Feature", "geometry": {"type": "Point", "coordinates": [12.0, 54.5]}, "properties": {"value": 6.258, "time": "2025-12-07T19:00:00", "date": "2025-12-07", "hour": 19}}, {"type": "Feature", "geometry": {"type": "Point", "coordinates": [12.25, 54.5]}, "properties": {"value": 6.26, "time": "2025-12-07T19:00:00", "date": "2025-12-07", "hour": 19}}, {"type": "Feature", "geometry": {"type": "Point", "coordinates": [13.0, 54.5]}, "properties": {"value": 6.794, "time": "2025-12-07T19:00:00", "date": "2025-12-07", "hour": 19}}, {"type": "Feature", "geometry": {"type": "Point", "coordinates": [13.25, 54.5]}, "properties": {"value": 6.152, "time": "2025-12-07T19:00:00", "date": "2025-12-07", "hour": 19}}, {"type": "Feature", "geometry": {"type": "Point", "coordinates": [13.5, 54.5]}, "properties": {"value": 5.82, "time": "2025-12-07T19:00:00", "date": "2025-12-07", "hour": 19}}, {"type": "Feature", "geometry": {"type": "Point", "coordinates": [13.75, 54.5]}, "properties": {"value": 5.728, "time": "2025-12-07T19:00:00", "date": "2025-12-07", "hour": 19}}, {"type": "Feature", "geometry": {"type": "Point", "coordinates": [14.0, 54.5]}, "properties": {"value": 5.939, "time": "2025-12-07T19:00:00", "date": "2025-12-07", "hour": 19}}, {"type": "Feature", "geometry": {"type": "Point", "coordinates": [14.25, 54.5]}, "properties": {"value": 6.117, "time": "2025-12-07T19:00:00", "date": "2025-12-07", "hour": 19}}, {"type": "Feature", "geometry": {"type": "Point", "coordinates": [14.5, 54.5]}, "properties": {"value": 6.426, "time": "2025-12-07T19:00:00", "date": "2025-12-07", "hour": 19}}, {"type": "Feature", "geometry": {"type": "Point", "coordinates": [14.75, 54.5]}, "properties": {"value": 6.671, "time": "2025-12-07T19:00:00", "date": "2025-12-07", "hour": 19}}, {"type": "Feature", "geometry": {"type": "Point", "coordinates": [15.0, 54.5]}, "properties": {"value": 7.412, "time": "2025-12-07T19:00:00", "date": "2025-12-07", "hour": 19}}, {"type": "Feature", "geometry": {"type": "Point", "coordinates": [5.0, 54.75]}, "properties": {"value": 10.535, "time": "2025-12-07T19:00:00", "date": "2025-12-07", "hour": 19}}, {"type": "Feature", "geometry": {"type": "Point", "coordinates": [5.25, 54.75]}, "properties": {"value": 10.543, "time": "2025-12-07T19:00:00", "date": "2025-12-07", "hour": 19}}, {"type": "Feature", "geometry": {"type": "Point", "coordinates": [5.5, 54.75]}, "properties": {"value": 10.564, "time": "2025-12-07T19:00:00", "date": "2025-12-07", "hour": 19}}, {"type": "Feature", "geometry": {"type": "Point", "coordinates": [5.75, 54.75]}, "properties": {"value": 10.557, "time": "2025-12-07T19:00:00", "date": "2025-12-07", "hour": 19}}, {"type": "Feature", "geometry": {"type": "Point", "coordinates": [6.0, 54.75]}, "properties": {"value": 10.525, "time": "2025-12-07T19:00:00", "date": "2025-12-07", "hour": 19}}, {"type": "Feature", "geometry": {"type": "Point", "coordinates": [6.25, 54.75]}, "properties": {"value": 10.467, "time": "2025-12-07T19:00:00", "date": "2025-12-07", "hour": 19}}, {"type": "Feature", "geometry": {"type": "Point", "coordinates": [6.5, 54.75]}, "properties": {"value": 10.396, "time": "2025-12-07T19:00:00", "date": "2025-12-07", "hour": 19}}, {"type": "Feature", "geometry": {"type": "Point", "coordinates": [6.75, 54.75]}, "properties": {"value": 10.212, "time": "2025-12-07T19:00:00", "date": "2025-12-07", "hour": 19}}, {"type": "Feature", "geometry": {"type": "Point", "coordinates": [7.0, 54.75]}, "properties": {"value": 10.06, "time": "2025-12-07T19:00:00", "date": "2025-12-07", "hour": 19}}, {"type": "Feature", "geometry": {"type": "Point", "coordinates": [7.25, 54.75]}, "properties": {"value": 9.85, "time": "2025-12-07T19:00:00", "date": "2025-12-07", "hour": 19}}, {"type": "Feature", "geometry": {"type": "Point", "coordinates": [7.5, 54.75]}, "properties": {"value": 9.634, "time": "2025-12-07T19:00:00", "date": "2025-12-07", "hour": 19}}, {"type": "Feature", "geometry": {"type": "Point", "coordinates": [7.75, 54.75]}, "properties": {"value": 8.565, "time": "2025-12-07T19:00:00", "date": "2025-12-07", "hour": 19}}, {"type": "Feature", "geometry": {"type": "Point", "coordinates": [8.0, 54.75]}, "properties": {"value": 7.371, "time": "2025-12-07T19:00:00", "date": "2025-12-07", "hour": 19}}, {"type": "Feature", "geometry": {"type": "Point", "coordinates": [8.25, 54.75]}, "properties": {"value": 6.455, "time": "2025-12-07T19:00:00", "date": "2025-12-07", "hour": 19}}, {"type": "Feature", "geometry": {"type": "Point", "coordinates": [8.5, 54.75]}, "properties": {"value": 5.504, "time": "2025-12-07T19:00:00", "date": "2025-12-07", "hour": 19}}, {"type": "Feature", "geometry": {"type": "Point", "coordinates": [10.25, 54.75]}, "properties": {"value": 5.886, "time": "2025-12-07T19:00:00", "date": "2025-12-07", "hour": 19}}, {"type": "Feature", "geometry": {"type": "Point", "coordinates": [10.5, 54.75]}, "properties": {"value": 5.945, "time": "2025-12-07T19:00:00", "date": "2025-12-07", "hour": 19}}, {"type": "Feature", "geometry": {"type": "Point", "coordinates": [10.75, 54.75]}, "properties": {"value": 6.005, "time": "2025-12-07T19:00:00", "date": "2025-12-07", "hour": 19}}, {"type": "Feature", "geometry": {"type": "Point", "coordinates": [11.0, 54.75]}, "properties": {"value": 5.849, "time": "2025-12-07T19:00:00", "date": "2025-12-07", "hour": 19}}, {"type": "Feature", "geometry": {"type": "Point", "coordinates": [11.25, 54.75]}, "properties": {"value": 5.778, "time": "2025-12-07T19:00:00", "date": "2025-12-07", "hour": 19}}, {"type": "Feature", "geometry": {"type": "Point", "coordinates": [11.5, 54.75]}, "properties": {"value": 5.631, "time": "2025-12-07T19:00:00", "date": "2025-12-07", "hour": 19}}, {"type": "Feature", "geometry": {"type": "Point", "coordinates": [12.0, 54.75]}, "properties": {"value": 6.04, "time": "2025-12-07T19:00:00", "date": "2025-12-07", "hour": 19}}, {"type": "Feature", "geometry": {"type": "Point", "coordinates": [12.25, 54.75]}, "properties": {"value": 6.34, "time": "2025-12-07T19:00:00", "date": "2025-12-07", "hour": 19}}, {"type": "Feature", "geometry": {"type": "Point", "coordinates": [12.5, 54.75]}, "properties": {"value": 6.741, "time": "2025-12-07T19:00:00", "date": "2025-12-07", "hour": 19}}, {"type": "Feature", "geometry": {"type": "Point", "coordinates": [12.75, 54.75]}, "properties": {"value": 6.892, "time": "2025-12-07T19:00:00", "date": "2025-12-07", "hour": 19}}, {"type": "Feature", "geometry": {"type": "Point", "coordinates": [13.0, 54.75]}, "properties": {"value": 6.836, "time": "2025-12-07T19:00:00", "date": "2025-12-07", "hour": 19}}, {"type": "Feature", "geometry": {"type": "Point", "coordinates": [13.25, 54.75]}, "properties": {"value": 6.974, "time": "2025-12-07T19:00:00", "date": "2025-12-07", "hour": 19}}, {"type": "Feature", "geometry": {"type": "Point", "coordinates": [13.5, 54.75]}, "properties": {"value": 6.945, "time": "2025-12-07T19:00:00", "date": "2025-12-07", "hour": 19}}, {"type": "Feature", "geometry": {"type": "Point", "coordinates": [13.75, 54.75]}, "properties": {"value": 6.854, "time": "2025-12-07T19:00:00", "date": "2025-12-07", "hour": 19}}, {"type": "Feature", "geometry": {"type": "Point", "coordinates": [14.0, 54.75]}, "properties": {"value": 6.747, "time": "2025-12-07T19:00:00", "date": "2025-12-07", "hour": 19}}, {"type": "Feature", "geometry": {"type": "Point", "coordinates": [14.25, 54.75]}, "properties": {"value": 6.752, "time": "2025-12-07T19:00:00", "date": "2025-12-07", "hour": 19}}, {"type": "Feature", "geometry": {"type": "Point", "coordinates": [14.5, 54.75]}, "properties": {"value": 7.137, "time": "2025-12-07T19:00:00", "date": "2025-12-07", "hour": 19}}, {"type": "Feature", "geometry": {"type": "Point", "coordinates": [14.75, 54.75]}, "properties": {"value": 7.339, "time": "2025-12-07T19:00:00", "date": "2025-12-07", "hour": 19}}, {"type": "Feature", "geometry": {"type": "Point", "coordinates": [15.0, 54.75]}, "properties": {"value": 7.349, "time": "2025-12-07T19:00:00", "date": "2025-12-07", "hour": 19}}, {"type": "Feature", "geometry": {"type": "Point", "coordinates": [5.0, 55.0]}, "properties": {"value": 10.501, "time": "2025-12-07T19:00:00", "date": "2025-12-07", "hour": 19}}, {"type": "Feature", "geometry": {"type": "Point", "coordinates": [5.25, 55.0]}, "properties": {"value": 10.594, "time": "2025-12-07T19:00:00", "date": "2025-12-07", "hour": 19}}, {"type": "Feature", "geometry": {"type": "Point", "coordinates": [5.5, 55.0]}, "properties": {"value": 10.628, "time": "2025-12-07T19:00:00", "date": "2025-12-07", "hour": 19}}, {"type": "Feature", "geometry": {"type": "Point", "coordinates": [5.75, 55.0]}, "properties": {"value": 10.621, "time": "2025-12-07T19:00:00", "date": "2025-12-07", "hour": 19}}, {"type": "Feature", "geometry": {"type": "Point", "coordinates": [6.0, 55.0]}, "properties": {"value": 10.575, "time": "2025-12-07T19:00:00", "date": "2025-12-07", "hour": 19}}, {"type": "Feature", "geometry": {"type": "Point", "coordinates": [6.25, 55.0]}, "properties": {"value": 10.524, "time": "2025-12-07T19:00:00", "date": "2025-12-07", "hour": 19}}, {"type": "Feature", "geometry": {"type": "Point", "coordinates": [6.5, 55.0]}, "properties": {"value": 10.459, "time": "2025-12-07T19:00:00", "date": "2025-12-07", "hour": 19}}, {"type": "Feature", "geometry": {"type": "Point", "coordinates": [6.75, 55.0]}, "properties": {"value": 10.262, "time": "2025-12-07T19:00:00", "date": "2025-12-07", "hour": 19}}, {"type": "Feature", "geometry": {"type": "Point", "coordinates": [7.0, 55.0]}, "properties": {"value": 10.023, "time": "2025-12-07T19:00:00", "date": "2025-12-07", "hour": 19}}, {"type": "Feature", "geometry": {"type": "Point", "coordinates": [7.25, 55.0]}, "properties": {"value": 9.816, "time": "2025-12-07T19:00:00", "date": "2025-12-07", "hour": 19}}, {"type": "Feature", "geometry": {"type": "Point", "coordinates": [7.5, 55.0]}, "properties": {"value": 9.605, "time": "2025-12-07T19:00:00", "date": "2025-12-07", "hour": 19}}, {"type": "Feature", "geometry": {"type": "Point", "coordinates": [7.75, 55.0]}, "properties": {"value": 8.652, "time": "2025-12-07T19:00:00", "date": "2025-12-07", "hour": 19}}, {"type": "Feature", "geometry": {"type": "Point", "coordinates": [8.0, 55.0]}, "properties": {"value": 7.711, "time": "2025-12-07T19:00:00", "date": "2025-12-07", "hour": 19}}, {"type": "Feature", "geometry": {"type": "Point", "coordinates": [8.25, 55.0]}, "properties": {"value": 6.254, "time": "2025-12-07T19:00:00", "date": "2025-12-07", "hour": 19}}, {"type": "Feature", "geometry": {"type": "Point", "coordinates": [8.5, 55.0]}, "properties": {"value": 5.184, "time": "2025-12-07T19:00:00", "date": "2025-12-07", "hour": 19}}, {"type": "Feature", "geometry": {"type": "Point", "coordinates": [10.25, 55.0]}, "properties": {"value": 5.238, "time": "2025-12-07T19:00:00", "date": "2025-12-07", "hour": 19}}, {"type": "Feature", "geometry": {"type": "Point", "coordinates": [10.5, 55.0]}, "properties": {"value": 5.455, "time": "2025-12-07T19:00:00", "date": "2025-12-07", "hour": 19}}, {"type": "Feature", "geometry": {"type": "Point", "coordinates": [10.75, 55.0]}, "properties": {"value": 5.668, "time": "2025-12-07T19:00:00", "date": "2025-12-07", "hour": 19}}, {"type": "Feature", "geometry": {"type": "Point", "coordinates": [11.0, 55.0]}, "properties": {"value": 5.631, "time": "2025-12-07T19:00:00", "date": "2025-12-07", "hour": 19}}, {"type": "Feature", "geometry": {"type": "Point", "coordinates": [11.25, 55.0]}, "properties": {"value": 5.641, "time": "2025-12-07T19:00:00", "date": "2025-12-07", "hour": 19}}, {"type": "Feature", "geometry": {"type": "Point", "coordinates": [11.5, 55.0]}, "properties": {"value": 5.463, "time": "2025-12-07T19:00:00", "date": "2025-12-07", "hour": 19}}, {"type": "Feature", "geometry": {"type": "Point", "coordinates": [11.75, 55.0]}, "properties": {"value": 5.352, "time": "2025-12-07T19:00:00", "date": "2025-12-07", "hour": 19}}, {"type": "Feature", "geometry": {"type": "Point", "coordinates": [12.0, 55.0]}, "properties": {"value": 5.536, "time": "2025-12-07T19:00:00", "date": "2025-12-07", "hour": 19}}, {"type": "Feature", "geometry": {"type": "Point", "coordinates": [12.25, 55.0]}, "properties": {"value": 5.914, "time": "2025-12-07T19:00:00", "date": "2025-12-07", "hour": 19}}, {"type": "Feature", "geometry": {"type": "Point", "coordinates": [12.5, 55.0]}, "properties": {"value": 6.672, "time": "2025-12-07T19:00:00", "date": "2025-12-07", "hour": 19}}, {"type": "Feature", "geometry": {"type": "Point", "coordinates": [12.75, 55.0]}, "properties": {"value": 6.882, "time": "2025-12-07T19:00:00", "date": "2025-12-07", "hour": 19}}, {"type": "Feature", "geometry": {"type": "Point", "coordinates": [13.0, 55.0]}, "properties": {"value": 7.134, "time": "2025-12-07T19:00:00", "date": "2025-12-07", "hour": 19}}, {"type": "Feature", "geometry": {"type": "Point", "coordinates": [13.25, 55.0]}, "properties": {"value": 7.271, "time": "2025-12-07T19:00:00", "date": "2025-12-07", "hour": 19}}, {"type": "Feature", "geometry": {"type": "Point", "coordinates": [13.5, 55.0]}, "properties": {"value": 7.294, "time": "2025-12-07T19:00:00", "date": "2025-12-07", "hour": 19}}, {"type": "Feature", "geometry": {"type": "Point", "coordinates": [13.75, 55.0]}, "properties": {"value": 7.401, "time": "2025-12-07T19:00:00", "date": "2025-12-07", "hour": 19}}, {"type": "Feature", "geometry": {"type": "Point", "coordinates": [14.0, 55.0]}, "properties": {"value": 7.335, "time": "2025-12-07T19:00:00", "date": "2025-12-07", "hour": 19}}, {"type": "Feature", "geometry": {"type": "Point", "coordinates": [14.25, 55.0]}, "properties": {"value": 7.27, "time": "2025-12-07T19:00:00", "date": "2025-12-07", "hour": 19}}, {"type": "Feature", "geometry": {"type": "Point", "coordinates": [14.5, 55.0]}, "properties": {"value": 7.175, "time": "2025-12-07T19:00:00", "date": "2025-12-07", "hour": 19}}, {"type": "Feature", "geometry": {"type": "Point", "coordinates": [14.75, 55.0]}, "properties": {"value": 7.097, "time": "2025-12-07T19:00:00", "date": "2025-12-07", "hour": 19}}, {"type": "Feature", "geometry": {"type": "Point", "coordinates": [15.0, 55.0]}, "properties": {"value": 6.994, "time": "2025-12-07T19:00:00", "date": "2025-12-07", "hour": 19}}, {"type": "Feature", "geometry": {"type": "Point", "coordinates": [5.25, 52.75]}, "properties": {"value": 6.147, "time": "2025-12-07T20:00:00", "date": "2025-12-07", "hour": 20}}, {"type": "Feature", "geometry": {"type": "Point", "coordinates": [5.5, 52.75]}, "properties": {"value": 6.16, "time": "2025-12-07T20:00:00", "date": "2025-12-07", "hour": 20}}, {"type": "Feature", "geometry": {"type": "Point", "coordinates": [5.0, 53.0]}, "properties": {"value": 7.171, "time": "2025-12-07T20:00:00", "date": "2025-12-07", "hour": 20}}, {"type": "Feature", "geometry": {"type": "Point", "coordinates": [5.25, 53.0]}, "properties": {"value": 6.439, "time": "2025-12-07T20:00:00", "date": "2025-12-07", "hour": 20}}, {"type": "Feature", "geometry": {"type": "Point", "coordinates": [5.5, 53.0]}, "properties": {"value": 5.924, "time": "2025-12-07T20:00:00", "date": "2025-12-07", "hour": 20}}, {"type": "Feature", "geometry": {"type": "Point", "coordinates": [5.0, 53.25]}, "properties": {"value": 7.865, "time": "2025-12-07T20:00:00", "date": "2025-12-07", "hour": 20}}, {"type": "Feature", "geometry": {"type": "Point", "coordinates": [5.25, 53.25]}, "properties": {"value": 6.932, "time": "2025-12-07T20:00:00", "date": "2025-12-07", "hour": 20}}, {"type": "Feature", "geometry": {"type": "Point", "coordinates": [5.5, 53.25]}, "properties": {"value": 6.369, "time": "2025-12-07T20:00:00", "date": "2025-12-07", "hour": 20}}, {"type": "Feature", "geometry": {"type": "Point", "coordinates": [5.0, 53.5]}, "properties": {"value": 9.501, "time": "2025-12-07T20:00:00", "date": "2025-12-07", "hour": 20}}, {"type": "Feature", "geometry": {"type": "Point", "coordinates": [5.25, 53.5]}, "properties": {"value": 8.861, "time": "2025-12-07T20:00:00", "date": "2025-12-07", "hour": 20}}, {"type": "Feature", "geometry": {"type": "Point", "coordinates": [5.5, 53.5]}, "properties": {"value": 8.653, "time": "2025-12-07T20:00:00", "date": "2025-12-07", "hour": 20}}, {"type": "Feature", "geometry": {"type": "Point", "coordinates": [5.75, 53.5]}, "properties": {"value": 8.293, "time": "2025-12-07T20:00:00", "date": "2025-12-07", "hour": 20}}, {"type": "Feature", "geometry": {"type": "Point", "coordinates": [6.0, 53.5]}, "properties": {"value": 7.801, "time": "2025-12-07T20:00:00", "date": "2025-12-07", "hour": 20}}, {"type": "Feature", "geometry": {"type": "Point", "coordinates": [6.25, 53.5]}, "properties": {"value": 7.239, "time": "2025-12-07T20:00:00", "date": "2025-12-07", "hour": 20}}, {"type": "Feature", "geometry": {"type": "Point", "coordinates": [6.5, 53.5]}, "properties": {"value": 6.941, "time": "2025-12-07T20:00:00", "date": "2025-12-07", "hour": 20}}, {"type": "Feature", "geometry": {"type": "Point", "coordinates": [6.75, 53.5]}, "properties": {"value": 6.41, "time": "2025-12-07T20:00:00", "date": "2025-12-07", "hour": 20}}, {"type": "Feature", "geometry": {"type": "Point", "coordinates": [5.0, 53.75]}, "properties": {"value": 10.179, "time": "2025-12-07T20:00:00", "date": "2025-12-07", "hour": 20}}, {"type": "Feature", "geometry": {"type": "Point", "coordinates": [5.25, 53.75]}, "properties": {"value": 9.873, "time": "2025-12-07T20:00:00", "date": "2025-12-07", "hour": 20}}, {"type": "Feature", "geometry": {"type": "Point", "coordinates": [5.5, 53.75]}, "properties": {"value": 9.645, "time": "2025-12-07T20:00:00", "date": "2025-12-07", "hour": 20}}, {"type": "Feature", "geometry": {"type": "Point", "coordinates": [5.75, 53.75]}, "properties": {"value": 9.381, "time": "2025-12-07T20:00:00", "date": "2025-12-07", "hour": 20}}, {"type": "Feature", "geometry": {"type": "Point", "coordinates": [6.0, 53.75]}, "properties": {"value": 8.995, "time": "2025-12-07T20:00:00", "date": "2025-12-07", "hour": 20}}, {"type": "Feature", "geometry": {"type": "Point", "coordinates": [6.25, 53.75]}, "properties": {"value": 8.739, "time": "2025-12-07T20:00:00", "date": "2025-12-07", "hour": 20}}, {"type": "Feature", "geometry": {"type": "Point", "coordinates": [6.5, 53.75]}, "properties": {"value": 8.275, "time": "2025-12-07T20:00:00", "date": "2025-12-07", "hour": 20}}, {"type": "Feature", "geometry": {"type": "Point", "coordinates": [6.75, 53.75]}, "properties": {"value": 7.785, "time": "2025-12-07T20:00:00", "date": "2025-12-07", "hour": 20}}, {"type": "Feature", "geometry": {"type": "Point", "coordinates": [7.0, 53.75]}, "properties": {"value": 7.909, "time": "2025-12-07T20:00:00", "date": "2025-12-07", "hour": 20}}, {"type": "Feature", "geometry": {"type": "Point", "coordinates": [7.25, 53.75]}, "properties": {"value": 7.525, "time": "2025-12-07T20:00:00", "date": "2025-12-07", "hour": 20}}, {"type": "Feature", "geometry": {"type": "Point", "coordinates": [7.5, 53.75]}, "properties": {"value": 7.782, "time": "2025-12-07T20:00:00", "date": "2025-12-07", "hour": 20}}, {"type": "Feature", "geometry": {"type": "Point", "coordinates": [7.75, 53.75]}, "properties": {"value": 7.825, "time": "2025-12-07T20:00:00", "date": "2025-12-07", "hour": 20}}, {"type": "Feature", "geometry": {"type": "Point", "coordinates": [8.0, 53.75]}, "properties": {"value": 7.579, "time": "2025-12-07T20:00:00", "date": "2025-12-07", "hour": 20}}, {"type": "Feature", "geometry": {"type": "Point", "coordinates": [8.25, 53.75]}, "properties": {"value": 6.981, "time": "2025-12-07T20:00:00", "date": "2025-12-07", "hour": 20}}, {"type": "Feature", "geometry": {"type": "Point", "coordinates": [8.5, 53.75]}, "properties": {"value": 6.347, "time": "2025-12-07T20:00:00", "date": "2025-12-07", "hour": 20}}, {"type": "Feature", "geometry": {"type": "Point", "coordinates": [8.75, 53.75]}, "properties": {"value": 6.347, "time": "2025-12-07T20:00:00", "date": "2025-12-07", "hour": 20}}, {"type": "Feature", "geometry": {"type": "Point", "coordinates": [14.25, 53.75]}, "properties": {"value": 2.389, "time": "2025-12-07T20:00:00", "date": "2025-12-07", "hour": 20}}, {"type": "Feature", "geometry": {"type": "Point", "coordinates": [14.5, 53.75]}, "properties": {"value": 2.389, "time": "2025-12-07T20:00:00", "date": "2025-12-07", "hour": 20}}, {"type": "Feature", "geometry": {"type": "Point", "coordinates": [5.0, 54.0]}, "properties": {"value": 10.438, "time": "2025-12-07T20:00:00", "date": "2025-12-07", "hour": 20}}, {"type": "Feature", "geometry": {"type": "Point", "coordinates": [5.25, 54.0]}, "properties": {"value": 10.368, "time": "2025-12-07T20:00:00", "date": "2025-12-07", "hour": 20}}, {"type": "Feature", "geometry": {"type": "Point", "coordinates": [5.5, 54.0]}, "properties": {"value": 10.141, "time": "2025-12-07T20:00:00", "date": "2025-12-07", "hour": 20}}, {"type": "Feature", "geometry": {"type": "Point", "coordinates": [5.75, 54.0]}, "properties": {"value": 9.927, "time": "2025-12-07T20:00:00", "date": "2025-12-07", "hour": 20}}, {"type": "Feature", "geometry": {"type": "Point", "coordinates": [6.0, 54.0]}, "properties": {"value": 9.776, "time": "2025-12-07T20:00:00", "date": "2025-12-07", "hour": 20}}, {"type": "Feature", "geometry": {"type": "Point", "coordinates": [6.25, 54.0]}, "properties": {"value": 9.597, "time": "2025-12-07T20:00:00", "date": "2025-12-07", "hour": 20}}, {"type": "Feature", "geometry": {"type": "Point", "coordinates": [6.5, 54.0]}, "properties": {"value": 9.186, "time": "2025-12-07T20:00:00", "date": "2025-12-07", "hour": 20}}, {"type": "Feature", "geometry": {"type": "Point", "coordinates": [6.75, 54.0]}, "properties": {"value": 8.976, "time": "2025-12-07T20:00:00", "date": "2025-12-07", "hour": 20}}, {"type": "Feature", "geometry": {"type": "Point", "coordinates": [7.0, 54.0]}, "properties": {"value": 8.887, "time": "2025-12-07T20:00:00", "date": "2025-12-07", "hour": 20}}, {"type": "Feature", "geometry": {"type": "Point", "coordinates": [7.25, 54.0]}, "properties": {"value": 8.651, "time": "2025-12-07T20:00:00", "date": "2025-12-07", "hour": 20}}, {"type": "Feature", "geometry": {"type": "Point", "coordinates": [7.5, 54.0]}, "properties": {"value": 8.716, "time": "2025-12-07T20:00:00", "date": "2025-12-07", "hour": 20}}, {"type": "Feature", "geometry": {"type": "Point", "coordinates": [7.75, 54.0]}, "properties": {"value": 8.667, "time": "2025-12-07T20:00:00", "date": "2025-12-07", "hour": 20}}, {"type": "Feature", "geometry": {"type": "Point", "coordinates": [8.0, 54.0]}, "properties": {"value": 8.566, "time": "2025-12-07T20:00:00", "date": "2025-12-07", "hour": 20}}, {"type": "Feature", "geometry": {"type": "Point", "coordinates": [8.25, 54.0]}, "properties": {"value": 8.113, "time": "2025-12-07T20:00:00", "date": "2025-12-07", "hour": 20}}, {"type": "Feature", "geometry": {"type": "Point", "coordinates": [8.5, 54.0]}, "properties": {"value": 6.776, "time": "2025-12-07T20:00:00", "date": "2025-12-07", "hour": 20}}, {"type": "Feature", "geometry": {"type": "Point", "coordinates": [11.25, 54.0]}, "properties": {"value": 5.168, "time": "2025-12-07T20:00:00", "date": "2025-12-07", "hour": 20}}, {"type": "Feature", "geometry": {"type": "Point", "coordinates": [14.0, 54.0]}, "properties": {"value": 3.979, "time": "2025-12-07T20:00:00", "date": "2025-12-07", "hour": 20}}, {"type": "Feature", "geometry": {"type": "Point", "coordinates": [14.25, 54.0]}, "properties": {"value": 4.777, "time": "2025-12-07T20:00:00", "date": "2025-12-07", "hour": 20}}, {"type": "Feature", "geometry": {"type": "Point", "coordinates": [14.5, 54.0]}, "properties": {"value": 4.438, "time": "2025-12-07T20:00:00", "date": "2025-12-07", "hour": 20}}, {"type": "Feature", "geometry": {"type": "Point", "coordinates": [14.75, 54.0]}, "properties": {"value": 4.948, "time": "2025-12-07T20:00:00", "date": "2025-12-07", "hour": 20}}, {"type": "Feature", "geometry": {"type": "Point", "coordinates": [5.0, 54.25]}, "properties": {"value": 10.514, "time": "2025-12-07T20:00:00", "date": "2025-12-07", "hour": 20}}, {"type": "Feature", "geometry": {"type": "Point", "coordinates": [5.25, 54.25]}, "properties": {"value": 10.461, "time": "2025-12-07T20:00:00", "date": "2025-12-07", "hour": 20}}, {"type": "Feature", "geometry": {"type": "Point", "coordinates": [5.5, 54.25]}, "properties": {"value": 10.37, "time": "2025-12-07T20:00:00", "date": "2025-12-07", "hour": 20}}, {"type": "Feature", "geometry": {"type": "Point", "coordinates": [5.75, 54.25]}, "properties": {"value": 10.193, "time": "2025-12-07T20:00:00", "date": "2025-12-07", "hour": 20}}, {"type": "Feature", "geometry": {"type": "Point", "coordinates": [6.0, 54.25]}, "properties": {"value": 10.126, "time": "2025-12-07T20:00:00", "date": "2025-12-07", "hour": 20}}, {"type": "Feature", "geometry": {"type": "Point", "coordinates": [6.25, 54.25]}, "properties": {"value": 10.002, "time": "2025-12-07T20:00:00", "date": "2025-12-07", "hour": 20}}, {"type": "Feature", "geometry": {"type": "Point", "coordinates": [6.5, 54.25]}, "properties": {"value": 9.844, "time": "2025-12-07T20:00:00", "date": "2025-12-07", "hour": 20}}, {"type": "Feature", "geometry": {"type": "Point", "coordinates": [6.75, 54.25]}, "properties": {"value": 9.685, "time": "2025-12-07T20:00:00", "date": "2025-12-07", "hour": 20}}, {"type": "Feature", "geometry": {"type": "Point", "coordinates": [7.0, 54.25]}, "properties": {"value": 9.6, "time": "2025-12-07T20:00:00", "date": "2025-12-07", "hour": 20}}, {"type": "Feature", "geometry": {"type": "Point", "coordinates": [7.25, 54.25]}, "properties": {"value": 9.517, "time": "2025-12-07T20:00:00", "date": "2025-12-07", "hour": 20}}, {"type": "Feature", "geometry": {"type": "Point", "coordinates": [7.5, 54.25]}, "properties": {"value": 9.463, "time": "2025-12-07T20:00:00", "date": "2025-12-07", "hour": 20}}, {"type": "Feature", "geometry": {"type": "Point", "coordinates": [7.75, 54.25]}, "properties": {"value": 9.033, "time": "2025-12-07T20:00:00", "date": "2025-12-07", "hour": 20}}, {"type": "Feature", "geometry": {"type": "Point", "coordinates": [8.0, 54.25]}, "properties": {"value": 8.815, "time": "2025-12-07T20:00:00", "date": "2025-12-07", "hour": 20}}, {"type": "Feature", "geometry": {"type": "Point", "coordinates": [8.25, 54.25]}, "properties": {"value": 7.76, "time": "2025-12-07T20:00:00", "date": "2025-12-07", "hour": 20}}, {"type": "Feature", "geometry": {"type": "Point", "coordinates": [8.5, 54.25]}, "properties": {"value": 6.486, "time": "2025-12-07T20:00:00", "date": "2025-12-07", "hour": 20}}, {"type": "Feature", "geometry": {"type": "Point", "coordinates": [10.75, 54.25]}, "properties": {"value": 5.775, "time": "2025-12-07T20:00:00", "date": "2025-12-07", "hour": 20}}, {"type": "Feature", "geometry": {"type": "Point", "coordinates": [11.25, 54.25]}, "properties": {"value": 5.602, "time": "2025-12-07T20:00:00", "date": "2025-12-07", "hour": 20}}, {"type": "Feature", "geometry": {"type": "Point", "coordinates": [11.75, 54.25]}, "properties": {"value": 6.159, "time": "2025-12-07T20:00:00", "date": "2025-12-07", "hour": 20}}, {"type": "Feature", "geometry": {"type": "Point", "coordinates": [12.25, 54.25]}, "properties": {"value": 6.117, "time": "2025-12-07T20:00:00", "date": "2025-12-07", "hour": 20}}, {"type": "Feature", "geometry": {"type": "Point", "coordinates": [13.75, 54.25]}, "properties": {"value": 4.522, "time": "2025-12-07T20:00:00", "date": "2025-12-07", "hour": 20}}, {"type": "Feature", "geometry": {"type": "Point", "coordinates": [14.0, 54.25]}, "properties": {"value": 4.784, "time": "2025-12-07T20:00:00", "date": "2025-12-07", "hour": 20}}, {"type": "Feature", "geometry": {"type": "Point", "coordinates": [14.25, 54.25]}, "properties": {"value": 5.295, "time": "2025-12-07T20:00:00", "date": "2025-12-07", "hour": 20}}, {"type": "Feature", "geometry": {"type": "Point", "coordinates": [14.5, 54.25]}, "properties": {"value": 5.434, "time": "2025-12-07T20:00:00", "date": "2025-12-07", "hour": 20}}, {"type": "Feature", "geometry": {"type": "Point", "coordinates": [14.75, 54.25]}, "properties": {"value": 5.709, "time": "2025-12-07T20:00:00", "date": "2025-12-07", "hour": 20}}, {"type": "Feature", "geometry": {"type": "Point", "coordinates": [15.0, 54.25]}, "properties": {"value": 6.474, "time": "2025-12-07T20:00:00", "date": "2025-12-07", "hour": 20}}, {"type": "Feature", "geometry": {"type": "Point", "coordinates": [5.0, 54.5]}, "properties": {"value": 10.537, "time": "2025-12-07T20:00:00", "date": "2025-12-07", "hour": 20}}, {"type": "Feature", "geometry": {"type": "Point", "coordinates": [5.25, 54.5]}, "properties": {"value": 10.545, "time": "2025-12-07T20:00:00", "date": "2025-12-07", "hour": 20}}, {"type": "Feature", "geometry": {"type": "Point", "coordinates": [5.5, 54.5]}, "properties": {"value": 10.5, "time": "2025-12-07T20:00:00", "date": "2025-12-07", "hour": 20}}, {"type": "Feature", "geometry": {"type": "Point", "coordinates": [5.75, 54.5]}, "properties": {"value": 10.423, "time": "2025-12-07T20:00:00", "date": "2025-12-07", "hour": 20}}, {"type": "Feature", "geometry": {"type": "Point", "coordinates": [6.0, 54.5]}, "properties": {"value": 10.375, "time": "2025-12-07T20:00:00", "date": "2025-12-07", "hour": 20}}, {"type": "Feature", "geometry": {"type": "Point", "coordinates": [6.25, 54.5]}, "properties": {"value": 10.318, "time": "2025-12-07T20:00:00", "date": "2025-12-07", "hour": 20}}, {"type": "Feature", "geometry": {"type": "Point", "coordinates": [6.5, 54.5]}, "properties": {"value": 10.188, "time": "2025-12-07T20:00:00", "date": "2025-12-07", "hour": 20}}, {"type": "Feature", "geometry": {"type": "Point", "coordinates": [6.75, 54.5]}, "properties": {"value": 10.09, "time": "2025-12-07T20:00:00", "date": "2025-12-07", "hour": 20}}, {"type": "Feature", "geometry": {"type": "Point", "coordinates": [7.0, 54.5]}, "properties": {"value": 9.96, "time": "2025-12-07T20:00:00", "date": "2025-12-07", "hour": 20}}, {"type": "Feature", "geometry": {"type": "Point", "coordinates": [7.25, 54.5]}, "properties": {"value": 9.758, "time": "2025-12-07T20:00:00", "date": "2025-12-07", "hour": 20}}, {"type": "Feature", "geometry": {"type": "Point", "coordinates": [7.5, 54.5]}, "properties": {"value": 9.68, "time": "2025-12-07T20:00:00", "date": "2025-12-07", "hour": 20}}, {"type": "Feature", "geometry": {"type": "Point", "coordinates": [7.75, 54.5]}, "properties": {"value": 9.1, "time": "2025-12-07T20:00:00", "date": "2025-12-07", "hour": 20}}, {"type": "Feature", "geometry": {"type": "Point", "coordinates": [8.0, 54.5]}, "properties": {"value": 7.947, "time": "2025-12-07T20:00:00", "date": "2025-12-07", "hour": 20}}, {"type": "Feature", "geometry": {"type": "Point", "coordinates": [8.25, 54.5]}, "properties": {"value": 6.944, "time": "2025-12-07T20:00:00", "date": "2025-12-07", "hour": 20}}, {"type": "Feature", "geometry": {"type": "Point", "coordinates": [8.5, 54.5]}, "properties": {"value": 6.008, "time": "2025-12-07T20:00:00", "date": "2025-12-07", "hour": 20}}, {"type": "Feature", "geometry": {"type": "Point", "coordinates": [10.5, 54.5]}, "properties": {"value": 5.923, "time": "2025-12-07T20:00:00", "date": "2025-12-07", "hour": 20}}, {"type": "Feature", "geometry": {"type": "Point", "coordinates": [10.75, 54.5]}, "properties": {"value": 5.939, "time": "2025-12-07T20:00:00", "date": "2025-12-07", "hour": 20}}, {"type": "Feature", "geometry": {"type": "Point", "coordinates": [11.0, 54.5]}, "properties": {"value": 5.803, "time": "2025-12-07T20:00:00", "date": "2025-12-07", "hour": 20}}, {"type": "Feature", "geometry": {"type": "Point", "coordinates": [11.25, 54.5]}, "properties": {"value": 5.907, "time": "2025-12-07T20:00:00", "date": "2025-12-07", "hour": 20}}, {"type": "Feature", "geometry": {"type": "Point", "coordinates": [11.5, 54.5]}, "properties": {"value": 6.007, "time": "2025-12-07T20:00:00", "date": "2025-12-07", "hour": 20}}, {"type": "Feature", "geometry": {"type": "Point", "coordinates": [11.75, 54.5]}, "properties": {"value": 6.186, "time": "2025-12-07T20:00:00", "date": "2025-12-07", "hour": 20}}, {"type": "Feature", "geometry": {"type": "Point", "coordinates": [12.0, 54.5]}, "properties": {"value": 6.258, "time": "2025-12-07T20:00:00", "date": "2025-12-07", "hour": 20}}, {"type": "Feature", "geometry": {"type": "Point", "coordinates": [12.25, 54.5]}, "properties": {"value": 6.26, "time": "2025-12-07T20:00:00", "date": "2025-12-07", "hour": 20}}, {"type": "Feature", "geometry": {"type": "Point", "coordinates": [13.0, 54.5]}, "properties": {"value": 6.794, "time": "2025-12-07T20:00:00", "date": "2025-12-07", "hour": 20}}, {"type": "Feature", "geometry": {"type": "Point", "coordinates": [13.25, 54.5]}, "properties": {"value": 6.152, "time": "2025-12-07T20:00:00", "date": "2025-12-07", "hour": 20}}, {"type": "Feature", "geometry": {"type": "Point", "coordinates": [13.5, 54.5]}, "properties": {"value": 5.82, "time": "2025-12-07T20:00:00", "date": "2025-12-07", "hour": 20}}, {"type": "Feature", "geometry": {"type": "Point", "coordinates": [13.75, 54.5]}, "properties": {"value": 5.728, "time": "2025-12-07T20:00:00", "date": "2025-12-07", "hour": 20}}, {"type": "Feature", "geometry": {"type": "Point", "coordinates": [14.0, 54.5]}, "properties": {"value": 5.939, "time": "2025-12-07T20:00:00", "date": "2025-12-07", "hour": 20}}, {"type": "Feature", "geometry": {"type": "Point", "coordinates": [14.25, 54.5]}, "properties": {"value": 6.117, "time": "2025-12-07T20:00:00", "date": "2025-12-07", "hour": 20}}, {"type": "Feature", "geometry": {"type": "Point", "coordinates": [14.5, 54.5]}, "properties": {"value": 6.426, "time": "2025-12-07T20:00:00", "date": "2025-12-07", "hour": 20}}, {"type": "Feature", "geometry": {"type": "Point", "coordinates": [14.75, 54.5]}, "properties": {"value": 6.671, "time": "2025-12-07T20:00:00", "date": "2025-12-07", "hour": 20}}, {"type": "Feature", "geometry": {"type": "Point", "coordinates": [15.0, 54.5]}, "properties": {"value": 7.412, "time": "2025-12-07T20:00:00", "date": "2025-12-07", "hour": 20}}, {"type": "Feature", "geometry": {"type": "Point", "coordinates": [5.0, 54.75]}, "properties": {"value": 10.535, "time": "2025-12-07T20:00:00", "date": "2025-12-07", "hour": 20}}, {"type": "Feature", "geometry": {"type": "Point", "coordinates": [5.25, 54.75]}, "properties": {"value": 10.543, "time": "2025-12-07T20:00:00", "date": "2025-12-07", "hour": 20}}, {"type": "Feature", "geometry": {"type": "Point", "coordinates": [5.5, 54.75]}, "properties": {"value": 10.564, "time": "2025-12-07T20:00:00", "date": "2025-12-07", "hour": 20}}, {"type": "Feature", "geometry": {"type": "Point", "coordinates": [5.75, 54.75]}, "properties": {"value": 10.557, "time": "2025-12-07T20:00:00", "date": "2025-12-07", "hour": 20}}, {"type": "Feature", "geometry": {"type": "Point", "coordinates": [6.0, 54.75]}, "properties": {"value": 10.525, "time": "2025-12-07T20:00:00", "date": "2025-12-07", "hour": 20}}, {"type": "Feature", "geometry": {"type": "Point", "coordinates": [6.25, 54.75]}, "properties": {"value": 10.467, "time": "2025-12-07T20:00:00", "date": "2025-12-07", "hour": 20}}, {"type": "Feature", "geometry": {"type": "Point", "coordinates": [6.5, 54.75]}, "properties": {"value": 10.396, "time": "2025-12-07T20:00:00", "date": "2025-12-07", "hour": 20}}, {"type": "Feature", "geometry": {"type": "Point", "coordinates": [6.75, 54.75]}, "properties": {"value": 10.212, "time": "2025-12-07T20:00:00", "date": "2025-12-07", "hour": 20}}, {"type": "Feature", "geometry": {"type": "Point", "coordinates": [7.0, 54.75]}, "properties": {"value": 10.06, "time": "2025-12-07T20:00:00", "date": "2025-12-07", "hour": 20}}, {"type": "Feature", "geometry": {"type": "Point", "coordinates": [7.25, 54.75]}, "properties": {"value": 9.85, "time": "2025-12-07T20:00:00", "date": "2025-12-07", "hour": 20}}, {"type": "Feature", "geometry": {"type": "Point", "coordinates": [7.5, 54.75]}, "properties": {"value": 9.634, "time": "2025-12-07T20:00:00", "date": "2025-12-07", "hour": 20}}, {"type": "Feature", "geometry": {"type": "Point", "coordinates": [7.75, 54.75]}, "properties": {"value": 8.565, "time": "2025-12-07T20:00:00", "date": "2025-12-07", "hour": 20}}, {"type": "Feature", "geometry": {"type": "Point", "coordinates": [8.0, 54.75]}, "properties": {"value": 7.371, "time": "2025-12-07T20:00:00", "date": "2025-12-07", "hour": 20}}, {"type": "Feature", "geometry": {"type": "Point", "coordinates": [8.25, 54.75]}, "properties": {"value": 6.455, "time": "2025-12-07T20:00:00", "date": "2025-12-07", "hour": 20}}, {"type": "Feature", "geometry": {"type": "Point", "coordinates": [8.5, 54.75]}, "properties": {"value": 5.504, "time": "2025-12-07T20:00:00", "date": "2025-12-07", "hour": 20}}, {"type": "Feature", "geometry": {"type": "Point", "coordinates": [10.25, 54.75]}, "properties": {"value": 5.886, "time": "2025-12-07T20:00:00", "date": "2025-12-07", "hour": 20}}, {"type": "Feature", "geometry": {"type": "Point", "coordinates": [10.5, 54.75]}, "properties": {"value": 5.945, "time": "2025-12-07T20:00:00", "date": "2025-12-07", "hour": 20}}, {"type": "Feature", "geometry": {"type": "Point", "coordinates": [10.75, 54.75]}, "properties": {"value": 6.005, "time": "2025-12-07T20:00:00", "date": "2025-12-07", "hour": 20}}, {"type": "Feature", "geometry": {"type": "Point", "coordinates": [11.0, 54.75]}, "properties": {"value": 5.849, "time": "2025-12-07T20:00:00", "date": "2025-12-07", "hour": 20}}, {"type": "Feature", "geometry": {"type": "Point", "coordinates": [11.25, 54.75]}, "properties": {"value": 5.778, "time": "2025-12-07T20:00:00", "date": "2025-12-07", "hour": 20}}, {"type": "Feature", "geometry": {"type": "Point", "coordinates": [11.5, 54.75]}, "properties": {"value": 5.631, "time": "2025-12-07T20:00:00", "date": "2025-12-07", "hour": 20}}, {"type": "Feature", "geometry": {"type": "Point", "coordinates": [12.0, 54.75]}, "properties": {"value": 6.04, "time": "2025-12-07T20:00:00", "date": "2025-12-07", "hour": 20}}, {"type": "Feature", "geometry": {"type": "Point", "coordinates": [12.25, 54.75]}, "properties": {"value": 6.34, "time": "2025-12-07T20:00:00", "date": "2025-12-07", "hour": 20}}, {"type": "Feature", "geometry": {"type": "Point", "coordinates": [12.5, 54.75]}, "properties": {"value": 6.741, "time": "2025-12-07T20:00:00", "date": "2025-12-07", "hour": 20}}, {"type": "Feature", "geometry": {"type": "Point", "coordinates": [12.75, 54.75]}, "properties": {"value": 6.892, "time": "2025-12-07T20:00:00", "date": "2025-12-07", "hour": 20}}, {"type": "Feature", "geometry": {"type": "Point", "coordinates": [13.0, 54.75]}, "properties": {"value": 6.836, "time": "2025-12-07T20:00:00", "date": "2025-12-07", "hour": 20}}, {"type": "Feature", "geometry": {"type": "Point", "coordinates": [13.25, 54.75]}, "properties": {"value": 6.974, "time": "2025-12-07T20:00:00", "date": "2025-12-07", "hour": 20}}, {"type": "Feature", "geometry": {"type": "Point", "coordinates": [13.5, 54.75]}, "properties": {"value": 6.945, "time": "2025-12-07T20:00:00", "date": "2025-12-07", "hour": 20}}, {"type": "Feature", "geometry": {"type": "Point", "coordinates": [13.75, 54.75]}, "properties": {"value": 6.854, "time": "2025-12-07T20:00:00", "date": "2025-12-07", "hour": 20}}, {"type": "Feature", "geometry": {"type": "Point", "coordinates": [14.0, 54.75]}, "properties": {"value": 6.747, "time": "2025-12-07T20:00:00", "date": "2025-12-07", "hour": 20}}, {"type": "Feature", "geometry": {"type": "Point", "coordinates": [14.25, 54.75]}, "properties": {"value": 6.752, "time": "2025-12-07T20:00:00", "date": "2025-12-07", "hour": 20}}, {"type": "Feature", "geometry": {"type": "Point", "coordinates": [14.5, 54.75]}, "properties": {"value": 7.137, "time": "2025-12-07T20:00:00", "date": "2025-12-07", "hour": 20}}, {"type": "Feature", "geometry": {"type": "Point", "coordinates": [14.75, 54.75]}, "properties": {"value": 7.339, "time": "2025-12-07T20:00:00", "date": "2025-12-07", "hour": 20}}, {"type": "Feature", "geometry": {"type": "Point", "coordinates": [15.0, 54.75]}, "properties": {"value": 7.349, "time": "2025-12-07T20:00:00", "date": "2025-12-07", "hour": 20}}, {"type": "Feature", "geometry": {"type": "Point", "coordinates": [5.0, 55.0]}, "properties": {"value": 10.501, "time": "2025-12-07T20:00:00", "date": "2025-12-07", "hour": 20}}, {"type": "Feature", "geometry": {"type": "Point", "coordinates": [5.25, 55.0]}, "properties": {"value": 10.594, "time": "2025-12-07T20:00:00", "date": "2025-12-07", "hour": 20}}, {"type": "Feature", "geometry": {"type": "Point", "coordinates": [5.5, 55.0]}, "properties": {"value": 10.628, "time": "2025-12-07T20:00:00", "date": "2025-12-07", "hour": 20}}, {"type": "Feature", "geometry": {"type": "Point", "coordinates": [5.75, 55.0]}, "properties": {"value": 10.621, "time": "2025-12-07T20:00:00", "date": "2025-12-07", "hour": 20}}, {"type": "Feature", "geometry": {"type": "Point", "coordinates": [6.0, 55.0]}, "properties": {"value": 10.575, "time": "2025-12-07T20:00:00", "date": "2025-12-07", "hour": 20}}, {"type": "Feature", "geometry": {"type": "Point", "coordinates": [6.25, 55.0]}, "properties": {"value": 10.524, "time": "2025-12-07T20:00:00", "date": "2025-12-07", "hour": 20}}, {"type": "Feature", "geometry": {"type": "Point", "coordinates": [6.5, 55.0]}, "properties": {"value": 10.459, "time": "2025-12-07T20:00:00", "date": "2025-12-07", "hour": 20}}, {"type": "Feature", "geometry": {"type": "Point", "coordinates": [6.75, 55.0]}, "properties": {"value": 10.262, "time": "2025-12-07T20:00:00", "date": "2025-12-07", "hour": 20}}, {"type": "Feature", "geometry": {"type": "Point", "coordinates": [7.0, 55.0]}, "properties": {"value": 10.023, "time": "2025-12-07T20:00:00", "date": "2025-12-07", "hour": 20}}, {"type": "Feature", "geometry": {"type": "Point", "coordinates": [7.25, 55.0]}, "properties": {"value": 9.816, "time": "2025-12-07T20:00:00", "date": "2025-12-07", "hour": 20}}, {"type": "Feature", "geometry": {"type": "Point", "coordinates": [7.5, 55.0]}, "properties": {"value": 9.605, "time": "2025-12-07T20:00:00", "date": "2025-12-07", "hour": 20}}, {"type": "Feature", "geometry": {"type": "Point", "coordinates": [7.75, 55.0]}, "properties": {"value": 8.652, "time": "2025-12-07T20:00:00", "date": "2025-12-07", "hour": 20}}, {"type": "Feature", "geometry": {"type": "Point", "coordinates": [8.0, 55.0]}, "properties": {"value": 7.711, "time": "2025-12-07T20:00:00", "date": "2025-12-07", "hour": 20}}, {"type": "Feature", "geometry": {"type": "Point", "coordinates": [8.25, 55.0]}, "properties": {"value": 6.254, "time": "2025-12-07T20:00:00", "date": "2025-12-07", "hour": 20}}, {"type": "Feature", "geometry": {"type": "Point", "coordinates": [8.5, 55.0]}, "properties": {"value": 5.184, "time": "2025-12-07T20:00:00", "date": "2025-12-07", "hour": 20}}, {"type": "Feature", "geometry": {"type": "Point", "coordinates": [10.25, 55.0]}, "properties": {"value": 5.238, "time": "2025-12-07T20:00:00", "date": "2025-12-07", "hour": 20}}, {"type": "Feature", "geometry": {"type": "Point", "coordinates": [10.5, 55.0]}, "properties": {"value": 5.455, "time": "2025-12-07T20:00:00", "date": "2025-12-07", "hour": 20}}, {"type": "Feature", "geometry": {"type": "Point", "coordinates": [10.75, 55.0]}, "properties": {"value": 5.668, "time": "2025-12-07T20:00:00", "date": "2025-12-07", "hour": 20}}, {"type": "Feature", "geometry": {"type": "Point", "coordinates": [11.0, 55.0]}, "properties": {"value": 5.631, "time": "2025-12-07T20:00:00", "date": "2025-12-07", "hour": 20}}, {"type": "Feature", "geometry": {"type": "Point", "coordinates": [11.25, 55.0]}, "properties": {"value": 5.641, "time": "2025-12-07T20:00:00", "date": "2025-12-07", "hour": 20}}, {"type": "Feature", "geometry": {"type": "Point", "coordinates": [11.5, 55.0]}, "properties": {"value": 5.463, "time": "2025-12-07T20:00:00", "date": "2025-12-07", "hour": 20}}, {"type": "Feature", "geometry": {"type": "Point", "coordinates": [11.75, 55.0]}, "properties": {"value": 5.352, "time": "2025-12-07T20:00:00", "date": "2025-12-07", "hour": 20}}, {"type": "Feature", "geometry": {"type": "Point", "coordinates": [12.0, 55.0]}, "properties": {"value": 5.536, "time": "2025-12-07T20:00:00", "date": "2025-12-07", "hour": 20}}, {"type": "Feature", "geometry": {"type": "Point", "coordinates": [12.25, 55.0]}, "properties": {"value": 5.914, "time": "2025-12-07T20:00:00", "date": "2025-12-07", "hour": 20}}, {"type": "Feature", "geometry": {"type": "Point", "coordinates": [12.5, 55.0]}, "properties": {"value": 6.672, "time": "2025-12-07T20:00:00", "date": "2025-12-07", "hour": 20}}, {"type": "Feature", "geometry": {"type": "Point", "coordinates": [12.75, 55.0]}, "properties": {"value": 6.882, "time": "2025-12-07T20:00:00", "date": "2025-12-07", "hour": 20}}, {"type": "Feature", "geometry": {"type": "Point", "coordinates": [13.0, 55.0]}, "properties": {"value": 7.134, "time": "2025-12-07T20:00:00", "date": "2025-12-07", "hour": 20}}, {"type": "Feature", "geometry": {"type": "Point", "coordinates": [13.25, 55.0]}, "properties": {"value": 7.271, "time": "2025-12-07T20:00:00", "date": "2025-12-07", "hour": 20}}, {"type": "Feature", "geometry": {"type": "Point", "coordinates": [13.5, 55.0]}, "properties": {"value": 7.294, "time": "2025-12-07T20:00:00", "date": "2025-12-07", "hour": 20}}, {"type": "Feature", "geometry": {"type": "Point", "coordinates": [13.75, 55.0]}, "properties": {"value": 7.401, "time": "2025-12-07T20:00:00", "date": "2025-12-07", "hour": 20}}, {"type": "Feature", "geometry": {"type": "Point", "coordinates": [14.0, 55.0]}, "properties": {"value": 7.335, "time": "2025-12-07T20:00:00", "date": "2025-12-07", "hour": 20}}, {"type": "Feature", "geometry": {"type": "Point", "coordinates": [14.25, 55.0]}, "properties": {"value": 7.27, "time": "2025-12-07T20:00:00", "date": "2025-12-07", "hour": 20}}, {"type": "Feature", "geometry": {"type": "Point", "coordinates": [14.5, 55.0]}, "properties": {"value": 7.175, "time": "2025-12-07T20:00:00", "date": "2025-12-07", "hour": 20}}, {"type": "Feature", "geometry": {"type": "Point", "coordinates": [14.75, 55.0]}, "properties": {"value": 7.097, "time": "2025-12-07T20:00:00", "date": "2025-12-07", "hour": 20}}, {"type": "Feature", "geometry": {"type": "Point", "coordinates": [15.0, 55.0]}, "properties": {"value": 6.994, "time": "2025-12-07T20:00:00", "date": "2025-12-07", "hour": 20}}, {"type": "Feature", "geometry": {"type": "Point", "coordinates": [5.25, 52.75]}, "properties": {"value": 6.147, "time": "2025-12-07T21:00:00", "date": "2025-12-07", "hour": 21}}, {"type": "Feature", "geometry": {"type": "Point", "coordinates": [5.5, 52.75]}, "properties": {"value": 6.16, "time": "2025-12-07T21:00:00", "date": "2025-12-07", "hour": 21}}, {"type": "Feature", "geometry": {"type": "Point", "coordinates": [5.0, 53.0]}, "properties": {"value": 7.171, "time": "2025-12-07T21:00:00", "date": "2025-12-07", "hour": 21}}, {"type": "Feature", "geometry": {"type": "Point", "coordinates": [5.25, 53.0]}, "properties": {"value": 6.439, "time": "2025-12-07T21:00:00", "date": "2025-12-07", "hour": 21}}, {"type": "Feature", "geometry": {"type": "Point", "coordinates": [5.5, 53.0]}, "properties": {"value": 5.924, "time": "2025-12-07T21:00:00", "date": "2025-12-07", "hour": 21}}, {"type": "Feature", "geometry": {"type": "Point", "coordinates": [5.0, 53.25]}, "properties": {"value": 7.865, "time": "2025-12-07T21:00:00", "date": "2025-12-07", "hour": 21}}, {"type": "Feature", "geometry": {"type": "Point", "coordinates": [5.25, 53.25]}, "properties": {"value": 6.932, "time": "2025-12-07T21:00:00", "date": "2025-12-07", "hour": 21}}, {"type": "Feature", "geometry": {"type": "Point", "coordinates": [5.5, 53.25]}, "properties": {"value": 6.369, "time": "2025-12-07T21:00:00", "date": "2025-12-07", "hour": 21}}, {"type": "Feature", "geometry": {"type": "Point", "coordinates": [5.0, 53.5]}, "properties": {"value": 9.501, "time": "2025-12-07T21:00:00", "date": "2025-12-07", "hour": 21}}, {"type": "Feature", "geometry": {"type": "Point", "coordinates": [5.25, 53.5]}, "properties": {"value": 8.861, "time": "2025-12-07T21:00:00", "date": "2025-12-07", "hour": 21}}, {"type": "Feature", "geometry": {"type": "Point", "coordinates": [5.5, 53.5]}, "properties": {"value": 8.653, "time": "2025-12-07T21:00:00", "date": "2025-12-07", "hour": 21}}, {"type": "Feature", "geometry": {"type": "Point", "coordinates": [5.75, 53.5]}, "properties": {"value": 8.293, "time": "2025-12-07T21:00:00", "date": "2025-12-07", "hour": 21}}, {"type": "Feature", "geometry": {"type": "Point", "coordinates": [6.0, 53.5]}, "properties": {"value": 7.801, "time": "2025-12-07T21:00:00", "date": "2025-12-07", "hour": 21}}, {"type": "Feature", "geometry": {"type": "Point", "coordinates": [6.25, 53.5]}, "properties": {"value": 7.239, "time": "2025-12-07T21:00:00", "date": "2025-12-07", "hour": 21}}, {"type": "Feature", "geometry": {"type": "Point", "coordinates": [6.5, 53.5]}, "properties": {"value": 6.941, "time": "2025-12-07T21:00:00", "date": "2025-12-07", "hour": 21}}, {"type": "Feature", "geometry": {"type": "Point", "coordinates": [6.75, 53.5]}, "properties": {"value": 6.41, "time": "2025-12-07T21:00:00", "date": "2025-12-07", "hour": 21}}, {"type": "Feature", "geometry": {"type": "Point", "coordinates": [5.0, 53.75]}, "properties": {"value": 10.179, "time": "2025-12-07T21:00:00", "date": "2025-12-07", "hour": 21}}, {"type": "Feature", "geometry": {"type": "Point", "coordinates": [5.25, 53.75]}, "properties": {"value": 9.873, "time": "2025-12-07T21:00:00", "date": "2025-12-07", "hour": 21}}, {"type": "Feature", "geometry": {"type": "Point", "coordinates": [5.5, 53.75]}, "properties": {"value": 9.645, "time": "2025-12-07T21:00:00", "date": "2025-12-07", "hour": 21}}, {"type": "Feature", "geometry": {"type": "Point", "coordinates": [5.75, 53.75]}, "properties": {"value": 9.381, "time": "2025-12-07T21:00:00", "date": "2025-12-07", "hour": 21}}, {"type": "Feature", "geometry": {"type": "Point", "coordinates": [6.0, 53.75]}, "properties": {"value": 8.995, "time": "2025-12-07T21:00:00", "date": "2025-12-07", "hour": 21}}, {"type": "Feature", "geometry": {"type": "Point", "coordinates": [6.25, 53.75]}, "properties": {"value": 8.739, "time": "2025-12-07T21:00:00", "date": "2025-12-07", "hour": 21}}, {"type": "Feature", "geometry": {"type": "Point", "coordinates": [6.5, 53.75]}, "properties": {"value": 8.275, "time": "2025-12-07T21:00:00", "date": "2025-12-07", "hour": 21}}, {"type": "Feature", "geometry": {"type": "Point", "coordinates": [6.75, 53.75]}, "properties": {"value": 7.785, "time": "2025-12-07T21:00:00", "date": "2025-12-07", "hour": 21}}, {"type": "Feature", "geometry": {"type": "Point", "coordinates": [7.0, 53.75]}, "properties": {"value": 7.909, "time": "2025-12-07T21:00:00", "date": "2025-12-07", "hour": 21}}, {"type": "Feature", "geometry": {"type": "Point", "coordinates": [7.25, 53.75]}, "properties": {"value": 7.525, "time": "2025-12-07T21:00:00", "date": "2025-12-07", "hour": 21}}, {"type": "Feature", "geometry": {"type": "Point", "coordinates": [7.5, 53.75]}, "properties": {"value": 7.782, "time": "2025-12-07T21:00:00", "date": "2025-12-07", "hour": 21}}, {"type": "Feature", "geometry": {"type": "Point", "coordinates": [7.75, 53.75]}, "properties": {"value": 7.825, "time": "2025-12-07T21:00:00", "date": "2025-12-07", "hour": 21}}, {"type": "Feature", "geometry": {"type": "Point", "coordinates": [8.0, 53.75]}, "properties": {"value": 7.579, "time": "2025-12-07T21:00:00", "date": "2025-12-07", "hour": 21}}, {"type": "Feature", "geometry": {"type": "Point", "coordinates": [8.25, 53.75]}, "properties": {"value": 6.981, "time": "2025-12-07T21:00:00", "date": "2025-12-07", "hour": 21}}, {"type": "Feature", "geometry": {"type": "Point", "coordinates": [8.5, 53.75]}, "properties": {"value": 6.347, "time": "2025-12-07T21:00:00", "date": "2025-12-07", "hour": 21}}, {"type": "Feature", "geometry": {"type": "Point", "coordinates": [8.75, 53.75]}, "properties": {"value": 6.347, "time": "2025-12-07T21:00:00", "date": "2025-12-07", "hour": 21}}, {"type": "Feature", "geometry": {"type": "Point", "coordinates": [14.25, 53.75]}, "properties": {"value": 2.389, "time": "2025-12-07T21:00:00", "date": "2025-12-07", "hour": 21}}, {"type": "Feature", "geometry": {"type": "Point", "coordinates": [14.5, 53.75]}, "properties": {"value": 2.389, "time": "2025-12-07T21:00:00", "date": "2025-12-07", "hour": 21}}, {"type": "Feature", "geometry": {"type": "Point", "coordinates": [5.0, 54.0]}, "properties": {"value": 10.438, "time": "2025-12-07T21:00:00", "date": "2025-12-07", "hour": 21}}, {"type": "Feature", "geometry": {"type": "Point", "coordinates": [5.25, 54.0]}, "properties": {"value": 10.368, "time": "2025-12-07T21:00:00", "date": "2025-12-07", "hour": 21}}, {"type": "Feature", "geometry": {"type": "Point", "coordinates": [5.5, 54.0]}, "properties": {"value": 10.141, "time": "2025-12-07T21:00:00", "date": "2025-12-07", "hour": 21}}, {"type": "Feature", "geometry": {"type": "Point", "coordinates": [5.75, 54.0]}, "properties": {"value": 9.927, "time": "2025-12-07T21:00:00", "date": "2025-12-07", "hour": 21}}, {"type": "Feature", "geometry": {"type": "Point", "coordinates": [6.0, 54.0]}, "properties": {"value": 9.776, "time": "2025-12-07T21:00:00", "date": "2025-12-07", "hour": 21}}, {"type": "Feature", "geometry": {"type": "Point", "coordinates": [6.25, 54.0]}, "properties": {"value": 9.597, "time": "2025-12-07T21:00:00", "date": "2025-12-07", "hour": 21}}, {"type": "Feature", "geometry": {"type": "Point", "coordinates": [6.5, 54.0]}, "properties": {"value": 9.186, "time": "2025-12-07T21:00:00", "date": "2025-12-07", "hour": 21}}, {"type": "Feature", "geometry": {"type": "Point", "coordinates": [6.75, 54.0]}, "properties": {"value": 8.976, "time": "2025-12-07T21:00:00", "date": "2025-12-07", "hour": 21}}, {"type": "Feature", "geometry": {"type": "Point", "coordinates": [7.0, 54.0]}, "properties": {"value": 8.887, "time": "2025-12-07T21:00:00", "date": "2025-12-07", "hour": 21}}, {"type": "Feature", "geometry": {"type": "Point", "coordinates": [7.25, 54.0]}, "properties": {"value": 8.651, "time": "2025-12-07T21:00:00", "date": "2025-12-07", "hour": 21}}, {"type": "Feature", "geometry": {"type": "Point", "coordinates": [7.5, 54.0]}, "properties": {"value": 8.716, "time": "2025-12-07T21:00:00", "date": "2025-12-07", "hour": 21}}, {"type": "Feature", "geometry": {"type": "Point", "coordinates": [7.75, 54.0]}, "properties": {"value": 8.667, "time": "2025-12-07T21:00:00", "date": "2025-12-07", "hour": 21}}, {"type": "Feature", "geometry": {"type": "Point", "coordinates": [8.0, 54.0]}, "properties": {"value": 8.566, "time": "2025-12-07T21:00:00", "date": "2025-12-07", "hour": 21}}, {"type": "Feature", "geometry": {"type": "Point", "coordinates": [8.25, 54.0]}, "properties": {"value": 8.113, "time": "2025-12-07T21:00:00", "date": "2025-12-07", "hour": 21}}, {"type": "Feature", "geometry": {"type": "Point", "coordinates": [8.5, 54.0]}, "properties": {"value": 6.776, "time": "2025-12-07T21:00:00", "date": "2025-12-07", "hour": 21}}, {"type": "Feature", "geometry": {"type": "Point", "coordinates": [11.25, 54.0]}, "properties": {"value": 5.168, "time": "2025-12-07T21:00:00", "date": "2025-12-07", "hour": 21}}, {"type": "Feature", "geometry": {"type": "Point", "coordinates": [14.0, 54.0]}, "properties": {"value": 3.979, "time": "2025-12-07T21:00:00", "date": "2025-12-07", "hour": 21}}, {"type": "Feature", "geometry": {"type": "Point", "coordinates": [14.25, 54.0]}, "properties": {"value": 4.777, "time": "2025-12-07T21:00:00", "date": "2025-12-07", "hour": 21}}, {"type": "Feature", "geometry": {"type": "Point", "coordinates": [14.5, 54.0]}, "properties": {"value": 4.438, "time": "2025-12-07T21:00:00", "date": "2025-12-07", "hour": 21}}, {"type": "Feature", "geometry": {"type": "Point", "coordinates": [14.75, 54.0]}, "properties": {"value": 4.948, "time": "2025-12-07T21:00:00", "date": "2025-12-07", "hour": 21}}, {"type": "Feature", "geometry": {"type": "Point", "coordinates": [5.0, 54.25]}, "properties": {"value": 10.514, "time": "2025-12-07T21:00:00", "date": "2025-12-07", "hour": 21}}, {"type": "Feature", "geometry": {"type": "Point", "coordinates": [5.25, 54.25]}, "properties": {"value": 10.461, "time": "2025-12-07T21:00:00", "date": "2025-12-07", "hour": 21}}, {"type": "Feature", "geometry": {"type": "Point", "coordinates": [5.5, 54.25]}, "properties": {"value": 10.37, "time": "2025-12-07T21:00:00", "date": "2025-12-07", "hour": 21}}, {"type": "Feature", "geometry": {"type": "Point", "coordinates": [5.75, 54.25]}, "properties": {"value": 10.193, "time": "2025-12-07T21:00:00", "date": "2025-12-07", "hour": 21}}, {"type": "Feature", "geometry": {"type": "Point", "coordinates": [6.0, 54.25]}, "properties": {"value": 10.126, "time": "2025-12-07T21:00:00", "date": "2025-12-07", "hour": 21}}, {"type": "Feature", "geometry": {"type": "Point", "coordinates": [6.25, 54.25]}, "properties": {"value": 10.002, "time": "2025-12-07T21:00:00", "date": "2025-12-07", "hour": 21}}, {"type": "Feature", "geometry": {"type": "Point", "coordinates": [6.5, 54.25]}, "properties": {"value": 9.844, "time": "2025-12-07T21:00:00", "date": "2025-12-07", "hour": 21}}, {"type": "Feature", "geometry": {"type": "Point", "coordinates": [6.75, 54.25]}, "properties": {"value": 9.685, "time": "2025-12-07T21:00:00", "date": "2025-12-07", "hour": 21}}, {"type": "Feature", "geometry": {"type": "Point", "coordinates": [7.0, 54.25]}, "properties": {"value": 9.6, "time": "2025-12-07T21:00:00", "date": "2025-12-07", "hour": 21}}, {"type": "Feature", "geometry": {"type": "Point", "coordinates": [7.25, 54.25]}, "properties": {"value": 9.517, "time": "2025-12-07T21:00:00", "date": "2025-12-07", "hour": 21}}, {"type": "Feature", "geometry": {"type": "Point", "coordinates": [7.5, 54.25]}, "properties": {"value": 9.463, "time": "2025-12-07T21:00:00", "date": "2025-12-07", "hour": 21}}, {"type": "Feature", "geometry": {"type": "Point", "coordinates": [7.75, 54.25]}, "properties": {"value": 9.033, "time": "2025-12-07T21:00:00", "date": "2025-12-07", "hour": 21}}, {"type": "Feature", "geometry": {"type": "Point", "coordinates": [8.0, 54.25]}, "properties": {"value": 8.815, "time": "2025-12-07T21:00:00", "date": "2025-12-07", "hour": 21}}, {"type": "Feature", "geometry": {"type": "Point", "coordinates": [8.25, 54.25]}, "properties": {"value": 7.76, "time": "2025-12-07T21:00:00", "date": "2025-12-07", "hour": 21}}, {"type": "Feature", "geometry": {"type": "Point", "coordinates": [8.5, 54.25]}, "properties": {"value": 6.486, "time": "2025-12-07T21:00:00", "date": "2025-12-07", "hour": 21}}, {"type": "Feature", "geometry": {"type": "Point", "coordinates": [10.75, 54.25]}, "properties": {"value": 5.775, "time": "2025-12-07T21:00:00", "date": "2025-12-07", "hour": 21}}, {"type": "Feature", "geometry": {"type": "Point", "coordinates": [11.25, 54.25]}, "properties": {"value": 5.602, "time": "2025-12-07T21:00:00", "date": "2025-12-07", "hour": 21}}, {"type": "Feature", "geometry": {"type": "Point", "coordinates": [11.75, 54.25]}, "properties": {"value": 6.159, "time": "2025-12-07T21:00:00", "date": "2025-12-07", "hour": 21}}, {"type": "Feature", "geometry": {"type": "Point", "coordinates": [12.25, 54.25]}, "properties": {"value": 6.117, "time": "2025-12-07T21:00:00", "date": "2025-12-07", "hour": 21}}, {"type": "Feature", "geometry": {"type": "Point", "coordinates": [13.75, 54.25]}, "properties": {"value": 4.522, "time": "2025-12-07T21:00:00", "date": "2025-12-07", "hour": 21}}, {"type": "Feature", "geometry": {"type": "Point", "coordinates": [14.0, 54.25]}, "properties": {"value": 4.784, "time": "2025-12-07T21:00:00", "date": "2025-12-07", "hour": 21}}, {"type": "Feature", "geometry": {"type": "Point", "coordinates": [14.25, 54.25]}, "properties": {"value": 5.295, "time": "2025-12-07T21:00:00", "date": "2025-12-07", "hour": 21}}, {"type": "Feature", "geometry": {"type": "Point", "coordinates": [14.5, 54.25]}, "properties": {"value": 5.434, "time": "2025-12-07T21:00:00", "date": "2025-12-07", "hour": 21}}, {"type": "Feature", "geometry": {"type": "Point", "coordinates": [14.75, 54.25]}, "properties": {"value": 5.709, "time": "2025-12-07T21:00:00", "date": "2025-12-07", "hour": 21}}, {"type": "Feature", "geometry": {"type": "Point", "coordinates": [15.0, 54.25]}, "properties": {"value": 6.474, "time": "2025-12-07T21:00:00", "date": "2025-12-07", "hour": 21}}, {"type": "Feature", "geometry": {"type": "Point", "coordinates": [5.0, 54.5]}, "properties": {"value": 10.537, "time": "2025-12-07T21:00:00", "date": "2025-12-07", "hour": 21}}, {"type": "Feature", "geometry": {"type": "Point", "coordinates": [5.25, 54.5]}, "properties": {"value": 10.545, "time": "2025-12-07T21:00:00", "date": "2025-12-07", "hour": 21}}, {"type": "Feature", "geometry": {"type": "Point", "coordinates": [5.5, 54.5]}, "properties": {"value": 10.5, "time": "2025-12-07T21:00:00", "date": "2025-12-07", "hour": 21}}, {"type": "Feature", "geometry": {"type": "Point", "coordinates": [5.75, 54.5]}, "properties": {"value": 10.423, "time": "2025-12-07T21:00:00", "date": "2025-12-07", "hour": 21}}, {"type": "Feature", "geometry": {"type": "Point", "coordinates": [6.0, 54.5]}, "properties": {"value": 10.375, "time": "2025-12-07T21:00:00", "date": "2025-12-07", "hour": 21}}, {"type": "Feature", "geometry": {"type": "Point", "coordinates": [6.25, 54.5]}, "properties": {"value": 10.318, "time": "2025-12-07T21:00:00", "date": "2025-12-07", "hour": 21}}, {"type": "Feature", "geometry": {"type": "Point", "coordinates": [6.5, 54.5]}, "properties": {"value": 10.188, "time": "2025-12-07T21:00:00", "date": "2025-12-07", "hour": 21}}, {"type": "Feature", "geometry": {"type": "Point", "coordinates": [6.75, 54.5]}, "properties": {"value": 10.09, "time": "2025-12-07T21:00:00", "date": "2025-12-07", "hour": 21}}, {"type": "Feature", "geometry": {"type": "Point", "coordinates": [7.0, 54.5]}, "properties": {"value": 9.96, "time": "2025-12-07T21:00:00", "date": "2025-12-07", "hour": 21}}, {"type": "Feature", "geometry": {"type": "Point", "coordinates": [7.25, 54.5]}, "properties": {"value": 9.758, "time": "2025-12-07T21:00:00", "date": "2025-12-07", "hour": 21}}, {"type": "Feature", "geometry": {"type": "Point", "coordinates": [7.5, 54.5]}, "properties": {"value": 9.68, "time": "2025-12-07T21:00:00", "date": "2025-12-07", "hour": 21}}, {"type": "Feature", "geometry": {"type": "Point", "coordinates": [7.75, 54.5]}, "properties": {"value": 9.1, "time": "2025-12-07T21:00:00", "date": "2025-12-07", "hour": 21}}, {"type": "Feature", "geometry": {"type": "Point", "coordinates": [8.0, 54.5]}, "properties": {"value": 7.947, "time": "2025-12-07T21:00:00", "date": "2025-12-07", "hour": 21}}, {"type": "Feature", "geometry": {"type": "Point", "coordinates": [8.25, 54.5]}, "properties": {"value": 6.944, "time": "2025-12-07T21:00:00", "date": "2025-12-07", "hour": 21}}, {"type": "Feature", "geometry": {"type": "Point", "coordinates": [8.5, 54.5]}, "properties": {"value": 6.008, "time": "2025-12-07T21:00:00", "date": "2025-12-07", "hour": 21}}, {"type": "Feature", "geometry": {"type": "Point", "coordinates": [10.5, 54.5]}, "properties": {"value": 5.923, "time": "2025-12-07T21:00:00", "date": "2025-12-07", "hour": 21}}, {"type": "Feature", "geometry": {"type": "Point", "coordinates": [10.75, 54.5]}, "properties": {"value": 5.939, "time": "2025-12-07T21:00:00", "date": "2025-12-07", "hour": 21}}, {"type": "Feature", "geometry": {"type": "Point", "coordinates": [11.0, 54.5]}, "properties": {"value": 5.803, "time": "2025-12-07T21:00:00", "date": "2025-12-07", "hour": 21}}, {"type": "Feature", "geometry": {"type": "Point", "coordinates": [11.25, 54.5]}, "properties": {"value": 5.907, "time": "2025-12-07T21:00:00", "date": "2025-12-07", "hour": 21}}, {"type": "Feature", "geometry": {"type": "Point", "coordinates": [11.5, 54.5]}, "properties": {"value": 6.007, "time": "2025-12-07T21:00:00", "date": "2025-12-07", "hour": 21}}, {"type": "Feature", "geometry": {"type": "Point", "coordinates": [11.75, 54.5]}, "properties": {"value": 6.186, "time": "2025-12-07T21:00:00", "date": "2025-12-07", "hour": 21}}, {"type": "Feature", "geometry": {"type": "Point", "coordinates": [12.0, 54.5]}, "properties": {"value": 6.258, "time": "2025-12-07T21:00:00", "date": "2025-12-07", "hour": 21}}, {"type": "Feature", "geometry": {"type": "Point", "coordinates": [12.25, 54.5]}, "properties": {"value": 6.26, "time": "2025-12-07T21:00:00", "date": "2025-12-07", "hour": 21}}, {"type": "Feature", "geometry": {"type": "Point", "coordinates": [13.0, 54.5]}, "properties": {"value": 6.794, "time": "2025-12-07T21:00:00", "date": "2025-12-07", "hour": 21}}, {"type": "Feature", "geometry": {"type": "Point", "coordinates": [13.25, 54.5]}, "properties": {"value": 6.152, "time": "2025-12-07T21:00:00", "date": "2025-12-07", "hour": 21}}, {"type": "Feature", "geometry": {"type": "Point", "coordinates": [13.5, 54.5]}, "properties": {"value": 5.82, "time": "2025-12-07T21:00:00", "date": "2025-12-07", "hour": 21}}, {"type": "Feature", "geometry": {"type": "Point", "coordinates": [13.75, 54.5]}, "properties": {"value": 5.728, "time": "2025-12-07T21:00:00", "date": "2025-12-07", "hour": 21}}, {"type": "Feature", "geometry": {"type": "Point", "coordinates": [14.0, 54.5]}, "properties": {"value": 5.939, "time": "2025-12-07T21:00:00", "date": "2025-12-07", "hour": 21}}, {"type": "Feature", "geometry": {"type": "Point", "coordinates": [14.25, 54.5]}, "properties": {"value": 6.117, "time": "2025-12-07T21:00:00", "date": "2025-12-07", "hour": 21}}, {"type": "Feature", "geometry": {"type": "Point", "coordinates": [14.5, 54.5]}, "properties": {"value": 6.426, "time": "2025-12-07T21:00:00", "date": "2025-12-07", "hour": 21}}, {"type": "Feature", "geometry": {"type": "Point", "coordinates": [14.75, 54.5]}, "properties": {"value": 6.671, "time": "2025-12-07T21:00:00", "date": "2025-12-07", "hour": 21}}, {"type": "Feature", "geometry": {"type": "Point", "coordinates": [15.0, 54.5]}, "properties": {"value": 7.412, "time": "2025-12-07T21:00:00", "date": "2025-12-07", "hour": 21}}, {"type": "Feature", "geometry": {"type": "Point", "coordinates": [5.0, 54.75]}, "properties": {"value": 10.535, "time": "2025-12-07T21:00:00", "date": "2025-12-07", "hour": 21}}, {"type": "Feature", "geometry": {"type": "Point", "coordinates": [5.25, 54.75]}, "properties": {"value": 10.543, "time": "2025-12-07T21:00:00", "date": "2025-12-07", "hour": 21}}, {"type": "Feature", "geometry": {"type": "Point", "coordinates": [5.5, 54.75]}, "properties": {"value": 10.564, "time": "2025-12-07T21:00:00", "date": "2025-12-07", "hour": 21}}, {"type": "Feature", "geometry": {"type": "Point", "coordinates": [5.75, 54.75]}, "properties": {"value": 10.557, "time": "2025-12-07T21:00:00", "date": "2025-12-07", "hour": 21}}, {"type": "Feature", "geometry": {"type": "Point", "coordinates": [6.0, 54.75]}, "properties": {"value": 10.525, "time": "2025-12-07T21:00:00", "date": "2025-12-07", "hour": 21}}, {"type": "Feature", "geometry": {"type": "Point", "coordinates": [6.25, 54.75]}, "properties": {"value": 10.467, "time": "2025-12-07T21:00:00", "date": "2025-12-07", "hour": 21}}, {"type": "Feature", "geometry": {"type": "Point", "coordinates": [6.5, 54.75]}, "properties": {"value": 10.396, "time": "2025-12-07T21:00:00", "date": "2025-12-07", "hour": 21}}, {"type": "Feature", "geometry": {"type": "Point", "coordinates": [6.75, 54.75]}, "properties": {"value": 10.212, "time": "2025-12-07T21:00:00", "date": "2025-12-07", "hour": 21}}, {"type": "Feature", "geometry": {"type": "Point", "coordinates": [7.0, 54.75]}, "properties": {"value": 10.06, "time": "2025-12-07T21:00:00", "date": "2025-12-07", "hour": 21}}, {"type": "Feature", "geometry": {"type": "Point", "coordinates": [7.25, 54.75]}, "properties": {"value": 9.85, "time": "2025-12-07T21:00:00", "date": "2025-12-07", "hour": 21}}, {"type": "Feature", "geometry": {"type": "Point", "coordinates": [7.5, 54.75]}, "properties": {"value": 9.634, "time": "2025-12-07T21:00:00", "date": "2025-12-07", "hour": 21}}, {"type": "Feature", "geometry": {"type": "Point", "coordinates": [7.75, 54.75]}, "properties": {"value": 8.565, "time": "2025-12-07T21:00:00", "date": "2025-12-07", "hour": 21}}, {"type": "Feature", "geometry": {"type": "Point", "coordinates": [8.0, 54.75]}, "properties": {"value": 7.371, "time": "2025-12-07T21:00:00", "date": "2025-12-07", "hour": 21}}, {"type": "Feature", "geometry": {"type": "Point", "coordinates": [8.25, 54.75]}, "properties": {"value": 6.455, "time": "2025-12-07T21:00:00", "date": "2025-12-07", "hour": 21}}, {"type": "Feature", "geometry": {"type": "Point", "coordinates": [8.5, 54.75]}, "properties": {"value": 5.504, "time": "2025-12-07T21:00:00", "date": "2025-12-07", "hour": 21}}, {"type": "Feature", "geometry": {"type": "Point", "coordinates": [10.25, 54.75]}, "properties": {"value": 5.886, "time": "2025-12-07T21:00:00", "date": "2025-12-07", "hour": 21}}, {"type": "Feature", "geometry": {"type": "Point", "coordinates": [10.5, 54.75]}, "properties": {"value": 5.945, "time": "2025-12-07T21:00:00", "date": "2025-12-07", "hour": 21}}, {"type": "Feature", "geometry": {"type": "Point", "coordinates": [10.75, 54.75]}, "properties": {"value": 6.005, "time": "2025-12-07T21:00:00", "date": "2025-12-07", "hour": 21}}, {"type": "Feature", "geometry": {"type": "Point", "coordinates": [11.0, 54.75]}, "properties": {"value": 5.849, "time": "2025-12-07T21:00:00", "date": "2025-12-07", "hour": 21}}, {"type": "Feature", "geometry": {"type": "Point", "coordinates": [11.25, 54.75]}, "properties": {"value": 5.778, "time": "2025-12-07T21:00:00", "date": "2025-12-07", "hour": 21}}, {"type": "Feature", "geometry": {"type": "Point", "coordinates": [11.5, 54.75]}, "properties": {"value": 5.631, "time": "2025-12-07T21:00:00", "date": "2025-12-07", "hour": 21}}, {"type": "Feature", "geometry": {"type": "Point", "coordinates": [12.0, 54.75]}, "properties": {"value": 6.04, "time": "2025-12-07T21:00:00", "date": "2025-12-07", "hour": 21}}, {"type": "Feature", "geometry": {"type": "Point", "coordinates": [12.25, 54.75]}, "properties": {"value": 6.34, "time": "2025-12-07T21:00:00", "date": "2025-12-07", "hour": 21}}, {"type": "Feature", "geometry": {"type": "Point", "coordinates": [12.5, 54.75]}, "properties": {"value": 6.741, "time": "2025-12-07T21:00:00", "date": "2025-12-07", "hour": 21}}, {"type": "Feature", "geometry": {"type": "Point", "coordinates": [12.75, 54.75]}, "properties": {"value": 6.892, "time": "2025-12-07T21:00:00", "date": "2025-12-07", "hour": 21}}, {"type": "Feature", "geometry": {"type": "Point", "coordinates": [13.0, 54.75]}, "properties": {"value": 6.836, "time": "2025-12-07T21:00:00", "date": "2025-12-07", "hour": 21}}, {"type": "Feature", "geometry": {"type": "Point", "coordinates": [13.25, 54.75]}, "properties": {"value": 6.974, "time": "2025-12-07T21:00:00", "date": "2025-12-07", "hour": 21}}, {"type": "Feature", "geometry": {"type": "Point", "coordinates": [13.5, 54.75]}, "properties": {"value": 6.945, "time": "2025-12-07T21:00:00", "date": "2025-12-07", "hour": 21}}, {"type": "Feature", "geometry": {"type": "Point", "coordinates": [13.75, 54.75]}, "properties": {"value": 6.854, "time": "2025-12-07T21:00:00", "date": "2025-12-07", "hour": 21}}, {"type": "Feature", "geometry": {"type": "Point", "coordinates": [14.0, 54.75]}, "properties": {"value": 6.747, "time": "2025-12-07T21:00:00", "date": "2025-12-07", "hour": 21}}, {"type": "Feature", "geometry": {"type": "Point", "coordinates": [14.25, 54.75]}, "properties": {"value": 6.752, "time": "2025-12-07T21:00:00", "date": "2025-12-07", "hour": 21}}, {"type": "Feature", "geometry": {"type": "Point", "coordinates": [14.5, 54.75]}, "properties": {"value": 7.137, "time": "2025-12-07T21:00:00", "date": "2025-12-07", "hour": 21}}, {"type": "Feature", "geometry": {"type": "Point", "coordinates": [14.75, 54.75]}, "properties": {"value": 7.339, "time": "2025-12-07T21:00:00", "date": "2025-12-07", "hour": 21}}, {"type": "Feature", "geometry": {"type": "Point", "coordinates": [15.0, 54.75]}, "properties": {"value": 7.349, "time": "2025-12-07T21:00:00", "date": "2025-12-07", "hour": 21}}, {"type": "Feature", "geometry": {"type": "Point", "coordinates": [5.0, 55.0]}, "properties": {"value": 10.501, "time": "2025-12-07T21:00:00", "date": "2025-12-07", "hour": 21}}, {"type": "Feature", "geometry": {"type": "Point", "coordinates": [5.25, 55.0]}, "properties": {"value": 10.594, "time": "2025-12-07T21:00:00", "date": "2025-12-07", "hour": 21}}, {"type": "Feature", "geometry": {"type": "Point", "coordinates": [5.5, 55.0]}, "properties": {"value": 10.628, "time": "2025-12-07T21:00:00", "date": "2025-12-07", "hour": 21}}, {"type": "Feature", "geometry": {"type": "Point", "coordinates": [5.75, 55.0]}, "properties": {"value": 10.621, "time": "2025-12-07T21:00:00", "date": "2025-12-07", "hour": 21}}, {"type": "Feature", "geometry": {"type": "Point", "coordinates": [6.0, 55.0]}, "properties": {"value": 10.575, "time": "2025-12-07T21:00:00", "date": "2025-12-07", "hour": 21}}, {"type": "Feature", "geometry": {"type": "Point", "coordinates": [6.25, 55.0]}, "properties": {"value": 10.524, "time": "2025-12-07T21:00:00", "date": "2025-12-07", "hour": 21}}, {"type": "Feature", "geometry": {"type": "Point", "coordinates": [6.5, 55.0]}, "properties": {"value": 10.459, "time": "2025-12-07T21:00:00", "date": "2025-12-07", "hour": 21}}, {"type": "Feature", "geometry": {"type": "Point", "coordinates": [6.75, 55.0]}, "properties": {"value": 10.262, "time": "2025-12-07T21:00:00", "date": "2025-12-07", "hour": 21}}, {"type": "Feature", "geometry": {"type": "Point", "coordinates": [7.0, 55.0]}, "properties": {"value": 10.023, "time": "2025-12-07T21:00:00", "date": "2025-12-07", "hour": 21}}, {"type": "Feature", "geometry": {"type": "Point", "coordinates": [7.25, 55.0]}, "properties": {"value": 9.816, "time": "2025-12-07T21:00:00", "date": "2025-12-07", "hour": 21}}, {"type": "Feature", "geometry": {"type": "Point", "coordinates": [7.5, 55.0]}, "properties": {"value": 9.605, "time": "2025-12-07T21:00:00", "date": "2025-12-07", "hour": 21}}, {"type": "Feature", "geometry": {"type": "Point", "coordinates": [7.75, 55.0]}, "properties": {"value": 8.652, "time": "2025-12-07T21:00:00", "date": "2025-12-07", "hour": 21}}, {"type": "Feature", "geometry": {"type": "Point", "coordinates": [8.0, 55.0]}, "properties": {"value": 7.711, "time": "2025-12-07T21:00:00", "date": "2025-12-07", "hour": 21}}, {"type": "Feature", "geometry": {"type": "Point", "coordinates": [8.25, 55.0]}, "properties": {"value": 6.254, "time": "2025-12-07T21:00:00", "date": "2025-12-07", "hour": 21}}, {"type": "Feature", "geometry": {"type": "Point", "coordinates": [8.5, 55.0]}, "properties": {"value": 5.184, "time": "2025-12-07T21:00:00", "date": "2025-12-07", "hour": 21}}, {"type": "Feature", "geometry": {"type": "Point", "coordinates": [10.25, 55.0]}, "properties": {"value": 5.238, "time": "2025-12-07T21:00:00", "date": "2025-12-07", "hour": 21}}, {"type": "Feature", "geometry": {"type": "Point", "coordinates": [10.5, 55.0]}, "properties": {"value": 5.455, "time": "2025-12-07T21:00:00", "date": "2025-12-07", "hour": 21}}, {"type": "Feature", "geometry": {"type": "Point", "coordinates": [10.75, 55.0]}, "properties": {"value": 5.668, "time": "2025-12-07T21:00:00", "date": "2025-12-07", "hour": 21}}, {"type": "Feature", "geometry": {"type": "Point", "coordinates": [11.0, 55.0]}, "properties": {"value": 5.631, "time": "2025-12-07T21:00:00", "date": "2025-12-07", "hour": 21}}, {"type": "Feature", "geometry": {"type": "Point", "coordinates": [11.25, 55.0]}, "properties": {"value": 5.641, "time": "2025-12-07T21:00:00", "date": "2025-12-07", "hour": 21}}, {"type": "Feature", "geometry": {"type": "Point", "coordinates": [11.5, 55.0]}, "properties": {"value": 5.463, "time": "2025-12-07T21:00:00", "date": "2025-12-07", "hour": 21}}, {"type": "Feature", "geometry": {"type": "Point", "coordinates": [11.75, 55.0]}, "properties": {"value": 5.352, "time": "2025-12-07T21:00:00", "date": "2025-12-07", "hour": 21}}, {"type": "Feature", "geometry": {"type": "Point", "coordinates": [12.0, 55.0]}, "properties": {"value": 5.536, "time": "2025-12-07T21:00:00", "date": "2025-12-07", "hour": 21}}, {"type": "Feature", "geometry": {"type": "Point", "coordinates": [12.25, 55.0]}, "properties": {"value": 5.914, "time": "2025-12-07T21:00:00", "date": "2025-12-07", "hour": 21}}, {"type": "Feature", "geometry": {"type": "Point", "coordinates": [12.5, 55.0]}, "properties": {"value": 6.672, "time": "2025-12-07T21:00:00", "date": "2025-12-07", "hour": 21}}, {"type": "Feature", "geometry": {"type": "Point", "coordinates": [12.75, 55.0]}, "properties": {"value": 6.882, "time": "2025-12-07T21:00:00", "date": "2025-12-07", "hour": 21}}, {"type": "Feature", "geometry": {"type": "Point", "coordinates": [13.0, 55.0]}, "properties": {"value": 7.134, "time": "2025-12-07T21:00:00", "date": "2025-12-07", "hour": 21}}, {"type": "Feature", "geometry": {"type": "Point", "coordinates": [13.25, 55.0]}, "properties": {"value": 7.271, "time": "2025-12-07T21:00:00", "date": "2025-12-07", "hour": 21}}, {"type": "Feature", "geometry": {"type": "Point", "coordinates": [13.5, 55.0]}, "properties": {"value": 7.294, "time": "2025-12-07T21:00:00", "date": "2025-12-07", "hour": 21}}, {"type": "Feature", "geometry": {"type": "Point", "coordinates": [13.75, 55.0]}, "properties": {"value": 7.401, "time": "2025-12-07T21:00:00", "date": "2025-12-07", "hour": 21}}, {"type": "Feature", "geometry": {"type": "Point", "coordinates": [14.0, 55.0]}, "properties": {"value": 7.335, "time": "2025-12-07T21:00:00", "date": "2025-12-07", "hour": 21}}, {"type": "Feature", "geometry": {"type": "Point", "coordinates": [14.25, 55.0]}, "properties": {"value": 7.27, "time": "2025-12-07T21:00:00", "date": "2025-12-07", "hour": 21}}, {"type": "Feature", "geometry": {"type": "Point", "coordinates": [14.5, 55.0]}, "properties": {"value": 7.175, "time": "2025-12-07T21:00:00", "date": "2025-12-07", "hour": 21}}, {"type": "Feature", "geometry": {"type": "Point", "coordinates": [14.75, 55.0]}, "properties": {"value": 7.097, "time": "2025-12-07T21:00:00", "date": "2025-12-07", "hour": 21}}, {"type": "Feature", "geometry": {"type": "Point", "coordinates": [15.0, 55.0]}, "properties": {"value": 6.994, "time": "2025-12-07T21:00:00", "date": "2025-12-07", "hour": 21}}, {"type": "Feature", "geometry": {"type": "Point", "coordinates": [5.25, 52.75]}, "properties": {"value": 5.911, "time": "2025-12-07T22:00:00", "date": "2025-12-07", "hour": 22}}, {"type": "Feature", "geometry": {"type": "Point", "coordinates": [5.5, 52.75]}, "properties": {"value": 5.908, "time": "2025-12-07T22:00:00", "date": "2025-12-07", "hour": 22}}, {"type": "Feature", "geometry": {"type": "Point", "coordinates": [5.0, 53.0]}, "properties": {"value": 7.079, "time": "2025-12-07T22:00:00", "date": "2025-12-07", "hour": 22}}, {"type": "Feature", "geometry": {"type": "Point", "coordinates": [5.25, 53.0]}, "properties": {"value": 6.436, "time": "2025-12-07T22:00:00", "date": "2025-12-07", "hour": 22}}, {"type": "Feature", "geometry": {"type": "Point", "coordinates": [5.5, 53.0]}, "properties": {"value": 5.96, "time": "2025-12-07T22:00:00", "date": "2025-12-07", "hour": 22}}, {"type": "Feature", "geometry": {"type": "Point", "coordinates": [5.0, 53.25]}, "properties": {"value": 7.923, "time": "2025-12-07T22:00:00", "date": "2025-12-07", "hour": 22}}, {"type": "Feature", "geometry": {"type": "Point", "coordinates": [5.25, 53.25]}, "properties": {"value": 7.098, "time": "2025-12-07T22:00:00", "date": "2025-12-07", "hour": 22}}, {"type": "Feature", "geometry": {"type": "Point", "coordinates": [5.5, 53.25]}, "properties": {"value": 6.6, "time": "2025-12-07T22:00:00", "date": "2025-12-07", "hour": 22}}, {"type": "Feature", "geometry": {"type": "Point", "coordinates": [5.0, 53.5]}, "properties": {"value": 9.298, "time": "2025-12-07T22:00:00", "date": "2025-12-07", "hour": 22}}, {"type": "Feature", "geometry": {"type": "Point", "coordinates": [5.25, 53.5]}, "properties": {"value": 8.583, "time": "2025-12-07T22:00:00", "date": "2025-12-07", "hour": 22}}, {"type": "Feature", "geometry": {"type": "Point", "coordinates": [5.5, 53.5]}, "properties": {"value": 8.297, "time": "2025-12-07T22:00:00", "date": "2025-12-07", "hour": 22}}, {"type": "Feature", "geometry": {"type": "Point", "coordinates": [5.75, 53.5]}, "properties": {"value": 7.946, "time": "2025-12-07T22:00:00", "date": "2025-12-07", "hour": 22}}, {"type": "Feature", "geometry": {"type": "Point", "coordinates": [6.0, 53.5]}, "properties": {"value": 7.514, "time": "2025-12-07T22:00:00", "date": "2025-12-07", "hour": 22}}, {"type": "Feature", "geometry": {"type": "Point", "coordinates": [6.25, 53.5]}, "properties": {"value": 7.045, "time": "2025-12-07T22:00:00", "date": "2025-12-07", "hour": 22}}, {"type": "Feature", "geometry": {"type": "Point", "coordinates": [6.5, 53.5]}, "properties": {"value": 6.806, "time": "2025-12-07T22:00:00", "date": "2025-12-07", "hour": 22}}, {"type": "Feature", "geometry": {"type": "Point", "coordinates": [6.75, 53.5]}, "properties": {"value": 6.383, "time": "2025-12-07T22:00:00", "date": "2025-12-07", "hour": 22}}, {"type": "Feature", "geometry": {"type": "Point", "coordinates": [5.0, 53.75]}, "properties": {"value": 9.963, "time": "2025-12-07T22:00:00", "date": "2025-12-07", "hour": 22}}, {"type": "Feature", "geometry": {"type": "Point", "coordinates": [5.25, 53.75]}, "properties": {"value": 9.599, "time": "2025-12-07T22:00:00", "date": "2025-12-07", "hour": 22}}, {"type": "Feature", "geometry": {"type": "Point", "coordinates": [5.5, 53.75]}, "properties": {"value": 9.325, "time": "2025-12-07T22:00:00", "date": "2025-12-07", "hour": 22}}, {"type": "Feature", "geometry": {"type": "Point", "coordinates": [5.75, 53.75]}, "properties": {"value": 9.028, "time": "2025-12-07T22:00:00", "date": "2025-12-07", "hour": 22}}, {"type": "Feature", "geometry": {"type": "Point", "coordinates": [6.0, 53.75]}, "properties": {"value": 8.664, "time": "2025-12-07T22:00:00", "date": "2025-12-07", "hour": 22}}, {"type": "Feature", "geometry": {"type": "Point", "coordinates": [6.25, 53.75]}, "properties": {"value": 8.311, "time": "2025-12-07T22:00:00", "date": "2025-12-07", "hour": 22}}, {"type": "Feature", "geometry": {"type": "Point", "coordinates": [6.5, 53.75]}, "properties": {"value": 7.833, "time": "2025-12-07T22:00:00", "date": "2025-12-07", "hour": 22}}, {"type": "Feature", "geometry": {"type": "Point", "coordinates": [6.75, 53.75]}, "properties": {"value": 7.387, "time": "2025-12-07T22:00:00", "date": "2025-12-07", "hour": 22}}, {"type": "Feature", "geometry": {"type": "Point", "coordinates": [7.0, 53.75]}, "properties": {"value": 7.401, "time": "2025-12-07T22:00:00", "date": "2025-12-07", "hour": 22}}, {"type": "Feature", "geometry": {"type": "Point", "coordinates": [7.25, 53.75]}, "properties": {"value": 7.089, "time": "2025-12-07T22:00:00", "date": "2025-12-07", "hour": 22}}, {"type": "Feature", "geometry": {"type": "Point", "coordinates": [7.5, 53.75]}, "properties": {"value": 7.672, "time": "2025-12-07T22:00:00", "date": "2025-12-07", "hour": 22}}, {"type": "Feature", "geometry": {"type": "Point", "coordinates": [7.75, 53.75]}, "properties": {"value": 7.769, "time": "2025-12-07T22:00:00", "date": "2025-12-07", "hour": 22}}, {"type": "Feature", "geometry": {"type": "Point", "coordinates": [8.0, 53.75]}, "properties": {"value": 7.139, "time": "2025-12-07T22:00:00", "date": "2025-12-07", "hour": 22}}, {"type": "Feature", "geometry": {"type": "Point", "coordinates": [8.25, 53.75]}, "properties": {"value": 6.587, "time": "2025-12-07T22:00:00", "date": "2025-12-07", "hour": 22}}, {"type": "Feature", "geometry": {"type": "Point", "coordinates": [8.5, 53.75]}, "properties": {"value": 6.216, "time": "2025-12-07T22:00:00", "date": "2025-12-07", "hour": 22}}, {"type": "Feature", "geometry": {"type": "Point", "coordinates": [8.75, 53.75]}, "properties": {"value": 6.216, "time": "2025-12-07T22:00:00", "date": "2025-12-07", "hour": 22}}, {"type": "Feature", "geometry": {"type": "Point", "coordinates": [14.25, 53.75]}, "properties": {"value": 3.495, "time": "2025-12-07T22:00:00", "date": "2025-12-07", "hour": 22}}, {"type": "Feature", "geometry": {"type": "Point", "coordinates": [14.5, 53.75]}, "properties": {"value": 3.495, "time": "2025-12-07T22:00:00", "date": "2025-12-07", "hour": 22}}, {"type": "Feature", "geometry": {"type": "Point", "coordinates": [5.0, 54.0]}, "properties": {"value": 10.205, "time": "2025-12-07T22:00:00", "date": "2025-12-07", "hour": 22}}, {"type": "Feature", "geometry": {"type": "Point", "coordinates": [5.25, 54.0]}, "properties": {"value": 10.241, "time": "2025-12-07T22:00:00", "date": "2025-12-07", "hour": 22}}, {"type": "Feature", "geometry": {"type": "Point", "coordinates": [5.5, 54.0]}, "properties": {"value": 9.969, "time": "2025-12-07T22:00:00", "date": "2025-12-07", "hour": 22}}, {"type": "Feature", "geometry": {"type": "Point", "coordinates": [5.75, 54.0]}, "properties": {"value": 9.725, "time": "2025-12-07T22:00:00", "date": "2025-12-07", "hour": 22}}, {"type": "Feature", "geometry": {"type": "Point", "coordinates": [6.0, 54.0]}, "properties": {"value": 9.435, "time": "2025-12-07T22:00:00", "date": "2025-12-07", "hour": 22}}, {"type": "Feature", "geometry": {"type": "Point", "coordinates": [6.25, 54.0]}, "properties": {"value": 9.095, "time": "2025-12-07T22:00:00", "date": "2025-12-07", "hour": 22}}, {"type": "Feature", "geometry": {"type": "Point", "coordinates": [6.5, 54.0]}, "properties": {"value": 8.701, "time": "2025-12-07T22:00:00", "date": "2025-12-07", "hour": 22}}, {"type": "Feature", "geometry": {"type": "Point", "coordinates": [6.75, 54.0]}, "properties": {"value": 8.683, "time": "2025-12-07T22:00:00", "date": "2025-12-07", "hour": 22}}, {"type": "Feature", "geometry": {"type": "Point", "coordinates": [7.0, 54.0]}, "properties": {"value": 8.317, "time": "2025-12-07T22:00:00", "date": "2025-12-07", "hour": 22}}, {"type": "Feature", "geometry": {"type": "Point", "coordinates": [7.25, 54.0]}, "properties": {"value": 8.089, "time": "2025-12-07T22:00:00", "date": "2025-12-07", "hour": 22}}, {"type": "Feature", "geometry": {"type": "Point", "coordinates": [7.5, 54.0]}, "properties": {"value": 8.331, "time": "2025-12-07T22:00:00", "date": "2025-12-07", "hour": 22}}, {"type": "Feature", "geometry": {"type": "Point", "coordinates": [7.75, 54.0]}, "properties": {"value": 8.325, "time": "2025-12-07T22:00:00", "date": "2025-12-07", "hour": 22}}, {"type": "Feature", "geometry": {"type": "Point", "coordinates": [8.0, 54.0]}, "properties": {"value": 8.091, "time": "2025-12-07T22:00:00", "date": "2025-12-07", "hour": 22}}, {"type": "Feature", "geometry": {"type": "Point", "coordinates": [8.25, 54.0]}, "properties": {"value": 7.674, "time": "2025-12-07T22:00:00", "date": "2025-12-07", "hour": 22}}, {"type": "Feature", "geometry": {"type": "Point", "coordinates": [8.5, 54.0]}, "properties": {"value": 6.413, "time": "2025-12-07T22:00:00", "date": "2025-12-07", "hour": 22}}, {"type": "Feature", "geometry": {"type": "Point", "coordinates": [11.25, 54.0]}, "properties": {"value": 6.119, "time": "2025-12-07T22:00:00", "date": "2025-12-07", "hour": 22}}, {"type": "Feature", "geometry": {"type": "Point", "coordinates": [14.0, 54.0]}, "properties": {"value": 4.71, "time": "2025-12-07T22:00:00", "date": "2025-12-07", "hour": 22}}, {"type": "Feature", "geometry": {"type": "Point", "coordinates": [14.25, 54.0]}, "properties": {"value": 5.053, "time": "2025-12-07T22:00:00", "date": "2025-12-07", "hour": 22}}, {"type": "Feature", "geometry": {"type": "Point", "coordinates": [14.5, 54.0]}, "properties": {"value": 4.832, "time": "2025-12-07T22:00:00", "date": "2025-12-07", "hour": 22}}, {"type": "Feature", "geometry": {"type": "Point", "coordinates": [14.75, 54.0]}, "properties": {"value": 4.719, "time": "2025-12-07T22:00:00", "date": "2025-12-07", "hour": 22}}, {"type": "Feature", "geometry": {"type": "Point", "coordinates": [5.0, 54.25]}, "properties": {"value": 10.162, "time": "2025-12-07T22:00:00", "date": "2025-12-07", "hour": 22}}, {"type": "Feature", "geometry": {"type": "Point", "coordinates": [5.25, 54.25]}, "properties": {"value": 10.162, "time": "2025-12-07T22:00:00", "date": "2025-12-07", "hour": 22}}, {"type": "Feature", "geometry": {"type": "Point", "coordinates": [5.5, 54.25]}, "properties": {"value": 10.275, "time": "2025-12-07T22:00:00", "date": "2025-12-07", "hour": 22}}, {"type": "Feature", "geometry": {"type": "Point", "coordinates": [5.75, 54.25]}, "properties": {"value": 10.065, "time": "2025-12-07T22:00:00", "date": "2025-12-07", "hour": 22}}, {"type": "Feature", "geometry": {"type": "Point", "coordinates": [6.0, 54.25]}, "properties": {"value": 9.704, "time": "2025-12-07T22:00:00", "date": "2025-12-07", "hour": 22}}, {"type": "Feature", "geometry": {"type": "Point", "coordinates": [6.25, 54.25]}, "properties": {"value": 9.429, "time": "2025-12-07T22:00:00", "date": "2025-12-07", "hour": 22}}, {"type": "Feature", "geometry": {"type": "Point", "coordinates": [6.5, 54.25]}, "properties": {"value": 9.341, "time": "2025-12-07T22:00:00", "date": "2025-12-07", "hour": 22}}, {"type": "Feature", "geometry": {"type": "Point", "coordinates": [6.75, 54.25]}, "properties": {"value": 9.282, "time": "2025-12-07T22:00:00", "date": "2025-12-07", "hour": 22}}, {"type": "Feature", "geometry": {"type": "Point", "coordinates": [7.0, 54.25]}, "properties": {"value": 9.067, "time": "2025-12-07T22:00:00", "date": "2025-12-07", "hour": 22}}, {"type": "Feature", "geometry": {"type": "Point", "coordinates": [7.25, 54.25]}, "properties": {"value": 8.99, "time": "2025-12-07T22:00:00", "date": "2025-12-07", "hour": 22}}, {"type": "Feature", "geometry": {"type": "Point", "coordinates": [7.5, 54.25]}, "properties": {"value": 9.105, "time": "2025-12-07T22:00:00", "date": "2025-12-07", "hour": 22}}, {"type": "Feature", "geometry": {"type": "Point", "coordinates": [7.75, 54.25]}, "properties": {"value": 8.771, "time": "2025-12-07T22:00:00", "date": "2025-12-07", "hour": 22}}, {"type": "Feature", "geometry": {"type": "Point", "coordinates": [8.0, 54.25]}, "properties": {"value": 8.519, "time": "2025-12-07T22:00:00", "date": "2025-12-07", "hour": 22}}, {"type": "Feature", "geometry": {"type": "Point", "coordinates": [8.25, 54.25]}, "properties": {"value": 7.226, "time": "2025-12-07T22:00:00", "date": "2025-12-07", "hour": 22}}, {"type": "Feature", "geometry": {"type": "Point", "coordinates": [8.5, 54.25]}, "properties": {"value": 5.977, "time": "2025-12-07T22:00:00", "date": "2025-12-07", "hour": 22}}, {"type": "Feature", "geometry": {"type": "Point", "coordinates": [10.75, 54.25]}, "properties": {"value": 6.2, "time": "2025-12-07T22:00:00", "date": "2025-12-07", "hour": 22}}, {"type": "Feature", "geometry": {"type": "Point", "coordinates": [11.25, 54.25]}, "properties": {"value": 6.212, "time": "2025-12-07T22:00:00", "date": "2025-12-07", "hour": 22}}, {"type": "Feature", "geometry": {"type": "Point", "coordinates": [11.75, 54.25]}, "properties": {"value": 6.375, "time": "2025-12-07T22:00:00", "date": "2025-12-07", "hour": 22}}, {"type": "Feature", "geometry": {"type": "Point", "coordinates": [12.25, 54.25]}, "properties": {"value": 6.739, "time": "2025-12-07T22:00:00", "date": "2025-12-07", "hour": 22}}, {"type": "Feature", "geometry": {"type": "Point", "coordinates": [13.75, 54.25]}, "properties": {"value": 5.149, "time": "2025-12-07T22:00:00", "date": "2025-12-07", "hour": 22}}, {"type": "Feature", "geometry": {"type": "Point", "coordinates": [14.0, 54.25]}, "properties": {"value": 5.068, "time": "2025-12-07T22:00:00", "date": "2025-12-07", "hour": 22}}, {"type": "Feature", "geometry": {"type": "Point", "coordinates": [14.25, 54.25]}, "properties": {"value": 5.319, "time": "2025-12-07T22:00:00", "date": "2025-12-07", "hour": 22}}, {"type": "Feature", "geometry": {"type": "Point", "coordinates": [14.5, 54.25]}, "properties": {"value": 5.558, "time": "2025-12-07T22:00:00", "date": "2025-12-07", "hour": 22}}, {"type": "Feature", "geometry": {"type": "Point", "coordinates": [14.75, 54.25]}, "properties": {"value": 5.523, "time": "2025-12-07T22:00:00", "date": "2025-12-07", "hour": 22}}, {"type": "Feature", "geometry": {"type": "Point", "coordinates": [15.0, 54.25]}, "properties": {"value": 6.283, "time": "2025-12-07T22:00:00", "date": "2025-12-07", "hour": 22}}, {"type": "Feature", "geometry": {"type": "Point", "coordinates": [5.0, 54.5]}, "properties": {"value": 10.233, "time": "2025-12-07T22:00:00", "date": "2025-12-07", "hour": 22}}, {"type": "Feature", "geometry": {"type": "Point", "coordinates": [5.25, 54.5]}, "properties": {"value": 10.153, "time": "2025-12-07T22:00:00", "date": "2025-12-07", "hour": 22}}, {"type": "Feature", "geometry": {"type": "Point", "coordinates": [5.5, 54.5]}, "properties": {"value": 10.258, "time": "2025-12-07T22:00:00", "date": "2025-12-07", "hour": 22}}, {"type": "Feature", "geometry": {"type": "Point", "coordinates": [5.75, 54.5]}, "properties": {"value": 10.136, "time": "2025-12-07T22:00:00", "date": "2025-12-07", "hour": 22}}, {"type": "Feature", "geometry": {"type": "Point", "coordinates": [6.0, 54.5]}, "properties": {"value": 9.854, "time": "2025-12-07T22:00:00", "date": "2025-12-07", "hour": 22}}, {"type": "Feature", "geometry": {"type": "Point", "coordinates": [6.25, 54.5]}, "properties": {"value": 9.793, "time": "2025-12-07T22:00:00", "date": "2025-12-07", "hour": 22}}, {"type": "Feature", "geometry": {"type": "Point", "coordinates": [6.5, 54.5]}, "properties": {"value": 9.705, "time": "2025-12-07T22:00:00", "date": "2025-12-07", "hour": 22}}, {"type": "Feature", "geometry": {"type": "Point", "coordinates": [6.75, 54.5]}, "properties": {"value": 9.589, "time": "2025-12-07T22:00:00", "date": "2025-12-07", "hour": 22}}, {"type": "Feature", "geometry": {"type": "Point", "coordinates": [7.0, 54.5]}, "properties": {"value": 9.403, "time": "2025-12-07T22:00:00", "date": "2025-12-07", "hour": 22}}, {"type": "Feature", "geometry": {"type": "Point", "coordinates": [7.25, 54.5]}, "properties": {"value": 9.311, "time": "2025-12-07T22:00:00", "date": "2025-12-07", "hour": 22}}, {"type": "Feature", "geometry": {"type": "Point", "coordinates": [7.5, 54.5]}, "properties": {"value": 9.455, "time": "2025-12-07T22:00:00", "date": "2025-12-07", "hour": 22}}, {"type": "Feature", "geometry": {"type": "Point", "coordinates": [7.75, 54.5]}, "properties": {"value": 8.961, "time": "2025-12-07T22:00:00", "date": "2025-12-07", "hour": 22}}, {"type": "Feature", "geometry": {"type": "Point", "coordinates": [8.0, 54.5]}, "properties": {"value": 7.787, "time": "2025-12-07T22:00:00", "date": "2025-12-07", "hour": 22}}, {"type": "Feature", "geometry": {"type": "Point", "coordinates": [8.25, 54.5]}, "properties": {"value": 6.783, "time": "2025-12-07T22:00:00", "date": "2025-12-07", "hour": 22}}, {"type": "Feature", "geometry": {"type": "Point", "coordinates": [8.5, 54.5]}, "properties": {"value": 5.683, "time": "2025-12-07T22:00:00", "date": "2025-12-07", "hour": 22}}, {"type": "Feature", "geometry": {"type": "Point", "coordinates": [10.5, 54.5]}, "properties": {"value": 6.493, "time": "2025-12-07T22:00:00", "date": "2025-12-07", "hour": 22}}, {"type": "Feature", "geometry": {"type": "Point", "coordinates": [10.75, 54.5]}, "properties": {"value": 6.311, "time": "2025-12-07T22:00:00", "date": "2025-12-07", "hour": 22}}, {"type": "Feature", "geometry": {"type": "Point", "coordinates": [11.0, 54.5]}, "properties": {"value": 6.16, "time": "2025-12-07T22:00:00", "date": "2025-12-07", "hour": 22}}, {"type": "Feature", "geometry": {"type": "Point", "coordinates": [11.25, 54.5]}, "properties": {"value": 6.208, "time": "2025-12-07T22:00:00", "date": "2025-12-07", "hour": 22}}, {"type": "Feature", "geometry": {"type": "Point", "coordinates": [11.5, 54.5]}, "properties": {"value": 6.253, "time": "2025-12-07T22:00:00", "date": "2025-12-07", "hour": 22}}, {"type": "Feature", "geometry": {"type": "Point", "coordinates": [11.75, 54.5]}, "properties": {"value": 6.431, "time": "2025-12-07T22:00:00", "date": "2025-12-07", "hour": 22}}, {"type": "Feature", "geometry": {"type": "Point", "coordinates": [12.0, 54.5]}, "properties": {"value": 6.663, "time": "2025-12-07T22:00:00", "date": "2025-12-07", "hour": 22}}, {"type": "Feature", "geometry": {"type": "Point", "coordinates": [12.25, 54.5]}, "properties": {"value": 6.82, "time": "2025-12-07T22:00:00", "date": "2025-12-07", "hour": 22}}, {"type": "Feature", "geometry": {"type": "Point", "coordinates": [13.0, 54.5]}, "properties": {"value": 7.015, "time": "2025-12-07T22:00:00", "date": "2025-12-07", "hour": 22}}, {"type": "Feature", "geometry": {"type": "Point", "coordinates": [13.25, 54.5]}, "properties": {"value": 6.463, "time": "2025-12-07T22:00:00", "date": "2025-12-07", "hour": 22}}, {"type": "Feature", "geometry": {"type": "Point", "coordinates": [13.5, 54.5]}, "properties": {"value": 6.127, "time": "2025-12-07T22:00:00", "date": "2025-12-07", "hour": 22}}, {"type": "Feature", "geometry": {"type": "Point", "coordinates": [13.75, 54.5]}, "properties": {"value": 6.013, "time": "2025-12-07T22:00:00", "date": "2025-12-07", "hour": 22}}, {"type": "Feature", "geometry": {"type": "Point", "coordinates": [14.0, 54.5]}, "properties": {"value": 5.936, "time": "2025-12-07T22:00:00", "date": "2025-12-07", "hour": 22}}, {"type": "Feature", "geometry": {"type": "Point", "coordinates": [14.25, 54.5]}, "properties": {"value": 6.151, "time": "2025-12-07T22:00:00", "date": "2025-12-07", "hour": 22}}, {"type": "Feature", "geometry": {"type": "Point", "coordinates": [14.5, 54.5]}, "properties": {"value": 6.625, "time": "2025-12-07T22:00:00", "date": "2025-12-07", "hour": 22}}, {"type": "Feature", "geometry": {"type": "Point", "coordinates": [14.75, 54.5]}, "properties": {"value": 7.01, "time": "2025-12-07T22:00:00", "date": "2025-12-07", "hour": 22}}, {"type": "Feature", "geometry": {"type": "Point", "coordinates": [15.0, 54.5]}, "properties": {"value": 7.683, "time": "2025-12-07T22:00:00", "date": "2025-12-07", "hour": 22}}, {"type": "Feature", "geometry": {"type": "Point", "coordinates": [5.0, 54.75]}, "properties": {"value": 10.367, "time": "2025-12-07T22:00:00", "date": "2025-12-07", "hour": 22}}, {"type": "Feature", "geometry": {"type": "Point", "coordinates": [5.25, 54.75]}, "properties": {"value": 10.288, "time": "2025-12-07T22:00:00", "date": "2025-12-07", "hour": 22}}, {"type": "Feature", "geometry": {"type": "Point", "coordinates": [5.5, 54.75]}, "properties": {"value": 10.364, "time": "2025-12-07T22:00:00", "date": "2025-12-07", "hour": 22}}, {"type": "Feature", "geometry": {"type": "Point", "coordinates": [5.75, 54.75]}, "properties": {"value": 10.337, "time": "2025-12-07T22:00:00", "date": "2025-12-07", "hour": 22}}, {"type": "Feature", "geometry": {"type": "Point", "coordinates": [6.0, 54.75]}, "properties": {"value": 10.177, "time": "2025-12-07T22:00:00", "date": "2025-12-07", "hour": 22}}, {"type": "Feature", "geometry": {"type": "Point", "coordinates": [6.25, 54.75]}, "properties": {"value": 10.118, "time": "2025-12-07T22:00:00", "date": "2025-12-07", "hour": 22}}, {"type": "Feature", "geometry": {"type": "Point", "coordinates": [6.5, 54.75]}, "properties": {"value": 10.057, "time": "2025-12-07T22:00:00", "date": "2025-12-07", "hour": 22}}, {"type": "Feature", "geometry": {"type": "Point", "coordinates": [6.75, 54.75]}, "properties": {"value": 9.917, "time": "2025-12-07T22:00:00", "date": "2025-12-07", "hour": 22}}, {"type": "Feature", "geometry": {"type": "Point", "coordinates": [7.0, 54.75]}, "properties": {"value": 9.699, "time": "2025-12-07T22:00:00", "date": "2025-12-07", "hour": 22}}, {"type": "Feature", "geometry": {"type": "Point", "coordinates": [7.25, 54.75]}, "properties": {"value": 9.59, "time": "2025-12-07T22:00:00", "date": "2025-12-07", "hour": 22}}, {"type": "Feature", "geometry": {"type": "Point", "coordinates": [7.5, 54.75]}, "properties": {"value": 9.46, "time": "2025-12-07T22:00:00", "date": "2025-12-07", "hour": 22}}, {"type": "Feature", "geometry": {"type": "Point", "coordinates": [7.75, 54.75]}, "properties": {"value": 8.309, "time": "2025-12-07T22:00:00", "date": "2025-12-07", "hour": 22}}, {"type": "Feature", "geometry": {"type": "Point", "coordinates": [8.0, 54.75]}, "properties": {"value": 7.083, "time": "2025-12-07T22:00:00", "date": "2025-12-07", "hour": 22}}, {"type": "Feature", "geometry": {"type": "Point", "coordinates": [8.25, 54.75]}, "properties": {"value": 6.29, "time": "2025-12-07T22:00:00", "date": "2025-12-07", "hour": 22}}, {"type": "Feature", "geometry": {"type": "Point", "coordinates": [8.5, 54.75]}, "properties": {"value": 5.542, "time": "2025-12-07T22:00:00", "date": "2025-12-07", "hour": 22}}, {"type": "Feature", "geometry": {"type": "Point", "coordinates": [10.25, 54.75]}, "properties": {"value": 6.708, "time": "2025-12-07T22:00:00", "date": "2025-12-07", "hour": 22}}, {"type": "Feature", "geometry": {"type": "Point", "coordinates": [10.5, 54.75]}, "properties": {"value": 6.683, "time": "2025-12-07T22:00:00", "date": "2025-12-07", "hour": 22}}, {"type": "Feature", "geometry": {"type": "Point", "coordinates": [10.75, 54.75]}, "properties": {"value": 6.49, "time": "2025-12-07T22:00:00", "date": "2025-12-07", "hour": 22}}, {"type": "Feature", "geometry": {"type": "Point", "coordinates": [11.0, 54.75]}, "properties": {"value": 6.324, "time": "2025-12-07T22:00:00", "date": "2025-12-07", "hour": 22}}, {"type": "Feature", "geometry": {"type": "Point", "coordinates": [11.25, 54.75]}, "properties": {"value": 6.064, "time": "2025-12-07T22:00:00", "date": "2025-12-07", "hour": 22}}, {"type": "Feature", "geometry": {"type": "Point", "coordinates": [11.5, 54.75]}, "properties": {"value": 5.88, "time": "2025-12-07T22:00:00", "date": "2025-12-07", "hour": 22}}, {"type": "Feature", "geometry": {"type": "Point", "coordinates": [12.0, 54.75]}, "properties": {"value": 6.437, "time": "2025-12-07T22:00:00", "date": "2025-12-07", "hour": 22}}, {"type": "Feature", "geometry": {"type": "Point", "coordinates": [12.25, 54.75]}, "properties": {"value": 6.902, "time": "2025-12-07T22:00:00", "date": "2025-12-07", "hour": 22}}, {"type": "Feature", "geometry": {"type": "Point", "coordinates": [12.5, 54.75]}, "properties": {"value": 7.155, "time": "2025-12-07T22:00:00", "date": "2025-12-07", "hour": 22}}, {"type": "Feature", "geometry": {"type": "Point", "coordinates": [12.75, 54.75]}, "properties": {"value": 7.244, "time": "2025-12-07T22:00:00", "date": "2025-12-07", "hour": 22}}, {"type": "Feature", "geometry": {"type": "Point", "coordinates": [13.0, 54.75]}, "properties": {"value": 7.069, "time": "2025-12-07T22:00:00", "date": "2025-12-07", "hour": 22}}, {"type": "Feature", "geometry": {"type": "Point", "coordinates": [13.25, 54.75]}, "properties": {"value": 7.121, "time": "2025-12-07T22:00:00", "date": "2025-12-07", "hour": 22}}, {"type": "Feature", "geometry": {"type": "Point", "coordinates": [13.5, 54.75]}, "properties": {"value": 6.98, "time": "2025-12-07T22:00:00", "date": "2025-12-07", "hour": 22}}, {"type": "Feature", "geometry": {"type": "Point", "coordinates": [13.75, 54.75]}, "properties": {"value": 6.867, "time": "2025-12-07T22:00:00", "date": "2025-12-07", "hour": 22}}, {"type": "Feature", "geometry": {"type": "Point", "coordinates": [14.0, 54.75]}, "properties": {"value": 6.809, "time": "2025-12-07T22:00:00", "date": "2025-12-07", "hour": 22}}, {"type": "Feature", "geometry": {"type": "Point", "coordinates": [14.25, 54.75]}, "properties": {"value": 6.934, "time": "2025-12-07T22:00:00", "date": "2025-12-07", "hour": 22}}, {"type": "Feature", "geometry": {"type": "Point", "coordinates": [14.5, 54.75]}, "properties": {"value": 7.482, "time": "2025-12-07T22:00:00", "date": "2025-12-07", "hour": 22}}, {"type": "Feature", "geometry": {"type": "Point", "coordinates": [14.75, 54.75]}, "properties": {"value": 7.84, "time": "2025-12-07T22:00:00", "date": "2025-12-07", "hour": 22}}, {"type": "Feature", "geometry": {"type": "Point", "coordinates": [15.0, 54.75]}, "properties": {"value": 7.949, "time": "2025-12-07T22:00:00", "date": "2025-12-07", "hour": 22}}, {"type": "Feature", "geometry": {"type": "Point", "coordinates": [5.0, 55.0]}, "properties": {"value": 10.424, "time": "2025-12-07T22:00:00", "date": "2025-12-07", "hour": 22}}, {"type": "Feature", "geometry": {"type": "Point", "coordinates": [5.25, 55.0]}, "properties": {"value": 10.434, "time": "2025-12-07T22:00:00", "date": "2025-12-07", "hour": 22}}, {"type": "Feature", "geometry": {"type": "Point", "coordinates": [5.5, 55.0]}, "properties": {"value": 10.397, "time": "2025-12-07T22:00:00", "date": "2025-12-07", "hour": 22}}, {"type": "Feature", "geometry": {"type": "Point", "coordinates": [5.75, 55.0]}, "properties": {"value": 10.371, "time": "2025-12-07T22:00:00", "date": "2025-12-07", "hour": 22}}, {"type": "Feature", "geometry": {"type": "Point", "coordinates": [6.0, 55.0]}, "properties": {"value": 10.356, "time": "2025-12-07T22:00:00", "date": "2025-12-07", "hour": 22}}, {"type": "Feature", "geometry": {"type": "Point", "coordinates": [6.25, 55.0]}, "properties": {"value": 10.281, "time": "2025-12-07T22:00:00", "date": "2025-12-07", "hour": 22}}, {"type": "Feature", "geometry": {"type": "Point", "coordinates": [6.5, 55.0]}, "properties": {"value": 10.088, "time": "2025-12-07T22:00:00", "date": "2025-12-07", "hour": 22}}, {"type": "Feature", "geometry": {"type": "Point", "coordinates": [6.75, 55.0]}, "properties": {"value": 9.968, "time": "2025-12-07T22:00:00", "date": "2025-12-07", "hour": 22}}, {"type": "Feature", "geometry": {"type": "Point", "coordinates": [7.0, 55.0]}, "properties": {"value": 9.839, "time": "2025-12-07T22:00:00", "date": "2025-12-07", "hour": 22}}, {"type": "Feature", "geometry": {"type": "Point", "coordinates": [7.25, 55.0]}, "properties": {"value": 9.666, "time": "2025-12-07T22:00:00", "date": "2025-12-07", "hour": 22}}, {"type": "Feature", "geometry": {"type": "Point", "coordinates": [7.5, 55.0]}, "properties": {"value": 9.512, "time": "2025-12-07T22:00:00", "date": "2025-12-07", "hour": 22}}, {"type": "Feature", "geometry": {"type": "Point", "coordinates": [7.75, 55.0]}, "properties": {"value": 8.461, "time": "2025-12-07T22:00:00", "date": "2025-12-07", "hour": 22}}, {"type": "Feature", "geometry": {"type": "Point", "coordinates": [8.0, 55.0]}, "properties": {"value": 7.486, "time": "2025-12-07T22:00:00", "date": "2025-12-07", "hour": 22}}, {"type": "Feature", "geometry": {"type": "Point", "coordinates": [8.25, 55.0]}, "properties": {"value": 6.492, "time": "2025-12-07T22:00:00", "date": "2025-12-07", "hour": 22}}, {"type": "Feature", "geometry": {"type": "Point", "coordinates": [8.5, 55.0]}, "properties": {"value": 5.738, "time": "2025-12-07T22:00:00", "date": "2025-12-07", "hour": 22}}, {"type": "Feature", "geometry": {"type": "Point", "coordinates": [10.25, 55.0]}, "properties": {"value": 6.494, "time": "2025-12-07T22:00:00", "date": "2025-12-07", "hour": 22}}, {"type": "Feature", "geometry": {"type": "Point", "coordinates": [10.5, 55.0]}, "properties": {"value": 6.547, "time": "2025-12-07T22:00:00", "date": "2025-12-07", "hour": 22}}, {"type": "Feature", "geometry": {"type": "Point", "coordinates": [10.75, 55.0]}, "properties": {"value": 6.601, "time": "2025-12-07T22:00:00", "date": "2025-12-07", "hour": 22}}, {"type": "Feature", "geometry": {"type": "Point", "coordinates": [11.0, 55.0]}, "properties": {"value": 6.378, "time": "2025-12-07T22:00:00", "date": "2025-12-07", "hour": 22}}, {"type": "Feature", "geometry": {"type": "Point", "coordinates": [11.25, 55.0]}, "properties": {"value": 6.054, "time": "2025-12-07T22:00:00", "date": "2025-12-07", "hour": 22}}, {"type": "Feature", "geometry": {"type": "Point", "coordinates": [11.5, 55.0]}, "properties": {"value": 5.826, "time": "2025-12-07T22:00:00", "date": "2025-12-07", "hour": 22}}, {"type": "Feature", "geometry": {"type": "Point", "coordinates": [11.75, 55.0]}, "properties": {"value": 5.562, "time": "2025-12-07T22:00:00", "date": "2025-12-07", "hour": 22}}, {"type": "Feature", "geometry": {"type": "Point", "coordinates": [12.0, 55.0]}, "properties": {"value": 6.139, "time": "2025-12-07T22:00:00", "date": "2025-12-07", "hour": 22}}, {"type": "Feature", "geometry": {"type": "Point", "coordinates": [12.25, 55.0]}, "properties": {"value": 6.795, "time": "2025-12-07T22:00:00", "date": "2025-12-07", "hour": 22}}, {"type": "Feature", "geometry": {"type": "Point", "coordinates": [12.5, 55.0]}, "properties": {"value": 7.078, "time": "2025-12-07T22:00:00", "date": "2025-12-07", "hour": 22}}, {"type": "Feature", "geometry": {"type": "Point", "coordinates": [12.75, 55.0]}, "properties": {"value": 7.204, "time": "2025-12-07T22:00:00", "date": "2025-12-07", "hour": 22}}, {"type": "Feature", "geometry": {"type": "Point", "coordinates": [13.0, 55.0]}, "properties": {"value": 7.336, "time": "2025-12-07T22:00:00", "date": "2025-12-07", "hour": 22}}, {"type": "Feature", "geometry": {"type": "Point", "coordinates": [13.25, 55.0]}, "properties": {"value": 7.387, "time": "2025-12-07T22:00:00", "date": "2025-12-07", "hour": 22}}, {"type": "Feature", "geometry": {"type": "Point", "coordinates": [13.5, 55.0]}, "properties": {"value": 7.361, "time": "2025-12-07T22:00:00", "date": "2025-12-07", "hour": 22}}, {"type": "Feature", "geometry": {"type": "Point", "coordinates": [13.75, 55.0]}, "properties": {"value": 7.415, "time": "2025-12-07T22:00:00", "date": "2025-12-07", "hour": 22}}, {"type": "Feature", "geometry": {"type": "Point", "coordinates": [14.0, 55.0]}, "properties": {"value": 7.42, "time": "2025-12-07T22:00:00", "date": "2025-12-07", "hour": 22}}, {"type": "Feature", "geometry": {"type": "Point", "coordinates": [14.25, 55.0]}, "properties": {"value": 7.47, "time": "2025-12-07T22:00:00", "date": "2025-12-07", "hour": 22}}, {"type": "Feature", "geometry": {"type": "Point", "coordinates": [14.5, 55.0]}, "properties": {"value": 7.522, "time": "2025-12-07T22:00:00", "date": "2025-12-07", "hour": 22}}, {"type": "Feature", "geometry": {"type": "Point", "coordinates": [14.75, 55.0]}, "properties": {"value": 7.511, "time": "2025-12-07T22:00:00", "date": "2025-12-07", "hour": 22}}, {"type": "Feature", "geometry": {"type": "Point", "coordinates": [15.0, 55.0]}, "properties": {"value": 7.468, "time": "2025-12-07T22:00:00", "date": "2025-12-07", "hour": 22}}, {"type": "Feature", "geometry": {"type": "Point", "coordinates": [5.25, 52.75]}, "properties": {"value": 5.911, "time": "2025-12-07T23:00:00", "date": "2025-12-07", "hour": 23}}, {"type": "Feature", "geometry": {"type": "Point", "coordinates": [5.5, 52.75]}, "properties": {"value": 5.908, "time": "2025-12-07T23:00:00", "date": "2025-12-07", "hour": 23}}, {"type": "Feature", "geometry": {"type": "Point", "coordinates": [5.0, 53.0]}, "properties": {"value": 7.079, "time": "2025-12-07T23:00:00", "date": "2025-12-07", "hour": 23}}, {"type": "Feature", "geometry": {"type": "Point", "coordinates": [5.25, 53.0]}, "properties": {"value": 6.436, "time": "2025-12-07T23:00:00", "date": "2025-12-07", "hour": 23}}, {"type": "Feature", "geometry": {"type": "Point", "coordinates": [5.5, 53.0]}, "properties": {"value": 5.96, "time": "2025-12-07T23:00:00", "date": "2025-12-07", "hour": 23}}, {"type": "Feature", "geometry": {"type": "Point", "coordinates": [5.0, 53.25]}, "properties": {"value": 7.923, "time": "2025-12-07T23:00:00", "date": "2025-12-07", "hour": 23}}, {"type": "Feature", "geometry": {"type": "Point", "coordinates": [5.25, 53.25]}, "properties": {"value": 7.098, "time": "2025-12-07T23:00:00", "date": "2025-12-07", "hour": 23}}, {"type": "Feature", "geometry": {"type": "Point", "coordinates": [5.5, 53.25]}, "properties": {"value": 6.6, "time": "2025-12-07T23:00:00", "date": "2025-12-07", "hour": 23}}, {"type": "Feature", "geometry": {"type": "Point", "coordinates": [5.0, 53.5]}, "properties": {"value": 9.298, "time": "2025-12-07T23:00:00", "date": "2025-12-07", "hour": 23}}, {"type": "Feature", "geometry": {"type": "Point", "coordinates": [5.25, 53.5]}, "properties": {"value": 8.583, "time": "2025-12-07T23:00:00", "date": "2025-12-07", "hour": 23}}, {"type": "Feature", "geometry": {"type": "Point", "coordinates": [5.5, 53.5]}, "properties": {"value": 8.297, "time": "2025-12-07T23:00:00", "date": "2025-12-07", "hour": 23}}, {"type": "Feature", "geometry": {"type": "Point", "coordinates": [5.75, 53.5]}, "properties": {"value": 7.946, "time": "2025-12-07T23:00:00", "date": "2025-12-07", "hour": 23}}, {"type": "Feature", "geometry": {"type": "Point", "coordinates": [6.0, 53.5]}, "properties": {"value": 7.514, "time": "2025-12-07T23:00:00", "date": "2025-12-07", "hour": 23}}, {"type": "Feature", "geometry": {"type": "Point", "coordinates": [6.25, 53.5]}, "properties": {"value": 7.045, "time": "2025-12-07T23:00:00", "date": "2025-12-07", "hour": 23}}, {"type": "Feature", "geometry": {"type": "Point", "coordinates": [6.5, 53.5]}, "properties": {"value": 6.806, "time": "2025-12-07T23:00:00", "date": "2025-12-07", "hour": 23}}, {"type": "Feature", "geometry": {"type": "Point", "coordinates": [6.75, 53.5]}, "properties": {"value": 6.383, "time": "2025-12-07T23:00:00", "date": "2025-12-07", "hour": 23}}, {"type": "Feature", "geometry": {"type": "Point", "coordinates": [5.0, 53.75]}, "properties": {"value": 9.963, "time": "2025-12-07T23:00:00", "date": "2025-12-07", "hour": 23}}, {"type": "Feature", "geometry": {"type": "Point", "coordinates": [5.25, 53.75]}, "properties": {"value": 9.599, "time": "2025-12-07T23:00:00", "date": "2025-12-07", "hour": 23}}, {"type": "Feature", "geometry": {"type": "Point", "coordinates": [5.5, 53.75]}, "properties": {"value": 9.325, "time": "2025-12-07T23:00:00", "date": "2025-12-07", "hour": 23}}, {"type": "Feature", "geometry": {"type": "Point", "coordinates": [5.75, 53.75]}, "properties": {"value": 9.028, "time": "2025-12-07T23:00:00", "date": "2025-12-07", "hour": 23}}, {"type": "Feature", "geometry": {"type": "Point", "coordinates": [6.0, 53.75]}, "properties": {"value": 8.664, "time": "2025-12-07T23:00:00", "date": "2025-12-07", "hour": 23}}, {"type": "Feature", "geometry": {"type": "Point", "coordinates": [6.25, 53.75]}, "properties": {"value": 8.311, "time": "2025-12-07T23:00:00", "date": "2025-12-07", "hour": 23}}, {"type": "Feature", "geometry": {"type": "Point", "coordinates": [6.5, 53.75]}, "properties": {"value": 7.833, "time": "2025-12-07T23:00:00", "date": "2025-12-07", "hour": 23}}, {"type": "Feature", "geometry": {"type": "Point", "coordinates": [6.75, 53.75]}, "properties": {"value": 7.387, "time": "2025-12-07T23:00:00", "date": "2025-12-07", "hour": 23}}, {"type": "Feature", "geometry": {"type": "Point", "coordinates": [7.0, 53.75]}, "properties": {"value": 7.401, "time": "2025-12-07T23:00:00", "date": "2025-12-07", "hour": 23}}, {"type": "Feature", "geometry": {"type": "Point", "coordinates": [7.25, 53.75]}, "properties": {"value": 7.089, "time": "2025-12-07T23:00:00", "date": "2025-12-07", "hour": 23}}, {"type": "Feature", "geometry": {"type": "Point", "coordinates": [7.5, 53.75]}, "properties": {"value": 7.672, "time": "2025-12-07T23:00:00", "date": "2025-12-07", "hour": 23}}, {"type": "Feature", "geometry": {"type": "Point", "coordinates": [7.75, 53.75]}, "properties": {"value": 7.769, "time": "2025-12-07T23:00:00", "date": "2025-12-07", "hour": 23}}, {"type": "Feature", "geometry": {"type": "Point", "coordinates": [8.0, 53.75]}, "properties": {"value": 7.139, "time": "2025-12-07T23:00:00", "date": "2025-12-07", "hour": 23}}, {"type": "Feature", "geometry": {"type": "Point", "coordinates": [8.25, 53.75]}, "properties": {"value": 6.587, "time": "2025-12-07T23:00:00", "date": "2025-12-07", "hour": 23}}, {"type": "Feature", "geometry": {"type": "Point", "coordinates": [8.5, 53.75]}, "properties": {"value": 6.216, "time": "2025-12-07T23:00:00", "date": "2025-12-07", "hour": 23}}, {"type": "Feature", "geometry": {"type": "Point", "coordinates": [8.75, 53.75]}, "properties": {"value": 6.216, "time": "2025-12-07T23:00:00", "date": "2025-12-07", "hour": 23}}, {"type": "Feature", "geometry": {"type": "Point", "coordinates": [14.25, 53.75]}, "properties": {"value": 3.495, "time": "2025-12-07T23:00:00", "date": "2025-12-07", "hour": 23}}, {"type": "Feature", "geometry": {"type": "Point", "coordinates": [14.5, 53.75]}, "properties": {"value": 3.495, "time": "2025-12-07T23:00:00", "date": "2025-12-07", "hour": 23}}, {"type": "Feature", "geometry": {"type": "Point", "coordinates": [5.0, 54.0]}, "properties": {"value": 10.205, "time": "2025-12-07T23:00:00", "date": "2025-12-07", "hour": 23}}, {"type": "Feature", "geometry": {"type": "Point", "coordinates": [5.25, 54.0]}, "properties": {"value": 10.241, "time": "2025-12-07T23:00:00", "date": "2025-12-07", "hour": 23}}, {"type": "Feature", "geometry": {"type": "Point", "coordinates": [5.5, 54.0]}, "properties": {"value": 9.969, "time": "2025-12-07T23:00:00", "date": "2025-12-07", "hour": 23}}, {"type": "Feature", "geometry": {"type": "Point", "coordinates": [5.75, 54.0]}, "properties": {"value": 9.725, "time": "2025-12-07T23:00:00", "date": "2025-12-07", "hour": 23}}, {"type": "Feature", "geometry": {"type": "Point", "coordinates": [6.0, 54.0]}, "properties": {"value": 9.435, "time": "2025-12-07T23:00:00", "date": "2025-12-07", "hour": 23}}, {"type": "Feature", "geometry": {"type": "Point", "coordinates": [6.25, 54.0]}, "properties": {"value": 9.095, "time": "2025-12-07T23:00:00", "date": "2025-12-07", "hour": 23}}, {"type": "Feature", "geometry": {"type": "Point", "coordinates": [6.5, 54.0]}, "properties": {"value": 8.701, "time": "2025-12-07T23:00:00", "date": "2025-12-07", "hour": 23}}, {"type": "Feature", "geometry": {"type": "Point", "coordinates": [6.75, 54.0]}, "properties": {"value": 8.683, "time": "2025-12-07T23:00:00", "date": "2025-12-07", "hour": 23}}, {"type": "Feature", "geometry": {"type": "Point", "coordinates": [7.0, 54.0]}, "properties": {"value": 8.317, "time": "2025-12-07T23:00:00", "date": "2025-12-07", "hour": 23}}, {"type": "Feature", "geometry": {"type": "Point", "coordinates": [7.25, 54.0]}, "properties": {"value": 8.089, "time": "2025-12-07T23:00:00", "date": "2025-12-07", "hour": 23}}, {"type": "Feature", "geometry": {"type": "Point", "coordinates": [7.5, 54.0]}, "properties": {"value": 8.331, "time": "2025-12-07T23:00:00", "date": "2025-12-07", "hour": 23}}, {"type": "Feature", "geometry": {"type": "Point", "coordinates": [7.75, 54.0]}, "properties": {"value": 8.325, "time": "2025-12-07T23:00:00", "date": "2025-12-07", "hour": 23}}, {"type": "Feature", "geometry": {"type": "Point", "coordinates": [8.0, 54.0]}, "properties": {"value": 8.091, "time": "2025-12-07T23:00:00", "date": "2025-12-07", "hour": 23}}, {"type": "Feature", "geometry": {"type": "Point", "coordinates": [8.25, 54.0]}, "properties": {"value": 7.674, "time": "2025-12-07T23:00:00", "date": "2025-12-07", "hour": 23}}, {"type": "Feature", "geometry": {"type": "Point", "coordinates": [8.5, 54.0]}, "properties": {"value": 6.413, "time": "2025-12-07T23:00:00", "date": "2025-12-07", "hour": 23}}, {"type": "Feature", "geometry": {"type": "Point", "coordinates": [11.25, 54.0]}, "properties": {"value": 6.119, "time": "2025-12-07T23:00:00", "date": "2025-12-07", "hour": 23}}, {"type": "Feature", "geometry": {"type": "Point", "coordinates": [14.0, 54.0]}, "properties": {"value": 4.71, "time": "2025-12-07T23:00:00", "date": "2025-12-07", "hour": 23}}, {"type": "Feature", "geometry": {"type": "Point", "coordinates": [14.25, 54.0]}, "properties": {"value": 5.053, "time": "2025-12-07T23:00:00", "date": "2025-12-07", "hour": 23}}, {"type": "Feature", "geometry": {"type": "Point", "coordinates": [14.5, 54.0]}, "properties": {"value": 4.832, "time": "2025-12-07T23:00:00", "date": "2025-12-07", "hour": 23}}, {"type": "Feature", "geometry": {"type": "Point", "coordinates": [14.75, 54.0]}, "properties": {"value": 4.719, "time": "2025-12-07T23:00:00", "date": "2025-12-07", "hour": 23}}, {"type": "Feature", "geometry": {"type": "Point", "coordinates": [5.0, 54.25]}, "properties": {"value": 10.162, "time": "2025-12-07T23:00:00", "date": "2025-12-07", "hour": 23}}, {"type": "Feature", "geometry": {"type": "Point", "coordinates": [5.25, 54.25]}, "properties": {"value": 10.162, "time": "2025-12-07T23:00:00", "date": "2025-12-07", "hour": 23}}, {"type": "Feature", "geometry": {"type": "Point", "coordinates": [5.5, 54.25]}, "properties": {"value": 10.275, "time": "2025-12-07T23:00:00", "date": "2025-12-07", "hour": 23}}, {"type": "Feature", "geometry": {"type": "Point", "coordinates": [5.75, 54.25]}, "properties": {"value": 10.065, "time": "2025-12-07T23:00:00", "date": "2025-12-07", "hour": 23}}, {"type": "Feature", "geometry": {"type": "Point", "coordinates": [6.0, 54.25]}, "properties": {"value": 9.704, "time": "2025-12-07T23:00:00", "date": "2025-12-07", "hour": 23}}, {"type": "Feature", "geometry": {"type": "Point", "coordinates": [6.25, 54.25]}, "properties": {"value": 9.429, "time": "2025-12-07T23:00:00", "date": "2025-12-07", "hour": 23}}, {"type": "Feature", "geometry": {"type": "Point", "coordinates": [6.5, 54.25]}, "properties": {"value": 9.341, "time": "2025-12-07T23:00:00", "date": "2025-12-07", "hour": 23}}, {"type": "Feature", "geometry": {"type": "Point", "coordinates": [6.75, 54.25]}, "properties": {"value": 9.282, "time": "2025-12-07T23:00:00", "date": "2025-12-07", "hour": 23}}, {"type": "Feature", "geometry": {"type": "Point", "coordinates": [7.0, 54.25]}, "properties": {"value": 9.067, "time": "2025-12-07T23:00:00", "date": "2025-12-07", "hour": 23}}, {"type": "Feature", "geometry": {"type": "Point", "coordinates": [7.25, 54.25]}, "properties": {"value": 8.99, "time": "2025-12-07T23:00:00", "date": "2025-12-07", "hour": 23}}, {"type": "Feature", "geometry": {"type": "Point", "coordinates": [7.5, 54.25]}, "properties": {"value": 9.105, "time": "2025-12-07T23:00:00", "date": "2025-12-07", "hour": 23}}, {"type": "Feature", "geometry": {"type": "Point", "coordinates": [7.75, 54.25]}, "properties": {"value": 8.771, "time": "2025-12-07T23:00:00", "date": "2025-12-07", "hour": 23}}, {"type": "Feature", "geometry": {"type": "Point", "coordinates": [8.0, 54.25]}, "properties": {"value": 8.519, "time": "2025-12-07T23:00:00", "date": "2025-12-07", "hour": 23}}, {"type": "Feature", "geometry": {"type": "Point", "coordinates": [8.25, 54.25]}, "properties": {"value": 7.226, "time": "2025-12-07T23:00:00", "date": "2025-12-07", "hour": 23}}, {"type": "Feature", "geometry": {"type": "Point", "coordinates": [8.5, 54.25]}, "properties": {"value": 5.977, "time": "2025-12-07T23:00:00", "date": "2025-12-07", "hour": 23}}, {"type": "Feature", "geometry": {"type": "Point", "coordinates": [10.75, 54.25]}, "properties": {"value": 6.2, "time": "2025-12-07T23:00:00", "date": "2025-12-07", "hour": 23}}, {"type": "Feature", "geometry": {"type": "Point", "coordinates": [11.25, 54.25]}, "properties": {"value": 6.212, "time": "2025-12-07T23:00:00", "date": "2025-12-07", "hour": 23}}, {"type": "Feature", "geometry": {"type": "Point", "coordinates": [11.75, 54.25]}, "properties": {"value": 6.375, "time": "2025-12-07T23:00:00", "date": "2025-12-07", "hour": 23}}, {"type": "Feature", "geometry": {"type": "Point", "coordinates": [12.25, 54.25]}, "properties": {"value": 6.739, "time": "2025-12-07T23:00:00", "date": "2025-12-07", "hour": 23}}, {"type": "Feature", "geometry": {"type": "Point", "coordinates": [13.75, 54.25]}, "properties": {"value": 5.149, "time": "2025-12-07T23:00:00", "date": "2025-12-07", "hour": 23}}, {"type": "Feature", "geometry": {"type": "Point", "coordinates": [14.0, 54.25]}, "properties": {"value": 5.068, "time": "2025-12-07T23:00:00", "date": "2025-12-07", "hour": 23}}, {"type": "Feature", "geometry": {"type": "Point", "coordinates": [14.25, 54.25]}, "properties": {"value": 5.319, "time": "2025-12-07T23:00:00", "date": "2025-12-07", "hour": 23}}, {"type": "Feature", "geometry": {"type": "Point", "coordinates": [14.5, 54.25]}, "properties": {"value": 5.558, "time": "2025-12-07T23:00:00", "date": "2025-12-07", "hour": 23}}, {"type": "Feature", "geometry": {"type": "Point", "coordinates": [14.75, 54.25]}, "properties": {"value": 5.523, "time": "2025-12-07T23:00:00", "date": "2025-12-07", "hour": 23}}, {"type": "Feature", "geometry": {"type": "Point", "coordinates": [15.0, 54.25]}, "properties": {"value": 6.283, "time": "2025-12-07T23:00:00", "date": "2025-12-07", "hour": 23}}, {"type": "Feature", "geometry": {"type": "Point", "coordinates": [5.0, 54.5]}, "properties": {"value": 10.233, "time": "2025-12-07T23:00:00", "date": "2025-12-07", "hour": 23}}, {"type": "Feature", "geometry": {"type": "Point", "coordinates": [5.25, 54.5]}, "properties": {"value": 10.153, "time": "2025-12-07T23:00:00", "date": "2025-12-07", "hour": 23}}, {"type": "Feature", "geometry": {"type": "Point", "coordinates": [5.5, 54.5]}, "properties": {"value": 10.258, "time": "2025-12-07T23:00:00", "date": "2025-12-07", "hour": 23}}, {"type": "Feature", "geometry": {"type": "Point", "coordinates": [5.75, 54.5]}, "properties": {"value": 10.136, "time": "2025-12-07T23:00:00", "date": "2025-12-07", "hour": 23}}, {"type": "Feature", "geometry": {"type": "Point", "coordinates": [6.0, 54.5]}, "properties": {"value": 9.854, "time": "2025-12-07T23:00:00", "date": "2025-12-07", "hour": 23}}, {"type": "Feature", "geometry": {"type": "Point", "coordinates": [6.25, 54.5]}, "properties": {"value": 9.793, "time": "2025-12-07T23:00:00", "date": "2025-12-07", "hour": 23}}, {"type": "Feature", "geometry": {"type": "Point", "coordinates": [6.5, 54.5]}, "properties": {"value": 9.705, "time": "2025-12-07T23:00:00", "date": "2025-12-07", "hour": 23}}, {"type": "Feature", "geometry": {"type": "Point", "coordinates": [6.75, 54.5]}, "properties": {"value": 9.589, "time": "2025-12-07T23:00:00", "date": "2025-12-07", "hour": 23}}, {"type": "Feature", "geometry": {"type": "Point", "coordinates": [7.0, 54.5]}, "properties": {"value": 9.403, "time": "2025-12-07T23:00:00", "date": "2025-12-07", "hour": 23}}, {"type": "Feature", "geometry": {"type": "Point", "coordinates": [7.25, 54.5]}, "properties": {"value": 9.311, "time": "2025-12-07T23:00:00", "date": "2025-12-07", "hour": 23}}, {"type": "Feature", "geometry": {"type": "Point", "coordinates": [7.5, 54.5]}, "properties": {"value": 9.455, "time": "2025-12-07T23:00:00", "date": "2025-12-07", "hour": 23}}, {"type": "Feature", "geometry": {"type": "Point", "coordinates": [7.75, 54.5]}, "properties": {"value": 8.961, "time": "2025-12-07T23:00:00", "date": "2025-12-07", "hour": 23}}, {"type": "Feature", "geometry": {"type": "Point", "coordinates": [8.0, 54.5]}, "properties": {"value": 7.787, "time": "2025-12-07T23:00:00", "date": "2025-12-07", "hour": 23}}, {"type": "Feature", "geometry": {"type": "Point", "coordinates": [8.25, 54.5]}, "properties": {"value": 6.783, "time": "2025-12-07T23:00:00", "date": "2025-12-07", "hour": 23}}, {"type": "Feature", "geometry": {"type": "Point", "coordinates": [8.5, 54.5]}, "properties": {"value": 5.683, "time": "2025-12-07T23:00:00", "date": "2025-12-07", "hour": 23}}, {"type": "Feature", "geometry": {"type": "Point", "coordinates": [10.5, 54.5]}, "properties": {"value": 6.493, "time": "2025-12-07T23:00:00", "date": "2025-12-07", "hour": 23}}, {"type": "Feature", "geometry": {"type": "Point", "coordinates": [10.75, 54.5]}, "properties": {"value": 6.311, "time": "2025-12-07T23:00:00", "date": "2025-12-07", "hour": 23}}, {"type": "Feature", "geometry": {"type": "Point", "coordinates": [11.0, 54.5]}, "properties": {"value": 6.16, "time": "2025-12-07T23:00:00", "date": "2025-12-07", "hour": 23}}, {"type": "Feature", "geometry": {"type": "Point", "coordinates": [11.25, 54.5]}, "properties": {"value": 6.208, "time": "2025-12-07T23:00:00", "date": "2025-12-07", "hour": 23}}, {"type": "Feature", "geometry": {"type": "Point", "coordinates": [11.5, 54.5]}, "properties": {"value": 6.253, "time": "2025-12-07T23:00:00", "date": "2025-12-07", "hour": 23}}, {"type": "Feature", "geometry": {"type": "Point", "coordinates": [11.75, 54.5]}, "properties": {"value": 6.431, "time": "2025-12-07T23:00:00", "date": "2025-12-07", "hour": 23}}, {"type": "Feature", "geometry": {"type": "Point", "coordinates": [12.0, 54.5]}, "properties": {"value": 6.663, "time": "2025-12-07T23:00:00", "date": "2025-12-07", "hour": 23}}, {"type": "Feature", "geometry": {"type": "Point", "coordinates": [12.25, 54.5]}, "properties": {"value": 6.82, "time": "2025-12-07T23:00:00", "date": "2025-12-07", "hour": 23}}, {"type": "Feature", "geometry": {"type": "Point", "coordinates": [13.0, 54.5]}, "properties": {"value": 7.015, "time": "2025-12-07T23:00:00", "date": "2025-12-07", "hour": 23}}, {"type": "Feature", "geometry": {"type": "Point", "coordinates": [13.25, 54.5]}, "properties": {"value": 6.463, "time": "2025-12-07T23:00:00", "date": "2025-12-07", "hour": 23}}, {"type": "Feature", "geometry": {"type": "Point", "coordinates": [13.5, 54.5]}, "properties": {"value": 6.127, "time": "2025-12-07T23:00:00", "date": "2025-12-07", "hour": 23}}, {"type": "Feature", "geometry": {"type": "Point", "coordinates": [13.75, 54.5]}, "properties": {"value": 6.013, "time": "2025-12-07T23:00:00", "date": "2025-12-07", "hour": 23}}, {"type": "Feature", "geometry": {"type": "Point", "coordinates": [14.0, 54.5]}, "properties": {"value": 5.936, "time": "2025-12-07T23:00:00", "date": "2025-12-07", "hour": 23}}, {"type": "Feature", "geometry": {"type": "Point", "coordinates": [14.25, 54.5]}, "properties": {"value": 6.151, "time": "2025-12-07T23:00:00", "date": "2025-12-07", "hour": 23}}, {"type": "Feature", "geometry": {"type": "Point", "coordinates": [14.5, 54.5]}, "properties": {"value": 6.625, "time": "2025-12-07T23:00:00", "date": "2025-12-07", "hour": 23}}, {"type": "Feature", "geometry": {"type": "Point", "coordinates": [14.75, 54.5]}, "properties": {"value": 7.01, "time": "2025-12-07T23:00:00", "date": "2025-12-07", "hour": 23}}, {"type": "Feature", "geometry": {"type": "Point", "coordinates": [15.0, 54.5]}, "properties": {"value": 7.683, "time": "2025-12-07T23:00:00", "date": "2025-12-07", "hour": 23}}, {"type": "Feature", "geometry": {"type": "Point", "coordinates": [5.0, 54.75]}, "properties": {"value": 10.367, "time": "2025-12-07T23:00:00", "date": "2025-12-07", "hour": 23}}, {"type": "Feature", "geometry": {"type": "Point", "coordinates": [5.25, 54.75]}, "properties": {"value": 10.288, "time": "2025-12-07T23:00:00", "date": "2025-12-07", "hour": 23}}, {"type": "Feature", "geometry": {"type": "Point", "coordinates": [5.5, 54.75]}, "properties": {"value": 10.364, "time": "2025-12-07T23:00:00", "date": "2025-12-07", "hour": 23}}, {"type": "Feature", "geometry": {"type": "Point", "coordinates": [5.75, 54.75]}, "properties": {"value": 10.337, "time": "2025-12-07T23:00:00", "date": "2025-12-07", "hour": 23}}, {"type": "Feature", "geometry": {"type": "Point", "coordinates": [6.0, 54.75]}, "properties": {"value": 10.177, "time": "2025-12-07T23:00:00", "date": "2025-12-07", "hour": 23}}, {"type": "Feature", "geometry": {"type": "Point", "coordinates": [6.25, 54.75]}, "properties": {"value": 10.118, "time": "2025-12-07T23:00:00", "date": "2025-12-07", "hour": 23}}, {"type": "Feature", "geometry": {"type": "Point", "coordinates": [6.5, 54.75]}, "properties": {"value": 10.057, "time": "2025-12-07T23:00:00", "date": "2025-12-07", "hour": 23}}, {"type": "Feature", "geometry": {"type": "Point", "coordinates": [6.75, 54.75]}, "properties": {"value": 9.917, "time": "2025-12-07T23:00:00", "date": "2025-12-07", "hour": 23}}, {"type": "Feature", "geometry": {"type": "Point", "coordinates": [7.0, 54.75]}, "properties": {"value": 9.699, "time": "2025-12-07T23:00:00", "date": "2025-12-07", "hour": 23}}, {"type": "Feature", "geometry": {"type": "Point", "coordinates": [7.25, 54.75]}, "properties": {"value": 9.59, "time": "2025-12-07T23:00:00", "date": "2025-12-07", "hour": 23}}, {"type": "Feature", "geometry": {"type": "Point", "coordinates": [7.5, 54.75]}, "properties": {"value": 9.46, "time": "2025-12-07T23:00:00", "date": "2025-12-07", "hour": 23}}, {"type": "Feature", "geometry": {"type": "Point", "coordinates": [7.75, 54.75]}, "properties": {"value": 8.309, "time": "2025-12-07T23:00:00", "date": "2025-12-07", "hour": 23}}, {"type": "Feature", "geometry": {"type": "Point", "coordinates": [8.0, 54.75]}, "properties": {"value": 7.083, "time": "2025-12-07T23:00:00", "date": "2025-12-07", "hour": 23}}, {"type": "Feature", "geometry": {"type": "Point", "coordinates": [8.25, 54.75]}, "properties": {"value": 6.29, "time": "2025-12-07T23:00:00", "date": "2025-12-07", "hour": 23}}, {"type": "Feature", "geometry": {"type": "Point", "coordinates": [8.5, 54.75]}, "properties": {"value": 5.542, "time": "2025-12-07T23:00:00", "date": "2025-12-07", "hour": 23}}, {"type": "Feature", "geometry": {"type": "Point", "coordinates": [10.25, 54.75]}, "properties": {"value": 6.708, "time": "2025-12-07T23:00:00", "date": "2025-12-07", "hour": 23}}, {"type": "Feature", "geometry": {"type": "Point", "coordinates": [10.5, 54.75]}, "properties": {"value": 6.683, "time": "2025-12-07T23:00:00", "date": "2025-12-07", "hour": 23}}, {"type": "Feature", "geometry": {"type": "Point", "coordinates": [10.75, 54.75]}, "properties": {"value": 6.49, "time": "2025-12-07T23:00:00", "date": "2025-12-07", "hour": 23}}, {"type": "Feature", "geometry": {"type": "Point", "coordinates": [11.0, 54.75]}, "properties": {"value": 6.324, "time": "2025-12-07T23:00:00", "date": "2025-12-07", "hour": 23}}, {"type": "Feature", "geometry": {"type": "Point", "coordinates": [11.25, 54.75]}, "properties": {"value": 6.064, "time": "2025-12-07T23:00:00", "date": "2025-12-07", "hour": 23}}, {"type": "Feature", "geometry": {"type": "Point", "coordinates": [11.5, 54.75]}, "properties": {"value": 5.88, "time": "2025-12-07T23:00:00", "date": "2025-12-07", "hour": 23}}, {"type": "Feature", "geometry": {"type": "Point", "coordinates": [12.0, 54.75]}, "properties": {"value": 6.437, "time": "2025-12-07T23:00:00", "date": "2025-12-07", "hour": 23}}, {"type": "Feature", "geometry": {"type": "Point", "coordinates": [12.25, 54.75]}, "properties": {"value": 6.902, "time": "2025-12-07T23:00:00", "date": "2025-12-07", "hour": 23}}, {"type": "Feature", "geometry": {"type": "Point", "coordinates": [12.5, 54.75]}, "properties": {"value": 7.155, "time": "2025-12-07T23:00:00", "date": "2025-12-07", "hour": 23}}, {"type": "Feature", "geometry": {"type": "Point", "coordinates": [12.75, 54.75]}, "properties": {"value": 7.244, "time": "2025-12-07T23:00:00", "date": "2025-12-07", "hour": 23}}, {"type": "Feature", "geometry": {"type": "Point", "coordinates": [13.0, 54.75]}, "properties": {"value": 7.069, "time": "2025-12-07T23:00:00", "date": "2025-12-07", "hour": 23}}, {"type": "Feature", "geometry": {"type": "Point", "coordinates": [13.25, 54.75]}, "properties": {"value": 7.121, "time": "2025-12-07T23:00:00", "date": "2025-12-07", "hour": 23}}, {"type": "Feature", "geometry": {"type": "Point", "coordinates": [13.5, 54.75]}, "properties": {"value": 6.98, "time": "2025-12-07T23:00:00", "date": "2025-12-07", "hour": 23}}, {"type": "Feature", "geometry": {"type": "Point", "coordinates": [13.75, 54.75]}, "properties": {"value": 6.867, "time": "2025-12-07T23:00:00", "date": "2025-12-07", "hour": 23}}, {"type": "Feature", "geometry": {"type": "Point", "coordinates": [14.0, 54.75]}, "properties": {"value": 6.809, "time": "2025-12-07T23:00:00", "date": "2025-12-07", "hour": 23}}, {"type": "Feature", "geometry": {"type": "Point", "coordinates": [14.25, 54.75]}, "properties": {"value": 6.934, "time": "2025-12-07T23:00:00", "date": "2025-12-07", "hour": 23}}, {"type": "Feature", "geometry": {"type": "Point", "coordinates": [14.5, 54.75]}, "properties": {"value": 7.482, "time": "2025-12-07T23:00:00", "date": "2025-12-07", "hour": 23}}, {"type": "Feature", "geometry": {"type": "Point", "coordinates": [14.75, 54.75]}, "properties": {"value": 7.84, "time": "2025-12-07T23:00:00", "date": "2025-12-07", "hour": 23}}, {"type": "Feature", "geometry": {"type": "Point", "coordinates": [15.0, 54.75]}, "properties": {"value": 7.949, "time": "2025-12-07T23:00:00", "date": "2025-12-07", "hour": 23}}, {"type": "Feature", "geometry": {"type": "Point", "coordinates": [5.0, 55.0]}, "properties": {"value": 10.424, "time": "2025-12-07T23:00:00", "date": "2025-12-07", "hour": 23}}, {"type": "Feature", "geometry": {"type": "Point", "coordinates": [5.25, 55.0]}, "properties": {"value": 10.434, "time": "2025-12-07T23:00:00", "date": "2025-12-07", "hour": 23}}, {"type": "Feature", "geometry": {"type": "Point", "coordinates": [5.5, 55.0]}, "properties": {"value": 10.397, "time": "2025-12-07T23:00:00", "date": "2025-12-07", "hour": 23}}, {"type": "Feature", "geometry": {"type": "Point", "coordinates": [5.75, 55.0]}, "properties": {"value": 10.371, "time": "2025-12-07T23:00:00", "date": "2025-12-07", "hour": 23}}, {"type": "Feature", "geometry": {"type": "Point", "coordinates": [6.0, 55.0]}, "properties": {"value": 10.356, "time": "2025-12-07T23:00:00", "date": "2025-12-07", "hour": 23}}, {"type": "Feature", "geometry": {"type": "Point", "coordinates": [6.25, 55.0]}, "properties": {"value": 10.281, "time": "2025-12-07T23:00:00", "date": "2025-12-07", "hour": 23}}, {"type": "Feature", "geometry": {"type": "Point", "coordinates": [6.5, 55.0]}, "properties": {"value": 10.088, "time": "2025-12-07T23:00:00", "date": "2025-12-07", "hour": 23}}, {"type": "Feature", "geometry": {"type": "Point", "coordinates": [6.75, 55.0]}, "properties": {"value": 9.968, "time": "2025-12-07T23:00:00", "date": "2025-12-07", "hour": 23}}, {"type": "Feature", "geometry": {"type": "Point", "coordinates": [7.0, 55.0]}, "properties": {"value": 9.839, "time": "2025-12-07T23:00:00", "date": "2025-12-07", "hour": 23}}, {"type": "Feature", "geometry": {"type": "Point", "coordinates": [7.25, 55.0]}, "properties": {"value": 9.666, "time": "2025-12-07T23:00:00", "date": "2025-12-07", "hour": 23}}, {"type": "Feature", "geometry": {"type": "Point", "coordinates": [7.5, 55.0]}, "properties": {"value": 9.512, "time": "2025-12-07T23:00:00", "date": "2025-12-07", "hour": 23}}, {"type": "Feature", "geometry": {"type": "Point", "coordinates": [7.75, 55.0]}, "properties": {"value": 8.461, "time": "2025-12-07T23:00:00", "date": "2025-12-07", "hour": 23}}, {"type": "Feature", "geometry": {"type": "Point", "coordinates": [8.0, 55.0]}, "properties": {"value": 7.486, "time": "2025-12-07T23:00:00", "date": "2025-12-07", "hour": 23}}, {"type": "Feature", "geometry": {"type": "Point", "coordinates": [8.25, 55.0]}, "properties": {"value": 6.492, "time": "2025-12-07T23:00:00", "date": "2025-12-07", "hour": 23}}, {"type": "Feature", "geometry": {"type": "Point", "coordinates": [8.5, 55.0]}, "properties": {"value": 5.738, "time": "2025-12-07T23:00:00", "date": "2025-12-07", "hour": 23}}, {"type": "Feature", "geometry": {"type": "Point", "coordinates": [10.25, 55.0]}, "properties": {"value": 6.494, "time": "2025-12-07T23:00:00", "date": "2025-12-07", "hour": 23}}, {"type": "Feature", "geometry": {"type": "Point", "coordinates": [10.5, 55.0]}, "properties": {"value": 6.547, "time": "2025-12-07T23:00:00", "date": "2025-12-07", "hour": 23}}, {"type": "Feature", "geometry": {"type": "Point", "coordinates": [10.75, 55.0]}, "properties": {"value": 6.601, "time": "2025-12-07T23:00:00", "date": "2025-12-07", "hour": 23}}, {"type": "Feature", "geometry": {"type": "Point", "coordinates": [11.0, 55.0]}, "properties": {"value": 6.378, "time": "2025-12-07T23:00:00", "date": "2025-12-07", "hour": 23}}, {"type": "Feature", "geometry": {"type": "Point", "coordinates": [11.25, 55.0]}, "properties": {"value": 6.054, "time": "2025-12-07T23:00:00", "date": "2025-12-07", "hour": 23}}, {"type": "Feature", "geometry": {"type": "Point", "coordinates": [11.5, 55.0]}, "properties": {"value": 5.826, "time": "2025-12-07T23:00:00", "date": "2025-12-07", "hour": 23}}, {"type": "Feature", "geometry": {"type": "Point", "coordinates": [11.75, 55.0]}, "properties": {"value": 5.562, "time": "2025-12-07T23:00:00", "date": "2025-12-07", "hour": 23}}, {"type": "Feature", "geometry": {"type": "Point", "coordinates": [12.0, 55.0]}, "properties": {"value": 6.139, "time": "2025-12-07T23:00:00", "date": "2025-12-07", "hour": 23}}, {"type": "Feature", "geometry": {"type": "Point", "coordinates": [12.25, 55.0]}, "properties": {"value": 6.795, "time": "2025-12-07T23:00:00", "date": "2025-12-07", "hour": 23}}, {"type": "Feature", "geometry": {"type": "Point", "coordinates": [12.5, 55.0]}, "properties": {"value": 7.078, "time": "2025-12-07T23:00:00", "date": "2025-12-07", "hour": 23}}, {"type": "Feature", "geometry": {"type": "Point", "coordinates": [12.75, 55.0]}, "properties": {"value": 7.204, "time": "2025-12-07T23:00:00", "date": "2025-12-07", "hour": 23}}, {"type": "Feature", "geometry": {"type": "Point", "coordinates": [13.0, 55.0]}, "properties": {"value": 7.336, "time": "2025-12-07T23:00:00", "date": "2025-12-07", "hour": 23}}, {"type": "Feature", "geometry": {"type": "Point", "coordinates": [13.25, 55.0]}, "properties": {"value": 7.387, "time": "2025-12-07T23:00:00", "date": "2025-12-07", "hour": 23}}, {"type": "Feature", "geometry": {"type": "Point", "coordinates": [13.5, 55.0]}, "properties": {"value": 7.361, "time": "2025-12-07T23:00:00", "date": "2025-12-07", "hour": 23}}, {"type": "Feature", "geometry": {"type": "Point", "coordinates": [13.75, 55.0]}, "properties": {"value": 7.415, "time": "2025-12-07T23:00:00", "date": "2025-12-07", "hour": 23}}, {"type": "Feature", "geometry": {"type": "Point", "coordinates": [14.0, 55.0]}, "properties": {"value": 7.42, "time": "2025-12-07T23:00:00", "date": "2025-12-07", "hour": 23}}, {"type": "Feature", "geometry": {"type": "Point", "coordinates": [14.25, 55.0]}, "properties": {"value": 7.47, "time": "2025-12-07T23:00:00", "date": "2025-12-07", "hour": 23}}, {"type": "Feature", "geometry": {"type": "Point", "coordinates": [14.5, 55.0]}, "properties": {"value": 7.522, "time": "2025-12-07T23:00:00", "date": "2025-12-07", "hour": 23}}, {"type": "Feature", "geometry": {"type": "Point", "coordinates": [14.75, 55.0]}, "properties": {"value": 7.511, "time": "2025-12-07T23:00:00", "date": "2025-12-07", "hour": 23}}, {"type": "Feature", "geometry": {"type": "Point", "coordinates": [15.0, 55.0]}, "properties": {"value": 7.468, "time": "2025-12-07T23:00:00", "date": "2025-12-07", "hour": 23}}]}