{"type": "FeatureCollection", "metadata": {"variable": "sst", "name": "Sea Surface Temperature", "unit": "\u00b0C", "date": "2025-12-01", "hours": 24, "timestamps": ["2025-12-01T00:00:00", "2025-12-01T01:00:00", "2025-12-01T02:00:00", "2025-12-01T03:00:00", "2025-12-01T04:00:00", "2025-12-01T05:00:00", "2025-12-01T06:00:00", "2025-12-01T07:00:00", "2025-12-01T08:00:00", "2025-12-01T09:00:00", "2025-12-01T10:00:00", "2025-12-01T11:00:00", "2025-12-01T12:00:00", "2025-12-01T13:00:00", "2025-12-01T14:00:00", "2025-12-01T15:00:00", "2025-12-01T16:00:00", "2025-12-01T17:00:00", "2025-12-01T18:00:00", "2025-12-01T19:00:00", "2025-12-01T20:00:00", "2025-12-01T21:00:00", "2025-12-01T22:00:00", "2025-12-01T23:00:00"], "color_scale": {"vmin": 5, "vmax": 20, "colors": ["#313695", "#4575b4", "#74add1", "#abd9e9", "#e0f3f8", "#fee090", "#fdae61", "#f46d43", "#d73027"]}}, "features": [{"type": "Feature", "geometry": {"type": "Point", "coordinates": [5.25, 52.75]}, "properties": {"value": 5.87, "time": "2025-12-01T00:00:00", "date": "2025-12-01", "hour": 0}}, {"type": "Feature", "geometry": {"type": "Point", "coordinates": [5.5, 52.75]}, "properties": {"value": 5.874, "time": "2025-12-01T00:00:00", "date": "2025-12-01", "hour": 0}}, {"type": "Feature", "geometry": {"type": "Point", "coordinates": [5.0, 53.0]}, "properties": {"value": 7.136, "time": "2025-12-01T00:00:00", "date": "2025-12-01", "hour": 0}}, {"type": "Feature", "geometry": {"type": "Point", "coordinates": [5.25, 53.0]}, "properties": {"value": 6.372, "time": "2025-12-01T00:00:00", "date": "2025-12-01", "hour": 0}}, {"type": "Feature", "geometry": {"type": "Point", "coordinates": [5.5, 53.0]}, "properties": {"value": 5.806, "time": "2025-12-01T00:00:00", "date": "2025-12-01", "hour": 0}}, {"type": "Feature", "geometry": {"type": "Point", "coordinates": [5.0, 53.25]}, "properties": {"value": 8.133, "time": "2025-12-01T00:00:00", "date": "2025-12-01", "hour": 0}}, {"type": "Feature", "geometry": {"type": "Point", "coordinates": [5.25, 53.25]}, "properties": {"value": 7.078, "time": "2025-12-01T00:00:00", "date": "2025-12-01", "hour": 0}}, {"type": "Feature", "geometry": {"type": "Point", "coordinates": [5.5, 53.25]}, "properties": {"value": 6.443, "time": "2025-12-01T00:00:00", "date": "2025-12-01", "hour": 0}}, {"type": "Feature", "geometry": {"type": "Point", "coordinates": [5.0, 53.5]}, "properties": {"value": 9.858, "time": "2025-12-01T00:00:00", "date": "2025-12-01", "hour": 0}}, {"type": "Feature", "geometry": {"type": "Point", "coordinates": [5.25, 53.5]}, "properties": {"value": 9.263, "time": "2025-12-01T00:00:00", "date": "2025-12-01", "hour": 0}}, {"type": "Feature", "geometry": {"type": "Point", "coordinates": [5.5, 53.5]}, "properties": {"value": 9.037, "time": "2025-12-01T00:00:00", "date": "2025-12-01", "hour": 0}}, {"type": "Feature", "geometry": {"type": "Point", "coordinates": [5.75, 53.5]}, "properties": {"value": 8.363, "time": "2025-12-01T00:00:00", "date": "2025-12-01", "hour": 0}}, {"type": "Feature", "geometry": {"type": "Point", "coordinates": [6.0, 53.5]}, "properties": {"value": 7.583, "time": "2025-12-01T00:00:00", "date": "2025-12-01", "hour": 0}}, {"type": "Feature", "geometry": {"type": "Point", "coordinates": [6.25, 53.5]}, "properties": {"value": 6.762, "time": "2025-12-01T00:00:00", "date": "2025-12-01", "hour": 0}}, {"type": "Feature", "geometry": {"type": "Point", "coordinates": [6.5, 53.5]}, "properties": {"value": 6.362, "time": "2025-12-01T00:00:00", "date": "2025-12-01", "hour": 0}}, {"type": "Feature", "geometry": {"type": "Point", "coordinates": [6.75, 53.5]}, "properties": {"value": 5.656, "time": "2025-12-01T00:00:00", "date": "2025-12-01", "hour": 0}}, {"type": "Feature", "geometry": {"type": "Point", "coordinates": [5.0, 53.75]}, "properties": {"value": 10.558, "time": "2025-12-01T00:00:00", "date": "2025-12-01", "hour": 0}}, {"type": "Feature", "geometry": {"type": "Point", "coordinates": [5.25, 53.75]}, "properties": {"value": 10.271, "time": "2025-12-01T00:00:00", "date": "2025-12-01", "hour": 0}}, {"type": "Feature", "geometry": {"type": "Point", "coordinates": [5.5, 53.75]}, "properties": {"value": 10.048, "time": "2025-12-01T00:00:00", "date": "2025-12-01", "hour": 0}}, {"type": "Feature", "geometry": {"type": "Point", "coordinates": [5.75, 53.75]}, "properties": {"value": 9.769, "time": "2025-12-01T00:00:00", "date": "2025-12-01", "hour": 0}}, {"type": "Feature", "geometry": {"type": "Point", "coordinates": [6.0, 53.75]}, "properties": {"value": 9.163, "time": "2025-12-01T00:00:00", "date": "2025-12-01", "hour": 0}}, {"type": "Feature", "geometry": {"type": "Point", "coordinates": [6.25, 53.75]}, "properties": {"value": 8.853, "time": "2025-12-01T00:00:00", "date": "2025-12-01", "hour": 0}}, {"type": "Feature", "geometry": {"type": "Point", "coordinates": [6.5, 53.75]}, "properties": {"value": 8.424, "time": "2025-12-01T00:00:00", "date": "2025-12-01", "hour": 0}}, {"type": "Feature", "geometry": {"type": "Point", "coordinates": [6.75, 53.75]}, "properties": {"value": 7.902, "time": "2025-12-01T00:00:00", "date": "2025-12-01", "hour": 0}}, {"type": "Feature", "geometry": {"type": "Point", "coordinates": [7.0, 53.75]}, "properties": {"value": 8.203, "time": "2025-12-01T00:00:00", "date": "2025-12-01", "hour": 0}}, {"type": "Feature", "geometry": {"type": "Point", "coordinates": [7.25, 53.75]}, "properties": {"value": 7.675, "time": "2025-12-01T00:00:00", "date": "2025-12-01", "hour": 0}}, {"type": "Feature", "geometry": {"type": "Point", "coordinates": [7.5, 53.75]}, "properties": {"value": 7.903, "time": "2025-12-01T00:00:00", "date": "2025-12-01", "hour": 0}}, {"type": "Feature", "geometry": {"type": "Point", "coordinates": [7.75, 53.75]}, "properties": {"value": 7.942, "time": "2025-12-01T00:00:00", "date": "2025-12-01", "hour": 0}}, {"type": "Feature", "geometry": {"type": "Point", "coordinates": [8.0, 53.75]}, "properties": {"value": 7.827, "time": "2025-12-01T00:00:00", "date": "2025-12-01", "hour": 0}}, {"type": "Feature", "geometry": {"type": "Point", "coordinates": [8.25, 53.75]}, "properties": {"value": 7.053, "time": "2025-12-01T00:00:00", "date": "2025-12-01", "hour": 0}}, {"type": "Feature", "geometry": {"type": "Point", "coordinates": [8.5, 53.75]}, "properties": {"value": 6.125, "time": "2025-12-01T00:00:00", "date": "2025-12-01", "hour": 0}}, {"type": "Feature", "geometry": {"type": "Point", "coordinates": [8.75, 53.75]}, "properties": {"value": 6.125, "time": "2025-12-01T00:00:00", "date": "2025-12-01", "hour": 0}}, {"type": "Feature", "geometry": {"type": "Point", "coordinates": [14.25, 53.75]}, "properties": {"value": 3.644, "time": "2025-12-01T00:00:00", "date": "2025-12-01", "hour": 0}}, {"type": "Feature", "geometry": {"type": "Point", "coordinates": [14.5, 53.75]}, "properties": {"value": 3.644, "time": "2025-12-01T00:00:00", "date": "2025-12-01", "hour": 0}}, {"type": "Feature", "geometry": {"type": "Point", "coordinates": [5.0, 54.0]}, "properties": {"value": 10.988, "time": "2025-12-01T00:00:00", "date": "2025-12-01", "hour": 0}}, {"type": "Feature", "geometry": {"type": "Point", "coordinates": [5.25, 54.0]}, "properties": {"value": 10.926, "time": "2025-12-01T00:00:00", "date": "2025-12-01", "hour": 0}}, {"type": "Feature", "geometry": {"type": "Point", "coordinates": [5.5, 54.0]}, "properties": {"value": 10.704, "time": "2025-12-01T00:00:00", "date": "2025-12-01", "hour": 0}}, {"type": "Feature", "geometry": {"type": "Point", "coordinates": [5.75, 54.0]}, "properties": {"value": 10.472, "time": "2025-12-01T00:00:00", "date": "2025-12-01", "hour": 0}}, {"type": "Feature", "geometry": {"type": "Point", "coordinates": [6.0, 54.0]}, "properties": {"value": 10.25, "time": "2025-12-01T00:00:00", "date": "2025-12-01", "hour": 0}}, {"type": "Feature", "geometry": {"type": "Point", "coordinates": [6.25, 54.0]}, "properties": {"value": 9.99, "time": "2025-12-01T00:00:00", "date": "2025-12-01", "hour": 0}}, {"type": "Feature", "geometry": {"type": "Point", "coordinates": [6.5, 54.0]}, "properties": {"value": 9.624, "time": "2025-12-01T00:00:00", "date": "2025-12-01", "hour": 0}}, {"type": "Feature", "geometry": {"type": "Point", "coordinates": [6.75, 54.0]}, "properties": {"value": 9.527, "time": "2025-12-01T00:00:00", "date": "2025-12-01", "hour": 0}}, {"type": "Feature", "geometry": {"type": "Point", "coordinates": [7.0, 54.0]}, "properties": {"value": 9.269, "time": "2025-12-01T00:00:00", "date": "2025-12-01", "hour": 0}}, {"type": "Feature", "geometry": {"type": "Point", "coordinates": [7.25, 54.0]}, "properties": {"value": 8.917, "time": "2025-12-01T00:00:00", "date": "2025-12-01", "hour": 0}}, {"type": "Feature", "geometry": {"type": "Point", "coordinates": [7.5, 54.0]}, "properties": {"value": 9.058, "time": "2025-12-01T00:00:00", "date": "2025-12-01", "hour": 0}}, {"type": "Feature", "geometry": {"type": "Point", "coordinates": [7.75, 54.0]}, "properties": {"value": 9.069, "time": "2025-12-01T00:00:00", "date": "2025-12-01", "hour": 0}}, {"type": "Feature", "geometry": {"type": "Point", "coordinates": [8.0, 54.0]}, "properties": {"value": 8.935, "time": "2025-12-01T00:00:00", "date": "2025-12-01", "hour": 0}}, {"type": "Feature", "geometry": {"type": "Point", "coordinates": [8.25, 54.0]}, "properties": {"value": 8.35, "time": "2025-12-01T00:00:00", "date": "2025-12-01", "hour": 0}}, {"type": "Feature", "geometry": {"type": "Point", "coordinates": [8.5, 54.0]}, "properties": {"value": 6.885, "time": "2025-12-01T00:00:00", "date": "2025-12-01", "hour": 0}}, {"type": "Feature", "geometry": {"type": "Point", "coordinates": [11.25, 54.0]}, "properties": {"value": 6.933, "time": "2025-12-01T00:00:00", "date": "2025-12-01", "hour": 0}}, {"type": "Feature", "geometry": {"type": "Point", "coordinates": [14.0, 54.0]}, "properties": {"value": 5.097, "time": "2025-12-01T00:00:00", "date": "2025-12-01", "hour": 0}}, {"type": "Feature", "geometry": {"type": "Point", "coordinates": [14.25, 54.0]}, "properties": {"value": 5.69, "time": "2025-12-01T00:00:00", "date": "2025-12-01", "hour": 0}}, {"type": "Feature", "geometry": {"type": "Point", "coordinates": [14.5, 54.0]}, "properties": {"value": 5.4, "time": "2025-12-01T00:00:00", "date": "2025-12-01", "hour": 0}}, {"type": "Feature", "geometry": {"type": "Point", "coordinates": [14.75, 54.0]}, "properties": {"value": 5.837, "time": "2025-12-01T00:00:00", "date": "2025-12-01", "hour": 0}}, {"type": "Feature", "geometry": {"type": "Point", "coordinates": [5.0, 54.25]}, "properties": {"value": 11.138, "time": "2025-12-01T00:00:00", "date": "2025-12-01", "hour": 0}}, {"type": "Feature", "geometry": {"type": "Point", "coordinates": [5.25, 54.25]}, "properties": {"value": 11.073, "time": "2025-12-01T00:00:00", "date": "2025-12-01", "hour": 0}}, {"type": "Feature", "geometry": {"type": "Point", "coordinates": [5.5, 54.25]}, "properties": {"value": 11.028, "time": "2025-12-01T00:00:00", "date": "2025-12-01", "hour": 0}}, {"type": "Feature", "geometry": {"type": "Point", "coordinates": [5.75, 54.25]}, "properties": {"value": 10.833, "time": "2025-12-01T00:00:00", "date": "2025-12-01", "hour": 0}}, {"type": "Feature", "geometry": {"type": "Point", "coordinates": [6.0, 54.25]}, "properties": {"value": 10.724, "time": "2025-12-01T00:00:00", "date": "2025-12-01", "hour": 0}}, {"type": "Feature", "geometry": {"type": "Point", "coordinates": [6.25, 54.25]}, "properties": {"value": 10.514, "time": "2025-12-01T00:00:00", "date": "2025-12-01", "hour": 0}}, {"type": "Feature", "geometry": {"type": "Point", "coordinates": [6.5, 54.25]}, "properties": {"value": 10.357, "time": "2025-12-01T00:00:00", "date": "2025-12-01", "hour": 0}}, {"type": "Feature", "geometry": {"type": "Point", "coordinates": [6.75, 54.25]}, "properties": {"value": 10.216, "time": "2025-12-01T00:00:00", "date": "2025-12-01", "hour": 0}}, {"type": "Feature", "geometry": {"type": "Point", "coordinates": [7.0, 54.25]}, "properties": {"value": 9.99, "time": "2025-12-01T00:00:00", "date": "2025-12-01", "hour": 0}}, {"type": "Feature", "geometry": {"type": "Point", "coordinates": [7.25, 54.25]}, "properties": {"value": 9.88, "time": "2025-12-01T00:00:00", "date": "2025-12-01", "hour": 0}}, {"type": "Feature", "geometry": {"type": "Point", "coordinates": [7.5, 54.25]}, "properties": {"value": 9.945, "time": "2025-12-01T00:00:00", "date": "2025-12-01", "hour": 0}}, {"type": "Feature", "geometry": {"type": "Point", "coordinates": [7.75, 54.25]}, "properties": {"value": 9.603, "time": "2025-12-01T00:00:00", "date": "2025-12-01", "hour": 0}}, {"type": "Feature", "geometry": {"type": "Point", "coordinates": [8.0, 54.25]}, "properties": {"value": 9.35, "time": "2025-12-01T00:00:00", "date": "2025-12-01", "hour": 0}}, {"type": "Feature", "geometry": {"type": "Point", "coordinates": [8.25, 54.25]}, "properties": {"value": 7.977, "time": "2025-12-01T00:00:00", "date": "2025-12-01", "hour": 0}}, {"type": "Feature", "geometry": {"type": "Point", "coordinates": [8.5, 54.25]}, "properties": {"value": 6.56, "time": "2025-12-01T00:00:00", "date": "2025-12-01", "hour": 0}}, {"type": "Feature", "geometry": {"type": "Point", "coordinates": [10.75, 54.25]}, "properties": {"value": 7.086, "time": "2025-12-01T00:00:00", "date": "2025-12-01", "hour": 0}}, {"type": "Feature", "geometry": {"type": "Point", "coordinates": [11.25, 54.25]}, "properties": {"value": 7.105, "time": "2025-12-01T00:00:00", "date": "2025-12-01", "hour": 0}}, {"type": "Feature", "geometry": {"type": "Point", "coordinates": [11.75, 54.25]}, "properties": {"value": 7.016, "time": "2025-12-01T00:00:00", "date": "2025-12-01", "hour": 0}}, {"type": "Feature", "geometry": {"type": "Point", "coordinates": [12.25, 54.25]}, "properties": {"value": 6.849, "time": "2025-12-01T00:00:00", "date": "2025-12-01", "hour": 0}}, {"type": "Feature", "geometry": {"type": "Point", "coordinates": [13.75, 54.25]}, "properties": {"value": 5.402, "time": "2025-12-01T00:00:00", "date": "2025-12-01", "hour": 0}}, {"type": "Feature", "geometry": {"type": "Point", "coordinates": [14.0, 54.25]}, "properties": {"value": 5.783, "time": "2025-12-01T00:00:00", "date": "2025-12-01", "hour": 0}}, {"type": "Feature", "geometry": {"type": "Point", "coordinates": [14.25, 54.25]}, "properties": {"value": 6.141, "time": "2025-12-01T00:00:00", "date": "2025-12-01", "hour": 0}}, {"type": "Feature", "geometry": {"type": "Point", "coordinates": [14.5, 54.25]}, "properties": {"value": 6.004, "time": "2025-12-01T00:00:00", "date": "2025-12-01", "hour": 0}}, {"type": "Feature", "geometry": {"type": "Point", "coordinates": [14.75, 54.25]}, "properties": {"value": 6.275, "time": "2025-12-01T00:00:00", "date": "2025-12-01", "hour": 0}}, {"type": "Feature", "geometry": {"type": "Point", "coordinates": [15.0, 54.25]}, "properties": {"value": 6.996, "time": "2025-12-01T00:00:00", "date": "2025-12-01", "hour": 0}}, {"type": "Feature", "geometry": {"type": "Point", "coordinates": [5.0, 54.5]}, "properties": {"value": 11.234, "time": "2025-12-01T00:00:00", "date": "2025-12-01", "hour": 0}}, {"type": "Feature", "geometry": {"type": "Point", "coordinates": [5.25, 54.5]}, "properties": {"value": 11.227, "time": "2025-12-01T00:00:00", "date": "2025-12-01", "hour": 0}}, {"type": "Feature", "geometry": {"type": "Point", "coordinates": [5.5, 54.5]}, "properties": {"value": 11.182, "time": "2025-12-01T00:00:00", "date": "2025-12-01", "hour": 0}}, {"type": "Feature", "geometry": {"type": "Point", "coordinates": [5.75, 54.5]}, "properties": {"value": 11.111, "time": "2025-12-01T00:00:00", "date": "2025-12-01", "hour": 0}}, {"type": "Feature", "geometry": {"type": "Point", "coordinates": [6.0, 54.5]}, "properties": {"value": 10.996, "time": "2025-12-01T00:00:00", "date": "2025-12-01", "hour": 0}}, {"type": "Feature", "geometry": {"type": "Point", "coordinates": [6.25, 54.5]}, "properties": {"value": 10.846, "time": "2025-12-01T00:00:00", "date": "2025-12-01", "hour": 0}}, {"type": "Feature", "geometry": {"type": "Point", "coordinates": [6.5, 54.5]}, "properties": {"value": 10.674, "time": "2025-12-01T00:00:00", "date": "2025-12-01", "hour": 0}}, {"type": "Feature", "geometry": {"type": "Point", "coordinates": [6.75, 54.5]}, "properties": {"value": 10.476, "time": "2025-12-01T00:00:00", "date": "2025-12-01", "hour": 0}}, {"type": "Feature", "geometry": {"type": "Point", "coordinates": [7.0, 54.5]}, "properties": {"value": 10.35, "time": "2025-12-01T00:00:00", "date": "2025-12-01", "hour": 0}}, {"type": "Feature", "geometry": {"type": "Point", "coordinates": [7.25, 54.5]}, "properties": {"value": 10.159, "time": "2025-12-01T00:00:00", "date": "2025-12-01", "hour": 0}}, {"type": "Feature", "geometry": {"type": "Point", "coordinates": [7.5, 54.5]}, "properties": {"value": 10.163, "time": "2025-12-01T00:00:00", "date": "2025-12-01", "hour": 0}}, {"type": "Feature", "geometry": {"type": "Point", "coordinates": [7.75, 54.5]}, "properties": {"value": 9.648, "time": "2025-12-01T00:00:00", "date": "2025-12-01", "hour": 0}}, {"type": "Feature", "geometry": {"type": "Point", "coordinates": [8.0, 54.5]}, "properties": {"value": 8.637, "time": "2025-12-01T00:00:00", "date": "2025-12-01", "hour": 0}}, {"type": "Feature", "geometry": {"type": "Point", "coordinates": [8.25, 54.5]}, "properties": {"value": 7.143, "time": "2025-12-01T00:00:00", "date": "2025-12-01", "hour": 0}}, {"type": "Feature", "geometry": {"type": "Point", "coordinates": [8.5, 54.5]}, "properties": {"value": 5.947, "time": "2025-12-01T00:00:00", "date": "2025-12-01", "hour": 0}}, {"type": "Feature", "geometry": {"type": "Point", "coordinates": [10.5, 54.5]}, "properties": {"value": 7.425, "time": "2025-12-01T00:00:00", "date": "2025-12-01", "hour": 0}}, {"type": "Feature", "geometry": {"type": "Point", "coordinates": [10.75, 54.5]}, "properties": {"value": 7.25, "time": "2025-12-01T00:00:00", "date": "2025-12-01", "hour": 0}}, {"type": "Feature", "geometry": {"type": "Point", "coordinates": [11.0, 54.5]}, "properties": {"value": 6.818, "time": "2025-12-01T00:00:00", "date": "2025-12-01", "hour": 0}}, {"type": "Feature", "geometry": {"type": "Point", "coordinates": [11.25, 54.5]}, "properties": {"value": 6.904, "time": "2025-12-01T00:00:00", "date": "2025-12-01", "hour": 0}}, {"type": "Feature", "geometry": {"type": "Point", "coordinates": [11.5, 54.5]}, "properties": {"value": 6.78, "time": "2025-12-01T00:00:00", "date": "2025-12-01", "hour": 0}}, {"type": "Feature", "geometry": {"type": "Point", "coordinates": [11.75, 54.5]}, "properties": {"value": 7.055, "time": "2025-12-01T00:00:00", "date": "2025-12-01", "hour": 0}}, {"type": "Feature", "geometry": {"type": "Point", "coordinates": [12.0, 54.5]}, "properties": {"value": 7.145, "time": "2025-12-01T00:00:00", "date": "2025-12-01", "hour": 0}}, {"type": "Feature", "geometry": {"type": "Point", "coordinates": [12.25, 54.5]}, "properties": {"value": 7.114, "time": "2025-12-01T00:00:00", "date": "2025-12-01", "hour": 0}}, {"type": "Feature", "geometry": {"type": "Point", "coordinates": [13.0, 54.5]}, "properties": {"value": 7.342, "time": "2025-12-01T00:00:00", "date": "2025-12-01", "hour": 0}}, {"type": "Feature", "geometry": {"type": "Point", "coordinates": [13.25, 54.5]}, "properties": {"value": 6.737, "time": "2025-12-01T00:00:00", "date": "2025-12-01", "hour": 0}}, {"type": "Feature", "geometry": {"type": "Point", "coordinates": [13.5, 54.5]}, "properties": {"value": 6.579, "time": "2025-12-01T00:00:00", "date": "2025-12-01", "hour": 0}}, {"type": "Feature", "geometry": {"type": "Point", "coordinates": [13.75, 54.5]}, "properties": {"value": 6.536, "time": "2025-12-01T00:00:00", "date": "2025-12-01", "hour": 0}}, {"type": "Feature", "geometry": {"type": "Point", "coordinates": [14.0, 54.5]}, "properties": {"value": 6.82, "time": "2025-12-01T00:00:00", "date": "2025-12-01", "hour": 0}}, {"type": "Feature", "geometry": {"type": "Point", "coordinates": [14.25, 54.5]}, "properties": {"value": 6.796, "time": "2025-12-01T00:00:00", "date": "2025-12-01", "hour": 0}}, {"type": "Feature", "geometry": {"type": "Point", "coordinates": [14.5, 54.5]}, "properties": {"value": 6.964, "time": "2025-12-01T00:00:00", "date": "2025-12-01", "hour": 0}}, {"type": "Feature", "geometry": {"type": "Point", "coordinates": [14.75, 54.5]}, "properties": {"value": 7.362, "time": "2025-12-01T00:00:00", "date": "2025-12-01", "hour": 0}}, {"type": "Feature", "geometry": {"type": "Point", "coordinates": [15.0, 54.5]}, "properties": {"value": 8.121, "time": "2025-12-01T00:00:00", "date": "2025-12-01", "hour": 0}}, {"type": "Feature", "geometry": {"type": "Point", "coordinates": [5.0, 54.75]}, "properties": {"value": 11.377, "time": "2025-12-01T00:00:00", "date": "2025-12-01", "hour": 0}}, {"type": "Feature", "geometry": {"type": "Point", "coordinates": [5.25, 54.75]}, "properties": {"value": 11.37, "time": "2025-12-01T00:00:00", "date": "2025-12-01", "hour": 0}}, {"type": "Feature", "geometry": {"type": "Point", "coordinates": [5.5, 54.75]}, "properties": {"value": 11.325, "time": "2025-12-01T00:00:00", "date": "2025-12-01", "hour": 0}}, {"type": "Feature", "geometry": {"type": "Point", "coordinates": [5.75, 54.75]}, "properties": {"value": 11.295, "time": "2025-12-01T00:00:00", "date": "2025-12-01", "hour": 0}}, {"type": "Feature", "geometry": {"type": "Point", "coordinates": [6.0, 54.75]}, "properties": {"value": 11.17, "time": "2025-12-01T00:00:00", "date": "2025-12-01", "hour": 0}}, {"type": "Feature", "geometry": {"type": "Point", "coordinates": [6.25, 54.75]}, "properties": {"value": 11.021, "time": "2025-12-01T00:00:00", "date": "2025-12-01", "hour": 0}}, {"type": "Feature", "geometry": {"type": "Point", "coordinates": [6.5, 54.75]}, "properties": {"value": 10.874, "time": "2025-12-01T00:00:00", "date": "2025-12-01", "hour": 0}}, {"type": "Feature", "geometry": {"type": "Point", "coordinates": [6.75, 54.75]}, "properties": {"value": 10.739, "time": "2025-12-01T00:00:00", "date": "2025-12-01", "hour": 0}}, {"type": "Feature", "geometry": {"type": "Point", "coordinates": [7.0, 54.75]}, "properties": {"value": 10.652, "time": "2025-12-01T00:00:00", "date": "2025-12-01", "hour": 0}}, {"type": "Feature", "geometry": {"type": "Point", "coordinates": [7.25, 54.75]}, "properties": {"value": 10.445, "time": "2025-12-01T00:00:00", "date": "2025-12-01", "hour": 0}}, {"type": "Feature", "geometry": {"type": "Point", "coordinates": [7.5, 54.75]}, "properties": {"value": 10.14, "time": "2025-12-01T00:00:00", "date": "2025-12-01", "hour": 0}}, {"type": "Feature", "geometry": {"type": "Point", "coordinates": [7.75, 54.75]}, "properties": {"value": 9.109, "time": "2025-12-01T00:00:00", "date": "2025-12-01", "hour": 0}}, {"type": "Feature", "geometry": {"type": "Point", "coordinates": [8.0, 54.75]}, "properties": {"value": 8.069, "time": "2025-12-01T00:00:00", "date": "2025-12-01", "hour": 0}}, {"type": "Feature", "geometry": {"type": "Point", "coordinates": [8.25, 54.75]}, "properties": {"value": 6.601, "time": "2025-12-01T00:00:00", "date": "2025-12-01", "hour": 0}}, {"type": "Feature", "geometry": {"type": "Point", "coordinates": [8.5, 54.75]}, "properties": {"value": 5.543, "time": "2025-12-01T00:00:00", "date": "2025-12-01", "hour": 0}}, {"type": "Feature", "geometry": {"type": "Point", "coordinates": [10.25, 54.75]}, "properties": {"value": 7.504, "time": "2025-12-01T00:00:00", "date": "2025-12-01", "hour": 0}}, {"type": "Feature", "geometry": {"type": "Point", "coordinates": [10.5, 54.75]}, "properties": {"value": 7.41, "time": "2025-12-01T00:00:00", "date": "2025-12-01", "hour": 0}}, {"type": "Feature", "geometry": {"type": "Point", "coordinates": [10.75, 54.75]}, "properties": {"value": 7.238, "time": "2025-12-01T00:00:00", "date": "2025-12-01", "hour": 0}}, {"type": "Feature", "geometry": {"type": "Point", "coordinates": [11.0, 54.75]}, "properties": {"value": 6.764, "time": "2025-12-01T00:00:00", "date": "2025-12-01", "hour": 0}}, {"type": "Feature", "geometry": {"type": "Point", "coordinates": [11.25, 54.75]}, "properties": {"value": 6.362, "time": "2025-12-01T00:00:00", "date": "2025-12-01", "hour": 0}}, {"type": "Feature", "geometry": {"type": "Point", "coordinates": [11.5, 54.75]}, "properties": {"value": 6.158, "time": "2025-12-01T00:00:00", "date": "2025-12-01", "hour": 0}}, {"type": "Feature", "geometry": {"type": "Point", "coordinates": [12.0, 54.75]}, "properties": {"value": 6.814, "time": "2025-12-01T00:00:00", "date": "2025-12-01", "hour": 0}}, {"type": "Feature", "geometry": {"type": "Point", "coordinates": [12.25, 54.75]}, "properties": {"value": 7.346, "time": "2025-12-01T00:00:00", "date": "2025-12-01", "hour": 0}}, {"type": "Feature", "geometry": {"type": "Point", "coordinates": [12.5, 54.75]}, "properties": {"value": 7.81, "time": "2025-12-01T00:00:00", "date": "2025-12-01", "hour": 0}}, {"type": "Feature", "geometry": {"type": "Point", "coordinates": [12.75, 54.75]}, "properties": {"value": 7.889, "time": "2025-12-01T00:00:00", "date": "2025-12-01", "hour": 0}}, {"type": "Feature", "geometry": {"type": "Point", "coordinates": [13.0, 54.75]}, "properties": {"value": 7.566, "time": "2025-12-01T00:00:00", "date": "2025-12-01", "hour": 0}}, {"type": "Feature", "geometry": {"type": "Point", "coordinates": [13.25, 54.75]}, "properties": {"value": 7.671, "time": "2025-12-01T00:00:00", "date": "2025-12-01", "hour": 0}}, {"type": "Feature", "geometry": {"type": "Point", "coordinates": [13.5, 54.75]}, "properties": {"value": 7.972, "time": "2025-12-01T00:00:00", "date": "2025-12-01", "hour": 0}}, {"type": "Feature", "geometry": {"type": "Point", "coordinates": [13.75, 54.75]}, "properties": {"value": 7.929, "time": "2025-12-01T00:00:00", "date": "2025-12-01", "hour": 0}}, {"type": "Feature", "geometry": {"type": "Point", "coordinates": [14.0, 54.75]}, "properties": {"value": 7.74, "time": "2025-12-01T00:00:00", "date": "2025-12-01", "hour": 0}}, {"type": "Feature", "geometry": {"type": "Point", "coordinates": [14.25, 54.75]}, "properties": {"value": 7.718, "time": "2025-12-01T00:00:00", "date": "2025-12-01", "hour": 0}}, {"type": "Feature", "geometry": {"type": "Point", "coordinates": [14.5, 54.75]}, "properties": {"value": 8.043, "time": "2025-12-01T00:00:00", "date": "2025-12-01", "hour": 0}}, {"type": "Feature", "geometry": {"type": "Point", "coordinates": [14.75, 54.75]}, "properties": {"value": 8.412, "time": "2025-12-01T00:00:00", "date": "2025-12-01", "hour": 0}}, {"type": "Feature", "geometry": {"type": "Point", "coordinates": [15.0, 54.75]}, "properties": {"value": 8.611, "time": "2025-12-01T00:00:00", "date": "2025-12-01", "hour": 0}}, {"type": "Feature", "geometry": {"type": "Point", "coordinates": [5.0, 55.0]}, "properties": {"value": 11.326, "time": "2025-12-01T00:00:00", "date": "2025-12-01", "hour": 0}}, {"type": "Feature", "geometry": {"type": "Point", "coordinates": [5.25, 55.0]}, "properties": {"value": 11.343, "time": "2025-12-01T00:00:00", "date": "2025-12-01", "hour": 0}}, {"type": "Feature", "geometry": {"type": "Point", "coordinates": [5.5, 55.0]}, "properties": {"value": 11.327, "time": "2025-12-01T00:00:00", "date": "2025-12-01", "hour": 0}}, {"type": "Feature", "geometry": {"type": "Point", "coordinates": [5.75, 55.0]}, "properties": {"value": 11.297, "time": "2025-12-01T00:00:00", "date": "2025-12-01", "hour": 0}}, {"type": "Feature", "geometry": {"type": "Point", "coordinates": [6.0, 55.0]}, "properties": {"value": 11.252, "time": "2025-12-01T00:00:00", "date": "2025-12-01", "hour": 0}}, {"type": "Feature", "geometry": {"type": "Point", "coordinates": [6.25, 55.0]}, "properties": {"value": 11.197, "time": "2025-12-01T00:00:00", "date": "2025-12-01", "hour": 0}}, {"type": "Feature", "geometry": {"type": "Point", "coordinates": [6.5, 55.0]}, "properties": {"value": 11.076, "time": "2025-12-01T00:00:00", "date": "2025-12-01", "hour": 0}}, {"type": "Feature", "geometry": {"type": "Point", "coordinates": [6.75, 55.0]}, "properties": {"value": 10.934, "time": "2025-12-01T00:00:00", "date": "2025-12-01", "hour": 0}}, {"type": "Feature", "geometry": {"type": "Point", "coordinates": [7.0, 55.0]}, "properties": {"value": 10.756, "time": "2025-12-01T00:00:00", "date": "2025-12-01", "hour": 0}}, {"type": "Feature", "geometry": {"type": "Point", "coordinates": [7.25, 55.0]}, "properties": {"value": 10.379, "time": "2025-12-01T00:00:00", "date": "2025-12-01", "hour": 0}}, {"type": "Feature", "geometry": {"type": "Point", "coordinates": [7.5, 55.0]}, "properties": {"value": 10.018, "time": "2025-12-01T00:00:00", "date": "2025-12-01", "hour": 0}}, {"type": "Feature", "geometry": {"type": "Point", "coordinates": [7.75, 55.0]}, "properties": {"value": 8.956, "time": "2025-12-01T00:00:00", "date": "2025-12-01", "hour": 0}}, {"type": "Feature", "geometry": {"type": "Point", "coordinates": [8.0, 55.0]}, "properties": {"value": 7.974, "time": "2025-12-01T00:00:00", "date": "2025-12-01", "hour": 0}}, {"type": "Feature", "geometry": {"type": "Point", "coordinates": [8.25, 55.0]}, "properties": {"value": 6.612, "time": "2025-12-01T00:00:00", "date": "2025-12-01", "hour": 0}}, {"type": "Feature", "geometry": {"type": "Point", "coordinates": [8.5, 55.0]}, "properties": {"value": 5.574, "time": "2025-12-01T00:00:00", "date": "2025-12-01", "hour": 0}}, {"type": "Feature", "geometry": {"type": "Point", "coordinates": [10.25, 55.0]}, "properties": {"value": 6.633, "time": "2025-12-01T00:00:00", "date": "2025-12-01", "hour": 0}}, {"type": "Feature", "geometry": {"type": "Point", "coordinates": [10.5, 55.0]}, "properties": {"value": 6.71, "time": "2025-12-01T00:00:00", "date": "2025-12-01", "hour": 0}}, {"type": "Feature", "geometry": {"type": "Point", "coordinates": [10.75, 55.0]}, "properties": {"value": 6.785, "time": "2025-12-01T00:00:00", "date": "2025-12-01", "hour": 0}}, {"type": "Feature", "geometry": {"type": "Point", "coordinates": [11.0, 55.0]}, "properties": {"value": 6.573, "time": "2025-12-01T00:00:00", "date": "2025-12-01", "hour": 0}}, {"type": "Feature", "geometry": {"type": "Point", "coordinates": [11.25, 55.0]}, "properties": {"value": 6.254, "time": "2025-12-01T00:00:00", "date": "2025-12-01", "hour": 0}}, {"type": "Feature", "geometry": {"type": "Point", "coordinates": [11.5, 55.0]}, "properties": {"value": 6.016, "time": "2025-12-01T00:00:00", "date": "2025-12-01", "hour": 0}}, {"type": "Feature", "geometry": {"type": "Point", "coordinates": [11.75, 55.0]}, "properties": {"value": 5.739, "time": "2025-12-01T00:00:00", "date": "2025-12-01", "hour": 0}}, {"type": "Feature", "geometry": {"type": "Point", "coordinates": [12.0, 55.0]}, "properties": {"value": 6.229, "time": "2025-12-01T00:00:00", "date": "2025-12-01", "hour": 0}}, {"type": "Feature", "geometry": {"type": "Point", "coordinates": [12.25, 55.0]}, "properties": {"value": 6.941, "time": "2025-12-01T00:00:00", "date": "2025-12-01", "hour": 0}}, {"type": "Feature", "geometry": {"type": "Point", "coordinates": [12.5, 55.0]}, "properties": {"value": 7.794, "time": "2025-12-01T00:00:00", "date": "2025-12-01", "hour": 0}}, {"type": "Feature", "geometry": {"type": "Point", "coordinates": [12.75, 55.0]}, "properties": {"value": 8.024, "time": "2025-12-01T00:00:00", "date": "2025-12-01", "hour": 0}}, {"type": "Feature", "geometry": {"type": "Point", "coordinates": [13.0, 55.0]}, "properties": {"value": 8.186, "time": "2025-12-01T00:00:00", "date": "2025-12-01", "hour": 0}}, {"type": "Feature", "geometry": {"type": "Point", "coordinates": [13.25, 55.0]}, "properties": {"value": 8.29, "time": "2025-12-01T00:00:00", "date": "2025-12-01", "hour": 0}}, {"type": "Feature", "geometry": {"type": "Point", "coordinates": [13.5, 55.0]}, "properties": {"value": 8.34, "time": "2025-12-01T00:00:00", "date": "2025-12-01", "hour": 0}}, {"type": "Feature", "geometry": {"type": "Point", "coordinates": [13.75, 55.0]}, "properties": {"value": 8.402, "time": "2025-12-01T00:00:00", "date": "2025-12-01", "hour": 0}}, {"type": "Feature", "geometry": {"type": "Point", "coordinates": [14.0, 55.0]}, "properties": {"value": 8.359, "time": "2025-12-01T00:00:00", "date": "2025-12-01", "hour": 0}}, {"type": "Feature", "geometry": {"type": "Point", "coordinates": [14.25, 55.0]}, "properties": {"value": 8.27, "time": "2025-12-01T00:00:00", "date": "2025-12-01", "hour": 0}}, {"type": "Feature", "geometry": {"type": "Point", "coordinates": [14.5, 55.0]}, "properties": {"value": 8.167, "time": "2025-12-01T00:00:00", "date": "2025-12-01", "hour": 0}}, {"type": "Feature", "geometry": {"type": "Point", "coordinates": [14.75, 55.0]}, "properties": {"value": 8.191, "time": "2025-12-01T00:00:00", "date": "2025-12-01", "hour": 0}}, {"type": "Feature", "geometry": {"type": "Point", "coordinates": [15.0, 55.0]}, "properties": {"value": 8.269, "time": "2025-12-01T00:00:00", "date": "2025-12-01", "hour": 0}}, {"type": "Feature", "geometry": {"type": "Point", "coordinates": [5.25, 52.75]}, "properties": {"value": 5.87, "time": "2025-12-01T01:00:00", "date": "2025-12-01", "hour": 1}}, {"type": "Feature", "geometry": {"type": "Point", "coordinates": [5.5, 52.75]}, "properties": {"value": 5.874, "time": "2025-12-01T01:00:00", "date": "2025-12-01", "hour": 1}}, {"type": "Feature", "geometry": {"type": "Point", "coordinates": [5.0, 53.0]}, "properties": {"value": 7.136, "time": "2025-12-01T01:00:00", "date": "2025-12-01", "hour": 1}}, {"type": "Feature", "geometry": {"type": "Point", "coordinates": [5.25, 53.0]}, "properties": {"value": 6.372, "time": "2025-12-01T01:00:00", "date": "2025-12-01", "hour": 1}}, {"type": "Feature", "geometry": {"type": "Point", "coordinates": [5.5, 53.0]}, "properties": {"value": 5.806, "time": "2025-12-01T01:00:00", "date": "2025-12-01", "hour": 1}}, {"type": "Feature", "geometry": {"type": "Point", "coordinates": [5.0, 53.25]}, "properties": {"value": 8.133, "time": "2025-12-01T01:00:00", "date": "2025-12-01", "hour": 1}}, {"type": "Feature", "geometry": {"type": "Point", "coordinates": [5.25, 53.25]}, "properties": {"value": 7.078, "time": "2025-12-01T01:00:00", "date": "2025-12-01", "hour": 1}}, {"type": "Feature", "geometry": {"type": "Point", "coordinates": [5.5, 53.25]}, "properties": {"value": 6.443, "time": "2025-12-01T01:00:00", "date": "2025-12-01", "hour": 1}}, {"type": "Feature", "geometry": {"type": "Point", "coordinates": [5.0, 53.5]}, "properties": {"value": 9.858, "time": "2025-12-01T01:00:00", "date": "2025-12-01", "hour": 1}}, {"type": "Feature", "geometry": {"type": "Point", "coordinates": [5.25, 53.5]}, "properties": {"value": 9.263, "time": "2025-12-01T01:00:00", "date": "2025-12-01", "hour": 1}}, {"type": "Feature", "geometry": {"type": "Point", "coordinates": [5.5, 53.5]}, "properties": {"value": 9.037, "time": "2025-12-01T01:00:00", "date": "2025-12-01", "hour": 1}}, {"type": "Feature", "geometry": {"type": "Point", "coordinates": [5.75, 53.5]}, "properties": {"value": 8.363, "time": "2025-12-01T01:00:00", "date": "2025-12-01", "hour": 1}}, {"type": "Feature", "geometry": {"type": "Point", "coordinates": [6.0, 53.5]}, "properties": {"value": 7.583, "time": "2025-12-01T01:00:00", "date": "2025-12-01", "hour": 1}}, {"type": "Feature", "geometry": {"type": "Point", "coordinates": [6.25, 53.5]}, "properties": {"value": 6.762, "time": "2025-12-01T01:00:00", "date": "2025-12-01", "hour": 1}}, {"type": "Feature", "geometry": {"type": "Point", "coordinates": [6.5, 53.5]}, "properties": {"value": 6.362, "time": "2025-12-01T01:00:00", "date": "2025-12-01", "hour": 1}}, {"type": "Feature", "geometry": {"type": "Point", "coordinates": [6.75, 53.5]}, "properties": {"value": 5.656, "time": "2025-12-01T01:00:00", "date": "2025-12-01", "hour": 1}}, {"type": "Feature", "geometry": {"type": "Point", "coordinates": [5.0, 53.75]}, "properties": {"value": 10.558, "time": "2025-12-01T01:00:00", "date": "2025-12-01", "hour": 1}}, {"type": "Feature", "geometry": {"type": "Point", "coordinates": [5.25, 53.75]}, "properties": {"value": 10.271, "time": "2025-12-01T01:00:00", "date": "2025-12-01", "hour": 1}}, {"type": "Feature", "geometry": {"type": "Point", "coordinates": [5.5, 53.75]}, "properties": {"value": 10.048, "time": "2025-12-01T01:00:00", "date": "2025-12-01", "hour": 1}}, {"type": "Feature", "geometry": {"type": "Point", "coordinates": [5.75, 53.75]}, "properties": {"value": 9.769, "time": "2025-12-01T01:00:00", "date": "2025-12-01", "hour": 1}}, {"type": "Feature", "geometry": {"type": "Point", "coordinates": [6.0, 53.75]}, "properties": {"value": 9.163, "time": "2025-12-01T01:00:00", "date": "2025-12-01", "hour": 1}}, {"type": "Feature", "geometry": {"type": "Point", "coordinates": [6.25, 53.75]}, "properties": {"value": 8.853, "time": "2025-12-01T01:00:00", "date": "2025-12-01", "hour": 1}}, {"type": "Feature", "geometry": {"type": "Point", "coordinates": [6.5, 53.75]}, "properties": {"value": 8.424, "time": "2025-12-01T01:00:00", "date": "2025-12-01", "hour": 1}}, {"type": "Feature", "geometry": {"type": "Point", "coordinates": [6.75, 53.75]}, "properties": {"value": 7.902, "time": "2025-12-01T01:00:00", "date": "2025-12-01", "hour": 1}}, {"type": "Feature", "geometry": {"type": "Point", "coordinates": [7.0, 53.75]}, "properties": {"value": 8.203, "time": "2025-12-01T01:00:00", "date": "2025-12-01", "hour": 1}}, {"type": "Feature", "geometry": {"type": "Point", "coordinates": [7.25, 53.75]}, "properties": {"value": 7.675, "time": "2025-12-01T01:00:00", "date": "2025-12-01", "hour": 1}}, {"type": "Feature", "geometry": {"type": "Point", "coordinates": [7.5, 53.75]}, "properties": {"value": 7.903, "time": "2025-12-01T01:00:00", "date": "2025-12-01", "hour": 1}}, {"type": "Feature", "geometry": {"type": "Point", "coordinates": [7.75, 53.75]}, "properties": {"value": 7.942, "time": "2025-12-01T01:00:00", "date": "2025-12-01", "hour": 1}}, {"type": "Feature", "geometry": {"type": "Point", "coordinates": [8.0, 53.75]}, "properties": {"value": 7.827, "time": "2025-12-01T01:00:00", "date": "2025-12-01", "hour": 1}}, {"type": "Feature", "geometry": {"type": "Point", "coordinates": [8.25, 53.75]}, "properties": {"value": 7.053, "time": "2025-12-01T01:00:00", "date": "2025-12-01", "hour": 1}}, {"type": "Feature", "geometry": {"type": "Point", "coordinates": [8.5, 53.75]}, "properties": {"value": 6.125, "time": "2025-12-01T01:00:00", "date": "2025-12-01", "hour": 1}}, {"type": "Feature", "geometry": {"type": "Point", "coordinates": [8.75, 53.75]}, "properties": {"value": 6.125, "time": "2025-12-01T01:00:00", "date": "2025-12-01", "hour": 1}}, {"type": "Feature", "geometry": {"type": "Point", "coordinates": [14.25, 53.75]}, "properties": {"value": 3.644, "time": "2025-12-01T01:00:00", "date": "2025-12-01", "hour": 1}}, {"type": "Feature", "geometry": {"type": "Point", "coordinates": [14.5, 53.75]}, "properties": {"value": 3.644, "time": "2025-12-01T01:00:00", "date": "2025-12-01", "hour": 1}}, {"type": "Feature", "geometry": {"type": "Point", "coordinates": [5.0, 54.0]}, "properties": {"value": 10.988, "time": "2025-12-01T01:00:00", "date": "2025-12-01", "hour": 1}}, {"type": "Feature", "geometry": {"type": "Point", "coordinates": [5.25, 54.0]}, "properties": {"value": 10.926, "time": "2025-12-01T01:00:00", "date": "2025-12-01", "hour": 1}}, {"type": "Feature", "geometry": {"type": "Point", "coordinates": [5.5, 54.0]}, "properties": {"value": 10.704, "time": "2025-12-01T01:00:00", "date": "2025-12-01", "hour": 1}}, {"type": "Feature", "geometry": {"type": "Point", "coordinates": [5.75, 54.0]}, "properties": {"value": 10.472, "time": "2025-12-01T01:00:00", "date": "2025-12-01", "hour": 1}}, {"type": "Feature", "geometry": {"type": "Point", "coordinates": [6.0, 54.0]}, "properties": {"value": 10.25, "time": "2025-12-01T01:00:00", "date": "2025-12-01", "hour": 1}}, {"type": "Feature", "geometry": {"type": "Point", "coordinates": [6.25, 54.0]}, "properties": {"value": 9.99, "time": "2025-12-01T01:00:00", "date": "2025-12-01", "hour": 1}}, {"type": "Feature", "geometry": {"type": "Point", "coordinates": [6.5, 54.0]}, "properties": {"value": 9.624, "time": "2025-12-01T01:00:00", "date": "2025-12-01", "hour": 1}}, {"type": "Feature", "geometry": {"type": "Point", "coordinates": [6.75, 54.0]}, "properties": {"value": 9.527, "time": "2025-12-01T01:00:00", "date": "2025-12-01", "hour": 1}}, {"type": "Feature", "geometry": {"type": "Point", "coordinates": [7.0, 54.0]}, "properties": {"value": 9.269, "time": "2025-12-01T01:00:00", "date": "2025-12-01", "hour": 1}}, {"type": "Feature", "geometry": {"type": "Point", "coordinates": [7.25, 54.0]}, "properties": {"value": 8.917, "time": "2025-12-01T01:00:00", "date": "2025-12-01", "hour": 1}}, {"type": "Feature", "geometry": {"type": "Point", "coordinates": [7.5, 54.0]}, "properties": {"value": 9.058, "time": "2025-12-01T01:00:00", "date": "2025-12-01", "hour": 1}}, {"type": "Feature", "geometry": {"type": "Point", "coordinates": [7.75, 54.0]}, "properties": {"value": 9.069, "time": "2025-12-01T01:00:00", "date": "2025-12-01", "hour": 1}}, {"type": "Feature", "geometry": {"type": "Point", "coordinates": [8.0, 54.0]}, "properties": {"value": 8.935, "time": "2025-12-01T01:00:00", "date": "2025-12-01", "hour": 1}}, {"type": "Feature", "geometry": {"type": "Point", "coordinates": [8.25, 54.0]}, "properties": {"value": 8.35, "time": "2025-12-01T01:00:00", "date": "2025-12-01", "hour": 1}}, {"type": "Feature", "geometry": {"type": "Point", "coordinates": [8.5, 54.0]}, "properties": {"value": 6.885, "time": "2025-12-01T01:00:00", "date": "2025-12-01", "hour": 1}}, {"type": "Feature", "geometry": {"type": "Point", "coordinates": [11.25, 54.0]}, "properties": {"value": 6.933, "time": "2025-12-01T01:00:00", "date": "2025-12-01", "hour": 1}}, {"type": "Feature", "geometry": {"type": "Point", "coordinates": [14.0, 54.0]}, "properties": {"value": 5.097, "time": "2025-12-01T01:00:00", "date": "2025-12-01", "hour": 1}}, {"type": "Feature", "geometry": {"type": "Point", "coordinates": [14.25, 54.0]}, "properties": {"value": 5.69, "time": "2025-12-01T01:00:00", "date": "2025-12-01", "hour": 1}}, {"type": "Feature", "geometry": {"type": "Point", "coordinates": [14.5, 54.0]}, "properties": {"value": 5.4, "time": "2025-12-01T01:00:00", "date": "2025-12-01", "hour": 1}}, {"type": "Feature", "geometry": {"type": "Point", "coordinates": [14.75, 54.0]}, "properties": {"value": 5.837, "time": "2025-12-01T01:00:00", "date": "2025-12-01", "hour": 1}}, {"type": "Feature", "geometry": {"type": "Point", "coordinates": [5.0, 54.25]}, "properties": {"value": 11.138, "time": "2025-12-01T01:00:00", "date": "2025-12-01", "hour": 1}}, {"type": "Feature", "geometry": {"type": "Point", "coordinates": [5.25, 54.25]}, "properties": {"value": 11.073, "time": "2025-12-01T01:00:00", "date": "2025-12-01", "hour": 1}}, {"type": "Feature", "geometry": {"type": "Point", "coordinates": [5.5, 54.25]}, "properties": {"value": 11.028, "time": "2025-12-01T01:00:00", "date": "2025-12-01", "hour": 1}}, {"type": "Feature", "geometry": {"type": "Point", "coordinates": [5.75, 54.25]}, "properties": {"value": 10.833, "time": "2025-12-01T01:00:00", "date": "2025-12-01", "hour": 1}}, {"type": "Feature", "geometry": {"type": "Point", "coordinates": [6.0, 54.25]}, "properties": {"value": 10.724, "time": "2025-12-01T01:00:00", "date": "2025-12-01", "hour": 1}}, {"type": "Feature", "geometry": {"type": "Point", "coordinates": [6.25, 54.25]}, "properties": {"value": 10.514, "time": "2025-12-01T01:00:00", "date": "2025-12-01", "hour": 1}}, {"type": "Feature", "geometry": {"type": "Point", "coordinates": [6.5, 54.25]}, "properties": {"value": 10.357, "time": "2025-12-01T01:00:00", "date": "2025-12-01", "hour": 1}}, {"type": "Feature", "geometry": {"type": "Point", "coordinates": [6.75, 54.25]}, "properties": {"value": 10.216, "time": "2025-12-01T01:00:00", "date": "2025-12-01", "hour": 1}}, {"type": "Feature", "geometry": {"type": "Point", "coordinates": [7.0, 54.25]}, "properties": {"value": 9.99, "time": "2025-12-01T01:00:00", "date": "2025-12-01", "hour": 1}}, {"type": "Feature", "geometry": {"type": "Point", "coordinates": [7.25, 54.25]}, "properties": {"value": 9.88, "time": "2025-12-01T01:00:00", "date": "2025-12-01", "hour": 1}}, {"type": "Feature", "geometry": {"type": "Point", "coordinates": [7.5, 54.25]}, "properties": {"value": 9.945, "time": "2025-12-01T01:00:00", "date": "2025-12-01", "hour": 1}}, {"type": "Feature", "geometry": {"type": "Point", "coordinates": [7.75, 54.25]}, "properties": {"value": 9.603, "time": "2025-12-01T01:00:00", "date": "2025-12-01", "hour": 1}}, {"type": "Feature", "geometry": {"type": "Point", "coordinates": [8.0, 54.25]}, "properties": {"value": 9.35, "time": "2025-12-01T01:00:00", "date": "2025-12-01", "hour": 1}}, {"type": "Feature", "geometry": {"type": "Point", "coordinates": [8.25, 54.25]}, "properties": {"value": 7.977, "time": "2025-12-01T01:00:00", "date": "2025-12-01", "hour": 1}}, {"type": "Feature", "geometry": {"type": "Point", "coordinates": [8.5, 54.25]}, "properties": {"value": 6.56, "time": "2025-12-01T01:00:00", "date": "2025-12-01", "hour": 1}}, {"type": "Feature", "geometry": {"type": "Point", "coordinates": [10.75, 54.25]}, "properties": {"value": 7.086, "time": "2025-12-01T01:00:00", "date": "2025-12-01", "hour": 1}}, {"type": "Feature", "geometry": {"type": "Point", "coordinates": [11.25, 54.25]}, "properties": {"value": 7.105, "time": "2025-12-01T01:00:00", "date": "2025-12-01", "hour": 1}}, {"type": "Feature", "geometry": {"type": "Point", "coordinates": [11.75, 54.25]}, "properties": {"value": 7.016, "time": "2025-12-01T01:00:00", "date": "2025-12-01", "hour": 1}}, {"type": "Feature", "geometry": {"type": "Point", "coordinates": [12.25, 54.25]}, "properties": {"value": 6.849, "time": "2025-12-01T01:00:00", "date": "2025-12-01", "hour": 1}}, {"type": "Feature", "geometry": {"type": "Point", "coordinates": [13.75, 54.25]}, "properties": {"value": 5.402, "time": "2025-12-01T01:00:00", "date": "2025-12-01", "hour": 1}}, {"type": "Feature", "geometry": {"type": "Point", "coordinates": [14.0, 54.25]}, "properties": {"value": 5.783, "time": "2025-12-01T01:00:00", "date": "2025-12-01", "hour": 1}}, {"type": "Feature", "geometry": {"type": "Point", "coordinates": [14.25, 54.25]}, "properties": {"value": 6.141, "time": "2025-12-01T01:00:00", "date": "2025-12-01", "hour": 1}}, {"type": "Feature", "geometry": {"type": "Point", "coordinates": [14.5, 54.25]}, "properties": {"value": 6.004, "time": "2025-12-01T01:00:00", "date": "2025-12-01", "hour": 1}}, {"type": "Feature", "geometry": {"type": "Point", "coordinates": [14.75, 54.25]}, "properties": {"value": 6.275, "time": "2025-12-01T01:00:00", "date": "2025-12-01", "hour": 1}}, {"type": "Feature", "geometry": {"type": "Point", "coordinates": [15.0, 54.25]}, "properties": {"value": 6.996, "time": "2025-12-01T01:00:00", "date": "2025-12-01", "hour": 1}}, {"type": "Feature", "geometry": {"type": "Point", "coordinates": [5.0, 54.5]}, "properties": {"value": 11.234, "time": "2025-12-01T01:00:00", "date": "2025-12-01", "hour": 1}}, {"type": "Feature", "geometry": {"type": "Point", "coordinates": [5.25, 54.5]}, "properties": {"value": 11.227, "time": "2025-12-01T01:00:00", "date": "2025-12-01", "hour": 1}}, {"type": "Feature", "geometry": {"type": "Point", "coordinates": [5.5, 54.5]}, "properties": {"value": 11.182, "time": "2025-12-01T01:00:00", "date": "2025-12-01", "hour": 1}}, {"type": "Feature", "geometry": {"type": "Point", "coordinates": [5.75, 54.5]}, "properties": {"value": 11.111, "time": "2025-12-01T01:00:00", "date": "2025-12-01", "hour": 1}}, {"type": "Feature", "geometry": {"type": "Point", "coordinates": [6.0, 54.5]}, "properties": {"value": 10.996, "time": "2025-12-01T01:00:00", "date": "2025-12-01", "hour": 1}}, {"type": "Feature", "geometry": {"type": "Point", "coordinates": [6.25, 54.5]}, "properties": {"value": 10.846, "time": "2025-12-01T01:00:00", "date": "2025-12-01", "hour": 1}}, {"type": "Feature", "geometry": {"type": "Point", "coordinates": [6.5, 54.5]}, "properties": {"value": 10.674, "time": "2025-12-01T01:00:00", "date": "2025-12-01", "hour": 1}}, {"type": "Feature", "geometry": {"type": "Point", "coordinates": [6.75, 54.5]}, "properties": {"value": 10.476, "time": "2025-12-01T01:00:00", "date": "2025-12-01", "hour": 1}}, {"type": "Feature", "geometry": {"type": "Point", "coordinates": [7.0, 54.5]}, "properties": {"value": 10.35, "time": "2025-12-01T01:00:00", "date": "2025-12-01", "hour": 1}}, {"type": "Feature", "geometry": {"type": "Point", "coordinates": [7.25, 54.5]}, "properties": {"value": 10.159, "time": "2025-12-01T01:00:00", "date": "2025-12-01", "hour": 1}}, {"type": "Feature", "geometry": {"type": "Point", "coordinates": [7.5, 54.5]}, "properties": {"value": 10.163, "time": "2025-12-01T01:00:00", "date": "2025-12-01", "hour": 1}}, {"type": "Feature", "geometry": {"type": "Point", "coordinates": [7.75, 54.5]}, "properties": {"value": 9.648, "time": "2025-12-01T01:00:00", "date": "2025-12-01", "hour": 1}}, {"type": "Feature", "geometry": {"type": "Point", "coordinates": [8.0, 54.5]}, "properties": {"value": 8.637, "time": "2025-12-01T01:00:00", "date": "2025-12-01", "hour": 1}}, {"type": "Feature", "geometry": {"type": "Point", "coordinates": [8.25, 54.5]}, "properties": {"value": 7.143, "time": "2025-12-01T01:00:00", "date": "2025-12-01", "hour": 1}}, {"type": "Feature", "geometry": {"type": "Point", "coordinates": [8.5, 54.5]}, "properties": {"value": 5.947, "time": "2025-12-01T01:00:00", "date": "2025-12-01", "hour": 1}}, {"type": "Feature", "geometry": {"type": "Point", "coordinates": [10.5, 54.5]}, "properties": {"value": 7.425, "time": "2025-12-01T01:00:00", "date": "2025-12-01", "hour": 1}}, {"type": "Feature", "geometry": {"type": "Point", "coordinates": [10.75, 54.5]}, "properties": {"value": 7.25, "time": "2025-12-01T01:00:00", "date": "2025-12-01", "hour": 1}}, {"type": "Feature", "geometry": {"type": "Point", "coordinates": [11.0, 54.5]}, "properties": {"value": 6.818, "time": "2025-12-01T01:00:00", "date": "2025-12-01", "hour": 1}}, {"type": "Feature", "geometry": {"type": "Point", "coordinates": [11.25, 54.5]}, "properties": {"value": 6.904, "time": "2025-12-01T01:00:00", "date": "2025-12-01", "hour": 1}}, {"type": "Feature", "geometry": {"type": "Point", "coordinates": [11.5, 54.5]}, "properties": {"value": 6.78, "time": "2025-12-01T01:00:00", "date": "2025-12-01", "hour": 1}}, {"type": "Feature", "geometry": {"type": "Point", "coordinates": [11.75, 54.5]}, "properties": {"value": 7.055, "time": "2025-12-01T01:00:00", "date": "2025-12-01", "hour": 1}}, {"type": "Feature", "geometry": {"type": "Point", "coordinates": [12.0, 54.5]}, "properties": {"value": 7.145, "time": "2025-12-01T01:00:00", "date": "2025-12-01", "hour": 1}}, {"type": "Feature", "geometry": {"type": "Point", "coordinates": [12.25, 54.5]}, "properties": {"value": 7.114, "time": "2025-12-01T01:00:00", "date": "2025-12-01", "hour": 1}}, {"type": "Feature", "geometry": {"type": "Point", "coordinates": [13.0, 54.5]}, "properties": {"value": 7.342, "time": "2025-12-01T01:00:00", "date": "2025-12-01", "hour": 1}}, {"type": "Feature", "geometry": {"type": "Point", "coordinates": [13.25, 54.5]}, "properties": {"value": 6.737, "time": "2025-12-01T01:00:00", "date": "2025-12-01", "hour": 1}}, {"type": "Feature", "geometry": {"type": "Point", "coordinates": [13.5, 54.5]}, "properties": {"value": 6.579, "time": "2025-12-01T01:00:00", "date": "2025-12-01", "hour": 1}}, {"type": "Feature", "geometry": {"type": "Point", "coordinates": [13.75, 54.5]}, "properties": {"value": 6.536, "time": "2025-12-01T01:00:00", "date": "2025-12-01", "hour": 1}}, {"type": "Feature", "geometry": {"type": "Point", "coordinates": [14.0, 54.5]}, "properties": {"value": 6.82, "time": "2025-12-01T01:00:00", "date": "2025-12-01", "hour": 1}}, {"type": "Feature", "geometry": {"type": "Point", "coordinates": [14.25, 54.5]}, "properties": {"value": 6.796, "time": "2025-12-01T01:00:00", "date": "2025-12-01", "hour": 1}}, {"type": "Feature", "geometry": {"type": "Point", "coordinates": [14.5, 54.5]}, "properties": {"value": 6.964, "time": "2025-12-01T01:00:00", "date": "2025-12-01", "hour": 1}}, {"type": "Feature", "geometry": {"type": "Point", "coordinates": [14.75, 54.5]}, "properties": {"value": 7.362, "time": "2025-12-01T01:00:00", "date": "2025-12-01", "hour": 1}}, {"type": "Feature", "geometry": {"type": "Point", "coordinates": [15.0, 54.5]}, "properties": {"value": 8.121, "time": "2025-12-01T01:00:00", "date": "2025-12-01", "hour": 1}}, {"type": "Feature", "geometry": {"type": "Point", "coordinates": [5.0, 54.75]}, "properties": {"value": 11.377, "time": "2025-12-01T01:00:00", "date": "2025-12-01", "hour": 1}}, {"type": "Feature", "geometry": {"type": "Point", "coordinates": [5.25, 54.75]}, "properties": {"value": 11.37, "time": "2025-12-01T01:00:00", "date": "2025-12-01", "hour": 1}}, {"type": "Feature", "geometry": {"type": "Point", "coordinates": [5.5, 54.75]}, "properties": {"value": 11.325, "time": "2025-12-01T01:00:00", "date": "2025-12-01", "hour": 1}}, {"type": "Feature", "geometry": {"type": "Point", "coordinates": [5.75, 54.75]}, "properties": {"value": 11.295, "time": "2025-12-01T01:00:00", "date": "2025-12-01", "hour": 1}}, {"type": "Feature", "geometry": {"type": "Point", "coordinates": [6.0, 54.75]}, "properties": {"value": 11.17, "time": "2025-12-01T01:00:00", "date": "2025-12-01", "hour": 1}}, {"type": "Feature", "geometry": {"type": "Point", "coordinates": [6.25, 54.75]}, "properties": {"value": 11.021, "time": "2025-12-01T01:00:00", "date": "2025-12-01", "hour": 1}}, {"type": "Feature", "geometry": {"type": "Point", "coordinates": [6.5, 54.75]}, "properties": {"value": 10.874, "time": "2025-12-01T01:00:00", "date": "2025-12-01", "hour": 1}}, {"type": "Feature", "geometry": {"type": "Point", "coordinates": [6.75, 54.75]}, "properties": {"value": 10.739, "time": "2025-12-01T01:00:00", "date": "2025-12-01", "hour": 1}}, {"type": "Feature", "geometry": {"type": "Point", "coordinates": [7.0, 54.75]}, "properties": {"value": 10.652, "time": "2025-12-01T01:00:00", "date": "2025-12-01", "hour": 1}}, {"type": "Feature", "geometry": {"type": "Point", "coordinates": [7.25, 54.75]}, "properties": {"value": 10.445, "time": "2025-12-01T01:00:00", "date": "2025-12-01", "hour": 1}}, {"type": "Feature", "geometry": {"type": "Point", "coordinates": [7.5, 54.75]}, "properties": {"value": 10.14, "time": "2025-12-01T01:00:00", "date": "2025-12-01", "hour": 1}}, {"type": "Feature", "geometry": {"type": "Point", "coordinates": [7.75, 54.75]}, "properties": {"value": 9.109, "time": "2025-12-01T01:00:00", "date": "2025-12-01", "hour": 1}}, {"type": "Feature", "geometry": {"type": "Point", "coordinates": [8.0, 54.75]}, "properties": {"value": 8.069, "time": "2025-12-01T01:00:00", "date": "2025-12-01", "hour": 1}}, {"type": "Feature", "geometry": {"type": "Point", "coordinates": [8.25, 54.75]}, "properties": {"value": 6.601, "time": "2025-12-01T01:00:00", "date": "2025-12-01", "hour": 1}}, {"type": "Feature", "geometry": {"type": "Point", "coordinates": [8.5, 54.75]}, "properties": {"value": 5.543, "time": "2025-12-01T01:00:00", "date": "2025-12-01", "hour": 1}}, {"type": "Feature", "geometry": {"type": "Point", "coordinates": [10.25, 54.75]}, "properties": {"value": 7.504, "time": "2025-12-01T01:00:00", "date": "2025-12-01", "hour": 1}}, {"type": "Feature", "geometry": {"type": "Point", "coordinates": [10.5, 54.75]}, "properties": {"value": 7.41, "time": "2025-12-01T01:00:00", "date": "2025-12-01", "hour": 1}}, {"type": "Feature", "geometry": {"type": "Point", "coordinates": [10.75, 54.75]}, "properties": {"value": 7.238, "time": "2025-12-01T01:00:00", "date": "2025-12-01", "hour": 1}}, {"type": "Feature", "geometry": {"type": "Point", "coordinates": [11.0, 54.75]}, "properties": {"value": 6.764, "time": "2025-12-01T01:00:00", "date": "2025-12-01", "hour": 1}}, {"type": "Feature", "geometry": {"type": "Point", "coordinates": [11.25, 54.75]}, "properties": {"value": 6.362, "time": "2025-12-01T01:00:00", "date": "2025-12-01", "hour": 1}}, {"type": "Feature", "geometry": {"type": "Point", "coordinates": [11.5, 54.75]}, "properties": {"value": 6.158, "time": "2025-12-01T01:00:00", "date": "2025-12-01", "hour": 1}}, {"type": "Feature", "geometry": {"type": "Point", "coordinates": [12.0, 54.75]}, "properties": {"value": 6.814, "time": "2025-12-01T01:00:00", "date": "2025-12-01", "hour": 1}}, {"type": "Feature", "geometry": {"type": "Point", "coordinates": [12.25, 54.75]}, "properties": {"value": 7.346, "time": "2025-12-01T01:00:00", "date": "2025-12-01", "hour": 1}}, {"type": "Feature", "geometry": {"type": "Point", "coordinates": [12.5, 54.75]}, "properties": {"value": 7.81, "time": "2025-12-01T01:00:00", "date": "2025-12-01", "hour": 1}}, {"type": "Feature", "geometry": {"type": "Point", "coordinates": [12.75, 54.75]}, "properties": {"value": 7.889, "time": "2025-12-01T01:00:00", "date": "2025-12-01", "hour": 1}}, {"type": "Feature", "geometry": {"type": "Point", "coordinates": [13.0, 54.75]}, "properties": {"value": 7.566, "time": "2025-12-01T01:00:00", "date": "2025-12-01", "hour": 1}}, {"type": "Feature", "geometry": {"type": "Point", "coordinates": [13.25, 54.75]}, "properties": {"value": 7.671, "time": "2025-12-01T01:00:00", "date": "2025-12-01", "hour": 1}}, {"type": "Feature", "geometry": {"type": "Point", "coordinates": [13.5, 54.75]}, "properties": {"value": 7.972, "time": "2025-12-01T01:00:00", "date": "2025-12-01", "hour": 1}}, {"type": "Feature", "geometry": {"type": "Point", "coordinates": [13.75, 54.75]}, "properties": {"value": 7.929, "time": "2025-12-01T01:00:00", "date": "2025-12-01", "hour": 1}}, {"type": "Feature", "geometry": {"type": "Point", "coordinates": [14.0, 54.75]}, "properties": {"value": 7.74, "time": "2025-12-01T01:00:00", "date": "2025-12-01", "hour": 1}}, {"type": "Feature", "geometry": {"type": "Point", "coordinates": [14.25, 54.75]}, "properties": {"value": 7.718, "time": "2025-12-01T01:00:00", "date": "2025-12-01", "hour": 1}}, {"type": "Feature", "geometry": {"type": "Point", "coordinates": [14.5, 54.75]}, "properties": {"value": 8.043, "time": "2025-12-01T01:00:00", "date": "2025-12-01", "hour": 1}}, {"type": "Feature", "geometry": {"type": "Point", "coordinates": [14.75, 54.75]}, "properties": {"value": 8.412, "time": "2025-12-01T01:00:00", "date": "2025-12-01", "hour": 1}}, {"type": "Feature", "geometry": {"type": "Point", "coordinates": [15.0, 54.75]}, "properties": {"value": 8.611, "time": "2025-12-01T01:00:00", "date": "2025-12-01", "hour": 1}}, {"type": "Feature", "geometry": {"type": "Point", "coordinates": [5.0, 55.0]}, "properties": {"value": 11.326, "time": "2025-12-01T01:00:00", "date": "2025-12-01", "hour": 1}}, {"type": "Feature", "geometry": {"type": "Point", "coordinates": [5.25, 55.0]}, "properties": {"value": 11.343, "time": "2025-12-01T01:00:00", "date": "2025-12-01", "hour": 1}}, {"type": "Feature", "geometry": {"type": "Point", "coordinates": [5.5, 55.0]}, "properties": {"value": 11.327, "time": "2025-12-01T01:00:00", "date": "2025-12-01", "hour": 1}}, {"type": "Feature", "geometry": {"type": "Point", "coordinates": [5.75, 55.0]}, "properties": {"value": 11.297, "time": "2025-12-01T01:00:00", "date": "2025-12-01", "hour": 1}}, {"type": "Feature", "geometry": {"type": "Point", "coordinates": [6.0, 55.0]}, "properties": {"value": 11.252, "time": "2025-12-01T01:00:00", "date": "2025-12-01", "hour": 1}}, {"type": "Feature", "geometry": {"type": "Point", "coordinates": [6.25, 55.0]}, "properties": {"value": 11.197, "time": "2025-12-01T01:00:00", "date": "2025-12-01", "hour": 1}}, {"type": "Feature", "geometry": {"type": "Point", "coordinates": [6.5, 55.0]}, "properties": {"value": 11.076, "time": "2025-12-01T01:00:00", "date": "2025-12-01", "hour": 1}}, {"type": "Feature", "geometry": {"type": "Point", "coordinates": [6.75, 55.0]}, "properties": {"value": 10.934, "time": "2025-12-01T01:00:00", "date": "2025-12-01", "hour": 1}}, {"type": "Feature", "geometry": {"type": "Point", "coordinates": [7.0, 55.0]}, "properties": {"value": 10.756, "time": "2025-12-01T01:00:00", "date": "2025-12-01", "hour": 1}}, {"type": "Feature", "geometry": {"type": "Point", "coordinates": [7.25, 55.0]}, "properties": {"value": 10.379, "time": "2025-12-01T01:00:00", "date": "2025-12-01", "hour": 1}}, {"type": "Feature", "geometry": {"type": "Point", "coordinates": [7.5, 55.0]}, "properties": {"value": 10.018, "time": "2025-12-01T01:00:00", "date": "2025-12-01", "hour": 1}}, {"type": "Feature", "geometry": {"type": "Point", "coordinates": [7.75, 55.0]}, "properties": {"value": 8.956, "time": "2025-12-01T01:00:00", "date": "2025-12-01", "hour": 1}}, {"type": "Feature", "geometry": {"type": "Point", "coordinates": [8.0, 55.0]}, "properties": {"value": 7.974, "time": "2025-12-01T01:00:00", "date": "2025-12-01", "hour": 1}}, {"type": "Feature", "geometry": {"type": "Point", "coordinates": [8.25, 55.0]}, "properties": {"value": 6.612, "time": "2025-12-01T01:00:00", "date": "2025-12-01", "hour": 1}}, {"type": "Feature", "geometry": {"type": "Point", "coordinates": [8.5, 55.0]}, "properties": {"value": 5.574, "time": "2025-12-01T01:00:00", "date": "2025-12-01", "hour": 1}}, {"type": "Feature", "geometry": {"type": "Point", "coordinates": [10.25, 55.0]}, "properties": {"value": 6.633, "time": "2025-12-01T01:00:00", "date": "2025-12-01", "hour": 1}}, {"type": "Feature", "geometry": {"type": "Point", "coordinates": [10.5, 55.0]}, "properties": {"value": 6.71, "time": "2025-12-01T01:00:00", "date": "2025-12-01", "hour": 1}}, {"type": "Feature", "geometry": {"type": "Point", "coordinates": [10.75, 55.0]}, "properties": {"value": 6.785, "time": "2025-12-01T01:00:00", "date": "2025-12-01", "hour": 1}}, {"type": "Feature", "geometry": {"type": "Point", "coordinates": [11.0, 55.0]}, "properties": {"value": 6.573, "time": "2025-12-01T01:00:00", "date": "2025-12-01", "hour": 1}}, {"type": "Feature", "geometry": {"type": "Point", "coordinates": [11.25, 55.0]}, "properties": {"value": 6.254, "time": "2025-12-01T01:00:00", "date": "2025-12-01", "hour": 1}}, {"type": "Feature", "geometry": {"type": "Point", "coordinates": [11.5, 55.0]}, "properties": {"value": 6.016, "time": "2025-12-01T01:00:00", "date": "2025-12-01", "hour": 1}}, {"type": "Feature", "geometry": {"type": "Point", "coordinates": [11.75, 55.0]}, "properties": {"value": 5.739, "time": "2025-12-01T01:00:00", "date": "2025-12-01", "hour": 1}}, {"type": "Feature", "geometry": {"type": "Point", "coordinates": [12.0, 55.0]}, "properties": {"value": 6.229, "time": "2025-12-01T01:00:00", "date": "2025-12-01", "hour": 1}}, {"type": "Feature", "geometry": {"type": "Point", "coordinates": [12.25, 55.0]}, "properties": {"value": 6.941, "time": "2025-12-01T01:00:00", "date": "2025-12-01", "hour": 1}}, {"type": "Feature", "geometry": {"type": "Point", "coordinates": [12.5, 55.0]}, "properties": {"value": 7.794, "time": "2025-12-01T01:00:00", "date": "2025-12-01", "hour": 1}}, {"type": "Feature", "geometry": {"type": "Point", "coordinates": [12.75, 55.0]}, "properties": {"value": 8.024, "time": "2025-12-01T01:00:00", "date": "2025-12-01", "hour": 1}}, {"type": "Feature", "geometry": {"type": "Point", "coordinates": [13.0, 55.0]}, "properties": {"value": 8.186, "time": "2025-12-01T01:00:00", "date": "2025-12-01", "hour": 1}}, {"type": "Feature", "geometry": {"type": "Point", "coordinates": [13.25, 55.0]}, "properties": {"value": 8.29, "time": "2025-12-01T01:00:00", "date": "2025-12-01", "hour": 1}}, {"type": "Feature", "geometry": {"type": "Point", "coordinates": [13.5, 55.0]}, "properties": {"value": 8.34, "time": "2025-12-01T01:00:00", "date": "2025-12-01", "hour": 1}}, {"type": "Feature", "geometry": {"type": "Point", "coordinates": [13.75, 55.0]}, "properties": {"value": 8.402, "time": "2025-12-01T01:00:00", "date": "2025-12-01", "hour": 1}}, {"type": "Feature", "geometry": {"type": "Point", "coordinates": [14.0, 55.0]}, "properties": {"value": 8.359, "time": "2025-12-01T01:00:00", "date": "2025-12-01", "hour": 1}}, {"type": "Feature", "geometry": {"type": "Point", "coordinates": [14.25, 55.0]}, "properties": {"value": 8.27, "time": "2025-12-01T01:00:00", "date": "2025-12-01", "hour": 1}}, {"type": "Feature", "geometry": {"type": "Point", "coordinates": [14.5, 55.0]}, "properties": {"value": 8.167, "time": "2025-12-01T01:00:00", "date": "2025-12-01", "hour": 1}}, {"type": "Feature", "geometry": {"type": "Point", "coordinates": [14.75, 55.0]}, "properties": {"value": 8.191, "time": "2025-12-01T01:00:00", "date": "2025-12-01", "hour": 1}}, {"type": "Feature", "geometry": {"type": "Point", "coordinates": [15.0, 55.0]}, "properties": {"value": 8.269, "time": "2025-12-01T01:00:00", "date": "2025-12-01", "hour": 1}}, {"type": "Feature", "geometry": {"type": "Point", "coordinates": [5.25, 52.75]}, "properties": {"value": 5.87, "time": "2025-12-01T02:00:00", "date": "2025-12-01", "hour": 2}}, {"type": "Feature", "geometry": {"type": "Point", "coordinates": [5.5, 52.75]}, "properties": {"value": 5.874, "time": "2025-12-01T02:00:00", "date": "2025-12-01", "hour": 2}}, {"type": "Feature", "geometry": {"type": "Point", "coordinates": [5.0, 53.0]}, "properties": {"value": 7.136, "time": "2025-12-01T02:00:00", "date": "2025-12-01", "hour": 2}}, {"type": "Feature", "geometry": {"type": "Point", "coordinates": [5.25, 53.0]}, "properties": {"value": 6.372, "time": "2025-12-01T02:00:00", "date": "2025-12-01", "hour": 2}}, {"type": "Feature", "geometry": {"type": "Point", "coordinates": [5.5, 53.0]}, "properties": {"value": 5.806, "time": "2025-12-01T02:00:00", "date": "2025-12-01", "hour": 2}}, {"type": "Feature", "geometry": {"type": "Point", "coordinates": [5.0, 53.25]}, "properties": {"value": 8.133, "time": "2025-12-01T02:00:00", "date": "2025-12-01", "hour": 2}}, {"type": "Feature", "geometry": {"type": "Point", "coordinates": [5.25, 53.25]}, "properties": {"value": 7.078, "time": "2025-12-01T02:00:00", "date": "2025-12-01", "hour": 2}}, {"type": "Feature", "geometry": {"type": "Point", "coordinates": [5.5, 53.25]}, "properties": {"value": 6.443, "time": "2025-12-01T02:00:00", "date": "2025-12-01", "hour": 2}}, {"type": "Feature", "geometry": {"type": "Point", "coordinates": [5.0, 53.5]}, "properties": {"value": 9.858, "time": "2025-12-01T02:00:00", "date": "2025-12-01", "hour": 2}}, {"type": "Feature", "geometry": {"type": "Point", "coordinates": [5.25, 53.5]}, "properties": {"value": 9.263, "time": "2025-12-01T02:00:00", "date": "2025-12-01", "hour": 2}}, {"type": "Feature", "geometry": {"type": "Point", "coordinates": [5.5, 53.5]}, "properties": {"value": 9.037, "time": "2025-12-01T02:00:00", "date": "2025-12-01", "hour": 2}}, {"type": "Feature", "geometry": {"type": "Point", "coordinates": [5.75, 53.5]}, "properties": {"value": 8.363, "time": "2025-12-01T02:00:00", "date": "2025-12-01", "hour": 2}}, {"type": "Feature", "geometry": {"type": "Point", "coordinates": [6.0, 53.5]}, "properties": {"value": 7.583, "time": "2025-12-01T02:00:00", "date": "2025-12-01", "hour": 2}}, {"type": "Feature", "geometry": {"type": "Point", "coordinates": [6.25, 53.5]}, "properties": {"value": 6.762, "time": "2025-12-01T02:00:00", "date": "2025-12-01", "hour": 2}}, {"type": "Feature", "geometry": {"type": "Point", "coordinates": [6.5, 53.5]}, "properties": {"value": 6.362, "time": "2025-12-01T02:00:00", "date": "2025-12-01", "hour": 2}}, {"type": "Feature", "geometry": {"type": "Point", "coordinates": [6.75, 53.5]}, "properties": {"value": 5.656, "time": "2025-12-01T02:00:00", "date": "2025-12-01", "hour": 2}}, {"type": "Feature", "geometry": {"type": "Point", "coordinates": [5.0, 53.75]}, "properties": {"value": 10.558, "time": "2025-12-01T02:00:00", "date": "2025-12-01", "hour": 2}}, {"type": "Feature", "geometry": {"type": "Point", "coordinates": [5.25, 53.75]}, "properties": {"value": 10.271, "time": "2025-12-01T02:00:00", "date": "2025-12-01", "hour": 2}}, {"type": "Feature", "geometry": {"type": "Point", "coordinates": [5.5, 53.75]}, "properties": {"value": 10.048, "time": "2025-12-01T02:00:00", "date": "2025-12-01", "hour": 2}}, {"type": "Feature", "geometry": {"type": "Point", "coordinates": [5.75, 53.75]}, "properties": {"value": 9.769, "time": "2025-12-01T02:00:00", "date": "2025-12-01", "hour": 2}}, {"type": "Feature", "geometry": {"type": "Point", "coordinates": [6.0, 53.75]}, "properties": {"value": 9.163, "time": "2025-12-01T02:00:00", "date": "2025-12-01", "hour": 2}}, {"type": "Feature", "geometry": {"type": "Point", "coordinates": [6.25, 53.75]}, "properties": {"value": 8.853, "time": "2025-12-01T02:00:00", "date": "2025-12-01", "hour": 2}}, {"type": "Feature", "geometry": {"type": "Point", "coordinates": [6.5, 53.75]}, "properties": {"value": 8.424, "time": "2025-12-01T02:00:00", "date": "2025-12-01", "hour": 2}}, {"type": "Feature", "geometry": {"type": "Point", "coordinates": [6.75, 53.75]}, "properties": {"value": 7.902, "time": "2025-12-01T02:00:00", "date": "2025-12-01", "hour": 2}}, {"type": "Feature", "geometry": {"type": "Point", "coordinates": [7.0, 53.75]}, "properties": {"value": 8.203, "time": "2025-12-01T02:00:00", "date": "2025-12-01", "hour": 2}}, {"type": "Feature", "geometry": {"type": "Point", "coordinates": [7.25, 53.75]}, "properties": {"value": 7.675, "time": "2025-12-01T02:00:00", "date": "2025-12-01", "hour": 2}}, {"type": "Feature", "geometry": {"type": "Point", "coordinates": [7.5, 53.75]}, "properties": {"value": 7.903, "time": "2025-12-01T02:00:00", "date": "2025-12-01", "hour": 2}}, {"type": "Feature", "geometry": {"type": "Point", "coordinates": [7.75, 53.75]}, "properties": {"value": 7.942, "time": "2025-12-01T02:00:00", "date": "2025-12-01", "hour": 2}}, {"type": "Feature", "geometry": {"type": "Point", "coordinates": [8.0, 53.75]}, "properties": {"value": 7.827, "time": "2025-12-01T02:00:00", "date": "2025-12-01", "hour": 2}}, {"type": "Feature", "geometry": {"type": "Point", "coordinates": [8.25, 53.75]}, "properties": {"value": 7.053, "time": "2025-12-01T02:00:00", "date": "2025-12-01", "hour": 2}}, {"type": "Feature", "geometry": {"type": "Point", "coordinates": [8.5, 53.75]}, "properties": {"value": 6.125, "time": "2025-12-01T02:00:00", "date": "2025-12-01", "hour": 2}}, {"type": "Feature", "geometry": {"type": "Point", "coordinates": [8.75, 53.75]}, "properties": {"value": 6.125, "time": "2025-12-01T02:00:00", "date": "2025-12-01", "hour": 2}}, {"type": "Feature", "geometry": {"type": "Point", "coordinates": [14.25, 53.75]}, "properties": {"value": 3.644, "time": "2025-12-01T02:00:00", "date": "2025-12-01", "hour": 2}}, {"type": "Feature", "geometry": {"type": "Point", "coordinates": [14.5, 53.75]}, "properties": {"value": 3.644, "time": "2025-12-01T02:00:00", "date": "2025-12-01", "hour": 2}}, {"type": "Feature", "geometry": {"type": "Point", "coordinates": [5.0, 54.0]}, "properties": {"value": 10.988, "time": "2025-12-01T02:00:00", "date": "2025-12-01", "hour": 2}}, {"type": "Feature", "geometry": {"type": "Point", "coordinates": [5.25, 54.0]}, "properties": {"value": 10.926, "time": "2025-12-01T02:00:00", "date": "2025-12-01", "hour": 2}}, {"type": "Feature", "geometry": {"type": "Point", "coordinates": [5.5, 54.0]}, "properties": {"value": 10.704, "time": "2025-12-01T02:00:00", "date": "2025-12-01", "hour": 2}}, {"type": "Feature", "geometry": {"type": "Point", "coordinates": [5.75, 54.0]}, "properties": {"value": 10.472, "time": "2025-12-01T02:00:00", "date": "2025-12-01", "hour": 2}}, {"type": "Feature", "geometry": {"type": "Point", "coordinates": [6.0, 54.0]}, "properties": {"value": 10.25, "time": "2025-12-01T02:00:00", "date": "2025-12-01", "hour": 2}}, {"type": "Feature", "geometry": {"type": "Point", "coordinates": [6.25, 54.0]}, "properties": {"value": 9.99, "time": "2025-12-01T02:00:00", "date": "2025-12-01", "hour": 2}}, {"type": "Feature", "geometry": {"type": "Point", "coordinates": [6.5, 54.0]}, "properties": {"value": 9.624, "time": "2025-12-01T02:00:00", "date": "2025-12-01", "hour": 2}}, {"type": "Feature", "geometry": {"type": "Point", "coordinates": [6.75, 54.0]}, "properties": {"value": 9.527, "time": "2025-12-01T02:00:00", "date": "2025-12-01", "hour": 2}}, {"type": "Feature", "geometry": {"type": "Point", "coordinates": [7.0, 54.0]}, "properties": {"value": 9.269, "time": "2025-12-01T02:00:00", "date": "2025-12-01", "hour": 2}}, {"type": "Feature", "geometry": {"type": "Point", "coordinates": [7.25, 54.0]}, "properties": {"value": 8.917, "time": "2025-12-01T02:00:00", "date": "2025-12-01", "hour": 2}}, {"type": "Feature", "geometry": {"type": "Point", "coordinates": [7.5, 54.0]}, "properties": {"value": 9.058, "time": "2025-12-01T02:00:00", "date": "2025-12-01", "hour": 2}}, {"type": "Feature", "geometry": {"type": "Point", "coordinates": [7.75, 54.0]}, "properties": {"value": 9.069, "time": "2025-12-01T02:00:00", "date": "2025-12-01", "hour": 2}}, {"type": "Feature", "geometry": {"type": "Point", "coordinates": [8.0, 54.0]}, "properties": {"value": 8.935, "time": "2025-12-01T02:00:00", "date": "2025-12-01", "hour": 2}}, {"type": "Feature", "geometry": {"type": "Point", "coordinates": [8.25, 54.0]}, "properties": {"value": 8.35, "time": "2025-12-01T02:00:00", "date": "2025-12-01", "hour": 2}}, {"type": "Feature", "geometry": {"type": "Point", "coordinates": [8.5, 54.0]}, "properties": {"value": 6.885, "time": "2025-12-01T02:00:00", "date": "2025-12-01", "hour": 2}}, {"type": "Feature", "geometry": {"type": "Point", "coordinates": [11.25, 54.0]}, "properties": {"value": 6.933, "time": "2025-12-01T02:00:00", "date": "2025-12-01", "hour": 2}}, {"type": "Feature", "geometry": {"type": "Point", "coordinates": [14.0, 54.0]}, "properties": {"value": 5.097, "time": "2025-12-01T02:00:00", "date": "2025-12-01", "hour": 2}}, {"type": "Feature", "geometry": {"type": "Point", "coordinates": [14.25, 54.0]}, "properties": {"value": 5.69, "time": "2025-12-01T02:00:00", "date": "2025-12-01", "hour": 2}}, {"type": "Feature", "geometry": {"type": "Point", "coordinates": [14.5, 54.0]}, "properties": {"value": 5.4, "time": "2025-12-01T02:00:00", "date": "2025-12-01", "hour": 2}}, {"type": "Feature", "geometry": {"type": "Point", "coordinates": [14.75, 54.0]}, "properties": {"value": 5.837, "time": "2025-12-01T02:00:00", "date": "2025-12-01", "hour": 2}}, {"type": "Feature", "geometry": {"type": "Point", "coordinates": [5.0, 54.25]}, "properties": {"value": 11.138, "time": "2025-12-01T02:00:00", "date": "2025-12-01", "hour": 2}}, {"type": "Feature", "geometry": {"type": "Point", "coordinates": [5.25, 54.25]}, "properties": {"value": 11.073, "time": "2025-12-01T02:00:00", "date": "2025-12-01", "hour": 2}}, {"type": "Feature", "geometry": {"type": "Point", "coordinates": [5.5, 54.25]}, "properties": {"value": 11.028, "time": "2025-12-01T02:00:00", "date": "2025-12-01", "hour": 2}}, {"type": "Feature", "geometry": {"type": "Point", "coordinates": [5.75, 54.25]}, "properties": {"value": 10.833, "time": "2025-12-01T02:00:00", "date": "2025-12-01", "hour": 2}}, {"type": "Feature", "geometry": {"type": "Point", "coordinates": [6.0, 54.25]}, "properties": {"value": 10.724, "time": "2025-12-01T02:00:00", "date": "2025-12-01", "hour": 2}}, {"type": "Feature", "geometry": {"type": "Point", "coordinates": [6.25, 54.25]}, "properties": {"value": 10.514, "time": "2025-12-01T02:00:00", "date": "2025-12-01", "hour": 2}}, {"type": "Feature", "geometry": {"type": "Point", "coordinates": [6.5, 54.25]}, "properties": {"value": 10.357, "time": "2025-12-01T02:00:00", "date": "2025-12-01", "hour": 2}}, {"type": "Feature", "geometry": {"type": "Point", "coordinates": [6.75, 54.25]}, "properties": {"value": 10.216, "time": "2025-12-01T02:00:00", "date": "2025-12-01", "hour": 2}}, {"type": "Feature", "geometry": {"type": "Point", "coordinates": [7.0, 54.25]}, "properties": {"value": 9.99, "time": "2025-12-01T02:00:00", "date": "2025-12-01", "hour": 2}}, {"type": "Feature", "geometry": {"type": "Point", "coordinates": [7.25, 54.25]}, "properties": {"value": 9.88, "time": "2025-12-01T02:00:00", "date": "2025-12-01", "hour": 2}}, {"type": "Feature", "geometry": {"type": "Point", "coordinates": [7.5, 54.25]}, "properties": {"value": 9.945, "time": "2025-12-01T02:00:00", "date": "2025-12-01", "hour": 2}}, {"type": "Feature", "geometry": {"type": "Point", "coordinates": [7.75, 54.25]}, "properties": {"value": 9.603, "time": "2025-12-01T02:00:00", "date": "2025-12-01", "hour": 2}}, {"type": "Feature", "geometry": {"type": "Point", "coordinates": [8.0, 54.25]}, "properties": {"value": 9.35, "time": "2025-12-01T02:00:00", "date": "2025-12-01", "hour": 2}}, {"type": "Feature", "geometry": {"type": "Point", "coordinates": [8.25, 54.25]}, "properties": {"value": 7.977, "time": "2025-12-01T02:00:00", "date": "2025-12-01", "hour": 2}}, {"type": "Feature", "geometry": {"type": "Point", "coordinates": [8.5, 54.25]}, "properties": {"value": 6.56, "time": "2025-12-01T02:00:00", "date": "2025-12-01", "hour": 2}}, {"type": "Feature", "geometry": {"type": "Point", "coordinates": [10.75, 54.25]}, "properties": {"value": 7.086, "time": "2025-12-01T02:00:00", "date": "2025-12-01", "hour": 2}}, {"type": "Feature", "geometry": {"type": "Point", "coordinates": [11.25, 54.25]}, "properties": {"value": 7.105, "time": "2025-12-01T02:00:00", "date": "2025-12-01", "hour": 2}}, {"type": "Feature", "geometry": {"type": "Point", "coordinates": [11.75, 54.25]}, "properties": {"value": 7.016, "time": "2025-12-01T02:00:00", "date": "2025-12-01", "hour": 2}}, {"type": "Feature", "geometry": {"type": "Point", "coordinates": [12.25, 54.25]}, "properties": {"value": 6.849, "time": "2025-12-01T02:00:00", "date": "2025-12-01", "hour": 2}}, {"type": "Feature", "geometry": {"type": "Point", "coordinates": [13.75, 54.25]}, "properties": {"value": 5.402, "time": "2025-12-01T02:00:00", "date": "2025-12-01", "hour": 2}}, {"type": "Feature", "geometry": {"type": "Point", "coordinates": [14.0, 54.25]}, "properties": {"value": 5.783, "time": "2025-12-01T02:00:00", "date": "2025-12-01", "hour": 2}}, {"type": "Feature", "geometry": {"type": "Point", "coordinates": [14.25, 54.25]}, "properties": {"value": 6.141, "time": "2025-12-01T02:00:00", "date": "2025-12-01", "hour": 2}}, {"type": "Feature", "geometry": {"type": "Point", "coordinates": [14.5, 54.25]}, "properties": {"value": 6.004, "time": "2025-12-01T02:00:00", "date": "2025-12-01", "hour": 2}}, {"type": "Feature", "geometry": {"type": "Point", "coordinates": [14.75, 54.25]}, "properties": {"value": 6.275, "time": "2025-12-01T02:00:00", "date": "2025-12-01", "hour": 2}}, {"type": "Feature", "geometry": {"type": "Point", "coordinates": [15.0, 54.25]}, "properties": {"value": 6.996, "time": "2025-12-01T02:00:00", "date": "2025-12-01", "hour": 2}}, {"type": "Feature", "geometry": {"type": "Point", "coordinates": [5.0, 54.5]}, "properties": {"value": 11.234, "time": "2025-12-01T02:00:00", "date": "2025-12-01", "hour": 2}}, {"type": "Feature", "geometry": {"type": "Point", "coordinates": [5.25, 54.5]}, "properties": {"value": 11.227, "time": "2025-12-01T02:00:00", "date": "2025-12-01", "hour": 2}}, {"type": "Feature", "geometry": {"type": "Point", "coordinates": [5.5, 54.5]}, "properties": {"value": 11.182, "time": "2025-12-01T02:00:00", "date": "2025-12-01", "hour": 2}}, {"type": "Feature", "geometry": {"type": "Point", "coordinates": [5.75, 54.5]}, "properties": {"value": 11.111, "time": "2025-12-01T02:00:00", "date": "2025-12-01", "hour": 2}}, {"type": "Feature", "geometry": {"type": "Point", "coordinates": [6.0, 54.5]}, "properties": {"value": 10.996, "time": "2025-12-01T02:00:00", "date": "2025-12-01", "hour": 2}}, {"type": "Feature", "geometry": {"type": "Point", "coordinates": [6.25, 54.5]}, "properties": {"value": 10.846, "time": "2025-12-01T02:00:00", "date": "2025-12-01", "hour": 2}}, {"type": "Feature", "geometry": {"type": "Point", "coordinates": [6.5, 54.5]}, "properties": {"value": 10.674, "time": "2025-12-01T02:00:00", "date": "2025-12-01", "hour": 2}}, {"type": "Feature", "geometry": {"type": "Point", "coordinates": [6.75, 54.5]}, "properties": {"value": 10.476, "time": "2025-12-01T02:00:00", "date": "2025-12-01", "hour": 2}}, {"type": "Feature", "geometry": {"type": "Point", "coordinates": [7.0, 54.5]}, "properties": {"value": 10.35, "time": "2025-12-01T02:00:00", "date": "2025-12-01", "hour": 2}}, {"type": "Feature", "geometry": {"type": "Point", "coordinates": [7.25, 54.5]}, "properties": {"value": 10.159, "time": "2025-12-01T02:00:00", "date": "2025-12-01", "hour": 2}}, {"type": "Feature", "geometry": {"type": "Point", "coordinates": [7.5, 54.5]}, "properties": {"value": 10.163, "time": "2025-12-01T02:00:00", "date": "2025-12-01", "hour": 2}}, {"type": "Feature", "geometry": {"type": "Point", "coordinates": [7.75, 54.5]}, "properties": {"value": 9.648, "time": "2025-12-01T02:00:00", "date": "2025-12-01", "hour": 2}}, {"type": "Feature", "geometry": {"type": "Point", "coordinates": [8.0, 54.5]}, "properties": {"value": 8.637, "time": "2025-12-01T02:00:00", "date": "2025-12-01", "hour": 2}}, {"type": "Feature", "geometry": {"type": "Point", "coordinates": [8.25, 54.5]}, "properties": {"value": 7.143, "time": "2025-12-01T02:00:00", "date": "2025-12-01", "hour": 2}}, {"type": "Feature", "geometry": {"type": "Point", "coordinates": [8.5, 54.5]}, "properties": {"value": 5.947, "time": "2025-12-01T02:00:00", "date": "2025-12-01", "hour": 2}}, {"type": "Feature", "geometry": {"type": "Point", "coordinates": [10.5, 54.5]}, "properties": {"value": 7.425, "time": "2025-12-01T02:00:00", "date": "2025-12-01", "hour": 2}}, {"type": "Feature", "geometry": {"type": "Point", "coordinates": [10.75, 54.5]}, "properties": {"value": 7.25, "time": "2025-12-01T02:00:00", "date": "2025-12-01", "hour": 2}}, {"type": "Feature", "geometry": {"type": "Point", "coordinates": [11.0, 54.5]}, "properties": {"value": 6.818, "time": "2025-12-01T02:00:00", "date": "2025-12-01", "hour": 2}}, {"type": "Feature", "geometry": {"type": "Point", "coordinates": [11.25, 54.5]}, "properties": {"value": 6.904, "time": "2025-12-01T02:00:00", "date": "2025-12-01", "hour": 2}}, {"type": "Feature", "geometry": {"type": "Point", "coordinates": [11.5, 54.5]}, "properties": {"value": 6.78, "time": "2025-12-01T02:00:00", "date": "2025-12-01", "hour": 2}}, {"type": "Feature", "geometry": {"type": "Point", "coordinates": [11.75, 54.5]}, "properties": {"value": 7.055, "time": "2025-12-01T02:00:00", "date": "2025-12-01", "hour": 2}}, {"type": "Feature", "geometry": {"type": "Point", "coordinates": [12.0, 54.5]}, "properties": {"value": 7.145, "time": "2025-12-01T02:00:00", "date": "2025-12-01", "hour": 2}}, {"type": "Feature", "geometry": {"type": "Point", "coordinates": [12.25, 54.5]}, "properties": {"value": 7.114, "time": "2025-12-01T02:00:00", "date": "2025-12-01", "hour": 2}}, {"type": "Feature", "geometry": {"type": "Point", "coordinates": [13.0, 54.5]}, "properties": {"value": 7.342, "time": "2025-12-01T02:00:00", "date": "2025-12-01", "hour": 2}}, {"type": "Feature", "geometry": {"type": "Point", "coordinates": [13.25, 54.5]}, "properties": {"value": 6.737, "time": "2025-12-01T02:00:00", "date": "2025-12-01", "hour": 2}}, {"type": "Feature", "geometry": {"type": "Point", "coordinates": [13.5, 54.5]}, "properties": {"value": 6.579, "time": "2025-12-01T02:00:00", "date": "2025-12-01", "hour": 2}}, {"type": "Feature", "geometry": {"type": "Point", "coordinates": [13.75, 54.5]}, "properties": {"value": 6.536, "time": "2025-12-01T02:00:00", "date": "2025-12-01", "hour": 2}}, {"type": "Feature", "geometry": {"type": "Point", "coordinates": [14.0, 54.5]}, "properties": {"value": 6.82, "time": "2025-12-01T02:00:00", "date": "2025-12-01", "hour": 2}}, {"type": "Feature", "geometry": {"type": "Point", "coordinates": [14.25, 54.5]}, "properties": {"value": 6.796, "time": "2025-12-01T02:00:00", "date": "2025-12-01", "hour": 2}}, {"type": "Feature", "geometry": {"type": "Point", "coordinates": [14.5, 54.5]}, "properties": {"value": 6.964, "time": "2025-12-01T02:00:00", "date": "2025-12-01", "hour": 2}}, {"type": "Feature", "geometry": {"type": "Point", "coordinates": [14.75, 54.5]}, "properties": {"value": 7.362, "time": "2025-12-01T02:00:00", "date": "2025-12-01", "hour": 2}}, {"type": "Feature", "geometry": {"type": "Point", "coordinates": [15.0, 54.5]}, "properties": {"value": 8.121, "time": "2025-12-01T02:00:00", "date": "2025-12-01", "hour": 2}}, {"type": "Feature", "geometry": {"type": "Point", "coordinates": [5.0, 54.75]}, "properties": {"value": 11.377, "time": "2025-12-01T02:00:00", "date": "2025-12-01", "hour": 2}}, {"type": "Feature", "geometry": {"type": "Point", "coordinates": [5.25, 54.75]}, "properties": {"value": 11.37, "time": "2025-12-01T02:00:00", "date": "2025-12-01", "hour": 2}}, {"type": "Feature", "geometry": {"type": "Point", "coordinates": [5.5, 54.75]}, "properties": {"value": 11.325, "time": "2025-12-01T02:00:00", "date": "2025-12-01", "hour": 2}}, {"type": "Feature", "geometry": {"type": "Point", "coordinates": [5.75, 54.75]}, "properties": {"value": 11.295, "time": "2025-12-01T02:00:00", "date": "2025-12-01", "hour": 2}}, {"type": "Feature", "geometry": {"type": "Point", "coordinates": [6.0, 54.75]}, "properties": {"value": 11.17, "time": "2025-12-01T02:00:00", "date": "2025-12-01", "hour": 2}}, {"type": "Feature", "geometry": {"type": "Point", "coordinates": [6.25, 54.75]}, "properties": {"value": 11.021, "time": "2025-12-01T02:00:00", "date": "2025-12-01", "hour": 2}}, {"type": "Feature", "geometry": {"type": "Point", "coordinates": [6.5, 54.75]}, "properties": {"value": 10.874, "time": "2025-12-01T02:00:00", "date": "2025-12-01", "hour": 2}}, {"type": "Feature", "geometry": {"type": "Point", "coordinates": [6.75, 54.75]}, "properties": {"value": 10.739, "time": "2025-12-01T02:00:00", "date": "2025-12-01", "hour": 2}}, {"type": "Feature", "geometry": {"type": "Point", "coordinates": [7.0, 54.75]}, "properties": {"value": 10.652, "time": "2025-12-01T02:00:00", "date": "2025-12-01", "hour": 2}}, {"type": "Feature", "geometry": {"type": "Point", "coordinates": [7.25, 54.75]}, "properties": {"value": 10.445, "time": "2025-12-01T02:00:00", "date": "2025-12-01", "hour": 2}}, {"type": "Feature", "geometry": {"type": "Point", "coordinates": [7.5, 54.75]}, "properties": {"value": 10.14, "time": "2025-12-01T02:00:00", "date": "2025-12-01", "hour": 2}}, {"type": "Feature", "geometry": {"type": "Point", "coordinates": [7.75, 54.75]}, "properties": {"value": 9.109, "time": "2025-12-01T02:00:00", "date": "2025-12-01", "hour": 2}}, {"type": "Feature", "geometry": {"type": "Point", "coordinates": [8.0, 54.75]}, "properties": {"value": 8.069, "time": "2025-12-01T02:00:00", "date": "2025-12-01", "hour": 2}}, {"type": "Feature", "geometry": {"type": "Point", "coordinates": [8.25, 54.75]}, "properties": {"value": 6.601, "time": "2025-12-01T02:00:00", "date": "2025-12-01", "hour": 2}}, {"type": "Feature", "geometry": {"type": "Point", "coordinates": [8.5, 54.75]}, "properties": {"value": 5.543, "time": "2025-12-01T02:00:00", "date": "2025-12-01", "hour": 2}}, {"type": "Feature", "geometry": {"type": "Point", "coordinates": [10.25, 54.75]}, "properties": {"value": 7.504, "time": "2025-12-01T02:00:00", "date": "2025-12-01", "hour": 2}}, {"type": "Feature", "geometry": {"type": "Point", "coordinates": [10.5, 54.75]}, "properties": {"value": 7.41, "time": "2025-12-01T02:00:00", "date": "2025-12-01", "hour": 2}}, {"type": "Feature", "geometry": {"type": "Point", "coordinates": [10.75, 54.75]}, "properties": {"value": 7.238, "time": "2025-12-01T02:00:00", "date": "2025-12-01", "hour": 2}}, {"type": "Feature", "geometry": {"type": "Point", "coordinates": [11.0, 54.75]}, "properties": {"value": 6.764, "time": "2025-12-01T02:00:00", "date": "2025-12-01", "hour": 2}}, {"type": "Feature", "geometry": {"type": "Point", "coordinates": [11.25, 54.75]}, "properties": {"value": 6.362, "time": "2025-12-01T02:00:00", "date": "2025-12-01", "hour": 2}}, {"type": "Feature", "geometry": {"type": "Point", "coordinates": [11.5, 54.75]}, "properties": {"value": 6.158, "time": "2025-12-01T02:00:00", "date": "2025-12-01", "hour": 2}}, {"type": "Feature", "geometry": {"type": "Point", "coordinates": [12.0, 54.75]}, "properties": {"value": 6.814, "time": "2025-12-01T02:00:00", "date": "2025-12-01", "hour": 2}}, {"type": "Feature", "geometry": {"type": "Point", "coordinates": [12.25, 54.75]}, "properties": {"value": 7.346, "time": "2025-12-01T02:00:00", "date": "2025-12-01", "hour": 2}}, {"type": "Feature", "geometry": {"type": "Point", "coordinates": [12.5, 54.75]}, "properties": {"value": 7.81, "time": "2025-12-01T02:00:00", "date": "2025-12-01", "hour": 2}}, {"type": "Feature", "geometry": {"type": "Point", "coordinates": [12.75, 54.75]}, "properties": {"value": 7.889, "time": "2025-12-01T02:00:00", "date": "2025-12-01", "hour": 2}}, {"type": "Feature", "geometry": {"type": "Point", "coordinates": [13.0, 54.75]}, "properties": {"value": 7.566, "time": "2025-12-01T02:00:00", "date": "2025-12-01", "hour": 2}}, {"type": "Feature", "geometry": {"type": "Point", "coordinates": [13.25, 54.75]}, "properties": {"value": 7.671, "time": "2025-12-01T02:00:00", "date": "2025-12-01", "hour": 2}}, {"type": "Feature", "geometry": {"type": "Point", "coordinates": [13.5, 54.75]}, "properties": {"value": 7.972, "time": "2025-12-01T02:00:00", "date": "2025-12-01", "hour": 2}}, {"type": "Feature", "geometry": {"type": "Point", "coordinates": [13.75, 54.75]}, "properties": {"value": 7.929, "time": "2025-12-01T02:00:00", "date": "2025-12-01", "hour": 2}}, {"type": "Feature", "geometry": {"type": "Point", "coordinates": [14.0, 54.75]}, "properties": {"value": 7.74, "time": "2025-12-01T02:00:00", "date": "2025-12-01", "hour": 2}}, {"type": "Feature", "geometry": {"type": "Point", "coordinates": [14.25, 54.75]}, "properties": {"value": 7.718, "time": "2025-12-01T02:00:00", "date": "2025-12-01", "hour": 2}}, {"type": "Feature", "geometry": {"type": "Point", "coordinates": [14.5, 54.75]}, "properties": {"value": 8.043, "time": "2025-12-01T02:00:00", "date": "2025-12-01", "hour": 2}}, {"type": "Feature", "geometry": {"type": "Point", "coordinates": [14.75, 54.75]}, "properties": {"value": 8.412, "time": "2025-12-01T02:00:00", "date": "2025-12-01", "hour": 2}}, {"type": "Feature", "geometry": {"type": "Point", "coordinates": [15.0, 54.75]}, "properties": {"value": 8.611, "time": "2025-12-01T02:00:00", "date": "2025-12-01", "hour": 2}}, {"type": "Feature", "geometry": {"type": "Point", "coordinates": [5.0, 55.0]}, "properties": {"value": 11.326, "time": "2025-12-01T02:00:00", "date": "2025-12-01", "hour": 2}}, {"type": "Feature", "geometry": {"type": "Point", "coordinates": [5.25, 55.0]}, "properties": {"value": 11.343, "time": "2025-12-01T02:00:00", "date": "2025-12-01", "hour": 2}}, {"type": "Feature", "geometry": {"type": "Point", "coordinates": [5.5, 55.0]}, "properties": {"value": 11.327, "time": "2025-12-01T02:00:00", "date": "2025-12-01", "hour": 2}}, {"type": "Feature", "geometry": {"type": "Point", "coordinates": [5.75, 55.0]}, "properties": {"value": 11.297, "time": "2025-12-01T02:00:00", "date": "2025-12-01", "hour": 2}}, {"type": "Feature", "geometry": {"type": "Point", "coordinates": [6.0, 55.0]}, "properties": {"value": 11.252, "time": "2025-12-01T02:00:00", "date": "2025-12-01", "hour": 2}}, {"type": "Feature", "geometry": {"type": "Point", "coordinates": [6.25, 55.0]}, "properties": {"value": 11.197, "time": "2025-12-01T02:00:00", "date": "2025-12-01", "hour": 2}}, {"type": "Feature", "geometry": {"type": "Point", "coordinates": [6.5, 55.0]}, "properties": {"value": 11.076, "time": "2025-12-01T02:00:00", "date": "2025-12-01", "hour": 2}}, {"type": "Feature", "geometry": {"type": "Point", "coordinates": [6.75, 55.0]}, "properties": {"value": 10.934, "time": "2025-12-01T02:00:00", "date": "2025-12-01", "hour": 2}}, {"type": "Feature", "geometry": {"type": "Point", "coordinates": [7.0, 55.0]}, "properties": {"value": 10.756, "time": "2025-12-01T02:00:00", "date": "2025-12-01", "hour": 2}}, {"type": "Feature", "geometry": {"type": "Point", "coordinates": [7.25, 55.0]}, "properties": {"value": 10.379, "time": "2025-12-01T02:00:00", "date": "2025-12-01", "hour": 2}}, {"type": "Feature", "geometry": {"type": "Point", "coordinates": [7.5, 55.0]}, "properties": {"value": 10.018, "time": "2025-12-01T02:00:00", "date": "2025-12-01", "hour": 2}}, {"type": "Feature", "geometry": {"type": "Point", "coordinates": [7.75, 55.0]}, "properties": {"value": 8.956, "time": "2025-12-01T02:00:00", "date": "2025-12-01", "hour": 2}}, {"type": "Feature", "geometry": {"type": "Point", "coordinates": [8.0, 55.0]}, "properties": {"value": 7.974, "time": "2025-12-01T02:00:00", "date": "2025-12-01", "hour": 2}}, {"type": "Feature", "geometry": {"type": "Point", "coordinates": [8.25, 55.0]}, "properties": {"value": 6.612, "time": "2025-12-01T02:00:00", "date": "2025-12-01", "hour": 2}}, {"type": "Feature", "geometry": {"type": "Point", "coordinates": [8.5, 55.0]}, "properties": {"value": 5.574, "time": "2025-12-01T02:00:00", "date": "2025-12-01", "hour": 2}}, {"type": "Feature", "geometry": {"type": "Point", "coordinates": [10.25, 55.0]}, "properties": {"value": 6.633, "time": "2025-12-01T02:00:00", "date": "2025-12-01", "hour": 2}}, {"type": "Feature", "geometry": {"type": "Point", "coordinates": [10.5, 55.0]}, "properties": {"value": 6.71, "time": "2025-12-01T02:00:00", "date": "2025-12-01", "hour": 2}}, {"type": "Feature", "geometry": {"type": "Point", "coordinates": [10.75, 55.0]}, "properties": {"value": 6.785, "time": "2025-12-01T02:00:00", "date": "2025-12-01", "hour": 2}}, {"type": "Feature", "geometry": {"type": "Point", "coordinates": [11.0, 55.0]}, "properties": {"value": 6.573, "time": "2025-12-01T02:00:00", "date": "2025-12-01", "hour": 2}}, {"type": "Feature", "geometry": {"type": "Point", "coordinates": [11.25, 55.0]}, "properties": {"value": 6.254, "time": "2025-12-01T02:00:00", "date": "2025-12-01", "hour": 2}}, {"type": "Feature", "geometry": {"type": "Point", "coordinates": [11.5, 55.0]}, "properties": {"value": 6.016, "time": "2025-12-01T02:00:00", "date": "2025-12-01", "hour": 2}}, {"type": "Feature", "geometry": {"type": "Point", "coordinates": [11.75, 55.0]}, "properties": {"value": 5.739, "time": "2025-12-01T02:00:00", "date": "2025-12-01", "hour": 2}}, {"type": "Feature", "geometry": {"type": "Point", "coordinates": [12.0, 55.0]}, "properties": {"value": 6.229, "time": "2025-12-01T02:00:00", "date": "2025-12-01", "hour": 2}}, {"type": "Feature", "geometry": {"type": "Point", "coordinates": [12.25, 55.0]}, "properties": {"value": 6.941, "time": "2025-12-01T02:00:00", "date": "2025-12-01", "hour": 2}}, {"type": "Feature", "geometry": {"type": "Point", "coordinates": [12.5, 55.0]}, "properties": {"value": 7.794, "time": "2025-12-01T02:00:00", "date": "2025-12-01", "hour": 2}}, {"type": "Feature", "geometry": {"type": "Point", "coordinates": [12.75, 55.0]}, "properties": {"value": 8.024, "time": "2025-12-01T02:00:00", "date": "2025-12-01", "hour": 2}}, {"type": "Feature", "geometry": {"type": "Point", "coordinates": [13.0, 55.0]}, "properties": {"value": 8.186, "time": "2025-12-01T02:00:00", "date": "2025-12-01", "hour": 2}}, {"type": "Feature", "geometry": {"type": "Point", "coordinates": [13.25, 55.0]}, "properties": {"value": 8.29, "time": "2025-12-01T02:00:00", "date": "2025-12-01", "hour": 2}}, {"type": "Feature", "geometry": {"type": "Point", "coordinates": [13.5, 55.0]}, "properties": {"value": 8.34, "time": "2025-12-01T02:00:00", "date": "2025-12-01", "hour": 2}}, {"type": "Feature", "geometry": {"type": "Point", "coordinates": [13.75, 55.0]}, "properties": {"value": 8.402, "time": "2025-12-01T02:00:00", "date": "2025-12-01", "hour": 2}}, {"type": "Feature", "geometry": {"type": "Point", "coordinates": [14.0, 55.0]}, "properties": {"value": 8.359, "time": "2025-12-01T02:00:00", "date": "2025-12-01", "hour": 2}}, {"type": "Feature", "geometry": {"type": "Point", "coordinates": [14.25, 55.0]}, "properties": {"value": 8.27, "time": "2025-12-01T02:00:00", "date": "2025-12-01", "hour": 2}}, {"type": "Feature", "geometry": {"type": "Point", "coordinates": [14.5, 55.0]}, "properties": {"value": 8.167, "time": "2025-12-01T02:00:00", "date": "2025-12-01", "hour": 2}}, {"type": "Feature", "geometry": {"type": "Point", "coordinates": [14.75, 55.0]}, "properties": {"value": 8.191, "time": "2025-12-01T02:00:00", "date": "2025-12-01", "hour": 2}}, {"type": "Feature", "geometry": {"type": "Point", "coordinates": [15.0, 55.0]}, "properties": {"value": 8.269, "time": "2025-12-01T02:00:00", "date": "2025-12-01", "hour": 2}}, {"type": "Feature", "geometry": {"type": "Point", "coordinates": [5.25, 52.75]}, "properties": {"value": 5.87, "time": "2025-12-01T03:00:00", "date": "2025-12-01", "hour": 3}}, {"type": "Feature", "geometry": {"type": "Point", "coordinates": [5.5, 52.75]}, "properties": {"value": 5.874, "time": "2025-12-01T03:00:00", "date": "2025-12-01", "hour": 3}}, {"type": "Feature", "geometry": {"type": "Point", "coordinates": [5.0, 53.0]}, "properties": {"value": 7.136, "time": "2025-12-01T03:00:00", "date": "2025-12-01", "hour": 3}}, {"type": "Feature", "geometry": {"type": "Point", "coordinates": [5.25, 53.0]}, "properties": {"value": 6.372, "time": "2025-12-01T03:00:00", "date": "2025-12-01", "hour": 3}}, {"type": "Feature", "geometry": {"type": "Point", "coordinates": [5.5, 53.0]}, "properties": {"value": 5.806, "time": "2025-12-01T03:00:00", "date": "2025-12-01", "hour": 3}}, {"type": "Feature", "geometry": {"type": "Point", "coordinates": [5.0, 53.25]}, "properties": {"value": 8.133, "time": "2025-12-01T03:00:00", "date": "2025-12-01", "hour": 3}}, {"type": "Feature", "geometry": {"type": "Point", "coordinates": [5.25, 53.25]}, "properties": {"value": 7.078, "time": "2025-12-01T03:00:00", "date": "2025-12-01", "hour": 3}}, {"type": "Feature", "geometry": {"type": "Point", "coordinates": [5.5, 53.25]}, "properties": {"value": 6.443, "time": "2025-12-01T03:00:00", "date": "2025-12-01", "hour": 3}}, {"type": "Feature", "geometry": {"type": "Point", "coordinates": [5.0, 53.5]}, "properties": {"value": 9.858, "time": "2025-12-01T03:00:00", "date": "2025-12-01", "hour": 3}}, {"type": "Feature", "geometry": {"type": "Point", "coordinates": [5.25, 53.5]}, "properties": {"value": 9.263, "time": "2025-12-01T03:00:00", "date": "2025-12-01", "hour": 3}}, {"type": "Feature", "geometry": {"type": "Point", "coordinates": [5.5, 53.5]}, "properties": {"value": 9.037, "time": "2025-12-01T03:00:00", "date": "2025-12-01", "hour": 3}}, {"type": "Feature", "geometry": {"type": "Point", "coordinates": [5.75, 53.5]}, "properties": {"value": 8.363, "time": "2025-12-01T03:00:00", "date": "2025-12-01", "hour": 3}}, {"type": "Feature", "geometry": {"type": "Point", "coordinates": [6.0, 53.5]}, "properties": {"value": 7.583, "time": "2025-12-01T03:00:00", "date": "2025-12-01", "hour": 3}}, {"type": "Feature", "geometry": {"type": "Point", "coordinates": [6.25, 53.5]}, "properties": {"value": 6.762, "time": "2025-12-01T03:00:00", "date": "2025-12-01", "hour": 3}}, {"type": "Feature", "geometry": {"type": "Point", "coordinates": [6.5, 53.5]}, "properties": {"value": 6.362, "time": "2025-12-01T03:00:00", "date": "2025-12-01", "hour": 3}}, {"type": "Feature", "geometry": {"type": "Point", "coordinates": [6.75, 53.5]}, "properties": {"value": 5.656, "time": "2025-12-01T03:00:00", "date": "2025-12-01", "hour": 3}}, {"type": "Feature", "geometry": {"type": "Point", "coordinates": [5.0, 53.75]}, "properties": {"value": 10.558, "time": "2025-12-01T03:00:00", "date": "2025-12-01", "hour": 3}}, {"type": "Feature", "geometry": {"type": "Point", "coordinates": [5.25, 53.75]}, "properties": {"value": 10.271, "time": "2025-12-01T03:00:00", "date": "2025-12-01", "hour": 3}}, {"type": "Feature", "geometry": {"type": "Point", "coordinates": [5.5, 53.75]}, "properties": {"value": 10.048, "time": "2025-12-01T03:00:00", "date": "2025-12-01", "hour": 3}}, {"type": "Feature", "geometry": {"type": "Point", "coordinates": [5.75, 53.75]}, "properties": {"value": 9.769, "time": "2025-12-01T03:00:00", "date": "2025-12-01", "hour": 3}}, {"type": "Feature", "geometry": {"type": "Point", "coordinates": [6.0, 53.75]}, "properties": {"value": 9.163, "time": "2025-12-01T03:00:00", "date": "2025-12-01", "hour": 3}}, {"type": "Feature", "geometry": {"type": "Point", "coordinates": [6.25, 53.75]}, "properties": {"value": 8.853, "time": "2025-12-01T03:00:00", "date": "2025-12-01", "hour": 3}}, {"type": "Feature", "geometry": {"type": "Point", "coordinates": [6.5, 53.75]}, "properties": {"value": 8.424, "time": "2025-12-01T03:00:00", "date": "2025-12-01", "hour": 3}}, {"type": "Feature", "geometry": {"type": "Point", "coordinates": [6.75, 53.75]}, "properties": {"value": 7.902, "time": "2025-12-01T03:00:00", "date": "2025-12-01", "hour": 3}}, {"type": "Feature", "geometry": {"type": "Point", "coordinates": [7.0, 53.75]}, "properties": {"value": 8.203, "time": "2025-12-01T03:00:00", "date": "2025-12-01", "hour": 3}}, {"type": "Feature", "geometry": {"type": "Point", "coordinates": [7.25, 53.75]}, "properties": {"value": 7.675, "time": "2025-12-01T03:00:00", "date": "2025-12-01", "hour": 3}}, {"type": "Feature", "geometry": {"type": "Point", "coordinates": [7.5, 53.75]}, "properties": {"value": 7.903, "time": "2025-12-01T03:00:00", "date": "2025-12-01", "hour": 3}}, {"type": "Feature", "geometry": {"type": "Point", "coordinates": [7.75, 53.75]}, "properties": {"value": 7.942, "time": "2025-12-01T03:00:00", "date": "2025-12-01", "hour": 3}}, {"type": "Feature", "geometry": {"type": "Point", "coordinates": [8.0, 53.75]}, "properties": {"value": 7.827, "time": "2025-12-01T03:00:00", "date": "2025-12-01", "hour": 3}}, {"type": "Feature", "geometry": {"type": "Point", "coordinates": [8.25, 53.75]}, "properties": {"value": 7.053, "time": "2025-12-01T03:00:00", "date": "2025-12-01", "hour": 3}}, {"type": "Feature", "geometry": {"type": "Point", "coordinates": [8.5, 53.75]}, "properties": {"value": 6.125, "time": "2025-12-01T03:00:00", "date": "2025-12-01", "hour": 3}}, {"type": "Feature", "geometry": {"type": "Point", "coordinates": [8.75, 53.75]}, "properties": {"value": 6.125, "time": "2025-12-01T03:00:00", "date": "2025-12-01", "hour": 3}}, {"type": "Feature", "geometry": {"type": "Point", "coordinates": [14.25, 53.75]}, "properties": {"value": 3.644, "time": "2025-12-01T03:00:00", "date": "2025-12-01", "hour": 3}}, {"type": "Feature", "geometry": {"type": "Point", "coordinates": [14.5, 53.75]}, "properties": {"value": 3.644, "time": "2025-12-01T03:00:00", "date": "2025-12-01", "hour": 3}}, {"type": "Feature", "geometry": {"type": "Point", "coordinates": [5.0, 54.0]}, "properties": {"value": 10.988, "time": "2025-12-01T03:00:00", "date": "2025-12-01", "hour": 3}}, {"type": "Feature", "geometry": {"type": "Point", "coordinates": [5.25, 54.0]}, "properties": {"value": 10.926, "time": "2025-12-01T03:00:00", "date": "2025-12-01", "hour": 3}}, {"type": "Feature", "geometry": {"type": "Point", "coordinates": [5.5, 54.0]}, "properties": {"value": 10.704, "time": "2025-12-01T03:00:00", "date": "2025-12-01", "hour": 3}}, {"type": "Feature", "geometry": {"type": "Point", "coordinates": [5.75, 54.0]}, "properties": {"value": 10.472, "time": "2025-12-01T03:00:00", "date": "2025-12-01", "hour": 3}}, {"type": "Feature", "geometry": {"type": "Point", "coordinates": [6.0, 54.0]}, "properties": {"value": 10.25, "time": "2025-12-01T03:00:00", "date": "2025-12-01", "hour": 3}}, {"type": "Feature", "geometry": {"type": "Point", "coordinates": [6.25, 54.0]}, "properties": {"value": 9.99, "time": "2025-12-01T03:00:00", "date": "2025-12-01", "hour": 3}}, {"type": "Feature", "geometry": {"type": "Point", "coordinates": [6.5, 54.0]}, "properties": {"value": 9.624, "time": "2025-12-01T03:00:00", "date": "2025-12-01", "hour": 3}}, {"type": "Feature", "geometry": {"type": "Point", "coordinates": [6.75, 54.0]}, "properties": {"value": 9.527, "time": "2025-12-01T03:00:00", "date": "2025-12-01", "hour": 3}}, {"type": "Feature", "geometry": {"type": "Point", "coordinates": [7.0, 54.0]}, "properties": {"value": 9.269, "time": "2025-12-01T03:00:00", "date": "2025-12-01", "hour": 3}}, {"type": "Feature", "geometry": {"type": "Point", "coordinates": [7.25, 54.0]}, "properties": {"value": 8.917, "time": "2025-12-01T03:00:00", "date": "2025-12-01", "hour": 3}}, {"type": "Feature", "geometry": {"type": "Point", "coordinates": [7.5, 54.0]}, "properties": {"value": 9.058, "time": "2025-12-01T03:00:00", "date": "2025-12-01", "hour": 3}}, {"type": "Feature", "geometry": {"type": "Point", "coordinates": [7.75, 54.0]}, "properties": {"value": 9.069, "time": "2025-12-01T03:00:00", "date": "2025-12-01", "hour": 3}}, {"type": "Feature", "geometry": {"type": "Point", "coordinates": [8.0, 54.0]}, "properties": {"value": 8.935, "time": "2025-12-01T03:00:00", "date": "2025-12-01", "hour": 3}}, {"type": "Feature", "geometry": {"type": "Point", "coordinates": [8.25, 54.0]}, "properties": {"value": 8.35, "time": "2025-12-01T03:00:00", "date": "2025-12-01", "hour": 3}}, {"type": "Feature", "geometry": {"type": "Point", "coordinates": [8.5, 54.0]}, "properties": {"value": 6.885, "time": "2025-12-01T03:00:00", "date": "2025-12-01", "hour": 3}}, {"type": "Feature", "geometry": {"type": "Point", "coordinates": [11.25, 54.0]}, "properties": {"value": 6.933, "time": "2025-12-01T03:00:00", "date": "2025-12-01", "hour": 3}}, {"type": "Feature", "geometry": {"type": "Point", "coordinates": [14.0, 54.0]}, "properties": {"value": 5.097, "time": "2025-12-01T03:00:00", "date": "2025-12-01", "hour": 3}}, {"type": "Feature", "geometry": {"type": "Point", "coordinates": [14.25, 54.0]}, "properties": {"value": 5.69, "time": "2025-12-01T03:00:00", "date": "2025-12-01", "hour": 3}}, {"type": "Feature", "geometry": {"type": "Point", "coordinates": [14.5, 54.0]}, "properties": {"value": 5.4, "time": "2025-12-01T03:00:00", "date": "2025-12-01", "hour": 3}}, {"type": "Feature", "geometry": {"type": "Point", "coordinates": [14.75, 54.0]}, "properties": {"value": 5.837, "time": "2025-12-01T03:00:00", "date": "2025-12-01", "hour": 3}}, {"type": "Feature", "geometry": {"type": "Point", "coordinates": [5.0, 54.25]}, "properties": {"value": 11.138, "time": "2025-12-01T03:00:00", "date": "2025-12-01", "hour": 3}}, {"type": "Feature", "geometry": {"type": "Point", "coordinates": [5.25, 54.25]}, "properties": {"value": 11.073, "time": "2025-12-01T03:00:00", "date": "2025-12-01", "hour": 3}}, {"type": "Feature", "geometry": {"type": "Point", "coordinates": [5.5, 54.25]}, "properties": {"value": 11.028, "time": "2025-12-01T03:00:00", "date": "2025-12-01", "hour": 3}}, {"type": "Feature", "geometry": {"type": "Point", "coordinates": [5.75, 54.25]}, "properties": {"value": 10.833, "time": "2025-12-01T03:00:00", "date": "2025-12-01", "hour": 3}}, {"type": "Feature", "geometry": {"type": "Point", "coordinates": [6.0, 54.25]}, "properties": {"value": 10.724, "time": "2025-12-01T03:00:00", "date": "2025-12-01", "hour": 3}}, {"type": "Feature", "geometry": {"type": "Point", "coordinates": [6.25, 54.25]}, "properties": {"value": 10.514, "time": "2025-12-01T03:00:00", "date": "2025-12-01", "hour": 3}}, {"type": "Feature", "geometry": {"type": "Point", "coordinates": [6.5, 54.25]}, "properties": {"value": 10.357, "time": "2025-12-01T03:00:00", "date": "2025-12-01", "hour": 3}}, {"type": "Feature", "geometry": {"type": "Point", "coordinates": [6.75, 54.25]}, "properties": {"value": 10.216, "time": "2025-12-01T03:00:00", "date": "2025-12-01", "hour": 3}}, {"type": "Feature", "geometry": {"type": "Point", "coordinates": [7.0, 54.25]}, "properties": {"value": 9.99, "time": "2025-12-01T03:00:00", "date": "2025-12-01", "hour": 3}}, {"type": "Feature", "geometry": {"type": "Point", "coordinates": [7.25, 54.25]}, "properties": {"value": 9.88, "time": "2025-12-01T03:00:00", "date": "2025-12-01", "hour": 3}}, {"type": "Feature", "geometry": {"type": "Point", "coordinates": [7.5, 54.25]}, "properties": {"value": 9.945, "time": "2025-12-01T03:00:00", "date": "2025-12-01", "hour": 3}}, {"type": "Feature", "geometry": {"type": "Point", "coordinates": [7.75, 54.25]}, "properties": {"value": 9.603, "time": "2025-12-01T03:00:00", "date": "2025-12-01", "hour": 3}}, {"type": "Feature", "geometry": {"type": "Point", "coordinates": [8.0, 54.25]}, "properties": {"value": 9.35, "time": "2025-12-01T03:00:00", "date": "2025-12-01", "hour": 3}}, {"type": "Feature", "geometry": {"type": "Point", "coordinates": [8.25, 54.25]}, "properties": {"value": 7.977, "time": "2025-12-01T03:00:00", "date": "2025-12-01", "hour": 3}}, {"type": "Feature", "geometry": {"type": "Point", "coordinates": [8.5, 54.25]}, "properties": {"value": 6.56, "time": "2025-12-01T03:00:00", "date": "2025-12-01", "hour": 3}}, {"type": "Feature", "geometry": {"type": "Point", "coordinates": [10.75, 54.25]}, "properties": {"value": 7.086, "time": "2025-12-01T03:00:00", "date": "2025-12-01", "hour": 3}}, {"type": "Feature", "geometry": {"type": "Point", "coordinates": [11.25, 54.25]}, "properties": {"value": 7.105, "time": "2025-12-01T03:00:00", "date": "2025-12-01", "hour": 3}}, {"type": "Feature", "geometry": {"type": "Point", "coordinates": [11.75, 54.25]}, "properties": {"value": 7.016, "time": "2025-12-01T03:00:00", "date": "2025-12-01", "hour": 3}}, {"type": "Feature", "geometry": {"type": "Point", "coordinates": [12.25, 54.25]}, "properties": {"value": 6.849, "time": "2025-12-01T03:00:00", "date": "2025-12-01", "hour": 3}}, {"type": "Feature", "geometry": {"type": "Point", "coordinates": [13.75, 54.25]}, "properties": {"value": 5.402, "time": "2025-12-01T03:00:00", "date": "2025-12-01", "hour": 3}}, {"type": "Feature", "geometry": {"type": "Point", "coordinates": [14.0, 54.25]}, "properties": {"value": 5.783, "time": "2025-12-01T03:00:00", "date": "2025-12-01", "hour": 3}}, {"type": "Feature", "geometry": {"type": "Point", "coordinates": [14.25, 54.25]}, "properties": {"value": 6.141, "time": "2025-12-01T03:00:00", "date": "2025-12-01", "hour": 3}}, {"type": "Feature", "geometry": {"type": "Point", "coordinates": [14.5, 54.25]}, "properties": {"value": 6.004, "time": "2025-12-01T03:00:00", "date": "2025-12-01", "hour": 3}}, {"type": "Feature", "geometry": {"type": "Point", "coordinates": [14.75, 54.25]}, "properties": {"value": 6.275, "time": "2025-12-01T03:00:00", "date": "2025-12-01", "hour": 3}}, {"type": "Feature", "geometry": {"type": "Point", "coordinates": [15.0, 54.25]}, "properties": {"value": 6.996, "time": "2025-12-01T03:00:00", "date": "2025-12-01", "hour": 3}}, {"type": "Feature", "geometry": {"type": "Point", "coordinates": [5.0, 54.5]}, "properties": {"value": 11.234, "time": "2025-12-01T03:00:00", "date": "2025-12-01", "hour": 3}}, {"type": "Feature", "geometry": {"type": "Point", "coordinates": [5.25, 54.5]}, "properties": {"value": 11.227, "time": "2025-12-01T03:00:00", "date": "2025-12-01", "hour": 3}}, {"type": "Feature", "geometry": {"type": "Point", "coordinates": [5.5, 54.5]}, "properties": {"value": 11.182, "time": "2025-12-01T03:00:00", "date": "2025-12-01", "hour": 3}}, {"type": "Feature", "geometry": {"type": "Point", "coordinates": [5.75, 54.5]}, "properties": {"value": 11.111, "time": "2025-12-01T03:00:00", "date": "2025-12-01", "hour": 3}}, {"type": "Feature", "geometry": {"type": "Point", "coordinates": [6.0, 54.5]}, "properties": {"value": 10.996, "time": "2025-12-01T03:00:00", "date": "2025-12-01", "hour": 3}}, {"type": "Feature", "geometry": {"type": "Point", "coordinates": [6.25, 54.5]}, "properties": {"value": 10.846, "time": "2025-12-01T03:00:00", "date": "2025-12-01", "hour": 3}}, {"type": "Feature", "geometry": {"type": "Point", "coordinates": [6.5, 54.5]}, "properties": {"value": 10.674, "time": "2025-12-01T03:00:00", "date": "2025-12-01", "hour": 3}}, {"type": "Feature", "geometry": {"type": "Point", "coordinates": [6.75, 54.5]}, "properties": {"value": 10.476, "time": "2025-12-01T03:00:00", "date": "2025-12-01", "hour": 3}}, {"type": "Feature", "geometry": {"type": "Point", "coordinates": [7.0, 54.5]}, "properties": {"value": 10.35, "time": "2025-12-01T03:00:00", "date": "2025-12-01", "hour": 3}}, {"type": "Feature", "geometry": {"type": "Point", "coordinates": [7.25, 54.5]}, "properties": {"value": 10.159, "time": "2025-12-01T03:00:00", "date": "2025-12-01", "hour": 3}}, {"type": "Feature", "geometry": {"type": "Point", "coordinates": [7.5, 54.5]}, "properties": {"value": 10.163, "time": "2025-12-01T03:00:00", "date": "2025-12-01", "hour": 3}}, {"type": "Feature", "geometry": {"type": "Point", "coordinates": [7.75, 54.5]}, "properties": {"value": 9.648, "time": "2025-12-01T03:00:00", "date": "2025-12-01", "hour": 3}}, {"type": "Feature", "geometry": {"type": "Point", "coordinates": [8.0, 54.5]}, "properties": {"value": 8.637, "time": "2025-12-01T03:00:00", "date": "2025-12-01", "hour": 3}}, {"type": "Feature", "geometry": {"type": "Point", "coordinates": [8.25, 54.5]}, "properties": {"value": 7.143, "time": "2025-12-01T03:00:00", "date": "2025-12-01", "hour": 3}}, {"type": "Feature", "geometry": {"type": "Point", "coordinates": [8.5, 54.5]}, "properties": {"value": 5.947, "time": "2025-12-01T03:00:00", "date": "2025-12-01", "hour": 3}}, {"type": "Feature", "geometry": {"type": "Point", "coordinates": [10.5, 54.5]}, "properties": {"value": 7.425, "time": "2025-12-01T03:00:00", "date": "2025-12-01", "hour": 3}}, {"type": "Feature", "geometry": {"type": "Point", "coordinates": [10.75, 54.5]}, "properties": {"value": 7.25, "time": "2025-12-01T03:00:00", "date": "2025-12-01", "hour": 3}}, {"type": "Feature", "geometry": {"type": "Point", "coordinates": [11.0, 54.5]}, "properties": {"value": 6.818, "time": "2025-12-01T03:00:00", "date": "2025-12-01", "hour": 3}}, {"type": "Feature", "geometry": {"type": "Point", "coordinates": [11.25, 54.5]}, "properties": {"value": 6.904, "time": "2025-12-01T03:00:00", "date": "2025-12-01", "hour": 3}}, {"type": "Feature", "geometry": {"type": "Point", "coordinates": [11.5, 54.5]}, "properties": {"value": 6.78, "time": "2025-12-01T03:00:00", "date": "2025-12-01", "hour": 3}}, {"type": "Feature", "geometry": {"type": "Point", "coordinates": [11.75, 54.5]}, "properties": {"value": 7.055, "time": "2025-12-01T03:00:00", "date": "2025-12-01", "hour": 3}}, {"type": "Feature", "geometry": {"type": "Point", "coordinates": [12.0, 54.5]}, "properties": {"value": 7.145, "time": "2025-12-01T03:00:00", "date": "2025-12-01", "hour": 3}}, {"type": "Feature", "geometry": {"type": "Point", "coordinates": [12.25, 54.5]}, "properties": {"value": 7.114, "time": "2025-12-01T03:00:00", "date": "2025-12-01", "hour": 3}}, {"type": "Feature", "geometry": {"type": "Point", "coordinates": [13.0, 54.5]}, "properties": {"value": 7.342, "time": "2025-12-01T03:00:00", "date": "2025-12-01", "hour": 3}}, {"type": "Feature", "geometry": {"type": "Point", "coordinates": [13.25, 54.5]}, "properties": {"value": 6.737, "time": "2025-12-01T03:00:00", "date": "2025-12-01", "hour": 3}}, {"type": "Feature", "geometry": {"type": "Point", "coordinates": [13.5, 54.5]}, "properties": {"value": 6.579, "time": "2025-12-01T03:00:00", "date": "2025-12-01", "hour": 3}}, {"type": "Feature", "geometry": {"type": "Point", "coordinates": [13.75, 54.5]}, "properties": {"value": 6.536, "time": "2025-12-01T03:00:00", "date": "2025-12-01", "hour": 3}}, {"type": "Feature", "geometry": {"type": "Point", "coordinates": [14.0, 54.5]}, "properties": {"value": 6.82, "time": "2025-12-01T03:00:00", "date": "2025-12-01", "hour": 3}}, {"type": "Feature", "geometry": {"type": "Point", "coordinates": [14.25, 54.5]}, "properties": {"value": 6.796, "time": "2025-12-01T03:00:00", "date": "2025-12-01", "hour": 3}}, {"type": "Feature", "geometry": {"type": "Point", "coordinates": [14.5, 54.5]}, "properties": {"value": 6.964, "time": "2025-12-01T03:00:00", "date": "2025-12-01", "hour": 3}}, {"type": "Feature", "geometry": {"type": "Point", "coordinates": [14.75, 54.5]}, "properties": {"value": 7.362, "time": "2025-12-01T03:00:00", "date": "2025-12-01", "hour": 3}}, {"type": "Feature", "geometry": {"type": "Point", "coordinates": [15.0, 54.5]}, "properties": {"value": 8.121, "time": "2025-12-01T03:00:00", "date": "2025-12-01", "hour": 3}}, {"type": "Feature", "geometry": {"type": "Point", "coordinates": [5.0, 54.75]}, "properties": {"value": 11.377, "time": "2025-12-01T03:00:00", "date": "2025-12-01", "hour": 3}}, {"type": "Feature", "geometry": {"type": "Point", "coordinates": [5.25, 54.75]}, "properties": {"value": 11.37, "time": "2025-12-01T03:00:00", "date": "2025-12-01", "hour": 3}}, {"type": "Feature", "geometry": {"type": "Point", "coordinates": [5.5, 54.75]}, "properties": {"value": 11.325, "time": "2025-12-01T03:00:00", "date": "2025-12-01", "hour": 3}}, {"type": "Feature", "geometry": {"type": "Point", "coordinates": [5.75, 54.75]}, "properties": {"value": 11.295, "time": "2025-12-01T03:00:00", "date": "2025-12-01", "hour": 3}}, {"type": "Feature", "geometry": {"type": "Point", "coordinates": [6.0, 54.75]}, "properties": {"value": 11.17, "time": "2025-12-01T03:00:00", "date": "2025-12-01", "hour": 3}}, {"type": "Feature", "geometry": {"type": "Point", "coordinates": [6.25, 54.75]}, "properties": {"value": 11.021, "time": "2025-12-01T03:00:00", "date": "2025-12-01", "hour": 3}}, {"type": "Feature", "geometry": {"type": "Point", "coordinates": [6.5, 54.75]}, "properties": {"value": 10.874, "time": "2025-12-01T03:00:00", "date": "2025-12-01", "hour": 3}}, {"type": "Feature", "geometry": {"type": "Point", "coordinates": [6.75, 54.75]}, "properties": {"value": 10.739, "time": "2025-12-01T03:00:00", "date": "2025-12-01", "hour": 3}}, {"type": "Feature", "geometry": {"type": "Point", "coordinates": [7.0, 54.75]}, "properties": {"value": 10.652, "time": "2025-12-01T03:00:00", "date": "2025-12-01", "hour": 3}}, {"type": "Feature", "geometry": {"type": "Point", "coordinates": [7.25, 54.75]}, "properties": {"value": 10.445, "time": "2025-12-01T03:00:00", "date": "2025-12-01", "hour": 3}}, {"type": "Feature", "geometry": {"type": "Point", "coordinates": [7.5, 54.75]}, "properties": {"value": 10.14, "time": "2025-12-01T03:00:00", "date": "2025-12-01", "hour": 3}}, {"type": "Feature", "geometry": {"type": "Point", "coordinates": [7.75, 54.75]}, "properties": {"value": 9.109, "time": "2025-12-01T03:00:00", "date": "2025-12-01", "hour": 3}}, {"type": "Feature", "geometry": {"type": "Point", "coordinates": [8.0, 54.75]}, "properties": {"value": 8.069, "time": "2025-12-01T03:00:00", "date": "2025-12-01", "hour": 3}}, {"type": "Feature", "geometry": {"type": "Point", "coordinates": [8.25, 54.75]}, "properties": {"value": 6.601, "time": "2025-12-01T03:00:00", "date": "2025-12-01", "hour": 3}}, {"type": "Feature", "geometry": {"type": "Point", "coordinates": [8.5, 54.75]}, "properties": {"value": 5.543, "time": "2025-12-01T03:00:00", "date": "2025-12-01", "hour": 3}}, {"type": "Feature", "geometry": {"type": "Point", "coordinates": [10.25, 54.75]}, "properties": {"value": 7.504, "time": "2025-12-01T03:00:00", "date": "2025-12-01", "hour": 3}}, {"type": "Feature", "geometry": {"type": "Point", "coordinates": [10.5, 54.75]}, "properties": {"value": 7.41, "time": "2025-12-01T03:00:00", "date": "2025-12-01", "hour": 3}}, {"type": "Feature", "geometry": {"type": "Point", "coordinates": [10.75, 54.75]}, "properties": {"value": 7.238, "time": "2025-12-01T03:00:00", "date": "2025-12-01", "hour": 3}}, {"type": "Feature", "geometry": {"type": "Point", "coordinates": [11.0, 54.75]}, "properties": {"value": 6.764, "time": "2025-12-01T03:00:00", "date": "2025-12-01", "hour": 3}}, {"type": "Feature", "geometry": {"type": "Point", "coordinates": [11.25, 54.75]}, "properties": {"value": 6.362, "time": "2025-12-01T03:00:00", "date": "2025-12-01", "hour": 3}}, {"type": "Feature", "geometry": {"type": "Point", "coordinates": [11.5, 54.75]}, "properties": {"value": 6.158, "time": "2025-12-01T03:00:00", "date": "2025-12-01", "hour": 3}}, {"type": "Feature", "geometry": {"type": "Point", "coordinates": [12.0, 54.75]}, "properties": {"value": 6.814, "time": "2025-12-01T03:00:00", "date": "2025-12-01", "hour": 3}}, {"type": "Feature", "geometry": {"type": "Point", "coordinates": [12.25, 54.75]}, "properties": {"value": 7.346, "time": "2025-12-01T03:00:00", "date": "2025-12-01", "hour": 3}}, {"type": "Feature", "geometry": {"type": "Point", "coordinates": [12.5, 54.75]}, "properties": {"value": 7.81, "time": "2025-12-01T03:00:00", "date": "2025-12-01", "hour": 3}}, {"type": "Feature", "geometry": {"type": "Point", "coordinates": [12.75, 54.75]}, "properties": {"value": 7.889, "time": "2025-12-01T03:00:00", "date": "2025-12-01", "hour": 3}}, {"type": "Feature", "geometry": {"type": "Point", "coordinates": [13.0, 54.75]}, "properties": {"value": 7.566, "time": "2025-12-01T03:00:00", "date": "2025-12-01", "hour": 3}}, {"type": "Feature", "geometry": {"type": "Point", "coordinates": [13.25, 54.75]}, "properties": {"value": 7.671, "time": "2025-12-01T03:00:00", "date": "2025-12-01", "hour": 3}}, {"type": "Feature", "geometry": {"type": "Point", "coordinates": [13.5, 54.75]}, "properties": {"value": 7.972, "time": "2025-12-01T03:00:00", "date": "2025-12-01", "hour": 3}}, {"type": "Feature", "geometry": {"type": "Point", "coordinates": [13.75, 54.75]}, "properties": {"value": 7.929, "time": "2025-12-01T03:00:00", "date": "2025-12-01", "hour": 3}}, {"type": "Feature", "geometry": {"type": "Point", "coordinates": [14.0, 54.75]}, "properties": {"value": 7.74, "time": "2025-12-01T03:00:00", "date": "2025-12-01", "hour": 3}}, {"type": "Feature", "geometry": {"type": "Point", "coordinates": [14.25, 54.75]}, "properties": {"value": 7.718, "time": "2025-12-01T03:00:00", "date": "2025-12-01", "hour": 3}}, {"type": "Feature", "geometry": {"type": "Point", "coordinates": [14.5, 54.75]}, "properties": {"value": 8.043, "time": "2025-12-01T03:00:00", "date": "2025-12-01", "hour": 3}}, {"type": "Feature", "geometry": {"type": "Point", "coordinates": [14.75, 54.75]}, "properties": {"value": 8.412, "time": "2025-12-01T03:00:00", "date": "2025-12-01", "hour": 3}}, {"type": "Feature", "geometry": {"type": "Point", "coordinates": [15.0, 54.75]}, "properties": {"value": 8.611, "time": "2025-12-01T03:00:00", "date": "2025-12-01", "hour": 3}}, {"type": "Feature", "geometry": {"type": "Point", "coordinates": [5.0, 55.0]}, "properties": {"value": 11.326, "time": "2025-12-01T03:00:00", "date": "2025-12-01", "hour": 3}}, {"type": "Feature", "geometry": {"type": "Point", "coordinates": [5.25, 55.0]}, "properties": {"value": 11.343, "time": "2025-12-01T03:00:00", "date": "2025-12-01", "hour": 3}}, {"type": "Feature", "geometry": {"type": "Point", "coordinates": [5.5, 55.0]}, "properties": {"value": 11.327, "time": "2025-12-01T03:00:00", "date": "2025-12-01", "hour": 3}}, {"type": "Feature", "geometry": {"type": "Point", "coordinates": [5.75, 55.0]}, "properties": {"value": 11.297, "time": "2025-12-01T03:00:00", "date": "2025-12-01", "hour": 3}}, {"type": "Feature", "geometry": {"type": "Point", "coordinates": [6.0, 55.0]}, "properties": {"value": 11.252, "time": "2025-12-01T03:00:00", "date": "2025-12-01", "hour": 3}}, {"type": "Feature", "geometry": {"type": "Point", "coordinates": [6.25, 55.0]}, "properties": {"value": 11.197, "time": "2025-12-01T03:00:00", "date": "2025-12-01", "hour": 3}}, {"type": "Feature", "geometry": {"type": "Point", "coordinates": [6.5, 55.0]}, "properties": {"value": 11.076, "time": "2025-12-01T03:00:00", "date": "2025-12-01", "hour": 3}}, {"type": "Feature", "geometry": {"type": "Point", "coordinates": [6.75, 55.0]}, "properties": {"value": 10.934, "time": "2025-12-01T03:00:00", "date": "2025-12-01", "hour": 3}}, {"type": "Feature", "geometry": {"type": "Point", "coordinates": [7.0, 55.0]}, "properties": {"value": 10.756, "time": "2025-12-01T03:00:00", "date": "2025-12-01", "hour": 3}}, {"type": "Feature", "geometry": {"type": "Point", "coordinates": [7.25, 55.0]}, "properties": {"value": 10.379, "time": "2025-12-01T03:00:00", "date": "2025-12-01", "hour": 3}}, {"type": "Feature", "geometry": {"type": "Point", "coordinates": [7.5, 55.0]}, "properties": {"value": 10.018, "time": "2025-12-01T03:00:00", "date": "2025-12-01", "hour": 3}}, {"type": "Feature", "geometry": {"type": "Point", "coordinates": [7.75, 55.0]}, "properties": {"value": 8.956, "time": "2025-12-01T03:00:00", "date": "2025-12-01", "hour": 3}}, {"type": "Feature", "geometry": {"type": "Point", "coordinates": [8.0, 55.0]}, "properties": {"value": 7.974, "time": "2025-12-01T03:00:00", "date": "2025-12-01", "hour": 3}}, {"type": "Feature", "geometry": {"type": "Point", "coordinates": [8.25, 55.0]}, "properties": {"value": 6.612, "time": "2025-12-01T03:00:00", "date": "2025-12-01", "hour": 3}}, {"type": "Feature", "geometry": {"type": "Point", "coordinates": [8.5, 55.0]}, "properties": {"value": 5.574, "time": "2025-12-01T03:00:00", "date": "2025-12-01", "hour": 3}}, {"type": "Feature", "geometry": {"type": "Point", "coordinates": [10.25, 55.0]}, "properties": {"value": 6.633, "time": "2025-12-01T03:00:00", "date": "2025-12-01", "hour": 3}}, {"type": "Feature", "geometry": {"type": "Point", "coordinates": [10.5, 55.0]}, "properties": {"value": 6.71, "time": "2025-12-01T03:00:00", "date": "2025-12-01", "hour": 3}}, {"type": "Feature", "geometry": {"type": "Point", "coordinates": [10.75, 55.0]}, "properties": {"value": 6.785, "time": "2025-12-01T03:00:00", "date": "2025-12-01", "hour": 3}}, {"type": "Feature", "geometry": {"type": "Point", "coordinates": [11.0, 55.0]}, "properties": {"value": 6.573, "time": "2025-12-01T03:00:00", "date": "2025-12-01", "hour": 3}}, {"type": "Feature", "geometry": {"type": "Point", "coordinates": [11.25, 55.0]}, "properties": {"value": 6.254, "time": "2025-12-01T03:00:00", "date": "2025-12-01", "hour": 3}}, {"type": "Feature", "geometry": {"type": "Point", "coordinates": [11.5, 55.0]}, "properties": {"value": 6.016, "time": "2025-12-01T03:00:00", "date": "2025-12-01", "hour": 3}}, {"type": "Feature", "geometry": {"type": "Point", "coordinates": [11.75, 55.0]}, "properties": {"value": 5.739, "time": "2025-12-01T03:00:00", "date": "2025-12-01", "hour": 3}}, {"type": "Feature", "geometry": {"type": "Point", "coordinates": [12.0, 55.0]}, "properties": {"value": 6.229, "time": "2025-12-01T03:00:00", "date": "2025-12-01", "hour": 3}}, {"type": "Feature", "geometry": {"type": "Point", "coordinates": [12.25, 55.0]}, "properties": {"value": 6.941, "time": "2025-12-01T03:00:00", "date": "2025-12-01", "hour": 3}}, {"type": "Feature", "geometry": {"type": "Point", "coordinates": [12.5, 55.0]}, "properties": {"value": 7.794, "time": "2025-12-01T03:00:00", "date": "2025-12-01", "hour": 3}}, {"type": "Feature", "geometry": {"type": "Point", "coordinates": [12.75, 55.0]}, "properties": {"value": 8.024, "time": "2025-12-01T03:00:00", "date": "2025-12-01", "hour": 3}}, {"type": "Feature", "geometry": {"type": "Point", "coordinates": [13.0, 55.0]}, "properties": {"value": 8.186, "time": "2025-12-01T03:00:00", "date": "2025-12-01", "hour": 3}}, {"type": "Feature", "geometry": {"type": "Point", "coordinates": [13.25, 55.0]}, "properties": {"value": 8.29, "time": "2025-12-01T03:00:00", "date": "2025-12-01", "hour": 3}}, {"type": "Feature", "geometry": {"type": "Point", "coordinates": [13.5, 55.0]}, "properties": {"value": 8.34, "time": "2025-12-01T03:00:00", "date": "2025-12-01", "hour": 3}}, {"type": "Feature", "geometry": {"type": "Point", "coordinates": [13.75, 55.0]}, "properties": {"value": 8.402, "time": "2025-12-01T03:00:00", "date": "2025-12-01", "hour": 3}}, {"type": "Feature", "geometry": {"type": "Point", "coordinates": [14.0, 55.0]}, "properties": {"value": 8.359, "time": "2025-12-01T03:00:00", "date": "2025-12-01", "hour": 3}}, {"type": "Feature", "geometry": {"type": "Point", "coordinates": [14.25, 55.0]}, "properties": {"value": 8.27, "time": "2025-12-01T03:00:00", "date": "2025-12-01", "hour": 3}}, {"type": "Feature", "geometry": {"type": "Point", "coordinates": [14.5, 55.0]}, "properties": {"value": 8.167, "time": "2025-12-01T03:00:00", "date": "2025-12-01", "hour": 3}}, {"type": "Feature", "geometry": {"type": "Point", "coordinates": [14.75, 55.0]}, "properties": {"value": 8.191, "time": "2025-12-01T03:00:00", "date": "2025-12-01", "hour": 3}}, {"type": "Feature", "geometry": {"type": "Point", "coordinates": [15.0, 55.0]}, "properties": {"value": 8.269, "time": "2025-12-01T03:00:00", "date": "2025-12-01", "hour": 3}}, {"type": "Feature", "geometry": {"type": "Point", "coordinates": [5.25, 52.75]}, "properties": {"value": 5.87, "time": "2025-12-01T04:00:00", "date": "2025-12-01", "hour": 4}}, {"type": "Feature", "geometry": {"type": "Point", "coordinates": [5.5, 52.75]}, "properties": {"value": 5.874, "time": "2025-12-01T04:00:00", "date": "2025-12-01", "hour": 4}}, {"type": "Feature", "geometry": {"type": "Point", "coordinates": [5.0, 53.0]}, "properties": {"value": 7.136, "time": "2025-12-01T04:00:00", "date": "2025-12-01", "hour": 4}}, {"type": "Feature", "geometry": {"type": "Point", "coordinates": [5.25, 53.0]}, "properties": {"value": 6.372, "time": "2025-12-01T04:00:00", "date": "2025-12-01", "hour": 4}}, {"type": "Feature", "geometry": {"type": "Point", "coordinates": [5.5, 53.0]}, "properties": {"value": 5.806, "time": "2025-12-01T04:00:00", "date": "2025-12-01", "hour": 4}}, {"type": "Feature", "geometry": {"type": "Point", "coordinates": [5.0, 53.25]}, "properties": {"value": 8.133, "time": "2025-12-01T04:00:00", "date": "2025-12-01", "hour": 4}}, {"type": "Feature", "geometry": {"type": "Point", "coordinates": [5.25, 53.25]}, "properties": {"value": 7.078, "time": "2025-12-01T04:00:00", "date": "2025-12-01", "hour": 4}}, {"type": "Feature", "geometry": {"type": "Point", "coordinates": [5.5, 53.25]}, "properties": {"value": 6.443, "time": "2025-12-01T04:00:00", "date": "2025-12-01", "hour": 4}}, {"type": "Feature", "geometry": {"type": "Point", "coordinates": [5.0, 53.5]}, "properties": {"value": 9.858, "time": "2025-12-01T04:00:00", "date": "2025-12-01", "hour": 4}}, {"type": "Feature", "geometry": {"type": "Point", "coordinates": [5.25, 53.5]}, "properties": {"value": 9.263, "time": "2025-12-01T04:00:00", "date": "2025-12-01", "hour": 4}}, {"type": "Feature", "geometry": {"type": "Point", "coordinates": [5.5, 53.5]}, "properties": {"value": 9.037, "time": "2025-12-01T04:00:00", "date": "2025-12-01", "hour": 4}}, {"type": "Feature", "geometry": {"type": "Point", "coordinates": [5.75, 53.5]}, "properties": {"value": 8.363, "time": "2025-12-01T04:00:00", "date": "2025-12-01", "hour": 4}}, {"type": "Feature", "geometry": {"type": "Point", "coordinates": [6.0, 53.5]}, "properties": {"value": 7.583, "time": "2025-12-01T04:00:00", "date": "2025-12-01", "hour": 4}}, {"type": "Feature", "geometry": {"type": "Point", "coordinates": [6.25, 53.5]}, "properties": {"value": 6.762, "time": "2025-12-01T04:00:00", "date": "2025-12-01", "hour": 4}}, {"type": "Feature", "geometry": {"type": "Point", "coordinates": [6.5, 53.5]}, "properties": {"value": 6.362, "time": "2025-12-01T04:00:00", "date": "2025-12-01", "hour": 4}}, {"type": "Feature", "geometry": {"type": "Point", "coordinates": [6.75, 53.5]}, "properties": {"value": 5.656, "time": "2025-12-01T04:00:00", "date": "2025-12-01", "hour": 4}}, {"type": "Feature", "geometry": {"type": "Point", "coordinates": [5.0, 53.75]}, "properties": {"value": 10.558, "time": "2025-12-01T04:00:00", "date": "2025-12-01", "hour": 4}}, {"type": "Feature", "geometry": {"type": "Point", "coordinates": [5.25, 53.75]}, "properties": {"value": 10.271, "time": "2025-12-01T04:00:00", "date": "2025-12-01", "hour": 4}}, {"type": "Feature", "geometry": {"type": "Point", "coordinates": [5.5, 53.75]}, "properties": {"value": 10.048, "time": "2025-12-01T04:00:00", "date": "2025-12-01", "hour": 4}}, {"type": "Feature", "geometry": {"type": "Point", "coordinates": [5.75, 53.75]}, "properties": {"value": 9.769, "time": "2025-12-01T04:00:00", "date": "2025-12-01", "hour": 4}}, {"type": "Feature", "geometry": {"type": "Point", "coordinates": [6.0, 53.75]}, "properties": {"value": 9.163, "time": "2025-12-01T04:00:00", "date": "2025-12-01", "hour": 4}}, {"type": "Feature", "geometry": {"type": "Point", "coordinates": [6.25, 53.75]}, "properties": {"value": 8.853, "time": "2025-12-01T04:00:00", "date": "2025-12-01", "hour": 4}}, {"type": "Feature", "geometry": {"type": "Point", "coordinates": [6.5, 53.75]}, "properties": {"value": 8.424, "time": "2025-12-01T04:00:00", "date": "2025-12-01", "hour": 4}}, {"type": "Feature", "geometry": {"type": "Point", "coordinates": [6.75, 53.75]}, "properties": {"value": 7.902, "time": "2025-12-01T04:00:00", "date": "2025-12-01", "hour": 4}}, {"type": "Feature", "geometry": {"type": "Point", "coordinates": [7.0, 53.75]}, "properties": {"value": 8.203, "time": "2025-12-01T04:00:00", "date": "2025-12-01", "hour": 4}}, {"type": "Feature", "geometry": {"type": "Point", "coordinates": [7.25, 53.75]}, "properties": {"value": 7.675, "time": "2025-12-01T04:00:00", "date": "2025-12-01", "hour": 4}}, {"type": "Feature", "geometry": {"type": "Point", "coordinates": [7.5, 53.75]}, "properties": {"value": 7.903, "time": "2025-12-01T04:00:00", "date": "2025-12-01", "hour": 4}}, {"type": "Feature", "geometry": {"type": "Point", "coordinates": [7.75, 53.75]}, "properties": {"value": 7.942, "time": "2025-12-01T04:00:00", "date": "2025-12-01", "hour": 4}}, {"type": "Feature", "geometry": {"type": "Point", "coordinates": [8.0, 53.75]}, "properties": {"value": 7.827, "time": "2025-12-01T04:00:00", "date": "2025-12-01", "hour": 4}}, {"type": "Feature", "geometry": {"type": "Point", "coordinates": [8.25, 53.75]}, "properties": {"value": 7.053, "time": "2025-12-01T04:00:00", "date": "2025-12-01", "hour": 4}}, {"type": "Feature", "geometry": {"type": "Point", "coordinates": [8.5, 53.75]}, "properties": {"value": 6.125, "time": "2025-12-01T04:00:00", "date": "2025-12-01", "hour": 4}}, {"type": "Feature", "geometry": {"type": "Point", "coordinates": [8.75, 53.75]}, "properties": {"value": 6.125, "time": "2025-12-01T04:00:00", "date": "2025-12-01", "hour": 4}}, {"type": "Feature", "geometry": {"type": "Point", "coordinates": [14.25, 53.75]}, "properties": {"value": 3.644, "time": "2025-12-01T04:00:00", "date": "2025-12-01", "hour": 4}}, {"type": "Feature", "geometry": {"type": "Point", "coordinates": [14.5, 53.75]}, "properties": {"value": 3.644, "time": "2025-12-01T04:00:00", "date": "2025-12-01", "hour": 4}}, {"type": "Feature", "geometry": {"type": "Point", "coordinates": [5.0, 54.0]}, "properties": {"value": 10.988, "time": "2025-12-01T04:00:00", "date": "2025-12-01", "hour": 4}}, {"type": "Feature", "geometry": {"type": "Point", "coordinates": [5.25, 54.0]}, "properties": {"value": 10.926, "time": "2025-12-01T04:00:00", "date": "2025-12-01", "hour": 4}}, {"type": "Feature", "geometry": {"type": "Point", "coordinates": [5.5, 54.0]}, "properties": {"value": 10.704, "time": "2025-12-01T04:00:00", "date": "2025-12-01", "hour": 4}}, {"type": "Feature", "geometry": {"type": "Point", "coordinates": [5.75, 54.0]}, "properties": {"value": 10.472, "time": "2025-12-01T04:00:00", "date": "2025-12-01", "hour": 4}}, {"type": "Feature", "geometry": {"type": "Point", "coordinates": [6.0, 54.0]}, "properties": {"value": 10.25, "time": "2025-12-01T04:00:00", "date": "2025-12-01", "hour": 4}}, {"type": "Feature", "geometry": {"type": "Point", "coordinates": [6.25, 54.0]}, "properties": {"value": 9.99, "time": "2025-12-01T04:00:00", "date": "2025-12-01", "hour": 4}}, {"type": "Feature", "geometry": {"type": "Point", "coordinates": [6.5, 54.0]}, "properties": {"value": 9.624, "time": "2025-12-01T04:00:00", "date": "2025-12-01", "hour": 4}}, {"type": "Feature", "geometry": {"type": "Point", "coordinates": [6.75, 54.0]}, "properties": {"value": 9.527, "time": "2025-12-01T04:00:00", "date": "2025-12-01", "hour": 4}}, {"type": "Feature", "geometry": {"type": "Point", "coordinates": [7.0, 54.0]}, "properties": {"value": 9.269, "time": "2025-12-01T04:00:00", "date": "2025-12-01", "hour": 4}}, {"type": "Feature", "geometry": {"type": "Point", "coordinates": [7.25, 54.0]}, "properties": {"value": 8.917, "time": "2025-12-01T04:00:00", "date": "2025-12-01", "hour": 4}}, {"type": "Feature", "geometry": {"type": "Point", "coordinates": [7.5, 54.0]}, "properties": {"value": 9.058, "time": "2025-12-01T04:00:00", "date": "2025-12-01", "hour": 4}}, {"type": "Feature", "geometry": {"type": "Point", "coordinates": [7.75, 54.0]}, "properties": {"value": 9.069, "time": "2025-12-01T04:00:00", "date": "2025-12-01", "hour": 4}}, {"type": "Feature", "geometry": {"type": "Point", "coordinates": [8.0, 54.0]}, "properties": {"value": 8.935, "time": "2025-12-01T04:00:00", "date": "2025-12-01", "hour": 4}}, {"type": "Feature", "geometry": {"type": "Point", "coordinates": [8.25, 54.0]}, "properties": {"value": 8.35, "time": "2025-12-01T04:00:00", "date": "2025-12-01", "hour": 4}}, {"type": "Feature", "geometry": {"type": "Point", "coordinates": [8.5, 54.0]}, "properties": {"value": 6.885, "time": "2025-12-01T04:00:00", "date": "2025-12-01", "hour": 4}}, {"type": "Feature", "geometry": {"type": "Point", "coordinates": [11.25, 54.0]}, "properties": {"value": 6.933, "time": "2025-12-01T04:00:00", "date": "2025-12-01", "hour": 4}}, {"type": "Feature", "geometry": {"type": "Point", "coordinates": [14.0, 54.0]}, "properties": {"value": 5.097, "time": "2025-12-01T04:00:00", "date": "2025-12-01", "hour": 4}}, {"type": "Feature", "geometry": {"type": "Point", "coordinates": [14.25, 54.0]}, "properties": {"value": 5.69, "time": "2025-12-01T04:00:00", "date": "2025-12-01", "hour": 4}}, {"type": "Feature", "geometry": {"type": "Point", "coordinates": [14.5, 54.0]}, "properties": {"value": 5.4, "time": "2025-12-01T04:00:00", "date": "2025-12-01", "hour": 4}}, {"type": "Feature", "geometry": {"type": "Point", "coordinates": [14.75, 54.0]}, "properties": {"value": 5.837, "time": "2025-12-01T04:00:00", "date": "2025-12-01", "hour": 4}}, {"type": "Feature", "geometry": {"type": "Point", "coordinates": [5.0, 54.25]}, "properties": {"value": 11.138, "time": "2025-12-01T04:00:00", "date": "2025-12-01", "hour": 4}}, {"type": "Feature", "geometry": {"type": "Point", "coordinates": [5.25, 54.25]}, "properties": {"value": 11.073, "time": "2025-12-01T04:00:00", "date": "2025-12-01", "hour": 4}}, {"type": "Feature", "geometry": {"type": "Point", "coordinates": [5.5, 54.25]}, "properties": {"value": 11.028, "time": "2025-12-01T04:00:00", "date": "2025-12-01", "hour": 4}}, {"type": "Feature", "geometry": {"type": "Point", "coordinates": [5.75, 54.25]}, "properties": {"value": 10.833, "time": "2025-12-01T04:00:00", "date": "2025-12-01", "hour": 4}}, {"type": "Feature", "geometry": {"type": "Point", "coordinates": [6.0, 54.25]}, "properties": {"value": 10.724, "time": "2025-12-01T04:00:00", "date": "2025-12-01", "hour": 4}}, {"type": "Feature", "geometry": {"type": "Point", "coordinates": [6.25, 54.25]}, "properties": {"value": 10.514, "time": "2025-12-01T04:00:00", "date": "2025-12-01", "hour": 4}}, {"type": "Feature", "geometry": {"type": "Point", "coordinates": [6.5, 54.25]}, "properties": {"value": 10.357, "time": "2025-12-01T04:00:00", "date": "2025-12-01", "hour": 4}}, {"type": "Feature", "geometry": {"type": "Point", "coordinates": [6.75, 54.25]}, "properties": {"value": 10.216, "time": "2025-12-01T04:00:00", "date": "2025-12-01", "hour": 4}}, {"type": "Feature", "geometry": {"type": "Point", "coordinates": [7.0, 54.25]}, "properties": {"value": 9.99, "time": "2025-12-01T04:00:00", "date": "2025-12-01", "hour": 4}}, {"type": "Feature", "geometry": {"type": "Point", "coordinates": [7.25, 54.25]}, "properties": {"value": 9.88, "time": "2025-12-01T04:00:00", "date": "2025-12-01", "hour": 4}}, {"type": "Feature", "geometry": {"type": "Point", "coordinates": [7.5, 54.25]}, "properties": {"value": 9.945, "time": "2025-12-01T04:00:00", "date": "2025-12-01", "hour": 4}}, {"type": "Feature", "geometry": {"type": "Point", "coordinates": [7.75, 54.25]}, "properties": {"value": 9.603, "time": "2025-12-01T04:00:00", "date": "2025-12-01", "hour": 4}}, {"type": "Feature", "geometry": {"type": "Point", "coordinates": [8.0, 54.25]}, "properties": {"value": 9.35, "time": "2025-12-01T04:00:00", "date": "2025-12-01", "hour": 4}}, {"type": "Feature", "geometry": {"type": "Point", "coordinates": [8.25, 54.25]}, "properties": {"value": 7.977, "time": "2025-12-01T04:00:00", "date": "2025-12-01", "hour": 4}}, {"type": "Feature", "geometry": {"type": "Point", "coordinates": [8.5, 54.25]}, "properties": {"value": 6.56, "time": "2025-12-01T04:00:00", "date": "2025-12-01", "hour": 4}}, {"type": "Feature", "geometry": {"type": "Point", "coordinates": [10.75, 54.25]}, "properties": {"value": 7.086, "time": "2025-12-01T04:00:00", "date": "2025-12-01", "hour": 4}}, {"type": "Feature", "geometry": {"type": "Point", "coordinates": [11.25, 54.25]}, "properties": {"value": 7.105, "time": "2025-12-01T04:00:00", "date": "2025-12-01", "hour": 4}}, {"type": "Feature", "geometry": {"type": "Point", "coordinates": [11.75, 54.25]}, "properties": {"value": 7.016, "time": "2025-12-01T04:00:00", "date": "2025-12-01", "hour": 4}}, {"type": "Feature", "geometry": {"type": "Point", "coordinates": [12.25, 54.25]}, "properties": {"value": 6.849, "time": "2025-12-01T04:00:00", "date": "2025-12-01", "hour": 4}}, {"type": "Feature", "geometry": {"type": "Point", "coordinates": [13.75, 54.25]}, "properties": {"value": 5.402, "time": "2025-12-01T04:00:00", "date": "2025-12-01", "hour": 4}}, {"type": "Feature", "geometry": {"type": "Point", "coordinates": [14.0, 54.25]}, "properties": {"value": 5.783, "time": "2025-12-01T04:00:00", "date": "2025-12-01", "hour": 4}}, {"type": "Feature", "geometry": {"type": "Point", "coordinates": [14.25, 54.25]}, "properties": {"value": 6.141, "time": "2025-12-01T04:00:00", "date": "2025-12-01", "hour": 4}}, {"type": "Feature", "geometry": {"type": "Point", "coordinates": [14.5, 54.25]}, "properties": {"value": 6.004, "time": "2025-12-01T04:00:00", "date": "2025-12-01", "hour": 4}}, {"type": "Feature", "geometry": {"type": "Point", "coordinates": [14.75, 54.25]}, "properties": {"value": 6.275, "time": "2025-12-01T04:00:00", "date": "2025-12-01", "hour": 4}}, {"type": "Feature", "geometry": {"type": "Point", "coordinates": [15.0, 54.25]}, "properties": {"value": 6.996, "time": "2025-12-01T04:00:00", "date": "2025-12-01", "hour": 4}}, {"type": "Feature", "geometry": {"type": "Point", "coordinates": [5.0, 54.5]}, "properties": {"value": 11.234, "time": "2025-12-01T04:00:00", "date": "2025-12-01", "hour": 4}}, {"type": "Feature", "geometry": {"type": "Point", "coordinates": [5.25, 54.5]}, "properties": {"value": 11.227, "time": "2025-12-01T04:00:00", "date": "2025-12-01", "hour": 4}}, {"type": "Feature", "geometry": {"type": "Point", "coordinates": [5.5, 54.5]}, "properties": {"value": 11.182, "time": "2025-12-01T04:00:00", "date": "2025-12-01", "hour": 4}}, {"type": "Feature", "geometry": {"type": "Point", "coordinates": [5.75, 54.5]}, "properties": {"value": 11.111, "time": "2025-12-01T04:00:00", "date": "2025-12-01", "hour": 4}}, {"type": "Feature", "geometry": {"type": "Point", "coordinates": [6.0, 54.5]}, "properties": {"value": 10.996, "time": "2025-12-01T04:00:00", "date": "2025-12-01", "hour": 4}}, {"type": "Feature", "geometry": {"type": "Point", "coordinates": [6.25, 54.5]}, "properties": {"value": 10.846, "time": "2025-12-01T04:00:00", "date": "2025-12-01", "hour": 4}}, {"type": "Feature", "geometry": {"type": "Point", "coordinates": [6.5, 54.5]}, "properties": {"value": 10.674, "time": "2025-12-01T04:00:00", "date": "2025-12-01", "hour": 4}}, {"type": "Feature", "geometry": {"type": "Point", "coordinates": [6.75, 54.5]}, "properties": {"value": 10.476, "time": "2025-12-01T04:00:00", "date": "2025-12-01", "hour": 4}}, {"type": "Feature", "geometry": {"type": "Point", "coordinates": [7.0, 54.5]}, "properties": {"value": 10.35, "time": "2025-12-01T04:00:00", "date": "2025-12-01", "hour": 4}}, {"type": "Feature", "geometry": {"type": "Point", "coordinates": [7.25, 54.5]}, "properties": {"value": 10.159, "time": "2025-12-01T04:00:00", "date": "2025-12-01", "hour": 4}}, {"type": "Feature", "geometry": {"type": "Point", "coordinates": [7.5, 54.5]}, "properties": {"value": 10.163, "time": "2025-12-01T04:00:00", "date": "2025-12-01", "hour": 4}}, {"type": "Feature", "geometry": {"type": "Point", "coordinates": [7.75, 54.5]}, "properties": {"value": 9.648, "time": "2025-12-01T04:00:00", "date": "2025-12-01", "hour": 4}}, {"type": "Feature", "geometry": {"type": "Point", "coordinates": [8.0, 54.5]}, "properties": {"value": 8.637, "time": "2025-12-01T04:00:00", "date": "2025-12-01", "hour": 4}}, {"type": "Feature", "geometry": {"type": "Point", "coordinates": [8.25, 54.5]}, "properties": {"value": 7.143, "time": "2025-12-01T04:00:00", "date": "2025-12-01", "hour": 4}}, {"type": "Feature", "geometry": {"type": "Point", "coordinates": [8.5, 54.5]}, "properties": {"value": 5.947, "time": "2025-12-01T04:00:00", "date": "2025-12-01", "hour": 4}}, {"type": "Feature", "geometry": {"type": "Point", "coordinates": [10.5, 54.5]}, "properties": {"value": 7.425, "time": "2025-12-01T04:00:00", "date": "2025-12-01", "hour": 4}}, {"type": "Feature", "geometry": {"type": "Point", "coordinates": [10.75, 54.5]}, "properties": {"value": 7.25, "time": "2025-12-01T04:00:00", "date": "2025-12-01", "hour": 4}}, {"type": "Feature", "geometry": {"type": "Point", "coordinates": [11.0, 54.5]}, "properties": {"value": 6.818, "time": "2025-12-01T04:00:00", "date": "2025-12-01", "hour": 4}}, {"type": "Feature", "geometry": {"type": "Point", "coordinates": [11.25, 54.5]}, "properties": {"value": 6.904, "time": "2025-12-01T04:00:00", "date": "2025-12-01", "hour": 4}}, {"type": "Feature", "geometry": {"type": "Point", "coordinates": [11.5, 54.5]}, "properties": {"value": 6.78, "time": "2025-12-01T04:00:00", "date": "2025-12-01", "hour": 4}}, {"type": "Feature", "geometry": {"type": "Point", "coordinates": [11.75, 54.5]}, "properties": {"value": 7.055, "time": "2025-12-01T04:00:00", "date": "2025-12-01", "hour": 4}}, {"type": "Feature", "geometry": {"type": "Point", "coordinates": [12.0, 54.5]}, "properties": {"value": 7.145, "time": "2025-12-01T04:00:00", "date": "2025-12-01", "hour": 4}}, {"type": "Feature", "geometry": {"type": "Point", "coordinates": [12.25, 54.5]}, "properties": {"value": 7.114, "time": "2025-12-01T04:00:00", "date": "2025-12-01", "hour": 4}}, {"type": "Feature", "geometry": {"type": "Point", "coordinates": [13.0, 54.5]}, "properties": {"value": 7.342, "time": "2025-12-01T04:00:00", "date": "2025-12-01", "hour": 4}}, {"type": "Feature", "geometry": {"type": "Point", "coordinates": [13.25, 54.5]}, "properties": {"value": 6.737, "time": "2025-12-01T04:00:00", "date": "2025-12-01", "hour": 4}}, {"type": "Feature", "geometry": {"type": "Point", "coordinates": [13.5, 54.5]}, "properties": {"value": 6.579, "time": "2025-12-01T04:00:00", "date": "2025-12-01", "hour": 4}}, {"type": "Feature", "geometry": {"type": "Point", "coordinates": [13.75, 54.5]}, "properties": {"value": 6.536, "time": "2025-12-01T04:00:00", "date": "2025-12-01", "hour": 4}}, {"type": "Feature", "geometry": {"type": "Point", "coordinates": [14.0, 54.5]}, "properties": {"value": 6.82, "time": "2025-12-01T04:00:00", "date": "2025-12-01", "hour": 4}}, {"type": "Feature", "geometry": {"type": "Point", "coordinates": [14.25, 54.5]}, "properties": {"value": 6.796, "time": "2025-12-01T04:00:00", "date": "2025-12-01", "hour": 4}}, {"type": "Feature", "geometry": {"type": "Point", "coordinates": [14.5, 54.5]}, "properties": {"value": 6.964, "time": "2025-12-01T04:00:00", "date": "2025-12-01", "hour": 4}}, {"type": "Feature", "geometry": {"type": "Point", "coordinates": [14.75, 54.5]}, "properties": {"value": 7.362, "time": "2025-12-01T04:00:00", "date": "2025-12-01", "hour": 4}}, {"type": "Feature", "geometry": {"type": "Point", "coordinates": [15.0, 54.5]}, "properties": {"value": 8.121, "time": "2025-12-01T04:00:00", "date": "2025-12-01", "hour": 4}}, {"type": "Feature", "geometry": {"type": "Point", "coordinates": [5.0, 54.75]}, "properties": {"value": 11.377, "time": "2025-12-01T04:00:00", "date": "2025-12-01", "hour": 4}}, {"type": "Feature", "geometry": {"type": "Point", "coordinates": [5.25, 54.75]}, "properties": {"value": 11.37, "time": "2025-12-01T04:00:00", "date": "2025-12-01", "hour": 4}}, {"type": "Feature", "geometry": {"type": "Point", "coordinates": [5.5, 54.75]}, "properties": {"value": 11.325, "time": "2025-12-01T04:00:00", "date": "2025-12-01", "hour": 4}}, {"type": "Feature", "geometry": {"type": "Point", "coordinates": [5.75, 54.75]}, "properties": {"value": 11.295, "time": "2025-12-01T04:00:00", "date": "2025-12-01", "hour": 4}}, {"type": "Feature", "geometry": {"type": "Point", "coordinates": [6.0, 54.75]}, "properties": {"value": 11.17, "time": "2025-12-01T04:00:00", "date": "2025-12-01", "hour": 4}}, {"type": "Feature", "geometry": {"type": "Point", "coordinates": [6.25, 54.75]}, "properties": {"value": 11.021, "time": "2025-12-01T04:00:00", "date": "2025-12-01", "hour": 4}}, {"type": "Feature", "geometry": {"type": "Point", "coordinates": [6.5, 54.75]}, "properties": {"value": 10.874, "time": "2025-12-01T04:00:00", "date": "2025-12-01", "hour": 4}}, {"type": "Feature", "geometry": {"type": "Point", "coordinates": [6.75, 54.75]}, "properties": {"value": 10.739, "time": "2025-12-01T04:00:00", "date": "2025-12-01", "hour": 4}}, {"type": "Feature", "geometry": {"type": "Point", "coordinates": [7.0, 54.75]}, "properties": {"value": 10.652, "time": "2025-12-01T04:00:00", "date": "2025-12-01", "hour": 4}}, {"type": "Feature", "geometry": {"type": "Point", "coordinates": [7.25, 54.75]}, "properties": {"value": 10.445, "time": "2025-12-01T04:00:00", "date": "2025-12-01", "hour": 4}}, {"type": "Feature", "geometry": {"type": "Point", "coordinates": [7.5, 54.75]}, "properties": {"value": 10.14, "time": "2025-12-01T04:00:00", "date": "2025-12-01", "hour": 4}}, {"type": "Feature", "geometry": {"type": "Point", "coordinates": [7.75, 54.75]}, "properties": {"value": 9.109, "time": "2025-12-01T04:00:00", "date": "2025-12-01", "hour": 4}}, {"type": "Feature", "geometry": {"type": "Point", "coordinates": [8.0, 54.75]}, "properties": {"value": 8.069, "time": "2025-12-01T04:00:00", "date": "2025-12-01", "hour": 4}}, {"type": "Feature", "geometry": {"type": "Point", "coordinates": [8.25, 54.75]}, "properties": {"value": 6.601, "time": "2025-12-01T04:00:00", "date": "2025-12-01", "hour": 4}}, {"type": "Feature", "geometry": {"type": "Point", "coordinates": [8.5, 54.75]}, "properties": {"value": 5.543, "time": "2025-12-01T04:00:00", "date": "2025-12-01", "hour": 4}}, {"type": "Feature", "geometry": {"type": "Point", "coordinates": [10.25, 54.75]}, "properties": {"value": 7.504, "time": "2025-12-01T04:00:00", "date": "2025-12-01", "hour": 4}}, {"type": "Feature", "geometry": {"type": "Point", "coordinates": [10.5, 54.75]}, "properties": {"value": 7.41, "time": "2025-12-01T04:00:00", "date": "2025-12-01", "hour": 4}}, {"type": "Feature", "geometry": {"type": "Point", "coordinates": [10.75, 54.75]}, "properties": {"value": 7.238, "time": "2025-12-01T04:00:00", "date": "2025-12-01", "hour": 4}}, {"type": "Feature", "geometry": {"type": "Point", "coordinates": [11.0, 54.75]}, "properties": {"value": 6.764, "time": "2025-12-01T04:00:00", "date": "2025-12-01", "hour": 4}}, {"type": "Feature", "geometry": {"type": "Point", "coordinates": [11.25, 54.75]}, "properties": {"value": 6.362, "time": "2025-12-01T04:00:00", "date": "2025-12-01", "hour": 4}}, {"type": "Feature", "geometry": {"type": "Point", "coordinates": [11.5, 54.75]}, "properties": {"value": 6.158, "time": "2025-12-01T04:00:00", "date": "2025-12-01", "hour": 4}}, {"type": "Feature", "geometry": {"type": "Point", "coordinates": [12.0, 54.75]}, "properties": {"value": 6.814, "time": "2025-12-01T04:00:00", "date": "2025-12-01", "hour": 4}}, {"type": "Feature", "geometry": {"type": "Point", "coordinates": [12.25, 54.75]}, "properties": {"value": 7.346, "time": "2025-12-01T04:00:00", "date": "2025-12-01", "hour": 4}}, {"type": "Feature", "geometry": {"type": "Point", "coordinates": [12.5, 54.75]}, "properties": {"value": 7.81, "time": "2025-12-01T04:00:00", "date": "2025-12-01", "hour": 4}}, {"type": "Feature", "geometry": {"type": "Point", "coordinates": [12.75, 54.75]}, "properties": {"value": 7.889, "time": "2025-12-01T04:00:00", "date": "2025-12-01", "hour": 4}}, {"type": "Feature", "geometry": {"type": "Point", "coordinates": [13.0, 54.75]}, "properties": {"value": 7.566, "time": "2025-12-01T04:00:00", "date": "2025-12-01", "hour": 4}}, {"type": "Feature", "geometry": {"type": "Point", "coordinates": [13.25, 54.75]}, "properties": {"value": 7.671, "time": "2025-12-01T04:00:00", "date": "2025-12-01", "hour": 4}}, {"type": "Feature", "geometry": {"type": "Point", "coordinates": [13.5, 54.75]}, "properties": {"value": 7.972, "time": "2025-12-01T04:00:00", "date": "2025-12-01", "hour": 4}}, {"type": "Feature", "geometry": {"type": "Point", "coordinates": [13.75, 54.75]}, "properties": {"value": 7.929, "time": "2025-12-01T04:00:00", "date": "2025-12-01", "hour": 4}}, {"type": "Feature", "geometry": {"type": "Point", "coordinates": [14.0, 54.75]}, "properties": {"value": 7.74, "time": "2025-12-01T04:00:00", "date": "2025-12-01", "hour": 4}}, {"type": "Feature", "geometry": {"type": "Point", "coordinates": [14.25, 54.75]}, "properties": {"value": 7.718, "time": "2025-12-01T04:00:00", "date": "2025-12-01", "hour": 4}}, {"type": "Feature", "geometry": {"type": "Point", "coordinates": [14.5, 54.75]}, "properties": {"value": 8.043, "time": "2025-12-01T04:00:00", "date": "2025-12-01", "hour": 4}}, {"type": "Feature", "geometry": {"type": "Point", "coordinates": [14.75, 54.75]}, "properties": {"value": 8.412, "time": "2025-12-01T04:00:00", "date": "2025-12-01", "hour": 4}}, {"type": "Feature", "geometry": {"type": "Point", "coordinates": [15.0, 54.75]}, "properties": {"value": 8.611, "time": "2025-12-01T04:00:00", "date": "2025-12-01", "hour": 4}}, {"type": "Feature", "geometry": {"type": "Point", "coordinates": [5.0, 55.0]}, "properties": {"value": 11.326, "time": "2025-12-01T04:00:00", "date": "2025-12-01", "hour": 4}}, {"type": "Feature", "geometry": {"type": "Point", "coordinates": [5.25, 55.0]}, "properties": {"value": 11.343, "time": "2025-12-01T04:00:00", "date": "2025-12-01", "hour": 4}}, {"type": "Feature", "geometry": {"type": "Point", "coordinates": [5.5, 55.0]}, "properties": {"value": 11.327, "time": "2025-12-01T04:00:00", "date": "2025-12-01", "hour": 4}}, {"type": "Feature", "geometry": {"type": "Point", "coordinates": [5.75, 55.0]}, "properties": {"value": 11.297, "time": "2025-12-01T04:00:00", "date": "2025-12-01", "hour": 4}}, {"type": "Feature", "geometry": {"type": "Point", "coordinates": [6.0, 55.0]}, "properties": {"value": 11.252, "time": "2025-12-01T04:00:00", "date": "2025-12-01", "hour": 4}}, {"type": "Feature", "geometry": {"type": "Point", "coordinates": [6.25, 55.0]}, "properties": {"value": 11.197, "time": "2025-12-01T04:00:00", "date": "2025-12-01", "hour": 4}}, {"type": "Feature", "geometry": {"type": "Point", "coordinates": [6.5, 55.0]}, "properties": {"value": 11.076, "time": "2025-12-01T04:00:00", "date": "2025-12-01", "hour": 4}}, {"type": "Feature", "geometry": {"type": "Point", "coordinates": [6.75, 55.0]}, "properties": {"value": 10.934, "time": "2025-12-01T04:00:00", "date": "2025-12-01", "hour": 4}}, {"type": "Feature", "geometry": {"type": "Point", "coordinates": [7.0, 55.0]}, "properties": {"value": 10.756, "time": "2025-12-01T04:00:00", "date": "2025-12-01", "hour": 4}}, {"type": "Feature", "geometry": {"type": "Point", "coordinates": [7.25, 55.0]}, "properties": {"value": 10.379, "time": "2025-12-01T04:00:00", "date": "2025-12-01", "hour": 4}}, {"type": "Feature", "geometry": {"type": "Point", "coordinates": [7.5, 55.0]}, "properties": {"value": 10.018, "time": "2025-12-01T04:00:00", "date": "2025-12-01", "hour": 4}}, {"type": "Feature", "geometry": {"type": "Point", "coordinates": [7.75, 55.0]}, "properties": {"value": 8.956, "time": "2025-12-01T04:00:00", "date": "2025-12-01", "hour": 4}}, {"type": "Feature", "geometry": {"type": "Point", "coordinates": [8.0, 55.0]}, "properties": {"value": 7.974, "time": "2025-12-01T04:00:00", "date": "2025-12-01", "hour": 4}}, {"type": "Feature", "geometry": {"type": "Point", "coordinates": [8.25, 55.0]}, "properties": {"value": 6.612, "time": "2025-12-01T04:00:00", "date": "2025-12-01", "hour": 4}}, {"type": "Feature", "geometry": {"type": "Point", "coordinates": [8.5, 55.0]}, "properties": {"value": 5.574, "time": "2025-12-01T04:00:00", "date": "2025-12-01", "hour": 4}}, {"type": "Feature", "geometry": {"type": "Point", "coordinates": [10.25, 55.0]}, "properties": {"value": 6.633, "time": "2025-12-01T04:00:00", "date": "2025-12-01", "hour": 4}}, {"type": "Feature", "geometry": {"type": "Point", "coordinates": [10.5, 55.0]}, "properties": {"value": 6.71, "time": "2025-12-01T04:00:00", "date": "2025-12-01", "hour": 4}}, {"type": "Feature", "geometry": {"type": "Point", "coordinates": [10.75, 55.0]}, "properties": {"value": 6.785, "time": "2025-12-01T04:00:00", "date": "2025-12-01", "hour": 4}}, {"type": "Feature", "geometry": {"type": "Point", "coordinates": [11.0, 55.0]}, "properties": {"value": 6.573, "time": "2025-12-01T04:00:00", "date": "2025-12-01", "hour": 4}}, {"type": "Feature", "geometry": {"type": "Point", "coordinates": [11.25, 55.0]}, "properties": {"value": 6.254, "time": "2025-12-01T04:00:00", "date": "2025-12-01", "hour": 4}}, {"type": "Feature", "geometry": {"type": "Point", "coordinates": [11.5, 55.0]}, "properties": {"value": 6.016, "time": "2025-12-01T04:00:00", "date": "2025-12-01", "hour": 4}}, {"type": "Feature", "geometry": {"type": "Point", "coordinates": [11.75, 55.0]}, "properties": {"value": 5.739, "time": "2025-12-01T04:00:00", "date": "2025-12-01", "hour": 4}}, {"type": "Feature", "geometry": {"type": "Point", "coordinates": [12.0, 55.0]}, "properties": {"value": 6.229, "time": "2025-12-01T04:00:00", "date": "2025-12-01", "hour": 4}}, {"type": "Feature", "geometry": {"type": "Point", "coordinates": [12.25, 55.0]}, "properties": {"value": 6.941, "time": "2025-12-01T04:00:00", "date": "2025-12-01", "hour": 4}}, {"type": "Feature", "geometry": {"type": "Point", "coordinates": [12.5, 55.0]}, "properties": {"value": 7.794, "time": "2025-12-01T04:00:00", "date": "2025-12-01", "hour": 4}}, {"type": "Feature", "geometry": {"type": "Point", "coordinates": [12.75, 55.0]}, "properties": {"value": 8.024, "time": "2025-12-01T04:00:00", "date": "2025-12-01", "hour": 4}}, {"type": "Feature", "geometry": {"type": "Point", "coordinates": [13.0, 55.0]}, "properties": {"value": 8.186, "time": "2025-12-01T04:00:00", "date": "2025-12-01", "hour": 4}}, {"type": "Feature", "geometry": {"type": "Point", "coordinates": [13.25, 55.0]}, "properties": {"value": 8.29, "time": "2025-12-01T04:00:00", "date": "2025-12-01", "hour": 4}}, {"type": "Feature", "geometry": {"type": "Point", "coordinates": [13.5, 55.0]}, "properties": {"value": 8.34, "time": "2025-12-01T04:00:00", "date": "2025-12-01", "hour": 4}}, {"type": "Feature", "geometry": {"type": "Point", "coordinates": [13.75, 55.0]}, "properties": {"value": 8.402, "time": "2025-12-01T04:00:00", "date": "2025-12-01", "hour": 4}}, {"type": "Feature", "geometry": {"type": "Point", "coordinates": [14.0, 55.0]}, "properties": {"value": 8.359, "time": "2025-12-01T04:00:00", "date": "2025-12-01", "hour": 4}}, {"type": "Feature", "geometry": {"type": "Point", "coordinates": [14.25, 55.0]}, "properties": {"value": 8.27, "time": "2025-12-01T04:00:00", "date": "2025-12-01", "hour": 4}}, {"type": "Feature", "geometry": {"type": "Point", "coordinates": [14.5, 55.0]}, "properties": {"value": 8.167, "time": "2025-12-01T04:00:00", "date": "2025-12-01", "hour": 4}}, {"type": "Feature", "geometry": {"type": "Point", "coordinates": [14.75, 55.0]}, "properties": {"value": 8.191, "time": "2025-12-01T04:00:00", "date": "2025-12-01", "hour": 4}}, {"type": "Feature", "geometry": {"type": "Point", "coordinates": [15.0, 55.0]}, "properties": {"value": 8.269, "time": "2025-12-01T04:00:00", "date": "2025-12-01", "hour": 4}}, {"type": "Feature", "geometry": {"type": "Point", "coordinates": [5.25, 52.75]}, "properties": {"value": 5.87, "time": "2025-12-01T05:00:00", "date": "2025-12-01", "hour": 5}}, {"type": "Feature", "geometry": {"type": "Point", "coordinates": [5.5, 52.75]}, "properties": {"value": 5.874, "time": "2025-12-01T05:00:00", "date": "2025-12-01", "hour": 5}}, {"type": "Feature", "geometry": {"type": "Point", "coordinates": [5.0, 53.0]}, "properties": {"value": 7.136, "time": "2025-12-01T05:00:00", "date": "2025-12-01", "hour": 5}}, {"type": "Feature", "geometry": {"type": "Point", "coordinates": [5.25, 53.0]}, "properties": {"value": 6.372, "time": "2025-12-01T05:00:00", "date": "2025-12-01", "hour": 5}}, {"type": "Feature", "geometry": {"type": "Point", "coordinates": [5.5, 53.0]}, "properties": {"value": 5.806, "time": "2025-12-01T05:00:00", "date": "2025-12-01", "hour": 5}}, {"type": "Feature", "geometry": {"type": "Point", "coordinates": [5.0, 53.25]}, "properties": {"value": 8.133, "time": "2025-12-01T05:00:00", "date": "2025-12-01", "hour": 5}}, {"type": "Feature", "geometry": {"type": "Point", "coordinates": [5.25, 53.25]}, "properties": {"value": 7.078, "time": "2025-12-01T05:00:00", "date": "2025-12-01", "hour": 5}}, {"type": "Feature", "geometry": {"type": "Point", "coordinates": [5.5, 53.25]}, "properties": {"value": 6.443, "time": "2025-12-01T05:00:00", "date": "2025-12-01", "hour": 5}}, {"type": "Feature", "geometry": {"type": "Point", "coordinates": [5.0, 53.5]}, "properties": {"value": 9.858, "time": "2025-12-01T05:00:00", "date": "2025-12-01", "hour": 5}}, {"type": "Feature", "geometry": {"type": "Point", "coordinates": [5.25, 53.5]}, "properties": {"value": 9.263, "time": "2025-12-01T05:00:00", "date": "2025-12-01", "hour": 5}}, {"type": "Feature", "geometry": {"type": "Point", "coordinates": [5.5, 53.5]}, "properties": {"value": 9.037, "time": "2025-12-01T05:00:00", "date": "2025-12-01", "hour": 5}}, {"type": "Feature", "geometry": {"type": "Point", "coordinates": [5.75, 53.5]}, "properties": {"value": 8.363, "time": "2025-12-01T05:00:00", "date": "2025-12-01", "hour": 5}}, {"type": "Feature", "geometry": {"type": "Point", "coordinates": [6.0, 53.5]}, "properties": {"value": 7.583, "time": "2025-12-01T05:00:00", "date": "2025-12-01", "hour": 5}}, {"type": "Feature", "geometry": {"type": "Point", "coordinates": [6.25, 53.5]}, "properties": {"value": 6.762, "time": "2025-12-01T05:00:00", "date": "2025-12-01", "hour": 5}}, {"type": "Feature", "geometry": {"type": "Point", "coordinates": [6.5, 53.5]}, "properties": {"value": 6.362, "time": "2025-12-01T05:00:00", "date": "2025-12-01", "hour": 5}}, {"type": "Feature", "geometry": {"type": "Point", "coordinates": [6.75, 53.5]}, "properties": {"value": 5.656, "time": "2025-12-01T05:00:00", "date": "2025-12-01", "hour": 5}}, {"type": "Feature", "geometry": {"type": "Point", "coordinates": [5.0, 53.75]}, "properties": {"value": 10.558, "time": "2025-12-01T05:00:00", "date": "2025-12-01", "hour": 5}}, {"type": "Feature", "geometry": {"type": "Point", "coordinates": [5.25, 53.75]}, "properties": {"value": 10.271, "time": "2025-12-01T05:00:00", "date": "2025-12-01", "hour": 5}}, {"type": "Feature", "geometry": {"type": "Point", "coordinates": [5.5, 53.75]}, "properties": {"value": 10.048, "time": "2025-12-01T05:00:00", "date": "2025-12-01", "hour": 5}}, {"type": "Feature", "geometry": {"type": "Point", "coordinates": [5.75, 53.75]}, "properties": {"value": 9.769, "time": "2025-12-01T05:00:00", "date": "2025-12-01", "hour": 5}}, {"type": "Feature", "geometry": {"type": "Point", "coordinates": [6.0, 53.75]}, "properties": {"value": 9.163, "time": "2025-12-01T05:00:00", "date": "2025-12-01", "hour": 5}}, {"type": "Feature", "geometry": {"type": "Point", "coordinates": [6.25, 53.75]}, "properties": {"value": 8.853, "time": "2025-12-01T05:00:00", "date": "2025-12-01", "hour": 5}}, {"type": "Feature", "geometry": {"type": "Point", "coordinates": [6.5, 53.75]}, "properties": {"value": 8.424, "time": "2025-12-01T05:00:00", "date": "2025-12-01", "hour": 5}}, {"type": "Feature", "geometry": {"type": "Point", "coordinates": [6.75, 53.75]}, "properties": {"value": 7.902, "time": "2025-12-01T05:00:00", "date": "2025-12-01", "hour": 5}}, {"type": "Feature", "geometry": {"type": "Point", "coordinates": [7.0, 53.75]}, "properties": {"value": 8.203, "time": "2025-12-01T05:00:00", "date": "2025-12-01", "hour": 5}}, {"type": "Feature", "geometry": {"type": "Point", "coordinates": [7.25, 53.75]}, "properties": {"value": 7.675, "time": "2025-12-01T05:00:00", "date": "2025-12-01", "hour": 5}}, {"type": "Feature", "geometry": {"type": "Point", "coordinates": [7.5, 53.75]}, "properties": {"value": 7.903, "time": "2025-12-01T05:00:00", "date": "2025-12-01", "hour": 5}}, {"type": "Feature", "geometry": {"type": "Point", "coordinates": [7.75, 53.75]}, "properties": {"value": 7.942, "time": "2025-12-01T05:00:00", "date": "2025-12-01", "hour": 5}}, {"type": "Feature", "geometry": {"type": "Point", "coordinates": [8.0, 53.75]}, "properties": {"value": 7.827, "time": "2025-12-01T05:00:00", "date": "2025-12-01", "hour": 5}}, {"type": "Feature", "geometry": {"type": "Point", "coordinates": [8.25, 53.75]}, "properties": {"value": 7.053, "time": "2025-12-01T05:00:00", "date": "2025-12-01", "hour": 5}}, {"type": "Feature", "geometry": {"type": "Point", "coordinates": [8.5, 53.75]}, "properties": {"value": 6.125, "time": "2025-12-01T05:00:00", "date": "2025-12-01", "hour": 5}}, {"type": "Feature", "geometry": {"type": "Point", "coordinates": [8.75, 53.75]}, "properties": {"value": 6.125, "time": "2025-12-01T05:00:00", "date": "2025-12-01", "hour": 5}}, {"type": "Feature", "geometry": {"type": "Point", "coordinates": [14.25, 53.75]}, "properties": {"value": 3.644, "time": "2025-12-01T05:00:00", "date": "2025-12-01", "hour": 5}}, {"type": "Feature", "geometry": {"type": "Point", "coordinates": [14.5, 53.75]}, "properties": {"value": 3.644, "time": "2025-12-01T05:00:00", "date": "2025-12-01", "hour": 5}}, {"type": "Feature", "geometry": {"type": "Point", "coordinates": [5.0, 54.0]}, "properties": {"value": 10.988, "time": "2025-12-01T05:00:00", "date": "2025-12-01", "hour": 5}}, {"type": "Feature", "geometry": {"type": "Point", "coordinates": [5.25, 54.0]}, "properties": {"value": 10.926, "time": "2025-12-01T05:00:00", "date": "2025-12-01", "hour": 5}}, {"type": "Feature", "geometry": {"type": "Point", "coordinates": [5.5, 54.0]}, "properties": {"value": 10.704, "time": "2025-12-01T05:00:00", "date": "2025-12-01", "hour": 5}}, {"type": "Feature", "geometry": {"type": "Point", "coordinates": [5.75, 54.0]}, "properties": {"value": 10.472, "time": "2025-12-01T05:00:00", "date": "2025-12-01", "hour": 5}}, {"type": "Feature", "geometry": {"type": "Point", "coordinates": [6.0, 54.0]}, "properties": {"value": 10.25, "time": "2025-12-01T05:00:00", "date": "2025-12-01", "hour": 5}}, {"type": "Feature", "geometry": {"type": "Point", "coordinates": [6.25, 54.0]}, "properties": {"value": 9.99, "time": "2025-12-01T05:00:00", "date": "2025-12-01", "hour": 5}}, {"type": "Feature", "geometry": {"type": "Point", "coordinates": [6.5, 54.0]}, "properties": {"value": 9.624, "time": "2025-12-01T05:00:00", "date": "2025-12-01", "hour": 5}}, {"type": "Feature", "geometry": {"type": "Point", "coordinates": [6.75, 54.0]}, "properties": {"value": 9.527, "time": "2025-12-01T05:00:00", "date": "2025-12-01", "hour": 5}}, {"type": "Feature", "geometry": {"type": "Point", "coordinates": [7.0, 54.0]}, "properties": {"value": 9.269, "time": "2025-12-01T05:00:00", "date": "2025-12-01", "hour": 5}}, {"type": "Feature", "geometry": {"type": "Point", "coordinates": [7.25, 54.0]}, "properties": {"value": 8.917, "time": "2025-12-01T05:00:00", "date": "2025-12-01", "hour": 5}}, {"type": "Feature", "geometry": {"type": "Point", "coordinates": [7.5, 54.0]}, "properties": {"value": 9.058, "time": "2025-12-01T05:00:00", "date": "2025-12-01", "hour": 5}}, {"type": "Feature", "geometry": {"type": "Point", "coordinates": [7.75, 54.0]}, "properties": {"value": 9.069, "time": "2025-12-01T05:00:00", "date": "2025-12-01", "hour": 5}}, {"type": "Feature", "geometry": {"type": "Point", "coordinates": [8.0, 54.0]}, "properties": {"value": 8.935, "time": "2025-12-01T05:00:00", "date": "2025-12-01", "hour": 5}}, {"type": "Feature", "geometry": {"type": "Point", "coordinates": [8.25, 54.0]}, "properties": {"value": 8.35, "time": "2025-12-01T05:00:00", "date": "2025-12-01", "hour": 5}}, {"type": "Feature", "geometry": {"type": "Point", "coordinates": [8.5, 54.0]}, "properties": {"value": 6.885, "time": "2025-12-01T05:00:00", "date": "2025-12-01", "hour": 5}}, {"type": "Feature", "geometry": {"type": "Point", "coordinates": [11.25, 54.0]}, "properties": {"value": 6.933, "time": "2025-12-01T05:00:00", "date": "2025-12-01", "hour": 5}}, {"type": "Feature", "geometry": {"type": "Point", "coordinates": [14.0, 54.0]}, "properties": {"value": 5.097, "time": "2025-12-01T05:00:00", "date": "2025-12-01", "hour": 5}}, {"type": "Feature", "geometry": {"type": "Point", "coordinates": [14.25, 54.0]}, "properties": {"value": 5.69, "time": "2025-12-01T05:00:00", "date": "2025-12-01", "hour": 5}}, {"type": "Feature", "geometry": {"type": "Point", "coordinates": [14.5, 54.0]}, "properties": {"value": 5.4, "time": "2025-12-01T05:00:00", "date": "2025-12-01", "hour": 5}}, {"type": "Feature", "geometry": {"type": "Point", "coordinates": [14.75, 54.0]}, "properties": {"value": 5.837, "time": "2025-12-01T05:00:00", "date": "2025-12-01", "hour": 5}}, {"type": "Feature", "geometry": {"type": "Point", "coordinates": [5.0, 54.25]}, "properties": {"value": 11.138, "time": "2025-12-01T05:00:00", "date": "2025-12-01", "hour": 5}}, {"type": "Feature", "geometry": {"type": "Point", "coordinates": [5.25, 54.25]}, "properties": {"value": 11.073, "time": "2025-12-01T05:00:00", "date": "2025-12-01", "hour": 5}}, {"type": "Feature", "geometry": {"type": "Point", "coordinates": [5.5, 54.25]}, "properties": {"value": 11.028, "time": "2025-12-01T05:00:00", "date": "2025-12-01", "hour": 5}}, {"type": "Feature", "geometry": {"type": "Point", "coordinates": [5.75, 54.25]}, "properties": {"value": 10.833, "time": "2025-12-01T05:00:00", "date": "2025-12-01", "hour": 5}}, {"type": "Feature", "geometry": {"type": "Point", "coordinates": [6.0, 54.25]}, "properties": {"value": 10.724, "time": "2025-12-01T05:00:00", "date": "2025-12-01", "hour": 5}}, {"type": "Feature", "geometry": {"type": "Point", "coordinates": [6.25, 54.25]}, "properties": {"value": 10.514, "time": "2025-12-01T05:00:00", "date": "2025-12-01", "hour": 5}}, {"type": "Feature", "geometry": {"type": "Point", "coordinates": [6.5, 54.25]}, "properties": {"value": 10.357, "time": "2025-12-01T05:00:00", "date": "2025-12-01", "hour": 5}}, {"type": "Feature", "geometry": {"type": "Point", "coordinates": [6.75, 54.25]}, "properties": {"value": 10.216, "time": "2025-12-01T05:00:00", "date": "2025-12-01", "hour": 5}}, {"type": "Feature", "geometry": {"type": "Point", "coordinates": [7.0, 54.25]}, "properties": {"value": 9.99, "time": "2025-12-01T05:00:00", "date": "2025-12-01", "hour": 5}}, {"type": "Feature", "geometry": {"type": "Point", "coordinates": [7.25, 54.25]}, "properties": {"value": 9.88, "time": "2025-12-01T05:00:00", "date": "2025-12-01", "hour": 5}}, {"type": "Feature", "geometry": {"type": "Point", "coordinates": [7.5, 54.25]}, "properties": {"value": 9.945, "time": "2025-12-01T05:00:00", "date": "2025-12-01", "hour": 5}}, {"type": "Feature", "geometry": {"type": "Point", "coordinates": [7.75, 54.25]}, "properties": {"value": 9.603, "time": "2025-12-01T05:00:00", "date": "2025-12-01", "hour": 5}}, {"type": "Feature", "geometry": {"type": "Point", "coordinates": [8.0, 54.25]}, "properties": {"value": 9.35, "time": "2025-12-01T05:00:00", "date": "2025-12-01", "hour": 5}}, {"type": "Feature", "geometry": {"type": "Point", "coordinates": [8.25, 54.25]}, "properties": {"value": 7.977, "time": "2025-12-01T05:00:00", "date": "2025-12-01", "hour": 5}}, {"type": "Feature", "geometry": {"type": "Point", "coordinates": [8.5, 54.25]}, "properties": {"value": 6.56, "time": "2025-12-01T05:00:00", "date": "2025-12-01", "hour": 5}}, {"type": "Feature", "geometry": {"type": "Point", "coordinates": [10.75, 54.25]}, "properties": {"value": 7.086, "time": "2025-12-01T05:00:00", "date": "2025-12-01", "hour": 5}}, {"type": "Feature", "geometry": {"type": "Point", "coordinates": [11.25, 54.25]}, "properties": {"value": 7.105, "time": "2025-12-01T05:00:00", "date": "2025-12-01", "hour": 5}}, {"type": "Feature", "geometry": {"type": "Point", "coordinates": [11.75, 54.25]}, "properties": {"value": 7.016, "time": "2025-12-01T05:00:00", "date": "2025-12-01", "hour": 5}}, {"type": "Feature", "geometry": {"type": "Point", "coordinates": [12.25, 54.25]}, "properties": {"value": 6.849, "time": "2025-12-01T05:00:00", "date": "2025-12-01", "hour": 5}}, {"type": "Feature", "geometry": {"type": "Point", "coordinates": [13.75, 54.25]}, "properties": {"value": 5.402, "time": "2025-12-01T05:00:00", "date": "2025-12-01", "hour": 5}}, {"type": "Feature", "geometry": {"type": "Point", "coordinates": [14.0, 54.25]}, "properties": {"value": 5.783, "time": "2025-12-01T05:00:00", "date": "2025-12-01", "hour": 5}}, {"type": "Feature", "geometry": {"type": "Point", "coordinates": [14.25, 54.25]}, "properties": {"value": 6.141, "time": "2025-12-01T05:00:00", "date": "2025-12-01", "hour": 5}}, {"type": "Feature", "geometry": {"type": "Point", "coordinates": [14.5, 54.25]}, "properties": {"value": 6.004, "time": "2025-12-01T05:00:00", "date": "2025-12-01", "hour": 5}}, {"type": "Feature", "geometry": {"type": "Point", "coordinates": [14.75, 54.25]}, "properties": {"value": 6.275, "time": "2025-12-01T05:00:00", "date": "2025-12-01", "hour": 5}}, {"type": "Feature", "geometry": {"type": "Point", "coordinates": [15.0, 54.25]}, "properties": {"value": 6.996, "time": "2025-12-01T05:00:00", "date": "2025-12-01", "hour": 5}}, {"type": "Feature", "geometry": {"type": "Point", "coordinates": [5.0, 54.5]}, "properties": {"value": 11.234, "time": "2025-12-01T05:00:00", "date": "2025-12-01", "hour": 5}}, {"type": "Feature", "geometry": {"type": "Point", "coordinates": [5.25, 54.5]}, "properties": {"value": 11.227, "time": "2025-12-01T05:00:00", "date": "2025-12-01", "hour": 5}}, {"type": "Feature", "geometry": {"type": "Point", "coordinates": [5.5, 54.5]}, "properties": {"value": 11.182, "time": "2025-12-01T05:00:00", "date": "2025-12-01", "hour": 5}}, {"type": "Feature", "geometry": {"type": "Point", "coordinates": [5.75, 54.5]}, "properties": {"value": 11.111, "time": "2025-12-01T05:00:00", "date": "2025-12-01", "hour": 5}}, {"type": "Feature", "geometry": {"type": "Point", "coordinates": [6.0, 54.5]}, "properties": {"value": 10.996, "time": "2025-12-01T05:00:00", "date": "2025-12-01", "hour": 5}}, {"type": "Feature", "geometry": {"type": "Point", "coordinates": [6.25, 54.5]}, "properties": {"value": 10.846, "time": "2025-12-01T05:00:00", "date": "2025-12-01", "hour": 5}}, {"type": "Feature", "geometry": {"type": "Point", "coordinates": [6.5, 54.5]}, "properties": {"value": 10.674, "time": "2025-12-01T05:00:00", "date": "2025-12-01", "hour": 5}}, {"type": "Feature", "geometry": {"type": "Point", "coordinates": [6.75, 54.5]}, "properties": {"value": 10.476, "time": "2025-12-01T05:00:00", "date": "2025-12-01", "hour": 5}}, {"type": "Feature", "geometry": {"type": "Point", "coordinates": [7.0, 54.5]}, "properties": {"value": 10.35, "time": "2025-12-01T05:00:00", "date": "2025-12-01", "hour": 5}}, {"type": "Feature", "geometry": {"type": "Point", "coordinates": [7.25, 54.5]}, "properties": {"value": 10.159, "time": "2025-12-01T05:00:00", "date": "2025-12-01", "hour": 5}}, {"type": "Feature", "geometry": {"type": "Point", "coordinates": [7.5, 54.5]}, "properties": {"value": 10.163, "time": "2025-12-01T05:00:00", "date": "2025-12-01", "hour": 5}}, {"type": "Feature", "geometry": {"type": "Point", "coordinates": [7.75, 54.5]}, "properties": {"value": 9.648, "time": "2025-12-01T05:00:00", "date": "2025-12-01", "hour": 5}}, {"type": "Feature", "geometry": {"type": "Point", "coordinates": [8.0, 54.5]}, "properties": {"value": 8.637, "time": "2025-12-01T05:00:00", "date": "2025-12-01", "hour": 5}}, {"type": "Feature", "geometry": {"type": "Point", "coordinates": [8.25, 54.5]}, "properties": {"value": 7.143, "time": "2025-12-01T05:00:00", "date": "2025-12-01", "hour": 5}}, {"type": "Feature", "geometry": {"type": "Point", "coordinates": [8.5, 54.5]}, "properties": {"value": 5.947, "time": "2025-12-01T05:00:00", "date": "2025-12-01", "hour": 5}}, {"type": "Feature", "geometry": {"type": "Point", "coordinates": [10.5, 54.5]}, "properties": {"value": 7.425, "time": "2025-12-01T05:00:00", "date": "2025-12-01", "hour": 5}}, {"type": "Feature", "geometry": {"type": "Point", "coordinates": [10.75, 54.5]}, "properties": {"value": 7.25, "time": "2025-12-01T05:00:00", "date": "2025-12-01", "hour": 5}}, {"type": "Feature", "geometry": {"type": "Point", "coordinates": [11.0, 54.5]}, "properties": {"value": 6.818, "time": "2025-12-01T05:00:00", "date": "2025-12-01", "hour": 5}}, {"type": "Feature", "geometry": {"type": "Point", "coordinates": [11.25, 54.5]}, "properties": {"value": 6.904, "time": "2025-12-01T05:00:00", "date": "2025-12-01", "hour": 5}}, {"type": "Feature", "geometry": {"type": "Point", "coordinates": [11.5, 54.5]}, "properties": {"value": 6.78, "time": "2025-12-01T05:00:00", "date": "2025-12-01", "hour": 5}}, {"type": "Feature", "geometry": {"type": "Point", "coordinates": [11.75, 54.5]}, "properties": {"value": 7.055, "time": "2025-12-01T05:00:00", "date": "2025-12-01", "hour": 5}}, {"type": "Feature", "geometry": {"type": "Point", "coordinates": [12.0, 54.5]}, "properties": {"value": 7.145, "time": "2025-12-01T05:00:00", "date": "2025-12-01", "hour": 5}}, {"type": "Feature", "geometry": {"type": "Point", "coordinates": [12.25, 54.5]}, "properties": {"value": 7.114, "time": "2025-12-01T05:00:00", "date": "2025-12-01", "hour": 5}}, {"type": "Feature", "geometry": {"type": "Point", "coordinates": [13.0, 54.5]}, "properties": {"value": 7.342, "time": "2025-12-01T05:00:00", "date": "2025-12-01", "hour": 5}}, {"type": "Feature", "geometry": {"type": "Point", "coordinates": [13.25, 54.5]}, "properties": {"value": 6.737, "time": "2025-12-01T05:00:00", "date": "2025-12-01", "hour": 5}}, {"type": "Feature", "geometry": {"type": "Point", "coordinates": [13.5, 54.5]}, "properties": {"value": 6.579, "time": "2025-12-01T05:00:00", "date": "2025-12-01", "hour": 5}}, {"type": "Feature", "geometry": {"type": "Point", "coordinates": [13.75, 54.5]}, "properties": {"value": 6.536, "time": "2025-12-01T05:00:00", "date": "2025-12-01", "hour": 5}}, {"type": "Feature", "geometry": {"type": "Point", "coordinates": [14.0, 54.5]}, "properties": {"value": 6.82, "time": "2025-12-01T05:00:00", "date": "2025-12-01", "hour": 5}}, {"type": "Feature", "geometry": {"type": "Point", "coordinates": [14.25, 54.5]}, "properties": {"value": 6.796, "time": "2025-12-01T05:00:00", "date": "2025-12-01", "hour": 5}}, {"type": "Feature", "geometry": {"type": "Point", "coordinates": [14.5, 54.5]}, "properties": {"value": 6.964, "time": "2025-12-01T05:00:00", "date": "2025-12-01", "hour": 5}}, {"type": "Feature", "geometry": {"type": "Point", "coordinates": [14.75, 54.5]}, "properties": {"value": 7.362, "time": "2025-12-01T05:00:00", "date": "2025-12-01", "hour": 5}}, {"type": "Feature", "geometry": {"type": "Point", "coordinates": [15.0, 54.5]}, "properties": {"value": 8.121, "time": "2025-12-01T05:00:00", "date": "2025-12-01", "hour": 5}}, {"type": "Feature", "geometry": {"type": "Point", "coordinates": [5.0, 54.75]}, "properties": {"value": 11.377, "time": "2025-12-01T05:00:00", "date": "2025-12-01", "hour": 5}}, {"type": "Feature", "geometry": {"type": "Point", "coordinates": [5.25, 54.75]}, "properties": {"value": 11.37, "time": "2025-12-01T05:00:00", "date": "2025-12-01", "hour": 5}}, {"type": "Feature", "geometry": {"type": "Point", "coordinates": [5.5, 54.75]}, "properties": {"value": 11.325, "time": "2025-12-01T05:00:00", "date": "2025-12-01", "hour": 5}}, {"type": "Feature", "geometry": {"type": "Point", "coordinates": [5.75, 54.75]}, "properties": {"value": 11.295, "time": "2025-12-01T05:00:00", "date": "2025-12-01", "hour": 5}}, {"type": "Feature", "geometry": {"type": "Point", "coordinates": [6.0, 54.75]}, "properties": {"value": 11.17, "time": "2025-12-01T05:00:00", "date": "2025-12-01", "hour": 5}}, {"type": "Feature", "geometry": {"type": "Point", "coordinates": [6.25, 54.75]}, "properties": {"value": 11.021, "time": "2025-12-01T05:00:00", "date": "2025-12-01", "hour": 5}}, {"type": "Feature", "geometry": {"type": "Point", "coordinates": [6.5, 54.75]}, "properties": {"value": 10.874, "time": "2025-12-01T05:00:00", "date": "2025-12-01", "hour": 5}}, {"type": "Feature", "geometry": {"type": "Point", "coordinates": [6.75, 54.75]}, "properties": {"value": 10.739, "time": "2025-12-01T05:00:00", "date": "2025-12-01", "hour": 5}}, {"type": "Feature", "geometry": {"type": "Point", "coordinates": [7.0, 54.75]}, "properties": {"value": 10.652, "time": "2025-12-01T05:00:00", "date": "2025-12-01", "hour": 5}}, {"type": "Feature", "geometry": {"type": "Point", "coordinates": [7.25, 54.75]}, "properties": {"value": 10.445, "time": "2025-12-01T05:00:00", "date": "2025-12-01", "hour": 5}}, {"type": "Feature", "geometry": {"type": "Point", "coordinates": [7.5, 54.75]}, "properties": {"value": 10.14, "time": "2025-12-01T05:00:00", "date": "2025-12-01", "hour": 5}}, {"type": "Feature", "geometry": {"type": "Point", "coordinates": [7.75, 54.75]}, "properties": {"value": 9.109, "time": "2025-12-01T05:00:00", "date": "2025-12-01", "hour": 5}}, {"type": "Feature", "geometry": {"type": "Point", "coordinates": [8.0, 54.75]}, "properties": {"value": 8.069, "time": "2025-12-01T05:00:00", "date": "2025-12-01", "hour": 5}}, {"type": "Feature", "geometry": {"type": "Point", "coordinates": [8.25, 54.75]}, "properties": {"value": 6.601, "time": "2025-12-01T05:00:00", "date": "2025-12-01", "hour": 5}}, {"type": "Feature", "geometry": {"type": "Point", "coordinates": [8.5, 54.75]}, "properties": {"value": 5.543, "time": "2025-12-01T05:00:00", "date": "2025-12-01", "hour": 5}}, {"type": "Feature", "geometry": {"type": "Point", "coordinates": [10.25, 54.75]}, "properties": {"value": 7.504, "time": "2025-12-01T05:00:00", "date": "2025-12-01", "hour": 5}}, {"type": "Feature", "geometry": {"type": "Point", "coordinates": [10.5, 54.75]}, "properties": {"value": 7.41, "time": "2025-12-01T05:00:00", "date": "2025-12-01", "hour": 5}}, {"type": "Feature", "geometry": {"type": "Point", "coordinates": [10.75, 54.75]}, "properties": {"value": 7.238, "time": "2025-12-01T05:00:00", "date": "2025-12-01", "hour": 5}}, {"type": "Feature", "geometry": {"type": "Point", "coordinates": [11.0, 54.75]}, "properties": {"value": 6.764, "time": "2025-12-01T05:00:00", "date": "2025-12-01", "hour": 5}}, {"type": "Feature", "geometry": {"type": "Point", "coordinates": [11.25, 54.75]}, "properties": {"value": 6.362, "time": "2025-12-01T05:00:00", "date": "2025-12-01", "hour": 5}}, {"type": "Feature", "geometry": {"type": "Point", "coordinates": [11.5, 54.75]}, "properties": {"value": 6.158, "time": "2025-12-01T05:00:00", "date": "2025-12-01", "hour": 5}}, {"type": "Feature", "geometry": {"type": "Point", "coordinates": [12.0, 54.75]}, "properties": {"value": 6.814, "time": "2025-12-01T05:00:00", "date": "2025-12-01", "hour": 5}}, {"type": "Feature", "geometry": {"type": "Point", "coordinates": [12.25, 54.75]}, "properties": {"value": 7.346, "time": "2025-12-01T05:00:00", "date": "2025-12-01", "hour": 5}}, {"type": "Feature", "geometry": {"type": "Point", "coordinates": [12.5, 54.75]}, "properties": {"value": 7.81, "time": "2025-12-01T05:00:00", "date": "2025-12-01", "hour": 5}}, {"type": "Feature", "geometry": {"type": "Point", "coordinates": [12.75, 54.75]}, "properties": {"value": 7.889, "time": "2025-12-01T05:00:00", "date": "2025-12-01", "hour": 5}}, {"type": "Feature", "geometry": {"type": "Point", "coordinates": [13.0, 54.75]}, "properties": {"value": 7.566, "time": "2025-12-01T05:00:00", "date": "2025-12-01", "hour": 5}}, {"type": "Feature", "geometry": {"type": "Point", "coordinates": [13.25, 54.75]}, "properties": {"value": 7.671, "time": "2025-12-01T05:00:00", "date": "2025-12-01", "hour": 5}}, {"type": "Feature", "geometry": {"type": "Point", "coordinates": [13.5, 54.75]}, "properties": {"value": 7.972, "time": "2025-12-01T05:00:00", "date": "2025-12-01", "hour": 5}}, {"type": "Feature", "geometry": {"type": "Point", "coordinates": [13.75, 54.75]}, "properties": {"value": 7.929, "time": "2025-12-01T05:00:00", "date": "2025-12-01", "hour": 5}}, {"type": "Feature", "geometry": {"type": "Point", "coordinates": [14.0, 54.75]}, "properties": {"value": 7.74, "time": "2025-12-01T05:00:00", "date": "2025-12-01", "hour": 5}}, {"type": "Feature", "geometry": {"type": "Point", "coordinates": [14.25, 54.75]}, "properties": {"value": 7.718, "time": "2025-12-01T05:00:00", "date": "2025-12-01", "hour": 5}}, {"type": "Feature", "geometry": {"type": "Point", "coordinates": [14.5, 54.75]}, "properties": {"value": 8.043, "time": "2025-12-01T05:00:00", "date": "2025-12-01", "hour": 5}}, {"type": "Feature", "geometry": {"type": "Point", "coordinates": [14.75, 54.75]}, "properties": {"value": 8.412, "time": "2025-12-01T05:00:00", "date": "2025-12-01", "hour": 5}}, {"type": "Feature", "geometry": {"type": "Point", "coordinates": [15.0, 54.75]}, "properties": {"value": 8.611, "time": "2025-12-01T05:00:00", "date": "2025-12-01", "hour": 5}}, {"type": "Feature", "geometry": {"type": "Point", "coordinates": [5.0, 55.0]}, "properties": {"value": 11.326, "time": "2025-12-01T05:00:00", "date": "2025-12-01", "hour": 5}}, {"type": "Feature", "geometry": {"type": "Point", "coordinates": [5.25, 55.0]}, "properties": {"value": 11.343, "time": "2025-12-01T05:00:00", "date": "2025-12-01", "hour": 5}}, {"type": "Feature", "geometry": {"type": "Point", "coordinates": [5.5, 55.0]}, "properties": {"value": 11.327, "time": "2025-12-01T05:00:00", "date": "2025-12-01", "hour": 5}}, {"type": "Feature", "geometry": {"type": "Point", "coordinates": [5.75, 55.0]}, "properties": {"value": 11.297, "time": "2025-12-01T05:00:00", "date": "2025-12-01", "hour": 5}}, {"type": "Feature", "geometry": {"type": "Point", "coordinates": [6.0, 55.0]}, "properties": {"value": 11.252, "time": "2025-12-01T05:00:00", "date": "2025-12-01", "hour": 5}}, {"type": "Feature", "geometry": {"type": "Point", "coordinates": [6.25, 55.0]}, "properties": {"value": 11.197, "time": "2025-12-01T05:00:00", "date": "2025-12-01", "hour": 5}}, {"type": "Feature", "geometry": {"type": "Point", "coordinates": [6.5, 55.0]}, "properties": {"value": 11.076, "time": "2025-12-01T05:00:00", "date": "2025-12-01", "hour": 5}}, {"type": "Feature", "geometry": {"type": "Point", "coordinates": [6.75, 55.0]}, "properties": {"value": 10.934, "time": "2025-12-01T05:00:00", "date": "2025-12-01", "hour": 5}}, {"type": "Feature", "geometry": {"type": "Point", "coordinates": [7.0, 55.0]}, "properties": {"value": 10.756, "time": "2025-12-01T05:00:00", "date": "2025-12-01", "hour": 5}}, {"type": "Feature", "geometry": {"type": "Point", "coordinates": [7.25, 55.0]}, "properties": {"value": 10.379, "time": "2025-12-01T05:00:00", "date": "2025-12-01", "hour": 5}}, {"type": "Feature", "geometry": {"type": "Point", "coordinates": [7.5, 55.0]}, "properties": {"value": 10.018, "time": "2025-12-01T05:00:00", "date": "2025-12-01", "hour": 5}}, {"type": "Feature", "geometry": {"type": "Point", "coordinates": [7.75, 55.0]}, "properties": {"value": 8.956, "time": "2025-12-01T05:00:00", "date": "2025-12-01", "hour": 5}}, {"type": "Feature", "geometry": {"type": "Point", "coordinates": [8.0, 55.0]}, "properties": {"value": 7.974, "time": "2025-12-01T05:00:00", "date": "2025-12-01", "hour": 5}}, {"type": "Feature", "geometry": {"type": "Point", "coordinates": [8.25, 55.0]}, "properties": {"value": 6.612, "time": "2025-12-01T05:00:00", "date": "2025-12-01", "hour": 5}}, {"type": "Feature", "geometry": {"type": "Point", "coordinates": [8.5, 55.0]}, "properties": {"value": 5.574, "time": "2025-12-01T05:00:00", "date": "2025-12-01", "hour": 5}}, {"type": "Feature", "geometry": {"type": "Point", "coordinates": [10.25, 55.0]}, "properties": {"value": 6.633, "time": "2025-12-01T05:00:00", "date": "2025-12-01", "hour": 5}}, {"type": "Feature", "geometry": {"type": "Point", "coordinates": [10.5, 55.0]}, "properties": {"value": 6.71, "time": "2025-12-01T05:00:00", "date": "2025-12-01", "hour": 5}}, {"type": "Feature", "geometry": {"type": "Point", "coordinates": [10.75, 55.0]}, "properties": {"value": 6.785, "time": "2025-12-01T05:00:00", "date": "2025-12-01", "hour": 5}}, {"type": "Feature", "geometry": {"type": "Point", "coordinates": [11.0, 55.0]}, "properties": {"value": 6.573, "time": "2025-12-01T05:00:00", "date": "2025-12-01", "hour": 5}}, {"type": "Feature", "geometry": {"type": "Point", "coordinates": [11.25, 55.0]}, "properties": {"value": 6.254, "time": "2025-12-01T05:00:00", "date": "2025-12-01", "hour": 5}}, {"type": "Feature", "geometry": {"type": "Point", "coordinates": [11.5, 55.0]}, "properties": {"value": 6.016, "time": "2025-12-01T05:00:00", "date": "2025-12-01", "hour": 5}}, {"type": "Feature", "geometry": {"type": "Point", "coordinates": [11.75, 55.0]}, "properties": {"value": 5.739, "time": "2025-12-01T05:00:00", "date": "2025-12-01", "hour": 5}}, {"type": "Feature", "geometry": {"type": "Point", "coordinates": [12.0, 55.0]}, "properties": {"value": 6.229, "time": "2025-12-01T05:00:00", "date": "2025-12-01", "hour": 5}}, {"type": "Feature", "geometry": {"type": "Point", "coordinates": [12.25, 55.0]}, "properties": {"value": 6.941, "time": "2025-12-01T05:00:00", "date": "2025-12-01", "hour": 5}}, {"type": "Feature", "geometry": {"type": "Point", "coordinates": [12.5, 55.0]}, "properties": {"value": 7.794, "time": "2025-12-01T05:00:00", "date": "2025-12-01", "hour": 5}}, {"type": "Feature", "geometry": {"type": "Point", "coordinates": [12.75, 55.0]}, "properties": {"value": 8.024, "time": "2025-12-01T05:00:00", "date": "2025-12-01", "hour": 5}}, {"type": "Feature", "geometry": {"type": "Point", "coordinates": [13.0, 55.0]}, "properties": {"value": 8.186, "time": "2025-12-01T05:00:00", "date": "2025-12-01", "hour": 5}}, {"type": "Feature", "geometry": {"type": "Point", "coordinates": [13.25, 55.0]}, "properties": {"value": 8.29, "time": "2025-12-01T05:00:00", "date": "2025-12-01", "hour": 5}}, {"type": "Feature", "geometry": {"type": "Point", "coordinates": [13.5, 55.0]}, "properties": {"value": 8.34, "time": "2025-12-01T05:00:00", "date": "2025-12-01", "hour": 5}}, {"type": "Feature", "geometry": {"type": "Point", "coordinates": [13.75, 55.0]}, "properties": {"value": 8.402, "time": "2025-12-01T05:00:00", "date": "2025-12-01", "hour": 5}}, {"type": "Feature", "geometry": {"type": "Point", "coordinates": [14.0, 55.0]}, "properties": {"value": 8.359, "time": "2025-12-01T05:00:00", "date": "2025-12-01", "hour": 5}}, {"type": "Feature", "geometry": {"type": "Point", "coordinates": [14.25, 55.0]}, "properties": {"value": 8.27, "time": "2025-12-01T05:00:00", "date": "2025-12-01", "hour": 5}}, {"type": "Feature", "geometry": {"type": "Point", "coordinates": [14.5, 55.0]}, "properties": {"value": 8.167, "time": "2025-12-01T05:00:00", "date": "2025-12-01", "hour": 5}}, {"type": "Feature", "geometry": {"type": "Point", "coordinates": [14.75, 55.0]}, "properties": {"value": 8.191, "time": "2025-12-01T05:00:00", "date": "2025-12-01", "hour": 5}}, {"type": "Feature", "geometry": {"type": "Point", "coordinates": [15.0, 55.0]}, "properties": {"value": 8.269, "time": "2025-12-01T05:00:00", "date": "2025-12-01", "hour": 5}}, {"type": "Feature", "geometry": {"type": "Point", "coordinates": [5.25, 52.75]}, "properties": {"value": 5.87, "time": "2025-12-01T06:00:00", "date": "2025-12-01", "hour": 6}}, {"type": "Feature", "geometry": {"type": "Point", "coordinates": [5.5, 52.75]}, "properties": {"value": 5.874, "time": "2025-12-01T06:00:00", "date": "2025-12-01", "hour": 6}}, {"type": "Feature", "geometry": {"type": "Point", "coordinates": [5.0, 53.0]}, "properties": {"value": 7.136, "time": "2025-12-01T06:00:00", "date": "2025-12-01", "hour": 6}}, {"type": "Feature", "geometry": {"type": "Point", "coordinates": [5.25, 53.0]}, "properties": {"value": 6.372, "time": "2025-12-01T06:00:00", "date": "2025-12-01", "hour": 6}}, {"type": "Feature", "geometry": {"type": "Point", "coordinates": [5.5, 53.0]}, "properties": {"value": 5.806, "time": "2025-12-01T06:00:00", "date": "2025-12-01", "hour": 6}}, {"type": "Feature", "geometry": {"type": "Point", "coordinates": [5.0, 53.25]}, "properties": {"value": 8.133, "time": "2025-12-01T06:00:00", "date": "2025-12-01", "hour": 6}}, {"type": "Feature", "geometry": {"type": "Point", "coordinates": [5.25, 53.25]}, "properties": {"value": 7.078, "time": "2025-12-01T06:00:00", "date": "2025-12-01", "hour": 6}}, {"type": "Feature", "geometry": {"type": "Point", "coordinates": [5.5, 53.25]}, "properties": {"value": 6.443, "time": "2025-12-01T06:00:00", "date": "2025-12-01", "hour": 6}}, {"type": "Feature", "geometry": {"type": "Point", "coordinates": [5.0, 53.5]}, "properties": {"value": 9.858, "time": "2025-12-01T06:00:00", "date": "2025-12-01", "hour": 6}}, {"type": "Feature", "geometry": {"type": "Point", "coordinates": [5.25, 53.5]}, "properties": {"value": 9.263, "time": "2025-12-01T06:00:00", "date": "2025-12-01", "hour": 6}}, {"type": "Feature", "geometry": {"type": "Point", "coordinates": [5.5, 53.5]}, "properties": {"value": 9.037, "time": "2025-12-01T06:00:00", "date": "2025-12-01", "hour": 6}}, {"type": "Feature", "geometry": {"type": "Point", "coordinates": [5.75, 53.5]}, "properties": {"value": 8.363, "time": "2025-12-01T06:00:00", "date": "2025-12-01", "hour": 6}}, {"type": "Feature", "geometry": {"type": "Point", "coordinates": [6.0, 53.5]}, "properties": {"value": 7.583, "time": "2025-12-01T06:00:00", "date": "2025-12-01", "hour": 6}}, {"type": "Feature", "geometry": {"type": "Point", "coordinates": [6.25, 53.5]}, "properties": {"value": 6.762, "time": "2025-12-01T06:00:00", "date": "2025-12-01", "hour": 6}}, {"type": "Feature", "geometry": {"type": "Point", "coordinates": [6.5, 53.5]}, "properties": {"value": 6.362, "time": "2025-12-01T06:00:00", "date": "2025-12-01", "hour": 6}}, {"type": "Feature", "geometry": {"type": "Point", "coordinates": [6.75, 53.5]}, "properties": {"value": 5.656, "time": "2025-12-01T06:00:00", "date": "2025-12-01", "hour": 6}}, {"type": "Feature", "geometry": {"type": "Point", "coordinates": [5.0, 53.75]}, "properties": {"value": 10.558, "time": "2025-12-01T06:00:00", "date": "2025-12-01", "hour": 6}}, {"type": "Feature", "geometry": {"type": "Point", "coordinates": [5.25, 53.75]}, "properties": {"value": 10.271, "time": "2025-12-01T06:00:00", "date": "2025-12-01", "hour": 6}}, {"type": "Feature", "geometry": {"type": "Point", "coordinates": [5.5, 53.75]}, "properties": {"value": 10.048, "time": "2025-12-01T06:00:00", "date": "2025-12-01", "hour": 6}}, {"type": "Feature", "geometry": {"type": "Point", "coordinates": [5.75, 53.75]}, "properties": {"value": 9.769, "time": "2025-12-01T06:00:00", "date": "2025-12-01", "hour": 6}}, {"type": "Feature", "geometry": {"type": "Point", "coordinates": [6.0, 53.75]}, "properties": {"value": 9.163, "time": "2025-12-01T06:00:00", "date": "2025-12-01", "hour": 6}}, {"type": "Feature", "geometry": {"type": "Point", "coordinates": [6.25, 53.75]}, "properties": {"value": 8.853, "time": "2025-12-01T06:00:00", "date": "2025-12-01", "hour": 6}}, {"type": "Feature", "geometry": {"type": "Point", "coordinates": [6.5, 53.75]}, "properties": {"value": 8.424, "time": "2025-12-01T06:00:00", "date": "2025-12-01", "hour": 6}}, {"type": "Feature", "geometry": {"type": "Point", "coordinates": [6.75, 53.75]}, "properties": {"value": 7.902, "time": "2025-12-01T06:00:00", "date": "2025-12-01", "hour": 6}}, {"type": "Feature", "geometry": {"type": "Point", "coordinates": [7.0, 53.75]}, "properties": {"value": 8.203, "time": "2025-12-01T06:00:00", "date": "2025-12-01", "hour": 6}}, {"type": "Feature", "geometry": {"type": "Point", "coordinates": [7.25, 53.75]}, "properties": {"value": 7.675, "time": "2025-12-01T06:00:00", "date": "2025-12-01", "hour": 6}}, {"type": "Feature", "geometry": {"type": "Point", "coordinates": [7.5, 53.75]}, "properties": {"value": 7.903, "time": "2025-12-01T06:00:00", "date": "2025-12-01", "hour": 6}}, {"type": "Feature", "geometry": {"type": "Point", "coordinates": [7.75, 53.75]}, "properties": {"value": 7.942, "time": "2025-12-01T06:00:00", "date": "2025-12-01", "hour": 6}}, {"type": "Feature", "geometry": {"type": "Point", "coordinates": [8.0, 53.75]}, "properties": {"value": 7.827, "time": "2025-12-01T06:00:00", "date": "2025-12-01", "hour": 6}}, {"type": "Feature", "geometry": {"type": "Point", "coordinates": [8.25, 53.75]}, "properties": {"value": 7.053, "time": "2025-12-01T06:00:00", "date": "2025-12-01", "hour": 6}}, {"type": "Feature", "geometry": {"type": "Point", "coordinates": [8.5, 53.75]}, "properties": {"value": 6.125, "time": "2025-12-01T06:00:00", "date": "2025-12-01", "hour": 6}}, {"type": "Feature", "geometry": {"type": "Point", "coordinates": [8.75, 53.75]}, "properties": {"value": 6.125, "time": "2025-12-01T06:00:00", "date": "2025-12-01", "hour": 6}}, {"type": "Feature", "geometry": {"type": "Point", "coordinates": [14.25, 53.75]}, "properties": {"value": 3.644, "time": "2025-12-01T06:00:00", "date": "2025-12-01", "hour": 6}}, {"type": "Feature", "geometry": {"type": "Point", "coordinates": [14.5, 53.75]}, "properties": {"value": 3.644, "time": "2025-12-01T06:00:00", "date": "2025-12-01", "hour": 6}}, {"type": "Feature", "geometry": {"type": "Point", "coordinates": [5.0, 54.0]}, "properties": {"value": 10.988, "time": "2025-12-01T06:00:00", "date": "2025-12-01", "hour": 6}}, {"type": "Feature", "geometry": {"type": "Point", "coordinates": [5.25, 54.0]}, "properties": {"value": 10.926, "time": "2025-12-01T06:00:00", "date": "2025-12-01", "hour": 6}}, {"type": "Feature", "geometry": {"type": "Point", "coordinates": [5.5, 54.0]}, "properties": {"value": 10.704, "time": "2025-12-01T06:00:00", "date": "2025-12-01", "hour": 6}}, {"type": "Feature", "geometry": {"type": "Point", "coordinates": [5.75, 54.0]}, "properties": {"value": 10.472, "time": "2025-12-01T06:00:00", "date": "2025-12-01", "hour": 6}}, {"type": "Feature", "geometry": {"type": "Point", "coordinates": [6.0, 54.0]}, "properties": {"value": 10.25, "time": "2025-12-01T06:00:00", "date": "2025-12-01", "hour": 6}}, {"type": "Feature", "geometry": {"type": "Point", "coordinates": [6.25, 54.0]}, "properties": {"value": 9.99, "time": "2025-12-01T06:00:00", "date": "2025-12-01", "hour": 6}}, {"type": "Feature", "geometry": {"type": "Point", "coordinates": [6.5, 54.0]}, "properties": {"value": 9.624, "time": "2025-12-01T06:00:00", "date": "2025-12-01", "hour": 6}}, {"type": "Feature", "geometry": {"type": "Point", "coordinates": [6.75, 54.0]}, "properties": {"value": 9.527, "time": "2025-12-01T06:00:00", "date": "2025-12-01", "hour": 6}}, {"type": "Feature", "geometry": {"type": "Point", "coordinates": [7.0, 54.0]}, "properties": {"value": 9.269, "time": "2025-12-01T06:00:00", "date": "2025-12-01", "hour": 6}}, {"type": "Feature", "geometry": {"type": "Point", "coordinates": [7.25, 54.0]}, "properties": {"value": 8.917, "time": "2025-12-01T06:00:00", "date": "2025-12-01", "hour": 6}}, {"type": "Feature", "geometry": {"type": "Point", "coordinates": [7.5, 54.0]}, "properties": {"value": 9.058, "time": "2025-12-01T06:00:00", "date": "2025-12-01", "hour": 6}}, {"type": "Feature", "geometry": {"type": "Point", "coordinates": [7.75, 54.0]}, "properties": {"value": 9.069, "time": "2025-12-01T06:00:00", "date": "2025-12-01", "hour": 6}}, {"type": "Feature", "geometry": {"type": "Point", "coordinates": [8.0, 54.0]}, "properties": {"value": 8.935, "time": "2025-12-01T06:00:00", "date": "2025-12-01", "hour": 6}}, {"type": "Feature", "geometry": {"type": "Point", "coordinates": [8.25, 54.0]}, "properties": {"value": 8.35, "time": "2025-12-01T06:00:00", "date": "2025-12-01", "hour": 6}}, {"type": "Feature", "geometry": {"type": "Point", "coordinates": [8.5, 54.0]}, "properties": {"value": 6.885, "time": "2025-12-01T06:00:00", "date": "2025-12-01", "hour": 6}}, {"type": "Feature", "geometry": {"type": "Point", "coordinates": [11.25, 54.0]}, "properties": {"value": 6.933, "time": "2025-12-01T06:00:00", "date": "2025-12-01", "hour": 6}}, {"type": "Feature", "geometry": {"type": "Point", "coordinates": [14.0, 54.0]}, "properties": {"value": 5.097, "time": "2025-12-01T06:00:00", "date": "2025-12-01", "hour": 6}}, {"type": "Feature", "geometry": {"type": "Point", "coordinates": [14.25, 54.0]}, "properties": {"value": 5.69, "time": "2025-12-01T06:00:00", "date": "2025-12-01", "hour": 6}}, {"type": "Feature", "geometry": {"type": "Point", "coordinates": [14.5, 54.0]}, "properties": {"value": 5.4, "time": "2025-12-01T06:00:00", "date": "2025-12-01", "hour": 6}}, {"type": "Feature", "geometry": {"type": "Point", "coordinates": [14.75, 54.0]}, "properties": {"value": 5.837, "time": "2025-12-01T06:00:00", "date": "2025-12-01", "hour": 6}}, {"type": "Feature", "geometry": {"type": "Point", "coordinates": [5.0, 54.25]}, "properties": {"value": 11.138, "time": "2025-12-01T06:00:00", "date": "2025-12-01", "hour": 6}}, {"type": "Feature", "geometry": {"type": "Point", "coordinates": [5.25, 54.25]}, "properties": {"value": 11.073, "time": "2025-12-01T06:00:00", "date": "2025-12-01", "hour": 6}}, {"type": "Feature", "geometry": {"type": "Point", "coordinates": [5.5, 54.25]}, "properties": {"value": 11.028, "time": "2025-12-01T06:00:00", "date": "2025-12-01", "hour": 6}}, {"type": "Feature", "geometry": {"type": "Point", "coordinates": [5.75, 54.25]}, "properties": {"value": 10.833, "time": "2025-12-01T06:00:00", "date": "2025-12-01", "hour": 6}}, {"type": "Feature", "geometry": {"type": "Point", "coordinates": [6.0, 54.25]}, "properties": {"value": 10.724, "time": "2025-12-01T06:00:00", "date": "2025-12-01", "hour": 6}}, {"type": "Feature", "geometry": {"type": "Point", "coordinates": [6.25, 54.25]}, "properties": {"value": 10.514, "time": "2025-12-01T06:00:00", "date": "2025-12-01", "hour": 6}}, {"type": "Feature", "geometry": {"type": "Point", "coordinates": [6.5, 54.25]}, "properties": {"value": 10.357, "time": "2025-12-01T06:00:00", "date": "2025-12-01", "hour": 6}}, {"type": "Feature", "geometry": {"type": "Point", "coordinates": [6.75, 54.25]}, "properties": {"value": 10.216, "time": "2025-12-01T06:00:00", "date": "2025-12-01", "hour": 6}}, {"type": "Feature", "geometry": {"type": "Point", "coordinates": [7.0, 54.25]}, "properties": {"value": 9.99, "time": "2025-12-01T06:00:00", "date": "2025-12-01", "hour": 6}}, {"type": "Feature", "geometry": {"type": "Point", "coordinates": [7.25, 54.25]}, "properties": {"value": 9.88, "time": "2025-12-01T06:00:00", "date": "2025-12-01", "hour": 6}}, {"type": "Feature", "geometry": {"type": "Point", "coordinates": [7.5, 54.25]}, "properties": {"value": 9.945, "time": "2025-12-01T06:00:00", "date": "2025-12-01", "hour": 6}}, {"type": "Feature", "geometry": {"type": "Point", "coordinates": [7.75, 54.25]}, "properties": {"value": 9.603, "time": "2025-12-01T06:00:00", "date": "2025-12-01", "hour": 6}}, {"type": "Feature", "geometry": {"type": "Point", "coordinates": [8.0, 54.25]}, "properties": {"value": 9.35, "time": "2025-12-01T06:00:00", "date": "2025-12-01", "hour": 6}}, {"type": "Feature", "geometry": {"type": "Point", "coordinates": [8.25, 54.25]}, "properties": {"value": 7.977, "time": "2025-12-01T06:00:00", "date": "2025-12-01", "hour": 6}}, {"type": "Feature", "geometry": {"type": "Point", "coordinates": [8.5, 54.25]}, "properties": {"value": 6.56, "time": "2025-12-01T06:00:00", "date": "2025-12-01", "hour": 6}}, {"type": "Feature", "geometry": {"type": "Point", "coordinates": [10.75, 54.25]}, "properties": {"value": 7.086, "time": "2025-12-01T06:00:00", "date": "2025-12-01", "hour": 6}}, {"type": "Feature", "geometry": {"type": "Point", "coordinates": [11.25, 54.25]}, "properties": {"value": 7.105, "time": "2025-12-01T06:00:00", "date": "2025-12-01", "hour": 6}}, {"type": "Feature", "geometry": {"type": "Point", "coordinates": [11.75, 54.25]}, "properties": {"value": 7.016, "time": "2025-12-01T06:00:00", "date": "2025-12-01", "hour": 6}}, {"type": "Feature", "geometry": {"type": "Point", "coordinates": [12.25, 54.25]}, "properties": {"value": 6.849, "time": "2025-12-01T06:00:00", "date": "2025-12-01", "hour": 6}}, {"type": "Feature", "geometry": {"type": "Point", "coordinates": [13.75, 54.25]}, "properties": {"value": 5.402, "time": "2025-12-01T06:00:00", "date": "2025-12-01", "hour": 6}}, {"type": "Feature", "geometry": {"type": "Point", "coordinates": [14.0, 54.25]}, "properties": {"value": 5.783, "time": "2025-12-01T06:00:00", "date": "2025-12-01", "hour": 6}}, {"type": "Feature", "geometry": {"type": "Point", "coordinates": [14.25, 54.25]}, "properties": {"value": 6.141, "time": "2025-12-01T06:00:00", "date": "2025-12-01", "hour": 6}}, {"type": "Feature", "geometry": {"type": "Point", "coordinates": [14.5, 54.25]}, "properties": {"value": 6.004, "time": "2025-12-01T06:00:00", "date": "2025-12-01", "hour": 6}}, {"type": "Feature", "geometry": {"type": "Point", "coordinates": [14.75, 54.25]}, "properties": {"value": 6.275, "time": "2025-12-01T06:00:00", "date": "2025-12-01", "hour": 6}}, {"type": "Feature", "geometry": {"type": "Point", "coordinates": [15.0, 54.25]}, "properties": {"value": 6.996, "time": "2025-12-01T06:00:00", "date": "2025-12-01", "hour": 6}}, {"type": "Feature", "geometry": {"type": "Point", "coordinates": [5.0, 54.5]}, "properties": {"value": 11.234, "time": "2025-12-01T06:00:00", "date": "2025-12-01", "hour": 6}}, {"type": "Feature", "geometry": {"type": "Point", "coordinates": [5.25, 54.5]}, "properties": {"value": 11.227, "time": "2025-12-01T06:00:00", "date": "2025-12-01", "hour": 6}}, {"type": "Feature", "geometry": {"type": "Point", "coordinates": [5.5, 54.5]}, "properties": {"value": 11.182, "time": "2025-12-01T06:00:00", "date": "2025-12-01", "hour": 6}}, {"type": "Feature", "geometry": {"type": "Point", "coordinates": [5.75, 54.5]}, "properties": {"value": 11.111, "time": "2025-12-01T06:00:00", "date": "2025-12-01", "hour": 6}}, {"type": "Feature", "geometry": {"type": "Point", "coordinates": [6.0, 54.5]}, "properties": {"value": 10.996, "time": "2025-12-01T06:00:00", "date": "2025-12-01", "hour": 6}}, {"type": "Feature", "geometry": {"type": "Point", "coordinates": [6.25, 54.5]}, "properties": {"value": 10.846, "time": "2025-12-01T06:00:00", "date": "2025-12-01", "hour": 6}}, {"type": "Feature", "geometry": {"type": "Point", "coordinates": [6.5, 54.5]}, "properties": {"value": 10.674, "time": "2025-12-01T06:00:00", "date": "2025-12-01", "hour": 6}}, {"type": "Feature", "geometry": {"type": "Point", "coordinates": [6.75, 54.5]}, "properties": {"value": 10.476, "time": "2025-12-01T06:00:00", "date": "2025-12-01", "hour": 6}}, {"type": "Feature", "geometry": {"type": "Point", "coordinates": [7.0, 54.5]}, "properties": {"value": 10.35, "time": "2025-12-01T06:00:00", "date": "2025-12-01", "hour": 6}}, {"type": "Feature", "geometry": {"type": "Point", "coordinates": [7.25, 54.5]}, "properties": {"value": 10.159, "time": "2025-12-01T06:00:00", "date": "2025-12-01", "hour": 6}}, {"type": "Feature", "geometry": {"type": "Point", "coordinates": [7.5, 54.5]}, "properties": {"value": 10.163, "time": "2025-12-01T06:00:00", "date": "2025-12-01", "hour": 6}}, {"type": "Feature", "geometry": {"type": "Point", "coordinates": [7.75, 54.5]}, "properties": {"value": 9.648, "time": "2025-12-01T06:00:00", "date": "2025-12-01", "hour": 6}}, {"type": "Feature", "geometry": {"type": "Point", "coordinates": [8.0, 54.5]}, "properties": {"value": 8.637, "time": "2025-12-01T06:00:00", "date": "2025-12-01", "hour": 6}}, {"type": "Feature", "geometry": {"type": "Point", "coordinates": [8.25, 54.5]}, "properties": {"value": 7.143, "time": "2025-12-01T06:00:00", "date": "2025-12-01", "hour": 6}}, {"type": "Feature", "geometry": {"type": "Point", "coordinates": [8.5, 54.5]}, "properties": {"value": 5.947, "time": "2025-12-01T06:00:00", "date": "2025-12-01", "hour": 6}}, {"type": "Feature", "geometry": {"type": "Point", "coordinates": [10.5, 54.5]}, "properties": {"value": 7.425, "time": "2025-12-01T06:00:00", "date": "2025-12-01", "hour": 6}}, {"type": "Feature", "geometry": {"type": "Point", "coordinates": [10.75, 54.5]}, "properties": {"value": 7.25, "time": "2025-12-01T06:00:00", "date": "2025-12-01", "hour": 6}}, {"type": "Feature", "geometry": {"type": "Point", "coordinates": [11.0, 54.5]}, "properties": {"value": 6.818, "time": "2025-12-01T06:00:00", "date": "2025-12-01", "hour": 6}}, {"type": "Feature", "geometry": {"type": "Point", "coordinates": [11.25, 54.5]}, "properties": {"value": 6.904, "time": "2025-12-01T06:00:00", "date": "2025-12-01", "hour": 6}}, {"type": "Feature", "geometry": {"type": "Point", "coordinates": [11.5, 54.5]}, "properties": {"value": 6.78, "time": "2025-12-01T06:00:00", "date": "2025-12-01", "hour": 6}}, {"type": "Feature", "geometry": {"type": "Point", "coordinates": [11.75, 54.5]}, "properties": {"value": 7.055, "time": "2025-12-01T06:00:00", "date": "2025-12-01", "hour": 6}}, {"type": "Feature", "geometry": {"type": "Point", "coordinates": [12.0, 54.5]}, "properties": {"value": 7.145, "time": "2025-12-01T06:00:00", "date": "2025-12-01", "hour": 6}}, {"type": "Feature", "geometry": {"type": "Point", "coordinates": [12.25, 54.5]}, "properties": {"value": 7.114, "time": "2025-12-01T06:00:00", "date": "2025-12-01", "hour": 6}}, {"type": "Feature", "geometry": {"type": "Point", "coordinates": [13.0, 54.5]}, "properties": {"value": 7.342, "time": "2025-12-01T06:00:00", "date": "2025-12-01", "hour": 6}}, {"type": "Feature", "geometry": {"type": "Point", "coordinates": [13.25, 54.5]}, "properties": {"value": 6.737, "time": "2025-12-01T06:00:00", "date": "2025-12-01", "hour": 6}}, {"type": "Feature", "geometry": {"type": "Point", "coordinates": [13.5, 54.5]}, "properties": {"value": 6.579, "time": "2025-12-01T06:00:00", "date": "2025-12-01", "hour": 6}}, {"type": "Feature", "geometry": {"type": "Point", "coordinates": [13.75, 54.5]}, "properties": {"value": 6.536, "time": "2025-12-01T06:00:00", "date": "2025-12-01", "hour": 6}}, {"type": "Feature", "geometry": {"type": "Point", "coordinates": [14.0, 54.5]}, "properties": {"value": 6.82, "time": "2025-12-01T06:00:00", "date": "2025-12-01", "hour": 6}}, {"type": "Feature", "geometry": {"type": "Point", "coordinates": [14.25, 54.5]}, "properties": {"value": 6.796, "time": "2025-12-01T06:00:00", "date": "2025-12-01", "hour": 6}}, {"type": "Feature", "geometry": {"type": "Point", "coordinates": [14.5, 54.5]}, "properties": {"value": 6.964, "time": "2025-12-01T06:00:00", "date": "2025-12-01", "hour": 6}}, {"type": "Feature", "geometry": {"type": "Point", "coordinates": [14.75, 54.5]}, "properties": {"value": 7.362, "time": "2025-12-01T06:00:00", "date": "2025-12-01", "hour": 6}}, {"type": "Feature", "geometry": {"type": "Point", "coordinates": [15.0, 54.5]}, "properties": {"value": 8.121, "time": "2025-12-01T06:00:00", "date": "2025-12-01", "hour": 6}}, {"type": "Feature", "geometry": {"type": "Point", "coordinates": [5.0, 54.75]}, "properties": {"value": 11.377, "time": "2025-12-01T06:00:00", "date": "2025-12-01", "hour": 6}}, {"type": "Feature", "geometry": {"type": "Point", "coordinates": [5.25, 54.75]}, "properties": {"value": 11.37, "time": "2025-12-01T06:00:00", "date": "2025-12-01", "hour": 6}}, {"type": "Feature", "geometry": {"type": "Point", "coordinates": [5.5, 54.75]}, "properties": {"value": 11.325, "time": "2025-12-01T06:00:00", "date": "2025-12-01", "hour": 6}}, {"type": "Feature", "geometry": {"type": "Point", "coordinates": [5.75, 54.75]}, "properties": {"value": 11.295, "time": "2025-12-01T06:00:00", "date": "2025-12-01", "hour": 6}}, {"type": "Feature", "geometry": {"type": "Point", "coordinates": [6.0, 54.75]}, "properties": {"value": 11.17, "time": "2025-12-01T06:00:00", "date": "2025-12-01", "hour": 6}}, {"type": "Feature", "geometry": {"type": "Point", "coordinates": [6.25, 54.75]}, "properties": {"value": 11.021, "time": "2025-12-01T06:00:00", "date": "2025-12-01", "hour": 6}}, {"type": "Feature", "geometry": {"type": "Point", "coordinates": [6.5, 54.75]}, "properties": {"value": 10.874, "time": "2025-12-01T06:00:00", "date": "2025-12-01", "hour": 6}}, {"type": "Feature", "geometry": {"type": "Point", "coordinates": [6.75, 54.75]}, "properties": {"value": 10.739, "time": "2025-12-01T06:00:00", "date": "2025-12-01", "hour": 6}}, {"type": "Feature", "geometry": {"type": "Point", "coordinates": [7.0, 54.75]}, "properties": {"value": 10.652, "time": "2025-12-01T06:00:00", "date": "2025-12-01", "hour": 6}}, {"type": "Feature", "geometry": {"type": "Point", "coordinates": [7.25, 54.75]}, "properties": {"value": 10.445, "time": "2025-12-01T06:00:00", "date": "2025-12-01", "hour": 6}}, {"type": "Feature", "geometry": {"type": "Point", "coordinates": [7.5, 54.75]}, "properties": {"value": 10.14, "time": "2025-12-01T06:00:00", "date": "2025-12-01", "hour": 6}}, {"type": "Feature", "geometry": {"type": "Point", "coordinates": [7.75, 54.75]}, "properties": {"value": 9.109, "time": "2025-12-01T06:00:00", "date": "2025-12-01", "hour": 6}}, {"type": "Feature", "geometry": {"type": "Point", "coordinates": [8.0, 54.75]}, "properties": {"value": 8.069, "time": "2025-12-01T06:00:00", "date": "2025-12-01", "hour": 6}}, {"type": "Feature", "geometry": {"type": "Point", "coordinates": [8.25, 54.75]}, "properties": {"value": 6.601, "time": "2025-12-01T06:00:00", "date": "2025-12-01", "hour": 6}}, {"type": "Feature", "geometry": {"type": "Point", "coordinates": [8.5, 54.75]}, "properties": {"value": 5.543, "time": "2025-12-01T06:00:00", "date": "2025-12-01", "hour": 6}}, {"type": "Feature", "geometry": {"type": "Point", "coordinates": [10.25, 54.75]}, "properties": {"value": 7.504, "time": "2025-12-01T06:00:00", "date": "2025-12-01", "hour": 6}}, {"type": "Feature", "geometry": {"type": "Point", "coordinates": [10.5, 54.75]}, "properties": {"value": 7.41, "time": "2025-12-01T06:00:00", "date": "2025-12-01", "hour": 6}}, {"type": "Feature", "geometry": {"type": "Point", "coordinates": [10.75, 54.75]}, "properties": {"value": 7.238, "time": "2025-12-01T06:00:00", "date": "2025-12-01", "hour": 6}}, {"type": "Feature", "geometry": {"type": "Point", "coordinates": [11.0, 54.75]}, "properties": {"value": 6.764, "time": "2025-12-01T06:00:00", "date": "2025-12-01", "hour": 6}}, {"type": "Feature", "geometry": {"type": "Point", "coordinates": [11.25, 54.75]}, "properties": {"value": 6.362, "time": "2025-12-01T06:00:00", "date": "2025-12-01", "hour": 6}}, {"type": "Feature", "geometry": {"type": "Point", "coordinates": [11.5, 54.75]}, "properties": {"value": 6.158, "time": "2025-12-01T06:00:00", "date": "2025-12-01", "hour": 6}}, {"type": "Feature", "geometry": {"type": "Point", "coordinates": [12.0, 54.75]}, "properties": {"value": 6.814, "time": "2025-12-01T06:00:00", "date": "2025-12-01", "hour": 6}}, {"type": "Feature", "geometry": {"type": "Point", "coordinates": [12.25, 54.75]}, "properties": {"value": 7.346, "time": "2025-12-01T06:00:00", "date": "2025-12-01", "hour": 6}}, {"type": "Feature", "geometry": {"type": "Point", "coordinates": [12.5, 54.75]}, "properties": {"value": 7.81, "time": "2025-12-01T06:00:00", "date": "2025-12-01", "hour": 6}}, {"type": "Feature", "geometry": {"type": "Point", "coordinates": [12.75, 54.75]}, "properties": {"value": 7.889, "time": "2025-12-01T06:00:00", "date": "2025-12-01", "hour": 6}}, {"type": "Feature", "geometry": {"type": "Point", "coordinates": [13.0, 54.75]}, "properties": {"value": 7.566, "time": "2025-12-01T06:00:00", "date": "2025-12-01", "hour": 6}}, {"type": "Feature", "geometry": {"type": "Point", "coordinates": [13.25, 54.75]}, "properties": {"value": 7.671, "time": "2025-12-01T06:00:00", "date": "2025-12-01", "hour": 6}}, {"type": "Feature", "geometry": {"type": "Point", "coordinates": [13.5, 54.75]}, "properties": {"value": 7.972, "time": "2025-12-01T06:00:00", "date": "2025-12-01", "hour": 6}}, {"type": "Feature", "geometry": {"type": "Point", "coordinates": [13.75, 54.75]}, "properties": {"value": 7.929, "time": "2025-12-01T06:00:00", "date": "2025-12-01", "hour": 6}}, {"type": "Feature", "geometry": {"type": "Point", "coordinates": [14.0, 54.75]}, "properties": {"value": 7.74, "time": "2025-12-01T06:00:00", "date": "2025-12-01", "hour": 6}}, {"type": "Feature", "geometry": {"type": "Point", "coordinates": [14.25, 54.75]}, "properties": {"value": 7.718, "time": "2025-12-01T06:00:00", "date": "2025-12-01", "hour": 6}}, {"type": "Feature", "geometry": {"type": "Point", "coordinates": [14.5, 54.75]}, "properties": {"value": 8.043, "time": "2025-12-01T06:00:00", "date": "2025-12-01", "hour": 6}}, {"type": "Feature", "geometry": {"type": "Point", "coordinates": [14.75, 54.75]}, "properties": {"value": 8.412, "time": "2025-12-01T06:00:00", "date": "2025-12-01", "hour": 6}}, {"type": "Feature", "geometry": {"type": "Point", "coordinates": [15.0, 54.75]}, "properties": {"value": 8.611, "time": "2025-12-01T06:00:00", "date": "2025-12-01", "hour": 6}}, {"type": "Feature", "geometry": {"type": "Point", "coordinates": [5.0, 55.0]}, "properties": {"value": 11.326, "time": "2025-12-01T06:00:00", "date": "2025-12-01", "hour": 6}}, {"type": "Feature", "geometry": {"type": "Point", "coordinates": [5.25, 55.0]}, "properties": {"value": 11.343, "time": "2025-12-01T06:00:00", "date": "2025-12-01", "hour": 6}}, {"type": "Feature", "geometry": {"type": "Point", "coordinates": [5.5, 55.0]}, "properties": {"value": 11.327, "time": "2025-12-01T06:00:00", "date": "2025-12-01", "hour": 6}}, {"type": "Feature", "geometry": {"type": "Point", "coordinates": [5.75, 55.0]}, "properties": {"value": 11.297, "time": "2025-12-01T06:00:00", "date": "2025-12-01", "hour": 6}}, {"type": "Feature", "geometry": {"type": "Point", "coordinates": [6.0, 55.0]}, "properties": {"value": 11.252, "time": "2025-12-01T06:00:00", "date": "2025-12-01", "hour": 6}}, {"type": "Feature", "geometry": {"type": "Point", "coordinates": [6.25, 55.0]}, "properties": {"value": 11.197, "time": "2025-12-01T06:00:00", "date": "2025-12-01", "hour": 6}}, {"type": "Feature", "geometry": {"type": "Point", "coordinates": [6.5, 55.0]}, "properties": {"value": 11.076, "time": "2025-12-01T06:00:00", "date": "2025-12-01", "hour": 6}}, {"type": "Feature", "geometry": {"type": "Point", "coordinates": [6.75, 55.0]}, "properties": {"value": 10.934, "time": "2025-12-01T06:00:00", "date": "2025-12-01", "hour": 6}}, {"type": "Feature", "geometry": {"type": "Point", "coordinates": [7.0, 55.0]}, "properties": {"value": 10.756, "time": "2025-12-01T06:00:00", "date": "2025-12-01", "hour": 6}}, {"type": "Feature", "geometry": {"type": "Point", "coordinates": [7.25, 55.0]}, "properties": {"value": 10.379, "time": "2025-12-01T06:00:00", "date": "2025-12-01", "hour": 6}}, {"type": "Feature", "geometry": {"type": "Point", "coordinates": [7.5, 55.0]}, "properties": {"value": 10.018, "time": "2025-12-01T06:00:00", "date": "2025-12-01", "hour": 6}}, {"type": "Feature", "geometry": {"type": "Point", "coordinates": [7.75, 55.0]}, "properties": {"value": 8.956, "time": "2025-12-01T06:00:00", "date": "2025-12-01", "hour": 6}}, {"type": "Feature", "geometry": {"type": "Point", "coordinates": [8.0, 55.0]}, "properties": {"value": 7.974, "time": "2025-12-01T06:00:00", "date": "2025-12-01", "hour": 6}}, {"type": "Feature", "geometry": {"type": "Point", "coordinates": [8.25, 55.0]}, "properties": {"value": 6.612, "time": "2025-12-01T06:00:00", "date": "2025-12-01", "hour": 6}}, {"type": "Feature", "geometry": {"type": "Point", "coordinates": [8.5, 55.0]}, "properties": {"value": 5.574, "time": "2025-12-01T06:00:00", "date": "2025-12-01", "hour": 6}}, {"type": "Feature", "geometry": {"type": "Point", "coordinates": [10.25, 55.0]}, "properties": {"value": 6.633, "time": "2025-12-01T06:00:00", "date": "2025-12-01", "hour": 6}}, {"type": "Feature", "geometry": {"type": "Point", "coordinates": [10.5, 55.0]}, "properties": {"value": 6.71, "time": "2025-12-01T06:00:00", "date": "2025-12-01", "hour": 6}}, {"type": "Feature", "geometry": {"type": "Point", "coordinates": [10.75, 55.0]}, "properties": {"value": 6.785, "time": "2025-12-01T06:00:00", "date": "2025-12-01", "hour": 6}}, {"type": "Feature", "geometry": {"type": "Point", "coordinates": [11.0, 55.0]}, "properties": {"value": 6.573, "time": "2025-12-01T06:00:00", "date": "2025-12-01", "hour": 6}}, {"type": "Feature", "geometry": {"type": "Point", "coordinates": [11.25, 55.0]}, "properties": {"value": 6.254, "time": "2025-12-01T06:00:00", "date": "2025-12-01", "hour": 6}}, {"type": "Feature", "geometry": {"type": "Point", "coordinates": [11.5, 55.0]}, "properties": {"value": 6.016, "time": "2025-12-01T06:00:00", "date": "2025-12-01", "hour": 6}}, {"type": "Feature", "geometry": {"type": "Point", "coordinates": [11.75, 55.0]}, "properties": {"value": 5.739, "time": "2025-12-01T06:00:00", "date": "2025-12-01", "hour": 6}}, {"type": "Feature", "geometry": {"type": "Point", "coordinates": [12.0, 55.0]}, "properties": {"value": 6.229, "time": "2025-12-01T06:00:00", "date": "2025-12-01", "hour": 6}}, {"type": "Feature", "geometry": {"type": "Point", "coordinates": [12.25, 55.0]}, "properties": {"value": 6.941, "time": "2025-12-01T06:00:00", "date": "2025-12-01", "hour": 6}}, {"type": "Feature", "geometry": {"type": "Point", "coordinates": [12.5, 55.0]}, "properties": {"value": 7.794, "time": "2025-12-01T06:00:00", "date": "2025-12-01", "hour": 6}}, {"type": "Feature", "geometry": {"type": "Point", "coordinates": [12.75, 55.0]}, "properties": {"value": 8.024, "time": "2025-12-01T06:00:00", "date": "2025-12-01", "hour": 6}}, {"type": "Feature", "geometry": {"type": "Point", "coordinates": [13.0, 55.0]}, "properties": {"value": 8.186, "time": "2025-12-01T06:00:00", "date": "2025-12-01", "hour": 6}}, {"type": "Feature", "geometry": {"type": "Point", "coordinates": [13.25, 55.0]}, "properties": {"value": 8.29, "time": "2025-12-01T06:00:00", "date": "2025-12-01", "hour": 6}}, {"type": "Feature", "geometry": {"type": "Point", "coordinates": [13.5, 55.0]}, "properties": {"value": 8.34, "time": "2025-12-01T06:00:00", "date": "2025-12-01", "hour": 6}}, {"type": "Feature", "geometry": {"type": "Point", "coordinates": [13.75, 55.0]}, "properties": {"value": 8.402, "time": "2025-12-01T06:00:00", "date": "2025-12-01", "hour": 6}}, {"type": "Feature", "geometry": {"type": "Point", "coordinates": [14.0, 55.0]}, "properties": {"value": 8.359, "time": "2025-12-01T06:00:00", "date": "2025-12-01", "hour": 6}}, {"type": "Feature", "geometry": {"type": "Point", "coordinates": [14.25, 55.0]}, "properties": {"value": 8.27, "time": "2025-12-01T06:00:00", "date": "2025-12-01", "hour": 6}}, {"type": "Feature", "geometry": {"type": "Point", "coordinates": [14.5, 55.0]}, "properties": {"value": 8.167, "time": "2025-12-01T06:00:00", "date": "2025-12-01", "hour": 6}}, {"type": "Feature", "geometry": {"type": "Point", "coordinates": [14.75, 55.0]}, "properties": {"value": 8.191, "time": "2025-12-01T06:00:00", "date": "2025-12-01", "hour": 6}}, {"type": "Feature", "geometry": {"type": "Point", "coordinates": [15.0, 55.0]}, "properties": {"value": 8.269, "time": "2025-12-01T06:00:00", "date": "2025-12-01", "hour": 6}}, {"type": "Feature", "geometry": {"type": "Point", "coordinates": [5.25, 52.75]}, "properties": {"value": 5.87, "time": "2025-12-01T07:00:00", "date": "2025-12-01", "hour": 7}}, {"type": "Feature", "geometry": {"type": "Point", "coordinates": [5.5, 52.75]}, "properties": {"value": 5.874, "time": "2025-12-01T07:00:00", "date": "2025-12-01", "hour": 7}}, {"type": "Feature", "geometry": {"type": "Point", "coordinates": [5.0, 53.0]}, "properties": {"value": 7.136, "time": "2025-12-01T07:00:00", "date": "2025-12-01", "hour": 7}}, {"type": "Feature", "geometry": {"type": "Point", "coordinates": [5.25, 53.0]}, "properties": {"value": 6.372, "time": "2025-12-01T07:00:00", "date": "2025-12-01", "hour": 7}}, {"type": "Feature", "geometry": {"type": "Point", "coordinates": [5.5, 53.0]}, "properties": {"value": 5.806, "time": "2025-12-01T07:00:00", "date": "2025-12-01", "hour": 7}}, {"type": "Feature", "geometry": {"type": "Point", "coordinates": [5.0, 53.25]}, "properties": {"value": 8.133, "time": "2025-12-01T07:00:00", "date": "2025-12-01", "hour": 7}}, {"type": "Feature", "geometry": {"type": "Point", "coordinates": [5.25, 53.25]}, "properties": {"value": 7.078, "time": "2025-12-01T07:00:00", "date": "2025-12-01", "hour": 7}}, {"type": "Feature", "geometry": {"type": "Point", "coordinates": [5.5, 53.25]}, "properties": {"value": 6.443, "time": "2025-12-01T07:00:00", "date": "2025-12-01", "hour": 7}}, {"type": "Feature", "geometry": {"type": "Point", "coordinates": [5.0, 53.5]}, "properties": {"value": 9.858, "time": "2025-12-01T07:00:00", "date": "2025-12-01", "hour": 7}}, {"type": "Feature", "geometry": {"type": "Point", "coordinates": [5.25, 53.5]}, "properties": {"value": 9.263, "time": "2025-12-01T07:00:00", "date": "2025-12-01", "hour": 7}}, {"type": "Feature", "geometry": {"type": "Point", "coordinates": [5.5, 53.5]}, "properties": {"value": 9.037, "time": "2025-12-01T07:00:00", "date": "2025-12-01", "hour": 7}}, {"type": "Feature", "geometry": {"type": "Point", "coordinates": [5.75, 53.5]}, "properties": {"value": 8.363, "time": "2025-12-01T07:00:00", "date": "2025-12-01", "hour": 7}}, {"type": "Feature", "geometry": {"type": "Point", "coordinates": [6.0, 53.5]}, "properties": {"value": 7.583, "time": "2025-12-01T07:00:00", "date": "2025-12-01", "hour": 7}}, {"type": "Feature", "geometry": {"type": "Point", "coordinates": [6.25, 53.5]}, "properties": {"value": 6.762, "time": "2025-12-01T07:00:00", "date": "2025-12-01", "hour": 7}}, {"type": "Feature", "geometry": {"type": "Point", "coordinates": [6.5, 53.5]}, "properties": {"value": 6.362, "time": "2025-12-01T07:00:00", "date": "2025-12-01", "hour": 7}}, {"type": "Feature", "geometry": {"type": "Point", "coordinates": [6.75, 53.5]}, "properties": {"value": 5.656, "time": "2025-12-01T07:00:00", "date": "2025-12-01", "hour": 7}}, {"type": "Feature", "geometry": {"type": "Point", "coordinates": [5.0, 53.75]}, "properties": {"value": 10.558, "time": "2025-12-01T07:00:00", "date": "2025-12-01", "hour": 7}}, {"type": "Feature", "geometry": {"type": "Point", "coordinates": [5.25, 53.75]}, "properties": {"value": 10.271, "time": "2025-12-01T07:00:00", "date": "2025-12-01", "hour": 7}}, {"type": "Feature", "geometry": {"type": "Point", "coordinates": [5.5, 53.75]}, "properties": {"value": 10.048, "time": "2025-12-01T07:00:00", "date": "2025-12-01", "hour": 7}}, {"type": "Feature", "geometry": {"type": "Point", "coordinates": [5.75, 53.75]}, "properties": {"value": 9.769, "time": "2025-12-01T07:00:00", "date": "2025-12-01", "hour": 7}}, {"type": "Feature", "geometry": {"type": "Point", "coordinates": [6.0, 53.75]}, "properties": {"value": 9.163, "time": "2025-12-01T07:00:00", "date": "2025-12-01", "hour": 7}}, {"type": "Feature", "geometry": {"type": "Point", "coordinates": [6.25, 53.75]}, "properties": {"value": 8.853, "time": "2025-12-01T07:00:00", "date": "2025-12-01", "hour": 7}}, {"type": "Feature", "geometry": {"type": "Point", "coordinates": [6.5, 53.75]}, "properties": {"value": 8.424, "time": "2025-12-01T07:00:00", "date": "2025-12-01", "hour": 7}}, {"type": "Feature", "geometry": {"type": "Point", "coordinates": [6.75, 53.75]}, "properties": {"value": 7.902, "time": "2025-12-01T07:00:00", "date": "2025-12-01", "hour": 7}}, {"type": "Feature", "geometry": {"type": "Point", "coordinates": [7.0, 53.75]}, "properties": {"value": 8.203, "time": "2025-12-01T07:00:00", "date": "2025-12-01", "hour": 7}}, {"type": "Feature", "geometry": {"type": "Point", "coordinates": [7.25, 53.75]}, "properties": {"value": 7.675, "time": "2025-12-01T07:00:00", "date": "2025-12-01", "hour": 7}}, {"type": "Feature", "geometry": {"type": "Point", "coordinates": [7.5, 53.75]}, "properties": {"value": 7.903, "time": "2025-12-01T07:00:00", "date": "2025-12-01", "hour": 7}}, {"type": "Feature", "geometry": {"type": "Point", "coordinates": [7.75, 53.75]}, "properties": {"value": 7.942, "time": "2025-12-01T07:00:00", "date": "2025-12-01", "hour": 7}}, {"type": "Feature", "geometry": {"type": "Point", "coordinates": [8.0, 53.75]}, "properties": {"value": 7.827, "time": "2025-12-01T07:00:00", "date": "2025-12-01", "hour": 7}}, {"type": "Feature", "geometry": {"type": "Point", "coordinates": [8.25, 53.75]}, "properties": {"value": 7.053, "time": "2025-12-01T07:00:00", "date": "2025-12-01", "hour": 7}}, {"type": "Feature", "geometry": {"type": "Point", "coordinates": [8.5, 53.75]}, "properties": {"value": 6.125, "time": "2025-12-01T07:00:00", "date": "2025-12-01", "hour": 7}}, {"type": "Feature", "geometry": {"type": "Point", "coordinates": [8.75, 53.75]}, "properties": {"value": 6.125, "time": "2025-12-01T07:00:00", "date": "2025-12-01", "hour": 7}}, {"type": "Feature", "geometry": {"type": "Point", "coordinates": [14.25, 53.75]}, "properties": {"value": 3.644, "time": "2025-12-01T07:00:00", "date": "2025-12-01", "hour": 7}}, {"type": "Feature", "geometry": {"type": "Point", "coordinates": [14.5, 53.75]}, "properties": {"value": 3.644, "time": "2025-12-01T07:00:00", "date": "2025-12-01", "hour": 7}}, {"type": "Feature", "geometry": {"type": "Point", "coordinates": [5.0, 54.0]}, "properties": {"value": 10.988, "time": "2025-12-01T07:00:00", "date": "2025-12-01", "hour": 7}}, {"type": "Feature", "geometry": {"type": "Point", "coordinates": [5.25, 54.0]}, "properties": {"value": 10.926, "time": "2025-12-01T07:00:00", "date": "2025-12-01", "hour": 7}}, {"type": "Feature", "geometry": {"type": "Point", "coordinates": [5.5, 54.0]}, "properties": {"value": 10.704, "time": "2025-12-01T07:00:00", "date": "2025-12-01", "hour": 7}}, {"type": "Feature", "geometry": {"type": "Point", "coordinates": [5.75, 54.0]}, "properties": {"value": 10.472, "time": "2025-12-01T07:00:00", "date": "2025-12-01", "hour": 7}}, {"type": "Feature", "geometry": {"type": "Point", "coordinates": [6.0, 54.0]}, "properties": {"value": 10.25, "time": "2025-12-01T07:00:00", "date": "2025-12-01", "hour": 7}}, {"type": "Feature", "geometry": {"type": "Point", "coordinates": [6.25, 54.0]}, "properties": {"value": 9.99, "time": "2025-12-01T07:00:00", "date": "2025-12-01", "hour": 7}}, {"type": "Feature", "geometry": {"type": "Point", "coordinates": [6.5, 54.0]}, "properties": {"value": 9.624, "time": "2025-12-01T07:00:00", "date": "2025-12-01", "hour": 7}}, {"type": "Feature", "geometry": {"type": "Point", "coordinates": [6.75, 54.0]}, "properties": {"value": 9.527, "time": "2025-12-01T07:00:00", "date": "2025-12-01", "hour": 7}}, {"type": "Feature", "geometry": {"type": "Point", "coordinates": [7.0, 54.0]}, "properties": {"value": 9.269, "time": "2025-12-01T07:00:00", "date": "2025-12-01", "hour": 7}}, {"type": "Feature", "geometry": {"type": "Point", "coordinates": [7.25, 54.0]}, "properties": {"value": 8.917, "time": "2025-12-01T07:00:00", "date": "2025-12-01", "hour": 7}}, {"type": "Feature", "geometry": {"type": "Point", "coordinates": [7.5, 54.0]}, "properties": {"value": 9.058, "time": "2025-12-01T07:00:00", "date": "2025-12-01", "hour": 7}}, {"type": "Feature", "geometry": {"type": "Point", "coordinates": [7.75, 54.0]}, "properties": {"value": 9.069, "time": "2025-12-01T07:00:00", "date": "2025-12-01", "hour": 7}}, {"type": "Feature", "geometry": {"type": "Point", "coordinates": [8.0, 54.0]}, "properties": {"value": 8.935, "time": "2025-12-01T07:00:00", "date": "2025-12-01", "hour": 7}}, {"type": "Feature", "geometry": {"type": "Point", "coordinates": [8.25, 54.0]}, "properties": {"value": 8.35, "time": "2025-12-01T07:00:00", "date": "2025-12-01", "hour": 7}}, {"type": "Feature", "geometry": {"type": "Point", "coordinates": [8.5, 54.0]}, "properties": {"value": 6.885, "time": "2025-12-01T07:00:00", "date": "2025-12-01", "hour": 7}}, {"type": "Feature", "geometry": {"type": "Point", "coordinates": [11.25, 54.0]}, "properties": {"value": 6.933, "time": "2025-12-01T07:00:00", "date": "2025-12-01", "hour": 7}}, {"type": "Feature", "geometry": {"type": "Point", "coordinates": [14.0, 54.0]}, "properties": {"value": 5.097, "time": "2025-12-01T07:00:00", "date": "2025-12-01", "hour": 7}}, {"type": "Feature", "geometry": {"type": "Point", "coordinates": [14.25, 54.0]}, "properties": {"value": 5.69, "time": "2025-12-01T07:00:00", "date": "2025-12-01", "hour": 7}}, {"type": "Feature", "geometry": {"type": "Point", "coordinates": [14.5, 54.0]}, "properties": {"value": 5.4, "time": "2025-12-01T07:00:00", "date": "2025-12-01", "hour": 7}}, {"type": "Feature", "geometry": {"type": "Point", "coordinates": [14.75, 54.0]}, "properties": {"value": 5.837, "time": "2025-12-01T07:00:00", "date": "2025-12-01", "hour": 7}}, {"type": "Feature", "geometry": {"type": "Point", "coordinates": [5.0, 54.25]}, "properties": {"value": 11.138, "time": "2025-12-01T07:00:00", "date": "2025-12-01", "hour": 7}}, {"type": "Feature", "geometry": {"type": "Point", "coordinates": [5.25, 54.25]}, "properties": {"value": 11.073, "time": "2025-12-01T07:00:00", "date": "2025-12-01", "hour": 7}}, {"type": "Feature", "geometry": {"type": "Point", "coordinates": [5.5, 54.25]}, "properties": {"value": 11.028, "time": "2025-12-01T07:00:00", "date": "2025-12-01", "hour": 7}}, {"type": "Feature", "geometry": {"type": "Point", "coordinates": [5.75, 54.25]}, "properties": {"value": 10.833, "time": "2025-12-01T07:00:00", "date": "2025-12-01", "hour": 7}}, {"type": "Feature", "geometry": {"type": "Point", "coordinates": [6.0, 54.25]}, "properties": {"value": 10.724, "time": "2025-12-01T07:00:00", "date": "2025-12-01", "hour": 7}}, {"type": "Feature", "geometry": {"type": "Point", "coordinates": [6.25, 54.25]}, "properties": {"value": 10.514, "time": "2025-12-01T07:00:00", "date": "2025-12-01", "hour": 7}}, {"type": "Feature", "geometry": {"type": "Point", "coordinates": [6.5, 54.25]}, "properties": {"value": 10.357, "time": "2025-12-01T07:00:00", "date": "2025-12-01", "hour": 7}}, {"type": "Feature", "geometry": {"type": "Point", "coordinates": [6.75, 54.25]}, "properties": {"value": 10.216, "time": "2025-12-01T07:00:00", "date": "2025-12-01", "hour": 7}}, {"type": "Feature", "geometry": {"type": "Point", "coordinates": [7.0, 54.25]}, "properties": {"value": 9.99, "time": "2025-12-01T07:00:00", "date": "2025-12-01", "hour": 7}}, {"type": "Feature", "geometry": {"type": "Point", "coordinates": [7.25, 54.25]}, "properties": {"value": 9.88, "time": "2025-12-01T07:00:00", "date": "2025-12-01", "hour": 7}}, {"type": "Feature", "geometry": {"type": "Point", "coordinates": [7.5, 54.25]}, "properties": {"value": 9.945, "time": "2025-12-01T07:00:00", "date": "2025-12-01", "hour": 7}}, {"type": "Feature", "geometry": {"type": "Point", "coordinates": [7.75, 54.25]}, "properties": {"value": 9.603, "time": "2025-12-01T07:00:00", "date": "2025-12-01", "hour": 7}}, {"type": "Feature", "geometry": {"type": "Point", "coordinates": [8.0, 54.25]}, "properties": {"value": 9.35, "time": "2025-12-01T07:00:00", "date": "2025-12-01", "hour": 7}}, {"type": "Feature", "geometry": {"type": "Point", "coordinates": [8.25, 54.25]}, "properties": {"value": 7.977, "time": "2025-12-01T07:00:00", "date": "2025-12-01", "hour": 7}}, {"type": "Feature", "geometry": {"type": "Point", "coordinates": [8.5, 54.25]}, "properties": {"value": 6.56, "time": "2025-12-01T07:00:00", "date": "2025-12-01", "hour": 7}}, {"type": "Feature", "geometry": {"type": "Point", "coordinates": [10.75, 54.25]}, "properties": {"value": 7.086, "time": "2025-12-01T07:00:00", "date": "2025-12-01", "hour": 7}}, {"type": "Feature", "geometry": {"type": "Point", "coordinates": [11.25, 54.25]}, "properties": {"value": 7.105, "time": "2025-12-01T07:00:00", "date": "2025-12-01", "hour": 7}}, {"type": "Feature", "geometry": {"type": "Point", "coordinates": [11.75, 54.25]}, "properties": {"value": 7.016, "time": "2025-12-01T07:00:00", "date": "2025-12-01", "hour": 7}}, {"type": "Feature", "geometry": {"type": "Point", "coordinates": [12.25, 54.25]}, "properties": {"value": 6.849, "time": "2025-12-01T07:00:00", "date": "2025-12-01", "hour": 7}}, {"type": "Feature", "geometry": {"type": "Point", "coordinates": [13.75, 54.25]}, "properties": {"value": 5.402, "time": "2025-12-01T07:00:00", "date": "2025-12-01", "hour": 7}}, {"type": "Feature", "geometry": {"type": "Point", "coordinates": [14.0, 54.25]}, "properties": {"value": 5.783, "time": "2025-12-01T07:00:00", "date": "2025-12-01", "hour": 7}}, {"type": "Feature", "geometry": {"type": "Point", "coordinates": [14.25, 54.25]}, "properties": {"value": 6.141, "time": "2025-12-01T07:00:00", "date": "2025-12-01", "hour": 7}}, {"type": "Feature", "geometry": {"type": "Point", "coordinates": [14.5, 54.25]}, "properties": {"value": 6.004, "time": "2025-12-01T07:00:00", "date": "2025-12-01", "hour": 7}}, {"type": "Feature", "geometry": {"type": "Point", "coordinates": [14.75, 54.25]}, "properties": {"value": 6.275, "time": "2025-12-01T07:00:00", "date": "2025-12-01", "hour": 7}}, {"type": "Feature", "geometry": {"type": "Point", "coordinates": [15.0, 54.25]}, "properties": {"value": 6.996, "time": "2025-12-01T07:00:00", "date": "2025-12-01", "hour": 7}}, {"type": "Feature", "geometry": {"type": "Point", "coordinates": [5.0, 54.5]}, "properties": {"value": 11.234, "time": "2025-12-01T07:00:00", "date": "2025-12-01", "hour": 7}}, {"type": "Feature", "geometry": {"type": "Point", "coordinates": [5.25, 54.5]}, "properties": {"value": 11.227, "time": "2025-12-01T07:00:00", "date": "2025-12-01", "hour": 7}}, {"type": "Feature", "geometry": {"type": "Point", "coordinates": [5.5, 54.5]}, "properties": {"value": 11.182, "time": "2025-12-01T07:00:00", "date": "2025-12-01", "hour": 7}}, {"type": "Feature", "geometry": {"type": "Point", "coordinates": [5.75, 54.5]}, "properties": {"value": 11.111, "time": "2025-12-01T07:00:00", "date": "2025-12-01", "hour": 7}}, {"type": "Feature", "geometry": {"type": "Point", "coordinates": [6.0, 54.5]}, "properties": {"value": 10.996, "time": "2025-12-01T07:00:00", "date": "2025-12-01", "hour": 7}}, {"type": "Feature", "geometry": {"type": "Point", "coordinates": [6.25, 54.5]}, "properties": {"value": 10.846, "time": "2025-12-01T07:00:00", "date": "2025-12-01", "hour": 7}}, {"type": "Feature", "geometry": {"type": "Point", "coordinates": [6.5, 54.5]}, "properties": {"value": 10.674, "time": "2025-12-01T07:00:00", "date": "2025-12-01", "hour": 7}}, {"type": "Feature", "geometry": {"type": "Point", "coordinates": [6.75, 54.5]}, "properties": {"value": 10.476, "time": "2025-12-01T07:00:00", "date": "2025-12-01", "hour": 7}}, {"type": "Feature", "geometry": {"type": "Point", "coordinates": [7.0, 54.5]}, "properties": {"value": 10.35, "time": "2025-12-01T07:00:00", "date": "2025-12-01", "hour": 7}}, {"type": "Feature", "geometry": {"type": "Point", "coordinates": [7.25, 54.5]}, "properties": {"value": 10.159, "time": "2025-12-01T07:00:00", "date": "2025-12-01", "hour": 7}}, {"type": "Feature", "geometry": {"type": "Point", "coordinates": [7.5, 54.5]}, "properties": {"value": 10.163, "time": "2025-12-01T07:00:00", "date": "2025-12-01", "hour": 7}}, {"type": "Feature", "geometry": {"type": "Point", "coordinates": [7.75, 54.5]}, "properties": {"value": 9.648, "time": "2025-12-01T07:00:00", "date": "2025-12-01", "hour": 7}}, {"type": "Feature", "geometry": {"type": "Point", "coordinates": [8.0, 54.5]}, "properties": {"value": 8.637, "time": "2025-12-01T07:00:00", "date": "2025-12-01", "hour": 7}}, {"type": "Feature", "geometry": {"type": "Point", "coordinates": [8.25, 54.5]}, "properties": {"value": 7.143, "time": "2025-12-01T07:00:00", "date": "2025-12-01", "hour": 7}}, {"type": "Feature", "geometry": {"type": "Point", "coordinates": [8.5, 54.5]}, "properties": {"value": 5.947, "time": "2025-12-01T07:00:00", "date": "2025-12-01", "hour": 7}}, {"type": "Feature", "geometry": {"type": "Point", "coordinates": [10.5, 54.5]}, "properties": {"value": 7.425, "time": "2025-12-01T07:00:00", "date": "2025-12-01", "hour": 7}}, {"type": "Feature", "geometry": {"type": "Point", "coordinates": [10.75, 54.5]}, "properties": {"value": 7.25, "time": "2025-12-01T07:00:00", "date": "2025-12-01", "hour": 7}}, {"type": "Feature", "geometry": {"type": "Point", "coordinates": [11.0, 54.5]}, "properties": {"value": 6.818, "time": "2025-12-01T07:00:00", "date": "2025-12-01", "hour": 7}}, {"type": "Feature", "geometry": {"type": "Point", "coordinates": [11.25, 54.5]}, "properties": {"value": 6.904, "time": "2025-12-01T07:00:00", "date": "2025-12-01", "hour": 7}}, {"type": "Feature", "geometry": {"type": "Point", "coordinates": [11.5, 54.5]}, "properties": {"value": 6.78, "time": "2025-12-01T07:00:00", "date": "2025-12-01", "hour": 7}}, {"type": "Feature", "geometry": {"type": "Point", "coordinates": [11.75, 54.5]}, "properties": {"value": 7.055, "time": "2025-12-01T07:00:00", "date": "2025-12-01", "hour": 7}}, {"type": "Feature", "geometry": {"type": "Point", "coordinates": [12.0, 54.5]}, "properties": {"value": 7.145, "time": "2025-12-01T07:00:00", "date": "2025-12-01", "hour": 7}}, {"type": "Feature", "geometry": {"type": "Point", "coordinates": [12.25, 54.5]}, "properties": {"value": 7.114, "time": "2025-12-01T07:00:00", "date": "2025-12-01", "hour": 7}}, {"type": "Feature", "geometry": {"type": "Point", "coordinates": [13.0, 54.5]}, "properties": {"value": 7.342, "time": "2025-12-01T07:00:00", "date": "2025-12-01", "hour": 7}}, {"type": "Feature", "geometry": {"type": "Point", "coordinates": [13.25, 54.5]}, "properties": {"value": 6.737, "time": "2025-12-01T07:00:00", "date": "2025-12-01", "hour": 7}}, {"type": "Feature", "geometry": {"type": "Point", "coordinates": [13.5, 54.5]}, "properties": {"value": 6.579, "time": "2025-12-01T07:00:00", "date": "2025-12-01", "hour": 7}}, {"type": "Feature", "geometry": {"type": "Point", "coordinates": [13.75, 54.5]}, "properties": {"value": 6.536, "time": "2025-12-01T07:00:00", "date": "2025-12-01", "hour": 7}}, {"type": "Feature", "geometry": {"type": "Point", "coordinates": [14.0, 54.5]}, "properties": {"value": 6.82, "time": "2025-12-01T07:00:00", "date": "2025-12-01", "hour": 7}}, {"type": "Feature", "geometry": {"type": "Point", "coordinates": [14.25, 54.5]}, "properties": {"value": 6.796, "time": "2025-12-01T07:00:00", "date": "2025-12-01", "hour": 7}}, {"type": "Feature", "geometry": {"type": "Point", "coordinates": [14.5, 54.5]}, "properties": {"value": 6.964, "time": "2025-12-01T07:00:00", "date": "2025-12-01", "hour": 7}}, {"type": "Feature", "geometry": {"type": "Point", "coordinates": [14.75, 54.5]}, "properties": {"value": 7.362, "time": "2025-12-01T07:00:00", "date": "2025-12-01", "hour": 7}}, {"type": "Feature", "geometry": {"type": "Point", "coordinates": [15.0, 54.5]}, "properties": {"value": 8.121, "time": "2025-12-01T07:00:00", "date": "2025-12-01", "hour": 7}}, {"type": "Feature", "geometry": {"type": "Point", "coordinates": [5.0, 54.75]}, "properties": {"value": 11.377, "time": "2025-12-01T07:00:00", "date": "2025-12-01", "hour": 7}}, {"type": "Feature", "geometry": {"type": "Point", "coordinates": [5.25, 54.75]}, "properties": {"value": 11.37, "time": "2025-12-01T07:00:00", "date": "2025-12-01", "hour": 7}}, {"type": "Feature", "geometry": {"type": "Point", "coordinates": [5.5, 54.75]}, "properties": {"value": 11.325, "time": "2025-12-01T07:00:00", "date": "2025-12-01", "hour": 7}}, {"type": "Feature", "geometry": {"type": "Point", "coordinates": [5.75, 54.75]}, "properties": {"value": 11.295, "time": "2025-12-01T07:00:00", "date": "2025-12-01", "hour": 7}}, {"type": "Feature", "geometry": {"type": "Point", "coordinates": [6.0, 54.75]}, "properties": {"value": 11.17, "time": "2025-12-01T07:00:00", "date": "2025-12-01", "hour": 7}}, {"type": "Feature", "geometry": {"type": "Point", "coordinates": [6.25, 54.75]}, "properties": {"value": 11.021, "time": "2025-12-01T07:00:00", "date": "2025-12-01", "hour": 7}}, {"type": "Feature", "geometry": {"type": "Point", "coordinates": [6.5, 54.75]}, "properties": {"value": 10.874, "time": "2025-12-01T07:00:00", "date": "2025-12-01", "hour": 7}}, {"type": "Feature", "geometry": {"type": "Point", "coordinates": [6.75, 54.75]}, "properties": {"value": 10.739, "time": "2025-12-01T07:00:00", "date": "2025-12-01", "hour": 7}}, {"type": "Feature", "geometry": {"type": "Point", "coordinates": [7.0, 54.75]}, "properties": {"value": 10.652, "time": "2025-12-01T07:00:00", "date": "2025-12-01", "hour": 7}}, {"type": "Feature", "geometry": {"type": "Point", "coordinates": [7.25, 54.75]}, "properties": {"value": 10.445, "time": "2025-12-01T07:00:00", "date": "2025-12-01", "hour": 7}}, {"type": "Feature", "geometry": {"type": "Point", "coordinates": [7.5, 54.75]}, "properties": {"value": 10.14, "time": "2025-12-01T07:00:00", "date": "2025-12-01", "hour": 7}}, {"type": "Feature", "geometry": {"type": "Point", "coordinates": [7.75, 54.75]}, "properties": {"value": 9.109, "time": "2025-12-01T07:00:00", "date": "2025-12-01", "hour": 7}}, {"type": "Feature", "geometry": {"type": "Point", "coordinates": [8.0, 54.75]}, "properties": {"value": 8.069, "time": "2025-12-01T07:00:00", "date": "2025-12-01", "hour": 7}}, {"type": "Feature", "geometry": {"type": "Point", "coordinates": [8.25, 54.75]}, "properties": {"value": 6.601, "time": "2025-12-01T07:00:00", "date": "2025-12-01", "hour": 7}}, {"type": "Feature", "geometry": {"type": "Point", "coordinates": [8.5, 54.75]}, "properties": {"value": 5.543, "time": "2025-12-01T07:00:00", "date": "2025-12-01", "hour": 7}}, {"type": "Feature", "geometry": {"type": "Point", "coordinates": [10.25, 54.75]}, "properties": {"value": 7.504, "time": "2025-12-01T07:00:00", "date": "2025-12-01", "hour": 7}}, {"type": "Feature", "geometry": {"type": "Point", "coordinates": [10.5, 54.75]}, "properties": {"value": 7.41, "time": "2025-12-01T07:00:00", "date": "2025-12-01", "hour": 7}}, {"type": "Feature", "geometry": {"type": "Point", "coordinates": [10.75, 54.75]}, "properties": {"value": 7.238, "time": "2025-12-01T07:00:00", "date": "2025-12-01", "hour": 7}}, {"type": "Feature", "geometry": {"type": "Point", "coordinates": [11.0, 54.75]}, "properties": {"value": 6.764, "time": "2025-12-01T07:00:00", "date": "2025-12-01", "hour": 7}}, {"type": "Feature", "geometry": {"type": "Point", "coordinates": [11.25, 54.75]}, "properties": {"value": 6.362, "time": "2025-12-01T07:00:00", "date": "2025-12-01", "hour": 7}}, {"type": "Feature", "geometry": {"type": "Point", "coordinates": [11.5, 54.75]}, "properties": {"value": 6.158, "time": "2025-12-01T07:00:00", "date": "2025-12-01", "hour": 7}}, {"type": "Feature", "geometry": {"type": "Point", "coordinates": [12.0, 54.75]}, "properties": {"value": 6.814, "time": "2025-12-01T07:00:00", "date": "2025-12-01", "hour": 7}}, {"type": "Feature", "geometry": {"type": "Point", "coordinates": [12.25, 54.75]}, "properties": {"value": 7.346, "time": "2025-12-01T07:00:00", "date": "2025-12-01", "hour": 7}}, {"type": "Feature", "geometry": {"type": "Point", "coordinates": [12.5, 54.75]}, "properties": {"value": 7.81, "time": "2025-12-01T07:00:00", "date": "2025-12-01", "hour": 7}}, {"type": "Feature", "geometry": {"type": "Point", "coordinates": [12.75, 54.75]}, "properties": {"value": 7.889, "time": "2025-12-01T07:00:00", "date": "2025-12-01", "hour": 7}}, {"type": "Feature", "geometry": {"type": "Point", "coordinates": [13.0, 54.75]}, "properties": {"value": 7.566, "time": "2025-12-01T07:00:00", "date": "2025-12-01", "hour": 7}}, {"type": "Feature", "geometry": {"type": "Point", "coordinates": [13.25, 54.75]}, "properties": {"value": 7.671, "time": "2025-12-01T07:00:00", "date": "2025-12-01", "hour": 7}}, {"type": "Feature", "geometry": {"type": "Point", "coordinates": [13.5, 54.75]}, "properties": {"value": 7.972, "time": "2025-12-01T07:00:00", "date": "2025-12-01", "hour": 7}}, {"type": "Feature", "geometry": {"type": "Point", "coordinates": [13.75, 54.75]}, "properties": {"value": 7.929, "time": "2025-12-01T07:00:00", "date": "2025-12-01", "hour": 7}}, {"type": "Feature", "geometry": {"type": "Point", "coordinates": [14.0, 54.75]}, "properties": {"value": 7.74, "time": "2025-12-01T07:00:00", "date": "2025-12-01", "hour": 7}}, {"type": "Feature", "geometry": {"type": "Point", "coordinates": [14.25, 54.75]}, "properties": {"value": 7.718, "time": "2025-12-01T07:00:00", "date": "2025-12-01", "hour": 7}}, {"type": "Feature", "geometry": {"type": "Point", "coordinates": [14.5, 54.75]}, "properties": {"value": 8.043, "time": "2025-12-01T07:00:00", "date": "2025-12-01", "hour": 7}}, {"type": "Feature", "geometry": {"type": "Point", "coordinates": [14.75, 54.75]}, "properties": {"value": 8.412, "time": "2025-12-01T07:00:00", "date": "2025-12-01", "hour": 7}}, {"type": "Feature", "geometry": {"type": "Point", "coordinates": [15.0, 54.75]}, "properties": {"value": 8.611, "time": "2025-12-01T07:00:00", "date": "2025-12-01", "hour": 7}}, {"type": "Feature", "geometry": {"type": "Point", "coordinates": [5.0, 55.0]}, "properties": {"value": 11.326, "time": "2025-12-01T07:00:00", "date": "2025-12-01", "hour": 7}}, {"type": "Feature", "geometry": {"type": "Point", "coordinates": [5.25, 55.0]}, "properties": {"value": 11.343, "time": "2025-12-01T07:00:00", "date": "2025-12-01", "hour": 7}}, {"type": "Feature", "geometry": {"type": "Point", "coordinates": [5.5, 55.0]}, "properties": {"value": 11.327, "time": "2025-12-01T07:00:00", "date": "2025-12-01", "hour": 7}}, {"type": "Feature", "geometry": {"type": "Point", "coordinates": [5.75, 55.0]}, "properties": {"value": 11.297, "time": "2025-12-01T07:00:00", "date": "2025-12-01", "hour": 7}}, {"type": "Feature", "geometry": {"type": "Point", "coordinates": [6.0, 55.0]}, "properties": {"value": 11.252, "time": "2025-12-01T07:00:00", "date": "2025-12-01", "hour": 7}}, {"type": "Feature", "geometry": {"type": "Point", "coordinates": [6.25, 55.0]}, "properties": {"value": 11.197, "time": "2025-12-01T07:00:00", "date": "2025-12-01", "hour": 7}}, {"type": "Feature", "geometry": {"type": "Point", "coordinates": [6.5, 55.0]}, "properties": {"value": 11.076, "time": "2025-12-01T07:00:00", "date": "2025-12-01", "hour": 7}}, {"type": "Feature", "geometry": {"type": "Point", "coordinates": [6.75, 55.0]}, "properties": {"value": 10.934, "time": "2025-12-01T07:00:00", "date": "2025-12-01", "hour": 7}}, {"type": "Feature", "geometry": {"type": "Point", "coordinates": [7.0, 55.0]}, "properties": {"value": 10.756, "time": "2025-12-01T07:00:00", "date": "2025-12-01", "hour": 7}}, {"type": "Feature", "geometry": {"type": "Point", "coordinates": [7.25, 55.0]}, "properties": {"value": 10.379, "time": "2025-12-01T07:00:00", "date": "2025-12-01", "hour": 7}}, {"type": "Feature", "geometry": {"type": "Point", "coordinates": [7.5, 55.0]}, "properties": {"value": 10.018, "time": "2025-12-01T07:00:00", "date": "2025-12-01", "hour": 7}}, {"type": "Feature", "geometry": {"type": "Point", "coordinates": [7.75, 55.0]}, "properties": {"value": 8.956, "time": "2025-12-01T07:00:00", "date": "2025-12-01", "hour": 7}}, {"type": "Feature", "geometry": {"type": "Point", "coordinates": [8.0, 55.0]}, "properties": {"value": 7.974, "time": "2025-12-01T07:00:00", "date": "2025-12-01", "hour": 7}}, {"type": "Feature", "geometry": {"type": "Point", "coordinates": [8.25, 55.0]}, "properties": {"value": 6.612, "time": "2025-12-01T07:00:00", "date": "2025-12-01", "hour": 7}}, {"type": "Feature", "geometry": {"type": "Point", "coordinates": [8.5, 55.0]}, "properties": {"value": 5.574, "time": "2025-12-01T07:00:00", "date": "2025-12-01", "hour": 7}}, {"type": "Feature", "geometry": {"type": "Point", "coordinates": [10.25, 55.0]}, "properties": {"value": 6.633, "time": "2025-12-01T07:00:00", "date": "2025-12-01", "hour": 7}}, {"type": "Feature", "geometry": {"type": "Point", "coordinates": [10.5, 55.0]}, "properties": {"value": 6.71, "time": "2025-12-01T07:00:00", "date": "2025-12-01", "hour": 7}}, {"type": "Feature", "geometry": {"type": "Point", "coordinates": [10.75, 55.0]}, "properties": {"value": 6.785, "time": "2025-12-01T07:00:00", "date": "2025-12-01", "hour": 7}}, {"type": "Feature", "geometry": {"type": "Point", "coordinates": [11.0, 55.0]}, "properties": {"value": 6.573, "time": "2025-12-01T07:00:00", "date": "2025-12-01", "hour": 7}}, {"type": "Feature", "geometry": {"type": "Point", "coordinates": [11.25, 55.0]}, "properties": {"value": 6.254, "time": "2025-12-01T07:00:00", "date": "2025-12-01", "hour": 7}}, {"type": "Feature", "geometry": {"type": "Point", "coordinates": [11.5, 55.0]}, "properties": {"value": 6.016, "time": "2025-12-01T07:00:00", "date": "2025-12-01", "hour": 7}}, {"type": "Feature", "geometry": {"type": "Point", "coordinates": [11.75, 55.0]}, "properties": {"value": 5.739, "time": "2025-12-01T07:00:00", "date": "2025-12-01", "hour": 7}}, {"type": "Feature", "geometry": {"type": "Point", "coordinates": [12.0, 55.0]}, "properties": {"value": 6.229, "time": "2025-12-01T07:00:00", "date": "2025-12-01", "hour": 7}}, {"type": "Feature", "geometry": {"type": "Point", "coordinates": [12.25, 55.0]}, "properties": {"value": 6.941, "time": "2025-12-01T07:00:00", "date": "2025-12-01", "hour": 7}}, {"type": "Feature", "geometry": {"type": "Point", "coordinates": [12.5, 55.0]}, "properties": {"value": 7.794, "time": "2025-12-01T07:00:00", "date": "2025-12-01", "hour": 7}}, {"type": "Feature", "geometry": {"type": "Point", "coordinates": [12.75, 55.0]}, "properties": {"value": 8.024, "time": "2025-12-01T07:00:00", "date": "2025-12-01", "hour": 7}}, {"type": "Feature", "geometry": {"type": "Point", "coordinates": [13.0, 55.0]}, "properties": {"value": 8.186, "time": "2025-12-01T07:00:00", "date": "2025-12-01", "hour": 7}}, {"type": "Feature", "geometry": {"type": "Point", "coordinates": [13.25, 55.0]}, "properties": {"value": 8.29, "time": "2025-12-01T07:00:00", "date": "2025-12-01", "hour": 7}}, {"type": "Feature", "geometry": {"type": "Point", "coordinates": [13.5, 55.0]}, "properties": {"value": 8.34, "time": "2025-12-01T07:00:00", "date": "2025-12-01", "hour": 7}}, {"type": "Feature", "geometry": {"type": "Point", "coordinates": [13.75, 55.0]}, "properties": {"value": 8.402, "time": "2025-12-01T07:00:00", "date": "2025-12-01", "hour": 7}}, {"type": "Feature", "geometry": {"type": "Point", "coordinates": [14.0, 55.0]}, "properties": {"value": 8.359, "time": "2025-12-01T07:00:00", "date": "2025-12-01", "hour": 7}}, {"type": "Feature", "geometry": {"type": "Point", "coordinates": [14.25, 55.0]}, "properties": {"value": 8.27, "time": "2025-12-01T07:00:00", "date": "2025-12-01", "hour": 7}}, {"type": "Feature", "geometry": {"type": "Point", "coordinates": [14.5, 55.0]}, "properties": {"value": 8.167, "time": "2025-12-01T07:00:00", "date": "2025-12-01", "hour": 7}}, {"type": "Feature", "geometry": {"type": "Point", "coordinates": [14.75, 55.0]}, "properties": {"value": 8.191, "time": "2025-12-01T07:00:00", "date": "2025-12-01", "hour": 7}}, {"type": "Feature", "geometry": {"type": "Point", "coordinates": [15.0, 55.0]}, "properties": {"value": 8.269, "time": "2025-12-01T07:00:00", "date": "2025-12-01", "hour": 7}}, {"type": "Feature", "geometry": {"type": "Point", "coordinates": [5.25, 52.75]}, "properties": {"value": 5.87, "time": "2025-12-01T08:00:00", "date": "2025-12-01", "hour": 8}}, {"type": "Feature", "geometry": {"type": "Point", "coordinates": [5.5, 52.75]}, "properties": {"value": 5.874, "time": "2025-12-01T08:00:00", "date": "2025-12-01", "hour": 8}}, {"type": "Feature", "geometry": {"type": "Point", "coordinates": [5.0, 53.0]}, "properties": {"value": 7.136, "time": "2025-12-01T08:00:00", "date": "2025-12-01", "hour": 8}}, {"type": "Feature", "geometry": {"type": "Point", "coordinates": [5.25, 53.0]}, "properties": {"value": 6.372, "time": "2025-12-01T08:00:00", "date": "2025-12-01", "hour": 8}}, {"type": "Feature", "geometry": {"type": "Point", "coordinates": [5.5, 53.0]}, "properties": {"value": 5.806, "time": "2025-12-01T08:00:00", "date": "2025-12-01", "hour": 8}}, {"type": "Feature", "geometry": {"type": "Point", "coordinates": [5.0, 53.25]}, "properties": {"value": 8.133, "time": "2025-12-01T08:00:00", "date": "2025-12-01", "hour": 8}}, {"type": "Feature", "geometry": {"type": "Point", "coordinates": [5.25, 53.25]}, "properties": {"value": 7.078, "time": "2025-12-01T08:00:00", "date": "2025-12-01", "hour": 8}}, {"type": "Feature", "geometry": {"type": "Point", "coordinates": [5.5, 53.25]}, "properties": {"value": 6.443, "time": "2025-12-01T08:00:00", "date": "2025-12-01", "hour": 8}}, {"type": "Feature", "geometry": {"type": "Point", "coordinates": [5.0, 53.5]}, "properties": {"value": 9.858, "time": "2025-12-01T08:00:00", "date": "2025-12-01", "hour": 8}}, {"type": "Feature", "geometry": {"type": "Point", "coordinates": [5.25, 53.5]}, "properties": {"value": 9.263, "time": "2025-12-01T08:00:00", "date": "2025-12-01", "hour": 8}}, {"type": "Feature", "geometry": {"type": "Point", "coordinates": [5.5, 53.5]}, "properties": {"value": 9.037, "time": "2025-12-01T08:00:00", "date": "2025-12-01", "hour": 8}}, {"type": "Feature", "geometry": {"type": "Point", "coordinates": [5.75, 53.5]}, "properties": {"value": 8.363, "time": "2025-12-01T08:00:00", "date": "2025-12-01", "hour": 8}}, {"type": "Feature", "geometry": {"type": "Point", "coordinates": [6.0, 53.5]}, "properties": {"value": 7.583, "time": "2025-12-01T08:00:00", "date": "2025-12-01", "hour": 8}}, {"type": "Feature", "geometry": {"type": "Point", "coordinates": [6.25, 53.5]}, "properties": {"value": 6.762, "time": "2025-12-01T08:00:00", "date": "2025-12-01", "hour": 8}}, {"type": "Feature", "geometry": {"type": "Point", "coordinates": [6.5, 53.5]}, "properties": {"value": 6.362, "time": "2025-12-01T08:00:00", "date": "2025-12-01", "hour": 8}}, {"type": "Feature", "geometry": {"type": "Point", "coordinates": [6.75, 53.5]}, "properties": {"value": 5.656, "time": "2025-12-01T08:00:00", "date": "2025-12-01", "hour": 8}}, {"type": "Feature", "geometry": {"type": "Point", "coordinates": [5.0, 53.75]}, "properties": {"value": 10.558, "time": "2025-12-01T08:00:00", "date": "2025-12-01", "hour": 8}}, {"type": "Feature", "geometry": {"type": "Point", "coordinates": [5.25, 53.75]}, "properties": {"value": 10.271, "time": "2025-12-01T08:00:00", "date": "2025-12-01", "hour": 8}}, {"type": "Feature", "geometry": {"type": "Point", "coordinates": [5.5, 53.75]}, "properties": {"value": 10.048, "time": "2025-12-01T08:00:00", "date": "2025-12-01", "hour": 8}}, {"type": "Feature", "geometry": {"type": "Point", "coordinates": [5.75, 53.75]}, "properties": {"value": 9.769, "time": "2025-12-01T08:00:00", "date": "2025-12-01", "hour": 8}}, {"type": "Feature", "geometry": {"type": "Point", "coordinates": [6.0, 53.75]}, "properties": {"value": 9.163, "time": "2025-12-01T08:00:00", "date": "2025-12-01", "hour": 8}}, {"type": "Feature", "geometry": {"type": "Point", "coordinates": [6.25, 53.75]}, "properties": {"value": 8.853, "time": "2025-12-01T08:00:00", "date": "2025-12-01", "hour": 8}}, {"type": "Feature", "geometry": {"type": "Point", "coordinates": [6.5, 53.75]}, "properties": {"value": 8.424, "time": "2025-12-01T08:00:00", "date": "2025-12-01", "hour": 8}}, {"type": "Feature", "geometry": {"type": "Point", "coordinates": [6.75, 53.75]}, "properties": {"value": 7.902, "time": "2025-12-01T08:00:00", "date": "2025-12-01", "hour": 8}}, {"type": "Feature", "geometry": {"type": "Point", "coordinates": [7.0, 53.75]}, "properties": {"value": 8.203, "time": "2025-12-01T08:00:00", "date": "2025-12-01", "hour": 8}}, {"type": "Feature", "geometry": {"type": "Point", "coordinates": [7.25, 53.75]}, "properties": {"value": 7.675, "time": "2025-12-01T08:00:00", "date": "2025-12-01", "hour": 8}}, {"type": "Feature", "geometry": {"type": "Point", "coordinates": [7.5, 53.75]}, "properties": {"value": 7.903, "time": "2025-12-01T08:00:00", "date": "2025-12-01", "hour": 8}}, {"type": "Feature", "geometry": {"type": "Point", "coordinates": [7.75, 53.75]}, "properties": {"value": 7.942, "time": "2025-12-01T08:00:00", "date": "2025-12-01", "hour": 8}}, {"type": "Feature", "geometry": {"type": "Point", "coordinates": [8.0, 53.75]}, "properties": {"value": 7.827, "time": "2025-12-01T08:00:00", "date": "2025-12-01", "hour": 8}}, {"type": "Feature", "geometry": {"type": "Point", "coordinates": [8.25, 53.75]}, "properties": {"value": 7.053, "time": "2025-12-01T08:00:00", "date": "2025-12-01", "hour": 8}}, {"type": "Feature", "geometry": {"type": "Point", "coordinates": [8.5, 53.75]}, "properties": {"value": 6.125, "time": "2025-12-01T08:00:00", "date": "2025-12-01", "hour": 8}}, {"type": "Feature", "geometry": {"type": "Point", "coordinates": [8.75, 53.75]}, "properties": {"value": 6.125, "time": "2025-12-01T08:00:00", "date": "2025-12-01", "hour": 8}}, {"type": "Feature", "geometry": {"type": "Point", "coordinates": [14.25, 53.75]}, "properties": {"value": 3.644, "time": "2025-12-01T08:00:00", "date": "2025-12-01", "hour": 8}}, {"type": "Feature", "geometry": {"type": "Point", "coordinates": [14.5, 53.75]}, "properties": {"value": 3.644, "time": "2025-12-01T08:00:00", "date": "2025-12-01", "hour": 8}}, {"type": "Feature", "geometry": {"type": "Point", "coordinates": [5.0, 54.0]}, "properties": {"value": 10.988, "time": "2025-12-01T08:00:00", "date": "2025-12-01", "hour": 8}}, {"type": "Feature", "geometry": {"type": "Point", "coordinates": [5.25, 54.0]}, "properties": {"value": 10.926, "time": "2025-12-01T08:00:00", "date": "2025-12-01", "hour": 8}}, {"type": "Feature", "geometry": {"type": "Point", "coordinates": [5.5, 54.0]}, "properties": {"value": 10.704, "time": "2025-12-01T08:00:00", "date": "2025-12-01", "hour": 8}}, {"type": "Feature", "geometry": {"type": "Point", "coordinates": [5.75, 54.0]}, "properties": {"value": 10.472, "time": "2025-12-01T08:00:00", "date": "2025-12-01", "hour": 8}}, {"type": "Feature", "geometry": {"type": "Point", "coordinates": [6.0, 54.0]}, "properties": {"value": 10.25, "time": "2025-12-01T08:00:00", "date": "2025-12-01", "hour": 8}}, {"type": "Feature", "geometry": {"type": "Point", "coordinates": [6.25, 54.0]}, "properties": {"value": 9.99, "time": "2025-12-01T08:00:00", "date": "2025-12-01", "hour": 8}}, {"type": "Feature", "geometry": {"type": "Point", "coordinates": [6.5, 54.0]}, "properties": {"value": 9.624, "time": "2025-12-01T08:00:00", "date": "2025-12-01", "hour": 8}}, {"type": "Feature", "geometry": {"type": "Point", "coordinates": [6.75, 54.0]}, "properties": {"value": 9.527, "time": "2025-12-01T08:00:00", "date": "2025-12-01", "hour": 8}}, {"type": "Feature", "geometry": {"type": "Point", "coordinates": [7.0, 54.0]}, "properties": {"value": 9.269, "time": "2025-12-01T08:00:00", "date": "2025-12-01", "hour": 8}}, {"type": "Feature", "geometry": {"type": "Point", "coordinates": [7.25, 54.0]}, "properties": {"value": 8.917, "time": "2025-12-01T08:00:00", "date": "2025-12-01", "hour": 8}}, {"type": "Feature", "geometry": {"type": "Point", "coordinates": [7.5, 54.0]}, "properties": {"value": 9.058, "time": "2025-12-01T08:00:00", "date": "2025-12-01", "hour": 8}}, {"type": "Feature", "geometry": {"type": "Point", "coordinates": [7.75, 54.0]}, "properties": {"value": 9.069, "time": "2025-12-01T08:00:00", "date": "2025-12-01", "hour": 8}}, {"type": "Feature", "geometry": {"type": "Point", "coordinates": [8.0, 54.0]}, "properties": {"value": 8.935, "time": "2025-12-01T08:00:00", "date": "2025-12-01", "hour": 8}}, {"type": "Feature", "geometry": {"type": "Point", "coordinates": [8.25, 54.0]}, "properties": {"value": 8.35, "time": "2025-12-01T08:00:00", "date": "2025-12-01", "hour": 8}}, {"type": "Feature", "geometry": {"type": "Point", "coordinates": [8.5, 54.0]}, "properties": {"value": 6.885, "time": "2025-12-01T08:00:00", "date": "2025-12-01", "hour": 8}}, {"type": "Feature", "geometry": {"type": "Point", "coordinates": [11.25, 54.0]}, "properties": {"value": 6.933, "time": "2025-12-01T08:00:00", "date": "2025-12-01", "hour": 8}}, {"type": "Feature", "geometry": {"type": "Point", "coordinates": [14.0, 54.0]}, "properties": {"value": 5.097, "time": "2025-12-01T08:00:00", "date": "2025-12-01", "hour": 8}}, {"type": "Feature", "geometry": {"type": "Point", "coordinates": [14.25, 54.0]}, "properties": {"value": 5.69, "time": "2025-12-01T08:00:00", "date": "2025-12-01", "hour": 8}}, {"type": "Feature", "geometry": {"type": "Point", "coordinates": [14.5, 54.0]}, "properties": {"value": 5.4, "time": "2025-12-01T08:00:00", "date": "2025-12-01", "hour": 8}}, {"type": "Feature", "geometry": {"type": "Point", "coordinates": [14.75, 54.0]}, "properties": {"value": 5.837, "time": "2025-12-01T08:00:00", "date": "2025-12-01", "hour": 8}}, {"type": "Feature", "geometry": {"type": "Point", "coordinates": [5.0, 54.25]}, "properties": {"value": 11.138, "time": "2025-12-01T08:00:00", "date": "2025-12-01", "hour": 8}}, {"type": "Feature", "geometry": {"type": "Point", "coordinates": [5.25, 54.25]}, "properties": {"value": 11.073, "time": "2025-12-01T08:00:00", "date": "2025-12-01", "hour": 8}}, {"type": "Feature", "geometry": {"type": "Point", "coordinates": [5.5, 54.25]}, "properties": {"value": 11.028, "time": "2025-12-01T08:00:00", "date": "2025-12-01", "hour": 8}}, {"type": "Feature", "geometry": {"type": "Point", "coordinates": [5.75, 54.25]}, "properties": {"value": 10.833, "time": "2025-12-01T08:00:00", "date": "2025-12-01", "hour": 8}}, {"type": "Feature", "geometry": {"type": "Point", "coordinates": [6.0, 54.25]}, "properties": {"value": 10.724, "time": "2025-12-01T08:00:00", "date": "2025-12-01", "hour": 8}}, {"type": "Feature", "geometry": {"type": "Point", "coordinates": [6.25, 54.25]}, "properties": {"value": 10.514, "time": "2025-12-01T08:00:00", "date": "2025-12-01", "hour": 8}}, {"type": "Feature", "geometry": {"type": "Point", "coordinates": [6.5, 54.25]}, "properties": {"value": 10.357, "time": "2025-12-01T08:00:00", "date": "2025-12-01", "hour": 8}}, {"type": "Feature", "geometry": {"type": "Point", "coordinates": [6.75, 54.25]}, "properties": {"value": 10.216, "time": "2025-12-01T08:00:00", "date": "2025-12-01", "hour": 8}}, {"type": "Feature", "geometry": {"type": "Point", "coordinates": [7.0, 54.25]}, "properties": {"value": 9.99, "time": "2025-12-01T08:00:00", "date": "2025-12-01", "hour": 8}}, {"type": "Feature", "geometry": {"type": "Point", "coordinates": [7.25, 54.25]}, "properties": {"value": 9.88, "time": "2025-12-01T08:00:00", "date": "2025-12-01", "hour": 8}}, {"type": "Feature", "geometry": {"type": "Point", "coordinates": [7.5, 54.25]}, "properties": {"value": 9.945, "time": "2025-12-01T08:00:00", "date": "2025-12-01", "hour": 8}}, {"type": "Feature", "geometry": {"type": "Point", "coordinates": [7.75, 54.25]}, "properties": {"value": 9.603, "time": "2025-12-01T08:00:00", "date": "2025-12-01", "hour": 8}}, {"type": "Feature", "geometry": {"type": "Point", "coordinates": [8.0, 54.25]}, "properties": {"value": 9.35, "time": "2025-12-01T08:00:00", "date": "2025-12-01", "hour": 8}}, {"type": "Feature", "geometry": {"type": "Point", "coordinates": [8.25, 54.25]}, "properties": {"value": 7.977, "time": "2025-12-01T08:00:00", "date": "2025-12-01", "hour": 8}}, {"type": "Feature", "geometry": {"type": "Point", "coordinates": [8.5, 54.25]}, "properties": {"value": 6.56, "time": "2025-12-01T08:00:00", "date": "2025-12-01", "hour": 8}}, {"type": "Feature", "geometry": {"type": "Point", "coordinates": [10.75, 54.25]}, "properties": {"value": 7.086, "time": "2025-12-01T08:00:00", "date": "2025-12-01", "hour": 8}}, {"type": "Feature", "geometry": {"type": "Point", "coordinates": [11.25, 54.25]}, "properties": {"value": 7.105, "time": "2025-12-01T08:00:00", "date": "2025-12-01", "hour": 8}}, {"type": "Feature", "geometry": {"type": "Point", "coordinates": [11.75, 54.25]}, "properties": {"value": 7.016, "time": "2025-12-01T08:00:00", "date": "2025-12-01", "hour": 8}}, {"type": "Feature", "geometry": {"type": "Point", "coordinates": [12.25, 54.25]}, "properties": {"value": 6.849, "time": "2025-12-01T08:00:00", "date": "2025-12-01", "hour": 8}}, {"type": "Feature", "geometry": {"type": "Point", "coordinates": [13.75, 54.25]}, "properties": {"value": 5.402, "time": "2025-12-01T08:00:00", "date": "2025-12-01", "hour": 8}}, {"type": "Feature", "geometry": {"type": "Point", "coordinates": [14.0, 54.25]}, "properties": {"value": 5.783, "time": "2025-12-01T08:00:00", "date": "2025-12-01", "hour": 8}}, {"type": "Feature", "geometry": {"type": "Point", "coordinates": [14.25, 54.25]}, "properties": {"value": 6.141, "time": "2025-12-01T08:00:00", "date": "2025-12-01", "hour": 8}}, {"type": "Feature", "geometry": {"type": "Point", "coordinates": [14.5, 54.25]}, "properties": {"value": 6.004, "time": "2025-12-01T08:00:00", "date": "2025-12-01", "hour": 8}}, {"type": "Feature", "geometry": {"type": "Point", "coordinates": [14.75, 54.25]}, "properties": {"value": 6.275, "time": "2025-12-01T08:00:00", "date": "2025-12-01", "hour": 8}}, {"type": "Feature", "geometry": {"type": "Point", "coordinates": [15.0, 54.25]}, "properties": {"value": 6.996, "time": "2025-12-01T08:00:00", "date": "2025-12-01", "hour": 8}}, {"type": "Feature", "geometry": {"type": "Point", "coordinates": [5.0, 54.5]}, "properties": {"value": 11.234, "time": "2025-12-01T08:00:00", "date": "2025-12-01", "hour": 8}}, {"type": "Feature", "geometry": {"type": "Point", "coordinates": [5.25, 54.5]}, "properties": {"value": 11.227, "time": "2025-12-01T08:00:00", "date": "2025-12-01", "hour": 8}}, {"type": "Feature", "geometry": {"type": "Point", "coordinates": [5.5, 54.5]}, "properties": {"value": 11.182, "time": "2025-12-01T08:00:00", "date": "2025-12-01", "hour": 8}}, {"type": "Feature", "geometry": {"type": "Point", "coordinates": [5.75, 54.5]}, "properties": {"value": 11.111, "time": "2025-12-01T08:00:00", "date": "2025-12-01", "hour": 8}}, {"type": "Feature", "geometry": {"type": "Point", "coordinates": [6.0, 54.5]}, "properties": {"value": 10.996, "time": "2025-12-01T08:00:00", "date": "2025-12-01", "hour": 8}}, {"type": "Feature", "geometry": {"type": "Point", "coordinates": [6.25, 54.5]}, "properties": {"value": 10.846, "time": "2025-12-01T08:00:00", "date": "2025-12-01", "hour": 8}}, {"type": "Feature", "geometry": {"type": "Point", "coordinates": [6.5, 54.5]}, "properties": {"value": 10.674, "time": "2025-12-01T08:00:00", "date": "2025-12-01", "hour": 8}}, {"type": "Feature", "geometry": {"type": "Point", "coordinates": [6.75, 54.5]}, "properties": {"value": 10.476, "time": "2025-12-01T08:00:00", "date": "2025-12-01", "hour": 8}}, {"type": "Feature", "geometry": {"type": "Point", "coordinates": [7.0, 54.5]}, "properties": {"value": 10.35, "time": "2025-12-01T08:00:00", "date": "2025-12-01", "hour": 8}}, {"type": "Feature", "geometry": {"type": "Point", "coordinates": [7.25, 54.5]}, "properties": {"value": 10.159, "time": "2025-12-01T08:00:00", "date": "2025-12-01", "hour": 8}}, {"type": "Feature", "geometry": {"type": "Point", "coordinates": [7.5, 54.5]}, "properties": {"value": 10.163, "time": "2025-12-01T08:00:00", "date": "2025-12-01", "hour": 8}}, {"type": "Feature", "geometry": {"type": "Point", "coordinates": [7.75, 54.5]}, "properties": {"value": 9.648, "time": "2025-12-01T08:00:00", "date": "2025-12-01", "hour": 8}}, {"type": "Feature", "geometry": {"type": "Point", "coordinates": [8.0, 54.5]}, "properties": {"value": 8.637, "time": "2025-12-01T08:00:00", "date": "2025-12-01", "hour": 8}}, {"type": "Feature", "geometry": {"type": "Point", "coordinates": [8.25, 54.5]}, "properties": {"value": 7.143, "time": "2025-12-01T08:00:00", "date": "2025-12-01", "hour": 8}}, {"type": "Feature", "geometry": {"type": "Point", "coordinates": [8.5, 54.5]}, "properties": {"value": 5.947, "time": "2025-12-01T08:00:00", "date": "2025-12-01", "hour": 8}}, {"type": "Feature", "geometry": {"type": "Point", "coordinates": [10.5, 54.5]}, "properties": {"value": 7.425, "time": "2025-12-01T08:00:00", "date": "2025-12-01", "hour": 8}}, {"type": "Feature", "geometry": {"type": "Point", "coordinates": [10.75, 54.5]}, "properties": {"value": 7.25, "time": "2025-12-01T08:00:00", "date": "2025-12-01", "hour": 8}}, {"type": "Feature", "geometry": {"type": "Point", "coordinates": [11.0, 54.5]}, "properties": {"value": 6.818, "time": "2025-12-01T08:00:00", "date": "2025-12-01", "hour": 8}}, {"type": "Feature", "geometry": {"type": "Point", "coordinates": [11.25, 54.5]}, "properties": {"value": 6.904, "time": "2025-12-01T08:00:00", "date": "2025-12-01", "hour": 8}}, {"type": "Feature", "geometry": {"type": "Point", "coordinates": [11.5, 54.5]}, "properties": {"value": 6.78, "time": "2025-12-01T08:00:00", "date": "2025-12-01", "hour": 8}}, {"type": "Feature", "geometry": {"type": "Point", "coordinates": [11.75, 54.5]}, "properties": {"value": 7.055, "time": "2025-12-01T08:00:00", "date": "2025-12-01", "hour": 8}}, {"type": "Feature", "geometry": {"type": "Point", "coordinates": [12.0, 54.5]}, "properties": {"value": 7.145, "time": "2025-12-01T08:00:00", "date": "2025-12-01", "hour": 8}}, {"type": "Feature", "geometry": {"type": "Point", "coordinates": [12.25, 54.5]}, "properties": {"value": 7.114, "time": "2025-12-01T08:00:00", "date": "2025-12-01", "hour": 8}}, {"type": "Feature", "geometry": {"type": "Point", "coordinates": [13.0, 54.5]}, "properties": {"value": 7.342, "time": "2025-12-01T08:00:00", "date": "2025-12-01", "hour": 8}}, {"type": "Feature", "geometry": {"type": "Point", "coordinates": [13.25, 54.5]}, "properties": {"value": 6.737, "time": "2025-12-01T08:00:00", "date": "2025-12-01", "hour": 8}}, {"type": "Feature", "geometry": {"type": "Point", "coordinates": [13.5, 54.5]}, "properties": {"value": 6.579, "time": "2025-12-01T08:00:00", "date": "2025-12-01", "hour": 8}}, {"type": "Feature", "geometry": {"type": "Point", "coordinates": [13.75, 54.5]}, "properties": {"value": 6.536, "time": "2025-12-01T08:00:00", "date": "2025-12-01", "hour": 8}}, {"type": "Feature", "geometry": {"type": "Point", "coordinates": [14.0, 54.5]}, "properties": {"value": 6.82, "time": "2025-12-01T08:00:00", "date": "2025-12-01", "hour": 8}}, {"type": "Feature", "geometry": {"type": "Point", "coordinates": [14.25, 54.5]}, "properties": {"value": 6.796, "time": "2025-12-01T08:00:00", "date": "2025-12-01", "hour": 8}}, {"type": "Feature", "geometry": {"type": "Point", "coordinates": [14.5, 54.5]}, "properties": {"value": 6.964, "time": "2025-12-01T08:00:00", "date": "2025-12-01", "hour": 8}}, {"type": "Feature", "geometry": {"type": "Point", "coordinates": [14.75, 54.5]}, "properties": {"value": 7.362, "time": "2025-12-01T08:00:00", "date": "2025-12-01", "hour": 8}}, {"type": "Feature", "geometry": {"type": "Point", "coordinates": [15.0, 54.5]}, "properties": {"value": 8.121, "time": "2025-12-01T08:00:00", "date": "2025-12-01", "hour": 8}}, {"type": "Feature", "geometry": {"type": "Point", "coordinates": [5.0, 54.75]}, "properties": {"value": 11.377, "time": "2025-12-01T08:00:00", "date": "2025-12-01", "hour": 8}}, {"type": "Feature", "geometry": {"type": "Point", "coordinates": [5.25, 54.75]}, "properties": {"value": 11.37, "time": "2025-12-01T08:00:00", "date": "2025-12-01", "hour": 8}}, {"type": "Feature", "geometry": {"type": "Point", "coordinates": [5.5, 54.75]}, "properties": {"value": 11.325, "time": "2025-12-01T08:00:00", "date": "2025-12-01", "hour": 8}}, {"type": "Feature", "geometry": {"type": "Point", "coordinates": [5.75, 54.75]}, "properties": {"value": 11.295, "time": "2025-12-01T08:00:00", "date": "2025-12-01", "hour": 8}}, {"type": "Feature", "geometry": {"type": "Point", "coordinates": [6.0, 54.75]}, "properties": {"value": 11.17, "time": "2025-12-01T08:00:00", "date": "2025-12-01", "hour": 8}}, {"type": "Feature", "geometry": {"type": "Point", "coordinates": [6.25, 54.75]}, "properties": {"value": 11.021, "time": "2025-12-01T08:00:00", "date": "2025-12-01", "hour": 8}}, {"type": "Feature", "geometry": {"type": "Point", "coordinates": [6.5, 54.75]}, "properties": {"value": 10.874, "time": "2025-12-01T08:00:00", "date": "2025-12-01", "hour": 8}}, {"type": "Feature", "geometry": {"type": "Point", "coordinates": [6.75, 54.75]}, "properties": {"value": 10.739, "time": "2025-12-01T08:00:00", "date": "2025-12-01", "hour": 8}}, {"type": "Feature", "geometry": {"type": "Point", "coordinates": [7.0, 54.75]}, "properties": {"value": 10.652, "time": "2025-12-01T08:00:00", "date": "2025-12-01", "hour": 8}}, {"type": "Feature", "geometry": {"type": "Point", "coordinates": [7.25, 54.75]}, "properties": {"value": 10.445, "time": "2025-12-01T08:00:00", "date": "2025-12-01", "hour": 8}}, {"type": "Feature", "geometry": {"type": "Point", "coordinates": [7.5, 54.75]}, "properties": {"value": 10.14, "time": "2025-12-01T08:00:00", "date": "2025-12-01", "hour": 8}}, {"type": "Feature", "geometry": {"type": "Point", "coordinates": [7.75, 54.75]}, "properties": {"value": 9.109, "time": "2025-12-01T08:00:00", "date": "2025-12-01", "hour": 8}}, {"type": "Feature", "geometry": {"type": "Point", "coordinates": [8.0, 54.75]}, "properties": {"value": 8.069, "time": "2025-12-01T08:00:00", "date": "2025-12-01", "hour": 8}}, {"type": "Feature", "geometry": {"type": "Point", "coordinates": [8.25, 54.75]}, "properties": {"value": 6.601, "time": "2025-12-01T08:00:00", "date": "2025-12-01", "hour": 8}}, {"type": "Feature", "geometry": {"type": "Point", "coordinates": [8.5, 54.75]}, "properties": {"value": 5.543, "time": "2025-12-01T08:00:00", "date": "2025-12-01", "hour": 8}}, {"type": "Feature", "geometry": {"type": "Point", "coordinates": [10.25, 54.75]}, "properties": {"value": 7.504, "time": "2025-12-01T08:00:00", "date": "2025-12-01", "hour": 8}}, {"type": "Feature", "geometry": {"type": "Point", "coordinates": [10.5, 54.75]}, "properties": {"value": 7.41, "time": "2025-12-01T08:00:00", "date": "2025-12-01", "hour": 8}}, {"type": "Feature", "geometry": {"type": "Point", "coordinates": [10.75, 54.75]}, "properties": {"value": 7.238, "time": "2025-12-01T08:00:00", "date": "2025-12-01", "hour": 8}}, {"type": "Feature", "geometry": {"type": "Point", "coordinates": [11.0, 54.75]}, "properties": {"value": 6.764, "time": "2025-12-01T08:00:00", "date": "2025-12-01", "hour": 8}}, {"type": "Feature", "geometry": {"type": "Point", "coordinates": [11.25, 54.75]}, "properties": {"value": 6.362, "time": "2025-12-01T08:00:00", "date": "2025-12-01", "hour": 8}}, {"type": "Feature", "geometry": {"type": "Point", "coordinates": [11.5, 54.75]}, "properties": {"value": 6.158, "time": "2025-12-01T08:00:00", "date": "2025-12-01", "hour": 8}}, {"type": "Feature", "geometry": {"type": "Point", "coordinates": [12.0, 54.75]}, "properties": {"value": 6.814, "time": "2025-12-01T08:00:00", "date": "2025-12-01", "hour": 8}}, {"type": "Feature", "geometry": {"type": "Point", "coordinates": [12.25, 54.75]}, "properties": {"value": 7.346, "time": "2025-12-01T08:00:00", "date": "2025-12-01", "hour": 8}}, {"type": "Feature", "geometry": {"type": "Point", "coordinates": [12.5, 54.75]}, "properties": {"value": 7.81, "time": "2025-12-01T08:00:00", "date": "2025-12-01", "hour": 8}}, {"type": "Feature", "geometry": {"type": "Point", "coordinates": [12.75, 54.75]}, "properties": {"value": 7.889, "time": "2025-12-01T08:00:00", "date": "2025-12-01", "hour": 8}}, {"type": "Feature", "geometry": {"type": "Point", "coordinates": [13.0, 54.75]}, "properties": {"value": 7.566, "time": "2025-12-01T08:00:00", "date": "2025-12-01", "hour": 8}}, {"type": "Feature", "geometry": {"type": "Point", "coordinates": [13.25, 54.75]}, "properties": {"value": 7.671, "time": "2025-12-01T08:00:00", "date": "2025-12-01", "hour": 8}}, {"type": "Feature", "geometry": {"type": "Point", "coordinates": [13.5, 54.75]}, "properties": {"value": 7.972, "time": "2025-12-01T08:00:00", "date": "2025-12-01", "hour": 8}}, {"type": "Feature", "geometry": {"type": "Point", "coordinates": [13.75, 54.75]}, "properties": {"value": 7.929, "time": "2025-12-01T08:00:00", "date": "2025-12-01", "hour": 8}}, {"type": "Feature", "geometry": {"type": "Point", "coordinates": [14.0, 54.75]}, "properties": {"value": 7.74, "time": "2025-12-01T08:00:00", "date": "2025-12-01", "hour": 8}}, {"type": "Feature", "geometry": {"type": "Point", "coordinates": [14.25, 54.75]}, "properties": {"value": 7.718, "time": "2025-12-01T08:00:00", "date": "2025-12-01", "hour": 8}}, {"type": "Feature", "geometry": {"type": "Point", "coordinates": [14.5, 54.75]}, "properties": {"value": 8.043, "time": "2025-12-01T08:00:00", "date": "2025-12-01", "hour": 8}}, {"type": "Feature", "geometry": {"type": "Point", "coordinates": [14.75, 54.75]}, "properties": {"value": 8.412, "time": "2025-12-01T08:00:00", "date": "2025-12-01", "hour": 8}}, {"type": "Feature", "geometry": {"type": "Point", "coordinates": [15.0, 54.75]}, "properties": {"value": 8.611, "time": "2025-12-01T08:00:00", "date": "2025-12-01", "hour": 8}}, {"type": "Feature", "geometry": {"type": "Point", "coordinates": [5.0, 55.0]}, "properties": {"value": 11.326, "time": "2025-12-01T08:00:00", "date": "2025-12-01", "hour": 8}}, {"type": "Feature", "geometry": {"type": "Point", "coordinates": [5.25, 55.0]}, "properties": {"value": 11.343, "time": "2025-12-01T08:00:00", "date": "2025-12-01", "hour": 8}}, {"type": "Feature", "geometry": {"type": "Point", "coordinates": [5.5, 55.0]}, "properties": {"value": 11.327, "time": "2025-12-01T08:00:00", "date": "2025-12-01", "hour": 8}}, {"type": "Feature", "geometry": {"type": "Point", "coordinates": [5.75, 55.0]}, "properties": {"value": 11.297, "time": "2025-12-01T08:00:00", "date": "2025-12-01", "hour": 8}}, {"type": "Feature", "geometry": {"type": "Point", "coordinates": [6.0, 55.0]}, "properties": {"value": 11.252, "time": "2025-12-01T08:00:00", "date": "2025-12-01", "hour": 8}}, {"type": "Feature", "geometry": {"type": "Point", "coordinates": [6.25, 55.0]}, "properties": {"value": 11.197, "time": "2025-12-01T08:00:00", "date": "2025-12-01", "hour": 8}}, {"type": "Feature", "geometry": {"type": "Point", "coordinates": [6.5, 55.0]}, "properties": {"value": 11.076, "time": "2025-12-01T08:00:00", "date": "2025-12-01", "hour": 8}}, {"type": "Feature", "geometry": {"type": "Point", "coordinates": [6.75, 55.0]}, "properties": {"value": 10.934, "time": "2025-12-01T08:00:00", "date": "2025-12-01", "hour": 8}}, {"type": "Feature", "geometry": {"type": "Point", "coordinates": [7.0, 55.0]}, "properties": {"value": 10.756, "time": "2025-12-01T08:00:00", "date": "2025-12-01", "hour": 8}}, {"type": "Feature", "geometry": {"type": "Point", "coordinates": [7.25, 55.0]}, "properties": {"value": 10.379, "time": "2025-12-01T08:00:00", "date": "2025-12-01", "hour": 8}}, {"type": "Feature", "geometry": {"type": "Point", "coordinates": [7.5, 55.0]}, "properties": {"value": 10.018, "time": "2025-12-01T08:00:00", "date": "2025-12-01", "hour": 8}}, {"type": "Feature", "geometry": {"type": "Point", "coordinates": [7.75, 55.0]}, "properties": {"value": 8.956, "time": "2025-12-01T08:00:00", "date": "2025-12-01", "hour": 8}}, {"type": "Feature", "geometry": {"type": "Point", "coordinates": [8.0, 55.0]}, "properties": {"value": 7.974, "time": "2025-12-01T08:00:00", "date": "2025-12-01", "hour": 8}}, {"type": "Feature", "geometry": {"type": "Point", "coordinates": [8.25, 55.0]}, "properties": {"value": 6.612, "time": "2025-12-01T08:00:00", "date": "2025-12-01", "hour": 8}}, {"type": "Feature", "geometry": {"type": "Point", "coordinates": [8.5, 55.0]}, "properties": {"value": 5.574, "time": "2025-12-01T08:00:00", "date": "2025-12-01", "hour": 8}}, {"type": "Feature", "geometry": {"type": "Point", "coordinates": [10.25, 55.0]}, "properties": {"value": 6.633, "time": "2025-12-01T08:00:00", "date": "2025-12-01", "hour": 8}}, {"type": "Feature", "geometry": {"type": "Point", "coordinates": [10.5, 55.0]}, "properties": {"value": 6.71, "time": "2025-12-01T08:00:00", "date": "2025-12-01", "hour": 8}}, {"type": "Feature", "geometry": {"type": "Point", "coordinates": [10.75, 55.0]}, "properties": {"value": 6.785, "time": "2025-12-01T08:00:00", "date": "2025-12-01", "hour": 8}}, {"type": "Feature", "geometry": {"type": "Point", "coordinates": [11.0, 55.0]}, "properties": {"value": 6.573, "time": "2025-12-01T08:00:00", "date": "2025-12-01", "hour": 8}}, {"type": "Feature", "geometry": {"type": "Point", "coordinates": [11.25, 55.0]}, "properties": {"value": 6.254, "time": "2025-12-01T08:00:00", "date": "2025-12-01", "hour": 8}}, {"type": "Feature", "geometry": {"type": "Point", "coordinates": [11.5, 55.0]}, "properties": {"value": 6.016, "time": "2025-12-01T08:00:00", "date": "2025-12-01", "hour": 8}}, {"type": "Feature", "geometry": {"type": "Point", "coordinates": [11.75, 55.0]}, "properties": {"value": 5.739, "time": "2025-12-01T08:00:00", "date": "2025-12-01", "hour": 8}}, {"type": "Feature", "geometry": {"type": "Point", "coordinates": [12.0, 55.0]}, "properties": {"value": 6.229, "time": "2025-12-01T08:00:00", "date": "2025-12-01", "hour": 8}}, {"type": "Feature", "geometry": {"type": "Point", "coordinates": [12.25, 55.0]}, "properties": {"value": 6.941, "time": "2025-12-01T08:00:00", "date": "2025-12-01", "hour": 8}}, {"type": "Feature", "geometry": {"type": "Point", "coordinates": [12.5, 55.0]}, "properties": {"value": 7.794, "time": "2025-12-01T08:00:00", "date": "2025-12-01", "hour": 8}}, {"type": "Feature", "geometry": {"type": "Point", "coordinates": [12.75, 55.0]}, "properties": {"value": 8.024, "time": "2025-12-01T08:00:00", "date": "2025-12-01", "hour": 8}}, {"type": "Feature", "geometry": {"type": "Point", "coordinates": [13.0, 55.0]}, "properties": {"value": 8.186, "time": "2025-12-01T08:00:00", "date": "2025-12-01", "hour": 8}}, {"type": "Feature", "geometry": {"type": "Point", "coordinates": [13.25, 55.0]}, "properties": {"value": 8.29, "time": "2025-12-01T08:00:00", "date": "2025-12-01", "hour": 8}}, {"type": "Feature", "geometry": {"type": "Point", "coordinates": [13.5, 55.0]}, "properties": {"value": 8.34, "time": "2025-12-01T08:00:00", "date": "2025-12-01", "hour": 8}}, {"type": "Feature", "geometry": {"type": "Point", "coordinates": [13.75, 55.0]}, "properties": {"value": 8.402, "time": "2025-12-01T08:00:00", "date": "2025-12-01", "hour": 8}}, {"type": "Feature", "geometry": {"type": "Point", "coordinates": [14.0, 55.0]}, "properties": {"value": 8.359, "time": "2025-12-01T08:00:00", "date": "2025-12-01", "hour": 8}}, {"type": "Feature", "geometry": {"type": "Point", "coordinates": [14.25, 55.0]}, "properties": {"value": 8.27, "time": "2025-12-01T08:00:00", "date": "2025-12-01", "hour": 8}}, {"type": "Feature", "geometry": {"type": "Point", "coordinates": [14.5, 55.0]}, "properties": {"value": 8.167, "time": "2025-12-01T08:00:00", "date": "2025-12-01", "hour": 8}}, {"type": "Feature", "geometry": {"type": "Point", "coordinates": [14.75, 55.0]}, "properties": {"value": 8.191, "time": "2025-12-01T08:00:00", "date": "2025-12-01", "hour": 8}}, {"type": "Feature", "geometry": {"type": "Point", "coordinates": [15.0, 55.0]}, "properties": {"value": 8.269, "time": "2025-12-01T08:00:00", "date": "2025-12-01", "hour": 8}}, {"type": "Feature", "geometry": {"type": "Point", "coordinates": [5.25, 52.75]}, "properties": {"value": 5.87, "time": "2025-12-01T09:00:00", "date": "2025-12-01", "hour": 9}}, {"type": "Feature", "geometry": {"type": "Point", "coordinates": [5.5, 52.75]}, "properties": {"value": 5.874, "time": "2025-12-01T09:00:00", "date": "2025-12-01", "hour": 9}}, {"type": "Feature", "geometry": {"type": "Point", "coordinates": [5.0, 53.0]}, "properties": {"value": 7.136, "time": "2025-12-01T09:00:00", "date": "2025-12-01", "hour": 9}}, {"type": "Feature", "geometry": {"type": "Point", "coordinates": [5.25, 53.0]}, "properties": {"value": 6.372, "time": "2025-12-01T09:00:00", "date": "2025-12-01", "hour": 9}}, {"type": "Feature", "geometry": {"type": "Point", "coordinates": [5.5, 53.0]}, "properties": {"value": 5.806, "time": "2025-12-01T09:00:00", "date": "2025-12-01", "hour": 9}}, {"type": "Feature", "geometry": {"type": "Point", "coordinates": [5.0, 53.25]}, "properties": {"value": 8.133, "time": "2025-12-01T09:00:00", "date": "2025-12-01", "hour": 9}}, {"type": "Feature", "geometry": {"type": "Point", "coordinates": [5.25, 53.25]}, "properties": {"value": 7.078, "time": "2025-12-01T09:00:00", "date": "2025-12-01", "hour": 9}}, {"type": "Feature", "geometry": {"type": "Point", "coordinates": [5.5, 53.25]}, "properties": {"value": 6.443, "time": "2025-12-01T09:00:00", "date": "2025-12-01", "hour": 9}}, {"type": "Feature", "geometry": {"type": "Point", "coordinates": [5.0, 53.5]}, "properties": {"value": 9.858, "time": "2025-12-01T09:00:00", "date": "2025-12-01", "hour": 9}}, {"type": "Feature", "geometry": {"type": "Point", "coordinates": [5.25, 53.5]}, "properties": {"value": 9.263, "time": "2025-12-01T09:00:00", "date": "2025-12-01", "hour": 9}}, {"type": "Feature", "geometry": {"type": "Point", "coordinates": [5.5, 53.5]}, "properties": {"value": 9.037, "time": "2025-12-01T09:00:00", "date": "2025-12-01", "hour": 9}}, {"type": "Feature", "geometry": {"type": "Point", "coordinates": [5.75, 53.5]}, "properties": {"value": 8.363, "time": "2025-12-01T09:00:00", "date": "2025-12-01", "hour": 9}}, {"type": "Feature", "geometry": {"type": "Point", "coordinates": [6.0, 53.5]}, "properties": {"value": 7.583, "time": "2025-12-01T09:00:00", "date": "2025-12-01", "hour": 9}}, {"type": "Feature", "geometry": {"type": "Point", "coordinates": [6.25, 53.5]}, "properties": {"value": 6.762, "time": "2025-12-01T09:00:00", "date": "2025-12-01", "hour": 9}}, {"type": "Feature", "geometry": {"type": "Point", "coordinates": [6.5, 53.5]}, "properties": {"value": 6.362, "time": "2025-12-01T09:00:00", "date": "2025-12-01", "hour": 9}}, {"type": "Feature", "geometry": {"type": "Point", "coordinates": [6.75, 53.5]}, "properties": {"value": 5.656, "time": "2025-12-01T09:00:00", "date": "2025-12-01", "hour": 9}}, {"type": "Feature", "geometry": {"type": "Point", "coordinates": [5.0, 53.75]}, "properties": {"value": 10.558, "time": "2025-12-01T09:00:00", "date": "2025-12-01", "hour": 9}}, {"type": "Feature", "geometry": {"type": "Point", "coordinates": [5.25, 53.75]}, "properties": {"value": 10.271, "time": "2025-12-01T09:00:00", "date": "2025-12-01", "hour": 9}}, {"type": "Feature", "geometry": {"type": "Point", "coordinates": [5.5, 53.75]}, "properties": {"value": 10.048, "time": "2025-12-01T09:00:00", "date": "2025-12-01", "hour": 9}}, {"type": "Feature", "geometry": {"type": "Point", "coordinates": [5.75, 53.75]}, "properties": {"value": 9.769, "time": "2025-12-01T09:00:00", "date": "2025-12-01", "hour": 9}}, {"type": "Feature", "geometry": {"type": "Point", "coordinates": [6.0, 53.75]}, "properties": {"value": 9.163, "time": "2025-12-01T09:00:00", "date": "2025-12-01", "hour": 9}}, {"type": "Feature", "geometry": {"type": "Point", "coordinates": [6.25, 53.75]}, "properties": {"value": 8.853, "time": "2025-12-01T09:00:00", "date": "2025-12-01", "hour": 9}}, {"type": "Feature", "geometry": {"type": "Point", "coordinates": [6.5, 53.75]}, "properties": {"value": 8.424, "time": "2025-12-01T09:00:00", "date": "2025-12-01", "hour": 9}}, {"type": "Feature", "geometry": {"type": "Point", "coordinates": [6.75, 53.75]}, "properties": {"value": 7.902, "time": "2025-12-01T09:00:00", "date": "2025-12-01", "hour": 9}}, {"type": "Feature", "geometry": {"type": "Point", "coordinates": [7.0, 53.75]}, "properties": {"value": 8.203, "time": "2025-12-01T09:00:00", "date": "2025-12-01", "hour": 9}}, {"type": "Feature", "geometry": {"type": "Point", "coordinates": [7.25, 53.75]}, "properties": {"value": 7.675, "time": "2025-12-01T09:00:00", "date": "2025-12-01", "hour": 9}}, {"type": "Feature", "geometry": {"type": "Point", "coordinates": [7.5, 53.75]}, "properties": {"value": 7.903, "time": "2025-12-01T09:00:00", "date": "2025-12-01", "hour": 9}}, {"type": "Feature", "geometry": {"type": "Point", "coordinates": [7.75, 53.75]}, "properties": {"value": 7.942, "time": "2025-12-01T09:00:00", "date": "2025-12-01", "hour": 9}}, {"type": "Feature", "geometry": {"type": "Point", "coordinates": [8.0, 53.75]}, "properties": {"value": 7.827, "time": "2025-12-01T09:00:00", "date": "2025-12-01", "hour": 9}}, {"type": "Feature", "geometry": {"type": "Point", "coordinates": [8.25, 53.75]}, "properties": {"value": 7.053, "time": "2025-12-01T09:00:00", "date": "2025-12-01", "hour": 9}}, {"type": "Feature", "geometry": {"type": "Point", "coordinates": [8.5, 53.75]}, "properties": {"value": 6.125, "time": "2025-12-01T09:00:00", "date": "2025-12-01", "hour": 9}}, {"type": "Feature", "geometry": {"type": "Point", "coordinates": [8.75, 53.75]}, "properties": {"value": 6.125, "time": "2025-12-01T09:00:00", "date": "2025-12-01", "hour": 9}}, {"type": "Feature", "geometry": {"type": "Point", "coordinates": [14.25, 53.75]}, "properties": {"value": 3.644, "time": "2025-12-01T09:00:00", "date": "2025-12-01", "hour": 9}}, {"type": "Feature", "geometry": {"type": "Point", "coordinates": [14.5, 53.75]}, "properties": {"value": 3.644, "time": "2025-12-01T09:00:00", "date": "2025-12-01", "hour": 9}}, {"type": "Feature", "geometry": {"type": "Point", "coordinates": [5.0, 54.0]}, "properties": {"value": 10.988, "time": "2025-12-01T09:00:00", "date": "2025-12-01", "hour": 9}}, {"type": "Feature", "geometry": {"type": "Point", "coordinates": [5.25, 54.0]}, "properties": {"value": 10.926, "time": "2025-12-01T09:00:00", "date": "2025-12-01", "hour": 9}}, {"type": "Feature", "geometry": {"type": "Point", "coordinates": [5.5, 54.0]}, "properties": {"value": 10.704, "time": "2025-12-01T09:00:00", "date": "2025-12-01", "hour": 9}}, {"type": "Feature", "geometry": {"type": "Point", "coordinates": [5.75, 54.0]}, "properties": {"value": 10.472, "time": "2025-12-01T09:00:00", "date": "2025-12-01", "hour": 9}}, {"type": "Feature", "geometry": {"type": "Point", "coordinates": [6.0, 54.0]}, "properties": {"value": 10.25, "time": "2025-12-01T09:00:00", "date": "2025-12-01", "hour": 9}}, {"type": "Feature", "geometry": {"type": "Point", "coordinates": [6.25, 54.0]}, "properties": {"value": 9.99, "time": "2025-12-01T09:00:00", "date": "2025-12-01", "hour": 9}}, {"type": "Feature", "geometry": {"type": "Point", "coordinates": [6.5, 54.0]}, "properties": {"value": 9.624, "time": "2025-12-01T09:00:00", "date": "2025-12-01", "hour": 9}}, {"type": "Feature", "geometry": {"type": "Point", "coordinates": [6.75, 54.0]}, "properties": {"value": 9.527, "time": "2025-12-01T09:00:00", "date": "2025-12-01", "hour": 9}}, {"type": "Feature", "geometry": {"type": "Point", "coordinates": [7.0, 54.0]}, "properties": {"value": 9.269, "time": "2025-12-01T09:00:00", "date": "2025-12-01", "hour": 9}}, {"type": "Feature", "geometry": {"type": "Point", "coordinates": [7.25, 54.0]}, "properties": {"value": 8.917, "time": "2025-12-01T09:00:00", "date": "2025-12-01", "hour": 9}}, {"type": "Feature", "geometry": {"type": "Point", "coordinates": [7.5, 54.0]}, "properties": {"value": 9.058, "time": "2025-12-01T09:00:00", "date": "2025-12-01", "hour": 9}}, {"type": "Feature", "geometry": {"type": "Point", "coordinates": [7.75, 54.0]}, "properties": {"value": 9.069, "time": "2025-12-01T09:00:00", "date": "2025-12-01", "hour": 9}}, {"type": "Feature", "geometry": {"type": "Point", "coordinates": [8.0, 54.0]}, "properties": {"value": 8.935, "time": "2025-12-01T09:00:00", "date": "2025-12-01", "hour": 9}}, {"type": "Feature", "geometry": {"type": "Point", "coordinates": [8.25, 54.0]}, "properties": {"value": 8.35, "time": "2025-12-01T09:00:00", "date": "2025-12-01", "hour": 9}}, {"type": "Feature", "geometry": {"type": "Point", "coordinates": [8.5, 54.0]}, "properties": {"value": 6.885, "time": "2025-12-01T09:00:00", "date": "2025-12-01", "hour": 9}}, {"type": "Feature", "geometry": {"type": "Point", "coordinates": [11.25, 54.0]}, "properties": {"value": 6.933, "time": "2025-12-01T09:00:00", "date": "2025-12-01", "hour": 9}}, {"type": "Feature", "geometry": {"type": "Point", "coordinates": [14.0, 54.0]}, "properties": {"value": 5.097, "time": "2025-12-01T09:00:00", "date": "2025-12-01", "hour": 9}}, {"type": "Feature", "geometry": {"type": "Point", "coordinates": [14.25, 54.0]}, "properties": {"value": 5.69, "time": "2025-12-01T09:00:00", "date": "2025-12-01", "hour": 9}}, {"type": "Feature", "geometry": {"type": "Point", "coordinates": [14.5, 54.0]}, "properties": {"value": 5.4, "time": "2025-12-01T09:00:00", "date": "2025-12-01", "hour": 9}}, {"type": "Feature", "geometry": {"type": "Point", "coordinates": [14.75, 54.0]}, "properties": {"value": 5.837, "time": "2025-12-01T09:00:00", "date": "2025-12-01", "hour": 9}}, {"type": "Feature", "geometry": {"type": "Point", "coordinates": [5.0, 54.25]}, "properties": {"value": 11.138, "time": "2025-12-01T09:00:00", "date": "2025-12-01", "hour": 9}}, {"type": "Feature", "geometry": {"type": "Point", "coordinates": [5.25, 54.25]}, "properties": {"value": 11.073, "time": "2025-12-01T09:00:00", "date": "2025-12-01", "hour": 9}}, {"type": "Feature", "geometry": {"type": "Point", "coordinates": [5.5, 54.25]}, "properties": {"value": 11.028, "time": "2025-12-01T09:00:00", "date": "2025-12-01", "hour": 9}}, {"type": "Feature", "geometry": {"type": "Point", "coordinates": [5.75, 54.25]}, "properties": {"value": 10.833, "time": "2025-12-01T09:00:00", "date": "2025-12-01", "hour": 9}}, {"type": "Feature", "geometry": {"type": "Point", "coordinates": [6.0, 54.25]}, "properties": {"value": 10.724, "time": "2025-12-01T09:00:00", "date": "2025-12-01", "hour": 9}}, {"type": "Feature", "geometry": {"type": "Point", "coordinates": [6.25, 54.25]}, "properties": {"value": 10.514, "time": "2025-12-01T09:00:00", "date": "2025-12-01", "hour": 9}}, {"type": "Feature", "geometry": {"type": "Point", "coordinates": [6.5, 54.25]}, "properties": {"value": 10.357, "time": "2025-12-01T09:00:00", "date": "2025-12-01", "hour": 9}}, {"type": "Feature", "geometry": {"type": "Point", "coordinates": [6.75, 54.25]}, "properties": {"value": 10.216, "time": "2025-12-01T09:00:00", "date": "2025-12-01", "hour": 9}}, {"type": "Feature", "geometry": {"type": "Point", "coordinates": [7.0, 54.25]}, "properties": {"value": 9.99, "time": "2025-12-01T09:00:00", "date": "2025-12-01", "hour": 9}}, {"type": "Feature", "geometry": {"type": "Point", "coordinates": [7.25, 54.25]}, "properties": {"value": 9.88, "time": "2025-12-01T09:00:00", "date": "2025-12-01", "hour": 9}}, {"type": "Feature", "geometry": {"type": "Point", "coordinates": [7.5, 54.25]}, "properties": {"value": 9.945, "time": "2025-12-01T09:00:00", "date": "2025-12-01", "hour": 9}}, {"type": "Feature", "geometry": {"type": "Point", "coordinates": [7.75, 54.25]}, "properties": {"value": 9.603, "time": "2025-12-01T09:00:00", "date": "2025-12-01", "hour": 9}}, {"type": "Feature", "geometry": {"type": "Point", "coordinates": [8.0, 54.25]}, "properties": {"value": 9.35, "time": "2025-12-01T09:00:00", "date": "2025-12-01", "hour": 9}}, {"type": "Feature", "geometry": {"type": "Point", "coordinates": [8.25, 54.25]}, "properties": {"value": 7.977, "time": "2025-12-01T09:00:00", "date": "2025-12-01", "hour": 9}}, {"type": "Feature", "geometry": {"type": "Point", "coordinates": [8.5, 54.25]}, "properties": {"value": 6.56, "time": "2025-12-01T09:00:00", "date": "2025-12-01", "hour": 9}}, {"type": "Feature", "geometry": {"type": "Point", "coordinates": [10.75, 54.25]}, "properties": {"value": 7.086, "time": "2025-12-01T09:00:00", "date": "2025-12-01", "hour": 9}}, {"type": "Feature", "geometry": {"type": "Point", "coordinates": [11.25, 54.25]}, "properties": {"value": 7.105, "time": "2025-12-01T09:00:00", "date": "2025-12-01", "hour": 9}}, {"type": "Feature", "geometry": {"type": "Point", "coordinates": [11.75, 54.25]}, "properties": {"value": 7.016, "time": "2025-12-01T09:00:00", "date": "2025-12-01", "hour": 9}}, {"type": "Feature", "geometry": {"type": "Point", "coordinates": [12.25, 54.25]}, "properties": {"value": 6.849, "time": "2025-12-01T09:00:00", "date": "2025-12-01", "hour": 9}}, {"type": "Feature", "geometry": {"type": "Point", "coordinates": [13.75, 54.25]}, "properties": {"value": 5.402, "time": "2025-12-01T09:00:00", "date": "2025-12-01", "hour": 9}}, {"type": "Feature", "geometry": {"type": "Point", "coordinates": [14.0, 54.25]}, "properties": {"value": 5.783, "time": "2025-12-01T09:00:00", "date": "2025-12-01", "hour": 9}}, {"type": "Feature", "geometry": {"type": "Point", "coordinates": [14.25, 54.25]}, "properties": {"value": 6.141, "time": "2025-12-01T09:00:00", "date": "2025-12-01", "hour": 9}}, {"type": "Feature", "geometry": {"type": "Point", "coordinates": [14.5, 54.25]}, "properties": {"value": 6.004, "time": "2025-12-01T09:00:00", "date": "2025-12-01", "hour": 9}}, {"type": "Feature", "geometry": {"type": "Point", "coordinates": [14.75, 54.25]}, "properties": {"value": 6.275, "time": "2025-12-01T09:00:00", "date": "2025-12-01", "hour": 9}}, {"type": "Feature", "geometry": {"type": "Point", "coordinates": [15.0, 54.25]}, "properties": {"value": 6.996, "time": "2025-12-01T09:00:00", "date": "2025-12-01", "hour": 9}}, {"type": "Feature", "geometry": {"type": "Point", "coordinates": [5.0, 54.5]}, "properties": {"value": 11.234, "time": "2025-12-01T09:00:00", "date": "2025-12-01", "hour": 9}}, {"type": "Feature", "geometry": {"type": "Point", "coordinates": [5.25, 54.5]}, "properties": {"value": 11.227, "time": "2025-12-01T09:00:00", "date": "2025-12-01", "hour": 9}}, {"type": "Feature", "geometry": {"type": "Point", "coordinates": [5.5, 54.5]}, "properties": {"value": 11.182, "time": "2025-12-01T09:00:00", "date": "2025-12-01", "hour": 9}}, {"type": "Feature", "geometry": {"type": "Point", "coordinates": [5.75, 54.5]}, "properties": {"value": 11.111, "time": "2025-12-01T09:00:00", "date": "2025-12-01", "hour": 9}}, {"type": "Feature", "geometry": {"type": "Point", "coordinates": [6.0, 54.5]}, "properties": {"value": 10.996, "time": "2025-12-01T09:00:00", "date": "2025-12-01", "hour": 9}}, {"type": "Feature", "geometry": {"type": "Point", "coordinates": [6.25, 54.5]}, "properties": {"value": 10.846, "time": "2025-12-01T09:00:00", "date": "2025-12-01", "hour": 9}}, {"type": "Feature", "geometry": {"type": "Point", "coordinates": [6.5, 54.5]}, "properties": {"value": 10.674, "time": "2025-12-01T09:00:00", "date": "2025-12-01", "hour": 9}}, {"type": "Feature", "geometry": {"type": "Point", "coordinates": [6.75, 54.5]}, "properties": {"value": 10.476, "time": "2025-12-01T09:00:00", "date": "2025-12-01", "hour": 9}}, {"type": "Feature", "geometry": {"type": "Point", "coordinates": [7.0, 54.5]}, "properties": {"value": 10.35, "time": "2025-12-01T09:00:00", "date": "2025-12-01", "hour": 9}}, {"type": "Feature", "geometry": {"type": "Point", "coordinates": [7.25, 54.5]}, "properties": {"value": 10.159, "time": "2025-12-01T09:00:00", "date": "2025-12-01", "hour": 9}}, {"type": "Feature", "geometry": {"type": "Point", "coordinates": [7.5, 54.5]}, "properties": {"value": 10.163, "time": "2025-12-01T09:00:00", "date": "2025-12-01", "hour": 9}}, {"type": "Feature", "geometry": {"type": "Point", "coordinates": [7.75, 54.5]}, "properties": {"value": 9.648, "time": "2025-12-01T09:00:00", "date": "2025-12-01", "hour": 9}}, {"type": "Feature", "geometry": {"type": "Point", "coordinates": [8.0, 54.5]}, "properties": {"value": 8.637, "time": "2025-12-01T09:00:00", "date": "2025-12-01", "hour": 9}}, {"type": "Feature", "geometry": {"type": "Point", "coordinates": [8.25, 54.5]}, "properties": {"value": 7.143, "time": "2025-12-01T09:00:00", "date": "2025-12-01", "hour": 9}}, {"type": "Feature", "geometry": {"type": "Point", "coordinates": [8.5, 54.5]}, "properties": {"value": 5.947, "time": "2025-12-01T09:00:00", "date": "2025-12-01", "hour": 9}}, {"type": "Feature", "geometry": {"type": "Point", "coordinates": [10.5, 54.5]}, "properties": {"value": 7.425, "time": "2025-12-01T09:00:00", "date": "2025-12-01", "hour": 9}}, {"type": "Feature", "geometry": {"type": "Point", "coordinates": [10.75, 54.5]}, "properties": {"value": 7.25, "time": "2025-12-01T09:00:00", "date": "2025-12-01", "hour": 9}}, {"type": "Feature", "geometry": {"type": "Point", "coordinates": [11.0, 54.5]}, "properties": {"value": 6.818, "time": "2025-12-01T09:00:00", "date": "2025-12-01", "hour": 9}}, {"type": "Feature", "geometry": {"type": "Point", "coordinates": [11.25, 54.5]}, "properties": {"value": 6.904, "time": "2025-12-01T09:00:00", "date": "2025-12-01", "hour": 9}}, {"type": "Feature", "geometry": {"type": "Point", "coordinates": [11.5, 54.5]}, "properties": {"value": 6.78, "time": "2025-12-01T09:00:00", "date": "2025-12-01", "hour": 9}}, {"type": "Feature", "geometry": {"type": "Point", "coordinates": [11.75, 54.5]}, "properties": {"value": 7.055, "time": "2025-12-01T09:00:00", "date": "2025-12-01", "hour": 9}}, {"type": "Feature", "geometry": {"type": "Point", "coordinates": [12.0, 54.5]}, "properties": {"value": 7.145, "time": "2025-12-01T09:00:00", "date": "2025-12-01", "hour": 9}}, {"type": "Feature", "geometry": {"type": "Point", "coordinates": [12.25, 54.5]}, "properties": {"value": 7.114, "time": "2025-12-01T09:00:00", "date": "2025-12-01", "hour": 9}}, {"type": "Feature", "geometry": {"type": "Point", "coordinates": [13.0, 54.5]}, "properties": {"value": 7.342, "time": "2025-12-01T09:00:00", "date": "2025-12-01", "hour": 9}}, {"type": "Feature", "geometry": {"type": "Point", "coordinates": [13.25, 54.5]}, "properties": {"value": 6.737, "time": "2025-12-01T09:00:00", "date": "2025-12-01", "hour": 9}}, {"type": "Feature", "geometry": {"type": "Point", "coordinates": [13.5, 54.5]}, "properties": {"value": 6.579, "time": "2025-12-01T09:00:00", "date": "2025-12-01", "hour": 9}}, {"type": "Feature", "geometry": {"type": "Point", "coordinates": [13.75, 54.5]}, "properties": {"value": 6.536, "time": "2025-12-01T09:00:00", "date": "2025-12-01", "hour": 9}}, {"type": "Feature", "geometry": {"type": "Point", "coordinates": [14.0, 54.5]}, "properties": {"value": 6.82, "time": "2025-12-01T09:00:00", "date": "2025-12-01", "hour": 9}}, {"type": "Feature", "geometry": {"type": "Point", "coordinates": [14.25, 54.5]}, "properties": {"value": 6.796, "time": "2025-12-01T09:00:00", "date": "2025-12-01", "hour": 9}}, {"type": "Feature", "geometry": {"type": "Point", "coordinates": [14.5, 54.5]}, "properties": {"value": 6.964, "time": "2025-12-01T09:00:00", "date": "2025-12-01", "hour": 9}}, {"type": "Feature", "geometry": {"type": "Point", "coordinates": [14.75, 54.5]}, "properties": {"value": 7.362, "time": "2025-12-01T09:00:00", "date": "2025-12-01", "hour": 9}}, {"type": "Feature", "geometry": {"type": "Point", "coordinates": [15.0, 54.5]}, "properties": {"value": 8.121, "time": "2025-12-01T09:00:00", "date": "2025-12-01", "hour": 9}}, {"type": "Feature", "geometry": {"type": "Point", "coordinates": [5.0, 54.75]}, "properties": {"value": 11.377, "time": "2025-12-01T09:00:00", "date": "2025-12-01", "hour": 9}}, {"type": "Feature", "geometry": {"type": "Point", "coordinates": [5.25, 54.75]}, "properties": {"value": 11.37, "time": "2025-12-01T09:00:00", "date": "2025-12-01", "hour": 9}}, {"type": "Feature", "geometry": {"type": "Point", "coordinates": [5.5, 54.75]}, "properties": {"value": 11.325, "time": "2025-12-01T09:00:00", "date": "2025-12-01", "hour": 9}}, {"type": "Feature", "geometry": {"type": "Point", "coordinates": [5.75, 54.75]}, "properties": {"value": 11.295, "time": "2025-12-01T09:00:00", "date": "2025-12-01", "hour": 9}}, {"type": "Feature", "geometry": {"type": "Point", "coordinates": [6.0, 54.75]}, "properties": {"value": 11.17, "time": "2025-12-01T09:00:00", "date": "2025-12-01", "hour": 9}}, {"type": "Feature", "geometry": {"type": "Point", "coordinates": [6.25, 54.75]}, "properties": {"value": 11.021, "time": "2025-12-01T09:00:00", "date": "2025-12-01", "hour": 9}}, {"type": "Feature", "geometry": {"type": "Point", "coordinates": [6.5, 54.75]}, "properties": {"value": 10.874, "time": "2025-12-01T09:00:00", "date": "2025-12-01", "hour": 9}}, {"type": "Feature", "geometry": {"type": "Point", "coordinates": [6.75, 54.75]}, "properties": {"value": 10.739, "time": "2025-12-01T09:00:00", "date": "2025-12-01", "hour": 9}}, {"type": "Feature", "geometry": {"type": "Point", "coordinates": [7.0, 54.75]}, "properties": {"value": 10.652, "time": "2025-12-01T09:00:00", "date": "2025-12-01", "hour": 9}}, {"type": "Feature", "geometry": {"type": "Point", "coordinates": [7.25, 54.75]}, "properties": {"value": 10.445, "time": "2025-12-01T09:00:00", "date": "2025-12-01", "hour": 9}}, {"type": "Feature", "geometry": {"type": "Point", "coordinates": [7.5, 54.75]}, "properties": {"value": 10.14, "time": "2025-12-01T09:00:00", "date": "2025-12-01", "hour": 9}}, {"type": "Feature", "geometry": {"type": "Point", "coordinates": [7.75, 54.75]}, "properties": {"value": 9.109, "time": "2025-12-01T09:00:00", "date": "2025-12-01", "hour": 9}}, {"type": "Feature", "geometry": {"type": "Point", "coordinates": [8.0, 54.75]}, "properties": {"value": 8.069, "time": "2025-12-01T09:00:00", "date": "2025-12-01", "hour": 9}}, {"type": "Feature", "geometry": {"type": "Point", "coordinates": [8.25, 54.75]}, "properties": {"value": 6.601, "time": "2025-12-01T09:00:00", "date": "2025-12-01", "hour": 9}}, {"type": "Feature", "geometry": {"type": "Point", "coordinates": [8.5, 54.75]}, "properties": {"value": 5.543, "time": "2025-12-01T09:00:00", "date": "2025-12-01", "hour": 9}}, {"type": "Feature", "geometry": {"type": "Point", "coordinates": [10.25, 54.75]}, "properties": {"value": 7.504, "time": "2025-12-01T09:00:00", "date": "2025-12-01", "hour": 9}}, {"type": "Feature", "geometry": {"type": "Point", "coordinates": [10.5, 54.75]}, "properties": {"value": 7.41, "time": "2025-12-01T09:00:00", "date": "2025-12-01", "hour": 9}}, {"type": "Feature", "geometry": {"type": "Point", "coordinates": [10.75, 54.75]}, "properties": {"value": 7.238, "time": "2025-12-01T09:00:00", "date": "2025-12-01", "hour": 9}}, {"type": "Feature", "geometry": {"type": "Point", "coordinates": [11.0, 54.75]}, "properties": {"value": 6.764, "time": "2025-12-01T09:00:00", "date": "2025-12-01", "hour": 9}}, {"type": "Feature", "geometry": {"type": "Point", "coordinates": [11.25, 54.75]}, "properties": {"value": 6.362, "time": "2025-12-01T09:00:00", "date": "2025-12-01", "hour": 9}}, {"type": "Feature", "geometry": {"type": "Point", "coordinates": [11.5, 54.75]}, "properties": {"value": 6.158, "time": "2025-12-01T09:00:00", "date": "2025-12-01", "hour": 9}}, {"type": "Feature", "geometry": {"type": "Point", "coordinates": [12.0, 54.75]}, "properties": {"value": 6.814, "time": "2025-12-01T09:00:00", "date": "2025-12-01", "hour": 9}}, {"type": "Feature", "geometry": {"type": "Point", "coordinates": [12.25, 54.75]}, "properties": {"value": 7.346, "time": "2025-12-01T09:00:00", "date": "2025-12-01", "hour": 9}}, {"type": "Feature", "geometry": {"type": "Point", "coordinates": [12.5, 54.75]}, "properties": {"value": 7.81, "time": "2025-12-01T09:00:00", "date": "2025-12-01", "hour": 9}}, {"type": "Feature", "geometry": {"type": "Point", "coordinates": [12.75, 54.75]}, "properties": {"value": 7.889, "time": "2025-12-01T09:00:00", "date": "2025-12-01", "hour": 9}}, {"type": "Feature", "geometry": {"type": "Point", "coordinates": [13.0, 54.75]}, "properties": {"value": 7.566, "time": "2025-12-01T09:00:00", "date": "2025-12-01", "hour": 9}}, {"type": "Feature", "geometry": {"type": "Point", "coordinates": [13.25, 54.75]}, "properties": {"value": 7.671, "time": "2025-12-01T09:00:00", "date": "2025-12-01", "hour": 9}}, {"type": "Feature", "geometry": {"type": "Point", "coordinates": [13.5, 54.75]}, "properties": {"value": 7.972, "time": "2025-12-01T09:00:00", "date": "2025-12-01", "hour": 9}}, {"type": "Feature", "geometry": {"type": "Point", "coordinates": [13.75, 54.75]}, "properties": {"value": 7.929, "time": "2025-12-01T09:00:00", "date": "2025-12-01", "hour": 9}}, {"type": "Feature", "geometry": {"type": "Point", "coordinates": [14.0, 54.75]}, "properties": {"value": 7.74, "time": "2025-12-01T09:00:00", "date": "2025-12-01", "hour": 9}}, {"type": "Feature", "geometry": {"type": "Point", "coordinates": [14.25, 54.75]}, "properties": {"value": 7.718, "time": "2025-12-01T09:00:00", "date": "2025-12-01", "hour": 9}}, {"type": "Feature", "geometry": {"type": "Point", "coordinates": [14.5, 54.75]}, "properties": {"value": 8.043, "time": "2025-12-01T09:00:00", "date": "2025-12-01", "hour": 9}}, {"type": "Feature", "geometry": {"type": "Point", "coordinates": [14.75, 54.75]}, "properties": {"value": 8.412, "time": "2025-12-01T09:00:00", "date": "2025-12-01", "hour": 9}}, {"type": "Feature", "geometry": {"type": "Point", "coordinates": [15.0, 54.75]}, "properties": {"value": 8.611, "time": "2025-12-01T09:00:00", "date": "2025-12-01", "hour": 9}}, {"type": "Feature", "geometry": {"type": "Point", "coordinates": [5.0, 55.0]}, "properties": {"value": 11.326, "time": "2025-12-01T09:00:00", "date": "2025-12-01", "hour": 9}}, {"type": "Feature", "geometry": {"type": "Point", "coordinates": [5.25, 55.0]}, "properties": {"value": 11.343, "time": "2025-12-01T09:00:00", "date": "2025-12-01", "hour": 9}}, {"type": "Feature", "geometry": {"type": "Point", "coordinates": [5.5, 55.0]}, "properties": {"value": 11.327, "time": "2025-12-01T09:00:00", "date": "2025-12-01", "hour": 9}}, {"type": "Feature", "geometry": {"type": "Point", "coordinates": [5.75, 55.0]}, "properties": {"value": 11.297, "time": "2025-12-01T09:00:00", "date": "2025-12-01", "hour": 9}}, {"type": "Feature", "geometry": {"type": "Point", "coordinates": [6.0, 55.0]}, "properties": {"value": 11.252, "time": "2025-12-01T09:00:00", "date": "2025-12-01", "hour": 9}}, {"type": "Feature", "geometry": {"type": "Point", "coordinates": [6.25, 55.0]}, "properties": {"value": 11.197, "time": "2025-12-01T09:00:00", "date": "2025-12-01", "hour": 9}}, {"type": "Feature", "geometry": {"type": "Point", "coordinates": [6.5, 55.0]}, "properties": {"value": 11.076, "time": "2025-12-01T09:00:00", "date": "2025-12-01", "hour": 9}}, {"type": "Feature", "geometry": {"type": "Point", "coordinates": [6.75, 55.0]}, "properties": {"value": 10.934, "time": "2025-12-01T09:00:00", "date": "2025-12-01", "hour": 9}}, {"type": "Feature", "geometry": {"type": "Point", "coordinates": [7.0, 55.0]}, "properties": {"value": 10.756, "time": "2025-12-01T09:00:00", "date": "2025-12-01", "hour": 9}}, {"type": "Feature", "geometry": {"type": "Point", "coordinates": [7.25, 55.0]}, "properties": {"value": 10.379, "time": "2025-12-01T09:00:00", "date": "2025-12-01", "hour": 9}}, {"type": "Feature", "geometry": {"type": "Point", "coordinates": [7.5, 55.0]}, "properties": {"value": 10.018, "time": "2025-12-01T09:00:00", "date": "2025-12-01", "hour": 9}}, {"type": "Feature", "geometry": {"type": "Point", "coordinates": [7.75, 55.0]}, "properties": {"value": 8.956, "time": "2025-12-01T09:00:00", "date": "2025-12-01", "hour": 9}}, {"type": "Feature", "geometry": {"type": "Point", "coordinates": [8.0, 55.0]}, "properties": {"value": 7.974, "time": "2025-12-01T09:00:00", "date": "2025-12-01", "hour": 9}}, {"type": "Feature", "geometry": {"type": "Point", "coordinates": [8.25, 55.0]}, "properties": {"value": 6.612, "time": "2025-12-01T09:00:00", "date": "2025-12-01", "hour": 9}}, {"type": "Feature", "geometry": {"type": "Point", "coordinates": [8.5, 55.0]}, "properties": {"value": 5.574, "time": "2025-12-01T09:00:00", "date": "2025-12-01", "hour": 9}}, {"type": "Feature", "geometry": {"type": "Point", "coordinates": [10.25, 55.0]}, "properties": {"value": 6.633, "time": "2025-12-01T09:00:00", "date": "2025-12-01", "hour": 9}}, {"type": "Feature", "geometry": {"type": "Point", "coordinates": [10.5, 55.0]}, "properties": {"value": 6.71, "time": "2025-12-01T09:00:00", "date": "2025-12-01", "hour": 9}}, {"type": "Feature", "geometry": {"type": "Point", "coordinates": [10.75, 55.0]}, "properties": {"value": 6.785, "time": "2025-12-01T09:00:00", "date": "2025-12-01", "hour": 9}}, {"type": "Feature", "geometry": {"type": "Point", "coordinates": [11.0, 55.0]}, "properties": {"value": 6.573, "time": "2025-12-01T09:00:00", "date": "2025-12-01", "hour": 9}}, {"type": "Feature", "geometry": {"type": "Point", "coordinates": [11.25, 55.0]}, "properties": {"value": 6.254, "time": "2025-12-01T09:00:00", "date": "2025-12-01", "hour": 9}}, {"type": "Feature", "geometry": {"type": "Point", "coordinates": [11.5, 55.0]}, "properties": {"value": 6.016, "time": "2025-12-01T09:00:00", "date": "2025-12-01", "hour": 9}}, {"type": "Feature", "geometry": {"type": "Point", "coordinates": [11.75, 55.0]}, "properties": {"value": 5.739, "time": "2025-12-01T09:00:00", "date": "2025-12-01", "hour": 9}}, {"type": "Feature", "geometry": {"type": "Point", "coordinates": [12.0, 55.0]}, "properties": {"value": 6.229, "time": "2025-12-01T09:00:00", "date": "2025-12-01", "hour": 9}}, {"type": "Feature", "geometry": {"type": "Point", "coordinates": [12.25, 55.0]}, "properties": {"value": 6.941, "time": "2025-12-01T09:00:00", "date": "2025-12-01", "hour": 9}}, {"type": "Feature", "geometry": {"type": "Point", "coordinates": [12.5, 55.0]}, "properties": {"value": 7.794, "time": "2025-12-01T09:00:00", "date": "2025-12-01", "hour": 9}}, {"type": "Feature", "geometry": {"type": "Point", "coordinates": [12.75, 55.0]}, "properties": {"value": 8.024, "time": "2025-12-01T09:00:00", "date": "2025-12-01", "hour": 9}}, {"type": "Feature", "geometry": {"type": "Point", "coordinates": [13.0, 55.0]}, "properties": {"value": 8.186, "time": "2025-12-01T09:00:00", "date": "2025-12-01", "hour": 9}}, {"type": "Feature", "geometry": {"type": "Point", "coordinates": [13.25, 55.0]}, "properties": {"value": 8.29, "time": "2025-12-01T09:00:00", "date": "2025-12-01", "hour": 9}}, {"type": "Feature", "geometry": {"type": "Point", "coordinates": [13.5, 55.0]}, "properties": {"value": 8.34, "time": "2025-12-01T09:00:00", "date": "2025-12-01", "hour": 9}}, {"type": "Feature", "geometry": {"type": "Point", "coordinates": [13.75, 55.0]}, "properties": {"value": 8.402, "time": "2025-12-01T09:00:00", "date": "2025-12-01", "hour": 9}}, {"type": "Feature", "geometry": {"type": "Point", "coordinates": [14.0, 55.0]}, "properties": {"value": 8.359, "time": "2025-12-01T09:00:00", "date": "2025-12-01", "hour": 9}}, {"type": "Feature", "geometry": {"type": "Point", "coordinates": [14.25, 55.0]}, "properties": {"value": 8.27, "time": "2025-12-01T09:00:00", "date": "2025-12-01", "hour": 9}}, {"type": "Feature", "geometry": {"type": "Point", "coordinates": [14.5, 55.0]}, "properties": {"value": 8.167, "time": "2025-12-01T09:00:00", "date": "2025-12-01", "hour": 9}}, {"type": "Feature", "geometry": {"type": "Point", "coordinates": [14.75, 55.0]}, "properties": {"value": 8.191, "time": "2025-12-01T09:00:00", "date": "2025-12-01", "hour": 9}}, {"type": "Feature", "geometry": {"type": "Point", "coordinates": [15.0, 55.0]}, "properties": {"value": 8.269, "time": "2025-12-01T09:00:00", "date": "2025-12-01", "hour": 9}}, {"type": "Feature", "geometry": {"type": "Point", "coordinates": [5.25, 52.75]}, "properties": {"value": 5.87, "time": "2025-12-01T10:00:00", "date": "2025-12-01", "hour": 10}}, {"type": "Feature", "geometry": {"type": "Point", "coordinates": [5.5, 52.75]}, "properties": {"value": 5.874, "time": "2025-12-01T10:00:00", "date": "2025-12-01", "hour": 10}}, {"type": "Feature", "geometry": {"type": "Point", "coordinates": [5.0, 53.0]}, "properties": {"value": 7.136, "time": "2025-12-01T10:00:00", "date": "2025-12-01", "hour": 10}}, {"type": "Feature", "geometry": {"type": "Point", "coordinates": [5.25, 53.0]}, "properties": {"value": 6.372, "time": "2025-12-01T10:00:00", "date": "2025-12-01", "hour": 10}}, {"type": "Feature", "geometry": {"type": "Point", "coordinates": [5.5, 53.0]}, "properties": {"value": 5.806, "time": "2025-12-01T10:00:00", "date": "2025-12-01", "hour": 10}}, {"type": "Feature", "geometry": {"type": "Point", "coordinates": [5.0, 53.25]}, "properties": {"value": 8.133, "time": "2025-12-01T10:00:00", "date": "2025-12-01", "hour": 10}}, {"type": "Feature", "geometry": {"type": "Point", "coordinates": [5.25, 53.25]}, "properties": {"value": 7.078, "time": "2025-12-01T10:00:00", "date": "2025-12-01", "hour": 10}}, {"type": "Feature", "geometry": {"type": "Point", "coordinates": [5.5, 53.25]}, "properties": {"value": 6.443, "time": "2025-12-01T10:00:00", "date": "2025-12-01", "hour": 10}}, {"type": "Feature", "geometry": {"type": "Point", "coordinates": [5.0, 53.5]}, "properties": {"value": 9.858, "time": "2025-12-01T10:00:00", "date": "2025-12-01", "hour": 10}}, {"type": "Feature", "geometry": {"type": "Point", "coordinates": [5.25, 53.5]}, "properties": {"value": 9.263, "time": "2025-12-01T10:00:00", "date": "2025-12-01", "hour": 10}}, {"type": "Feature", "geometry": {"type": "Point", "coordinates": [5.5, 53.5]}, "properties": {"value": 9.037, "time": "2025-12-01T10:00:00", "date": "2025-12-01", "hour": 10}}, {"type": "Feature", "geometry": {"type": "Point", "coordinates": [5.75, 53.5]}, "properties": {"value": 8.363, "time": "2025-12-01T10:00:00", "date": "2025-12-01", "hour": 10}}, {"type": "Feature", "geometry": {"type": "Point", "coordinates": [6.0, 53.5]}, "properties": {"value": 7.583, "time": "2025-12-01T10:00:00", "date": "2025-12-01", "hour": 10}}, {"type": "Feature", "geometry": {"type": "Point", "coordinates": [6.25, 53.5]}, "properties": {"value": 6.762, "time": "2025-12-01T10:00:00", "date": "2025-12-01", "hour": 10}}, {"type": "Feature", "geometry": {"type": "Point", "coordinates": [6.5, 53.5]}, "properties": {"value": 6.362, "time": "2025-12-01T10:00:00", "date": "2025-12-01", "hour": 10}}, {"type": "Feature", "geometry": {"type": "Point", "coordinates": [6.75, 53.5]}, "properties": {"value": 5.656, "time": "2025-12-01T10:00:00", "date": "2025-12-01", "hour": 10}}, {"type": "Feature", "geometry": {"type": "Point", "coordinates": [5.0, 53.75]}, "properties": {"value": 10.558, "time": "2025-12-01T10:00:00", "date": "2025-12-01", "hour": 10}}, {"type": "Feature", "geometry": {"type": "Point", "coordinates": [5.25, 53.75]}, "properties": {"value": 10.271, "time": "2025-12-01T10:00:00", "date": "2025-12-01", "hour": 10}}, {"type": "Feature", "geometry": {"type": "Point", "coordinates": [5.5, 53.75]}, "properties": {"value": 10.048, "time": "2025-12-01T10:00:00", "date": "2025-12-01", "hour": 10}}, {"type": "Feature", "geometry": {"type": "Point", "coordinates": [5.75, 53.75]}, "properties": {"value": 9.769, "time": "2025-12-01T10:00:00", "date": "2025-12-01", "hour": 10}}, {"type": "Feature", "geometry": {"type": "Point", "coordinates": [6.0, 53.75]}, "properties": {"value": 9.163, "time": "2025-12-01T10:00:00", "date": "2025-12-01", "hour": 10}}, {"type": "Feature", "geometry": {"type": "Point", "coordinates": [6.25, 53.75]}, "properties": {"value": 8.853, "time": "2025-12-01T10:00:00", "date": "2025-12-01", "hour": 10}}, {"type": "Feature", "geometry": {"type": "Point", "coordinates": [6.5, 53.75]}, "properties": {"value": 8.424, "time": "2025-12-01T10:00:00", "date": "2025-12-01", "hour": 10}}, {"type": "Feature", "geometry": {"type": "Point", "coordinates": [6.75, 53.75]}, "properties": {"value": 7.902, "time": "2025-12-01T10:00:00", "date": "2025-12-01", "hour": 10}}, {"type": "Feature", "geometry": {"type": "Point", "coordinates": [7.0, 53.75]}, "properties": {"value": 8.203, "time": "2025-12-01T10:00:00", "date": "2025-12-01", "hour": 10}}, {"type": "Feature", "geometry": {"type": "Point", "coordinates": [7.25, 53.75]}, "properties": {"value": 7.675, "time": "2025-12-01T10:00:00", "date": "2025-12-01", "hour": 10}}, {"type": "Feature", "geometry": {"type": "Point", "coordinates": [7.5, 53.75]}, "properties": {"value": 7.903, "time": "2025-12-01T10:00:00", "date": "2025-12-01", "hour": 10}}, {"type": "Feature", "geometry": {"type": "Point", "coordinates": [7.75, 53.75]}, "properties": {"value": 7.942, "time": "2025-12-01T10:00:00", "date": "2025-12-01", "hour": 10}}, {"type": "Feature", "geometry": {"type": "Point", "coordinates": [8.0, 53.75]}, "properties": {"value": 7.827, "time": "2025-12-01T10:00:00", "date": "2025-12-01", "hour": 10}}, {"type": "Feature", "geometry": {"type": "Point", "coordinates": [8.25, 53.75]}, "properties": {"value": 7.053, "time": "2025-12-01T10:00:00", "date": "2025-12-01", "hour": 10}}, {"type": "Feature", "geometry": {"type": "Point", "coordinates": [8.5, 53.75]}, "properties": {"value": 6.125, "time": "2025-12-01T10:00:00", "date": "2025-12-01", "hour": 10}}, {"type": "Feature", "geometry": {"type": "Point", "coordinates": [8.75, 53.75]}, "properties": {"value": 6.125, "time": "2025-12-01T10:00:00", "date": "2025-12-01", "hour": 10}}, {"type": "Feature", "geometry": {"type": "Point", "coordinates": [14.25, 53.75]}, "properties": {"value": 3.644, "time": "2025-12-01T10:00:00", "date": "2025-12-01", "hour": 10}}, {"type": "Feature", "geometry": {"type": "Point", "coordinates": [14.5, 53.75]}, "properties": {"value": 3.644, "time": "2025-12-01T10:00:00", "date": "2025-12-01", "hour": 10}}, {"type": "Feature", "geometry": {"type": "Point", "coordinates": [5.0, 54.0]}, "properties": {"value": 10.988, "time": "2025-12-01T10:00:00", "date": "2025-12-01", "hour": 10}}, {"type": "Feature", "geometry": {"type": "Point", "coordinates": [5.25, 54.0]}, "properties": {"value": 10.926, "time": "2025-12-01T10:00:00", "date": "2025-12-01", "hour": 10}}, {"type": "Feature", "geometry": {"type": "Point", "coordinates": [5.5, 54.0]}, "properties": {"value": 10.704, "time": "2025-12-01T10:00:00", "date": "2025-12-01", "hour": 10}}, {"type": "Feature", "geometry": {"type": "Point", "coordinates": [5.75, 54.0]}, "properties": {"value": 10.472, "time": "2025-12-01T10:00:00", "date": "2025-12-01", "hour": 10}}, {"type": "Feature", "geometry": {"type": "Point", "coordinates": [6.0, 54.0]}, "properties": {"value": 10.25, "time": "2025-12-01T10:00:00", "date": "2025-12-01", "hour": 10}}, {"type": "Feature", "geometry": {"type": "Point", "coordinates": [6.25, 54.0]}, "properties": {"value": 9.99, "time": "2025-12-01T10:00:00", "date": "2025-12-01", "hour": 10}}, {"type": "Feature", "geometry": {"type": "Point", "coordinates": [6.5, 54.0]}, "properties": {"value": 9.624, "time": "2025-12-01T10:00:00", "date": "2025-12-01", "hour": 10}}, {"type": "Feature", "geometry": {"type": "Point", "coordinates": [6.75, 54.0]}, "properties": {"value": 9.527, "time": "2025-12-01T10:00:00", "date": "2025-12-01", "hour": 10}}, {"type": "Feature", "geometry": {"type": "Point", "coordinates": [7.0, 54.0]}, "properties": {"value": 9.269, "time": "2025-12-01T10:00:00", "date": "2025-12-01", "hour": 10}}, {"type": "Feature", "geometry": {"type": "Point", "coordinates": [7.25, 54.0]}, "properties": {"value": 8.917, "time": "2025-12-01T10:00:00", "date": "2025-12-01", "hour": 10}}, {"type": "Feature", "geometry": {"type": "Point", "coordinates": [7.5, 54.0]}, "properties": {"value": 9.058, "time": "2025-12-01T10:00:00", "date": "2025-12-01", "hour": 10}}, {"type": "Feature", "geometry": {"type": "Point", "coordinates": [7.75, 54.0]}, "properties": {"value": 9.069, "time": "2025-12-01T10:00:00", "date": "2025-12-01", "hour": 10}}, {"type": "Feature", "geometry": {"type": "Point", "coordinates": [8.0, 54.0]}, "properties": {"value": 8.935, "time": "2025-12-01T10:00:00", "date": "2025-12-01", "hour": 10}}, {"type": "Feature", "geometry": {"type": "Point", "coordinates": [8.25, 54.0]}, "properties": {"value": 8.35, "time": "2025-12-01T10:00:00", "date": "2025-12-01", "hour": 10}}, {"type": "Feature", "geometry": {"type": "Point", "coordinates": [8.5, 54.0]}, "properties": {"value": 6.885, "time": "2025-12-01T10:00:00", "date": "2025-12-01", "hour": 10}}, {"type": "Feature", "geometry": {"type": "Point", "coordinates": [11.25, 54.0]}, "properties": {"value": 6.933, "time": "2025-12-01T10:00:00", "date": "2025-12-01", "hour": 10}}, {"type": "Feature", "geometry": {"type": "Point", "coordinates": [14.0, 54.0]}, "properties": {"value": 5.097, "time": "2025-12-01T10:00:00", "date": "2025-12-01", "hour": 10}}, {"type": "Feature", "geometry": {"type": "Point", "coordinates": [14.25, 54.0]}, "properties": {"value": 5.69, "time": "2025-12-01T10:00:00", "date": "2025-12-01", "hour": 10}}, {"type": "Feature", "geometry": {"type": "Point", "coordinates": [14.5, 54.0]}, "properties": {"value": 5.4, "time": "2025-12-01T10:00:00", "date": "2025-12-01", "hour": 10}}, {"type": "Feature", "geometry": {"type": "Point", "coordinates": [14.75, 54.0]}, "properties": {"value": 5.837, "time": "2025-12-01T10:00:00", "date": "2025-12-01", "hour": 10}}, {"type": "Feature", "geometry": {"type": "Point", "coordinates": [5.0, 54.25]}, "properties": {"value": 11.138, "time": "2025-12-01T10:00:00", "date": "2025-12-01", "hour": 10}}, {"type": "Feature", "geometry": {"type": "Point", "coordinates": [5.25, 54.25]}, "properties": {"value": 11.073, "time": "2025-12-01T10:00:00", "date": "2025-12-01", "hour": 10}}, {"type": "Feature", "geometry": {"type": "Point", "coordinates": [5.5, 54.25]}, "properties": {"value": 11.028, "time": "2025-12-01T10:00:00", "date": "2025-12-01", "hour": 10}}, {"type": "Feature", "geometry": {"type": "Point", "coordinates": [5.75, 54.25]}, "properties": {"value": 10.833, "time": "2025-12-01T10:00:00", "date": "2025-12-01", "hour": 10}}, {"type": "Feature", "geometry": {"type": "Point", "coordinates": [6.0, 54.25]}, "properties": {"value": 10.724, "time": "2025-12-01T10:00:00", "date": "2025-12-01", "hour": 10}}, {"type": "Feature", "geometry": {"type": "Point", "coordinates": [6.25, 54.25]}, "properties": {"value": 10.514, "time": "2025-12-01T10:00:00", "date": "2025-12-01", "hour": 10}}, {"type": "Feature", "geometry": {"type": "Point", "coordinates": [6.5, 54.25]}, "properties": {"value": 10.357, "time": "2025-12-01T10:00:00", "date": "2025-12-01", "hour": 10}}, {"type": "Feature", "geometry": {"type": "Point", "coordinates": [6.75, 54.25]}, "properties": {"value": 10.216, "time": "2025-12-01T10:00:00", "date": "2025-12-01", "hour": 10}}, {"type": "Feature", "geometry": {"type": "Point", "coordinates": [7.0, 54.25]}, "properties": {"value": 9.99, "time": "2025-12-01T10:00:00", "date": "2025-12-01", "hour": 10}}, {"type": "Feature", "geometry": {"type": "Point", "coordinates": [7.25, 54.25]}, "properties": {"value": 9.88, "time": "2025-12-01T10:00:00", "date": "2025-12-01", "hour": 10}}, {"type": "Feature", "geometry": {"type": "Point", "coordinates": [7.5, 54.25]}, "properties": {"value": 9.945, "time": "2025-12-01T10:00:00", "date": "2025-12-01", "hour": 10}}, {"type": "Feature", "geometry": {"type": "Point", "coordinates": [7.75, 54.25]}, "properties": {"value": 9.603, "time": "2025-12-01T10:00:00", "date": "2025-12-01", "hour": 10}}, {"type": "Feature", "geometry": {"type": "Point", "coordinates": [8.0, 54.25]}, "properties": {"value": 9.35, "time": "2025-12-01T10:00:00", "date": "2025-12-01", "hour": 10}}, {"type": "Feature", "geometry": {"type": "Point", "coordinates": [8.25, 54.25]}, "properties": {"value": 7.977, "time": "2025-12-01T10:00:00", "date": "2025-12-01", "hour": 10}}, {"type": "Feature", "geometry": {"type": "Point", "coordinates": [8.5, 54.25]}, "properties": {"value": 6.56, "time": "2025-12-01T10:00:00", "date": "2025-12-01", "hour": 10}}, {"type": "Feature", "geometry": {"type": "Point", "coordinates": [10.75, 54.25]}, "properties": {"value": 7.086, "time": "2025-12-01T10:00:00", "date": "2025-12-01", "hour": 10}}, {"type": "Feature", "geometry": {"type": "Point", "coordinates": [11.25, 54.25]}, "properties": {"value": 7.105, "time": "2025-12-01T10:00:00", "date": "2025-12-01", "hour": 10}}, {"type": "Feature", "geometry": {"type": "Point", "coordinates": [11.75, 54.25]}, "properties": {"value": 7.016, "time": "2025-12-01T10:00:00", "date": "2025-12-01", "hour": 10}}, {"type": "Feature", "geometry": {"type": "Point", "coordinates": [12.25, 54.25]}, "properties": {"value": 6.849, "time": "2025-12-01T10:00:00", "date": "2025-12-01", "hour": 10}}, {"type": "Feature", "geometry": {"type": "Point", "coordinates": [13.75, 54.25]}, "properties": {"value": 5.402, "time": "2025-12-01T10:00:00", "date": "2025-12-01", "hour": 10}}, {"type": "Feature", "geometry": {"type": "Point", "coordinates": [14.0, 54.25]}, "properties": {"value": 5.783, "time": "2025-12-01T10:00:00", "date": "2025-12-01", "hour": 10}}, {"type": "Feature", "geometry": {"type": "Point", "coordinates": [14.25, 54.25]}, "properties": {"value": 6.141, "time": "2025-12-01T10:00:00", "date": "2025-12-01", "hour": 10}}, {"type": "Feature", "geometry": {"type": "Point", "coordinates": [14.5, 54.25]}, "properties": {"value": 6.004, "time": "2025-12-01T10:00:00", "date": "2025-12-01", "hour": 10}}, {"type": "Feature", "geometry": {"type": "Point", "coordinates": [14.75, 54.25]}, "properties": {"value": 6.275, "time": "2025-12-01T10:00:00", "date": "2025-12-01", "hour": 10}}, {"type": "Feature", "geometry": {"type": "Point", "coordinates": [15.0, 54.25]}, "properties": {"value": 6.996, "time": "2025-12-01T10:00:00", "date": "2025-12-01", "hour": 10}}, {"type": "Feature", "geometry": {"type": "Point", "coordinates": [5.0, 54.5]}, "properties": {"value": 11.234, "time": "2025-12-01T10:00:00", "date": "2025-12-01", "hour": 10}}, {"type": "Feature", "geometry": {"type": "Point", "coordinates": [5.25, 54.5]}, "properties": {"value": 11.227, "time": "2025-12-01T10:00:00", "date": "2025-12-01", "hour": 10}}, {"type": "Feature", "geometry": {"type": "Point", "coordinates": [5.5, 54.5]}, "properties": {"value": 11.182, "time": "2025-12-01T10:00:00", "date": "2025-12-01", "hour": 10}}, {"type": "Feature", "geometry": {"type": "Point", "coordinates": [5.75, 54.5]}, "properties": {"value": 11.111, "time": "2025-12-01T10:00:00", "date": "2025-12-01", "hour": 10}}, {"type": "Feature", "geometry": {"type": "Point", "coordinates": [6.0, 54.5]}, "properties": {"value": 10.996, "time": "2025-12-01T10:00:00", "date": "2025-12-01", "hour": 10}}, {"type": "Feature", "geometry": {"type": "Point", "coordinates": [6.25, 54.5]}, "properties": {"value": 10.846, "time": "2025-12-01T10:00:00", "date": "2025-12-01", "hour": 10}}, {"type": "Feature", "geometry": {"type": "Point", "coordinates": [6.5, 54.5]}, "properties": {"value": 10.674, "time": "2025-12-01T10:00:00", "date": "2025-12-01", "hour": 10}}, {"type": "Feature", "geometry": {"type": "Point", "coordinates": [6.75, 54.5]}, "properties": {"value": 10.476, "time": "2025-12-01T10:00:00", "date": "2025-12-01", "hour": 10}}, {"type": "Feature", "geometry": {"type": "Point", "coordinates": [7.0, 54.5]}, "properties": {"value": 10.35, "time": "2025-12-01T10:00:00", "date": "2025-12-01", "hour": 10}}, {"type": "Feature", "geometry": {"type": "Point", "coordinates": [7.25, 54.5]}, "properties": {"value": 10.159, "time": "2025-12-01T10:00:00", "date": "2025-12-01", "hour": 10}}, {"type": "Feature", "geometry": {"type": "Point", "coordinates": [7.5, 54.5]}, "properties": {"value": 10.163, "time": "2025-12-01T10:00:00", "date": "2025-12-01", "hour": 10}}, {"type": "Feature", "geometry": {"type": "Point", "coordinates": [7.75, 54.5]}, "properties": {"value": 9.648, "time": "2025-12-01T10:00:00", "date": "2025-12-01", "hour": 10}}, {"type": "Feature", "geometry": {"type": "Point", "coordinates": [8.0, 54.5]}, "properties": {"value": 8.637, "time": "2025-12-01T10:00:00", "date": "2025-12-01", "hour": 10}}, {"type": "Feature", "geometry": {"type": "Point", "coordinates": [8.25, 54.5]}, "properties": {"value": 7.143, "time": "2025-12-01T10:00:00", "date": "2025-12-01", "hour": 10}}, {"type": "Feature", "geometry": {"type": "Point", "coordinates": [8.5, 54.5]}, "properties": {"value": 5.947, "time": "2025-12-01T10:00:00", "date": "2025-12-01", "hour": 10}}, {"type": "Feature", "geometry": {"type": "Point", "coordinates": [10.5, 54.5]}, "properties": {"value": 7.425, "time": "2025-12-01T10:00:00", "date": "2025-12-01", "hour": 10}}, {"type": "Feature", "geometry": {"type": "Point", "coordinates": [10.75, 54.5]}, "properties": {"value": 7.25, "time": "2025-12-01T10:00:00", "date": "2025-12-01", "hour": 10}}, {"type": "Feature", "geometry": {"type": "Point", "coordinates": [11.0, 54.5]}, "properties": {"value": 6.818, "time": "2025-12-01T10:00:00", "date": "2025-12-01", "hour": 10}}, {"type": "Feature", "geometry": {"type": "Point", "coordinates": [11.25, 54.5]}, "properties": {"value": 6.904, "time": "2025-12-01T10:00:00", "date": "2025-12-01", "hour": 10}}, {"type": "Feature", "geometry": {"type": "Point", "coordinates": [11.5, 54.5]}, "properties": {"value": 6.78, "time": "2025-12-01T10:00:00", "date": "2025-12-01", "hour": 10}}, {"type": "Feature", "geometry": {"type": "Point", "coordinates": [11.75, 54.5]}, "properties": {"value": 7.055, "time": "2025-12-01T10:00:00", "date": "2025-12-01", "hour": 10}}, {"type": "Feature", "geometry": {"type": "Point", "coordinates": [12.0, 54.5]}, "properties": {"value": 7.145, "time": "2025-12-01T10:00:00", "date": "2025-12-01", "hour": 10}}, {"type": "Feature", "geometry": {"type": "Point", "coordinates": [12.25, 54.5]}, "properties": {"value": 7.114, "time": "2025-12-01T10:00:00", "date": "2025-12-01", "hour": 10}}, {"type": "Feature", "geometry": {"type": "Point", "coordinates": [13.0, 54.5]}, "properties": {"value": 7.342, "time": "2025-12-01T10:00:00", "date": "2025-12-01", "hour": 10}}, {"type": "Feature", "geometry": {"type": "Point", "coordinates": [13.25, 54.5]}, "properties": {"value": 6.737, "time": "2025-12-01T10:00:00", "date": "2025-12-01", "hour": 10}}, {"type": "Feature", "geometry": {"type": "Point", "coordinates": [13.5, 54.5]}, "properties": {"value": 6.579, "time": "2025-12-01T10:00:00", "date": "2025-12-01", "hour": 10}}, {"type": "Feature", "geometry": {"type": "Point", "coordinates": [13.75, 54.5]}, "properties": {"value": 6.536, "time": "2025-12-01T10:00:00", "date": "2025-12-01", "hour": 10}}, {"type": "Feature", "geometry": {"type": "Point", "coordinates": [14.0, 54.5]}, "properties": {"value": 6.82, "time": "2025-12-01T10:00:00", "date": "2025-12-01", "hour": 10}}, {"type": "Feature", "geometry": {"type": "Point", "coordinates": [14.25, 54.5]}, "properties": {"value": 6.796, "time": "2025-12-01T10:00:00", "date": "2025-12-01", "hour": 10}}, {"type": "Feature", "geometry": {"type": "Point", "coordinates": [14.5, 54.5]}, "properties": {"value": 6.964, "time": "2025-12-01T10:00:00", "date": "2025-12-01", "hour": 10}}, {"type": "Feature", "geometry": {"type": "Point", "coordinates": [14.75, 54.5]}, "properties": {"value": 7.362, "time": "2025-12-01T10:00:00", "date": "2025-12-01", "hour": 10}}, {"type": "Feature", "geometry": {"type": "Point", "coordinates": [15.0, 54.5]}, "properties": {"value": 8.121, "time": "2025-12-01T10:00:00", "date": "2025-12-01", "hour": 10}}, {"type": "Feature", "geometry": {"type": "Point", "coordinates": [5.0, 54.75]}, "properties": {"value": 11.377, "time": "2025-12-01T10:00:00", "date": "2025-12-01", "hour": 10}}, {"type": "Feature", "geometry": {"type": "Point", "coordinates": [5.25, 54.75]}, "properties": {"value": 11.37, "time": "2025-12-01T10:00:00", "date": "2025-12-01", "hour": 10}}, {"type": "Feature", "geometry": {"type": "Point", "coordinates": [5.5, 54.75]}, "properties": {"value": 11.325, "time": "2025-12-01T10:00:00", "date": "2025-12-01", "hour": 10}}, {"type": "Feature", "geometry": {"type": "Point", "coordinates": [5.75, 54.75]}, "properties": {"value": 11.295, "time": "2025-12-01T10:00:00", "date": "2025-12-01", "hour": 10}}, {"type": "Feature", "geometry": {"type": "Point", "coordinates": [6.0, 54.75]}, "properties": {"value": 11.17, "time": "2025-12-01T10:00:00", "date": "2025-12-01", "hour": 10}}, {"type": "Feature", "geometry": {"type": "Point", "coordinates": [6.25, 54.75]}, "properties": {"value": 11.021, "time": "2025-12-01T10:00:00", "date": "2025-12-01", "hour": 10}}, {"type": "Feature", "geometry": {"type": "Point", "coordinates": [6.5, 54.75]}, "properties": {"value": 10.874, "time": "2025-12-01T10:00:00", "date": "2025-12-01", "hour": 10}}, {"type": "Feature", "geometry": {"type": "Point", "coordinates": [6.75, 54.75]}, "properties": {"value": 10.739, "time": "2025-12-01T10:00:00", "date": "2025-12-01", "hour": 10}}, {"type": "Feature", "geometry": {"type": "Point", "coordinates": [7.0, 54.75]}, "properties": {"value": 10.652, "time": "2025-12-01T10:00:00", "date": "2025-12-01", "hour": 10}}, {"type": "Feature", "geometry": {"type": "Point", "coordinates": [7.25, 54.75]}, "properties": {"value": 10.445, "time": "2025-12-01T10:00:00", "date": "2025-12-01", "hour": 10}}, {"type": "Feature", "geometry": {"type": "Point", "coordinates": [7.5, 54.75]}, "properties": {"value": 10.14, "time": "2025-12-01T10:00:00", "date": "2025-12-01", "hour": 10}}, {"type": "Feature", "geometry": {"type": "Point", "coordinates": [7.75, 54.75]}, "properties": {"value": 9.109, "time": "2025-12-01T10:00:00", "date": "2025-12-01", "hour": 10}}, {"type": "Feature", "geometry": {"type": "Point", "coordinates": [8.0, 54.75]}, "properties": {"value": 8.069, "time": "2025-12-01T10:00:00", "date": "2025-12-01", "hour": 10}}, {"type": "Feature", "geometry": {"type": "Point", "coordinates": [8.25, 54.75]}, "properties": {"value": 6.601, "time": "2025-12-01T10:00:00", "date": "2025-12-01", "hour": 10}}, {"type": "Feature", "geometry": {"type": "Point", "coordinates": [8.5, 54.75]}, "properties": {"value": 5.543, "time": "2025-12-01T10:00:00", "date": "2025-12-01", "hour": 10}}, {"type": "Feature", "geometry": {"type": "Point", "coordinates": [10.25, 54.75]}, "properties": {"value": 7.504, "time": "2025-12-01T10:00:00", "date": "2025-12-01", "hour": 10}}, {"type": "Feature", "geometry": {"type": "Point", "coordinates": [10.5, 54.75]}, "properties": {"value": 7.41, "time": "2025-12-01T10:00:00", "date": "2025-12-01", "hour": 10}}, {"type": "Feature", "geometry": {"type": "Point", "coordinates": [10.75, 54.75]}, "properties": {"value": 7.238, "time": "2025-12-01T10:00:00", "date": "2025-12-01", "hour": 10}}, {"type": "Feature", "geometry": {"type": "Point", "coordinates": [11.0, 54.75]}, "properties": {"value": 6.764, "time": "2025-12-01T10:00:00", "date": "2025-12-01", "hour": 10}}, {"type": "Feature", "geometry": {"type": "Point", "coordinates": [11.25, 54.75]}, "properties": {"value": 6.362, "time": "2025-12-01T10:00:00", "date": "2025-12-01", "hour": 10}}, {"type": "Feature", "geometry": {"type": "Point", "coordinates": [11.5, 54.75]}, "properties": {"value": 6.158, "time": "2025-12-01T10:00:00", "date": "2025-12-01", "hour": 10}}, {"type": "Feature", "geometry": {"type": "Point", "coordinates": [12.0, 54.75]}, "properties": {"value": 6.814, "time": "2025-12-01T10:00:00", "date": "2025-12-01", "hour": 10}}, {"type": "Feature", "geometry": {"type": "Point", "coordinates": [12.25, 54.75]}, "properties": {"value": 7.346, "time": "2025-12-01T10:00:00", "date": "2025-12-01", "hour": 10}}, {"type": "Feature", "geometry": {"type": "Point", "coordinates": [12.5, 54.75]}, "properties": {"value": 7.81, "time": "2025-12-01T10:00:00", "date": "2025-12-01", "hour": 10}}, {"type": "Feature", "geometry": {"type": "Point", "coordinates": [12.75, 54.75]}, "properties": {"value": 7.889, "time": "2025-12-01T10:00:00", "date": "2025-12-01", "hour": 10}}, {"type": "Feature", "geometry": {"type": "Point", "coordinates": [13.0, 54.75]}, "properties": {"value": 7.566, "time": "2025-12-01T10:00:00", "date": "2025-12-01", "hour": 10}}, {"type": "Feature", "geometry": {"type": "Point", "coordinates": [13.25, 54.75]}, "properties": {"value": 7.671, "time": "2025-12-01T10:00:00", "date": "2025-12-01", "hour": 10}}, {"type": "Feature", "geometry": {"type": "Point", "coordinates": [13.5, 54.75]}, "properties": {"value": 7.972, "time": "2025-12-01T10:00:00", "date": "2025-12-01", "hour": 10}}, {"type": "Feature", "geometry": {"type": "Point", "coordinates": [13.75, 54.75]}, "properties": {"value": 7.929, "time": "2025-12-01T10:00:00", "date": "2025-12-01", "hour": 10}}, {"type": "Feature", "geometry": {"type": "Point", "coordinates": [14.0, 54.75]}, "properties": {"value": 7.74, "time": "2025-12-01T10:00:00", "date": "2025-12-01", "hour": 10}}, {"type": "Feature", "geometry": {"type": "Point", "coordinates": [14.25, 54.75]}, "properties": {"value": 7.718, "time": "2025-12-01T10:00:00", "date": "2025-12-01", "hour": 10}}, {"type": "Feature", "geometry": {"type": "Point", "coordinates": [14.5, 54.75]}, "properties": {"value": 8.043, "time": "2025-12-01T10:00:00", "date": "2025-12-01", "hour": 10}}, {"type": "Feature", "geometry": {"type": "Point", "coordinates": [14.75, 54.75]}, "properties": {"value": 8.412, "time": "2025-12-01T10:00:00", "date": "2025-12-01", "hour": 10}}, {"type": "Feature", "geometry": {"type": "Point", "coordinates": [15.0, 54.75]}, "properties": {"value": 8.611, "time": "2025-12-01T10:00:00", "date": "2025-12-01", "hour": 10}}, {"type": "Feature", "geometry": {"type": "Point", "coordinates": [5.0, 55.0]}, "properties": {"value": 11.326, "time": "2025-12-01T10:00:00", "date": "2025-12-01", "hour": 10}}, {"type": "Feature", "geometry": {"type": "Point", "coordinates": [5.25, 55.0]}, "properties": {"value": 11.343, "time": "2025-12-01T10:00:00", "date": "2025-12-01", "hour": 10}}, {"type": "Feature", "geometry": {"type": "Point", "coordinates": [5.5, 55.0]}, "properties": {"value": 11.327, "time": "2025-12-01T10:00:00", "date": "2025-12-01", "hour": 10}}, {"type": "Feature", "geometry": {"type": "Point", "coordinates": [5.75, 55.0]}, "properties": {"value": 11.297, "time": "2025-12-01T10:00:00", "date": "2025-12-01", "hour": 10}}, {"type": "Feature", "geometry": {"type": "Point", "coordinates": [6.0, 55.0]}, "properties": {"value": 11.252, "time": "2025-12-01T10:00:00", "date": "2025-12-01", "hour": 10}}, {"type": "Feature", "geometry": {"type": "Point", "coordinates": [6.25, 55.0]}, "properties": {"value": 11.197, "time": "2025-12-01T10:00:00", "date": "2025-12-01", "hour": 10}}, {"type": "Feature", "geometry": {"type": "Point", "coordinates": [6.5, 55.0]}, "properties": {"value": 11.076, "time": "2025-12-01T10:00:00", "date": "2025-12-01", "hour": 10}}, {"type": "Feature", "geometry": {"type": "Point", "coordinates": [6.75, 55.0]}, "properties": {"value": 10.934, "time": "2025-12-01T10:00:00", "date": "2025-12-01", "hour": 10}}, {"type": "Feature", "geometry": {"type": "Point", "coordinates": [7.0, 55.0]}, "properties": {"value": 10.756, "time": "2025-12-01T10:00:00", "date": "2025-12-01", "hour": 10}}, {"type": "Feature", "geometry": {"type": "Point", "coordinates": [7.25, 55.0]}, "properties": {"value": 10.379, "time": "2025-12-01T10:00:00", "date": "2025-12-01", "hour": 10}}, {"type": "Feature", "geometry": {"type": "Point", "coordinates": [7.5, 55.0]}, "properties": {"value": 10.018, "time": "2025-12-01T10:00:00", "date": "2025-12-01", "hour": 10}}, {"type": "Feature", "geometry": {"type": "Point", "coordinates": [7.75, 55.0]}, "properties": {"value": 8.956, "time": "2025-12-01T10:00:00", "date": "2025-12-01", "hour": 10}}, {"type": "Feature", "geometry": {"type": "Point", "coordinates": [8.0, 55.0]}, "properties": {"value": 7.974, "time": "2025-12-01T10:00:00", "date": "2025-12-01", "hour": 10}}, {"type": "Feature", "geometry": {"type": "Point", "coordinates": [8.25, 55.0]}, "properties": {"value": 6.612, "time": "2025-12-01T10:00:00", "date": "2025-12-01", "hour": 10}}, {"type": "Feature", "geometry": {"type": "Point", "coordinates": [8.5, 55.0]}, "properties": {"value": 5.574, "time": "2025-12-01T10:00:00", "date": "2025-12-01", "hour": 10}}, {"type": "Feature", "geometry": {"type": "Point", "coordinates": [10.25, 55.0]}, "properties": {"value": 6.633, "time": "2025-12-01T10:00:00", "date": "2025-12-01", "hour": 10}}, {"type": "Feature", "geometry": {"type": "Point", "coordinates": [10.5, 55.0]}, "properties": {"value": 6.71, "time": "2025-12-01T10:00:00", "date": "2025-12-01", "hour": 10}}, {"type": "Feature", "geometry": {"type": "Point", "coordinates": [10.75, 55.0]}, "properties": {"value": 6.785, "time": "2025-12-01T10:00:00", "date": "2025-12-01", "hour": 10}}, {"type": "Feature", "geometry": {"type": "Point", "coordinates": [11.0, 55.0]}, "properties": {"value": 6.573, "time": "2025-12-01T10:00:00", "date": "2025-12-01", "hour": 10}}, {"type": "Feature", "geometry": {"type": "Point", "coordinates": [11.25, 55.0]}, "properties": {"value": 6.254, "time": "2025-12-01T10:00:00", "date": "2025-12-01", "hour": 10}}, {"type": "Feature", "geometry": {"type": "Point", "coordinates": [11.5, 55.0]}, "properties": {"value": 6.016, "time": "2025-12-01T10:00:00", "date": "2025-12-01", "hour": 10}}, {"type": "Feature", "geometry": {"type": "Point", "coordinates": [11.75, 55.0]}, "properties": {"value": 5.739, "time": "2025-12-01T10:00:00", "date": "2025-12-01", "hour": 10}}, {"type": "Feature", "geometry": {"type": "Point", "coordinates": [12.0, 55.0]}, "properties": {"value": 6.229, "time": "2025-12-01T10:00:00", "date": "2025-12-01", "hour": 10}}, {"type": "Feature", "geometry": {"type": "Point", "coordinates": [12.25, 55.0]}, "properties": {"value": 6.941, "time": "2025-12-01T10:00:00", "date": "2025-12-01", "hour": 10}}, {"type": "Feature", "geometry": {"type": "Point", "coordinates": [12.5, 55.0]}, "properties": {"value": 7.794, "time": "2025-12-01T10:00:00", "date": "2025-12-01", "hour": 10}}, {"type": "Feature", "geometry": {"type": "Point", "coordinates": [12.75, 55.0]}, "properties": {"value": 8.024, "time": "2025-12-01T10:00:00", "date": "2025-12-01", "hour": 10}}, {"type": "Feature", "geometry": {"type": "Point", "coordinates": [13.0, 55.0]}, "properties": {"value": 8.186, "time": "2025-12-01T10:00:00", "date": "2025-12-01", "hour": 10}}, {"type": "Feature", "geometry": {"type": "Point", "coordinates": [13.25, 55.0]}, "properties": {"value": 8.29, "time": "2025-12-01T10:00:00", "date": "2025-12-01", "hour": 10}}, {"type": "Feature", "geometry": {"type": "Point", "coordinates": [13.5, 55.0]}, "properties": {"value": 8.34, "time": "2025-12-01T10:00:00", "date": "2025-12-01", "hour": 10}}, {"type": "Feature", "geometry": {"type": "Point", "coordinates": [13.75, 55.0]}, "properties": {"value": 8.402, "time": "2025-12-01T10:00:00", "date": "2025-12-01", "hour": 10}}, {"type": "Feature", "geometry": {"type": "Point", "coordinates": [14.0, 55.0]}, "properties": {"value": 8.359, "time": "2025-12-01T10:00:00", "date": "2025-12-01", "hour": 10}}, {"type": "Feature", "geometry": {"type": "Point", "coordinates": [14.25, 55.0]}, "properties": {"value": 8.27, "time": "2025-12-01T10:00:00", "date": "2025-12-01", "hour": 10}}, {"type": "Feature", "geometry": {"type": "Point", "coordinates": [14.5, 55.0]}, "properties": {"value": 8.167, "time": "2025-12-01T10:00:00", "date": "2025-12-01", "hour": 10}}, {"type": "Feature", "geometry": {"type": "Point", "coordinates": [14.75, 55.0]}, "properties": {"value": 8.191, "time": "2025-12-01T10:00:00", "date": "2025-12-01", "hour": 10}}, {"type": "Feature", "geometry": {"type": "Point", "coordinates": [15.0, 55.0]}, "properties": {"value": 8.269, "time": "2025-12-01T10:00:00", "date": "2025-12-01", "hour": 10}}, {"type": "Feature", "geometry": {"type": "Point", "coordinates": [5.25, 52.75]}, "properties": {"value": 5.87, "time": "2025-12-01T11:00:00", "date": "2025-12-01", "hour": 11}}, {"type": "Feature", "geometry": {"type": "Point", "coordinates": [5.5, 52.75]}, "properties": {"value": 5.874, "time": "2025-12-01T11:00:00", "date": "2025-12-01", "hour": 11}}, {"type": "Feature", "geometry": {"type": "Point", "coordinates": [5.0, 53.0]}, "properties": {"value": 7.136, "time": "2025-12-01T11:00:00", "date": "2025-12-01", "hour": 11}}, {"type": "Feature", "geometry": {"type": "Point", "coordinates": [5.25, 53.0]}, "properties": {"value": 6.372, "time": "2025-12-01T11:00:00", "date": "2025-12-01", "hour": 11}}, {"type": "Feature", "geometry": {"type": "Point", "coordinates": [5.5, 53.0]}, "properties": {"value": 5.806, "time": "2025-12-01T11:00:00", "date": "2025-12-01", "hour": 11}}, {"type": "Feature", "geometry": {"type": "Point", "coordinates": [5.0, 53.25]}, "properties": {"value": 8.133, "time": "2025-12-01T11:00:00", "date": "2025-12-01", "hour": 11}}, {"type": "Feature", "geometry": {"type": "Point", "coordinates": [5.25, 53.25]}, "properties": {"value": 7.078, "time": "2025-12-01T11:00:00", "date": "2025-12-01", "hour": 11}}, {"type": "Feature", "geometry": {"type": "Point", "coordinates": [5.5, 53.25]}, "properties": {"value": 6.443, "time": "2025-12-01T11:00:00", "date": "2025-12-01", "hour": 11}}, {"type": "Feature", "geometry": {"type": "Point", "coordinates": [5.0, 53.5]}, "properties": {"value": 9.858, "time": "2025-12-01T11:00:00", "date": "2025-12-01", "hour": 11}}, {"type": "Feature", "geometry": {"type": "Point", "coordinates": [5.25, 53.5]}, "properties": {"value": 9.263, "time": "2025-12-01T11:00:00", "date": "2025-12-01", "hour": 11}}, {"type": "Feature", "geometry": {"type": "Point", "coordinates": [5.5, 53.5]}, "properties": {"value": 9.037, "time": "2025-12-01T11:00:00", "date": "2025-12-01", "hour": 11}}, {"type": "Feature", "geometry": {"type": "Point", "coordinates": [5.75, 53.5]}, "properties": {"value": 8.363, "time": "2025-12-01T11:00:00", "date": "2025-12-01", "hour": 11}}, {"type": "Feature", "geometry": {"type": "Point", "coordinates": [6.0, 53.5]}, "properties": {"value": 7.583, "time": "2025-12-01T11:00:00", "date": "2025-12-01", "hour": 11}}, {"type": "Feature", "geometry": {"type": "Point", "coordinates": [6.25, 53.5]}, "properties": {"value": 6.762, "time": "2025-12-01T11:00:00", "date": "2025-12-01", "hour": 11}}, {"type": "Feature", "geometry": {"type": "Point", "coordinates": [6.5, 53.5]}, "properties": {"value": 6.362, "time": "2025-12-01T11:00:00", "date": "2025-12-01", "hour": 11}}, {"type": "Feature", "geometry": {"type": "Point", "coordinates": [6.75, 53.5]}, "properties": {"value": 5.656, "time": "2025-12-01T11:00:00", "date": "2025-12-01", "hour": 11}}, {"type": "Feature", "geometry": {"type": "Point", "coordinates": [5.0, 53.75]}, "properties": {"value": 10.558, "time": "2025-12-01T11:00:00", "date": "2025-12-01", "hour": 11}}, {"type": "Feature", "geometry": {"type": "Point", "coordinates": [5.25, 53.75]}, "properties": {"value": 10.271, "time": "2025-12-01T11:00:00", "date": "2025-12-01", "hour": 11}}, {"type": "Feature", "geometry": {"type": "Point", "coordinates": [5.5, 53.75]}, "properties": {"value": 10.048, "time": "2025-12-01T11:00:00", "date": "2025-12-01", "hour": 11}}, {"type": "Feature", "geometry": {"type": "Point", "coordinates": [5.75, 53.75]}, "properties": {"value": 9.769, "time": "2025-12-01T11:00:00", "date": "2025-12-01", "hour": 11}}, {"type": "Feature", "geometry": {"type": "Point", "coordinates": [6.0, 53.75]}, "properties": {"value": 9.163, "time": "2025-12-01T11:00:00", "date": "2025-12-01", "hour": 11}}, {"type": "Feature", "geometry": {"type": "Point", "coordinates": [6.25, 53.75]}, "properties": {"value": 8.853, "time": "2025-12-01T11:00:00", "date": "2025-12-01", "hour": 11}}, {"type": "Feature", "geometry": {"type": "Point", "coordinates": [6.5, 53.75]}, "properties": {"value": 8.424, "time": "2025-12-01T11:00:00", "date": "2025-12-01", "hour": 11}}, {"type": "Feature", "geometry": {"type": "Point", "coordinates": [6.75, 53.75]}, "properties": {"value": 7.902, "time": "2025-12-01T11:00:00", "date": "2025-12-01", "hour": 11}}, {"type": "Feature", "geometry": {"type": "Point", "coordinates": [7.0, 53.75]}, "properties": {"value": 8.203, "time": "2025-12-01T11:00:00", "date": "2025-12-01", "hour": 11}}, {"type": "Feature", "geometry": {"type": "Point", "coordinates": [7.25, 53.75]}, "properties": {"value": 7.675, "time": "2025-12-01T11:00:00", "date": "2025-12-01", "hour": 11}}, {"type": "Feature", "geometry": {"type": "Point", "coordinates": [7.5, 53.75]}, "properties": {"value": 7.903, "time": "2025-12-01T11:00:00", "date": "2025-12-01", "hour": 11}}, {"type": "Feature", "geometry": {"type": "Point", "coordinates": [7.75, 53.75]}, "properties": {"value": 7.942, "time": "2025-12-01T11:00:00", "date": "2025-12-01", "hour": 11}}, {"type": "Feature", "geometry": {"type": "Point", "coordinates": [8.0, 53.75]}, "properties": {"value": 7.827, "time": "2025-12-01T11:00:00", "date": "2025-12-01", "hour": 11}}, {"type": "Feature", "geometry": {"type": "Point", "coordinates": [8.25, 53.75]}, "properties": {"value": 7.053, "time": "2025-12-01T11:00:00", "date": "2025-12-01", "hour": 11}}, {"type": "Feature", "geometry": {"type": "Point", "coordinates": [8.5, 53.75]}, "properties": {"value": 6.125, "time": "2025-12-01T11:00:00", "date": "2025-12-01", "hour": 11}}, {"type": "Feature", "geometry": {"type": "Point", "coordinates": [8.75, 53.75]}, "properties": {"value": 6.125, "time": "2025-12-01T11:00:00", "date": "2025-12-01", "hour": 11}}, {"type": "Feature", "geometry": {"type": "Point", "coordinates": [14.25, 53.75]}, "properties": {"value": 3.644, "time": "2025-12-01T11:00:00", "date": "2025-12-01", "hour": 11}}, {"type": "Feature", "geometry": {"type": "Point", "coordinates": [14.5, 53.75]}, "properties": {"value": 3.644, "time": "2025-12-01T11:00:00", "date": "2025-12-01", "hour": 11}}, {"type": "Feature", "geometry": {"type": "Point", "coordinates": [5.0, 54.0]}, "properties": {"value": 10.988, "time": "2025-12-01T11:00:00", "date": "2025-12-01", "hour": 11}}, {"type": "Feature", "geometry": {"type": "Point", "coordinates": [5.25, 54.0]}, "properties": {"value": 10.926, "time": "2025-12-01T11:00:00", "date": "2025-12-01", "hour": 11}}, {"type": "Feature", "geometry": {"type": "Point", "coordinates": [5.5, 54.0]}, "properties": {"value": 10.704, "time": "2025-12-01T11:00:00", "date": "2025-12-01", "hour": 11}}, {"type": "Feature", "geometry": {"type": "Point", "coordinates": [5.75, 54.0]}, "properties": {"value": 10.472, "time": "2025-12-01T11:00:00", "date": "2025-12-01", "hour": 11}}, {"type": "Feature", "geometry": {"type": "Point", "coordinates": [6.0, 54.0]}, "properties": {"value": 10.25, "time": "2025-12-01T11:00:00", "date": "2025-12-01", "hour": 11}}, {"type": "Feature", "geometry": {"type": "Point", "coordinates": [6.25, 54.0]}, "properties": {"value": 9.99, "time": "2025-12-01T11:00:00", "date": "2025-12-01", "hour": 11}}, {"type": "Feature", "geometry": {"type": "Point", "coordinates": [6.5, 54.0]}, "properties": {"value": 9.624, "time": "2025-12-01T11:00:00", "date": "2025-12-01", "hour": 11}}, {"type": "Feature", "geometry": {"type": "Point", "coordinates": [6.75, 54.0]}, "properties": {"value": 9.527, "time": "2025-12-01T11:00:00", "date": "2025-12-01", "hour": 11}}, {"type": "Feature", "geometry": {"type": "Point", "coordinates": [7.0, 54.0]}, "properties": {"value": 9.269, "time": "2025-12-01T11:00:00", "date": "2025-12-01", "hour": 11}}, {"type": "Feature", "geometry": {"type": "Point", "coordinates": [7.25, 54.0]}, "properties": {"value": 8.917, "time": "2025-12-01T11:00:00", "date": "2025-12-01", "hour": 11}}, {"type": "Feature", "geometry": {"type": "Point", "coordinates": [7.5, 54.0]}, "properties": {"value": 9.058, "time": "2025-12-01T11:00:00", "date": "2025-12-01", "hour": 11}}, {"type": "Feature", "geometry": {"type": "Point", "coordinates": [7.75, 54.0]}, "properties": {"value": 9.069, "time": "2025-12-01T11:00:00", "date": "2025-12-01", "hour": 11}}, {"type": "Feature", "geometry": {"type": "Point", "coordinates": [8.0, 54.0]}, "properties": {"value": 8.935, "time": "2025-12-01T11:00:00", "date": "2025-12-01", "hour": 11}}, {"type": "Feature", "geometry": {"type": "Point", "coordinates": [8.25, 54.0]}, "properties": {"value": 8.35, "time": "2025-12-01T11:00:00", "date": "2025-12-01", "hour": 11}}, {"type": "Feature", "geometry": {"type": "Point", "coordinates": [8.5, 54.0]}, "properties": {"value": 6.885, "time": "2025-12-01T11:00:00", "date": "2025-12-01", "hour": 11}}, {"type": "Feature", "geometry": {"type": "Point", "coordinates": [11.25, 54.0]}, "properties": {"value": 6.933, "time": "2025-12-01T11:00:00", "date": "2025-12-01", "hour": 11}}, {"type": "Feature", "geometry": {"type": "Point", "coordinates": [14.0, 54.0]}, "properties": {"value": 5.097, "time": "2025-12-01T11:00:00", "date": "2025-12-01", "hour": 11}}, {"type": "Feature", "geometry": {"type": "Point", "coordinates": [14.25, 54.0]}, "properties": {"value": 5.69, "time": "2025-12-01T11:00:00", "date": "2025-12-01", "hour": 11}}, {"type": "Feature", "geometry": {"type": "Point", "coordinates": [14.5, 54.0]}, "properties": {"value": 5.4, "time": "2025-12-01T11:00:00", "date": "2025-12-01", "hour": 11}}, {"type": "Feature", "geometry": {"type": "Point", "coordinates": [14.75, 54.0]}, "properties": {"value": 5.837, "time": "2025-12-01T11:00:00", "date": "2025-12-01", "hour": 11}}, {"type": "Feature", "geometry": {"type": "Point", "coordinates": [5.0, 54.25]}, "properties": {"value": 11.138, "time": "2025-12-01T11:00:00", "date": "2025-12-01", "hour": 11}}, {"type": "Feature", "geometry": {"type": "Point", "coordinates": [5.25, 54.25]}, "properties": {"value": 11.073, "time": "2025-12-01T11:00:00", "date": "2025-12-01", "hour": 11}}, {"type": "Feature", "geometry": {"type": "Point", "coordinates": [5.5, 54.25]}, "properties": {"value": 11.028, "time": "2025-12-01T11:00:00", "date": "2025-12-01", "hour": 11}}, {"type": "Feature", "geometry": {"type": "Point", "coordinates": [5.75, 54.25]}, "properties": {"value": 10.833, "time": "2025-12-01T11:00:00", "date": "2025-12-01", "hour": 11}}, {"type": "Feature", "geometry": {"type": "Point", "coordinates": [6.0, 54.25]}, "properties": {"value": 10.724, "time": "2025-12-01T11:00:00", "date": "2025-12-01", "hour": 11}}, {"type": "Feature", "geometry": {"type": "Point", "coordinates": [6.25, 54.25]}, "properties": {"value": 10.514, "time": "2025-12-01T11:00:00", "date": "2025-12-01", "hour": 11}}, {"type": "Feature", "geometry": {"type": "Point", "coordinates": [6.5, 54.25]}, "properties": {"value": 10.357, "time": "2025-12-01T11:00:00", "date": "2025-12-01", "hour": 11}}, {"type": "Feature", "geometry": {"type": "Point", "coordinates": [6.75, 54.25]}, "properties": {"value": 10.216, "time": "2025-12-01T11:00:00", "date": "2025-12-01", "hour": 11}}, {"type": "Feature", "geometry": {"type": "Point", "coordinates": [7.0, 54.25]}, "properties": {"value": 9.99, "time": "2025-12-01T11:00:00", "date": "2025-12-01", "hour": 11}}, {"type": "Feature", "geometry": {"type": "Point", "coordinates": [7.25, 54.25]}, "properties": {"value": 9.88, "time": "2025-12-01T11:00:00", "date": "2025-12-01", "hour": 11}}, {"type": "Feature", "geometry": {"type": "Point", "coordinates": [7.5, 54.25]}, "properties": {"value": 9.945, "time": "2025-12-01T11:00:00", "date": "2025-12-01", "hour": 11}}, {"type": "Feature", "geometry": {"type": "Point", "coordinates": [7.75, 54.25]}, "properties": {"value": 9.603, "time": "2025-12-01T11:00:00", "date": "2025-12-01", "hour": 11}}, {"type": "Feature", "geometry": {"type": "Point", "coordinates": [8.0, 54.25]}, "properties": {"value": 9.35, "time": "2025-12-01T11:00:00", "date": "2025-12-01", "hour": 11}}, {"type": "Feature", "geometry": {"type": "Point", "coordinates": [8.25, 54.25]}, "properties": {"value": 7.977, "time": "2025-12-01T11:00:00", "date": "2025-12-01", "hour": 11}}, {"type": "Feature", "geometry": {"type": "Point", "coordinates": [8.5, 54.25]}, "properties": {"value": 6.56, "time": "2025-12-01T11:00:00", "date": "2025-12-01", "hour": 11}}, {"type": "Feature", "geometry": {"type": "Point", "coordinates": [10.75, 54.25]}, "properties": {"value": 7.086, "time": "2025-12-01T11:00:00", "date": "2025-12-01", "hour": 11}}, {"type": "Feature", "geometry": {"type": "Point", "coordinates": [11.25, 54.25]}, "properties": {"value": 7.105, "time": "2025-12-01T11:00:00", "date": "2025-12-01", "hour": 11}}, {"type": "Feature", "geometry": {"type": "Point", "coordinates": [11.75, 54.25]}, "properties": {"value": 7.016, "time": "2025-12-01T11:00:00", "date": "2025-12-01", "hour": 11}}, {"type": "Feature", "geometry": {"type": "Point", "coordinates": [12.25, 54.25]}, "properties": {"value": 6.849, "time": "2025-12-01T11:00:00", "date": "2025-12-01", "hour": 11}}, {"type": "Feature", "geometry": {"type": "Point", "coordinates": [13.75, 54.25]}, "properties": {"value": 5.402, "time": "2025-12-01T11:00:00", "date": "2025-12-01", "hour": 11}}, {"type": "Feature", "geometry": {"type": "Point", "coordinates": [14.0, 54.25]}, "properties": {"value": 5.783, "time": "2025-12-01T11:00:00", "date": "2025-12-01", "hour": 11}}, {"type": "Feature", "geometry": {"type": "Point", "coordinates": [14.25, 54.25]}, "properties": {"value": 6.141, "time": "2025-12-01T11:00:00", "date": "2025-12-01", "hour": 11}}, {"type": "Feature", "geometry": {"type": "Point", "coordinates": [14.5, 54.25]}, "properties": {"value": 6.004, "time": "2025-12-01T11:00:00", "date": "2025-12-01", "hour": 11}}, {"type": "Feature", "geometry": {"type": "Point", "coordinates": [14.75, 54.25]}, "properties": {"value": 6.275, "time": "2025-12-01T11:00:00", "date": "2025-12-01", "hour": 11}}, {"type": "Feature", "geometry": {"type": "Point", "coordinates": [15.0, 54.25]}, "properties": {"value": 6.996, "time": "2025-12-01T11:00:00", "date": "2025-12-01", "hour": 11}}, {"type": "Feature", "geometry": {"type": "Point", "coordinates": [5.0, 54.5]}, "properties": {"value": 11.234, "time": "2025-12-01T11:00:00", "date": "2025-12-01", "hour": 11}}, {"type": "Feature", "geometry": {"type": "Point", "coordinates": [5.25, 54.5]}, "properties": {"value": 11.227, "time": "2025-12-01T11:00:00", "date": "2025-12-01", "hour": 11}}, {"type": "Feature", "geometry": {"type": "Point", "coordinates": [5.5, 54.5]}, "properties": {"value": 11.182, "time": "2025-12-01T11:00:00", "date": "2025-12-01", "hour": 11}}, {"type": "Feature", "geometry": {"type": "Point", "coordinates": [5.75, 54.5]}, "properties": {"value": 11.111, "time": "2025-12-01T11:00:00", "date": "2025-12-01", "hour": 11}}, {"type": "Feature", "geometry": {"type": "Point", "coordinates": [6.0, 54.5]}, "properties": {"value": 10.996, "time": "2025-12-01T11:00:00", "date": "2025-12-01", "hour": 11}}, {"type": "Feature", "geometry": {"type": "Point", "coordinates": [6.25, 54.5]}, "properties": {"value": 10.846, "time": "2025-12-01T11:00:00", "date": "2025-12-01", "hour": 11}}, {"type": "Feature", "geometry": {"type": "Point", "coordinates": [6.5, 54.5]}, "properties": {"value": 10.674, "time": "2025-12-01T11:00:00", "date": "2025-12-01", "hour": 11}}, {"type": "Feature", "geometry": {"type": "Point", "coordinates": [6.75, 54.5]}, "properties": {"value": 10.476, "time": "2025-12-01T11:00:00", "date": "2025-12-01", "hour": 11}}, {"type": "Feature", "geometry": {"type": "Point", "coordinates": [7.0, 54.5]}, "properties": {"value": 10.35, "time": "2025-12-01T11:00:00", "date": "2025-12-01", "hour": 11}}, {"type": "Feature", "geometry": {"type": "Point", "coordinates": [7.25, 54.5]}, "properties": {"value": 10.159, "time": "2025-12-01T11:00:00", "date": "2025-12-01", "hour": 11}}, {"type": "Feature", "geometry": {"type": "Point", "coordinates": [7.5, 54.5]}, "properties": {"value": 10.163, "time": "2025-12-01T11:00:00", "date": "2025-12-01", "hour": 11}}, {"type": "Feature", "geometry": {"type": "Point", "coordinates": [7.75, 54.5]}, "properties": {"value": 9.648, "time": "2025-12-01T11:00:00", "date": "2025-12-01", "hour": 11}}, {"type": "Feature", "geometry": {"type": "Point", "coordinates": [8.0, 54.5]}, "properties": {"value": 8.637, "time": "2025-12-01T11:00:00", "date": "2025-12-01", "hour": 11}}, {"type": "Feature", "geometry": {"type": "Point", "coordinates": [8.25, 54.5]}, "properties": {"value": 7.143, "time": "2025-12-01T11:00:00", "date": "2025-12-01", "hour": 11}}, {"type": "Feature", "geometry": {"type": "Point", "coordinates": [8.5, 54.5]}, "properties": {"value": 5.947, "time": "2025-12-01T11:00:00", "date": "2025-12-01", "hour": 11}}, {"type": "Feature", "geometry": {"type": "Point", "coordinates": [10.5, 54.5]}, "properties": {"value": 7.425, "time": "2025-12-01T11:00:00", "date": "2025-12-01", "hour": 11}}, {"type": "Feature", "geometry": {"type": "Point", "coordinates": [10.75, 54.5]}, "properties": {"value": 7.25, "time": "2025-12-01T11:00:00", "date": "2025-12-01", "hour": 11}}, {"type": "Feature", "geometry": {"type": "Point", "coordinates": [11.0, 54.5]}, "properties": {"value": 6.818, "time": "2025-12-01T11:00:00", "date": "2025-12-01", "hour": 11}}, {"type": "Feature", "geometry": {"type": "Point", "coordinates": [11.25, 54.5]}, "properties": {"value": 6.904, "time": "2025-12-01T11:00:00", "date": "2025-12-01", "hour": 11}}, {"type": "Feature", "geometry": {"type": "Point", "coordinates": [11.5, 54.5]}, "properties": {"value": 6.78, "time": "2025-12-01T11:00:00", "date": "2025-12-01", "hour": 11}}, {"type": "Feature", "geometry": {"type": "Point", "coordinates": [11.75, 54.5]}, "properties": {"value": 7.055, "time": "2025-12-01T11:00:00", "date": "2025-12-01", "hour": 11}}, {"type": "Feature", "geometry": {"type": "Point", "coordinates": [12.0, 54.5]}, "properties": {"value": 7.145, "time": "2025-12-01T11:00:00", "date": "2025-12-01", "hour": 11}}, {"type": "Feature", "geometry": {"type": "Point", "coordinates": [12.25, 54.5]}, "properties": {"value": 7.114, "time": "2025-12-01T11:00:00", "date": "2025-12-01", "hour": 11}}, {"type": "Feature", "geometry": {"type": "Point", "coordinates": [13.0, 54.5]}, "properties": {"value": 7.342, "time": "2025-12-01T11:00:00", "date": "2025-12-01", "hour": 11}}, {"type": "Feature", "geometry": {"type": "Point", "coordinates": [13.25, 54.5]}, "properties": {"value": 6.737, "time": "2025-12-01T11:00:00", "date": "2025-12-01", "hour": 11}}, {"type": "Feature", "geometry": {"type": "Point", "coordinates": [13.5, 54.5]}, "properties": {"value": 6.579, "time": "2025-12-01T11:00:00", "date": "2025-12-01", "hour": 11}}, {"type": "Feature", "geometry": {"type": "Point", "coordinates": [13.75, 54.5]}, "properties": {"value": 6.536, "time": "2025-12-01T11:00:00", "date": "2025-12-01", "hour": 11}}, {"type": "Feature", "geometry": {"type": "Point", "coordinates": [14.0, 54.5]}, "properties": {"value": 6.82, "time": "2025-12-01T11:00:00", "date": "2025-12-01", "hour": 11}}, {"type": "Feature", "geometry": {"type": "Point", "coordinates": [14.25, 54.5]}, "properties": {"value": 6.796, "time": "2025-12-01T11:00:00", "date": "2025-12-01", "hour": 11}}, {"type": "Feature", "geometry": {"type": "Point", "coordinates": [14.5, 54.5]}, "properties": {"value": 6.964, "time": "2025-12-01T11:00:00", "date": "2025-12-01", "hour": 11}}, {"type": "Feature", "geometry": {"type": "Point", "coordinates": [14.75, 54.5]}, "properties": {"value": 7.362, "time": "2025-12-01T11:00:00", "date": "2025-12-01", "hour": 11}}, {"type": "Feature", "geometry": {"type": "Point", "coordinates": [15.0, 54.5]}, "properties": {"value": 8.121, "time": "2025-12-01T11:00:00", "date": "2025-12-01", "hour": 11}}, {"type": "Feature", "geometry": {"type": "Point", "coordinates": [5.0, 54.75]}, "properties": {"value": 11.377, "time": "2025-12-01T11:00:00", "date": "2025-12-01", "hour": 11}}, {"type": "Feature", "geometry": {"type": "Point", "coordinates": [5.25, 54.75]}, "properties": {"value": 11.37, "time": "2025-12-01T11:00:00", "date": "2025-12-01", "hour": 11}}, {"type": "Feature", "geometry": {"type": "Point", "coordinates": [5.5, 54.75]}, "properties": {"value": 11.325, "time": "2025-12-01T11:00:00", "date": "2025-12-01", "hour": 11}}, {"type": "Feature", "geometry": {"type": "Point", "coordinates": [5.75, 54.75]}, "properties": {"value": 11.295, "time": "2025-12-01T11:00:00", "date": "2025-12-01", "hour": 11}}, {"type": "Feature", "geometry": {"type": "Point", "coordinates": [6.0, 54.75]}, "properties": {"value": 11.17, "time": "2025-12-01T11:00:00", "date": "2025-12-01", "hour": 11}}, {"type": "Feature", "geometry": {"type": "Point", "coordinates": [6.25, 54.75]}, "properties": {"value": 11.021, "time": "2025-12-01T11:00:00", "date": "2025-12-01", "hour": 11}}, {"type": "Feature", "geometry": {"type": "Point", "coordinates": [6.5, 54.75]}, "properties": {"value": 10.874, "time": "2025-12-01T11:00:00", "date": "2025-12-01", "hour": 11}}, {"type": "Feature", "geometry": {"type": "Point", "coordinates": [6.75, 54.75]}, "properties": {"value": 10.739, "time": "2025-12-01T11:00:00", "date": "2025-12-01", "hour": 11}}, {"type": "Feature", "geometry": {"type": "Point", "coordinates": [7.0, 54.75]}, "properties": {"value": 10.652, "time": "2025-12-01T11:00:00", "date": "2025-12-01", "hour": 11}}, {"type": "Feature", "geometry": {"type": "Point", "coordinates": [7.25, 54.75]}, "properties": {"value": 10.445, "time": "2025-12-01T11:00:00", "date": "2025-12-01", "hour": 11}}, {"type": "Feature", "geometry": {"type": "Point", "coordinates": [7.5, 54.75]}, "properties": {"value": 10.14, "time": "2025-12-01T11:00:00", "date": "2025-12-01", "hour": 11}}, {"type": "Feature", "geometry": {"type": "Point", "coordinates": [7.75, 54.75]}, "properties": {"value": 9.109, "time": "2025-12-01T11:00:00", "date": "2025-12-01", "hour": 11}}, {"type": "Feature", "geometry": {"type": "Point", "coordinates": [8.0, 54.75]}, "properties": {"value": 8.069, "time": "2025-12-01T11:00:00", "date": "2025-12-01", "hour": 11}}, {"type": "Feature", "geometry": {"type": "Point", "coordinates": [8.25, 54.75]}, "properties": {"value": 6.601, "time": "2025-12-01T11:00:00", "date": "2025-12-01", "hour": 11}}, {"type": "Feature", "geometry": {"type": "Point", "coordinates": [8.5, 54.75]}, "properties": {"value": 5.543, "time": "2025-12-01T11:00:00", "date": "2025-12-01", "hour": 11}}, {"type": "Feature", "geometry": {"type": "Point", "coordinates": [10.25, 54.75]}, "properties": {"value": 7.504, "time": "2025-12-01T11:00:00", "date": "2025-12-01", "hour": 11}}, {"type": "Feature", "geometry": {"type": "Point", "coordinates": [10.5, 54.75]}, "properties": {"value": 7.41, "time": "2025-12-01T11:00:00", "date": "2025-12-01", "hour": 11}}, {"type": "Feature", "geometry": {"type": "Point", "coordinates": [10.75, 54.75]}, "properties": {"value": 7.238, "time": "2025-12-01T11:00:00", "date": "2025-12-01", "hour": 11}}, {"type": "Feature", "geometry": {"type": "Point", "coordinates": [11.0, 54.75]}, "properties": {"value": 6.764, "time": "2025-12-01T11:00:00", "date": "2025-12-01", "hour": 11}}, {"type": "Feature", "geometry": {"type": "Point", "coordinates": [11.25, 54.75]}, "properties": {"value": 6.362, "time": "2025-12-01T11:00:00", "date": "2025-12-01", "hour": 11}}, {"type": "Feature", "geometry": {"type": "Point", "coordinates": [11.5, 54.75]}, "properties": {"value": 6.158, "time": "2025-12-01T11:00:00", "date": "2025-12-01", "hour": 11}}, {"type": "Feature", "geometry": {"type": "Point", "coordinates": [12.0, 54.75]}, "properties": {"value": 6.814, "time": "2025-12-01T11:00:00", "date": "2025-12-01", "hour": 11}}, {"type": "Feature", "geometry": {"type": "Point", "coordinates": [12.25, 54.75]}, "properties": {"value": 7.346, "time": "2025-12-01T11:00:00", "date": "2025-12-01", "hour": 11}}, {"type": "Feature", "geometry": {"type": "Point", "coordinates": [12.5, 54.75]}, "properties": {"value": 7.81, "time": "2025-12-01T11:00:00", "date": "2025-12-01", "hour": 11}}, {"type": "Feature", "geometry": {"type": "Point", "coordinates": [12.75, 54.75]}, "properties": {"value": 7.889, "time": "2025-12-01T11:00:00", "date": "2025-12-01", "hour": 11}}, {"type": "Feature", "geometry": {"type": "Point", "coordinates": [13.0, 54.75]}, "properties": {"value": 7.566, "time": "2025-12-01T11:00:00", "date": "2025-12-01", "hour": 11}}, {"type": "Feature", "geometry": {"type": "Point", "coordinates": [13.25, 54.75]}, "properties": {"value": 7.671, "time": "2025-12-01T11:00:00", "date": "2025-12-01", "hour": 11}}, {"type": "Feature", "geometry": {"type": "Point", "coordinates": [13.5, 54.75]}, "properties": {"value": 7.972, "time": "2025-12-01T11:00:00", "date": "2025-12-01", "hour": 11}}, {"type": "Feature", "geometry": {"type": "Point", "coordinates": [13.75, 54.75]}, "properties": {"value": 7.929, "time": "2025-12-01T11:00:00", "date": "2025-12-01", "hour": 11}}, {"type": "Feature", "geometry": {"type": "Point", "coordinates": [14.0, 54.75]}, "properties": {"value": 7.74, "time": "2025-12-01T11:00:00", "date": "2025-12-01", "hour": 11}}, {"type": "Feature", "geometry": {"type": "Point", "coordinates": [14.25, 54.75]}, "properties": {"value": 7.718, "time": "2025-12-01T11:00:00", "date": "2025-12-01", "hour": 11}}, {"type": "Feature", "geometry": {"type": "Point", "coordinates": [14.5, 54.75]}, "properties": {"value": 8.043, "time": "2025-12-01T11:00:00", "date": "2025-12-01", "hour": 11}}, {"type": "Feature", "geometry": {"type": "Point", "coordinates": [14.75, 54.75]}, "properties": {"value": 8.412, "time": "2025-12-01T11:00:00", "date": "2025-12-01", "hour": 11}}, {"type": "Feature", "geometry": {"type": "Point", "coordinates": [15.0, 54.75]}, "properties": {"value": 8.611, "time": "2025-12-01T11:00:00", "date": "2025-12-01", "hour": 11}}, {"type": "Feature", "geometry": {"type": "Point", "coordinates": [5.0, 55.0]}, "properties": {"value": 11.326, "time": "2025-12-01T11:00:00", "date": "2025-12-01", "hour": 11}}, {"type": "Feature", "geometry": {"type": "Point", "coordinates": [5.25, 55.0]}, "properties": {"value": 11.343, "time": "2025-12-01T11:00:00", "date": "2025-12-01", "hour": 11}}, {"type": "Feature", "geometry": {"type": "Point", "coordinates": [5.5, 55.0]}, "properties": {"value": 11.327, "time": "2025-12-01T11:00:00", "date": "2025-12-01", "hour": 11}}, {"type": "Feature", "geometry": {"type": "Point", "coordinates": [5.75, 55.0]}, "properties": {"value": 11.297, "time": "2025-12-01T11:00:00", "date": "2025-12-01", "hour": 11}}, {"type": "Feature", "geometry": {"type": "Point", "coordinates": [6.0, 55.0]}, "properties": {"value": 11.252, "time": "2025-12-01T11:00:00", "date": "2025-12-01", "hour": 11}}, {"type": "Feature", "geometry": {"type": "Point", "coordinates": [6.25, 55.0]}, "properties": {"value": 11.197, "time": "2025-12-01T11:00:00", "date": "2025-12-01", "hour": 11}}, {"type": "Feature", "geometry": {"type": "Point", "coordinates": [6.5, 55.0]}, "properties": {"value": 11.076, "time": "2025-12-01T11:00:00", "date": "2025-12-01", "hour": 11}}, {"type": "Feature", "geometry": {"type": "Point", "coordinates": [6.75, 55.0]}, "properties": {"value": 10.934, "time": "2025-12-01T11:00:00", "date": "2025-12-01", "hour": 11}}, {"type": "Feature", "geometry": {"type": "Point", "coordinates": [7.0, 55.0]}, "properties": {"value": 10.756, "time": "2025-12-01T11:00:00", "date": "2025-12-01", "hour": 11}}, {"type": "Feature", "geometry": {"type": "Point", "coordinates": [7.25, 55.0]}, "properties": {"value": 10.379, "time": "2025-12-01T11:00:00", "date": "2025-12-01", "hour": 11}}, {"type": "Feature", "geometry": {"type": "Point", "coordinates": [7.5, 55.0]}, "properties": {"value": 10.018, "time": "2025-12-01T11:00:00", "date": "2025-12-01", "hour": 11}}, {"type": "Feature", "geometry": {"type": "Point", "coordinates": [7.75, 55.0]}, "properties": {"value": 8.956, "time": "2025-12-01T11:00:00", "date": "2025-12-01", "hour": 11}}, {"type": "Feature", "geometry": {"type": "Point", "coordinates": [8.0, 55.0]}, "properties": {"value": 7.974, "time": "2025-12-01T11:00:00", "date": "2025-12-01", "hour": 11}}, {"type": "Feature", "geometry": {"type": "Point", "coordinates": [8.25, 55.0]}, "properties": {"value": 6.612, "time": "2025-12-01T11:00:00", "date": "2025-12-01", "hour": 11}}, {"type": "Feature", "geometry": {"type": "Point", "coordinates": [8.5, 55.0]}, "properties": {"value": 5.574, "time": "2025-12-01T11:00:00", "date": "2025-12-01", "hour": 11}}, {"type": "Feature", "geometry": {"type": "Point", "coordinates": [10.25, 55.0]}, "properties": {"value": 6.633, "time": "2025-12-01T11:00:00", "date": "2025-12-01", "hour": 11}}, {"type": "Feature", "geometry": {"type": "Point", "coordinates": [10.5, 55.0]}, "properties": {"value": 6.71, "time": "2025-12-01T11:00:00", "date": "2025-12-01", "hour": 11}}, {"type": "Feature", "geometry": {"type": "Point", "coordinates": [10.75, 55.0]}, "properties": {"value": 6.785, "time": "2025-12-01T11:00:00", "date": "2025-12-01", "hour": 11}}, {"type": "Feature", "geometry": {"type": "Point", "coordinates": [11.0, 55.0]}, "properties": {"value": 6.573, "time": "2025-12-01T11:00:00", "date": "2025-12-01", "hour": 11}}, {"type": "Feature", "geometry": {"type": "Point", "coordinates": [11.25, 55.0]}, "properties": {"value": 6.254, "time": "2025-12-01T11:00:00", "date": "2025-12-01", "hour": 11}}, {"type": "Feature", "geometry": {"type": "Point", "coordinates": [11.5, 55.0]}, "properties": {"value": 6.016, "time": "2025-12-01T11:00:00", "date": "2025-12-01", "hour": 11}}, {"type": "Feature", "geometry": {"type": "Point", "coordinates": [11.75, 55.0]}, "properties": {"value": 5.739, "time": "2025-12-01T11:00:00", "date": "2025-12-01", "hour": 11}}, {"type": "Feature", "geometry": {"type": "Point", "coordinates": [12.0, 55.0]}, "properties": {"value": 6.229, "time": "2025-12-01T11:00:00", "date": "2025-12-01", "hour": 11}}, {"type": "Feature", "geometry": {"type": "Point", "coordinates": [12.25, 55.0]}, "properties": {"value": 6.941, "time": "2025-12-01T11:00:00", "date": "2025-12-01", "hour": 11}}, {"type": "Feature", "geometry": {"type": "Point", "coordinates": [12.5, 55.0]}, "properties": {"value": 7.794, "time": "2025-12-01T11:00:00", "date": "2025-12-01", "hour": 11}}, {"type": "Feature", "geometry": {"type": "Point", "coordinates": [12.75, 55.0]}, "properties": {"value": 8.024, "time": "2025-12-01T11:00:00", "date": "2025-12-01", "hour": 11}}, {"type": "Feature", "geometry": {"type": "Point", "coordinates": [13.0, 55.0]}, "properties": {"value": 8.186, "time": "2025-12-01T11:00:00", "date": "2025-12-01", "hour": 11}}, {"type": "Feature", "geometry": {"type": "Point", "coordinates": [13.25, 55.0]}, "properties": {"value": 8.29, "time": "2025-12-01T11:00:00", "date": "2025-12-01", "hour": 11}}, {"type": "Feature", "geometry": {"type": "Point", "coordinates": [13.5, 55.0]}, "properties": {"value": 8.34, "time": "2025-12-01T11:00:00", "date": "2025-12-01", "hour": 11}}, {"type": "Feature", "geometry": {"type": "Point", "coordinates": [13.75, 55.0]}, "properties": {"value": 8.402, "time": "2025-12-01T11:00:00", "date": "2025-12-01", "hour": 11}}, {"type": "Feature", "geometry": {"type": "Point", "coordinates": [14.0, 55.0]}, "properties": {"value": 8.359, "time": "2025-12-01T11:00:00", "date": "2025-12-01", "hour": 11}}, {"type": "Feature", "geometry": {"type": "Point", "coordinates": [14.25, 55.0]}, "properties": {"value": 8.27, "time": "2025-12-01T11:00:00", "date": "2025-12-01", "hour": 11}}, {"type": "Feature", "geometry": {"type": "Point", "coordinates": [14.5, 55.0]}, "properties": {"value": 8.167, "time": "2025-12-01T11:00:00", "date": "2025-12-01", "hour": 11}}, {"type": "Feature", "geometry": {"type": "Point", "coordinates": [14.75, 55.0]}, "properties": {"value": 8.191, "time": "2025-12-01T11:00:00", "date": "2025-12-01", "hour": 11}}, {"type": "Feature", "geometry": {"type": "Point", "coordinates": [15.0, 55.0]}, "properties": {"value": 8.269, "time": "2025-12-01T11:00:00", "date": "2025-12-01", "hour": 11}}, {"type": "Feature", "geometry": {"type": "Point", "coordinates": [5.25, 52.75]}, "properties": {"value": 5.87, "time": "2025-12-01T12:00:00", "date": "2025-12-01", "hour": 12}}, {"type": "Feature", "geometry": {"type": "Point", "coordinates": [5.5, 52.75]}, "properties": {"value": 5.874, "time": "2025-12-01T12:00:00", "date": "2025-12-01", "hour": 12}}, {"type": "Feature", "geometry": {"type": "Point", "coordinates": [5.0, 53.0]}, "properties": {"value": 7.136, "time": "2025-12-01T12:00:00", "date": "2025-12-01", "hour": 12}}, {"type": "Feature", "geometry": {"type": "Point", "coordinates": [5.25, 53.0]}, "properties": {"value": 6.372, "time": "2025-12-01T12:00:00", "date": "2025-12-01", "hour": 12}}, {"type": "Feature", "geometry": {"type": "Point", "coordinates": [5.5, 53.0]}, "properties": {"value": 5.806, "time": "2025-12-01T12:00:00", "date": "2025-12-01", "hour": 12}}, {"type": "Feature", "geometry": {"type": "Point", "coordinates": [5.0, 53.25]}, "properties": {"value": 8.133, "time": "2025-12-01T12:00:00", "date": "2025-12-01", "hour": 12}}, {"type": "Feature", "geometry": {"type": "Point", "coordinates": [5.25, 53.25]}, "properties": {"value": 7.078, "time": "2025-12-01T12:00:00", "date": "2025-12-01", "hour": 12}}, {"type": "Feature", "geometry": {"type": "Point", "coordinates": [5.5, 53.25]}, "properties": {"value": 6.443, "time": "2025-12-01T12:00:00", "date": "2025-12-01", "hour": 12}}, {"type": "Feature", "geometry": {"type": "Point", "coordinates": [5.0, 53.5]}, "properties": {"value": 9.858, "time": "2025-12-01T12:00:00", "date": "2025-12-01", "hour": 12}}, {"type": "Feature", "geometry": {"type": "Point", "coordinates": [5.25, 53.5]}, "properties": {"value": 9.263, "time": "2025-12-01T12:00:00", "date": "2025-12-01", "hour": 12}}, {"type": "Feature", "geometry": {"type": "Point", "coordinates": [5.5, 53.5]}, "properties": {"value": 9.037, "time": "2025-12-01T12:00:00", "date": "2025-12-01", "hour": 12}}, {"type": "Feature", "geometry": {"type": "Point", "coordinates": [5.75, 53.5]}, "properties": {"value": 8.363, "time": "2025-12-01T12:00:00", "date": "2025-12-01", "hour": 12}}, {"type": "Feature", "geometry": {"type": "Point", "coordinates": [6.0, 53.5]}, "properties": {"value": 7.583, "time": "2025-12-01T12:00:00", "date": "2025-12-01", "hour": 12}}, {"type": "Feature", "geometry": {"type": "Point", "coordinates": [6.25, 53.5]}, "properties": {"value": 6.762, "time": "2025-12-01T12:00:00", "date": "2025-12-01", "hour": 12}}, {"type": "Feature", "geometry": {"type": "Point", "coordinates": [6.5, 53.5]}, "properties": {"value": 6.362, "time": "2025-12-01T12:00:00", "date": "2025-12-01", "hour": 12}}, {"type": "Feature", "geometry": {"type": "Point", "coordinates": [6.75, 53.5]}, "properties": {"value": 5.656, "time": "2025-12-01T12:00:00", "date": "2025-12-01", "hour": 12}}, {"type": "Feature", "geometry": {"type": "Point", "coordinates": [5.0, 53.75]}, "properties": {"value": 10.558, "time": "2025-12-01T12:00:00", "date": "2025-12-01", "hour": 12}}, {"type": "Feature", "geometry": {"type": "Point", "coordinates": [5.25, 53.75]}, "properties": {"value": 10.271, "time": "2025-12-01T12:00:00", "date": "2025-12-01", "hour": 12}}, {"type": "Feature", "geometry": {"type": "Point", "coordinates": [5.5, 53.75]}, "properties": {"value": 10.048, "time": "2025-12-01T12:00:00", "date": "2025-12-01", "hour": 12}}, {"type": "Feature", "geometry": {"type": "Point", "coordinates": [5.75, 53.75]}, "properties": {"value": 9.769, "time": "2025-12-01T12:00:00", "date": "2025-12-01", "hour": 12}}, {"type": "Feature", "geometry": {"type": "Point", "coordinates": [6.0, 53.75]}, "properties": {"value": 9.163, "time": "2025-12-01T12:00:00", "date": "2025-12-01", "hour": 12}}, {"type": "Feature", "geometry": {"type": "Point", "coordinates": [6.25, 53.75]}, "properties": {"value": 8.853, "time": "2025-12-01T12:00:00", "date": "2025-12-01", "hour": 12}}, {"type": "Feature", "geometry": {"type": "Point", "coordinates": [6.5, 53.75]}, "properties": {"value": 8.424, "time": "2025-12-01T12:00:00", "date": "2025-12-01", "hour": 12}}, {"type": "Feature", "geometry": {"type": "Point", "coordinates": [6.75, 53.75]}, "properties": {"value": 7.902, "time": "2025-12-01T12:00:00", "date": "2025-12-01", "hour": 12}}, {"type": "Feature", "geometry": {"type": "Point", "coordinates": [7.0, 53.75]}, "properties": {"value": 8.203, "time": "2025-12-01T12:00:00", "date": "2025-12-01", "hour": 12}}, {"type": "Feature", "geometry": {"type": "Point", "coordinates": [7.25, 53.75]}, "properties": {"value": 7.675, "time": "2025-12-01T12:00:00", "date": "2025-12-01", "hour": 12}}, {"type": "Feature", "geometry": {"type": "Point", "coordinates": [7.5, 53.75]}, "properties": {"value": 7.903, "time": "2025-12-01T12:00:00", "date": "2025-12-01", "hour": 12}}, {"type": "Feature", "geometry": {"type": "Point", "coordinates": [7.75, 53.75]}, "properties": {"value": 7.942, "time": "2025-12-01T12:00:00", "date": "2025-12-01", "hour": 12}}, {"type": "Feature", "geometry": {"type": "Point", "coordinates": [8.0, 53.75]}, "properties": {"value": 7.827, "time": "2025-12-01T12:00:00", "date": "2025-12-01", "hour": 12}}, {"type": "Feature", "geometry": {"type": "Point", "coordinates": [8.25, 53.75]}, "properties": {"value": 7.053, "time": "2025-12-01T12:00:00", "date": "2025-12-01", "hour": 12}}, {"type": "Feature", "geometry": {"type": "Point", "coordinates": [8.5, 53.75]}, "properties": {"value": 6.125, "time": "2025-12-01T12:00:00", "date": "2025-12-01", "hour": 12}}, {"type": "Feature", "geometry": {"type": "Point", "coordinates": [8.75, 53.75]}, "properties": {"value": 6.125, "time": "2025-12-01T12:00:00", "date": "2025-12-01", "hour": 12}}, {"type": "Feature", "geometry": {"type": "Point", "coordinates": [14.25, 53.75]}, "properties": {"value": 3.644, "time": "2025-12-01T12:00:00", "date": "2025-12-01", "hour": 12}}, {"type": "Feature", "geometry": {"type": "Point", "coordinates": [14.5, 53.75]}, "properties": {"value": 3.644, "time": "2025-12-01T12:00:00", "date": "2025-12-01", "hour": 12}}, {"type": "Feature", "geometry": {"type": "Point", "coordinates": [5.0, 54.0]}, "properties": {"value": 10.988, "time": "2025-12-01T12:00:00", "date": "2025-12-01", "hour": 12}}, {"type": "Feature", "geometry": {"type": "Point", "coordinates": [5.25, 54.0]}, "properties": {"value": 10.926, "time": "2025-12-01T12:00:00", "date": "2025-12-01", "hour": 12}}, {"type": "Feature", "geometry": {"type": "Point", "coordinates": [5.5, 54.0]}, "properties": {"value": 10.704, "time": "2025-12-01T12:00:00", "date": "2025-12-01", "hour": 12}}, {"type": "Feature", "geometry": {"type": "Point", "coordinates": [5.75, 54.0]}, "properties": {"value": 10.472, "time": "2025-12-01T12:00:00", "date": "2025-12-01", "hour": 12}}, {"type": "Feature", "geometry": {"type": "Point", "coordinates": [6.0, 54.0]}, "properties": {"value": 10.25, "time": "2025-12-01T12:00:00", "date": "2025-12-01", "hour": 12}}, {"type": "Feature", "geometry": {"type": "Point", "coordinates": [6.25, 54.0]}, "properties": {"value": 9.99, "time": "2025-12-01T12:00:00", "date": "2025-12-01", "hour": 12}}, {"type": "Feature", "geometry": {"type": "Point", "coordinates": [6.5, 54.0]}, "properties": {"value": 9.624, "time": "2025-12-01T12:00:00", "date": "2025-12-01", "hour": 12}}, {"type": "Feature", "geometry": {"type": "Point", "coordinates": [6.75, 54.0]}, "properties": {"value": 9.527, "time": "2025-12-01T12:00:00", "date": "2025-12-01", "hour": 12}}, {"type": "Feature", "geometry": {"type": "Point", "coordinates": [7.0, 54.0]}, "properties": {"value": 9.269, "time": "2025-12-01T12:00:00", "date": "2025-12-01", "hour": 12}}, {"type": "Feature", "geometry": {"type": "Point", "coordinates": [7.25, 54.0]}, "properties": {"value": 8.917, "time": "2025-12-01T12:00:00", "date": "2025-12-01", "hour": 12}}, {"type": "Feature", "geometry": {"type": "Point", "coordinates": [7.5, 54.0]}, "properties": {"value": 9.058, "time": "2025-12-01T12:00:00", "date": "2025-12-01", "hour": 12}}, {"type": "Feature", "geometry": {"type": "Point", "coordinates": [7.75, 54.0]}, "properties": {"value": 9.069, "time": "2025-12-01T12:00:00", "date": "2025-12-01", "hour": 12}}, {"type": "Feature", "geometry": {"type": "Point", "coordinates": [8.0, 54.0]}, "properties": {"value": 8.935, "time": "2025-12-01T12:00:00", "date": "2025-12-01", "hour": 12}}, {"type": "Feature", "geometry": {"type": "Point", "coordinates": [8.25, 54.0]}, "properties": {"value": 8.35, "time": "2025-12-01T12:00:00", "date": "2025-12-01", "hour": 12}}, {"type": "Feature", "geometry": {"type": "Point", "coordinates": [8.5, 54.0]}, "properties": {"value": 6.885, "time": "2025-12-01T12:00:00", "date": "2025-12-01", "hour": 12}}, {"type": "Feature", "geometry": {"type": "Point", "coordinates": [11.25, 54.0]}, "properties": {"value": 6.933, "time": "2025-12-01T12:00:00", "date": "2025-12-01", "hour": 12}}, {"type": "Feature", "geometry": {"type": "Point", "coordinates": [14.0, 54.0]}, "properties": {"value": 5.097, "time": "2025-12-01T12:00:00", "date": "2025-12-01", "hour": 12}}, {"type": "Feature", "geometry": {"type": "Point", "coordinates": [14.25, 54.0]}, "properties": {"value": 5.69, "time": "2025-12-01T12:00:00", "date": "2025-12-01", "hour": 12}}, {"type": "Feature", "geometry": {"type": "Point", "coordinates": [14.5, 54.0]}, "properties": {"value": 5.4, "time": "2025-12-01T12:00:00", "date": "2025-12-01", "hour": 12}}, {"type": "Feature", "geometry": {"type": "Point", "coordinates": [14.75, 54.0]}, "properties": {"value": 5.837, "time": "2025-12-01T12:00:00", "date": "2025-12-01", "hour": 12}}, {"type": "Feature", "geometry": {"type": "Point", "coordinates": [5.0, 54.25]}, "properties": {"value": 11.138, "time": "2025-12-01T12:00:00", "date": "2025-12-01", "hour": 12}}, {"type": "Feature", "geometry": {"type": "Point", "coordinates": [5.25, 54.25]}, "properties": {"value": 11.073, "time": "2025-12-01T12:00:00", "date": "2025-12-01", "hour": 12}}, {"type": "Feature", "geometry": {"type": "Point", "coordinates": [5.5, 54.25]}, "properties": {"value": 11.028, "time": "2025-12-01T12:00:00", "date": "2025-12-01", "hour": 12}}, {"type": "Feature", "geometry": {"type": "Point", "coordinates": [5.75, 54.25]}, "properties": {"value": 10.833, "time": "2025-12-01T12:00:00", "date": "2025-12-01", "hour": 12}}, {"type": "Feature", "geometry": {"type": "Point", "coordinates": [6.0, 54.25]}, "properties": {"value": 10.724, "time": "2025-12-01T12:00:00", "date": "2025-12-01", "hour": 12}}, {"type": "Feature", "geometry": {"type": "Point", "coordinates": [6.25, 54.25]}, "properties": {"value": 10.514, "time": "2025-12-01T12:00:00", "date": "2025-12-01", "hour": 12}}, {"type": "Feature", "geometry": {"type": "Point", "coordinates": [6.5, 54.25]}, "properties": {"value": 10.357, "time": "2025-12-01T12:00:00", "date": "2025-12-01", "hour": 12}}, {"type": "Feature", "geometry": {"type": "Point", "coordinates": [6.75, 54.25]}, "properties": {"value": 10.216, "time": "2025-12-01T12:00:00", "date": "2025-12-01", "hour": 12}}, {"type": "Feature", "geometry": {"type": "Point", "coordinates": [7.0, 54.25]}, "properties": {"value": 9.99, "time": "2025-12-01T12:00:00", "date": "2025-12-01", "hour": 12}}, {"type": "Feature", "geometry": {"type": "Point", "coordinates": [7.25, 54.25]}, "properties": {"value": 9.88, "time": "2025-12-01T12:00:00", "date": "2025-12-01", "hour": 12}}, {"type": "Feature", "geometry": {"type": "Point", "coordinates": [7.5, 54.25]}, "properties": {"value": 9.945, "time": "2025-12-01T12:00:00", "date": "2025-12-01", "hour": 12}}, {"type": "Feature", "geometry": {"type": "Point", "coordinates": [7.75, 54.25]}, "properties": {"value": 9.603, "time": "2025-12-01T12:00:00", "date": "2025-12-01", "hour": 12}}, {"type": "Feature", "geometry": {"type": "Point", "coordinates": [8.0, 54.25]}, "properties": {"value": 9.35, "time": "2025-12-01T12:00:00", "date": "2025-12-01", "hour": 12}}, {"type": "Feature", "geometry": {"type": "Point", "coordinates": [8.25, 54.25]}, "properties": {"value": 7.977, "time": "2025-12-01T12:00:00", "date": "2025-12-01", "hour": 12}}, {"type": "Feature", "geometry": {"type": "Point", "coordinates": [8.5, 54.25]}, "properties": {"value": 6.56, "time": "2025-12-01T12:00:00", "date": "2025-12-01", "hour": 12}}, {"type": "Feature", "geometry": {"type": "Point", "coordinates": [10.75, 54.25]}, "properties": {"value": 7.086, "time": "2025-12-01T12:00:00", "date": "2025-12-01", "hour": 12}}, {"type": "Feature", "geometry": {"type": "Point", "coordinates": [11.25, 54.25]}, "properties": {"value": 7.105, "time": "2025-12-01T12:00:00", "date": "2025-12-01", "hour": 12}}, {"type": "Feature", "geometry": {"type": "Point", "coordinates": [11.75, 54.25]}, "properties": {"value": 7.016, "time": "2025-12-01T12:00:00", "date": "2025-12-01", "hour": 12}}, {"type": "Feature", "geometry": {"type": "Point", "coordinates": [12.25, 54.25]}, "properties": {"value": 6.849, "time": "2025-12-01T12:00:00", "date": "2025-12-01", "hour": 12}}, {"type": "Feature", "geometry": {"type": "Point", "coordinates": [13.75, 54.25]}, "properties": {"value": 5.402, "time": "2025-12-01T12:00:00", "date": "2025-12-01", "hour": 12}}, {"type": "Feature", "geometry": {"type": "Point", "coordinates": [14.0, 54.25]}, "properties": {"value": 5.783, "time": "2025-12-01T12:00:00", "date": "2025-12-01", "hour": 12}}, {"type": "Feature", "geometry": {"type": "Point", "coordinates": [14.25, 54.25]}, "properties": {"value": 6.141, "time": "2025-12-01T12:00:00", "date": "2025-12-01", "hour": 12}}, {"type": "Feature", "geometry": {"type": "Point", "coordinates": [14.5, 54.25]}, "properties": {"value": 6.004, "time": "2025-12-01T12:00:00", "date": "2025-12-01", "hour": 12}}, {"type": "Feature", "geometry": {"type": "Point", "coordinates": [14.75, 54.25]}, "properties": {"value": 6.275, "time": "2025-12-01T12:00:00", "date": "2025-12-01", "hour": 12}}, {"type": "Feature", "geometry": {"type": "Point", "coordinates": [15.0, 54.25]}, "properties": {"value": 6.996, "time": "2025-12-01T12:00:00", "date": "2025-12-01", "hour": 12}}, {"type": "Feature", "geometry": {"type": "Point", "coordinates": [5.0, 54.5]}, "properties": {"value": 11.234, "time": "2025-12-01T12:00:00", "date": "2025-12-01", "hour": 12}}, {"type": "Feature", "geometry": {"type": "Point", "coordinates": [5.25, 54.5]}, "properties": {"value": 11.227, "time": "2025-12-01T12:00:00", "date": "2025-12-01", "hour": 12}}, {"type": "Feature", "geometry": {"type": "Point", "coordinates": [5.5, 54.5]}, "properties": {"value": 11.182, "time": "2025-12-01T12:00:00", "date": "2025-12-01", "hour": 12}}, {"type": "Feature", "geometry": {"type": "Point", "coordinates": [5.75, 54.5]}, "properties": {"value": 11.111, "time": "2025-12-01T12:00:00", "date": "2025-12-01", "hour": 12}}, {"type": "Feature", "geometry": {"type": "Point", "coordinates": [6.0, 54.5]}, "properties": {"value": 10.996, "time": "2025-12-01T12:00:00", "date": "2025-12-01", "hour": 12}}, {"type": "Feature", "geometry": {"type": "Point", "coordinates": [6.25, 54.5]}, "properties": {"value": 10.846, "time": "2025-12-01T12:00:00", "date": "2025-12-01", "hour": 12}}, {"type": "Feature", "geometry": {"type": "Point", "coordinates": [6.5, 54.5]}, "properties": {"value": 10.674, "time": "2025-12-01T12:00:00", "date": "2025-12-01", "hour": 12}}, {"type": "Feature", "geometry": {"type": "Point", "coordinates": [6.75, 54.5]}, "properties": {"value": 10.476, "time": "2025-12-01T12:00:00", "date": "2025-12-01", "hour": 12}}, {"type": "Feature", "geometry": {"type": "Point", "coordinates": [7.0, 54.5]}, "properties": {"value": 10.35, "time": "2025-12-01T12:00:00", "date": "2025-12-01", "hour": 12}}, {"type": "Feature", "geometry": {"type": "Point", "coordinates": [7.25, 54.5]}, "properties": {"value": 10.159, "time": "2025-12-01T12:00:00", "date": "2025-12-01", "hour": 12}}, {"type": "Feature", "geometry": {"type": "Point", "coordinates": [7.5, 54.5]}, "properties": {"value": 10.163, "time": "2025-12-01T12:00:00", "date": "2025-12-01", "hour": 12}}, {"type": "Feature", "geometry": {"type": "Point", "coordinates": [7.75, 54.5]}, "properties": {"value": 9.648, "time": "2025-12-01T12:00:00", "date": "2025-12-01", "hour": 12}}, {"type": "Feature", "geometry": {"type": "Point", "coordinates": [8.0, 54.5]}, "properties": {"value": 8.637, "time": "2025-12-01T12:00:00", "date": "2025-12-01", "hour": 12}}, {"type": "Feature", "geometry": {"type": "Point", "coordinates": [8.25, 54.5]}, "properties": {"value": 7.143, "time": "2025-12-01T12:00:00", "date": "2025-12-01", "hour": 12}}, {"type": "Feature", "geometry": {"type": "Point", "coordinates": [8.5, 54.5]}, "properties": {"value": 5.947, "time": "2025-12-01T12:00:00", "date": "2025-12-01", "hour": 12}}, {"type": "Feature", "geometry": {"type": "Point", "coordinates": [10.5, 54.5]}, "properties": {"value": 7.425, "time": "2025-12-01T12:00:00", "date": "2025-12-01", "hour": 12}}, {"type": "Feature", "geometry": {"type": "Point", "coordinates": [10.75, 54.5]}, "properties": {"value": 7.25, "time": "2025-12-01T12:00:00", "date": "2025-12-01", "hour": 12}}, {"type": "Feature", "geometry": {"type": "Point", "coordinates": [11.0, 54.5]}, "properties": {"value": 6.818, "time": "2025-12-01T12:00:00", "date": "2025-12-01", "hour": 12}}, {"type": "Feature", "geometry": {"type": "Point", "coordinates": [11.25, 54.5]}, "properties": {"value": 6.904, "time": "2025-12-01T12:00:00", "date": "2025-12-01", "hour": 12}}, {"type": "Feature", "geometry": {"type": "Point", "coordinates": [11.5, 54.5]}, "properties": {"value": 6.78, "time": "2025-12-01T12:00:00", "date": "2025-12-01", "hour": 12}}, {"type": "Feature", "geometry": {"type": "Point", "coordinates": [11.75, 54.5]}, "properties": {"value": 7.055, "time": "2025-12-01T12:00:00", "date": "2025-12-01", "hour": 12}}, {"type": "Feature", "geometry": {"type": "Point", "coordinates": [12.0, 54.5]}, "properties": {"value": 7.145, "time": "2025-12-01T12:00:00", "date": "2025-12-01", "hour": 12}}, {"type": "Feature", "geometry": {"type": "Point", "coordinates": [12.25, 54.5]}, "properties": {"value": 7.114, "time": "2025-12-01T12:00:00", "date": "2025-12-01", "hour": 12}}, {"type": "Feature", "geometry": {"type": "Point", "coordinates": [13.0, 54.5]}, "properties": {"value": 7.342, "time": "2025-12-01T12:00:00", "date": "2025-12-01", "hour": 12}}, {"type": "Feature", "geometry": {"type": "Point", "coordinates": [13.25, 54.5]}, "properties": {"value": 6.737, "time": "2025-12-01T12:00:00", "date": "2025-12-01", "hour": 12}}, {"type": "Feature", "geometry": {"type": "Point", "coordinates": [13.5, 54.5]}, "properties": {"value": 6.579, "time": "2025-12-01T12:00:00", "date": "2025-12-01", "hour": 12}}, {"type": "Feature", "geometry": {"type": "Point", "coordinates": [13.75, 54.5]}, "properties": {"value": 6.536, "time": "2025-12-01T12:00:00", "date": "2025-12-01", "hour": 12}}, {"type": "Feature", "geometry": {"type": "Point", "coordinates": [14.0, 54.5]}, "properties": {"value": 6.82, "time": "2025-12-01T12:00:00", "date": "2025-12-01", "hour": 12}}, {"type": "Feature", "geometry": {"type": "Point", "coordinates": [14.25, 54.5]}, "properties": {"value": 6.796, "time": "2025-12-01T12:00:00", "date": "2025-12-01", "hour": 12}}, {"type": "Feature", "geometry": {"type": "Point", "coordinates": [14.5, 54.5]}, "properties": {"value": 6.964, "time": "2025-12-01T12:00:00", "date": "2025-12-01", "hour": 12}}, {"type": "Feature", "geometry": {"type": "Point", "coordinates": [14.75, 54.5]}, "properties": {"value": 7.362, "time": "2025-12-01T12:00:00", "date": "2025-12-01", "hour": 12}}, {"type": "Feature", "geometry": {"type": "Point", "coordinates": [15.0, 54.5]}, "properties": {"value": 8.121, "time": "2025-12-01T12:00:00", "date": "2025-12-01", "hour": 12}}, {"type": "Feature", "geometry": {"type": "Point", "coordinates": [5.0, 54.75]}, "properties": {"value": 11.377, "time": "2025-12-01T12:00:00", "date": "2025-12-01", "hour": 12}}, {"type": "Feature", "geometry": {"type": "Point", "coordinates": [5.25, 54.75]}, "properties": {"value": 11.37, "time": "2025-12-01T12:00:00", "date": "2025-12-01", "hour": 12}}, {"type": "Feature", "geometry": {"type": "Point", "coordinates": [5.5, 54.75]}, "properties": {"value": 11.325, "time": "2025-12-01T12:00:00", "date": "2025-12-01", "hour": 12}}, {"type": "Feature", "geometry": {"type": "Point", "coordinates": [5.75, 54.75]}, "properties": {"value": 11.295, "time": "2025-12-01T12:00:00", "date": "2025-12-01", "hour": 12}}, {"type": "Feature", "geometry": {"type": "Point", "coordinates": [6.0, 54.75]}, "properties": {"value": 11.17, "time": "2025-12-01T12:00:00", "date": "2025-12-01", "hour": 12}}, {"type": "Feature", "geometry": {"type": "Point", "coordinates": [6.25, 54.75]}, "properties": {"value": 11.021, "time": "2025-12-01T12:00:00", "date": "2025-12-01", "hour": 12}}, {"type": "Feature", "geometry": {"type": "Point", "coordinates": [6.5, 54.75]}, "properties": {"value": 10.874, "time": "2025-12-01T12:00:00", "date": "2025-12-01", "hour": 12}}, {"type": "Feature", "geometry": {"type": "Point", "coordinates": [6.75, 54.75]}, "properties": {"value": 10.739, "time": "2025-12-01T12:00:00", "date": "2025-12-01", "hour": 12}}, {"type": "Feature", "geometry": {"type": "Point", "coordinates": [7.0, 54.75]}, "properties": {"value": 10.652, "time": "2025-12-01T12:00:00", "date": "2025-12-01", "hour": 12}}, {"type": "Feature", "geometry": {"type": "Point", "coordinates": [7.25, 54.75]}, "properties": {"value": 10.445, "time": "2025-12-01T12:00:00", "date": "2025-12-01", "hour": 12}}, {"type": "Feature", "geometry": {"type": "Point", "coordinates": [7.5, 54.75]}, "properties": {"value": 10.14, "time": "2025-12-01T12:00:00", "date": "2025-12-01", "hour": 12}}, {"type": "Feature", "geometry": {"type": "Point", "coordinates": [7.75, 54.75]}, "properties": {"value": 9.109, "time": "2025-12-01T12:00:00", "date": "2025-12-01", "hour": 12}}, {"type": "Feature", "geometry": {"type": "Point", "coordinates": [8.0, 54.75]}, "properties": {"value": 8.069, "time": "2025-12-01T12:00:00", "date": "2025-12-01", "hour": 12}}, {"type": "Feature", "geometry": {"type": "Point", "coordinates": [8.25, 54.75]}, "properties": {"value": 6.601, "time": "2025-12-01T12:00:00", "date": "2025-12-01", "hour": 12}}, {"type": "Feature", "geometry": {"type": "Point", "coordinates": [8.5, 54.75]}, "properties": {"value": 5.543, "time": "2025-12-01T12:00:00", "date": "2025-12-01", "hour": 12}}, {"type": "Feature", "geometry": {"type": "Point", "coordinates": [10.25, 54.75]}, "properties": {"value": 7.504, "time": "2025-12-01T12:00:00", "date": "2025-12-01", "hour": 12}}, {"type": "Feature", "geometry": {"type": "Point", "coordinates": [10.5, 54.75]}, "properties": {"value": 7.41, "time": "2025-12-01T12:00:00", "date": "2025-12-01", "hour": 12}}, {"type": "Feature", "geometry": {"type": "Point", "coordinates": [10.75, 54.75]}, "properties": {"value": 7.238, "time": "2025-12-01T12:00:00", "date": "2025-12-01", "hour": 12}}, {"type": "Feature", "geometry": {"type": "Point", "coordinates": [11.0, 54.75]}, "properties": {"value": 6.764, "time": "2025-12-01T12:00:00", "date": "2025-12-01", "hour": 12}}, {"type": "Feature", "geometry": {"type": "Point", "coordinates": [11.25, 54.75]}, "properties": {"value": 6.362, "time": "2025-12-01T12:00:00", "date": "2025-12-01", "hour": 12}}, {"type": "Feature", "geometry": {"type": "Point", "coordinates": [11.5, 54.75]}, "properties": {"value": 6.158, "time": "2025-12-01T12:00:00", "date": "2025-12-01", "hour": 12}}, {"type": "Feature", "geometry": {"type": "Point", "coordinates": [12.0, 54.75]}, "properties": {"value": 6.814, "time": "2025-12-01T12:00:00", "date": "2025-12-01", "hour": 12}}, {"type": "Feature", "geometry": {"type": "Point", "coordinates": [12.25, 54.75]}, "properties": {"value": 7.346, "time": "2025-12-01T12:00:00", "date": "2025-12-01", "hour": 12}}, {"type": "Feature", "geometry": {"type": "Point", "coordinates": [12.5, 54.75]}, "properties": {"value": 7.81, "time": "2025-12-01T12:00:00", "date": "2025-12-01", "hour": 12}}, {"type": "Feature", "geometry": {"type": "Point", "coordinates": [12.75, 54.75]}, "properties": {"value": 7.889, "time": "2025-12-01T12:00:00", "date": "2025-12-01", "hour": 12}}, {"type": "Feature", "geometry": {"type": "Point", "coordinates": [13.0, 54.75]}, "properties": {"value": 7.566, "time": "2025-12-01T12:00:00", "date": "2025-12-01", "hour": 12}}, {"type": "Feature", "geometry": {"type": "Point", "coordinates": [13.25, 54.75]}, "properties": {"value": 7.671, "time": "2025-12-01T12:00:00", "date": "2025-12-01", "hour": 12}}, {"type": "Feature", "geometry": {"type": "Point", "coordinates": [13.5, 54.75]}, "properties": {"value": 7.972, "time": "2025-12-01T12:00:00", "date": "2025-12-01", "hour": 12}}, {"type": "Feature", "geometry": {"type": "Point", "coordinates": [13.75, 54.75]}, "properties": {"value": 7.929, "time": "2025-12-01T12:00:00", "date": "2025-12-01", "hour": 12}}, {"type": "Feature", "geometry": {"type": "Point", "coordinates": [14.0, 54.75]}, "properties": {"value": 7.74, "time": "2025-12-01T12:00:00", "date": "2025-12-01", "hour": 12}}, {"type": "Feature", "geometry": {"type": "Point", "coordinates": [14.25, 54.75]}, "properties": {"value": 7.718, "time": "2025-12-01T12:00:00", "date": "2025-12-01", "hour": 12}}, {"type": "Feature", "geometry": {"type": "Point", "coordinates": [14.5, 54.75]}, "properties": {"value": 8.043, "time": "2025-12-01T12:00:00", "date": "2025-12-01", "hour": 12}}, {"type": "Feature", "geometry": {"type": "Point", "coordinates": [14.75, 54.75]}, "properties": {"value": 8.412, "time": "2025-12-01T12:00:00", "date": "2025-12-01", "hour": 12}}, {"type": "Feature", "geometry": {"type": "Point", "coordinates": [15.0, 54.75]}, "properties": {"value": 8.611, "time": "2025-12-01T12:00:00", "date": "2025-12-01", "hour": 12}}, {"type": "Feature", "geometry": {"type": "Point", "coordinates": [5.0, 55.0]}, "properties": {"value": 11.326, "time": "2025-12-01T12:00:00", "date": "2025-12-01", "hour": 12}}, {"type": "Feature", "geometry": {"type": "Point", "coordinates": [5.25, 55.0]}, "properties": {"value": 11.343, "time": "2025-12-01T12:00:00", "date": "2025-12-01", "hour": 12}}, {"type": "Feature", "geometry": {"type": "Point", "coordinates": [5.5, 55.0]}, "properties": {"value": 11.327, "time": "2025-12-01T12:00:00", "date": "2025-12-01", "hour": 12}}, {"type": "Feature", "geometry": {"type": "Point", "coordinates": [5.75, 55.0]}, "properties": {"value": 11.297, "time": "2025-12-01T12:00:00", "date": "2025-12-01", "hour": 12}}, {"type": "Feature", "geometry": {"type": "Point", "coordinates": [6.0, 55.0]}, "properties": {"value": 11.252, "time": "2025-12-01T12:00:00", "date": "2025-12-01", "hour": 12}}, {"type": "Feature", "geometry": {"type": "Point", "coordinates": [6.25, 55.0]}, "properties": {"value": 11.197, "time": "2025-12-01T12:00:00", "date": "2025-12-01", "hour": 12}}, {"type": "Feature", "geometry": {"type": "Point", "coordinates": [6.5, 55.0]}, "properties": {"value": 11.076, "time": "2025-12-01T12:00:00", "date": "2025-12-01", "hour": 12}}, {"type": "Feature", "geometry": {"type": "Point", "coordinates": [6.75, 55.0]}, "properties": {"value": 10.934, "time": "2025-12-01T12:00:00", "date": "2025-12-01", "hour": 12}}, {"type": "Feature", "geometry": {"type": "Point", "coordinates": [7.0, 55.0]}, "properties": {"value": 10.756, "time": "2025-12-01T12:00:00", "date": "2025-12-01", "hour": 12}}, {"type": "Feature", "geometry": {"type": "Point", "coordinates": [7.25, 55.0]}, "properties": {"value": 10.379, "time": "2025-12-01T12:00:00", "date": "2025-12-01", "hour": 12}}, {"type": "Feature", "geometry": {"type": "Point", "coordinates": [7.5, 55.0]}, "properties": {"value": 10.018, "time": "2025-12-01T12:00:00", "date": "2025-12-01", "hour": 12}}, {"type": "Feature", "geometry": {"type": "Point", "coordinates": [7.75, 55.0]}, "properties": {"value": 8.956, "time": "2025-12-01T12:00:00", "date": "2025-12-01", "hour": 12}}, {"type": "Feature", "geometry": {"type": "Point", "coordinates": [8.0, 55.0]}, "properties": {"value": 7.974, "time": "2025-12-01T12:00:00", "date": "2025-12-01", "hour": 12}}, {"type": "Feature", "geometry": {"type": "Point", "coordinates": [8.25, 55.0]}, "properties": {"value": 6.612, "time": "2025-12-01T12:00:00", "date": "2025-12-01", "hour": 12}}, {"type": "Feature", "geometry": {"type": "Point", "coordinates": [8.5, 55.0]}, "properties": {"value": 5.574, "time": "2025-12-01T12:00:00", "date": "2025-12-01", "hour": 12}}, {"type": "Feature", "geometry": {"type": "Point", "coordinates": [10.25, 55.0]}, "properties": {"value": 6.633, "time": "2025-12-01T12:00:00", "date": "2025-12-01", "hour": 12}}, {"type": "Feature", "geometry": {"type": "Point", "coordinates": [10.5, 55.0]}, "properties": {"value": 6.71, "time": "2025-12-01T12:00:00", "date": "2025-12-01", "hour": 12}}, {"type": "Feature", "geometry": {"type": "Point", "coordinates": [10.75, 55.0]}, "properties": {"value": 6.785, "time": "2025-12-01T12:00:00", "date": "2025-12-01", "hour": 12}}, {"type": "Feature", "geometry": {"type": "Point", "coordinates": [11.0, 55.0]}, "properties": {"value": 6.573, "time": "2025-12-01T12:00:00", "date": "2025-12-01", "hour": 12}}, {"type": "Feature", "geometry": {"type": "Point", "coordinates": [11.25, 55.0]}, "properties": {"value": 6.254, "time": "2025-12-01T12:00:00", "date": "2025-12-01", "hour": 12}}, {"type": "Feature", "geometry": {"type": "Point", "coordinates": [11.5, 55.0]}, "properties": {"value": 6.016, "time": "2025-12-01T12:00:00", "date": "2025-12-01", "hour": 12}}, {"type": "Feature", "geometry": {"type": "Point", "coordinates": [11.75, 55.0]}, "properties": {"value": 5.739, "time": "2025-12-01T12:00:00", "date": "2025-12-01", "hour": 12}}, {"type": "Feature", "geometry": {"type": "Point", "coordinates": [12.0, 55.0]}, "properties": {"value": 6.229, "time": "2025-12-01T12:00:00", "date": "2025-12-01", "hour": 12}}, {"type": "Feature", "geometry": {"type": "Point", "coordinates": [12.25, 55.0]}, "properties": {"value": 6.941, "time": "2025-12-01T12:00:00", "date": "2025-12-01", "hour": 12}}, {"type": "Feature", "geometry": {"type": "Point", "coordinates": [12.5, 55.0]}, "properties": {"value": 7.794, "time": "2025-12-01T12:00:00", "date": "2025-12-01", "hour": 12}}, {"type": "Feature", "geometry": {"type": "Point", "coordinates": [12.75, 55.0]}, "properties": {"value": 8.024, "time": "2025-12-01T12:00:00", "date": "2025-12-01", "hour": 12}}, {"type": "Feature", "geometry": {"type": "Point", "coordinates": [13.0, 55.0]}, "properties": {"value": 8.186, "time": "2025-12-01T12:00:00", "date": "2025-12-01", "hour": 12}}, {"type": "Feature", "geometry": {"type": "Point", "coordinates": [13.25, 55.0]}, "properties": {"value": 8.29, "time": "2025-12-01T12:00:00", "date": "2025-12-01", "hour": 12}}, {"type": "Feature", "geometry": {"type": "Point", "coordinates": [13.5, 55.0]}, "properties": {"value": 8.34, "time": "2025-12-01T12:00:00", "date": "2025-12-01", "hour": 12}}, {"type": "Feature", "geometry": {"type": "Point", "coordinates": [13.75, 55.0]}, "properties": {"value": 8.402, "time": "2025-12-01T12:00:00", "date": "2025-12-01", "hour": 12}}, {"type": "Feature", "geometry": {"type": "Point", "coordinates": [14.0, 55.0]}, "properties": {"value": 8.359, "time": "2025-12-01T12:00:00", "date": "2025-12-01", "hour": 12}}, {"type": "Feature", "geometry": {"type": "Point", "coordinates": [14.25, 55.0]}, "properties": {"value": 8.27, "time": "2025-12-01T12:00:00", "date": "2025-12-01", "hour": 12}}, {"type": "Feature", "geometry": {"type": "Point", "coordinates": [14.5, 55.0]}, "properties": {"value": 8.167, "time": "2025-12-01T12:00:00", "date": "2025-12-01", "hour": 12}}, {"type": "Feature", "geometry": {"type": "Point", "coordinates": [14.75, 55.0]}, "properties": {"value": 8.191, "time": "2025-12-01T12:00:00", "date": "2025-12-01", "hour": 12}}, {"type": "Feature", "geometry": {"type": "Point", "coordinates": [15.0, 55.0]}, "properties": {"value": 8.269, "time": "2025-12-01T12:00:00", "date": "2025-12-01", "hour": 12}}, {"type": "Feature", "geometry": {"type": "Point", "coordinates": [5.25, 52.75]}, "properties": {"value": 5.87, "time": "2025-12-01T13:00:00", "date": "2025-12-01", "hour": 13}}, {"type": "Feature", "geometry": {"type": "Point", "coordinates": [5.5, 52.75]}, "properties": {"value": 5.874, "time": "2025-12-01T13:00:00", "date": "2025-12-01", "hour": 13}}, {"type": "Feature", "geometry": {"type": "Point", "coordinates": [5.0, 53.0]}, "properties": {"value": 7.136, "time": "2025-12-01T13:00:00", "date": "2025-12-01", "hour": 13}}, {"type": "Feature", "geometry": {"type": "Point", "coordinates": [5.25, 53.0]}, "properties": {"value": 6.372, "time": "2025-12-01T13:00:00", "date": "2025-12-01", "hour": 13}}, {"type": "Feature", "geometry": {"type": "Point", "coordinates": [5.5, 53.0]}, "properties": {"value": 5.806, "time": "2025-12-01T13:00:00", "date": "2025-12-01", "hour": 13}}, {"type": "Feature", "geometry": {"type": "Point", "coordinates": [5.0, 53.25]}, "properties": {"value": 8.133, "time": "2025-12-01T13:00:00", "date": "2025-12-01", "hour": 13}}, {"type": "Feature", "geometry": {"type": "Point", "coordinates": [5.25, 53.25]}, "properties": {"value": 7.078, "time": "2025-12-01T13:00:00", "date": "2025-12-01", "hour": 13}}, {"type": "Feature", "geometry": {"type": "Point", "coordinates": [5.5, 53.25]}, "properties": {"value": 6.443, "time": "2025-12-01T13:00:00", "date": "2025-12-01", "hour": 13}}, {"type": "Feature", "geometry": {"type": "Point", "coordinates": [5.0, 53.5]}, "properties": {"value": 9.858, "time": "2025-12-01T13:00:00", "date": "2025-12-01", "hour": 13}}, {"type": "Feature", "geometry": {"type": "Point", "coordinates": [5.25, 53.5]}, "properties": {"value": 9.263, "time": "2025-12-01T13:00:00", "date": "2025-12-01", "hour": 13}}, {"type": "Feature", "geometry": {"type": "Point", "coordinates": [5.5, 53.5]}, "properties": {"value": 9.037, "time": "2025-12-01T13:00:00", "date": "2025-12-01", "hour": 13}}, {"type": "Feature", "geometry": {"type": "Point", "coordinates": [5.75, 53.5]}, "properties": {"value": 8.363, "time": "2025-12-01T13:00:00", "date": "2025-12-01", "hour": 13}}, {"type": "Feature", "geometry": {"type": "Point", "coordinates": [6.0, 53.5]}, "properties": {"value": 7.583, "time": "2025-12-01T13:00:00", "date": "2025-12-01", "hour": 13}}, {"type": "Feature", "geometry": {"type": "Point", "coordinates": [6.25, 53.5]}, "properties": {"value": 6.762, "time": "2025-12-01T13:00:00", "date": "2025-12-01", "hour": 13}}, {"type": "Feature", "geometry": {"type": "Point", "coordinates": [6.5, 53.5]}, "properties": {"value": 6.362, "time": "2025-12-01T13:00:00", "date": "2025-12-01", "hour": 13}}, {"type": "Feature", "geometry": {"type": "Point", "coordinates": [6.75, 53.5]}, "properties": {"value": 5.656, "time": "2025-12-01T13:00:00", "date": "2025-12-01", "hour": 13}}, {"type": "Feature", "geometry": {"type": "Point", "coordinates": [5.0, 53.75]}, "properties": {"value": 10.558, "time": "2025-12-01T13:00:00", "date": "2025-12-01", "hour": 13}}, {"type": "Feature", "geometry": {"type": "Point", "coordinates": [5.25, 53.75]}, "properties": {"value": 10.271, "time": "2025-12-01T13:00:00", "date": "2025-12-01", "hour": 13}}, {"type": "Feature", "geometry": {"type": "Point", "coordinates": [5.5, 53.75]}, "properties": {"value": 10.048, "time": "2025-12-01T13:00:00", "date": "2025-12-01", "hour": 13}}, {"type": "Feature", "geometry": {"type": "Point", "coordinates": [5.75, 53.75]}, "properties": {"value": 9.769, "time": "2025-12-01T13:00:00", "date": "2025-12-01", "hour": 13}}, {"type": "Feature", "geometry": {"type": "Point", "coordinates": [6.0, 53.75]}, "properties": {"value": 9.163, "time": "2025-12-01T13:00:00", "date": "2025-12-01", "hour": 13}}, {"type": "Feature", "geometry": {"type": "Point", "coordinates": [6.25, 53.75]}, "properties": {"value": 8.853, "time": "2025-12-01T13:00:00", "date": "2025-12-01", "hour": 13}}, {"type": "Feature", "geometry": {"type": "Point", "coordinates": [6.5, 53.75]}, "properties": {"value": 8.424, "time": "2025-12-01T13:00:00", "date": "2025-12-01", "hour": 13}}, {"type": "Feature", "geometry": {"type": "Point", "coordinates": [6.75, 53.75]}, "properties": {"value": 7.902, "time": "2025-12-01T13:00:00", "date": "2025-12-01", "hour": 13}}, {"type": "Feature", "geometry": {"type": "Point", "coordinates": [7.0, 53.75]}, "properties": {"value": 8.203, "time": "2025-12-01T13:00:00", "date": "2025-12-01", "hour": 13}}, {"type": "Feature", "geometry": {"type": "Point", "coordinates": [7.25, 53.75]}, "properties": {"value": 7.675, "time": "2025-12-01T13:00:00", "date": "2025-12-01", "hour": 13}}, {"type": "Feature", "geometry": {"type": "Point", "coordinates": [7.5, 53.75]}, "properties": {"value": 7.903, "time": "2025-12-01T13:00:00", "date": "2025-12-01", "hour": 13}}, {"type": "Feature", "geometry": {"type": "Point", "coordinates": [7.75, 53.75]}, "properties": {"value": 7.942, "time": "2025-12-01T13:00:00", "date": "2025-12-01", "hour": 13}}, {"type": "Feature", "geometry": {"type": "Point", "coordinates": [8.0, 53.75]}, "properties": {"value": 7.827, "time": "2025-12-01T13:00:00", "date": "2025-12-01", "hour": 13}}, {"type": "Feature", "geometry": {"type": "Point", "coordinates": [8.25, 53.75]}, "properties": {"value": 7.053, "time": "2025-12-01T13:00:00", "date": "2025-12-01", "hour": 13}}, {"type": "Feature", "geometry": {"type": "Point", "coordinates": [8.5, 53.75]}, "properties": {"value": 6.125, "time": "2025-12-01T13:00:00", "date": "2025-12-01", "hour": 13}}, {"type": "Feature", "geometry": {"type": "Point", "coordinates": [8.75, 53.75]}, "properties": {"value": 6.125, "time": "2025-12-01T13:00:00", "date": "2025-12-01", "hour": 13}}, {"type": "Feature", "geometry": {"type": "Point", "coordinates": [14.25, 53.75]}, "properties": {"value": 3.644, "time": "2025-12-01T13:00:00", "date": "2025-12-01", "hour": 13}}, {"type": "Feature", "geometry": {"type": "Point", "coordinates": [14.5, 53.75]}, "properties": {"value": 3.644, "time": "2025-12-01T13:00:00", "date": "2025-12-01", "hour": 13}}, {"type": "Feature", "geometry": {"type": "Point", "coordinates": [5.0, 54.0]}, "properties": {"value": 10.988, "time": "2025-12-01T13:00:00", "date": "2025-12-01", "hour": 13}}, {"type": "Feature", "geometry": {"type": "Point", "coordinates": [5.25, 54.0]}, "properties": {"value": 10.926, "time": "2025-12-01T13:00:00", "date": "2025-12-01", "hour": 13}}, {"type": "Feature", "geometry": {"type": "Point", "coordinates": [5.5, 54.0]}, "properties": {"value": 10.704, "time": "2025-12-01T13:00:00", "date": "2025-12-01", "hour": 13}}, {"type": "Feature", "geometry": {"type": "Point", "coordinates": [5.75, 54.0]}, "properties": {"value": 10.472, "time": "2025-12-01T13:00:00", "date": "2025-12-01", "hour": 13}}, {"type": "Feature", "geometry": {"type": "Point", "coordinates": [6.0, 54.0]}, "properties": {"value": 10.25, "time": "2025-12-01T13:00:00", "date": "2025-12-01", "hour": 13}}, {"type": "Feature", "geometry": {"type": "Point", "coordinates": [6.25, 54.0]}, "properties": {"value": 9.99, "time": "2025-12-01T13:00:00", "date": "2025-12-01", "hour": 13}}, {"type": "Feature", "geometry": {"type": "Point", "coordinates": [6.5, 54.0]}, "properties": {"value": 9.624, "time": "2025-12-01T13:00:00", "date": "2025-12-01", "hour": 13}}, {"type": "Feature", "geometry": {"type": "Point", "coordinates": [6.75, 54.0]}, "properties": {"value": 9.527, "time": "2025-12-01T13:00:00", "date": "2025-12-01", "hour": 13}}, {"type": "Feature", "geometry": {"type": "Point", "coordinates": [7.0, 54.0]}, "properties": {"value": 9.269, "time": "2025-12-01T13:00:00", "date": "2025-12-01", "hour": 13}}, {"type": "Feature", "geometry": {"type": "Point", "coordinates": [7.25, 54.0]}, "properties": {"value": 8.917, "time": "2025-12-01T13:00:00", "date": "2025-12-01", "hour": 13}}, {"type": "Feature", "geometry": {"type": "Point", "coordinates": [7.5, 54.0]}, "properties": {"value": 9.058, "time": "2025-12-01T13:00:00", "date": "2025-12-01", "hour": 13}}, {"type": "Feature", "geometry": {"type": "Point", "coordinates": [7.75, 54.0]}, "properties": {"value": 9.069, "time": "2025-12-01T13:00:00", "date": "2025-12-01", "hour": 13}}, {"type": "Feature", "geometry": {"type": "Point", "coordinates": [8.0, 54.0]}, "properties": {"value": 8.935, "time": "2025-12-01T13:00:00", "date": "2025-12-01", "hour": 13}}, {"type": "Feature", "geometry": {"type": "Point", "coordinates": [8.25, 54.0]}, "properties": {"value": 8.35, "time": "2025-12-01T13:00:00", "date": "2025-12-01", "hour": 13}}, {"type": "Feature", "geometry": {"type": "Point", "coordinates": [8.5, 54.0]}, "properties": {"value": 6.885, "time": "2025-12-01T13:00:00", "date": "2025-12-01", "hour": 13}}, {"type": "Feature", "geometry": {"type": "Point", "coordinates": [11.25, 54.0]}, "properties": {"value": 6.933, "time": "2025-12-01T13:00:00", "date": "2025-12-01", "hour": 13}}, {"type": "Feature", "geometry": {"type": "Point", "coordinates": [14.0, 54.0]}, "properties": {"value": 5.097, "time": "2025-12-01T13:00:00", "date": "2025-12-01", "hour": 13}}, {"type": "Feature", "geometry": {"type": "Point", "coordinates": [14.25, 54.0]}, "properties": {"value": 5.69, "time": "2025-12-01T13:00:00", "date": "2025-12-01", "hour": 13}}, {"type": "Feature", "geometry": {"type": "Point", "coordinates": [14.5, 54.0]}, "properties": {"value": 5.4, "time": "2025-12-01T13:00:00", "date": "2025-12-01", "hour": 13}}, {"type": "Feature", "geometry": {"type": "Point", "coordinates": [14.75, 54.0]}, "properties": {"value": 5.837, "time": "2025-12-01T13:00:00", "date": "2025-12-01", "hour": 13}}, {"type": "Feature", "geometry": {"type": "Point", "coordinates": [5.0, 54.25]}, "properties": {"value": 11.138, "time": "2025-12-01T13:00:00", "date": "2025-12-01", "hour": 13}}, {"type": "Feature", "geometry": {"type": "Point", "coordinates": [5.25, 54.25]}, "properties": {"value": 11.073, "time": "2025-12-01T13:00:00", "date": "2025-12-01", "hour": 13}}, {"type": "Feature", "geometry": {"type": "Point", "coordinates": [5.5, 54.25]}, "properties": {"value": 11.028, "time": "2025-12-01T13:00:00", "date": "2025-12-01", "hour": 13}}, {"type": "Feature", "geometry": {"type": "Point", "coordinates": [5.75, 54.25]}, "properties": {"value": 10.833, "time": "2025-12-01T13:00:00", "date": "2025-12-01", "hour": 13}}, {"type": "Feature", "geometry": {"type": "Point", "coordinates": [6.0, 54.25]}, "properties": {"value": 10.724, "time": "2025-12-01T13:00:00", "date": "2025-12-01", "hour": 13}}, {"type": "Feature", "geometry": {"type": "Point", "coordinates": [6.25, 54.25]}, "properties": {"value": 10.514, "time": "2025-12-01T13:00:00", "date": "2025-12-01", "hour": 13}}, {"type": "Feature", "geometry": {"type": "Point", "coordinates": [6.5, 54.25]}, "properties": {"value": 10.357, "time": "2025-12-01T13:00:00", "date": "2025-12-01", "hour": 13}}, {"type": "Feature", "geometry": {"type": "Point", "coordinates": [6.75, 54.25]}, "properties": {"value": 10.216, "time": "2025-12-01T13:00:00", "date": "2025-12-01", "hour": 13}}, {"type": "Feature", "geometry": {"type": "Point", "coordinates": [7.0, 54.25]}, "properties": {"value": 9.99, "time": "2025-12-01T13:00:00", "date": "2025-12-01", "hour": 13}}, {"type": "Feature", "geometry": {"type": "Point", "coordinates": [7.25, 54.25]}, "properties": {"value": 9.88, "time": "2025-12-01T13:00:00", "date": "2025-12-01", "hour": 13}}, {"type": "Feature", "geometry": {"type": "Point", "coordinates": [7.5, 54.25]}, "properties": {"value": 9.945, "time": "2025-12-01T13:00:00", "date": "2025-12-01", "hour": 13}}, {"type": "Feature", "geometry": {"type": "Point", "coordinates": [7.75, 54.25]}, "properties": {"value": 9.603, "time": "2025-12-01T13:00:00", "date": "2025-12-01", "hour": 13}}, {"type": "Feature", "geometry": {"type": "Point", "coordinates": [8.0, 54.25]}, "properties": {"value": 9.35, "time": "2025-12-01T13:00:00", "date": "2025-12-01", "hour": 13}}, {"type": "Feature", "geometry": {"type": "Point", "coordinates": [8.25, 54.25]}, "properties": {"value": 7.977, "time": "2025-12-01T13:00:00", "date": "2025-12-01", "hour": 13}}, {"type": "Feature", "geometry": {"type": "Point", "coordinates": [8.5, 54.25]}, "properties": {"value": 6.56, "time": "2025-12-01T13:00:00", "date": "2025-12-01", "hour": 13}}, {"type": "Feature", "geometry": {"type": "Point", "coordinates": [10.75, 54.25]}, "properties": {"value": 7.086, "time": "2025-12-01T13:00:00", "date": "2025-12-01", "hour": 13}}, {"type": "Feature", "geometry": {"type": "Point", "coordinates": [11.25, 54.25]}, "properties": {"value": 7.105, "time": "2025-12-01T13:00:00", "date": "2025-12-01", "hour": 13}}, {"type": "Feature", "geometry": {"type": "Point", "coordinates": [11.75, 54.25]}, "properties": {"value": 7.016, "time": "2025-12-01T13:00:00", "date": "2025-12-01", "hour": 13}}, {"type": "Feature", "geometry": {"type": "Point", "coordinates": [12.25, 54.25]}, "properties": {"value": 6.849, "time": "2025-12-01T13:00:00", "date": "2025-12-01", "hour": 13}}, {"type": "Feature", "geometry": {"type": "Point", "coordinates": [13.75, 54.25]}, "properties": {"value": 5.402, "time": "2025-12-01T13:00:00", "date": "2025-12-01", "hour": 13}}, {"type": "Feature", "geometry": {"type": "Point", "coordinates": [14.0, 54.25]}, "properties": {"value": 5.783, "time": "2025-12-01T13:00:00", "date": "2025-12-01", "hour": 13}}, {"type": "Feature", "geometry": {"type": "Point", "coordinates": [14.25, 54.25]}, "properties": {"value": 6.141, "time": "2025-12-01T13:00:00", "date": "2025-12-01", "hour": 13}}, {"type": "Feature", "geometry": {"type": "Point", "coordinates": [14.5, 54.25]}, "properties": {"value": 6.004, "time": "2025-12-01T13:00:00", "date": "2025-12-01", "hour": 13}}, {"type": "Feature", "geometry": {"type": "Point", "coordinates": [14.75, 54.25]}, "properties": {"value": 6.275, "time": "2025-12-01T13:00:00", "date": "2025-12-01", "hour": 13}}, {"type": "Feature", "geometry": {"type": "Point", "coordinates": [15.0, 54.25]}, "properties": {"value": 6.996, "time": "2025-12-01T13:00:00", "date": "2025-12-01", "hour": 13}}, {"type": "Feature", "geometry": {"type": "Point", "coordinates": [5.0, 54.5]}, "properties": {"value": 11.234, "time": "2025-12-01T13:00:00", "date": "2025-12-01", "hour": 13}}, {"type": "Feature", "geometry": {"type": "Point", "coordinates": [5.25, 54.5]}, "properties": {"value": 11.227, "time": "2025-12-01T13:00:00", "date": "2025-12-01", "hour": 13}}, {"type": "Feature", "geometry": {"type": "Point", "coordinates": [5.5, 54.5]}, "properties": {"value": 11.182, "time": "2025-12-01T13:00:00", "date": "2025-12-01", "hour": 13}}, {"type": "Feature", "geometry": {"type": "Point", "coordinates": [5.75, 54.5]}, "properties": {"value": 11.111, "time": "2025-12-01T13:00:00", "date": "2025-12-01", "hour": 13}}, {"type": "Feature", "geometry": {"type": "Point", "coordinates": [6.0, 54.5]}, "properties": {"value": 10.996, "time": "2025-12-01T13:00:00", "date": "2025-12-01", "hour": 13}}, {"type": "Feature", "geometry": {"type": "Point", "coordinates": [6.25, 54.5]}, "properties": {"value": 10.846, "time": "2025-12-01T13:00:00", "date": "2025-12-01", "hour": 13}}, {"type": "Feature", "geometry": {"type": "Point", "coordinates": [6.5, 54.5]}, "properties": {"value": 10.674, "time": "2025-12-01T13:00:00", "date": "2025-12-01", "hour": 13}}, {"type": "Feature", "geometry": {"type": "Point", "coordinates": [6.75, 54.5]}, "properties": {"value": 10.476, "time": "2025-12-01T13:00:00", "date": "2025-12-01", "hour": 13}}, {"type": "Feature", "geometry": {"type": "Point", "coordinates": [7.0, 54.5]}, "properties": {"value": 10.35, "time": "2025-12-01T13:00:00", "date": "2025-12-01", "hour": 13}}, {"type": "Feature", "geometry": {"type": "Point", "coordinates": [7.25, 54.5]}, "properties": {"value": 10.159, "time": "2025-12-01T13:00:00", "date": "2025-12-01", "hour": 13}}, {"type": "Feature", "geometry": {"type": "Point", "coordinates": [7.5, 54.5]}, "properties": {"value": 10.163, "time": "2025-12-01T13:00:00", "date": "2025-12-01", "hour": 13}}, {"type": "Feature", "geometry": {"type": "Point", "coordinates": [7.75, 54.5]}, "properties": {"value": 9.648, "time": "2025-12-01T13:00:00", "date": "2025-12-01", "hour": 13}}, {"type": "Feature", "geometry": {"type": "Point", "coordinates": [8.0, 54.5]}, "properties": {"value": 8.637, "time": "2025-12-01T13:00:00", "date": "2025-12-01", "hour": 13}}, {"type": "Feature", "geometry": {"type": "Point", "coordinates": [8.25, 54.5]}, "properties": {"value": 7.143, "time": "2025-12-01T13:00:00", "date": "2025-12-01", "hour": 13}}, {"type": "Feature", "geometry": {"type": "Point", "coordinates": [8.5, 54.5]}, "properties": {"value": 5.947, "time": "2025-12-01T13:00:00", "date": "2025-12-01", "hour": 13}}, {"type": "Feature", "geometry": {"type": "Point", "coordinates": [10.5, 54.5]}, "properties": {"value": 7.425, "time": "2025-12-01T13:00:00", "date": "2025-12-01", "hour": 13}}, {"type": "Feature", "geometry": {"type": "Point", "coordinates": [10.75, 54.5]}, "properties": {"value": 7.25, "time": "2025-12-01T13:00:00", "date": "2025-12-01", "hour": 13}}, {"type": "Feature", "geometry": {"type": "Point", "coordinates": [11.0, 54.5]}, "properties": {"value": 6.818, "time": "2025-12-01T13:00:00", "date": "2025-12-01", "hour": 13}}, {"type": "Feature", "geometry": {"type": "Point", "coordinates": [11.25, 54.5]}, "properties": {"value": 6.904, "time": "2025-12-01T13:00:00", "date": "2025-12-01", "hour": 13}}, {"type": "Feature", "geometry": {"type": "Point", "coordinates": [11.5, 54.5]}, "properties": {"value": 6.78, "time": "2025-12-01T13:00:00", "date": "2025-12-01", "hour": 13}}, {"type": "Feature", "geometry": {"type": "Point", "coordinates": [11.75, 54.5]}, "properties": {"value": 7.055, "time": "2025-12-01T13:00:00", "date": "2025-12-01", "hour": 13}}, {"type": "Feature", "geometry": {"type": "Point", "coordinates": [12.0, 54.5]}, "properties": {"value": 7.145, "time": "2025-12-01T13:00:00", "date": "2025-12-01", "hour": 13}}, {"type": "Feature", "geometry": {"type": "Point", "coordinates": [12.25, 54.5]}, "properties": {"value": 7.114, "time": "2025-12-01T13:00:00", "date": "2025-12-01", "hour": 13}}, {"type": "Feature", "geometry": {"type": "Point", "coordinates": [13.0, 54.5]}, "properties": {"value": 7.342, "time": "2025-12-01T13:00:00", "date": "2025-12-01", "hour": 13}}, {"type": "Feature", "geometry": {"type": "Point", "coordinates": [13.25, 54.5]}, "properties": {"value": 6.737, "time": "2025-12-01T13:00:00", "date": "2025-12-01", "hour": 13}}, {"type": "Feature", "geometry": {"type": "Point", "coordinates": [13.5, 54.5]}, "properties": {"value": 6.579, "time": "2025-12-01T13:00:00", "date": "2025-12-01", "hour": 13}}, {"type": "Feature", "geometry": {"type": "Point", "coordinates": [13.75, 54.5]}, "properties": {"value": 6.536, "time": "2025-12-01T13:00:00", "date": "2025-12-01", "hour": 13}}, {"type": "Feature", "geometry": {"type": "Point", "coordinates": [14.0, 54.5]}, "properties": {"value": 6.82, "time": "2025-12-01T13:00:00", "date": "2025-12-01", "hour": 13}}, {"type": "Feature", "geometry": {"type": "Point", "coordinates": [14.25, 54.5]}, "properties": {"value": 6.796, "time": "2025-12-01T13:00:00", "date": "2025-12-01", "hour": 13}}, {"type": "Feature", "geometry": {"type": "Point", "coordinates": [14.5, 54.5]}, "properties": {"value": 6.964, "time": "2025-12-01T13:00:00", "date": "2025-12-01", "hour": 13}}, {"type": "Feature", "geometry": {"type": "Point", "coordinates": [14.75, 54.5]}, "properties": {"value": 7.362, "time": "2025-12-01T13:00:00", "date": "2025-12-01", "hour": 13}}, {"type": "Feature", "geometry": {"type": "Point", "coordinates": [15.0, 54.5]}, "properties": {"value": 8.121, "time": "2025-12-01T13:00:00", "date": "2025-12-01", "hour": 13}}, {"type": "Feature", "geometry": {"type": "Point", "coordinates": [5.0, 54.75]}, "properties": {"value": 11.377, "time": "2025-12-01T13:00:00", "date": "2025-12-01", "hour": 13}}, {"type": "Feature", "geometry": {"type": "Point", "coordinates": [5.25, 54.75]}, "properties": {"value": 11.37, "time": "2025-12-01T13:00:00", "date": "2025-12-01", "hour": 13}}, {"type": "Feature", "geometry": {"type": "Point", "coordinates": [5.5, 54.75]}, "properties": {"value": 11.325, "time": "2025-12-01T13:00:00", "date": "2025-12-01", "hour": 13}}, {"type": "Feature", "geometry": {"type": "Point", "coordinates": [5.75, 54.75]}, "properties": {"value": 11.295, "time": "2025-12-01T13:00:00", "date": "2025-12-01", "hour": 13}}, {"type": "Feature", "geometry": {"type": "Point", "coordinates": [6.0, 54.75]}, "properties": {"value": 11.17, "time": "2025-12-01T13:00:00", "date": "2025-12-01", "hour": 13}}, {"type": "Feature", "geometry": {"type": "Point", "coordinates": [6.25, 54.75]}, "properties": {"value": 11.021, "time": "2025-12-01T13:00:00", "date": "2025-12-01", "hour": 13}}, {"type": "Feature", "geometry": {"type": "Point", "coordinates": [6.5, 54.75]}, "properties": {"value": 10.874, "time": "2025-12-01T13:00:00", "date": "2025-12-01", "hour": 13}}, {"type": "Feature", "geometry": {"type": "Point", "coordinates": [6.75, 54.75]}, "properties": {"value": 10.739, "time": "2025-12-01T13:00:00", "date": "2025-12-01", "hour": 13}}, {"type": "Feature", "geometry": {"type": "Point", "coordinates": [7.0, 54.75]}, "properties": {"value": 10.652, "time": "2025-12-01T13:00:00", "date": "2025-12-01", "hour": 13}}, {"type": "Feature", "geometry": {"type": "Point", "coordinates": [7.25, 54.75]}, "properties": {"value": 10.445, "time": "2025-12-01T13:00:00", "date": "2025-12-01", "hour": 13}}, {"type": "Feature", "geometry": {"type": "Point", "coordinates": [7.5, 54.75]}, "properties": {"value": 10.14, "time": "2025-12-01T13:00:00", "date": "2025-12-01", "hour": 13}}, {"type": "Feature", "geometry": {"type": "Point", "coordinates": [7.75, 54.75]}, "properties": {"value": 9.109, "time": "2025-12-01T13:00:00", "date": "2025-12-01", "hour": 13}}, {"type": "Feature", "geometry": {"type": "Point", "coordinates": [8.0, 54.75]}, "properties": {"value": 8.069, "time": "2025-12-01T13:00:00", "date": "2025-12-01", "hour": 13}}, {"type": "Feature", "geometry": {"type": "Point", "coordinates": [8.25, 54.75]}, "properties": {"value": 6.601, "time": "2025-12-01T13:00:00", "date": "2025-12-01", "hour": 13}}, {"type": "Feature", "geometry": {"type": "Point", "coordinates": [8.5, 54.75]}, "properties": {"value": 5.543, "time": "2025-12-01T13:00:00", "date": "2025-12-01", "hour": 13}}, {"type": "Feature", "geometry": {"type": "Point", "coordinates": [10.25, 54.75]}, "properties": {"value": 7.504, "time": "2025-12-01T13:00:00", "date": "2025-12-01", "hour": 13}}, {"type": "Feature", "geometry": {"type": "Point", "coordinates": [10.5, 54.75]}, "properties": {"value": 7.41, "time": "2025-12-01T13:00:00", "date": "2025-12-01", "hour": 13}}, {"type": "Feature", "geometry": {"type": "Point", "coordinates": [10.75, 54.75]}, "properties": {"value": 7.238, "time": "2025-12-01T13:00:00", "date": "2025-12-01", "hour": 13}}, {"type": "Feature", "geometry": {"type": "Point", "coordinates": [11.0, 54.75]}, "properties": {"value": 6.764, "time": "2025-12-01T13:00:00", "date": "2025-12-01", "hour": 13}}, {"type": "Feature", "geometry": {"type": "Point", "coordinates": [11.25, 54.75]}, "properties": {"value": 6.362, "time": "2025-12-01T13:00:00", "date": "2025-12-01", "hour": 13}}, {"type": "Feature", "geometry": {"type": "Point", "coordinates": [11.5, 54.75]}, "properties": {"value": 6.158, "time": "2025-12-01T13:00:00", "date": "2025-12-01", "hour": 13}}, {"type": "Feature", "geometry": {"type": "Point", "coordinates": [12.0, 54.75]}, "properties": {"value": 6.814, "time": "2025-12-01T13:00:00", "date": "2025-12-01", "hour": 13}}, {"type": "Feature", "geometry": {"type": "Point", "coordinates": [12.25, 54.75]}, "properties": {"value": 7.346, "time": "2025-12-01T13:00:00", "date": "2025-12-01", "hour": 13}}, {"type": "Feature", "geometry": {"type": "Point", "coordinates": [12.5, 54.75]}, "properties": {"value": 7.81, "time": "2025-12-01T13:00:00", "date": "2025-12-01", "hour": 13}}, {"type": "Feature", "geometry": {"type": "Point", "coordinates": [12.75, 54.75]}, "properties": {"value": 7.889, "time": "2025-12-01T13:00:00", "date": "2025-12-01", "hour": 13}}, {"type": "Feature", "geometry": {"type": "Point", "coordinates": [13.0, 54.75]}, "properties": {"value": 7.566, "time": "2025-12-01T13:00:00", "date": "2025-12-01", "hour": 13}}, {"type": "Feature", "geometry": {"type": "Point", "coordinates": [13.25, 54.75]}, "properties": {"value": 7.671, "time": "2025-12-01T13:00:00", "date": "2025-12-01", "hour": 13}}, {"type": "Feature", "geometry": {"type": "Point", "coordinates": [13.5, 54.75]}, "properties": {"value": 7.972, "time": "2025-12-01T13:00:00", "date": "2025-12-01", "hour": 13}}, {"type": "Feature", "geometry": {"type": "Point", "coordinates": [13.75, 54.75]}, "properties": {"value": 7.929, "time": "2025-12-01T13:00:00", "date": "2025-12-01", "hour": 13}}, {"type": "Feature", "geometry": {"type": "Point", "coordinates": [14.0, 54.75]}, "properties": {"value": 7.74, "time": "2025-12-01T13:00:00", "date": "2025-12-01", "hour": 13}}, {"type": "Feature", "geometry": {"type": "Point", "coordinates": [14.25, 54.75]}, "properties": {"value": 7.718, "time": "2025-12-01T13:00:00", "date": "2025-12-01", "hour": 13}}, {"type": "Feature", "geometry": {"type": "Point", "coordinates": [14.5, 54.75]}, "properties": {"value": 8.043, "time": "2025-12-01T13:00:00", "date": "2025-12-01", "hour": 13}}, {"type": "Feature", "geometry": {"type": "Point", "coordinates": [14.75, 54.75]}, "properties": {"value": 8.412, "time": "2025-12-01T13:00:00", "date": "2025-12-01", "hour": 13}}, {"type": "Feature", "geometry": {"type": "Point", "coordinates": [15.0, 54.75]}, "properties": {"value": 8.611, "time": "2025-12-01T13:00:00", "date": "2025-12-01", "hour": 13}}, {"type": "Feature", "geometry": {"type": "Point", "coordinates": [5.0, 55.0]}, "properties": {"value": 11.326, "time": "2025-12-01T13:00:00", "date": "2025-12-01", "hour": 13}}, {"type": "Feature", "geometry": {"type": "Point", "coordinates": [5.25, 55.0]}, "properties": {"value": 11.343, "time": "2025-12-01T13:00:00", "date": "2025-12-01", "hour": 13}}, {"type": "Feature", "geometry": {"type": "Point", "coordinates": [5.5, 55.0]}, "properties": {"value": 11.327, "time": "2025-12-01T13:00:00", "date": "2025-12-01", "hour": 13}}, {"type": "Feature", "geometry": {"type": "Point", "coordinates": [5.75, 55.0]}, "properties": {"value": 11.297, "time": "2025-12-01T13:00:00", "date": "2025-12-01", "hour": 13}}, {"type": "Feature", "geometry": {"type": "Point", "coordinates": [6.0, 55.0]}, "properties": {"value": 11.252, "time": "2025-12-01T13:00:00", "date": "2025-12-01", "hour": 13}}, {"type": "Feature", "geometry": {"type": "Point", "coordinates": [6.25, 55.0]}, "properties": {"value": 11.197, "time": "2025-12-01T13:00:00", "date": "2025-12-01", "hour": 13}}, {"type": "Feature", "geometry": {"type": "Point", "coordinates": [6.5, 55.0]}, "properties": {"value": 11.076, "time": "2025-12-01T13:00:00", "date": "2025-12-01", "hour": 13}}, {"type": "Feature", "geometry": {"type": "Point", "coordinates": [6.75, 55.0]}, "properties": {"value": 10.934, "time": "2025-12-01T13:00:00", "date": "2025-12-01", "hour": 13}}, {"type": "Feature", "geometry": {"type": "Point", "coordinates": [7.0, 55.0]}, "properties": {"value": 10.756, "time": "2025-12-01T13:00:00", "date": "2025-12-01", "hour": 13}}, {"type": "Feature", "geometry": {"type": "Point", "coordinates": [7.25, 55.0]}, "properties": {"value": 10.379, "time": "2025-12-01T13:00:00", "date": "2025-12-01", "hour": 13}}, {"type": "Feature", "geometry": {"type": "Point", "coordinates": [7.5, 55.0]}, "properties": {"value": 10.018, "time": "2025-12-01T13:00:00", "date": "2025-12-01", "hour": 13}}, {"type": "Feature", "geometry": {"type": "Point", "coordinates": [7.75, 55.0]}, "properties": {"value": 8.956, "time": "2025-12-01T13:00:00", "date": "2025-12-01", "hour": 13}}, {"type": "Feature", "geometry": {"type": "Point", "coordinates": [8.0, 55.0]}, "properties": {"value": 7.974, "time": "2025-12-01T13:00:00", "date": "2025-12-01", "hour": 13}}, {"type": "Feature", "geometry": {"type": "Point", "coordinates": [8.25, 55.0]}, "properties": {"value": 6.612, "time": "2025-12-01T13:00:00", "date": "2025-12-01", "hour": 13}}, {"type": "Feature", "geometry": {"type": "Point", "coordinates": [8.5, 55.0]}, "properties": {"value": 5.574, "time": "2025-12-01T13:00:00", "date": "2025-12-01", "hour": 13}}, {"type": "Feature", "geometry": {"type": "Point", "coordinates": [10.25, 55.0]}, "properties": {"value": 6.633, "time": "2025-12-01T13:00:00", "date": "2025-12-01", "hour": 13}}, {"type": "Feature", "geometry": {"type": "Point", "coordinates": [10.5, 55.0]}, "properties": {"value": 6.71, "time": "2025-12-01T13:00:00", "date": "2025-12-01", "hour": 13}}, {"type": "Feature", "geometry": {"type": "Point", "coordinates": [10.75, 55.0]}, "properties": {"value": 6.785, "time": "2025-12-01T13:00:00", "date": "2025-12-01", "hour": 13}}, {"type": "Feature", "geometry": {"type": "Point", "coordinates": [11.0, 55.0]}, "properties": {"value": 6.573, "time": "2025-12-01T13:00:00", "date": "2025-12-01", "hour": 13}}, {"type": "Feature", "geometry": {"type": "Point", "coordinates": [11.25, 55.0]}, "properties": {"value": 6.254, "time": "2025-12-01T13:00:00", "date": "2025-12-01", "hour": 13}}, {"type": "Feature", "geometry": {"type": "Point", "coordinates": [11.5, 55.0]}, "properties": {"value": 6.016, "time": "2025-12-01T13:00:00", "date": "2025-12-01", "hour": 13}}, {"type": "Feature", "geometry": {"type": "Point", "coordinates": [11.75, 55.0]}, "properties": {"value": 5.739, "time": "2025-12-01T13:00:00", "date": "2025-12-01", "hour": 13}}, {"type": "Feature", "geometry": {"type": "Point", "coordinates": [12.0, 55.0]}, "properties": {"value": 6.229, "time": "2025-12-01T13:00:00", "date": "2025-12-01", "hour": 13}}, {"type": "Feature", "geometry": {"type": "Point", "coordinates": [12.25, 55.0]}, "properties": {"value": 6.941, "time": "2025-12-01T13:00:00", "date": "2025-12-01", "hour": 13}}, {"type": "Feature", "geometry": {"type": "Point", "coordinates": [12.5, 55.0]}, "properties": {"value": 7.794, "time": "2025-12-01T13:00:00", "date": "2025-12-01", "hour": 13}}, {"type": "Feature", "geometry": {"type": "Point", "coordinates": [12.75, 55.0]}, "properties": {"value": 8.024, "time": "2025-12-01T13:00:00", "date": "2025-12-01", "hour": 13}}, {"type": "Feature", "geometry": {"type": "Point", "coordinates": [13.0, 55.0]}, "properties": {"value": 8.186, "time": "2025-12-01T13:00:00", "date": "2025-12-01", "hour": 13}}, {"type": "Feature", "geometry": {"type": "Point", "coordinates": [13.25, 55.0]}, "properties": {"value": 8.29, "time": "2025-12-01T13:00:00", "date": "2025-12-01", "hour": 13}}, {"type": "Feature", "geometry": {"type": "Point", "coordinates": [13.5, 55.0]}, "properties": {"value": 8.34, "time": "2025-12-01T13:00:00", "date": "2025-12-01", "hour": 13}}, {"type": "Feature", "geometry": {"type": "Point", "coordinates": [13.75, 55.0]}, "properties": {"value": 8.402, "time": "2025-12-01T13:00:00", "date": "2025-12-01", "hour": 13}}, {"type": "Feature", "geometry": {"type": "Point", "coordinates": [14.0, 55.0]}, "properties": {"value": 8.359, "time": "2025-12-01T13:00:00", "date": "2025-12-01", "hour": 13}}, {"type": "Feature", "geometry": {"type": "Point", "coordinates": [14.25, 55.0]}, "properties": {"value": 8.27, "time": "2025-12-01T13:00:00", "date": "2025-12-01", "hour": 13}}, {"type": "Feature", "geometry": {"type": "Point", "coordinates": [14.5, 55.0]}, "properties": {"value": 8.167, "time": "2025-12-01T13:00:00", "date": "2025-12-01", "hour": 13}}, {"type": "Feature", "geometry": {"type": "Point", "coordinates": [14.75, 55.0]}, "properties": {"value": 8.191, "time": "2025-12-01T13:00:00", "date": "2025-12-01", "hour": 13}}, {"type": "Feature", "geometry": {"type": "Point", "coordinates": [15.0, 55.0]}, "properties": {"value": 8.269, "time": "2025-12-01T13:00:00", "date": "2025-12-01", "hour": 13}}, {"type": "Feature", "geometry": {"type": "Point", "coordinates": [5.25, 52.75]}, "properties": {"value": 5.87, "time": "2025-12-01T14:00:00", "date": "2025-12-01", "hour": 14}}, {"type": "Feature", "geometry": {"type": "Point", "coordinates": [5.5, 52.75]}, "properties": {"value": 5.874, "time": "2025-12-01T14:00:00", "date": "2025-12-01", "hour": 14}}, {"type": "Feature", "geometry": {"type": "Point", "coordinates": [5.0, 53.0]}, "properties": {"value": 7.136, "time": "2025-12-01T14:00:00", "date": "2025-12-01", "hour": 14}}, {"type": "Feature", "geometry": {"type": "Point", "coordinates": [5.25, 53.0]}, "properties": {"value": 6.372, "time": "2025-12-01T14:00:00", "date": "2025-12-01", "hour": 14}}, {"type": "Feature", "geometry": {"type": "Point", "coordinates": [5.5, 53.0]}, "properties": {"value": 5.806, "time": "2025-12-01T14:00:00", "date": "2025-12-01", "hour": 14}}, {"type": "Feature", "geometry": {"type": "Point", "coordinates": [5.0, 53.25]}, "properties": {"value": 8.133, "time": "2025-12-01T14:00:00", "date": "2025-12-01", "hour": 14}}, {"type": "Feature", "geometry": {"type": "Point", "coordinates": [5.25, 53.25]}, "properties": {"value": 7.078, "time": "2025-12-01T14:00:00", "date": "2025-12-01", "hour": 14}}, {"type": "Feature", "geometry": {"type": "Point", "coordinates": [5.5, 53.25]}, "properties": {"value": 6.443, "time": "2025-12-01T14:00:00", "date": "2025-12-01", "hour": 14}}, {"type": "Feature", "geometry": {"type": "Point", "coordinates": [5.0, 53.5]}, "properties": {"value": 9.858, "time": "2025-12-01T14:00:00", "date": "2025-12-01", "hour": 14}}, {"type": "Feature", "geometry": {"type": "Point", "coordinates": [5.25, 53.5]}, "properties": {"value": 9.263, "time": "2025-12-01T14:00:00", "date": "2025-12-01", "hour": 14}}, {"type": "Feature", "geometry": {"type": "Point", "coordinates": [5.5, 53.5]}, "properties": {"value": 9.037, "time": "2025-12-01T14:00:00", "date": "2025-12-01", "hour": 14}}, {"type": "Feature", "geometry": {"type": "Point", "coordinates": [5.75, 53.5]}, "properties": {"value": 8.363, "time": "2025-12-01T14:00:00", "date": "2025-12-01", "hour": 14}}, {"type": "Feature", "geometry": {"type": "Point", "coordinates": [6.0, 53.5]}, "properties": {"value": 7.583, "time": "2025-12-01T14:00:00", "date": "2025-12-01", "hour": 14}}, {"type": "Feature", "geometry": {"type": "Point", "coordinates": [6.25, 53.5]}, "properties": {"value": 6.762, "time": "2025-12-01T14:00:00", "date": "2025-12-01", "hour": 14}}, {"type": "Feature", "geometry": {"type": "Point", "coordinates": [6.5, 53.5]}, "properties": {"value": 6.362, "time": "2025-12-01T14:00:00", "date": "2025-12-01", "hour": 14}}, {"type": "Feature", "geometry": {"type": "Point", "coordinates": [6.75, 53.5]}, "properties": {"value": 5.656, "time": "2025-12-01T14:00:00", "date": "2025-12-01", "hour": 14}}, {"type": "Feature", "geometry": {"type": "Point", "coordinates": [5.0, 53.75]}, "properties": {"value": 10.558, "time": "2025-12-01T14:00:00", "date": "2025-12-01", "hour": 14}}, {"type": "Feature", "geometry": {"type": "Point", "coordinates": [5.25, 53.75]}, "properties": {"value": 10.271, "time": "2025-12-01T14:00:00", "date": "2025-12-01", "hour": 14}}, {"type": "Feature", "geometry": {"type": "Point", "coordinates": [5.5, 53.75]}, "properties": {"value": 10.048, "time": "2025-12-01T14:00:00", "date": "2025-12-01", "hour": 14}}, {"type": "Feature", "geometry": {"type": "Point", "coordinates": [5.75, 53.75]}, "properties": {"value": 9.769, "time": "2025-12-01T14:00:00", "date": "2025-12-01", "hour": 14}}, {"type": "Feature", "geometry": {"type": "Point", "coordinates": [6.0, 53.75]}, "properties": {"value": 9.163, "time": "2025-12-01T14:00:00", "date": "2025-12-01", "hour": 14}}, {"type": "Feature", "geometry": {"type": "Point", "coordinates": [6.25, 53.75]}, "properties": {"value": 8.853, "time": "2025-12-01T14:00:00", "date": "2025-12-01", "hour": 14}}, {"type": "Feature", "geometry": {"type": "Point", "coordinates": [6.5, 53.75]}, "properties": {"value": 8.424, "time": "2025-12-01T14:00:00", "date": "2025-12-01", "hour": 14}}, {"type": "Feature", "geometry": {"type": "Point", "coordinates": [6.75, 53.75]}, "properties": {"value": 7.902, "time": "2025-12-01T14:00:00", "date": "2025-12-01", "hour": 14}}, {"type": "Feature", "geometry": {"type": "Point", "coordinates": [7.0, 53.75]}, "properties": {"value": 8.203, "time": "2025-12-01T14:00:00", "date": "2025-12-01", "hour": 14}}, {"type": "Feature", "geometry": {"type": "Point", "coordinates": [7.25, 53.75]}, "properties": {"value": 7.675, "time": "2025-12-01T14:00:00", "date": "2025-12-01", "hour": 14}}, {"type": "Feature", "geometry": {"type": "Point", "coordinates": [7.5, 53.75]}, "properties": {"value": 7.903, "time": "2025-12-01T14:00:00", "date": "2025-12-01", "hour": 14}}, {"type": "Feature", "geometry": {"type": "Point", "coordinates": [7.75, 53.75]}, "properties": {"value": 7.942, "time": "2025-12-01T14:00:00", "date": "2025-12-01", "hour": 14}}, {"type": "Feature", "geometry": {"type": "Point", "coordinates": [8.0, 53.75]}, "properties": {"value": 7.827, "time": "2025-12-01T14:00:00", "date": "2025-12-01", "hour": 14}}, {"type": "Feature", "geometry": {"type": "Point", "coordinates": [8.25, 53.75]}, "properties": {"value": 7.053, "time": "2025-12-01T14:00:00", "date": "2025-12-01", "hour": 14}}, {"type": "Feature", "geometry": {"type": "Point", "coordinates": [8.5, 53.75]}, "properties": {"value": 6.125, "time": "2025-12-01T14:00:00", "date": "2025-12-01", "hour": 14}}, {"type": "Feature", "geometry": {"type": "Point", "coordinates": [8.75, 53.75]}, "properties": {"value": 6.125, "time": "2025-12-01T14:00:00", "date": "2025-12-01", "hour": 14}}, {"type": "Feature", "geometry": {"type": "Point", "coordinates": [14.25, 53.75]}, "properties": {"value": 3.644, "time": "2025-12-01T14:00:00", "date": "2025-12-01", "hour": 14}}, {"type": "Feature", "geometry": {"type": "Point", "coordinates": [14.5, 53.75]}, "properties": {"value": 3.644, "time": "2025-12-01T14:00:00", "date": "2025-12-01", "hour": 14}}, {"type": "Feature", "geometry": {"type": "Point", "coordinates": [5.0, 54.0]}, "properties": {"value": 10.988, "time": "2025-12-01T14:00:00", "date": "2025-12-01", "hour": 14}}, {"type": "Feature", "geometry": {"type": "Point", "coordinates": [5.25, 54.0]}, "properties": {"value": 10.926, "time": "2025-12-01T14:00:00", "date": "2025-12-01", "hour": 14}}, {"type": "Feature", "geometry": {"type": "Point", "coordinates": [5.5, 54.0]}, "properties": {"value": 10.704, "time": "2025-12-01T14:00:00", "date": "2025-12-01", "hour": 14}}, {"type": "Feature", "geometry": {"type": "Point", "coordinates": [5.75, 54.0]}, "properties": {"value": 10.472, "time": "2025-12-01T14:00:00", "date": "2025-12-01", "hour": 14}}, {"type": "Feature", "geometry": {"type": "Point", "coordinates": [6.0, 54.0]}, "properties": {"value": 10.25, "time": "2025-12-01T14:00:00", "date": "2025-12-01", "hour": 14}}, {"type": "Feature", "geometry": {"type": "Point", "coordinates": [6.25, 54.0]}, "properties": {"value": 9.99, "time": "2025-12-01T14:00:00", "date": "2025-12-01", "hour": 14}}, {"type": "Feature", "geometry": {"type": "Point", "coordinates": [6.5, 54.0]}, "properties": {"value": 9.624, "time": "2025-12-01T14:00:00", "date": "2025-12-01", "hour": 14}}, {"type": "Feature", "geometry": {"type": "Point", "coordinates": [6.75, 54.0]}, "properties": {"value": 9.527, "time": "2025-12-01T14:00:00", "date": "2025-12-01", "hour": 14}}, {"type": "Feature", "geometry": {"type": "Point", "coordinates": [7.0, 54.0]}, "properties": {"value": 9.269, "time": "2025-12-01T14:00:00", "date": "2025-12-01", "hour": 14}}, {"type": "Feature", "geometry": {"type": "Point", "coordinates": [7.25, 54.0]}, "properties": {"value": 8.917, "time": "2025-12-01T14:00:00", "date": "2025-12-01", "hour": 14}}, {"type": "Feature", "geometry": {"type": "Point", "coordinates": [7.5, 54.0]}, "properties": {"value": 9.058, "time": "2025-12-01T14:00:00", "date": "2025-12-01", "hour": 14}}, {"type": "Feature", "geometry": {"type": "Point", "coordinates": [7.75, 54.0]}, "properties": {"value": 9.069, "time": "2025-12-01T14:00:00", "date": "2025-12-01", "hour": 14}}, {"type": "Feature", "geometry": {"type": "Point", "coordinates": [8.0, 54.0]}, "properties": {"value": 8.935, "time": "2025-12-01T14:00:00", "date": "2025-12-01", "hour": 14}}, {"type": "Feature", "geometry": {"type": "Point", "coordinates": [8.25, 54.0]}, "properties": {"value": 8.35, "time": "2025-12-01T14:00:00", "date": "2025-12-01", "hour": 14}}, {"type": "Feature", "geometry": {"type": "Point", "coordinates": [8.5, 54.0]}, "properties": {"value": 6.885, "time": "2025-12-01T14:00:00", "date": "2025-12-01", "hour": 14}}, {"type": "Feature", "geometry": {"type": "Point", "coordinates": [11.25, 54.0]}, "properties": {"value": 6.933, "time": "2025-12-01T14:00:00", "date": "2025-12-01", "hour": 14}}, {"type": "Feature", "geometry": {"type": "Point", "coordinates": [14.0, 54.0]}, "properties": {"value": 5.097, "time": "2025-12-01T14:00:00", "date": "2025-12-01", "hour": 14}}, {"type": "Feature", "geometry": {"type": "Point", "coordinates": [14.25, 54.0]}, "properties": {"value": 5.69, "time": "2025-12-01T14:00:00", "date": "2025-12-01", "hour": 14}}, {"type": "Feature", "geometry": {"type": "Point", "coordinates": [14.5, 54.0]}, "properties": {"value": 5.4, "time": "2025-12-01T14:00:00", "date": "2025-12-01", "hour": 14}}, {"type": "Feature", "geometry": {"type": "Point", "coordinates": [14.75, 54.0]}, "properties": {"value": 5.837, "time": "2025-12-01T14:00:00", "date": "2025-12-01", "hour": 14}}, {"type": "Feature", "geometry": {"type": "Point", "coordinates": [5.0, 54.25]}, "properties": {"value": 11.138, "time": "2025-12-01T14:00:00", "date": "2025-12-01", "hour": 14}}, {"type": "Feature", "geometry": {"type": "Point", "coordinates": [5.25, 54.25]}, "properties": {"value": 11.073, "time": "2025-12-01T14:00:00", "date": "2025-12-01", "hour": 14}}, {"type": "Feature", "geometry": {"type": "Point", "coordinates": [5.5, 54.25]}, "properties": {"value": 11.028, "time": "2025-12-01T14:00:00", "date": "2025-12-01", "hour": 14}}, {"type": "Feature", "geometry": {"type": "Point", "coordinates": [5.75, 54.25]}, "properties": {"value": 10.833, "time": "2025-12-01T14:00:00", "date": "2025-12-01", "hour": 14}}, {"type": "Feature", "geometry": {"type": "Point", "coordinates": [6.0, 54.25]}, "properties": {"value": 10.724, "time": "2025-12-01T14:00:00", "date": "2025-12-01", "hour": 14}}, {"type": "Feature", "geometry": {"type": "Point", "coordinates": [6.25, 54.25]}, "properties": {"value": 10.514, "time": "2025-12-01T14:00:00", "date": "2025-12-01", "hour": 14}}, {"type": "Feature", "geometry": {"type": "Point", "coordinates": [6.5, 54.25]}, "properties": {"value": 10.357, "time": "2025-12-01T14:00:00", "date": "2025-12-01", "hour": 14}}, {"type": "Feature", "geometry": {"type": "Point", "coordinates": [6.75, 54.25]}, "properties": {"value": 10.216, "time": "2025-12-01T14:00:00", "date": "2025-12-01", "hour": 14}}, {"type": "Feature", "geometry": {"type": "Point", "coordinates": [7.0, 54.25]}, "properties": {"value": 9.99, "time": "2025-12-01T14:00:00", "date": "2025-12-01", "hour": 14}}, {"type": "Feature", "geometry": {"type": "Point", "coordinates": [7.25, 54.25]}, "properties": {"value": 9.88, "time": "2025-12-01T14:00:00", "date": "2025-12-01", "hour": 14}}, {"type": "Feature", "geometry": {"type": "Point", "coordinates": [7.5, 54.25]}, "properties": {"value": 9.945, "time": "2025-12-01T14:00:00", "date": "2025-12-01", "hour": 14}}, {"type": "Feature", "geometry": {"type": "Point", "coordinates": [7.75, 54.25]}, "properties": {"value": 9.603, "time": "2025-12-01T14:00:00", "date": "2025-12-01", "hour": 14}}, {"type": "Feature", "geometry": {"type": "Point", "coordinates": [8.0, 54.25]}, "properties": {"value": 9.35, "time": "2025-12-01T14:00:00", "date": "2025-12-01", "hour": 14}}, {"type": "Feature", "geometry": {"type": "Point", "coordinates": [8.25, 54.25]}, "properties": {"value": 7.977, "time": "2025-12-01T14:00:00", "date": "2025-12-01", "hour": 14}}, {"type": "Feature", "geometry": {"type": "Point", "coordinates": [8.5, 54.25]}, "properties": {"value": 6.56, "time": "2025-12-01T14:00:00", "date": "2025-12-01", "hour": 14}}, {"type": "Feature", "geometry": {"type": "Point", "coordinates": [10.75, 54.25]}, "properties": {"value": 7.086, "time": "2025-12-01T14:00:00", "date": "2025-12-01", "hour": 14}}, {"type": "Feature", "geometry": {"type": "Point", "coordinates": [11.25, 54.25]}, "properties": {"value": 7.105, "time": "2025-12-01T14:00:00", "date": "2025-12-01", "hour": 14}}, {"type": "Feature", "geometry": {"type": "Point", "coordinates": [11.75, 54.25]}, "properties": {"value": 7.016, "time": "2025-12-01T14:00:00", "date": "2025-12-01", "hour": 14}}, {"type": "Feature", "geometry": {"type": "Point", "coordinates": [12.25, 54.25]}, "properties": {"value": 6.849, "time": "2025-12-01T14:00:00", "date": "2025-12-01", "hour": 14}}, {"type": "Feature", "geometry": {"type": "Point", "coordinates": [13.75, 54.25]}, "properties": {"value": 5.402, "time": "2025-12-01T14:00:00", "date": "2025-12-01", "hour": 14}}, {"type": "Feature", "geometry": {"type": "Point", "coordinates": [14.0, 54.25]}, "properties": {"value": 5.783, "time": "2025-12-01T14:00:00", "date": "2025-12-01", "hour": 14}}, {"type": "Feature", "geometry": {"type": "Point", "coordinates": [14.25, 54.25]}, "properties": {"value": 6.141, "time": "2025-12-01T14:00:00", "date": "2025-12-01", "hour": 14}}, {"type": "Feature", "geometry": {"type": "Point", "coordinates": [14.5, 54.25]}, "properties": {"value": 6.004, "time": "2025-12-01T14:00:00", "date": "2025-12-01", "hour": 14}}, {"type": "Feature", "geometry": {"type": "Point", "coordinates": [14.75, 54.25]}, "properties": {"value": 6.275, "time": "2025-12-01T14:00:00", "date": "2025-12-01", "hour": 14}}, {"type": "Feature", "geometry": {"type": "Point", "coordinates": [15.0, 54.25]}, "properties": {"value": 6.996, "time": "2025-12-01T14:00:00", "date": "2025-12-01", "hour": 14}}, {"type": "Feature", "geometry": {"type": "Point", "coordinates": [5.0, 54.5]}, "properties": {"value": 11.234, "time": "2025-12-01T14:00:00", "date": "2025-12-01", "hour": 14}}, {"type": "Feature", "geometry": {"type": "Point", "coordinates": [5.25, 54.5]}, "properties": {"value": 11.227, "time": "2025-12-01T14:00:00", "date": "2025-12-01", "hour": 14}}, {"type": "Feature", "geometry": {"type": "Point", "coordinates": [5.5, 54.5]}, "properties": {"value": 11.182, "time": "2025-12-01T14:00:00", "date": "2025-12-01", "hour": 14}}, {"type": "Feature", "geometry": {"type": "Point", "coordinates": [5.75, 54.5]}, "properties": {"value": 11.111, "time": "2025-12-01T14:00:00", "date": "2025-12-01", "hour": 14}}, {"type": "Feature", "geometry": {"type": "Point", "coordinates": [6.0, 54.5]}, "properties": {"value": 10.996, "time": "2025-12-01T14:00:00", "date": "2025-12-01", "hour": 14}}, {"type": "Feature", "geometry": {"type": "Point", "coordinates": [6.25, 54.5]}, "properties": {"value": 10.846, "time": "2025-12-01T14:00:00", "date": "2025-12-01", "hour": 14}}, {"type": "Feature", "geometry": {"type": "Point", "coordinates": [6.5, 54.5]}, "properties": {"value": 10.674, "time": "2025-12-01T14:00:00", "date": "2025-12-01", "hour": 14}}, {"type": "Feature", "geometry": {"type": "Point", "coordinates": [6.75, 54.5]}, "properties": {"value": 10.476, "time": "2025-12-01T14:00:00", "date": "2025-12-01", "hour": 14}}, {"type": "Feature", "geometry": {"type": "Point", "coordinates": [7.0, 54.5]}, "properties": {"value": 10.35, "time": "2025-12-01T14:00:00", "date": "2025-12-01", "hour": 14}}, {"type": "Feature", "geometry": {"type": "Point", "coordinates": [7.25, 54.5]}, "properties": {"value": 10.159, "time": "2025-12-01T14:00:00", "date": "2025-12-01", "hour": 14}}, {"type": "Feature", "geometry": {"type": "Point", "coordinates": [7.5, 54.5]}, "properties": {"value": 10.163, "time": "2025-12-01T14:00:00", "date": "2025-12-01", "hour": 14}}, {"type": "Feature", "geometry": {"type": "Point", "coordinates": [7.75, 54.5]}, "properties": {"value": 9.648, "time": "2025-12-01T14:00:00", "date": "2025-12-01", "hour": 14}}, {"type": "Feature", "geometry": {"type": "Point", "coordinates": [8.0, 54.5]}, "properties": {"value": 8.637, "time": "2025-12-01T14:00:00", "date": "2025-12-01", "hour": 14}}, {"type": "Feature", "geometry": {"type": "Point", "coordinates": [8.25, 54.5]}, "properties": {"value": 7.143, "time": "2025-12-01T14:00:00", "date": "2025-12-01", "hour": 14}}, {"type": "Feature", "geometry": {"type": "Point", "coordinates": [8.5, 54.5]}, "properties": {"value": 5.947, "time": "2025-12-01T14:00:00", "date": "2025-12-01", "hour": 14}}, {"type": "Feature", "geometry": {"type": "Point", "coordinates": [10.5, 54.5]}, "properties": {"value": 7.425, "time": "2025-12-01T14:00:00", "date": "2025-12-01", "hour": 14}}, {"type": "Feature", "geometry": {"type": "Point", "coordinates": [10.75, 54.5]}, "properties": {"value": 7.25, "time": "2025-12-01T14:00:00", "date": "2025-12-01", "hour": 14}}, {"type": "Feature", "geometry": {"type": "Point", "coordinates": [11.0, 54.5]}, "properties": {"value": 6.818, "time": "2025-12-01T14:00:00", "date": "2025-12-01", "hour": 14}}, {"type": "Feature", "geometry": {"type": "Point", "coordinates": [11.25, 54.5]}, "properties": {"value": 6.904, "time": "2025-12-01T14:00:00", "date": "2025-12-01", "hour": 14}}, {"type": "Feature", "geometry": {"type": "Point", "coordinates": [11.5, 54.5]}, "properties": {"value": 6.78, "time": "2025-12-01T14:00:00", "date": "2025-12-01", "hour": 14}}, {"type": "Feature", "geometry": {"type": "Point", "coordinates": [11.75, 54.5]}, "properties": {"value": 7.055, "time": "2025-12-01T14:00:00", "date": "2025-12-01", "hour": 14}}, {"type": "Feature", "geometry": {"type": "Point", "coordinates": [12.0, 54.5]}, "properties": {"value": 7.145, "time": "2025-12-01T14:00:00", "date": "2025-12-01", "hour": 14}}, {"type": "Feature", "geometry": {"type": "Point", "coordinates": [12.25, 54.5]}, "properties": {"value": 7.114, "time": "2025-12-01T14:00:00", "date": "2025-12-01", "hour": 14}}, {"type": "Feature", "geometry": {"type": "Point", "coordinates": [13.0, 54.5]}, "properties": {"value": 7.342, "time": "2025-12-01T14:00:00", "date": "2025-12-01", "hour": 14}}, {"type": "Feature", "geometry": {"type": "Point", "coordinates": [13.25, 54.5]}, "properties": {"value": 6.737, "time": "2025-12-01T14:00:00", "date": "2025-12-01", "hour": 14}}, {"type": "Feature", "geometry": {"type": "Point", "coordinates": [13.5, 54.5]}, "properties": {"value": 6.579, "time": "2025-12-01T14:00:00", "date": "2025-12-01", "hour": 14}}, {"type": "Feature", "geometry": {"type": "Point", "coordinates": [13.75, 54.5]}, "properties": {"value": 6.536, "time": "2025-12-01T14:00:00", "date": "2025-12-01", "hour": 14}}, {"type": "Feature", "geometry": {"type": "Point", "coordinates": [14.0, 54.5]}, "properties": {"value": 6.82, "time": "2025-12-01T14:00:00", "date": "2025-12-01", "hour": 14}}, {"type": "Feature", "geometry": {"type": "Point", "coordinates": [14.25, 54.5]}, "properties": {"value": 6.796, "time": "2025-12-01T14:00:00", "date": "2025-12-01", "hour": 14}}, {"type": "Feature", "geometry": {"type": "Point", "coordinates": [14.5, 54.5]}, "properties": {"value": 6.964, "time": "2025-12-01T14:00:00", "date": "2025-12-01", "hour": 14}}, {"type": "Feature", "geometry": {"type": "Point", "coordinates": [14.75, 54.5]}, "properties": {"value": 7.362, "time": "2025-12-01T14:00:00", "date": "2025-12-01", "hour": 14}}, {"type": "Feature", "geometry": {"type": "Point", "coordinates": [15.0, 54.5]}, "properties": {"value": 8.121, "time": "2025-12-01T14:00:00", "date": "2025-12-01", "hour": 14}}, {"type": "Feature", "geometry": {"type": "Point", "coordinates": [5.0, 54.75]}, "properties": {"value": 11.377, "time": "2025-12-01T14:00:00", "date": "2025-12-01", "hour": 14}}, {"type": "Feature", "geometry": {"type": "Point", "coordinates": [5.25, 54.75]}, "properties": {"value": 11.37, "time": "2025-12-01T14:00:00", "date": "2025-12-01", "hour": 14}}, {"type": "Feature", "geometry": {"type": "Point", "coordinates": [5.5, 54.75]}, "properties": {"value": 11.325, "time": "2025-12-01T14:00:00", "date": "2025-12-01", "hour": 14}}, {"type": "Feature", "geometry": {"type": "Point", "coordinates": [5.75, 54.75]}, "properties": {"value": 11.295, "time": "2025-12-01T14:00:00", "date": "2025-12-01", "hour": 14}}, {"type": "Feature", "geometry": {"type": "Point", "coordinates": [6.0, 54.75]}, "properties": {"value": 11.17, "time": "2025-12-01T14:00:00", "date": "2025-12-01", "hour": 14}}, {"type": "Feature", "geometry": {"type": "Point", "coordinates": [6.25, 54.75]}, "properties": {"value": 11.021, "time": "2025-12-01T14:00:00", "date": "2025-12-01", "hour": 14}}, {"type": "Feature", "geometry": {"type": "Point", "coordinates": [6.5, 54.75]}, "properties": {"value": 10.874, "time": "2025-12-01T14:00:00", "date": "2025-12-01", "hour": 14}}, {"type": "Feature", "geometry": {"type": "Point", "coordinates": [6.75, 54.75]}, "properties": {"value": 10.739, "time": "2025-12-01T14:00:00", "date": "2025-12-01", "hour": 14}}, {"type": "Feature", "geometry": {"type": "Point", "coordinates": [7.0, 54.75]}, "properties": {"value": 10.652, "time": "2025-12-01T14:00:00", "date": "2025-12-01", "hour": 14}}, {"type": "Feature", "geometry": {"type": "Point", "coordinates": [7.25, 54.75]}, "properties": {"value": 10.445, "time": "2025-12-01T14:00:00", "date": "2025-12-01", "hour": 14}}, {"type": "Feature", "geometry": {"type": "Point", "coordinates": [7.5, 54.75]}, "properties": {"value": 10.14, "time": "2025-12-01T14:00:00", "date": "2025-12-01", "hour": 14}}, {"type": "Feature", "geometry": {"type": "Point", "coordinates": [7.75, 54.75]}, "properties": {"value": 9.109, "time": "2025-12-01T14:00:00", "date": "2025-12-01", "hour": 14}}, {"type": "Feature", "geometry": {"type": "Point", "coordinates": [8.0, 54.75]}, "properties": {"value": 8.069, "time": "2025-12-01T14:00:00", "date": "2025-12-01", "hour": 14}}, {"type": "Feature", "geometry": {"type": "Point", "coordinates": [8.25, 54.75]}, "properties": {"value": 6.601, "time": "2025-12-01T14:00:00", "date": "2025-12-01", "hour": 14}}, {"type": "Feature", "geometry": {"type": "Point", "coordinates": [8.5, 54.75]}, "properties": {"value": 5.543, "time": "2025-12-01T14:00:00", "date": "2025-12-01", "hour": 14}}, {"type": "Feature", "geometry": {"type": "Point", "coordinates": [10.25, 54.75]}, "properties": {"value": 7.504, "time": "2025-12-01T14:00:00", "date": "2025-12-01", "hour": 14}}, {"type": "Feature", "geometry": {"type": "Point", "coordinates": [10.5, 54.75]}, "properties": {"value": 7.41, "time": "2025-12-01T14:00:00", "date": "2025-12-01", "hour": 14}}, {"type": "Feature", "geometry": {"type": "Point", "coordinates": [10.75, 54.75]}, "properties": {"value": 7.238, "time": "2025-12-01T14:00:00", "date": "2025-12-01", "hour": 14}}, {"type": "Feature", "geometry": {"type": "Point", "coordinates": [11.0, 54.75]}, "properties": {"value": 6.764, "time": "2025-12-01T14:00:00", "date": "2025-12-01", "hour": 14}}, {"type": "Feature", "geometry": {"type": "Point", "coordinates": [11.25, 54.75]}, "properties": {"value": 6.362, "time": "2025-12-01T14:00:00", "date": "2025-12-01", "hour": 14}}, {"type": "Feature", "geometry": {"type": "Point", "coordinates": [11.5, 54.75]}, "properties": {"value": 6.158, "time": "2025-12-01T14:00:00", "date": "2025-12-01", "hour": 14}}, {"type": "Feature", "geometry": {"type": "Point", "coordinates": [12.0, 54.75]}, "properties": {"value": 6.814, "time": "2025-12-01T14:00:00", "date": "2025-12-01", "hour": 14}}, {"type": "Feature", "geometry": {"type": "Point", "coordinates": [12.25, 54.75]}, "properties": {"value": 7.346, "time": "2025-12-01T14:00:00", "date": "2025-12-01", "hour": 14}}, {"type": "Feature", "geometry": {"type": "Point", "coordinates": [12.5, 54.75]}, "properties": {"value": 7.81, "time": "2025-12-01T14:00:00", "date": "2025-12-01", "hour": 14}}, {"type": "Feature", "geometry": {"type": "Point", "coordinates": [12.75, 54.75]}, "properties": {"value": 7.889, "time": "2025-12-01T14:00:00", "date": "2025-12-01", "hour": 14}}, {"type": "Feature", "geometry": {"type": "Point", "coordinates": [13.0, 54.75]}, "properties": {"value": 7.566, "time": "2025-12-01T14:00:00", "date": "2025-12-01", "hour": 14}}, {"type": "Feature", "geometry": {"type": "Point", "coordinates": [13.25, 54.75]}, "properties": {"value": 7.671, "time": "2025-12-01T14:00:00", "date": "2025-12-01", "hour": 14}}, {"type": "Feature", "geometry": {"type": "Point", "coordinates": [13.5, 54.75]}, "properties": {"value": 7.972, "time": "2025-12-01T14:00:00", "date": "2025-12-01", "hour": 14}}, {"type": "Feature", "geometry": {"type": "Point", "coordinates": [13.75, 54.75]}, "properties": {"value": 7.929, "time": "2025-12-01T14:00:00", "date": "2025-12-01", "hour": 14}}, {"type": "Feature", "geometry": {"type": "Point", "coordinates": [14.0, 54.75]}, "properties": {"value": 7.74, "time": "2025-12-01T14:00:00", "date": "2025-12-01", "hour": 14}}, {"type": "Feature", "geometry": {"type": "Point", "coordinates": [14.25, 54.75]}, "properties": {"value": 7.718, "time": "2025-12-01T14:00:00", "date": "2025-12-01", "hour": 14}}, {"type": "Feature", "geometry": {"type": "Point", "coordinates": [14.5, 54.75]}, "properties": {"value": 8.043, "time": "2025-12-01T14:00:00", "date": "2025-12-01", "hour": 14}}, {"type": "Feature", "geometry": {"type": "Point", "coordinates": [14.75, 54.75]}, "properties": {"value": 8.412, "time": "2025-12-01T14:00:00", "date": "2025-12-01", "hour": 14}}, {"type": "Feature", "geometry": {"type": "Point", "coordinates": [15.0, 54.75]}, "properties": {"value": 8.611, "time": "2025-12-01T14:00:00", "date": "2025-12-01", "hour": 14}}, {"type": "Feature", "geometry": {"type": "Point", "coordinates": [5.0, 55.0]}, "properties": {"value": 11.326, "time": "2025-12-01T14:00:00", "date": "2025-12-01", "hour": 14}}, {"type": "Feature", "geometry": {"type": "Point", "coordinates": [5.25, 55.0]}, "properties": {"value": 11.343, "time": "2025-12-01T14:00:00", "date": "2025-12-01", "hour": 14}}, {"type": "Feature", "geometry": {"type": "Point", "coordinates": [5.5, 55.0]}, "properties": {"value": 11.327, "time": "2025-12-01T14:00:00", "date": "2025-12-01", "hour": 14}}, {"type": "Feature", "geometry": {"type": "Point", "coordinates": [5.75, 55.0]}, "properties": {"value": 11.297, "time": "2025-12-01T14:00:00", "date": "2025-12-01", "hour": 14}}, {"type": "Feature", "geometry": {"type": "Point", "coordinates": [6.0, 55.0]}, "properties": {"value": 11.252, "time": "2025-12-01T14:00:00", "date": "2025-12-01", "hour": 14}}, {"type": "Feature", "geometry": {"type": "Point", "coordinates": [6.25, 55.0]}, "properties": {"value": 11.197, "time": "2025-12-01T14:00:00", "date": "2025-12-01", "hour": 14}}, {"type": "Feature", "geometry": {"type": "Point", "coordinates": [6.5, 55.0]}, "properties": {"value": 11.076, "time": "2025-12-01T14:00:00", "date": "2025-12-01", "hour": 14}}, {"type": "Feature", "geometry": {"type": "Point", "coordinates": [6.75, 55.0]}, "properties": {"value": 10.934, "time": "2025-12-01T14:00:00", "date": "2025-12-01", "hour": 14}}, {"type": "Feature", "geometry": {"type": "Point", "coordinates": [7.0, 55.0]}, "properties": {"value": 10.756, "time": "2025-12-01T14:00:00", "date": "2025-12-01", "hour": 14}}, {"type": "Feature", "geometry": {"type": "Point", "coordinates": [7.25, 55.0]}, "properties": {"value": 10.379, "time": "2025-12-01T14:00:00", "date": "2025-12-01", "hour": 14}}, {"type": "Feature", "geometry": {"type": "Point", "coordinates": [7.5, 55.0]}, "properties": {"value": 10.018, "time": "2025-12-01T14:00:00", "date": "2025-12-01", "hour": 14}}, {"type": "Feature", "geometry": {"type": "Point", "coordinates": [7.75, 55.0]}, "properties": {"value": 8.956, "time": "2025-12-01T14:00:00", "date": "2025-12-01", "hour": 14}}, {"type": "Feature", "geometry": {"type": "Point", "coordinates": [8.0, 55.0]}, "properties": {"value": 7.974, "time": "2025-12-01T14:00:00", "date": "2025-12-01", "hour": 14}}, {"type": "Feature", "geometry": {"type": "Point", "coordinates": [8.25, 55.0]}, "properties": {"value": 6.612, "time": "2025-12-01T14:00:00", "date": "2025-12-01", "hour": 14}}, {"type": "Feature", "geometry": {"type": "Point", "coordinates": [8.5, 55.0]}, "properties": {"value": 5.574, "time": "2025-12-01T14:00:00", "date": "2025-12-01", "hour": 14}}, {"type": "Feature", "geometry": {"type": "Point", "coordinates": [10.25, 55.0]}, "properties": {"value": 6.633, "time": "2025-12-01T14:00:00", "date": "2025-12-01", "hour": 14}}, {"type": "Feature", "geometry": {"type": "Point", "coordinates": [10.5, 55.0]}, "properties": {"value": 6.71, "time": "2025-12-01T14:00:00", "date": "2025-12-01", "hour": 14}}, {"type": "Feature", "geometry": {"type": "Point", "coordinates": [10.75, 55.0]}, "properties": {"value": 6.785, "time": "2025-12-01T14:00:00", "date": "2025-12-01", "hour": 14}}, {"type": "Feature", "geometry": {"type": "Point", "coordinates": [11.0, 55.0]}, "properties": {"value": 6.573, "time": "2025-12-01T14:00:00", "date": "2025-12-01", "hour": 14}}, {"type": "Feature", "geometry": {"type": "Point", "coordinates": [11.25, 55.0]}, "properties": {"value": 6.254, "time": "2025-12-01T14:00:00", "date": "2025-12-01", "hour": 14}}, {"type": "Feature", "geometry": {"type": "Point", "coordinates": [11.5, 55.0]}, "properties": {"value": 6.016, "time": "2025-12-01T14:00:00", "date": "2025-12-01", "hour": 14}}, {"type": "Feature", "geometry": {"type": "Point", "coordinates": [11.75, 55.0]}, "properties": {"value": 5.739, "time": "2025-12-01T14:00:00", "date": "2025-12-01", "hour": 14}}, {"type": "Feature", "geometry": {"type": "Point", "coordinates": [12.0, 55.0]}, "properties": {"value": 6.229, "time": "2025-12-01T14:00:00", "date": "2025-12-01", "hour": 14}}, {"type": "Feature", "geometry": {"type": "Point", "coordinates": [12.25, 55.0]}, "properties": {"value": 6.941, "time": "2025-12-01T14:00:00", "date": "2025-12-01", "hour": 14}}, {"type": "Feature", "geometry": {"type": "Point", "coordinates": [12.5, 55.0]}, "properties": {"value": 7.794, "time": "2025-12-01T14:00:00", "date": "2025-12-01", "hour": 14}}, {"type": "Feature", "geometry": {"type": "Point", "coordinates": [12.75, 55.0]}, "properties": {"value": 8.024, "time": "2025-12-01T14:00:00", "date": "2025-12-01", "hour": 14}}, {"type": "Feature", "geometry": {"type": "Point", "coordinates": [13.0, 55.0]}, "properties": {"value": 8.186, "time": "2025-12-01T14:00:00", "date": "2025-12-01", "hour": 14}}, {"type": "Feature", "geometry": {"type": "Point", "coordinates": [13.25, 55.0]}, "properties": {"value": 8.29, "time": "2025-12-01T14:00:00", "date": "2025-12-01", "hour": 14}}, {"type": "Feature", "geometry": {"type": "Point", "coordinates": [13.5, 55.0]}, "properties": {"value": 8.34, "time": "2025-12-01T14:00:00", "date": "2025-12-01", "hour": 14}}, {"type": "Feature", "geometry": {"type": "Point", "coordinates": [13.75, 55.0]}, "properties": {"value": 8.402, "time": "2025-12-01T14:00:00", "date": "2025-12-01", "hour": 14}}, {"type": "Feature", "geometry": {"type": "Point", "coordinates": [14.0, 55.0]}, "properties": {"value": 8.359, "time": "2025-12-01T14:00:00", "date": "2025-12-01", "hour": 14}}, {"type": "Feature", "geometry": {"type": "Point", "coordinates": [14.25, 55.0]}, "properties": {"value": 8.27, "time": "2025-12-01T14:00:00", "date": "2025-12-01", "hour": 14}}, {"type": "Feature", "geometry": {"type": "Point", "coordinates": [14.5, 55.0]}, "properties": {"value": 8.167, "time": "2025-12-01T14:00:00", "date": "2025-12-01", "hour": 14}}, {"type": "Feature", "geometry": {"type": "Point", "coordinates": [14.75, 55.0]}, "properties": {"value": 8.191, "time": "2025-12-01T14:00:00", "date": "2025-12-01", "hour": 14}}, {"type": "Feature", "geometry": {"type": "Point", "coordinates": [15.0, 55.0]}, "properties": {"value": 8.269, "time": "2025-12-01T14:00:00", "date": "2025-12-01", "hour": 14}}, {"type": "Feature", "geometry": {"type": "Point", "coordinates": [5.25, 52.75]}, "properties": {"value": 5.87, "time": "2025-12-01T15:00:00", "date": "2025-12-01", "hour": 15}}, {"type": "Feature", "geometry": {"type": "Point", "coordinates": [5.5, 52.75]}, "properties": {"value": 5.874, "time": "2025-12-01T15:00:00", "date": "2025-12-01", "hour": 15}}, {"type": "Feature", "geometry": {"type": "Point", "coordinates": [5.0, 53.0]}, "properties": {"value": 7.136, "time": "2025-12-01T15:00:00", "date": "2025-12-01", "hour": 15}}, {"type": "Feature", "geometry": {"type": "Point", "coordinates": [5.25, 53.0]}, "properties": {"value": 6.372, "time": "2025-12-01T15:00:00", "date": "2025-12-01", "hour": 15}}, {"type": "Feature", "geometry": {"type": "Point", "coordinates": [5.5, 53.0]}, "properties": {"value": 5.806, "time": "2025-12-01T15:00:00", "date": "2025-12-01", "hour": 15}}, {"type": "Feature", "geometry": {"type": "Point", "coordinates": [5.0, 53.25]}, "properties": {"value": 8.133, "time": "2025-12-01T15:00:00", "date": "2025-12-01", "hour": 15}}, {"type": "Feature", "geometry": {"type": "Point", "coordinates": [5.25, 53.25]}, "properties": {"value": 7.078, "time": "2025-12-01T15:00:00", "date": "2025-12-01", "hour": 15}}, {"type": "Feature", "geometry": {"type": "Point", "coordinates": [5.5, 53.25]}, "properties": {"value": 6.443, "time": "2025-12-01T15:00:00", "date": "2025-12-01", "hour": 15}}, {"type": "Feature", "geometry": {"type": "Point", "coordinates": [5.0, 53.5]}, "properties": {"value": 9.858, "time": "2025-12-01T15:00:00", "date": "2025-12-01", "hour": 15}}, {"type": "Feature", "geometry": {"type": "Point", "coordinates": [5.25, 53.5]}, "properties": {"value": 9.263, "time": "2025-12-01T15:00:00", "date": "2025-12-01", "hour": 15}}, {"type": "Feature", "geometry": {"type": "Point", "coordinates": [5.5, 53.5]}, "properties": {"value": 9.037, "time": "2025-12-01T15:00:00", "date": "2025-12-01", "hour": 15}}, {"type": "Feature", "geometry": {"type": "Point", "coordinates": [5.75, 53.5]}, "properties": {"value": 8.363, "time": "2025-12-01T15:00:00", "date": "2025-12-01", "hour": 15}}, {"type": "Feature", "geometry": {"type": "Point", "coordinates": [6.0, 53.5]}, "properties": {"value": 7.583, "time": "2025-12-01T15:00:00", "date": "2025-12-01", "hour": 15}}, {"type": "Feature", "geometry": {"type": "Point", "coordinates": [6.25, 53.5]}, "properties": {"value": 6.762, "time": "2025-12-01T15:00:00", "date": "2025-12-01", "hour": 15}}, {"type": "Feature", "geometry": {"type": "Point", "coordinates": [6.5, 53.5]}, "properties": {"value": 6.362, "time": "2025-12-01T15:00:00", "date": "2025-12-01", "hour": 15}}, {"type": "Feature", "geometry": {"type": "Point", "coordinates": [6.75, 53.5]}, "properties": {"value": 5.656, "time": "2025-12-01T15:00:00", "date": "2025-12-01", "hour": 15}}, {"type": "Feature", "geometry": {"type": "Point", "coordinates": [5.0, 53.75]}, "properties": {"value": 10.558, "time": "2025-12-01T15:00:00", "date": "2025-12-01", "hour": 15}}, {"type": "Feature", "geometry": {"type": "Point", "coordinates": [5.25, 53.75]}, "properties": {"value": 10.271, "time": "2025-12-01T15:00:00", "date": "2025-12-01", "hour": 15}}, {"type": "Feature", "geometry": {"type": "Point", "coordinates": [5.5, 53.75]}, "properties": {"value": 10.048, "time": "2025-12-01T15:00:00", "date": "2025-12-01", "hour": 15}}, {"type": "Feature", "geometry": {"type": "Point", "coordinates": [5.75, 53.75]}, "properties": {"value": 9.769, "time": "2025-12-01T15:00:00", "date": "2025-12-01", "hour": 15}}, {"type": "Feature", "geometry": {"type": "Point", "coordinates": [6.0, 53.75]}, "properties": {"value": 9.163, "time": "2025-12-01T15:00:00", "date": "2025-12-01", "hour": 15}}, {"type": "Feature", "geometry": {"type": "Point", "coordinates": [6.25, 53.75]}, "properties": {"value": 8.853, "time": "2025-12-01T15:00:00", "date": "2025-12-01", "hour": 15}}, {"type": "Feature", "geometry": {"type": "Point", "coordinates": [6.5, 53.75]}, "properties": {"value": 8.424, "time": "2025-12-01T15:00:00", "date": "2025-12-01", "hour": 15}}, {"type": "Feature", "geometry": {"type": "Point", "coordinates": [6.75, 53.75]}, "properties": {"value": 7.902, "time": "2025-12-01T15:00:00", "date": "2025-12-01", "hour": 15}}, {"type": "Feature", "geometry": {"type": "Point", "coordinates": [7.0, 53.75]}, "properties": {"value": 8.203, "time": "2025-12-01T15:00:00", "date": "2025-12-01", "hour": 15}}, {"type": "Feature", "geometry": {"type": "Point", "coordinates": [7.25, 53.75]}, "properties": {"value": 7.675, "time": "2025-12-01T15:00:00", "date": "2025-12-01", "hour": 15}}, {"type": "Feature", "geometry": {"type": "Point", "coordinates": [7.5, 53.75]}, "properties": {"value": 7.903, "time": "2025-12-01T15:00:00", "date": "2025-12-01", "hour": 15}}, {"type": "Feature", "geometry": {"type": "Point", "coordinates": [7.75, 53.75]}, "properties": {"value": 7.942, "time": "2025-12-01T15:00:00", "date": "2025-12-01", "hour": 15}}, {"type": "Feature", "geometry": {"type": "Point", "coordinates": [8.0, 53.75]}, "properties": {"value": 7.827, "time": "2025-12-01T15:00:00", "date": "2025-12-01", "hour": 15}}, {"type": "Feature", "geometry": {"type": "Point", "coordinates": [8.25, 53.75]}, "properties": {"value": 7.053, "time": "2025-12-01T15:00:00", "date": "2025-12-01", "hour": 15}}, {"type": "Feature", "geometry": {"type": "Point", "coordinates": [8.5, 53.75]}, "properties": {"value": 6.125, "time": "2025-12-01T15:00:00", "date": "2025-12-01", "hour": 15}}, {"type": "Feature", "geometry": {"type": "Point", "coordinates": [8.75, 53.75]}, "properties": {"value": 6.125, "time": "2025-12-01T15:00:00", "date": "2025-12-01", "hour": 15}}, {"type": "Feature", "geometry": {"type": "Point", "coordinates": [14.25, 53.75]}, "properties": {"value": 3.644, "time": "2025-12-01T15:00:00", "date": "2025-12-01", "hour": 15}}, {"type": "Feature", "geometry": {"type": "Point", "coordinates": [14.5, 53.75]}, "properties": {"value": 3.644, "time": "2025-12-01T15:00:00", "date": "2025-12-01", "hour": 15}}, {"type": "Feature", "geometry": {"type": "Point", "coordinates": [5.0, 54.0]}, "properties": {"value": 10.988, "time": "2025-12-01T15:00:00", "date": "2025-12-01", "hour": 15}}, {"type": "Feature", "geometry": {"type": "Point", "coordinates": [5.25, 54.0]}, "properties": {"value": 10.926, "time": "2025-12-01T15:00:00", "date": "2025-12-01", "hour": 15}}, {"type": "Feature", "geometry": {"type": "Point", "coordinates": [5.5, 54.0]}, "properties": {"value": 10.704, "time": "2025-12-01T15:00:00", "date": "2025-12-01", "hour": 15}}, {"type": "Feature", "geometry": {"type": "Point", "coordinates": [5.75, 54.0]}, "properties": {"value": 10.472, "time": "2025-12-01T15:00:00", "date": "2025-12-01", "hour": 15}}, {"type": "Feature", "geometry": {"type": "Point", "coordinates": [6.0, 54.0]}, "properties": {"value": 10.25, "time": "2025-12-01T15:00:00", "date": "2025-12-01", "hour": 15}}, {"type": "Feature", "geometry": {"type": "Point", "coordinates": [6.25, 54.0]}, "properties": {"value": 9.99, "time": "2025-12-01T15:00:00", "date": "2025-12-01", "hour": 15}}, {"type": "Feature", "geometry": {"type": "Point", "coordinates": [6.5, 54.0]}, "properties": {"value": 9.624, "time": "2025-12-01T15:00:00", "date": "2025-12-01", "hour": 15}}, {"type": "Feature", "geometry": {"type": "Point", "coordinates": [6.75, 54.0]}, "properties": {"value": 9.527, "time": "2025-12-01T15:00:00", "date": "2025-12-01", "hour": 15}}, {"type": "Feature", "geometry": {"type": "Point", "coordinates": [7.0, 54.0]}, "properties": {"value": 9.269, "time": "2025-12-01T15:00:00", "date": "2025-12-01", "hour": 15}}, {"type": "Feature", "geometry": {"type": "Point", "coordinates": [7.25, 54.0]}, "properties": {"value": 8.917, "time": "2025-12-01T15:00:00", "date": "2025-12-01", "hour": 15}}, {"type": "Feature", "geometry": {"type": "Point", "coordinates": [7.5, 54.0]}, "properties": {"value": 9.058, "time": "2025-12-01T15:00:00", "date": "2025-12-01", "hour": 15}}, {"type": "Feature", "geometry": {"type": "Point", "coordinates": [7.75, 54.0]}, "properties": {"value": 9.069, "time": "2025-12-01T15:00:00", "date": "2025-12-01", "hour": 15}}, {"type": "Feature", "geometry": {"type": "Point", "coordinates": [8.0, 54.0]}, "properties": {"value": 8.935, "time": "2025-12-01T15:00:00", "date": "2025-12-01", "hour": 15}}, {"type": "Feature", "geometry": {"type": "Point", "coordinates": [8.25, 54.0]}, "properties": {"value": 8.35, "time": "2025-12-01T15:00:00", "date": "2025-12-01", "hour": 15}}, {"type": "Feature", "geometry": {"type": "Point", "coordinates": [8.5, 54.0]}, "properties": {"value": 6.885, "time": "2025-12-01T15:00:00", "date": "2025-12-01", "hour": 15}}, {"type": "Feature", "geometry": {"type": "Point", "coordinates": [11.25, 54.0]}, "properties": {"value": 6.933, "time": "2025-12-01T15:00:00", "date": "2025-12-01", "hour": 15}}, {"type": "Feature", "geometry": {"type": "Point", "coordinates": [14.0, 54.0]}, "properties": {"value": 5.097, "time": "2025-12-01T15:00:00", "date": "2025-12-01", "hour": 15}}, {"type": "Feature", "geometry": {"type": "Point", "coordinates": [14.25, 54.0]}, "properties": {"value": 5.69, "time": "2025-12-01T15:00:00", "date": "2025-12-01", "hour": 15}}, {"type": "Feature", "geometry": {"type": "Point", "coordinates": [14.5, 54.0]}, "properties": {"value": 5.4, "time": "2025-12-01T15:00:00", "date": "2025-12-01", "hour": 15}}, {"type": "Feature", "geometry": {"type": "Point", "coordinates": [14.75, 54.0]}, "properties": {"value": 5.837, "time": "2025-12-01T15:00:00", "date": "2025-12-01", "hour": 15}}, {"type": "Feature", "geometry": {"type": "Point", "coordinates": [5.0, 54.25]}, "properties": {"value": 11.138, "time": "2025-12-01T15:00:00", "date": "2025-12-01", "hour": 15}}, {"type": "Feature", "geometry": {"type": "Point", "coordinates": [5.25, 54.25]}, "properties": {"value": 11.073, "time": "2025-12-01T15:00:00", "date": "2025-12-01", "hour": 15}}, {"type": "Feature", "geometry": {"type": "Point", "coordinates": [5.5, 54.25]}, "properties": {"value": 11.028, "time": "2025-12-01T15:00:00", "date": "2025-12-01", "hour": 15}}, {"type": "Feature", "geometry": {"type": "Point", "coordinates": [5.75, 54.25]}, "properties": {"value": 10.833, "time": "2025-12-01T15:00:00", "date": "2025-12-01", "hour": 15}}, {"type": "Feature", "geometry": {"type": "Point", "coordinates": [6.0, 54.25]}, "properties": {"value": 10.724, "time": "2025-12-01T15:00:00", "date": "2025-12-01", "hour": 15}}, {"type": "Feature", "geometry": {"type": "Point", "coordinates": [6.25, 54.25]}, "properties": {"value": 10.514, "time": "2025-12-01T15:00:00", "date": "2025-12-01", "hour": 15}}, {"type": "Feature", "geometry": {"type": "Point", "coordinates": [6.5, 54.25]}, "properties": {"value": 10.357, "time": "2025-12-01T15:00:00", "date": "2025-12-01", "hour": 15}}, {"type": "Feature", "geometry": {"type": "Point", "coordinates": [6.75, 54.25]}, "properties": {"value": 10.216, "time": "2025-12-01T15:00:00", "date": "2025-12-01", "hour": 15}}, {"type": "Feature", "geometry": {"type": "Point", "coordinates": [7.0, 54.25]}, "properties": {"value": 9.99, "time": "2025-12-01T15:00:00", "date": "2025-12-01", "hour": 15}}, {"type": "Feature", "geometry": {"type": "Point", "coordinates": [7.25, 54.25]}, "properties": {"value": 9.88, "time": "2025-12-01T15:00:00", "date": "2025-12-01", "hour": 15}}, {"type": "Feature", "geometry": {"type": "Point", "coordinates": [7.5, 54.25]}, "properties": {"value": 9.945, "time": "2025-12-01T15:00:00", "date": "2025-12-01", "hour": 15}}, {"type": "Feature", "geometry": {"type": "Point", "coordinates": [7.75, 54.25]}, "properties": {"value": 9.603, "time": "2025-12-01T15:00:00", "date": "2025-12-01", "hour": 15}}, {"type": "Feature", "geometry": {"type": "Point", "coordinates": [8.0, 54.25]}, "properties": {"value": 9.35, "time": "2025-12-01T15:00:00", "date": "2025-12-01", "hour": 15}}, {"type": "Feature", "geometry": {"type": "Point", "coordinates": [8.25, 54.25]}, "properties": {"value": 7.977, "time": "2025-12-01T15:00:00", "date": "2025-12-01", "hour": 15}}, {"type": "Feature", "geometry": {"type": "Point", "coordinates": [8.5, 54.25]}, "properties": {"value": 6.56, "time": "2025-12-01T15:00:00", "date": "2025-12-01", "hour": 15}}, {"type": "Feature", "geometry": {"type": "Point", "coordinates": [10.75, 54.25]}, "properties": {"value": 7.086, "time": "2025-12-01T15:00:00", "date": "2025-12-01", "hour": 15}}, {"type": "Feature", "geometry": {"type": "Point", "coordinates": [11.25, 54.25]}, "properties": {"value": 7.105, "time": "2025-12-01T15:00:00", "date": "2025-12-01", "hour": 15}}, {"type": "Feature", "geometry": {"type": "Point", "coordinates": [11.75, 54.25]}, "properties": {"value": 7.016, "time": "2025-12-01T15:00:00", "date": "2025-12-01", "hour": 15}}, {"type": "Feature", "geometry": {"type": "Point", "coordinates": [12.25, 54.25]}, "properties": {"value": 6.849, "time": "2025-12-01T15:00:00", "date": "2025-12-01", "hour": 15}}, {"type": "Feature", "geometry": {"type": "Point", "coordinates": [13.75, 54.25]}, "properties": {"value": 5.402, "time": "2025-12-01T15:00:00", "date": "2025-12-01", "hour": 15}}, {"type": "Feature", "geometry": {"type": "Point", "coordinates": [14.0, 54.25]}, "properties": {"value": 5.783, "time": "2025-12-01T15:00:00", "date": "2025-12-01", "hour": 15}}, {"type": "Feature", "geometry": {"type": "Point", "coordinates": [14.25, 54.25]}, "properties": {"value": 6.141, "time": "2025-12-01T15:00:00", "date": "2025-12-01", "hour": 15}}, {"type": "Feature", "geometry": {"type": "Point", "coordinates": [14.5, 54.25]}, "properties": {"value": 6.004, "time": "2025-12-01T15:00:00", "date": "2025-12-01", "hour": 15}}, {"type": "Feature", "geometry": {"type": "Point", "coordinates": [14.75, 54.25]}, "properties": {"value": 6.275, "time": "2025-12-01T15:00:00", "date": "2025-12-01", "hour": 15}}, {"type": "Feature", "geometry": {"type": "Point", "coordinates": [15.0, 54.25]}, "properties": {"value": 6.996, "time": "2025-12-01T15:00:00", "date": "2025-12-01", "hour": 15}}, {"type": "Feature", "geometry": {"type": "Point", "coordinates": [5.0, 54.5]}, "properties": {"value": 11.234, "time": "2025-12-01T15:00:00", "date": "2025-12-01", "hour": 15}}, {"type": "Feature", "geometry": {"type": "Point", "coordinates": [5.25, 54.5]}, "properties": {"value": 11.227, "time": "2025-12-01T15:00:00", "date": "2025-12-01", "hour": 15}}, {"type": "Feature", "geometry": {"type": "Point", "coordinates": [5.5, 54.5]}, "properties": {"value": 11.182, "time": "2025-12-01T15:00:00", "date": "2025-12-01", "hour": 15}}, {"type": "Feature", "geometry": {"type": "Point", "coordinates": [5.75, 54.5]}, "properties": {"value": 11.111, "time": "2025-12-01T15:00:00", "date": "2025-12-01", "hour": 15}}, {"type": "Feature", "geometry": {"type": "Point", "coordinates": [6.0, 54.5]}, "properties": {"value": 10.996, "time": "2025-12-01T15:00:00", "date": "2025-12-01", "hour": 15}}, {"type": "Feature", "geometry": {"type": "Point", "coordinates": [6.25, 54.5]}, "properties": {"value": 10.846, "time": "2025-12-01T15:00:00", "date": "2025-12-01", "hour": 15}}, {"type": "Feature", "geometry": {"type": "Point", "coordinates": [6.5, 54.5]}, "properties": {"value": 10.674, "time": "2025-12-01T15:00:00", "date": "2025-12-01", "hour": 15}}, {"type": "Feature", "geometry": {"type": "Point", "coordinates": [6.75, 54.5]}, "properties": {"value": 10.476, "time": "2025-12-01T15:00:00", "date": "2025-12-01", "hour": 15}}, {"type": "Feature", "geometry": {"type": "Point", "coordinates": [7.0, 54.5]}, "properties": {"value": 10.35, "time": "2025-12-01T15:00:00", "date": "2025-12-01", "hour": 15}}, {"type": "Feature", "geometry": {"type": "Point", "coordinates": [7.25, 54.5]}, "properties": {"value": 10.159, "time": "2025-12-01T15:00:00", "date": "2025-12-01", "hour": 15}}, {"type": "Feature", "geometry": {"type": "Point", "coordinates": [7.5, 54.5]}, "properties": {"value": 10.163, "time": "2025-12-01T15:00:00", "date": "2025-12-01", "hour": 15}}, {"type": "Feature", "geometry": {"type": "Point", "coordinates": [7.75, 54.5]}, "properties": {"value": 9.648, "time": "2025-12-01T15:00:00", "date": "2025-12-01", "hour": 15}}, {"type": "Feature", "geometry": {"type": "Point", "coordinates": [8.0, 54.5]}, "properties": {"value": 8.637, "time": "2025-12-01T15:00:00", "date": "2025-12-01", "hour": 15}}, {"type": "Feature", "geometry": {"type": "Point", "coordinates": [8.25, 54.5]}, "properties": {"value": 7.143, "time": "2025-12-01T15:00:00", "date": "2025-12-01", "hour": 15}}, {"type": "Feature", "geometry": {"type": "Point", "coordinates": [8.5, 54.5]}, "properties": {"value": 5.947, "time": "2025-12-01T15:00:00", "date": "2025-12-01", "hour": 15}}, {"type": "Feature", "geometry": {"type": "Point", "coordinates": [10.5, 54.5]}, "properties": {"value": 7.425, "time": "2025-12-01T15:00:00", "date": "2025-12-01", "hour": 15}}, {"type": "Feature", "geometry": {"type": "Point", "coordinates": [10.75, 54.5]}, "properties": {"value": 7.25, "time": "2025-12-01T15:00:00", "date": "2025-12-01", "hour": 15}}, {"type": "Feature", "geometry": {"type": "Point", "coordinates": [11.0, 54.5]}, "properties": {"value": 6.818, "time": "2025-12-01T15:00:00", "date": "2025-12-01", "hour": 15}}, {"type": "Feature", "geometry": {"type": "Point", "coordinates": [11.25, 54.5]}, "properties": {"value": 6.904, "time": "2025-12-01T15:00:00", "date": "2025-12-01", "hour": 15}}, {"type": "Feature", "geometry": {"type": "Point", "coordinates": [11.5, 54.5]}, "properties": {"value": 6.78, "time": "2025-12-01T15:00:00", "date": "2025-12-01", "hour": 15}}, {"type": "Feature", "geometry": {"type": "Point", "coordinates": [11.75, 54.5]}, "properties": {"value": 7.055, "time": "2025-12-01T15:00:00", "date": "2025-12-01", "hour": 15}}, {"type": "Feature", "geometry": {"type": "Point", "coordinates": [12.0, 54.5]}, "properties": {"value": 7.145, "time": "2025-12-01T15:00:00", "date": "2025-12-01", "hour": 15}}, {"type": "Feature", "geometry": {"type": "Point", "coordinates": [12.25, 54.5]}, "properties": {"value": 7.114, "time": "2025-12-01T15:00:00", "date": "2025-12-01", "hour": 15}}, {"type": "Feature", "geometry": {"type": "Point", "coordinates": [13.0, 54.5]}, "properties": {"value": 7.342, "time": "2025-12-01T15:00:00", "date": "2025-12-01", "hour": 15}}, {"type": "Feature", "geometry": {"type": "Point", "coordinates": [13.25, 54.5]}, "properties": {"value": 6.737, "time": "2025-12-01T15:00:00", "date": "2025-12-01", "hour": 15}}, {"type": "Feature", "geometry": {"type": "Point", "coordinates": [13.5, 54.5]}, "properties": {"value": 6.579, "time": "2025-12-01T15:00:00", "date": "2025-12-01", "hour": 15}}, {"type": "Feature", "geometry": {"type": "Point", "coordinates": [13.75, 54.5]}, "properties": {"value": 6.536, "time": "2025-12-01T15:00:00", "date": "2025-12-01", "hour": 15}}, {"type": "Feature", "geometry": {"type": "Point", "coordinates": [14.0, 54.5]}, "properties": {"value": 6.82, "time": "2025-12-01T15:00:00", "date": "2025-12-01", "hour": 15}}, {"type": "Feature", "geometry": {"type": "Point", "coordinates": [14.25, 54.5]}, "properties": {"value": 6.796, "time": "2025-12-01T15:00:00", "date": "2025-12-01", "hour": 15}}, {"type": "Feature", "geometry": {"type": "Point", "coordinates": [14.5, 54.5]}, "properties": {"value": 6.964, "time": "2025-12-01T15:00:00", "date": "2025-12-01", "hour": 15}}, {"type": "Feature", "geometry": {"type": "Point", "coordinates": [14.75, 54.5]}, "properties": {"value": 7.362, "time": "2025-12-01T15:00:00", "date": "2025-12-01", "hour": 15}}, {"type": "Feature", "geometry": {"type": "Point", "coordinates": [15.0, 54.5]}, "properties": {"value": 8.121, "time": "2025-12-01T15:00:00", "date": "2025-12-01", "hour": 15}}, {"type": "Feature", "geometry": {"type": "Point", "coordinates": [5.0, 54.75]}, "properties": {"value": 11.377, "time": "2025-12-01T15:00:00", "date": "2025-12-01", "hour": 15}}, {"type": "Feature", "geometry": {"type": "Point", "coordinates": [5.25, 54.75]}, "properties": {"value": 11.37, "time": "2025-12-01T15:00:00", "date": "2025-12-01", "hour": 15}}, {"type": "Feature", "geometry": {"type": "Point", "coordinates": [5.5, 54.75]}, "properties": {"value": 11.325, "time": "2025-12-01T15:00:00", "date": "2025-12-01", "hour": 15}}, {"type": "Feature", "geometry": {"type": "Point", "coordinates": [5.75, 54.75]}, "properties": {"value": 11.295, "time": "2025-12-01T15:00:00", "date": "2025-12-01", "hour": 15}}, {"type": "Feature", "geometry": {"type": "Point", "coordinates": [6.0, 54.75]}, "properties": {"value": 11.17, "time": "2025-12-01T15:00:00", "date": "2025-12-01", "hour": 15}}, {"type": "Feature", "geometry": {"type": "Point", "coordinates": [6.25, 54.75]}, "properties": {"value": 11.021, "time": "2025-12-01T15:00:00", "date": "2025-12-01", "hour": 15}}, {"type": "Feature", "geometry": {"type": "Point", "coordinates": [6.5, 54.75]}, "properties": {"value": 10.874, "time": "2025-12-01T15:00:00", "date": "2025-12-01", "hour": 15}}, {"type": "Feature", "geometry": {"type": "Point", "coordinates": [6.75, 54.75]}, "properties": {"value": 10.739, "time": "2025-12-01T15:00:00", "date": "2025-12-01", "hour": 15}}, {"type": "Feature", "geometry": {"type": "Point", "coordinates": [7.0, 54.75]}, "properties": {"value": 10.652, "time": "2025-12-01T15:00:00", "date": "2025-12-01", "hour": 15}}, {"type": "Feature", "geometry": {"type": "Point", "coordinates": [7.25, 54.75]}, "properties": {"value": 10.445, "time": "2025-12-01T15:00:00", "date": "2025-12-01", "hour": 15}}, {"type": "Feature", "geometry": {"type": "Point", "coordinates": [7.5, 54.75]}, "properties": {"value": 10.14, "time": "2025-12-01T15:00:00", "date": "2025-12-01", "hour": 15}}, {"type": "Feature", "geometry": {"type": "Point", "coordinates": [7.75, 54.75]}, "properties": {"value": 9.109, "time": "2025-12-01T15:00:00", "date": "2025-12-01", "hour": 15}}, {"type": "Feature", "geometry": {"type": "Point", "coordinates": [8.0, 54.75]}, "properties": {"value": 8.069, "time": "2025-12-01T15:00:00", "date": "2025-12-01", "hour": 15}}, {"type": "Feature", "geometry": {"type": "Point", "coordinates": [8.25, 54.75]}, "properties": {"value": 6.601, "time": "2025-12-01T15:00:00", "date": "2025-12-01", "hour": 15}}, {"type": "Feature", "geometry": {"type": "Point", "coordinates": [8.5, 54.75]}, "properties": {"value": 5.543, "time": "2025-12-01T15:00:00", "date": "2025-12-01", "hour": 15}}, {"type": "Feature", "geometry": {"type": "Point", "coordinates": [10.25, 54.75]}, "properties": {"value": 7.504, "time": "2025-12-01T15:00:00", "date": "2025-12-01", "hour": 15}}, {"type": "Feature", "geometry": {"type": "Point", "coordinates": [10.5, 54.75]}, "properties": {"value": 7.41, "time": "2025-12-01T15:00:00", "date": "2025-12-01", "hour": 15}}, {"type": "Feature", "geometry": {"type": "Point", "coordinates": [10.75, 54.75]}, "properties": {"value": 7.238, "time": "2025-12-01T15:00:00", "date": "2025-12-01", "hour": 15}}, {"type": "Feature", "geometry": {"type": "Point", "coordinates": [11.0, 54.75]}, "properties": {"value": 6.764, "time": "2025-12-01T15:00:00", "date": "2025-12-01", "hour": 15}}, {"type": "Feature", "geometry": {"type": "Point", "coordinates": [11.25, 54.75]}, "properties": {"value": 6.362, "time": "2025-12-01T15:00:00", "date": "2025-12-01", "hour": 15}}, {"type": "Feature", "geometry": {"type": "Point", "coordinates": [11.5, 54.75]}, "properties": {"value": 6.158, "time": "2025-12-01T15:00:00", "date": "2025-12-01", "hour": 15}}, {"type": "Feature", "geometry": {"type": "Point", "coordinates": [12.0, 54.75]}, "properties": {"value": 6.814, "time": "2025-12-01T15:00:00", "date": "2025-12-01", "hour": 15}}, {"type": "Feature", "geometry": {"type": "Point", "coordinates": [12.25, 54.75]}, "properties": {"value": 7.346, "time": "2025-12-01T15:00:00", "date": "2025-12-01", "hour": 15}}, {"type": "Feature", "geometry": {"type": "Point", "coordinates": [12.5, 54.75]}, "properties": {"value": 7.81, "time": "2025-12-01T15:00:00", "date": "2025-12-01", "hour": 15}}, {"type": "Feature", "geometry": {"type": "Point", "coordinates": [12.75, 54.75]}, "properties": {"value": 7.889, "time": "2025-12-01T15:00:00", "date": "2025-12-01", "hour": 15}}, {"type": "Feature", "geometry": {"type": "Point", "coordinates": [13.0, 54.75]}, "properties": {"value": 7.566, "time": "2025-12-01T15:00:00", "date": "2025-12-01", "hour": 15}}, {"type": "Feature", "geometry": {"type": "Point", "coordinates": [13.25, 54.75]}, "properties": {"value": 7.671, "time": "2025-12-01T15:00:00", "date": "2025-12-01", "hour": 15}}, {"type": "Feature", "geometry": {"type": "Point", "coordinates": [13.5, 54.75]}, "properties": {"value": 7.972, "time": "2025-12-01T15:00:00", "date": "2025-12-01", "hour": 15}}, {"type": "Feature", "geometry": {"type": "Point", "coordinates": [13.75, 54.75]}, "properties": {"value": 7.929, "time": "2025-12-01T15:00:00", "date": "2025-12-01", "hour": 15}}, {"type": "Feature", "geometry": {"type": "Point", "coordinates": [14.0, 54.75]}, "properties": {"value": 7.74, "time": "2025-12-01T15:00:00", "date": "2025-12-01", "hour": 15}}, {"type": "Feature", "geometry": {"type": "Point", "coordinates": [14.25, 54.75]}, "properties": {"value": 7.718, "time": "2025-12-01T15:00:00", "date": "2025-12-01", "hour": 15}}, {"type": "Feature", "geometry": {"type": "Point", "coordinates": [14.5, 54.75]}, "properties": {"value": 8.043, "time": "2025-12-01T15:00:00", "date": "2025-12-01", "hour": 15}}, {"type": "Feature", "geometry": {"type": "Point", "coordinates": [14.75, 54.75]}, "properties": {"value": 8.412, "time": "2025-12-01T15:00:00", "date": "2025-12-01", "hour": 15}}, {"type": "Feature", "geometry": {"type": "Point", "coordinates": [15.0, 54.75]}, "properties": {"value": 8.611, "time": "2025-12-01T15:00:00", "date": "2025-12-01", "hour": 15}}, {"type": "Feature", "geometry": {"type": "Point", "coordinates": [5.0, 55.0]}, "properties": {"value": 11.326, "time": "2025-12-01T15:00:00", "date": "2025-12-01", "hour": 15}}, {"type": "Feature", "geometry": {"type": "Point", "coordinates": [5.25, 55.0]}, "properties": {"value": 11.343, "time": "2025-12-01T15:00:00", "date": "2025-12-01", "hour": 15}}, {"type": "Feature", "geometry": {"type": "Point", "coordinates": [5.5, 55.0]}, "properties": {"value": 11.327, "time": "2025-12-01T15:00:00", "date": "2025-12-01", "hour": 15}}, {"type": "Feature", "geometry": {"type": "Point", "coordinates": [5.75, 55.0]}, "properties": {"value": 11.297, "time": "2025-12-01T15:00:00", "date": "2025-12-01", "hour": 15}}, {"type": "Feature", "geometry": {"type": "Point", "coordinates": [6.0, 55.0]}, "properties": {"value": 11.252, "time": "2025-12-01T15:00:00", "date": "2025-12-01", "hour": 15}}, {"type": "Feature", "geometry": {"type": "Point", "coordinates": [6.25, 55.0]}, "properties": {"value": 11.197, "time": "2025-12-01T15:00:00", "date": "2025-12-01", "hour": 15}}, {"type": "Feature", "geometry": {"type": "Point", "coordinates": [6.5, 55.0]}, "properties": {"value": 11.076, "time": "2025-12-01T15:00:00", "date": "2025-12-01", "hour": 15}}, {"type": "Feature", "geometry": {"type": "Point", "coordinates": [6.75, 55.0]}, "properties": {"value": 10.934, "time": "2025-12-01T15:00:00", "date": "2025-12-01", "hour": 15}}, {"type": "Feature", "geometry": {"type": "Point", "coordinates": [7.0, 55.0]}, "properties": {"value": 10.756, "time": "2025-12-01T15:00:00", "date": "2025-12-01", "hour": 15}}, {"type": "Feature", "geometry": {"type": "Point", "coordinates": [7.25, 55.0]}, "properties": {"value": 10.379, "time": "2025-12-01T15:00:00", "date": "2025-12-01", "hour": 15}}, {"type": "Feature", "geometry": {"type": "Point", "coordinates": [7.5, 55.0]}, "properties": {"value": 10.018, "time": "2025-12-01T15:00:00", "date": "2025-12-01", "hour": 15}}, {"type": "Feature", "geometry": {"type": "Point", "coordinates": [7.75, 55.0]}, "properties": {"value": 8.956, "time": "2025-12-01T15:00:00", "date": "2025-12-01", "hour": 15}}, {"type": "Feature", "geometry": {"type": "Point", "coordinates": [8.0, 55.0]}, "properties": {"value": 7.974, "time": "2025-12-01T15:00:00", "date": "2025-12-01", "hour": 15}}, {"type": "Feature", "geometry": {"type": "Point", "coordinates": [8.25, 55.0]}, "properties": {"value": 6.612, "time": "2025-12-01T15:00:00", "date": "2025-12-01", "hour": 15}}, {"type": "Feature", "geometry": {"type": "Point", "coordinates": [8.5, 55.0]}, "properties": {"value": 5.574, "time": "2025-12-01T15:00:00", "date": "2025-12-01", "hour": 15}}, {"type": "Feature", "geometry": {"type": "Point", "coordinates": [10.25, 55.0]}, "properties": {"value": 6.633, "time": "2025-12-01T15:00:00", "date": "2025-12-01", "hour": 15}}, {"type": "Feature", "geometry": {"type": "Point", "coordinates": [10.5, 55.0]}, "properties": {"value": 6.71, "time": "2025-12-01T15:00:00", "date": "2025-12-01", "hour": 15}}, {"type": "Feature", "geometry": {"type": "Point", "coordinates": [10.75, 55.0]}, "properties": {"value": 6.785, "time": "2025-12-01T15:00:00", "date": "2025-12-01", "hour": 15}}, {"type": "Feature", "geometry": {"type": "Point", "coordinates": [11.0, 55.0]}, "properties": {"value": 6.573, "time": "2025-12-01T15:00:00", "date": "2025-12-01", "hour": 15}}, {"type": "Feature", "geometry": {"type": "Point", "coordinates": [11.25, 55.0]}, "properties": {"value": 6.254, "time": "2025-12-01T15:00:00", "date": "2025-12-01", "hour": 15}}, {"type": "Feature", "geometry": {"type": "Point", "coordinates": [11.5, 55.0]}, "properties": {"value": 6.016, "time": "2025-12-01T15:00:00", "date": "2025-12-01", "hour": 15}}, {"type": "Feature", "geometry": {"type": "Point", "coordinates": [11.75, 55.0]}, "properties": {"value": 5.739, "time": "2025-12-01T15:00:00", "date": "2025-12-01", "hour": 15}}, {"type": "Feature", "geometry": {"type": "Point", "coordinates": [12.0, 55.0]}, "properties": {"value": 6.229, "time": "2025-12-01T15:00:00", "date": "2025-12-01", "hour": 15}}, {"type": "Feature", "geometry": {"type": "Point", "coordinates": [12.25, 55.0]}, "properties": {"value": 6.941, "time": "2025-12-01T15:00:00", "date": "2025-12-01", "hour": 15}}, {"type": "Feature", "geometry": {"type": "Point", "coordinates": [12.5, 55.0]}, "properties": {"value": 7.794, "time": "2025-12-01T15:00:00", "date": "2025-12-01", "hour": 15}}, {"type": "Feature", "geometry": {"type": "Point", "coordinates": [12.75, 55.0]}, "properties": {"value": 8.024, "time": "2025-12-01T15:00:00", "date": "2025-12-01", "hour": 15}}, {"type": "Feature", "geometry": {"type": "Point", "coordinates": [13.0, 55.0]}, "properties": {"value": 8.186, "time": "2025-12-01T15:00:00", "date": "2025-12-01", "hour": 15}}, {"type": "Feature", "geometry": {"type": "Point", "coordinates": [13.25, 55.0]}, "properties": {"value": 8.29, "time": "2025-12-01T15:00:00", "date": "2025-12-01", "hour": 15}}, {"type": "Feature", "geometry": {"type": "Point", "coordinates": [13.5, 55.0]}, "properties": {"value": 8.34, "time": "2025-12-01T15:00:00", "date": "2025-12-01", "hour": 15}}, {"type": "Feature", "geometry": {"type": "Point", "coordinates": [13.75, 55.0]}, "properties": {"value": 8.402, "time": "2025-12-01T15:00:00", "date": "2025-12-01", "hour": 15}}, {"type": "Feature", "geometry": {"type": "Point", "coordinates": [14.0, 55.0]}, "properties": {"value": 8.359, "time": "2025-12-01T15:00:00", "date": "2025-12-01", "hour": 15}}, {"type": "Feature", "geometry": {"type": "Point", "coordinates": [14.25, 55.0]}, "properties": {"value": 8.27, "time": "2025-12-01T15:00:00", "date": "2025-12-01", "hour": 15}}, {"type": "Feature", "geometry": {"type": "Point", "coordinates": [14.5, 55.0]}, "properties": {"value": 8.167, "time": "2025-12-01T15:00:00", "date": "2025-12-01", "hour": 15}}, {"type": "Feature", "geometry": {"type": "Point", "coordinates": [14.75, 55.0]}, "properties": {"value": 8.191, "time": "2025-12-01T15:00:00", "date": "2025-12-01", "hour": 15}}, {"type": "Feature", "geometry": {"type": "Point", "coordinates": [15.0, 55.0]}, "properties": {"value": 8.269, "time": "2025-12-01T15:00:00", "date": "2025-12-01", "hour": 15}}, {"type": "Feature", "geometry": {"type": "Point", "coordinates": [5.25, 52.75]}, "properties": {"value": 5.87, "time": "2025-12-01T16:00:00", "date": "2025-12-01", "hour": 16}}, {"type": "Feature", "geometry": {"type": "Point", "coordinates": [5.5, 52.75]}, "properties": {"value": 5.874, "time": "2025-12-01T16:00:00", "date": "2025-12-01", "hour": 16}}, {"type": "Feature", "geometry": {"type": "Point", "coordinates": [5.0, 53.0]}, "properties": {"value": 7.136, "time": "2025-12-01T16:00:00", "date": "2025-12-01", "hour": 16}}, {"type": "Feature", "geometry": {"type": "Point", "coordinates": [5.25, 53.0]}, "properties": {"value": 6.372, "time": "2025-12-01T16:00:00", "date": "2025-12-01", "hour": 16}}, {"type": "Feature", "geometry": {"type": "Point", "coordinates": [5.5, 53.0]}, "properties": {"value": 5.806, "time": "2025-12-01T16:00:00", "date": "2025-12-01", "hour": 16}}, {"type": "Feature", "geometry": {"type": "Point", "coordinates": [5.0, 53.25]}, "properties": {"value": 8.133, "time": "2025-12-01T16:00:00", "date": "2025-12-01", "hour": 16}}, {"type": "Feature", "geometry": {"type": "Point", "coordinates": [5.25, 53.25]}, "properties": {"value": 7.078, "time": "2025-12-01T16:00:00", "date": "2025-12-01", "hour": 16}}, {"type": "Feature", "geometry": {"type": "Point", "coordinates": [5.5, 53.25]}, "properties": {"value": 6.443, "time": "2025-12-01T16:00:00", "date": "2025-12-01", "hour": 16}}, {"type": "Feature", "geometry": {"type": "Point", "coordinates": [5.0, 53.5]}, "properties": {"value": 9.858, "time": "2025-12-01T16:00:00", "date": "2025-12-01", "hour": 16}}, {"type": "Feature", "geometry": {"type": "Point", "coordinates": [5.25, 53.5]}, "properties": {"value": 9.263, "time": "2025-12-01T16:00:00", "date": "2025-12-01", "hour": 16}}, {"type": "Feature", "geometry": {"type": "Point", "coordinates": [5.5, 53.5]}, "properties": {"value": 9.037, "time": "2025-12-01T16:00:00", "date": "2025-12-01", "hour": 16}}, {"type": "Feature", "geometry": {"type": "Point", "coordinates": [5.75, 53.5]}, "properties": {"value": 8.363, "time": "2025-12-01T16:00:00", "date": "2025-12-01", "hour": 16}}, {"type": "Feature", "geometry": {"type": "Point", "coordinates": [6.0, 53.5]}, "properties": {"value": 7.583, "time": "2025-12-01T16:00:00", "date": "2025-12-01", "hour": 16}}, {"type": "Feature", "geometry": {"type": "Point", "coordinates": [6.25, 53.5]}, "properties": {"value": 6.762, "time": "2025-12-01T16:00:00", "date": "2025-12-01", "hour": 16}}, {"type": "Feature", "geometry": {"type": "Point", "coordinates": [6.5, 53.5]}, "properties": {"value": 6.362, "time": "2025-12-01T16:00:00", "date": "2025-12-01", "hour": 16}}, {"type": "Feature", "geometry": {"type": "Point", "coordinates": [6.75, 53.5]}, "properties": {"value": 5.656, "time": "2025-12-01T16:00:00", "date": "2025-12-01", "hour": 16}}, {"type": "Feature", "geometry": {"type": "Point", "coordinates": [5.0, 53.75]}, "properties": {"value": 10.558, "time": "2025-12-01T16:00:00", "date": "2025-12-01", "hour": 16}}, {"type": "Feature", "geometry": {"type": "Point", "coordinates": [5.25, 53.75]}, "properties": {"value": 10.271, "time": "2025-12-01T16:00:00", "date": "2025-12-01", "hour": 16}}, {"type": "Feature", "geometry": {"type": "Point", "coordinates": [5.5, 53.75]}, "properties": {"value": 10.048, "time": "2025-12-01T16:00:00", "date": "2025-12-01", "hour": 16}}, {"type": "Feature", "geometry": {"type": "Point", "coordinates": [5.75, 53.75]}, "properties": {"value": 9.769, "time": "2025-12-01T16:00:00", "date": "2025-12-01", "hour": 16}}, {"type": "Feature", "geometry": {"type": "Point", "coordinates": [6.0, 53.75]}, "properties": {"value": 9.163, "time": "2025-12-01T16:00:00", "date": "2025-12-01", "hour": 16}}, {"type": "Feature", "geometry": {"type": "Point", "coordinates": [6.25, 53.75]}, "properties": {"value": 8.853, "time": "2025-12-01T16:00:00", "date": "2025-12-01", "hour": 16}}, {"type": "Feature", "geometry": {"type": "Point", "coordinates": [6.5, 53.75]}, "properties": {"value": 8.424, "time": "2025-12-01T16:00:00", "date": "2025-12-01", "hour": 16}}, {"type": "Feature", "geometry": {"type": "Point", "coordinates": [6.75, 53.75]}, "properties": {"value": 7.902, "time": "2025-12-01T16:00:00", "date": "2025-12-01", "hour": 16}}, {"type": "Feature", "geometry": {"type": "Point", "coordinates": [7.0, 53.75]}, "properties": {"value": 8.203, "time": "2025-12-01T16:00:00", "date": "2025-12-01", "hour": 16}}, {"type": "Feature", "geometry": {"type": "Point", "coordinates": [7.25, 53.75]}, "properties": {"value": 7.675, "time": "2025-12-01T16:00:00", "date": "2025-12-01", "hour": 16}}, {"type": "Feature", "geometry": {"type": "Point", "coordinates": [7.5, 53.75]}, "properties": {"value": 7.903, "time": "2025-12-01T16:00:00", "date": "2025-12-01", "hour": 16}}, {"type": "Feature", "geometry": {"type": "Point", "coordinates": [7.75, 53.75]}, "properties": {"value": 7.942, "time": "2025-12-01T16:00:00", "date": "2025-12-01", "hour": 16}}, {"type": "Feature", "geometry": {"type": "Point", "coordinates": [8.0, 53.75]}, "properties": {"value": 7.827, "time": "2025-12-01T16:00:00", "date": "2025-12-01", "hour": 16}}, {"type": "Feature", "geometry": {"type": "Point", "coordinates": [8.25, 53.75]}, "properties": {"value": 7.053, "time": "2025-12-01T16:00:00", "date": "2025-12-01", "hour": 16}}, {"type": "Feature", "geometry": {"type": "Point", "coordinates": [8.5, 53.75]}, "properties": {"value": 6.125, "time": "2025-12-01T16:00:00", "date": "2025-12-01", "hour": 16}}, {"type": "Feature", "geometry": {"type": "Point", "coordinates": [8.75, 53.75]}, "properties": {"value": 6.125, "time": "2025-12-01T16:00:00", "date": "2025-12-01", "hour": 16}}, {"type": "Feature", "geometry": {"type": "Point", "coordinates": [14.25, 53.75]}, "properties": {"value": 3.644, "time": "2025-12-01T16:00:00", "date": "2025-12-01", "hour": 16}}, {"type": "Feature", "geometry": {"type": "Point", "coordinates": [14.5, 53.75]}, "properties": {"value": 3.644, "time": "2025-12-01T16:00:00", "date": "2025-12-01", "hour": 16}}, {"type": "Feature", "geometry": {"type": "Point", "coordinates": [5.0, 54.0]}, "properties": {"value": 10.988, "time": "2025-12-01T16:00:00", "date": "2025-12-01", "hour": 16}}, {"type": "Feature", "geometry": {"type": "Point", "coordinates": [5.25, 54.0]}, "properties": {"value": 10.926, "time": "2025-12-01T16:00:00", "date": "2025-12-01", "hour": 16}}, {"type": "Feature", "geometry": {"type": "Point", "coordinates": [5.5, 54.0]}, "properties": {"value": 10.704, "time": "2025-12-01T16:00:00", "date": "2025-12-01", "hour": 16}}, {"type": "Feature", "geometry": {"type": "Point", "coordinates": [5.75, 54.0]}, "properties": {"value": 10.472, "time": "2025-12-01T16:00:00", "date": "2025-12-01", "hour": 16}}, {"type": "Feature", "geometry": {"type": "Point", "coordinates": [6.0, 54.0]}, "properties": {"value": 10.25, "time": "2025-12-01T16:00:00", "date": "2025-12-01", "hour": 16}}, {"type": "Feature", "geometry": {"type": "Point", "coordinates": [6.25, 54.0]}, "properties": {"value": 9.99, "time": "2025-12-01T16:00:00", "date": "2025-12-01", "hour": 16}}, {"type": "Feature", "geometry": {"type": "Point", "coordinates": [6.5, 54.0]}, "properties": {"value": 9.624, "time": "2025-12-01T16:00:00", "date": "2025-12-01", "hour": 16}}, {"type": "Feature", "geometry": {"type": "Point", "coordinates": [6.75, 54.0]}, "properties": {"value": 9.527, "time": "2025-12-01T16:00:00", "date": "2025-12-01", "hour": 16}}, {"type": "Feature", "geometry": {"type": "Point", "coordinates": [7.0, 54.0]}, "properties": {"value": 9.269, "time": "2025-12-01T16:00:00", "date": "2025-12-01", "hour": 16}}, {"type": "Feature", "geometry": {"type": "Point", "coordinates": [7.25, 54.0]}, "properties": {"value": 8.917, "time": "2025-12-01T16:00:00", "date": "2025-12-01", "hour": 16}}, {"type": "Feature", "geometry": {"type": "Point", "coordinates": [7.5, 54.0]}, "properties": {"value": 9.058, "time": "2025-12-01T16:00:00", "date": "2025-12-01", "hour": 16}}, {"type": "Feature", "geometry": {"type": "Point", "coordinates": [7.75, 54.0]}, "properties": {"value": 9.069, "time": "2025-12-01T16:00:00", "date": "2025-12-01", "hour": 16}}, {"type": "Feature", "geometry": {"type": "Point", "coordinates": [8.0, 54.0]}, "properties": {"value": 8.935, "time": "2025-12-01T16:00:00", "date": "2025-12-01", "hour": 16}}, {"type": "Feature", "geometry": {"type": "Point", "coordinates": [8.25, 54.0]}, "properties": {"value": 8.35, "time": "2025-12-01T16:00:00", "date": "2025-12-01", "hour": 16}}, {"type": "Feature", "geometry": {"type": "Point", "coordinates": [8.5, 54.0]}, "properties": {"value": 6.885, "time": "2025-12-01T16:00:00", "date": "2025-12-01", "hour": 16}}, {"type": "Feature", "geometry": {"type": "Point", "coordinates": [11.25, 54.0]}, "properties": {"value": 6.933, "time": "2025-12-01T16:00:00", "date": "2025-12-01", "hour": 16}}, {"type": "Feature", "geometry": {"type": "Point", "coordinates": [14.0, 54.0]}, "properties": {"value": 5.097, "time": "2025-12-01T16:00:00", "date": "2025-12-01", "hour": 16}}, {"type": "Feature", "geometry": {"type": "Point", "coordinates": [14.25, 54.0]}, "properties": {"value": 5.69, "time": "2025-12-01T16:00:00", "date": "2025-12-01", "hour": 16}}, {"type": "Feature", "geometry": {"type": "Point", "coordinates": [14.5, 54.0]}, "properties": {"value": 5.4, "time": "2025-12-01T16:00:00", "date": "2025-12-01", "hour": 16}}, {"type": "Feature", "geometry": {"type": "Point", "coordinates": [14.75, 54.0]}, "properties": {"value": 5.837, "time": "2025-12-01T16:00:00", "date": "2025-12-01", "hour": 16}}, {"type": "Feature", "geometry": {"type": "Point", "coordinates": [5.0, 54.25]}, "properties": {"value": 11.138, "time": "2025-12-01T16:00:00", "date": "2025-12-01", "hour": 16}}, {"type": "Feature", "geometry": {"type": "Point", "coordinates": [5.25, 54.25]}, "properties": {"value": 11.073, "time": "2025-12-01T16:00:00", "date": "2025-12-01", "hour": 16}}, {"type": "Feature", "geometry": {"type": "Point", "coordinates": [5.5, 54.25]}, "properties": {"value": 11.028, "time": "2025-12-01T16:00:00", "date": "2025-12-01", "hour": 16}}, {"type": "Feature", "geometry": {"type": "Point", "coordinates": [5.75, 54.25]}, "properties": {"value": 10.833, "time": "2025-12-01T16:00:00", "date": "2025-12-01", "hour": 16}}, {"type": "Feature", "geometry": {"type": "Point", "coordinates": [6.0, 54.25]}, "properties": {"value": 10.724, "time": "2025-12-01T16:00:00", "date": "2025-12-01", "hour": 16}}, {"type": "Feature", "geometry": {"type": "Point", "coordinates": [6.25, 54.25]}, "properties": {"value": 10.514, "time": "2025-12-01T16:00:00", "date": "2025-12-01", "hour": 16}}, {"type": "Feature", "geometry": {"type": "Point", "coordinates": [6.5, 54.25]}, "properties": {"value": 10.357, "time": "2025-12-01T16:00:00", "date": "2025-12-01", "hour": 16}}, {"type": "Feature", "geometry": {"type": "Point", "coordinates": [6.75, 54.25]}, "properties": {"value": 10.216, "time": "2025-12-01T16:00:00", "date": "2025-12-01", "hour": 16}}, {"type": "Feature", "geometry": {"type": "Point", "coordinates": [7.0, 54.25]}, "properties": {"value": 9.99, "time": "2025-12-01T16:00:00", "date": "2025-12-01", "hour": 16}}, {"type": "Feature", "geometry": {"type": "Point", "coordinates": [7.25, 54.25]}, "properties": {"value": 9.88, "time": "2025-12-01T16:00:00", "date": "2025-12-01", "hour": 16}}, {"type": "Feature", "geometry": {"type": "Point", "coordinates": [7.5, 54.25]}, "properties": {"value": 9.945, "time": "2025-12-01T16:00:00", "date": "2025-12-01", "hour": 16}}, {"type": "Feature", "geometry": {"type": "Point", "coordinates": [7.75, 54.25]}, "properties": {"value": 9.603, "time": "2025-12-01T16:00:00", "date": "2025-12-01", "hour": 16}}, {"type": "Feature", "geometry": {"type": "Point", "coordinates": [8.0, 54.25]}, "properties": {"value": 9.35, "time": "2025-12-01T16:00:00", "date": "2025-12-01", "hour": 16}}, {"type": "Feature", "geometry": {"type": "Point", "coordinates": [8.25, 54.25]}, "properties": {"value": 7.977, "time": "2025-12-01T16:00:00", "date": "2025-12-01", "hour": 16}}, {"type": "Feature", "geometry": {"type": "Point", "coordinates": [8.5, 54.25]}, "properties": {"value": 6.56, "time": "2025-12-01T16:00:00", "date": "2025-12-01", "hour": 16}}, {"type": "Feature", "geometry": {"type": "Point", "coordinates": [10.75, 54.25]}, "properties": {"value": 7.086, "time": "2025-12-01T16:00:00", "date": "2025-12-01", "hour": 16}}, {"type": "Feature", "geometry": {"type": "Point", "coordinates": [11.25, 54.25]}, "properties": {"value": 7.105, "time": "2025-12-01T16:00:00", "date": "2025-12-01", "hour": 16}}, {"type": "Feature", "geometry": {"type": "Point", "coordinates": [11.75, 54.25]}, "properties": {"value": 7.016, "time": "2025-12-01T16:00:00", "date": "2025-12-01", "hour": 16}}, {"type": "Feature", "geometry": {"type": "Point", "coordinates": [12.25, 54.25]}, "properties": {"value": 6.849, "time": "2025-12-01T16:00:00", "date": "2025-12-01", "hour": 16}}, {"type": "Feature", "geometry": {"type": "Point", "coordinates": [13.75, 54.25]}, "properties": {"value": 5.402, "time": "2025-12-01T16:00:00", "date": "2025-12-01", "hour": 16}}, {"type": "Feature", "geometry": {"type": "Point", "coordinates": [14.0, 54.25]}, "properties": {"value": 5.783, "time": "2025-12-01T16:00:00", "date": "2025-12-01", "hour": 16}}, {"type": "Feature", "geometry": {"type": "Point", "coordinates": [14.25, 54.25]}, "properties": {"value": 6.141, "time": "2025-12-01T16:00:00", "date": "2025-12-01", "hour": 16}}, {"type": "Feature", "geometry": {"type": "Point", "coordinates": [14.5, 54.25]}, "properties": {"value": 6.004, "time": "2025-12-01T16:00:00", "date": "2025-12-01", "hour": 16}}, {"type": "Feature", "geometry": {"type": "Point", "coordinates": [14.75, 54.25]}, "properties": {"value": 6.275, "time": "2025-12-01T16:00:00", "date": "2025-12-01", "hour": 16}}, {"type": "Feature", "geometry": {"type": "Point", "coordinates": [15.0, 54.25]}, "properties": {"value": 6.996, "time": "2025-12-01T16:00:00", "date": "2025-12-01", "hour": 16}}, {"type": "Feature", "geometry": {"type": "Point", "coordinates": [5.0, 54.5]}, "properties": {"value": 11.234, "time": "2025-12-01T16:00:00", "date": "2025-12-01", "hour": 16}}, {"type": "Feature", "geometry": {"type": "Point", "coordinates": [5.25, 54.5]}, "properties": {"value": 11.227, "time": "2025-12-01T16:00:00", "date": "2025-12-01", "hour": 16}}, {"type": "Feature", "geometry": {"type": "Point", "coordinates": [5.5, 54.5]}, "properties": {"value": 11.182, "time": "2025-12-01T16:00:00", "date": "2025-12-01", "hour": 16}}, {"type": "Feature", "geometry": {"type": "Point", "coordinates": [5.75, 54.5]}, "properties": {"value": 11.111, "time": "2025-12-01T16:00:00", "date": "2025-12-01", "hour": 16}}, {"type": "Feature", "geometry": {"type": "Point", "coordinates": [6.0, 54.5]}, "properties": {"value": 10.996, "time": "2025-12-01T16:00:00", "date": "2025-12-01", "hour": 16}}, {"type": "Feature", "geometry": {"type": "Point", "coordinates": [6.25, 54.5]}, "properties": {"value": 10.846, "time": "2025-12-01T16:00:00", "date": "2025-12-01", "hour": 16}}, {"type": "Feature", "geometry": {"type": "Point", "coordinates": [6.5, 54.5]}, "properties": {"value": 10.674, "time": "2025-12-01T16:00:00", "date": "2025-12-01", "hour": 16}}, {"type": "Feature", "geometry": {"type": "Point", "coordinates": [6.75, 54.5]}, "properties": {"value": 10.476, "time": "2025-12-01T16:00:00", "date": "2025-12-01", "hour": 16}}, {"type": "Feature", "geometry": {"type": "Point", "coordinates": [7.0, 54.5]}, "properties": {"value": 10.35, "time": "2025-12-01T16:00:00", "date": "2025-12-01", "hour": 16}}, {"type": "Feature", "geometry": {"type": "Point", "coordinates": [7.25, 54.5]}, "properties": {"value": 10.159, "time": "2025-12-01T16:00:00", "date": "2025-12-01", "hour": 16}}, {"type": "Feature", "geometry": {"type": "Point", "coordinates": [7.5, 54.5]}, "properties": {"value": 10.163, "time": "2025-12-01T16:00:00", "date": "2025-12-01", "hour": 16}}, {"type": "Feature", "geometry": {"type": "Point", "coordinates": [7.75, 54.5]}, "properties": {"value": 9.648, "time": "2025-12-01T16:00:00", "date": "2025-12-01", "hour": 16}}, {"type": "Feature", "geometry": {"type": "Point", "coordinates": [8.0, 54.5]}, "properties": {"value": 8.637, "time": "2025-12-01T16:00:00", "date": "2025-12-01", "hour": 16}}, {"type": "Feature", "geometry": {"type": "Point", "coordinates": [8.25, 54.5]}, "properties": {"value": 7.143, "time": "2025-12-01T16:00:00", "date": "2025-12-01", "hour": 16}}, {"type": "Feature", "geometry": {"type": "Point", "coordinates": [8.5, 54.5]}, "properties": {"value": 5.947, "time": "2025-12-01T16:00:00", "date": "2025-12-01", "hour": 16}}, {"type": "Feature", "geometry": {"type": "Point", "coordinates": [10.5, 54.5]}, "properties": {"value": 7.425, "time": "2025-12-01T16:00:00", "date": "2025-12-01", "hour": 16}}, {"type": "Feature", "geometry": {"type": "Point", "coordinates": [10.75, 54.5]}, "properties": {"value": 7.25, "time": "2025-12-01T16:00:00", "date": "2025-12-01", "hour": 16}}, {"type": "Feature", "geometry": {"type": "Point", "coordinates": [11.0, 54.5]}, "properties": {"value": 6.818, "time": "2025-12-01T16:00:00", "date": "2025-12-01", "hour": 16}}, {"type": "Feature", "geometry": {"type": "Point", "coordinates": [11.25, 54.5]}, "properties": {"value": 6.904, "time": "2025-12-01T16:00:00", "date": "2025-12-01", "hour": 16}}, {"type": "Feature", "geometry": {"type": "Point", "coordinates": [11.5, 54.5]}, "properties": {"value": 6.78, "time": "2025-12-01T16:00:00", "date": "2025-12-01", "hour": 16}}, {"type": "Feature", "geometry": {"type": "Point", "coordinates": [11.75, 54.5]}, "properties": {"value": 7.055, "time": "2025-12-01T16:00:00", "date": "2025-12-01", "hour": 16}}, {"type": "Feature", "geometry": {"type": "Point", "coordinates": [12.0, 54.5]}, "properties": {"value": 7.145, "time": "2025-12-01T16:00:00", "date": "2025-12-01", "hour": 16}}, {"type": "Feature", "geometry": {"type": "Point", "coordinates": [12.25, 54.5]}, "properties": {"value": 7.114, "time": "2025-12-01T16:00:00", "date": "2025-12-01", "hour": 16}}, {"type": "Feature", "geometry": {"type": "Point", "coordinates": [13.0, 54.5]}, "properties": {"value": 7.342, "time": "2025-12-01T16:00:00", "date": "2025-12-01", "hour": 16}}, {"type": "Feature", "geometry": {"type": "Point", "coordinates": [13.25, 54.5]}, "properties": {"value": 6.737, "time": "2025-12-01T16:00:00", "date": "2025-12-01", "hour": 16}}, {"type": "Feature", "geometry": {"type": "Point", "coordinates": [13.5, 54.5]}, "properties": {"value": 6.579, "time": "2025-12-01T16:00:00", "date": "2025-12-01", "hour": 16}}, {"type": "Feature", "geometry": {"type": "Point", "coordinates": [13.75, 54.5]}, "properties": {"value": 6.536, "time": "2025-12-01T16:00:00", "date": "2025-12-01", "hour": 16}}, {"type": "Feature", "geometry": {"type": "Point", "coordinates": [14.0, 54.5]}, "properties": {"value": 6.82, "time": "2025-12-01T16:00:00", "date": "2025-12-01", "hour": 16}}, {"type": "Feature", "geometry": {"type": "Point", "coordinates": [14.25, 54.5]}, "properties": {"value": 6.796, "time": "2025-12-01T16:00:00", "date": "2025-12-01", "hour": 16}}, {"type": "Feature", "geometry": {"type": "Point", "coordinates": [14.5, 54.5]}, "properties": {"value": 6.964, "time": "2025-12-01T16:00:00", "date": "2025-12-01", "hour": 16}}, {"type": "Feature", "geometry": {"type": "Point", "coordinates": [14.75, 54.5]}, "properties": {"value": 7.362, "time": "2025-12-01T16:00:00", "date": "2025-12-01", "hour": 16}}, {"type": "Feature", "geometry": {"type": "Point", "coordinates": [15.0, 54.5]}, "properties": {"value": 8.121, "time": "2025-12-01T16:00:00", "date": "2025-12-01", "hour": 16}}, {"type": "Feature", "geometry": {"type": "Point", "coordinates": [5.0, 54.75]}, "properties": {"value": 11.377, "time": "2025-12-01T16:00:00", "date": "2025-12-01", "hour": 16}}, {"type": "Feature", "geometry": {"type": "Point", "coordinates": [5.25, 54.75]}, "properties": {"value": 11.37, "time": "2025-12-01T16:00:00", "date": "2025-12-01", "hour": 16}}, {"type": "Feature", "geometry": {"type": "Point", "coordinates": [5.5, 54.75]}, "properties": {"value": 11.325, "time": "2025-12-01T16:00:00", "date": "2025-12-01", "hour": 16}}, {"type": "Feature", "geometry": {"type": "Point", "coordinates": [5.75, 54.75]}, "properties": {"value": 11.295, "time": "2025-12-01T16:00:00", "date": "2025-12-01", "hour": 16}}, {"type": "Feature", "geometry": {"type": "Point", "coordinates": [6.0, 54.75]}, "properties": {"value": 11.17, "time": "2025-12-01T16:00:00", "date": "2025-12-01", "hour": 16}}, {"type": "Feature", "geometry": {"type": "Point", "coordinates": [6.25, 54.75]}, "properties": {"value": 11.021, "time": "2025-12-01T16:00:00", "date": "2025-12-01", "hour": 16}}, {"type": "Feature", "geometry": {"type": "Point", "coordinates": [6.5, 54.75]}, "properties": {"value": 10.874, "time": "2025-12-01T16:00:00", "date": "2025-12-01", "hour": 16}}, {"type": "Feature", "geometry": {"type": "Point", "coordinates": [6.75, 54.75]}, "properties": {"value": 10.739, "time": "2025-12-01T16:00:00", "date": "2025-12-01", "hour": 16}}, {"type": "Feature", "geometry": {"type": "Point", "coordinates": [7.0, 54.75]}, "properties": {"value": 10.652, "time": "2025-12-01T16:00:00", "date": "2025-12-01", "hour": 16}}, {"type": "Feature", "geometry": {"type": "Point", "coordinates": [7.25, 54.75]}, "properties": {"value": 10.445, "time": "2025-12-01T16:00:00", "date": "2025-12-01", "hour": 16}}, {"type": "Feature", "geometry": {"type": "Point", "coordinates": [7.5, 54.75]}, "properties": {"value": 10.14, "time": "2025-12-01T16:00:00", "date": "2025-12-01", "hour": 16}}, {"type": "Feature", "geometry": {"type": "Point", "coordinates": [7.75, 54.75]}, "properties": {"value": 9.109, "time": "2025-12-01T16:00:00", "date": "2025-12-01", "hour": 16}}, {"type": "Feature", "geometry": {"type": "Point", "coordinates": [8.0, 54.75]}, "properties": {"value": 8.069, "time": "2025-12-01T16:00:00", "date": "2025-12-01", "hour": 16}}, {"type": "Feature", "geometry": {"type": "Point", "coordinates": [8.25, 54.75]}, "properties": {"value": 6.601, "time": "2025-12-01T16:00:00", "date": "2025-12-01", "hour": 16}}, {"type": "Feature", "geometry": {"type": "Point", "coordinates": [8.5, 54.75]}, "properties": {"value": 5.543, "time": "2025-12-01T16:00:00", "date": "2025-12-01", "hour": 16}}, {"type": "Feature", "geometry": {"type": "Point", "coordinates": [10.25, 54.75]}, "properties": {"value": 7.504, "time": "2025-12-01T16:00:00", "date": "2025-12-01", "hour": 16}}, {"type": "Feature", "geometry": {"type": "Point", "coordinates": [10.5, 54.75]}, "properties": {"value": 7.41, "time": "2025-12-01T16:00:00", "date": "2025-12-01", "hour": 16}}, {"type": "Feature", "geometry": {"type": "Point", "coordinates": [10.75, 54.75]}, "properties": {"value": 7.238, "time": "2025-12-01T16:00:00", "date": "2025-12-01", "hour": 16}}, {"type": "Feature", "geometry": {"type": "Point", "coordinates": [11.0, 54.75]}, "properties": {"value": 6.764, "time": "2025-12-01T16:00:00", "date": "2025-12-01", "hour": 16}}, {"type": "Feature", "geometry": {"type": "Point", "coordinates": [11.25, 54.75]}, "properties": {"value": 6.362, "time": "2025-12-01T16:00:00", "date": "2025-12-01", "hour": 16}}, {"type": "Feature", "geometry": {"type": "Point", "coordinates": [11.5, 54.75]}, "properties": {"value": 6.158, "time": "2025-12-01T16:00:00", "date": "2025-12-01", "hour": 16}}, {"type": "Feature", "geometry": {"type": "Point", "coordinates": [12.0, 54.75]}, "properties": {"value": 6.814, "time": "2025-12-01T16:00:00", "date": "2025-12-01", "hour": 16}}, {"type": "Feature", "geometry": {"type": "Point", "coordinates": [12.25, 54.75]}, "properties": {"value": 7.346, "time": "2025-12-01T16:00:00", "date": "2025-12-01", "hour": 16}}, {"type": "Feature", "geometry": {"type": "Point", "coordinates": [12.5, 54.75]}, "properties": {"value": 7.81, "time": "2025-12-01T16:00:00", "date": "2025-12-01", "hour": 16}}, {"type": "Feature", "geometry": {"type": "Point", "coordinates": [12.75, 54.75]}, "properties": {"value": 7.889, "time": "2025-12-01T16:00:00", "date": "2025-12-01", "hour": 16}}, {"type": "Feature", "geometry": {"type": "Point", "coordinates": [13.0, 54.75]}, "properties": {"value": 7.566, "time": "2025-12-01T16:00:00", "date": "2025-12-01", "hour": 16}}, {"type": "Feature", "geometry": {"type": "Point", "coordinates": [13.25, 54.75]}, "properties": {"value": 7.671, "time": "2025-12-01T16:00:00", "date": "2025-12-01", "hour": 16}}, {"type": "Feature", "geometry": {"type": "Point", "coordinates": [13.5, 54.75]}, "properties": {"value": 7.972, "time": "2025-12-01T16:00:00", "date": "2025-12-01", "hour": 16}}, {"type": "Feature", "geometry": {"type": "Point", "coordinates": [13.75, 54.75]}, "properties": {"value": 7.929, "time": "2025-12-01T16:00:00", "date": "2025-12-01", "hour": 16}}, {"type": "Feature", "geometry": {"type": "Point", "coordinates": [14.0, 54.75]}, "properties": {"value": 7.74, "time": "2025-12-01T16:00:00", "date": "2025-12-01", "hour": 16}}, {"type": "Feature", "geometry": {"type": "Point", "coordinates": [14.25, 54.75]}, "properties": {"value": 7.718, "time": "2025-12-01T16:00:00", "date": "2025-12-01", "hour": 16}}, {"type": "Feature", "geometry": {"type": "Point", "coordinates": [14.5, 54.75]}, "properties": {"value": 8.043, "time": "2025-12-01T16:00:00", "date": "2025-12-01", "hour": 16}}, {"type": "Feature", "geometry": {"type": "Point", "coordinates": [14.75, 54.75]}, "properties": {"value": 8.412, "time": "2025-12-01T16:00:00", "date": "2025-12-01", "hour": 16}}, {"type": "Feature", "geometry": {"type": "Point", "coordinates": [15.0, 54.75]}, "properties": {"value": 8.611, "time": "2025-12-01T16:00:00", "date": "2025-12-01", "hour": 16}}, {"type": "Feature", "geometry": {"type": "Point", "coordinates": [5.0, 55.0]}, "properties": {"value": 11.326, "time": "2025-12-01T16:00:00", "date": "2025-12-01", "hour": 16}}, {"type": "Feature", "geometry": {"type": "Point", "coordinates": [5.25, 55.0]}, "properties": {"value": 11.343, "time": "2025-12-01T16:00:00", "date": "2025-12-01", "hour": 16}}, {"type": "Feature", "geometry": {"type": "Point", "coordinates": [5.5, 55.0]}, "properties": {"value": 11.327, "time": "2025-12-01T16:00:00", "date": "2025-12-01", "hour": 16}}, {"type": "Feature", "geometry": {"type": "Point", "coordinates": [5.75, 55.0]}, "properties": {"value": 11.297, "time": "2025-12-01T16:00:00", "date": "2025-12-01", "hour": 16}}, {"type": "Feature", "geometry": {"type": "Point", "coordinates": [6.0, 55.0]}, "properties": {"value": 11.252, "time": "2025-12-01T16:00:00", "date": "2025-12-01", "hour": 16}}, {"type": "Feature", "geometry": {"type": "Point", "coordinates": [6.25, 55.0]}, "properties": {"value": 11.197, "time": "2025-12-01T16:00:00", "date": "2025-12-01", "hour": 16}}, {"type": "Feature", "geometry": {"type": "Point", "coordinates": [6.5, 55.0]}, "properties": {"value": 11.076, "time": "2025-12-01T16:00:00", "date": "2025-12-01", "hour": 16}}, {"type": "Feature", "geometry": {"type": "Point", "coordinates": [6.75, 55.0]}, "properties": {"value": 10.934, "time": "2025-12-01T16:00:00", "date": "2025-12-01", "hour": 16}}, {"type": "Feature", "geometry": {"type": "Point", "coordinates": [7.0, 55.0]}, "properties": {"value": 10.756, "time": "2025-12-01T16:00:00", "date": "2025-12-01", "hour": 16}}, {"type": "Feature", "geometry": {"type": "Point", "coordinates": [7.25, 55.0]}, "properties": {"value": 10.379, "time": "2025-12-01T16:00:00", "date": "2025-12-01", "hour": 16}}, {"type": "Feature", "geometry": {"type": "Point", "coordinates": [7.5, 55.0]}, "properties": {"value": 10.018, "time": "2025-12-01T16:00:00", "date": "2025-12-01", "hour": 16}}, {"type": "Feature", "geometry": {"type": "Point", "coordinates": [7.75, 55.0]}, "properties": {"value": 8.956, "time": "2025-12-01T16:00:00", "date": "2025-12-01", "hour": 16}}, {"type": "Feature", "geometry": {"type": "Point", "coordinates": [8.0, 55.0]}, "properties": {"value": 7.974, "time": "2025-12-01T16:00:00", "date": "2025-12-01", "hour": 16}}, {"type": "Feature", "geometry": {"type": "Point", "coordinates": [8.25, 55.0]}, "properties": {"value": 6.612, "time": "2025-12-01T16:00:00", "date": "2025-12-01", "hour": 16}}, {"type": "Feature", "geometry": {"type": "Point", "coordinates": [8.5, 55.0]}, "properties": {"value": 5.574, "time": "2025-12-01T16:00:00", "date": "2025-12-01", "hour": 16}}, {"type": "Feature", "geometry": {"type": "Point", "coordinates": [10.25, 55.0]}, "properties": {"value": 6.633, "time": "2025-12-01T16:00:00", "date": "2025-12-01", "hour": 16}}, {"type": "Feature", "geometry": {"type": "Point", "coordinates": [10.5, 55.0]}, "properties": {"value": 6.71, "time": "2025-12-01T16:00:00", "date": "2025-12-01", "hour": 16}}, {"type": "Feature", "geometry": {"type": "Point", "coordinates": [10.75, 55.0]}, "properties": {"value": 6.785, "time": "2025-12-01T16:00:00", "date": "2025-12-01", "hour": 16}}, {"type": "Feature", "geometry": {"type": "Point", "coordinates": [11.0, 55.0]}, "properties": {"value": 6.573, "time": "2025-12-01T16:00:00", "date": "2025-12-01", "hour": 16}}, {"type": "Feature", "geometry": {"type": "Point", "coordinates": [11.25, 55.0]}, "properties": {"value": 6.254, "time": "2025-12-01T16:00:00", "date": "2025-12-01", "hour": 16}}, {"type": "Feature", "geometry": {"type": "Point", "coordinates": [11.5, 55.0]}, "properties": {"value": 6.016, "time": "2025-12-01T16:00:00", "date": "2025-12-01", "hour": 16}}, {"type": "Feature", "geometry": {"type": "Point", "coordinates": [11.75, 55.0]}, "properties": {"value": 5.739, "time": "2025-12-01T16:00:00", "date": "2025-12-01", "hour": 16}}, {"type": "Feature", "geometry": {"type": "Point", "coordinates": [12.0, 55.0]}, "properties": {"value": 6.229, "time": "2025-12-01T16:00:00", "date": "2025-12-01", "hour": 16}}, {"type": "Feature", "geometry": {"type": "Point", "coordinates": [12.25, 55.0]}, "properties": {"value": 6.941, "time": "2025-12-01T16:00:00", "date": "2025-12-01", "hour": 16}}, {"type": "Feature", "geometry": {"type": "Point", "coordinates": [12.5, 55.0]}, "properties": {"value": 7.794, "time": "2025-12-01T16:00:00", "date": "2025-12-01", "hour": 16}}, {"type": "Feature", "geometry": {"type": "Point", "coordinates": [12.75, 55.0]}, "properties": {"value": 8.024, "time": "2025-12-01T16:00:00", "date": "2025-12-01", "hour": 16}}, {"type": "Feature", "geometry": {"type": "Point", "coordinates": [13.0, 55.0]}, "properties": {"value": 8.186, "time": "2025-12-01T16:00:00", "date": "2025-12-01", "hour": 16}}, {"type": "Feature", "geometry": {"type": "Point", "coordinates": [13.25, 55.0]}, "properties": {"value": 8.29, "time": "2025-12-01T16:00:00", "date": "2025-12-01", "hour": 16}}, {"type": "Feature", "geometry": {"type": "Point", "coordinates": [13.5, 55.0]}, "properties": {"value": 8.34, "time": "2025-12-01T16:00:00", "date": "2025-12-01", "hour": 16}}, {"type": "Feature", "geometry": {"type": "Point", "coordinates": [13.75, 55.0]}, "properties": {"value": 8.402, "time": "2025-12-01T16:00:00", "date": "2025-12-01", "hour": 16}}, {"type": "Feature", "geometry": {"type": "Point", "coordinates": [14.0, 55.0]}, "properties": {"value": 8.359, "time": "2025-12-01T16:00:00", "date": "2025-12-01", "hour": 16}}, {"type": "Feature", "geometry": {"type": "Point", "coordinates": [14.25, 55.0]}, "properties": {"value": 8.27, "time": "2025-12-01T16:00:00", "date": "2025-12-01", "hour": 16}}, {"type": "Feature", "geometry": {"type": "Point", "coordinates": [14.5, 55.0]}, "properties": {"value": 8.167, "time": "2025-12-01T16:00:00", "date": "2025-12-01", "hour": 16}}, {"type": "Feature", "geometry": {"type": "Point", "coordinates": [14.75, 55.0]}, "properties": {"value": 8.191, "time": "2025-12-01T16:00:00", "date": "2025-12-01", "hour": 16}}, {"type": "Feature", "geometry": {"type": "Point", "coordinates": [15.0, 55.0]}, "properties": {"value": 8.269, "time": "2025-12-01T16:00:00", "date": "2025-12-01", "hour": 16}}, {"type": "Feature", "geometry": {"type": "Point", "coordinates": [5.25, 52.75]}, "properties": {"value": 5.87, "time": "2025-12-01T17:00:00", "date": "2025-12-01", "hour": 17}}, {"type": "Feature", "geometry": {"type": "Point", "coordinates": [5.5, 52.75]}, "properties": {"value": 5.874, "time": "2025-12-01T17:00:00", "date": "2025-12-01", "hour": 17}}, {"type": "Feature", "geometry": {"type": "Point", "coordinates": [5.0, 53.0]}, "properties": {"value": 7.136, "time": "2025-12-01T17:00:00", "date": "2025-12-01", "hour": 17}}, {"type": "Feature", "geometry": {"type": "Point", "coordinates": [5.25, 53.0]}, "properties": {"value": 6.372, "time": "2025-12-01T17:00:00", "date": "2025-12-01", "hour": 17}}, {"type": "Feature", "geometry": {"type": "Point", "coordinates": [5.5, 53.0]}, "properties": {"value": 5.806, "time": "2025-12-01T17:00:00", "date": "2025-12-01", "hour": 17}}, {"type": "Feature", "geometry": {"type": "Point", "coordinates": [5.0, 53.25]}, "properties": {"value": 8.133, "time": "2025-12-01T17:00:00", "date": "2025-12-01", "hour": 17}}, {"type": "Feature", "geometry": {"type": "Point", "coordinates": [5.25, 53.25]}, "properties": {"value": 7.078, "time": "2025-12-01T17:00:00", "date": "2025-12-01", "hour": 17}}, {"type": "Feature", "geometry": {"type": "Point", "coordinates": [5.5, 53.25]}, "properties": {"value": 6.443, "time": "2025-12-01T17:00:00", "date": "2025-12-01", "hour": 17}}, {"type": "Feature", "geometry": {"type": "Point", "coordinates": [5.0, 53.5]}, "properties": {"value": 9.858, "time": "2025-12-01T17:00:00", "date": "2025-12-01", "hour": 17}}, {"type": "Feature", "geometry": {"type": "Point", "coordinates": [5.25, 53.5]}, "properties": {"value": 9.263, "time": "2025-12-01T17:00:00", "date": "2025-12-01", "hour": 17}}, {"type": "Feature", "geometry": {"type": "Point", "coordinates": [5.5, 53.5]}, "properties": {"value": 9.037, "time": "2025-12-01T17:00:00", "date": "2025-12-01", "hour": 17}}, {"type": "Feature", "geometry": {"type": "Point", "coordinates": [5.75, 53.5]}, "properties": {"value": 8.363, "time": "2025-12-01T17:00:00", "date": "2025-12-01", "hour": 17}}, {"type": "Feature", "geometry": {"type": "Point", "coordinates": [6.0, 53.5]}, "properties": {"value": 7.583, "time": "2025-12-01T17:00:00", "date": "2025-12-01", "hour": 17}}, {"type": "Feature", "geometry": {"type": "Point", "coordinates": [6.25, 53.5]}, "properties": {"value": 6.762, "time": "2025-12-01T17:00:00", "date": "2025-12-01", "hour": 17}}, {"type": "Feature", "geometry": {"type": "Point", "coordinates": [6.5, 53.5]}, "properties": {"value": 6.362, "time": "2025-12-01T17:00:00", "date": "2025-12-01", "hour": 17}}, {"type": "Feature", "geometry": {"type": "Point", "coordinates": [6.75, 53.5]}, "properties": {"value": 5.656, "time": "2025-12-01T17:00:00", "date": "2025-12-01", "hour": 17}}, {"type": "Feature", "geometry": {"type": "Point", "coordinates": [5.0, 53.75]}, "properties": {"value": 10.558, "time": "2025-12-01T17:00:00", "date": "2025-12-01", "hour": 17}}, {"type": "Feature", "geometry": {"type": "Point", "coordinates": [5.25, 53.75]}, "properties": {"value": 10.271, "time": "2025-12-01T17:00:00", "date": "2025-12-01", "hour": 17}}, {"type": "Feature", "geometry": {"type": "Point", "coordinates": [5.5, 53.75]}, "properties": {"value": 10.048, "time": "2025-12-01T17:00:00", "date": "2025-12-01", "hour": 17}}, {"type": "Feature", "geometry": {"type": "Point", "coordinates": [5.75, 53.75]}, "properties": {"value": 9.769, "time": "2025-12-01T17:00:00", "date": "2025-12-01", "hour": 17}}, {"type": "Feature", "geometry": {"type": "Point", "coordinates": [6.0, 53.75]}, "properties": {"value": 9.163, "time": "2025-12-01T17:00:00", "date": "2025-12-01", "hour": 17}}, {"type": "Feature", "geometry": {"type": "Point", "coordinates": [6.25, 53.75]}, "properties": {"value": 8.853, "time": "2025-12-01T17:00:00", "date": "2025-12-01", "hour": 17}}, {"type": "Feature", "geometry": {"type": "Point", "coordinates": [6.5, 53.75]}, "properties": {"value": 8.424, "time": "2025-12-01T17:00:00", "date": "2025-12-01", "hour": 17}}, {"type": "Feature", "geometry": {"type": "Point", "coordinates": [6.75, 53.75]}, "properties": {"value": 7.902, "time": "2025-12-01T17:00:00", "date": "2025-12-01", "hour": 17}}, {"type": "Feature", "geometry": {"type": "Point", "coordinates": [7.0, 53.75]}, "properties": {"value": 8.203, "time": "2025-12-01T17:00:00", "date": "2025-12-01", "hour": 17}}, {"type": "Feature", "geometry": {"type": "Point", "coordinates": [7.25, 53.75]}, "properties": {"value": 7.675, "time": "2025-12-01T17:00:00", "date": "2025-12-01", "hour": 17}}, {"type": "Feature", "geometry": {"type": "Point", "coordinates": [7.5, 53.75]}, "properties": {"value": 7.903, "time": "2025-12-01T17:00:00", "date": "2025-12-01", "hour": 17}}, {"type": "Feature", "geometry": {"type": "Point", "coordinates": [7.75, 53.75]}, "properties": {"value": 7.942, "time": "2025-12-01T17:00:00", "date": "2025-12-01", "hour": 17}}, {"type": "Feature", "geometry": {"type": "Point", "coordinates": [8.0, 53.75]}, "properties": {"value": 7.827, "time": "2025-12-01T17:00:00", "date": "2025-12-01", "hour": 17}}, {"type": "Feature", "geometry": {"type": "Point", "coordinates": [8.25, 53.75]}, "properties": {"value": 7.053, "time": "2025-12-01T17:00:00", "date": "2025-12-01", "hour": 17}}, {"type": "Feature", "geometry": {"type": "Point", "coordinates": [8.5, 53.75]}, "properties": {"value": 6.125, "time": "2025-12-01T17:00:00", "date": "2025-12-01", "hour": 17}}, {"type": "Feature", "geometry": {"type": "Point", "coordinates": [8.75, 53.75]}, "properties": {"value": 6.125, "time": "2025-12-01T17:00:00", "date": "2025-12-01", "hour": 17}}, {"type": "Feature", "geometry": {"type": "Point", "coordinates": [14.25, 53.75]}, "properties": {"value": 3.644, "time": "2025-12-01T17:00:00", "date": "2025-12-01", "hour": 17}}, {"type": "Feature", "geometry": {"type": "Point", "coordinates": [14.5, 53.75]}, "properties": {"value": 3.644, "time": "2025-12-01T17:00:00", "date": "2025-12-01", "hour": 17}}, {"type": "Feature", "geometry": {"type": "Point", "coordinates": [5.0, 54.0]}, "properties": {"value": 10.988, "time": "2025-12-01T17:00:00", "date": "2025-12-01", "hour": 17}}, {"type": "Feature", "geometry": {"type": "Point", "coordinates": [5.25, 54.0]}, "properties": {"value": 10.926, "time": "2025-12-01T17:00:00", "date": "2025-12-01", "hour": 17}}, {"type": "Feature", "geometry": {"type": "Point", "coordinates": [5.5, 54.0]}, "properties": {"value": 10.704, "time": "2025-12-01T17:00:00", "date": "2025-12-01", "hour": 17}}, {"type": "Feature", "geometry": {"type": "Point", "coordinates": [5.75, 54.0]}, "properties": {"value": 10.472, "time": "2025-12-01T17:00:00", "date": "2025-12-01", "hour": 17}}, {"type": "Feature", "geometry": {"type": "Point", "coordinates": [6.0, 54.0]}, "properties": {"value": 10.25, "time": "2025-12-01T17:00:00", "date": "2025-12-01", "hour": 17}}, {"type": "Feature", "geometry": {"type": "Point", "coordinates": [6.25, 54.0]}, "properties": {"value": 9.99, "time": "2025-12-01T17:00:00", "date": "2025-12-01", "hour": 17}}, {"type": "Feature", "geometry": {"type": "Point", "coordinates": [6.5, 54.0]}, "properties": {"value": 9.624, "time": "2025-12-01T17:00:00", "date": "2025-12-01", "hour": 17}}, {"type": "Feature", "geometry": {"type": "Point", "coordinates": [6.75, 54.0]}, "properties": {"value": 9.527, "time": "2025-12-01T17:00:00", "date": "2025-12-01", "hour": 17}}, {"type": "Feature", "geometry": {"type": "Point", "coordinates": [7.0, 54.0]}, "properties": {"value": 9.269, "time": "2025-12-01T17:00:00", "date": "2025-12-01", "hour": 17}}, {"type": "Feature", "geometry": {"type": "Point", "coordinates": [7.25, 54.0]}, "properties": {"value": 8.917, "time": "2025-12-01T17:00:00", "date": "2025-12-01", "hour": 17}}, {"type": "Feature", "geometry": {"type": "Point", "coordinates": [7.5, 54.0]}, "properties": {"value": 9.058, "time": "2025-12-01T17:00:00", "date": "2025-12-01", "hour": 17}}, {"type": "Feature", "geometry": {"type": "Point", "coordinates": [7.75, 54.0]}, "properties": {"value": 9.069, "time": "2025-12-01T17:00:00", "date": "2025-12-01", "hour": 17}}, {"type": "Feature", "geometry": {"type": "Point", "coordinates": [8.0, 54.0]}, "properties": {"value": 8.935, "time": "2025-12-01T17:00:00", "date": "2025-12-01", "hour": 17}}, {"type": "Feature", "geometry": {"type": "Point", "coordinates": [8.25, 54.0]}, "properties": {"value": 8.35, "time": "2025-12-01T17:00:00", "date": "2025-12-01", "hour": 17}}, {"type": "Feature", "geometry": {"type": "Point", "coordinates": [8.5, 54.0]}, "properties": {"value": 6.885, "time": "2025-12-01T17:00:00", "date": "2025-12-01", "hour": 17}}, {"type": "Feature", "geometry": {"type": "Point", "coordinates": [11.25, 54.0]}, "properties": {"value": 6.933, "time": "2025-12-01T17:00:00", "date": "2025-12-01", "hour": 17}}, {"type": "Feature", "geometry": {"type": "Point", "coordinates": [14.0, 54.0]}, "properties": {"value": 5.097, "time": "2025-12-01T17:00:00", "date": "2025-12-01", "hour": 17}}, {"type": "Feature", "geometry": {"type": "Point", "coordinates": [14.25, 54.0]}, "properties": {"value": 5.69, "time": "2025-12-01T17:00:00", "date": "2025-12-01", "hour": 17}}, {"type": "Feature", "geometry": {"type": "Point", "coordinates": [14.5, 54.0]}, "properties": {"value": 5.4, "time": "2025-12-01T17:00:00", "date": "2025-12-01", "hour": 17}}, {"type": "Feature", "geometry": {"type": "Point", "coordinates": [14.75, 54.0]}, "properties": {"value": 5.837, "time": "2025-12-01T17:00:00", "date": "2025-12-01", "hour": 17}}, {"type": "Feature", "geometry": {"type": "Point", "coordinates": [5.0, 54.25]}, "properties": {"value": 11.138, "time": "2025-12-01T17:00:00", "date": "2025-12-01", "hour": 17}}, {"type": "Feature", "geometry": {"type": "Point", "coordinates": [5.25, 54.25]}, "properties": {"value": 11.073, "time": "2025-12-01T17:00:00", "date": "2025-12-01", "hour": 17}}, {"type": "Feature", "geometry": {"type": "Point", "coordinates": [5.5, 54.25]}, "properties": {"value": 11.028, "time": "2025-12-01T17:00:00", "date": "2025-12-01", "hour": 17}}, {"type": "Feature", "geometry": {"type": "Point", "coordinates": [5.75, 54.25]}, "properties": {"value": 10.833, "time": "2025-12-01T17:00:00", "date": "2025-12-01", "hour": 17}}, {"type": "Feature", "geometry": {"type": "Point", "coordinates": [6.0, 54.25]}, "properties": {"value": 10.724, "time": "2025-12-01T17:00:00", "date": "2025-12-01", "hour": 17}}, {"type": "Feature", "geometry": {"type": "Point", "coordinates": [6.25, 54.25]}, "properties": {"value": 10.514, "time": "2025-12-01T17:00:00", "date": "2025-12-01", "hour": 17}}, {"type": "Feature", "geometry": {"type": "Point", "coordinates": [6.5, 54.25]}, "properties": {"value": 10.357, "time": "2025-12-01T17:00:00", "date": "2025-12-01", "hour": 17}}, {"type": "Feature", "geometry": {"type": "Point", "coordinates": [6.75, 54.25]}, "properties": {"value": 10.216, "time": "2025-12-01T17:00:00", "date": "2025-12-01", "hour": 17}}, {"type": "Feature", "geometry": {"type": "Point", "coordinates": [7.0, 54.25]}, "properties": {"value": 9.99, "time": "2025-12-01T17:00:00", "date": "2025-12-01", "hour": 17}}, {"type": "Feature", "geometry": {"type": "Point", "coordinates": [7.25, 54.25]}, "properties": {"value": 9.88, "time": "2025-12-01T17:00:00", "date": "2025-12-01", "hour": 17}}, {"type": "Feature", "geometry": {"type": "Point", "coordinates": [7.5, 54.25]}, "properties": {"value": 9.945, "time": "2025-12-01T17:00:00", "date": "2025-12-01", "hour": 17}}, {"type": "Feature", "geometry": {"type": "Point", "coordinates": [7.75, 54.25]}, "properties": {"value": 9.603, "time": "2025-12-01T17:00:00", "date": "2025-12-01", "hour": 17}}, {"type": "Feature", "geometry": {"type": "Point", "coordinates": [8.0, 54.25]}, "properties": {"value": 9.35, "time": "2025-12-01T17:00:00", "date": "2025-12-01", "hour": 17}}, {"type": "Feature", "geometry": {"type": "Point", "coordinates": [8.25, 54.25]}, "properties": {"value": 7.977, "time": "2025-12-01T17:00:00", "date": "2025-12-01", "hour": 17}}, {"type": "Feature", "geometry": {"type": "Point", "coordinates": [8.5, 54.25]}, "properties": {"value": 6.56, "time": "2025-12-01T17:00:00", "date": "2025-12-01", "hour": 17}}, {"type": "Feature", "geometry": {"type": "Point", "coordinates": [10.75, 54.25]}, "properties": {"value": 7.086, "time": "2025-12-01T17:00:00", "date": "2025-12-01", "hour": 17}}, {"type": "Feature", "geometry": {"type": "Point", "coordinates": [11.25, 54.25]}, "properties": {"value": 7.105, "time": "2025-12-01T17:00:00", "date": "2025-12-01", "hour": 17}}, {"type": "Feature", "geometry": {"type": "Point", "coordinates": [11.75, 54.25]}, "properties": {"value": 7.016, "time": "2025-12-01T17:00:00", "date": "2025-12-01", "hour": 17}}, {"type": "Feature", "geometry": {"type": "Point", "coordinates": [12.25, 54.25]}, "properties": {"value": 6.849, "time": "2025-12-01T17:00:00", "date": "2025-12-01", "hour": 17}}, {"type": "Feature", "geometry": {"type": "Point", "coordinates": [13.75, 54.25]}, "properties": {"value": 5.402, "time": "2025-12-01T17:00:00", "date": "2025-12-01", "hour": 17}}, {"type": "Feature", "geometry": {"type": "Point", "coordinates": [14.0, 54.25]}, "properties": {"value": 5.783, "time": "2025-12-01T17:00:00", "date": "2025-12-01", "hour": 17}}, {"type": "Feature", "geometry": {"type": "Point", "coordinates": [14.25, 54.25]}, "properties": {"value": 6.141, "time": "2025-12-01T17:00:00", "date": "2025-12-01", "hour": 17}}, {"type": "Feature", "geometry": {"type": "Point", "coordinates": [14.5, 54.25]}, "properties": {"value": 6.004, "time": "2025-12-01T17:00:00", "date": "2025-12-01", "hour": 17}}, {"type": "Feature", "geometry": {"type": "Point", "coordinates": [14.75, 54.25]}, "properties": {"value": 6.275, "time": "2025-12-01T17:00:00", "date": "2025-12-01", "hour": 17}}, {"type": "Feature", "geometry": {"type": "Point", "coordinates": [15.0, 54.25]}, "properties": {"value": 6.996, "time": "2025-12-01T17:00:00", "date": "2025-12-01", "hour": 17}}, {"type": "Feature", "geometry": {"type": "Point", "coordinates": [5.0, 54.5]}, "properties": {"value": 11.234, "time": "2025-12-01T17:00:00", "date": "2025-12-01", "hour": 17}}, {"type": "Feature", "geometry": {"type": "Point", "coordinates": [5.25, 54.5]}, "properties": {"value": 11.227, "time": "2025-12-01T17:00:00", "date": "2025-12-01", "hour": 17}}, {"type": "Feature", "geometry": {"type": "Point", "coordinates": [5.5, 54.5]}, "properties": {"value": 11.182, "time": "2025-12-01T17:00:00", "date": "2025-12-01", "hour": 17}}, {"type": "Feature", "geometry": {"type": "Point", "coordinates": [5.75, 54.5]}, "properties": {"value": 11.111, "time": "2025-12-01T17:00:00", "date": "2025-12-01", "hour": 17}}, {"type": "Feature", "geometry": {"type": "Point", "coordinates": [6.0, 54.5]}, "properties": {"value": 10.996, "time": "2025-12-01T17:00:00", "date": "2025-12-01", "hour": 17}}, {"type": "Feature", "geometry": {"type": "Point", "coordinates": [6.25, 54.5]}, "properties": {"value": 10.846, "time": "2025-12-01T17:00:00", "date": "2025-12-01", "hour": 17}}, {"type": "Feature", "geometry": {"type": "Point", "coordinates": [6.5, 54.5]}, "properties": {"value": 10.674, "time": "2025-12-01T17:00:00", "date": "2025-12-01", "hour": 17}}, {"type": "Feature", "geometry": {"type": "Point", "coordinates": [6.75, 54.5]}, "properties": {"value": 10.476, "time": "2025-12-01T17:00:00", "date": "2025-12-01", "hour": 17}}, {"type": "Feature", "geometry": {"type": "Point", "coordinates": [7.0, 54.5]}, "properties": {"value": 10.35, "time": "2025-12-01T17:00:00", "date": "2025-12-01", "hour": 17}}, {"type": "Feature", "geometry": {"type": "Point", "coordinates": [7.25, 54.5]}, "properties": {"value": 10.159, "time": "2025-12-01T17:00:00", "date": "2025-12-01", "hour": 17}}, {"type": "Feature", "geometry": {"type": "Point", "coordinates": [7.5, 54.5]}, "properties": {"value": 10.163, "time": "2025-12-01T17:00:00", "date": "2025-12-01", "hour": 17}}, {"type": "Feature", "geometry": {"type": "Point", "coordinates": [7.75, 54.5]}, "properties": {"value": 9.648, "time": "2025-12-01T17:00:00", "date": "2025-12-01", "hour": 17}}, {"type": "Feature", "geometry": {"type": "Point", "coordinates": [8.0, 54.5]}, "properties": {"value": 8.637, "time": "2025-12-01T17:00:00", "date": "2025-12-01", "hour": 17}}, {"type": "Feature", "geometry": {"type": "Point", "coordinates": [8.25, 54.5]}, "properties": {"value": 7.143, "time": "2025-12-01T17:00:00", "date": "2025-12-01", "hour": 17}}, {"type": "Feature", "geometry": {"type": "Point", "coordinates": [8.5, 54.5]}, "properties": {"value": 5.947, "time": "2025-12-01T17:00:00", "date": "2025-12-01", "hour": 17}}, {"type": "Feature", "geometry": {"type": "Point", "coordinates": [10.5, 54.5]}, "properties": {"value": 7.425, "time": "2025-12-01T17:00:00", "date": "2025-12-01", "hour": 17}}, {"type": "Feature", "geometry": {"type": "Point", "coordinates": [10.75, 54.5]}, "properties": {"value": 7.25, "time": "2025-12-01T17:00:00", "date": "2025-12-01", "hour": 17}}, {"type": "Feature", "geometry": {"type": "Point", "coordinates": [11.0, 54.5]}, "properties": {"value": 6.818, "time": "2025-12-01T17:00:00", "date": "2025-12-01", "hour": 17}}, {"type": "Feature", "geometry": {"type": "Point", "coordinates": [11.25, 54.5]}, "properties": {"value": 6.904, "time": "2025-12-01T17:00:00", "date": "2025-12-01", "hour": 17}}, {"type": "Feature", "geometry": {"type": "Point", "coordinates": [11.5, 54.5]}, "properties": {"value": 6.78, "time": "2025-12-01T17:00:00", "date": "2025-12-01", "hour": 17}}, {"type": "Feature", "geometry": {"type": "Point", "coordinates": [11.75, 54.5]}, "properties": {"value": 7.055, "time": "2025-12-01T17:00:00", "date": "2025-12-01", "hour": 17}}, {"type": "Feature", "geometry": {"type": "Point", "coordinates": [12.0, 54.5]}, "properties": {"value": 7.145, "time": "2025-12-01T17:00:00", "date": "2025-12-01", "hour": 17}}, {"type": "Feature", "geometry": {"type": "Point", "coordinates": [12.25, 54.5]}, "properties": {"value": 7.114, "time": "2025-12-01T17:00:00", "date": "2025-12-01", "hour": 17}}, {"type": "Feature", "geometry": {"type": "Point", "coordinates": [13.0, 54.5]}, "properties": {"value": 7.342, "time": "2025-12-01T17:00:00", "date": "2025-12-01", "hour": 17}}, {"type": "Feature", "geometry": {"type": "Point", "coordinates": [13.25, 54.5]}, "properties": {"value": 6.737, "time": "2025-12-01T17:00:00", "date": "2025-12-01", "hour": 17}}, {"type": "Feature", "geometry": {"type": "Point", "coordinates": [13.5, 54.5]}, "properties": {"value": 6.579, "time": "2025-12-01T17:00:00", "date": "2025-12-01", "hour": 17}}, {"type": "Feature", "geometry": {"type": "Point", "coordinates": [13.75, 54.5]}, "properties": {"value": 6.536, "time": "2025-12-01T17:00:00", "date": "2025-12-01", "hour": 17}}, {"type": "Feature", "geometry": {"type": "Point", "coordinates": [14.0, 54.5]}, "properties": {"value": 6.82, "time": "2025-12-01T17:00:00", "date": "2025-12-01", "hour": 17}}, {"type": "Feature", "geometry": {"type": "Point", "coordinates": [14.25, 54.5]}, "properties": {"value": 6.796, "time": "2025-12-01T17:00:00", "date": "2025-12-01", "hour": 17}}, {"type": "Feature", "geometry": {"type": "Point", "coordinates": [14.5, 54.5]}, "properties": {"value": 6.964, "time": "2025-12-01T17:00:00", "date": "2025-12-01", "hour": 17}}, {"type": "Feature", "geometry": {"type": "Point", "coordinates": [14.75, 54.5]}, "properties": {"value": 7.362, "time": "2025-12-01T17:00:00", "date": "2025-12-01", "hour": 17}}, {"type": "Feature", "geometry": {"type": "Point", "coordinates": [15.0, 54.5]}, "properties": {"value": 8.121, "time": "2025-12-01T17:00:00", "date": "2025-12-01", "hour": 17}}, {"type": "Feature", "geometry": {"type": "Point", "coordinates": [5.0, 54.75]}, "properties": {"value": 11.377, "time": "2025-12-01T17:00:00", "date": "2025-12-01", "hour": 17}}, {"type": "Feature", "geometry": {"type": "Point", "coordinates": [5.25, 54.75]}, "properties": {"value": 11.37, "time": "2025-12-01T17:00:00", "date": "2025-12-01", "hour": 17}}, {"type": "Feature", "geometry": {"type": "Point", "coordinates": [5.5, 54.75]}, "properties": {"value": 11.325, "time": "2025-12-01T17:00:00", "date": "2025-12-01", "hour": 17}}, {"type": "Feature", "geometry": {"type": "Point", "coordinates": [5.75, 54.75]}, "properties": {"value": 11.295, "time": "2025-12-01T17:00:00", "date": "2025-12-01", "hour": 17}}, {"type": "Feature", "geometry": {"type": "Point", "coordinates": [6.0, 54.75]}, "properties": {"value": 11.17, "time": "2025-12-01T17:00:00", "date": "2025-12-01", "hour": 17}}, {"type": "Feature", "geometry": {"type": "Point", "coordinates": [6.25, 54.75]}, "properties": {"value": 11.021, "time": "2025-12-01T17:00:00", "date": "2025-12-01", "hour": 17}}, {"type": "Feature", "geometry": {"type": "Point", "coordinates": [6.5, 54.75]}, "properties": {"value": 10.874, "time": "2025-12-01T17:00:00", "date": "2025-12-01", "hour": 17}}, {"type": "Feature", "geometry": {"type": "Point", "coordinates": [6.75, 54.75]}, "properties": {"value": 10.739, "time": "2025-12-01T17:00:00", "date": "2025-12-01", "hour": 17}}, {"type": "Feature", "geometry": {"type": "Point", "coordinates": [7.0, 54.75]}, "properties": {"value": 10.652, "time": "2025-12-01T17:00:00", "date": "2025-12-01", "hour": 17}}, {"type": "Feature", "geometry": {"type": "Point", "coordinates": [7.25, 54.75]}, "properties": {"value": 10.445, "time": "2025-12-01T17:00:00", "date": "2025-12-01", "hour": 17}}, {"type": "Feature", "geometry": {"type": "Point", "coordinates": [7.5, 54.75]}, "properties": {"value": 10.14, "time": "2025-12-01T17:00:00", "date": "2025-12-01", "hour": 17}}, {"type": "Feature", "geometry": {"type": "Point", "coordinates": [7.75, 54.75]}, "properties": {"value": 9.109, "time": "2025-12-01T17:00:00", "date": "2025-12-01", "hour": 17}}, {"type": "Feature", "geometry": {"type": "Point", "coordinates": [8.0, 54.75]}, "properties": {"value": 8.069, "time": "2025-12-01T17:00:00", "date": "2025-12-01", "hour": 17}}, {"type": "Feature", "geometry": {"type": "Point", "coordinates": [8.25, 54.75]}, "properties": {"value": 6.601, "time": "2025-12-01T17:00:00", "date": "2025-12-01", "hour": 17}}, {"type": "Feature", "geometry": {"type": "Point", "coordinates": [8.5, 54.75]}, "properties": {"value": 5.543, "time": "2025-12-01T17:00:00", "date": "2025-12-01", "hour": 17}}, {"type": "Feature", "geometry": {"type": "Point", "coordinates": [10.25, 54.75]}, "properties": {"value": 7.504, "time": "2025-12-01T17:00:00", "date": "2025-12-01", "hour": 17}}, {"type": "Feature", "geometry": {"type": "Point", "coordinates": [10.5, 54.75]}, "properties": {"value": 7.41, "time": "2025-12-01T17:00:00", "date": "2025-12-01", "hour": 17}}, {"type": "Feature", "geometry": {"type": "Point", "coordinates": [10.75, 54.75]}, "properties": {"value": 7.238, "time": "2025-12-01T17:00:00", "date": "2025-12-01", "hour": 17}}, {"type": "Feature", "geometry": {"type": "Point", "coordinates": [11.0, 54.75]}, "properties": {"value": 6.764, "time": "2025-12-01T17:00:00", "date": "2025-12-01", "hour": 17}}, {"type": "Feature", "geometry": {"type": "Point", "coordinates": [11.25, 54.75]}, "properties": {"value": 6.362, "time": "2025-12-01T17:00:00", "date": "2025-12-01", "hour": 17}}, {"type": "Feature", "geometry": {"type": "Point", "coordinates": [11.5, 54.75]}, "properties": {"value": 6.158, "time": "2025-12-01T17:00:00", "date": "2025-12-01", "hour": 17}}, {"type": "Feature", "geometry": {"type": "Point", "coordinates": [12.0, 54.75]}, "properties": {"value": 6.814, "time": "2025-12-01T17:00:00", "date": "2025-12-01", "hour": 17}}, {"type": "Feature", "geometry": {"type": "Point", "coordinates": [12.25, 54.75]}, "properties": {"value": 7.346, "time": "2025-12-01T17:00:00", "date": "2025-12-01", "hour": 17}}, {"type": "Feature", "geometry": {"type": "Point", "coordinates": [12.5, 54.75]}, "properties": {"value": 7.81, "time": "2025-12-01T17:00:00", "date": "2025-12-01", "hour": 17}}, {"type": "Feature", "geometry": {"type": "Point", "coordinates": [12.75, 54.75]}, "properties": {"value": 7.889, "time": "2025-12-01T17:00:00", "date": "2025-12-01", "hour": 17}}, {"type": "Feature", "geometry": {"type": "Point", "coordinates": [13.0, 54.75]}, "properties": {"value": 7.566, "time": "2025-12-01T17:00:00", "date": "2025-12-01", "hour": 17}}, {"type": "Feature", "geometry": {"type": "Point", "coordinates": [13.25, 54.75]}, "properties": {"value": 7.671, "time": "2025-12-01T17:00:00", "date": "2025-12-01", "hour": 17}}, {"type": "Feature", "geometry": {"type": "Point", "coordinates": [13.5, 54.75]}, "properties": {"value": 7.972, "time": "2025-12-01T17:00:00", "date": "2025-12-01", "hour": 17}}, {"type": "Feature", "geometry": {"type": "Point", "coordinates": [13.75, 54.75]}, "properties": {"value": 7.929, "time": "2025-12-01T17:00:00", "date": "2025-12-01", "hour": 17}}, {"type": "Feature", "geometry": {"type": "Point", "coordinates": [14.0, 54.75]}, "properties": {"value": 7.74, "time": "2025-12-01T17:00:00", "date": "2025-12-01", "hour": 17}}, {"type": "Feature", "geometry": {"type": "Point", "coordinates": [14.25, 54.75]}, "properties": {"value": 7.718, "time": "2025-12-01T17:00:00", "date": "2025-12-01", "hour": 17}}, {"type": "Feature", "geometry": {"type": "Point", "coordinates": [14.5, 54.75]}, "properties": {"value": 8.043, "time": "2025-12-01T17:00:00", "date": "2025-12-01", "hour": 17}}, {"type": "Feature", "geometry": {"type": "Point", "coordinates": [14.75, 54.75]}, "properties": {"value": 8.412, "time": "2025-12-01T17:00:00", "date": "2025-12-01", "hour": 17}}, {"type": "Feature", "geometry": {"type": "Point", "coordinates": [15.0, 54.75]}, "properties": {"value": 8.611, "time": "2025-12-01T17:00:00", "date": "2025-12-01", "hour": 17}}, {"type": "Feature", "geometry": {"type": "Point", "coordinates": [5.0, 55.0]}, "properties": {"value": 11.326, "time": "2025-12-01T17:00:00", "date": "2025-12-01", "hour": 17}}, {"type": "Feature", "geometry": {"type": "Point", "coordinates": [5.25, 55.0]}, "properties": {"value": 11.343, "time": "2025-12-01T17:00:00", "date": "2025-12-01", "hour": 17}}, {"type": "Feature", "geometry": {"type": "Point", "coordinates": [5.5, 55.0]}, "properties": {"value": 11.327, "time": "2025-12-01T17:00:00", "date": "2025-12-01", "hour": 17}}, {"type": "Feature", "geometry": {"type": "Point", "coordinates": [5.75, 55.0]}, "properties": {"value": 11.297, "time": "2025-12-01T17:00:00", "date": "2025-12-01", "hour": 17}}, {"type": "Feature", "geometry": {"type": "Point", "coordinates": [6.0, 55.0]}, "properties": {"value": 11.252, "time": "2025-12-01T17:00:00", "date": "2025-12-01", "hour": 17}}, {"type": "Feature", "geometry": {"type": "Point", "coordinates": [6.25, 55.0]}, "properties": {"value": 11.197, "time": "2025-12-01T17:00:00", "date": "2025-12-01", "hour": 17}}, {"type": "Feature", "geometry": {"type": "Point", "coordinates": [6.5, 55.0]}, "properties": {"value": 11.076, "time": "2025-12-01T17:00:00", "date": "2025-12-01", "hour": 17}}, {"type": "Feature", "geometry": {"type": "Point", "coordinates": [6.75, 55.0]}, "properties": {"value": 10.934, "time": "2025-12-01T17:00:00", "date": "2025-12-01", "hour": 17}}, {"type": "Feature", "geometry": {"type": "Point", "coordinates": [7.0, 55.0]}, "properties": {"value": 10.756, "time": "2025-12-01T17:00:00", "date": "2025-12-01", "hour": 17}}, {"type": "Feature", "geometry": {"type": "Point", "coordinates": [7.25, 55.0]}, "properties": {"value": 10.379, "time": "2025-12-01T17:00:00", "date": "2025-12-01", "hour": 17}}, {"type": "Feature", "geometry": {"type": "Point", "coordinates": [7.5, 55.0]}, "properties": {"value": 10.018, "time": "2025-12-01T17:00:00", "date": "2025-12-01", "hour": 17}}, {"type": "Feature", "geometry": {"type": "Point", "coordinates": [7.75, 55.0]}, "properties": {"value": 8.956, "time": "2025-12-01T17:00:00", "date": "2025-12-01", "hour": 17}}, {"type": "Feature", "geometry": {"type": "Point", "coordinates": [8.0, 55.0]}, "properties": {"value": 7.974, "time": "2025-12-01T17:00:00", "date": "2025-12-01", "hour": 17}}, {"type": "Feature", "geometry": {"type": "Point", "coordinates": [8.25, 55.0]}, "properties": {"value": 6.612, "time": "2025-12-01T17:00:00", "date": "2025-12-01", "hour": 17}}, {"type": "Feature", "geometry": {"type": "Point", "coordinates": [8.5, 55.0]}, "properties": {"value": 5.574, "time": "2025-12-01T17:00:00", "date": "2025-12-01", "hour": 17}}, {"type": "Feature", "geometry": {"type": "Point", "coordinates": [10.25, 55.0]}, "properties": {"value": 6.633, "time": "2025-12-01T17:00:00", "date": "2025-12-01", "hour": 17}}, {"type": "Feature", "geometry": {"type": "Point", "coordinates": [10.5, 55.0]}, "properties": {"value": 6.71, "time": "2025-12-01T17:00:00", "date": "2025-12-01", "hour": 17}}, {"type": "Feature", "geometry": {"type": "Point", "coordinates": [10.75, 55.0]}, "properties": {"value": 6.785, "time": "2025-12-01T17:00:00", "date": "2025-12-01", "hour": 17}}, {"type": "Feature", "geometry": {"type": "Point", "coordinates": [11.0, 55.0]}, "properties": {"value": 6.573, "time": "2025-12-01T17:00:00", "date": "2025-12-01", "hour": 17}}, {"type": "Feature", "geometry": {"type": "Point", "coordinates": [11.25, 55.0]}, "properties": {"value": 6.254, "time": "2025-12-01T17:00:00", "date": "2025-12-01", "hour": 17}}, {"type": "Feature", "geometry": {"type": "Point", "coordinates": [11.5, 55.0]}, "properties": {"value": 6.016, "time": "2025-12-01T17:00:00", "date": "2025-12-01", "hour": 17}}, {"type": "Feature", "geometry": {"type": "Point", "coordinates": [11.75, 55.0]}, "properties": {"value": 5.739, "time": "2025-12-01T17:00:00", "date": "2025-12-01", "hour": 17}}, {"type": "Feature", "geometry": {"type": "Point", "coordinates": [12.0, 55.0]}, "properties": {"value": 6.229, "time": "2025-12-01T17:00:00", "date": "2025-12-01", "hour": 17}}, {"type": "Feature", "geometry": {"type": "Point", "coordinates": [12.25, 55.0]}, "properties": {"value": 6.941, "time": "2025-12-01T17:00:00", "date": "2025-12-01", "hour": 17}}, {"type": "Feature", "geometry": {"type": "Point", "coordinates": [12.5, 55.0]}, "properties": {"value": 7.794, "time": "2025-12-01T17:00:00", "date": "2025-12-01", "hour": 17}}, {"type": "Feature", "geometry": {"type": "Point", "coordinates": [12.75, 55.0]}, "properties": {"value": 8.024, "time": "2025-12-01T17:00:00", "date": "2025-12-01", "hour": 17}}, {"type": "Feature", "geometry": {"type": "Point", "coordinates": [13.0, 55.0]}, "properties": {"value": 8.186, "time": "2025-12-01T17:00:00", "date": "2025-12-01", "hour": 17}}, {"type": "Feature", "geometry": {"type": "Point", "coordinates": [13.25, 55.0]}, "properties": {"value": 8.29, "time": "2025-12-01T17:00:00", "date": "2025-12-01", "hour": 17}}, {"type": "Feature", "geometry": {"type": "Point", "coordinates": [13.5, 55.0]}, "properties": {"value": 8.34, "time": "2025-12-01T17:00:00", "date": "2025-12-01", "hour": 17}}, {"type": "Feature", "geometry": {"type": "Point", "coordinates": [13.75, 55.0]}, "properties": {"value": 8.402, "time": "2025-12-01T17:00:00", "date": "2025-12-01", "hour": 17}}, {"type": "Feature", "geometry": {"type": "Point", "coordinates": [14.0, 55.0]}, "properties": {"value": 8.359, "time": "2025-12-01T17:00:00", "date": "2025-12-01", "hour": 17}}, {"type": "Feature", "geometry": {"type": "Point", "coordinates": [14.25, 55.0]}, "properties": {"value": 8.27, "time": "2025-12-01T17:00:00", "date": "2025-12-01", "hour": 17}}, {"type": "Feature", "geometry": {"type": "Point", "coordinates": [14.5, 55.0]}, "properties": {"value": 8.167, "time": "2025-12-01T17:00:00", "date": "2025-12-01", "hour": 17}}, {"type": "Feature", "geometry": {"type": "Point", "coordinates": [14.75, 55.0]}, "properties": {"value": 8.191, "time": "2025-12-01T17:00:00", "date": "2025-12-01", "hour": 17}}, {"type": "Feature", "geometry": {"type": "Point", "coordinates": [15.0, 55.0]}, "properties": {"value": 8.269, "time": "2025-12-01T17:00:00", "date": "2025-12-01", "hour": 17}}, {"type": "Feature", "geometry": {"type": "Point", "coordinates": [5.25, 52.75]}, "properties": {"value": 5.87, "time": "2025-12-01T18:00:00", "date": "2025-12-01", "hour": 18}}, {"type": "Feature", "geometry": {"type": "Point", "coordinates": [5.5, 52.75]}, "properties": {"value": 5.874, "time": "2025-12-01T18:00:00", "date": "2025-12-01", "hour": 18}}, {"type": "Feature", "geometry": {"type": "Point", "coordinates": [5.0, 53.0]}, "properties": {"value": 7.136, "time": "2025-12-01T18:00:00", "date": "2025-12-01", "hour": 18}}, {"type": "Feature", "geometry": {"type": "Point", "coordinates": [5.25, 53.0]}, "properties": {"value": 6.372, "time": "2025-12-01T18:00:00", "date": "2025-12-01", "hour": 18}}, {"type": "Feature", "geometry": {"type": "Point", "coordinates": [5.5, 53.0]}, "properties": {"value": 5.806, "time": "2025-12-01T18:00:00", "date": "2025-12-01", "hour": 18}}, {"type": "Feature", "geometry": {"type": "Point", "coordinates": [5.0, 53.25]}, "properties": {"value": 8.133, "time": "2025-12-01T18:00:00", "date": "2025-12-01", "hour": 18}}, {"type": "Feature", "geometry": {"type": "Point", "coordinates": [5.25, 53.25]}, "properties": {"value": 7.078, "time": "2025-12-01T18:00:00", "date": "2025-12-01", "hour": 18}}, {"type": "Feature", "geometry": {"type": "Point", "coordinates": [5.5, 53.25]}, "properties": {"value": 6.443, "time": "2025-12-01T18:00:00", "date": "2025-12-01", "hour": 18}}, {"type": "Feature", "geometry": {"type": "Point", "coordinates": [5.0, 53.5]}, "properties": {"value": 9.858, "time": "2025-12-01T18:00:00", "date": "2025-12-01", "hour": 18}}, {"type": "Feature", "geometry": {"type": "Point", "coordinates": [5.25, 53.5]}, "properties": {"value": 9.263, "time": "2025-12-01T18:00:00", "date": "2025-12-01", "hour": 18}}, {"type": "Feature", "geometry": {"type": "Point", "coordinates": [5.5, 53.5]}, "properties": {"value": 9.037, "time": "2025-12-01T18:00:00", "date": "2025-12-01", "hour": 18}}, {"type": "Feature", "geometry": {"type": "Point", "coordinates": [5.75, 53.5]}, "properties": {"value": 8.363, "time": "2025-12-01T18:00:00", "date": "2025-12-01", "hour": 18}}, {"type": "Feature", "geometry": {"type": "Point", "coordinates": [6.0, 53.5]}, "properties": {"value": 7.583, "time": "2025-12-01T18:00:00", "date": "2025-12-01", "hour": 18}}, {"type": "Feature", "geometry": {"type": "Point", "coordinates": [6.25, 53.5]}, "properties": {"value": 6.762, "time": "2025-12-01T18:00:00", "date": "2025-12-01", "hour": 18}}, {"type": "Feature", "geometry": {"type": "Point", "coordinates": [6.5, 53.5]}, "properties": {"value": 6.362, "time": "2025-12-01T18:00:00", "date": "2025-12-01", "hour": 18}}, {"type": "Feature", "geometry": {"type": "Point", "coordinates": [6.75, 53.5]}, "properties": {"value": 5.656, "time": "2025-12-01T18:00:00", "date": "2025-12-01", "hour": 18}}, {"type": "Feature", "geometry": {"type": "Point", "coordinates": [5.0, 53.75]}, "properties": {"value": 10.558, "time": "2025-12-01T18:00:00", "date": "2025-12-01", "hour": 18}}, {"type": "Feature", "geometry": {"type": "Point", "coordinates": [5.25, 53.75]}, "properties": {"value": 10.271, "time": "2025-12-01T18:00:00", "date": "2025-12-01", "hour": 18}}, {"type": "Feature", "geometry": {"type": "Point", "coordinates": [5.5, 53.75]}, "properties": {"value": 10.048, "time": "2025-12-01T18:00:00", "date": "2025-12-01", "hour": 18}}, {"type": "Feature", "geometry": {"type": "Point", "coordinates": [5.75, 53.75]}, "properties": {"value": 9.769, "time": "2025-12-01T18:00:00", "date": "2025-12-01", "hour": 18}}, {"type": "Feature", "geometry": {"type": "Point", "coordinates": [6.0, 53.75]}, "properties": {"value": 9.163, "time": "2025-12-01T18:00:00", "date": "2025-12-01", "hour": 18}}, {"type": "Feature", "geometry": {"type": "Point", "coordinates": [6.25, 53.75]}, "properties": {"value": 8.853, "time": "2025-12-01T18:00:00", "date": "2025-12-01", "hour": 18}}, {"type": "Feature", "geometry": {"type": "Point", "coordinates": [6.5, 53.75]}, "properties": {"value": 8.424, "time": "2025-12-01T18:00:00", "date": "2025-12-01", "hour": 18}}, {"type": "Feature", "geometry": {"type": "Point", "coordinates": [6.75, 53.75]}, "properties": {"value": 7.902, "time": "2025-12-01T18:00:00", "date": "2025-12-01", "hour": 18}}, {"type": "Feature", "geometry": {"type": "Point", "coordinates": [7.0, 53.75]}, "properties": {"value": 8.203, "time": "2025-12-01T18:00:00", "date": "2025-12-01", "hour": 18}}, {"type": "Feature", "geometry": {"type": "Point", "coordinates": [7.25, 53.75]}, "properties": {"value": 7.675, "time": "2025-12-01T18:00:00", "date": "2025-12-01", "hour": 18}}, {"type": "Feature", "geometry": {"type": "Point", "coordinates": [7.5, 53.75]}, "properties": {"value": 7.903, "time": "2025-12-01T18:00:00", "date": "2025-12-01", "hour": 18}}, {"type": "Feature", "geometry": {"type": "Point", "coordinates": [7.75, 53.75]}, "properties": {"value": 7.942, "time": "2025-12-01T18:00:00", "date": "2025-12-01", "hour": 18}}, {"type": "Feature", "geometry": {"type": "Point", "coordinates": [8.0, 53.75]}, "properties": {"value": 7.827, "time": "2025-12-01T18:00:00", "date": "2025-12-01", "hour": 18}}, {"type": "Feature", "geometry": {"type": "Point", "coordinates": [8.25, 53.75]}, "properties": {"value": 7.053, "time": "2025-12-01T18:00:00", "date": "2025-12-01", "hour": 18}}, {"type": "Feature", "geometry": {"type": "Point", "coordinates": [8.5, 53.75]}, "properties": {"value": 6.125, "time": "2025-12-01T18:00:00", "date": "2025-12-01", "hour": 18}}, {"type": "Feature", "geometry": {"type": "Point", "coordinates": [8.75, 53.75]}, "properties": {"value": 6.125, "time": "2025-12-01T18:00:00", "date": "2025-12-01", "hour": 18}}, {"type": "Feature", "geometry": {"type": "Point", "coordinates": [14.25, 53.75]}, "properties": {"value": 3.644, "time": "2025-12-01T18:00:00", "date": "2025-12-01", "hour": 18}}, {"type": "Feature", "geometry": {"type": "Point", "coordinates": [14.5, 53.75]}, "properties": {"value": 3.644, "time": "2025-12-01T18:00:00", "date": "2025-12-01", "hour": 18}}, {"type": "Feature", "geometry": {"type": "Point", "coordinates": [5.0, 54.0]}, "properties": {"value": 10.988, "time": "2025-12-01T18:00:00", "date": "2025-12-01", "hour": 18}}, {"type": "Feature", "geometry": {"type": "Point", "coordinates": [5.25, 54.0]}, "properties": {"value": 10.926, "time": "2025-12-01T18:00:00", "date": "2025-12-01", "hour": 18}}, {"type": "Feature", "geometry": {"type": "Point", "coordinates": [5.5, 54.0]}, "properties": {"value": 10.704, "time": "2025-12-01T18:00:00", "date": "2025-12-01", "hour": 18}}, {"type": "Feature", "geometry": {"type": "Point", "coordinates": [5.75, 54.0]}, "properties": {"value": 10.472, "time": "2025-12-01T18:00:00", "date": "2025-12-01", "hour": 18}}, {"type": "Feature", "geometry": {"type": "Point", "coordinates": [6.0, 54.0]}, "properties": {"value": 10.25, "time": "2025-12-01T18:00:00", "date": "2025-12-01", "hour": 18}}, {"type": "Feature", "geometry": {"type": "Point", "coordinates": [6.25, 54.0]}, "properties": {"value": 9.99, "time": "2025-12-01T18:00:00", "date": "2025-12-01", "hour": 18}}, {"type": "Feature", "geometry": {"type": "Point", "coordinates": [6.5, 54.0]}, "properties": {"value": 9.624, "time": "2025-12-01T18:00:00", "date": "2025-12-01", "hour": 18}}, {"type": "Feature", "geometry": {"type": "Point", "coordinates": [6.75, 54.0]}, "properties": {"value": 9.527, "time": "2025-12-01T18:00:00", "date": "2025-12-01", "hour": 18}}, {"type": "Feature", "geometry": {"type": "Point", "coordinates": [7.0, 54.0]}, "properties": {"value": 9.269, "time": "2025-12-01T18:00:00", "date": "2025-12-01", "hour": 18}}, {"type": "Feature", "geometry": {"type": "Point", "coordinates": [7.25, 54.0]}, "properties": {"value": 8.917, "time": "2025-12-01T18:00:00", "date": "2025-12-01", "hour": 18}}, {"type": "Feature", "geometry": {"type": "Point", "coordinates": [7.5, 54.0]}, "properties": {"value": 9.058, "time": "2025-12-01T18:00:00", "date": "2025-12-01", "hour": 18}}, {"type": "Feature", "geometry": {"type": "Point", "coordinates": [7.75, 54.0]}, "properties": {"value": 9.069, "time": "2025-12-01T18:00:00", "date": "2025-12-01", "hour": 18}}, {"type": "Feature", "geometry": {"type": "Point", "coordinates": [8.0, 54.0]}, "properties": {"value": 8.935, "time": "2025-12-01T18:00:00", "date": "2025-12-01", "hour": 18}}, {"type": "Feature", "geometry": {"type": "Point", "coordinates": [8.25, 54.0]}, "properties": {"value": 8.35, "time": "2025-12-01T18:00:00", "date": "2025-12-01", "hour": 18}}, {"type": "Feature", "geometry": {"type": "Point", "coordinates": [8.5, 54.0]}, "properties": {"value": 6.885, "time": "2025-12-01T18:00:00", "date": "2025-12-01", "hour": 18}}, {"type": "Feature", "geometry": {"type": "Point", "coordinates": [11.25, 54.0]}, "properties": {"value": 6.933, "time": "2025-12-01T18:00:00", "date": "2025-12-01", "hour": 18}}, {"type": "Feature", "geometry": {"type": "Point", "coordinates": [14.0, 54.0]}, "properties": {"value": 5.097, "time": "2025-12-01T18:00:00", "date": "2025-12-01", "hour": 18}}, {"type": "Feature", "geometry": {"type": "Point", "coordinates": [14.25, 54.0]}, "properties": {"value": 5.69, "time": "2025-12-01T18:00:00", "date": "2025-12-01", "hour": 18}}, {"type": "Feature", "geometry": {"type": "Point", "coordinates": [14.5, 54.0]}, "properties": {"value": 5.4, "time": "2025-12-01T18:00:00", "date": "2025-12-01", "hour": 18}}, {"type": "Feature", "geometry": {"type": "Point", "coordinates": [14.75, 54.0]}, "properties": {"value": 5.837, "time": "2025-12-01T18:00:00", "date": "2025-12-01", "hour": 18}}, {"type": "Feature", "geometry": {"type": "Point", "coordinates": [5.0, 54.25]}, "properties": {"value": 11.138, "time": "2025-12-01T18:00:00", "date": "2025-12-01", "hour": 18}}, {"type": "Feature", "geometry": {"type": "Point", "coordinates": [5.25, 54.25]}, "properties": {"value": 11.073, "time": "2025-12-01T18:00:00", "date": "2025-12-01", "hour": 18}}, {"type": "Feature", "geometry": {"type": "Point", "coordinates": [5.5, 54.25]}, "properties": {"value": 11.028, "time": "2025-12-01T18:00:00", "date": "2025-12-01", "hour": 18}}, {"type": "Feature", "geometry": {"type": "Point", "coordinates": [5.75, 54.25]}, "properties": {"value": 10.833, "time": "2025-12-01T18:00:00", "date": "2025-12-01", "hour": 18}}, {"type": "Feature", "geometry": {"type": "Point", "coordinates": [6.0, 54.25]}, "properties": {"value": 10.724, "time": "2025-12-01T18:00:00", "date": "2025-12-01", "hour": 18}}, {"type": "Feature", "geometry": {"type": "Point", "coordinates": [6.25, 54.25]}, "properties": {"value": 10.514, "time": "2025-12-01T18:00:00", "date": "2025-12-01", "hour": 18}}, {"type": "Feature", "geometry": {"type": "Point", "coordinates": [6.5, 54.25]}, "properties": {"value": 10.357, "time": "2025-12-01T18:00:00", "date": "2025-12-01", "hour": 18}}, {"type": "Feature", "geometry": {"type": "Point", "coordinates": [6.75, 54.25]}, "properties": {"value": 10.216, "time": "2025-12-01T18:00:00", "date": "2025-12-01", "hour": 18}}, {"type": "Feature", "geometry": {"type": "Point", "coordinates": [7.0, 54.25]}, "properties": {"value": 9.99, "time": "2025-12-01T18:00:00", "date": "2025-12-01", "hour": 18}}, {"type": "Feature", "geometry": {"type": "Point", "coordinates": [7.25, 54.25]}, "properties": {"value": 9.88, "time": "2025-12-01T18:00:00", "date": "2025-12-01", "hour": 18}}, {"type": "Feature", "geometry": {"type": "Point", "coordinates": [7.5, 54.25]}, "properties": {"value": 9.945, "time": "2025-12-01T18:00:00", "date": "2025-12-01", "hour": 18}}, {"type": "Feature", "geometry": {"type": "Point", "coordinates": [7.75, 54.25]}, "properties": {"value": 9.603, "time": "2025-12-01T18:00:00", "date": "2025-12-01", "hour": 18}}, {"type": "Feature", "geometry": {"type": "Point", "coordinates": [8.0, 54.25]}, "properties": {"value": 9.35, "time": "2025-12-01T18:00:00", "date": "2025-12-01", "hour": 18}}, {"type": "Feature", "geometry": {"type": "Point", "coordinates": [8.25, 54.25]}, "properties": {"value": 7.977, "time": "2025-12-01T18:00:00", "date": "2025-12-01", "hour": 18}}, {"type": "Feature", "geometry": {"type": "Point", "coordinates": [8.5, 54.25]}, "properties": {"value": 6.56, "time": "2025-12-01T18:00:00", "date": "2025-12-01", "hour": 18}}, {"type": "Feature", "geometry": {"type": "Point", "coordinates": [10.75, 54.25]}, "properties": {"value": 7.086, "time": "2025-12-01T18:00:00", "date": "2025-12-01", "hour": 18}}, {"type": "Feature", "geometry": {"type": "Point", "coordinates": [11.25, 54.25]}, "properties": {"value": 7.105, "time": "2025-12-01T18:00:00", "date": "2025-12-01", "hour": 18}}, {"type": "Feature", "geometry": {"type": "Point", "coordinates": [11.75, 54.25]}, "properties": {"value": 7.016, "time": "2025-12-01T18:00:00", "date": "2025-12-01", "hour": 18}}, {"type": "Feature", "geometry": {"type": "Point", "coordinates": [12.25, 54.25]}, "properties": {"value": 6.849, "time": "2025-12-01T18:00:00", "date": "2025-12-01", "hour": 18}}, {"type": "Feature", "geometry": {"type": "Point", "coordinates": [13.75, 54.25]}, "properties": {"value": 5.402, "time": "2025-12-01T18:00:00", "date": "2025-12-01", "hour": 18}}, {"type": "Feature", "geometry": {"type": "Point", "coordinates": [14.0, 54.25]}, "properties": {"value": 5.783, "time": "2025-12-01T18:00:00", "date": "2025-12-01", "hour": 18}}, {"type": "Feature", "geometry": {"type": "Point", "coordinates": [14.25, 54.25]}, "properties": {"value": 6.141, "time": "2025-12-01T18:00:00", "date": "2025-12-01", "hour": 18}}, {"type": "Feature", "geometry": {"type": "Point", "coordinates": [14.5, 54.25]}, "properties": {"value": 6.004, "time": "2025-12-01T18:00:00", "date": "2025-12-01", "hour": 18}}, {"type": "Feature", "geometry": {"type": "Point", "coordinates": [14.75, 54.25]}, "properties": {"value": 6.275, "time": "2025-12-01T18:00:00", "date": "2025-12-01", "hour": 18}}, {"type": "Feature", "geometry": {"type": "Point", "coordinates": [15.0, 54.25]}, "properties": {"value": 6.996, "time": "2025-12-01T18:00:00", "date": "2025-12-01", "hour": 18}}, {"type": "Feature", "geometry": {"type": "Point", "coordinates": [5.0, 54.5]}, "properties": {"value": 11.234, "time": "2025-12-01T18:00:00", "date": "2025-12-01", "hour": 18}}, {"type": "Feature", "geometry": {"type": "Point", "coordinates": [5.25, 54.5]}, "properties": {"value": 11.227, "time": "2025-12-01T18:00:00", "date": "2025-12-01", "hour": 18}}, {"type": "Feature", "geometry": {"type": "Point", "coordinates": [5.5, 54.5]}, "properties": {"value": 11.182, "time": "2025-12-01T18:00:00", "date": "2025-12-01", "hour": 18}}, {"type": "Feature", "geometry": {"type": "Point", "coordinates": [5.75, 54.5]}, "properties": {"value": 11.111, "time": "2025-12-01T18:00:00", "date": "2025-12-01", "hour": 18}}, {"type": "Feature", "geometry": {"type": "Point", "coordinates": [6.0, 54.5]}, "properties": {"value": 10.996, "time": "2025-12-01T18:00:00", "date": "2025-12-01", "hour": 18}}, {"type": "Feature", "geometry": {"type": "Point", "coordinates": [6.25, 54.5]}, "properties": {"value": 10.846, "time": "2025-12-01T18:00:00", "date": "2025-12-01", "hour": 18}}, {"type": "Feature", "geometry": {"type": "Point", "coordinates": [6.5, 54.5]}, "properties": {"value": 10.674, "time": "2025-12-01T18:00:00", "date": "2025-12-01", "hour": 18}}, {"type": "Feature", "geometry": {"type": "Point", "coordinates": [6.75, 54.5]}, "properties": {"value": 10.476, "time": "2025-12-01T18:00:00", "date": "2025-12-01", "hour": 18}}, {"type": "Feature", "geometry": {"type": "Point", "coordinates": [7.0, 54.5]}, "properties": {"value": 10.35, "time": "2025-12-01T18:00:00", "date": "2025-12-01", "hour": 18}}, {"type": "Feature", "geometry": {"type": "Point", "coordinates": [7.25, 54.5]}, "properties": {"value": 10.159, "time": "2025-12-01T18:00:00", "date": "2025-12-01", "hour": 18}}, {"type": "Feature", "geometry": {"type": "Point", "coordinates": [7.5, 54.5]}, "properties": {"value": 10.163, "time": "2025-12-01T18:00:00", "date": "2025-12-01", "hour": 18}}, {"type": "Feature", "geometry": {"type": "Point", "coordinates": [7.75, 54.5]}, "properties": {"value": 9.648, "time": "2025-12-01T18:00:00", "date": "2025-12-01", "hour": 18}}, {"type": "Feature", "geometry": {"type": "Point", "coordinates": [8.0, 54.5]}, "properties": {"value": 8.637, "time": "2025-12-01T18:00:00", "date": "2025-12-01", "hour": 18}}, {"type": "Feature", "geometry": {"type": "Point", "coordinates": [8.25, 54.5]}, "properties": {"value": 7.143, "time": "2025-12-01T18:00:00", "date": "2025-12-01", "hour": 18}}, {"type": "Feature", "geometry": {"type": "Point", "coordinates": [8.5, 54.5]}, "properties": {"value": 5.947, "time": "2025-12-01T18:00:00", "date": "2025-12-01", "hour": 18}}, {"type": "Feature", "geometry": {"type": "Point", "coordinates": [10.5, 54.5]}, "properties": {"value": 7.425, "time": "2025-12-01T18:00:00", "date": "2025-12-01", "hour": 18}}, {"type": "Feature", "geometry": {"type": "Point", "coordinates": [10.75, 54.5]}, "properties": {"value": 7.25, "time": "2025-12-01T18:00:00", "date": "2025-12-01", "hour": 18}}, {"type": "Feature", "geometry": {"type": "Point", "coordinates": [11.0, 54.5]}, "properties": {"value": 6.818, "time": "2025-12-01T18:00:00", "date": "2025-12-01", "hour": 18}}, {"type": "Feature", "geometry": {"type": "Point", "coordinates": [11.25, 54.5]}, "properties": {"value": 6.904, "time": "2025-12-01T18:00:00", "date": "2025-12-01", "hour": 18}}, {"type": "Feature", "geometry": {"type": "Point", "coordinates": [11.5, 54.5]}, "properties": {"value": 6.78, "time": "2025-12-01T18:00:00", "date": "2025-12-01", "hour": 18}}, {"type": "Feature", "geometry": {"type": "Point", "coordinates": [11.75, 54.5]}, "properties": {"value": 7.055, "time": "2025-12-01T18:00:00", "date": "2025-12-01", "hour": 18}}, {"type": "Feature", "geometry": {"type": "Point", "coordinates": [12.0, 54.5]}, "properties": {"value": 7.145, "time": "2025-12-01T18:00:00", "date": "2025-12-01", "hour": 18}}, {"type": "Feature", "geometry": {"type": "Point", "coordinates": [12.25, 54.5]}, "properties": {"value": 7.114, "time": "2025-12-01T18:00:00", "date": "2025-12-01", "hour": 18}}, {"type": "Feature", "geometry": {"type": "Point", "coordinates": [13.0, 54.5]}, "properties": {"value": 7.342, "time": "2025-12-01T18:00:00", "date": "2025-12-01", "hour": 18}}, {"type": "Feature", "geometry": {"type": "Point", "coordinates": [13.25, 54.5]}, "properties": {"value": 6.737, "time": "2025-12-01T18:00:00", "date": "2025-12-01", "hour": 18}}, {"type": "Feature", "geometry": {"type": "Point", "coordinates": [13.5, 54.5]}, "properties": {"value": 6.579, "time": "2025-12-01T18:00:00", "date": "2025-12-01", "hour": 18}}, {"type": "Feature", "geometry": {"type": "Point", "coordinates": [13.75, 54.5]}, "properties": {"value": 6.536, "time": "2025-12-01T18:00:00", "date": "2025-12-01", "hour": 18}}, {"type": "Feature", "geometry": {"type": "Point", "coordinates": [14.0, 54.5]}, "properties": {"value": 6.82, "time": "2025-12-01T18:00:00", "date": "2025-12-01", "hour": 18}}, {"type": "Feature", "geometry": {"type": "Point", "coordinates": [14.25, 54.5]}, "properties": {"value": 6.796, "time": "2025-12-01T18:00:00", "date": "2025-12-01", "hour": 18}}, {"type": "Feature", "geometry": {"type": "Point", "coordinates": [14.5, 54.5]}, "properties": {"value": 6.964, "time": "2025-12-01T18:00:00", "date": "2025-12-01", "hour": 18}}, {"type": "Feature", "geometry": {"type": "Point", "coordinates": [14.75, 54.5]}, "properties": {"value": 7.362, "time": "2025-12-01T18:00:00", "date": "2025-12-01", "hour": 18}}, {"type": "Feature", "geometry": {"type": "Point", "coordinates": [15.0, 54.5]}, "properties": {"value": 8.121, "time": "2025-12-01T18:00:00", "date": "2025-12-01", "hour": 18}}, {"type": "Feature", "geometry": {"type": "Point", "coordinates": [5.0, 54.75]}, "properties": {"value": 11.377, "time": "2025-12-01T18:00:00", "date": "2025-12-01", "hour": 18}}, {"type": "Feature", "geometry": {"type": "Point", "coordinates": [5.25, 54.75]}, "properties": {"value": 11.37, "time": "2025-12-01T18:00:00", "date": "2025-12-01", "hour": 18}}, {"type": "Feature", "geometry": {"type": "Point", "coordinates": [5.5, 54.75]}, "properties": {"value": 11.325, "time": "2025-12-01T18:00:00", "date": "2025-12-01", "hour": 18}}, {"type": "Feature", "geometry": {"type": "Point", "coordinates": [5.75, 54.75]}, "properties": {"value": 11.295, "time": "2025-12-01T18:00:00", "date": "2025-12-01", "hour": 18}}, {"type": "Feature", "geometry": {"type": "Point", "coordinates": [6.0, 54.75]}, "properties": {"value": 11.17, "time": "2025-12-01T18:00:00", "date": "2025-12-01", "hour": 18}}, {"type": "Feature", "geometry": {"type": "Point", "coordinates": [6.25, 54.75]}, "properties": {"value": 11.021, "time": "2025-12-01T18:00:00", "date": "2025-12-01", "hour": 18}}, {"type": "Feature", "geometry": {"type": "Point", "coordinates": [6.5, 54.75]}, "properties": {"value": 10.874, "time": "2025-12-01T18:00:00", "date": "2025-12-01", "hour": 18}}, {"type": "Feature", "geometry": {"type": "Point", "coordinates": [6.75, 54.75]}, "properties": {"value": 10.739, "time": "2025-12-01T18:00:00", "date": "2025-12-01", "hour": 18}}, {"type": "Feature", "geometry": {"type": "Point", "coordinates": [7.0, 54.75]}, "properties": {"value": 10.652, "time": "2025-12-01T18:00:00", "date": "2025-12-01", "hour": 18}}, {"type": "Feature", "geometry": {"type": "Point", "coordinates": [7.25, 54.75]}, "properties": {"value": 10.445, "time": "2025-12-01T18:00:00", "date": "2025-12-01", "hour": 18}}, {"type": "Feature", "geometry": {"type": "Point", "coordinates": [7.5, 54.75]}, "properties": {"value": 10.14, "time": "2025-12-01T18:00:00", "date": "2025-12-01", "hour": 18}}, {"type": "Feature", "geometry": {"type": "Point", "coordinates": [7.75, 54.75]}, "properties": {"value": 9.109, "time": "2025-12-01T18:00:00", "date": "2025-12-01", "hour": 18}}, {"type": "Feature", "geometry": {"type": "Point", "coordinates": [8.0, 54.75]}, "properties": {"value": 8.069, "time": "2025-12-01T18:00:00", "date": "2025-12-01", "hour": 18}}, {"type": "Feature", "geometry": {"type": "Point", "coordinates": [8.25, 54.75]}, "properties": {"value": 6.601, "time": "2025-12-01T18:00:00", "date": "2025-12-01", "hour": 18}}, {"type": "Feature", "geometry": {"type": "Point", "coordinates": [8.5, 54.75]}, "properties": {"value": 5.543, "time": "2025-12-01T18:00:00", "date": "2025-12-01", "hour": 18}}, {"type": "Feature", "geometry": {"type": "Point", "coordinates": [10.25, 54.75]}, "properties": {"value": 7.504, "time": "2025-12-01T18:00:00", "date": "2025-12-01", "hour": 18}}, {"type": "Feature", "geometry": {"type": "Point", "coordinates": [10.5, 54.75]}, "properties": {"value": 7.41, "time": "2025-12-01T18:00:00", "date": "2025-12-01", "hour": 18}}, {"type": "Feature", "geometry": {"type": "Point", "coordinates": [10.75, 54.75]}, "properties": {"value": 7.238, "time": "2025-12-01T18:00:00", "date": "2025-12-01", "hour": 18}}, {"type": "Feature", "geometry": {"type": "Point", "coordinates": [11.0, 54.75]}, "properties": {"value": 6.764, "time": "2025-12-01T18:00:00", "date": "2025-12-01", "hour": 18}}, {"type": "Feature", "geometry": {"type": "Point", "coordinates": [11.25, 54.75]}, "properties": {"value": 6.362, "time": "2025-12-01T18:00:00", "date": "2025-12-01", "hour": 18}}, {"type": "Feature", "geometry": {"type": "Point", "coordinates": [11.5, 54.75]}, "properties": {"value": 6.158, "time": "2025-12-01T18:00:00", "date": "2025-12-01", "hour": 18}}, {"type": "Feature", "geometry": {"type": "Point", "coordinates": [12.0, 54.75]}, "properties": {"value": 6.814, "time": "2025-12-01T18:00:00", "date": "2025-12-01", "hour": 18}}, {"type": "Feature", "geometry": {"type": "Point", "coordinates": [12.25, 54.75]}, "properties": {"value": 7.346, "time": "2025-12-01T18:00:00", "date": "2025-12-01", "hour": 18}}, {"type": "Feature", "geometry": {"type": "Point", "coordinates": [12.5, 54.75]}, "properties": {"value": 7.81, "time": "2025-12-01T18:00:00", "date": "2025-12-01", "hour": 18}}, {"type": "Feature", "geometry": {"type": "Point", "coordinates": [12.75, 54.75]}, "properties": {"value": 7.889, "time": "2025-12-01T18:00:00", "date": "2025-12-01", "hour": 18}}, {"type": "Feature", "geometry": {"type": "Point", "coordinates": [13.0, 54.75]}, "properties": {"value": 7.566, "time": "2025-12-01T18:00:00", "date": "2025-12-01", "hour": 18}}, {"type": "Feature", "geometry": {"type": "Point", "coordinates": [13.25, 54.75]}, "properties": {"value": 7.671, "time": "2025-12-01T18:00:00", "date": "2025-12-01", "hour": 18}}, {"type": "Feature", "geometry": {"type": "Point", "coordinates": [13.5, 54.75]}, "properties": {"value": 7.972, "time": "2025-12-01T18:00:00", "date": "2025-12-01", "hour": 18}}, {"type": "Feature", "geometry": {"type": "Point", "coordinates": [13.75, 54.75]}, "properties": {"value": 7.929, "time": "2025-12-01T18:00:00", "date": "2025-12-01", "hour": 18}}, {"type": "Feature", "geometry": {"type": "Point", "coordinates": [14.0, 54.75]}, "properties": {"value": 7.74, "time": "2025-12-01T18:00:00", "date": "2025-12-01", "hour": 18}}, {"type": "Feature", "geometry": {"type": "Point", "coordinates": [14.25, 54.75]}, "properties": {"value": 7.718, "time": "2025-12-01T18:00:00", "date": "2025-12-01", "hour": 18}}, {"type": "Feature", "geometry": {"type": "Point", "coordinates": [14.5, 54.75]}, "properties": {"value": 8.043, "time": "2025-12-01T18:00:00", "date": "2025-12-01", "hour": 18}}, {"type": "Feature", "geometry": {"type": "Point", "coordinates": [14.75, 54.75]}, "properties": {"value": 8.412, "time": "2025-12-01T18:00:00", "date": "2025-12-01", "hour": 18}}, {"type": "Feature", "geometry": {"type": "Point", "coordinates": [15.0, 54.75]}, "properties": {"value": 8.611, "time": "2025-12-01T18:00:00", "date": "2025-12-01", "hour": 18}}, {"type": "Feature", "geometry": {"type": "Point", "coordinates": [5.0, 55.0]}, "properties": {"value": 11.326, "time": "2025-12-01T18:00:00", "date": "2025-12-01", "hour": 18}}, {"type": "Feature", "geometry": {"type": "Point", "coordinates": [5.25, 55.0]}, "properties": {"value": 11.343, "time": "2025-12-01T18:00:00", "date": "2025-12-01", "hour": 18}}, {"type": "Feature", "geometry": {"type": "Point", "coordinates": [5.5, 55.0]}, "properties": {"value": 11.327, "time": "2025-12-01T18:00:00", "date": "2025-12-01", "hour": 18}}, {"type": "Feature", "geometry": {"type": "Point", "coordinates": [5.75, 55.0]}, "properties": {"value": 11.297, "time": "2025-12-01T18:00:00", "date": "2025-12-01", "hour": 18}}, {"type": "Feature", "geometry": {"type": "Point", "coordinates": [6.0, 55.0]}, "properties": {"value": 11.252, "time": "2025-12-01T18:00:00", "date": "2025-12-01", "hour": 18}}, {"type": "Feature", "geometry": {"type": "Point", "coordinates": [6.25, 55.0]}, "properties": {"value": 11.197, "time": "2025-12-01T18:00:00", "date": "2025-12-01", "hour": 18}}, {"type": "Feature", "geometry": {"type": "Point", "coordinates": [6.5, 55.0]}, "properties": {"value": 11.076, "time": "2025-12-01T18:00:00", "date": "2025-12-01", "hour": 18}}, {"type": "Feature", "geometry": {"type": "Point", "coordinates": [6.75, 55.0]}, "properties": {"value": 10.934, "time": "2025-12-01T18:00:00", "date": "2025-12-01", "hour": 18}}, {"type": "Feature", "geometry": {"type": "Point", "coordinates": [7.0, 55.0]}, "properties": {"value": 10.756, "time": "2025-12-01T18:00:00", "date": "2025-12-01", "hour": 18}}, {"type": "Feature", "geometry": {"type": "Point", "coordinates": [7.25, 55.0]}, "properties": {"value": 10.379, "time": "2025-12-01T18:00:00", "date": "2025-12-01", "hour": 18}}, {"type": "Feature", "geometry": {"type": "Point", "coordinates": [7.5, 55.0]}, "properties": {"value": 10.018, "time": "2025-12-01T18:00:00", "date": "2025-12-01", "hour": 18}}, {"type": "Feature", "geometry": {"type": "Point", "coordinates": [7.75, 55.0]}, "properties": {"value": 8.956, "time": "2025-12-01T18:00:00", "date": "2025-12-01", "hour": 18}}, {"type": "Feature", "geometry": {"type": "Point", "coordinates": [8.0, 55.0]}, "properties": {"value": 7.974, "time": "2025-12-01T18:00:00", "date": "2025-12-01", "hour": 18}}, {"type": "Feature", "geometry": {"type": "Point", "coordinates": [8.25, 55.0]}, "properties": {"value": 6.612, "time": "2025-12-01T18:00:00", "date": "2025-12-01", "hour": 18}}, {"type": "Feature", "geometry": {"type": "Point", "coordinates": [8.5, 55.0]}, "properties": {"value": 5.574, "time": "2025-12-01T18:00:00", "date": "2025-12-01", "hour": 18}}, {"type": "Feature", "geometry": {"type": "Point", "coordinates": [10.25, 55.0]}, "properties": {"value": 6.633, "time": "2025-12-01T18:00:00", "date": "2025-12-01", "hour": 18}}, {"type": "Feature", "geometry": {"type": "Point", "coordinates": [10.5, 55.0]}, "properties": {"value": 6.71, "time": "2025-12-01T18:00:00", "date": "2025-12-01", "hour": 18}}, {"type": "Feature", "geometry": {"type": "Point", "coordinates": [10.75, 55.0]}, "properties": {"value": 6.785, "time": "2025-12-01T18:00:00", "date": "2025-12-01", "hour": 18}}, {"type": "Feature", "geometry": {"type": "Point", "coordinates": [11.0, 55.0]}, "properties": {"value": 6.573, "time": "2025-12-01T18:00:00", "date": "2025-12-01", "hour": 18}}, {"type": "Feature", "geometry": {"type": "Point", "coordinates": [11.25, 55.0]}, "properties": {"value": 6.254, "time": "2025-12-01T18:00:00", "date": "2025-12-01", "hour": 18}}, {"type": "Feature", "geometry": {"type": "Point", "coordinates": [11.5, 55.0]}, "properties": {"value": 6.016, "time": "2025-12-01T18:00:00", "date": "2025-12-01", "hour": 18}}, {"type": "Feature", "geometry": {"type": "Point", "coordinates": [11.75, 55.0]}, "properties": {"value": 5.739, "time": "2025-12-01T18:00:00", "date": "2025-12-01", "hour": 18}}, {"type": "Feature", "geometry": {"type": "Point", "coordinates": [12.0, 55.0]}, "properties": {"value": 6.229, "time": "2025-12-01T18:00:00", "date": "2025-12-01", "hour": 18}}, {"type": "Feature", "geometry": {"type": "Point", "coordinates": [12.25, 55.0]}, "properties": {"value": 6.941, "time": "2025-12-01T18:00:00", "date": "2025-12-01", "hour": 18}}, {"type": "Feature", "geometry": {"type": "Point", "coordinates": [12.5, 55.0]}, "properties": {"value": 7.794, "time": "2025-12-01T18:00:00", "date": "2025-12-01", "hour": 18}}, {"type": "Feature", "geometry": {"type": "Point", "coordinates": [12.75, 55.0]}, "properties": {"value": 8.024, "time": "2025-12-01T18:00:00", "date": "2025-12-01", "hour": 18}}, {"type": "Feature", "geometry": {"type": "Point", "coordinates": [13.0, 55.0]}, "properties": {"value": 8.186, "time": "2025-12-01T18:00:00", "date": "2025-12-01", "hour": 18}}, {"type": "Feature", "geometry": {"type": "Point", "coordinates": [13.25, 55.0]}, "properties": {"value": 8.29, "time": "2025-12-01T18:00:00", "date": "2025-12-01", "hour": 18}}, {"type": "Feature", "geometry": {"type": "Point", "coordinates": [13.5, 55.0]}, "properties": {"value": 8.34, "time": "2025-12-01T18:00:00", "date": "2025-12-01", "hour": 18}}, {"type": "Feature", "geometry": {"type": "Point", "coordinates": [13.75, 55.0]}, "properties": {"value": 8.402, "time": "2025-12-01T18:00:00", "date": "2025-12-01", "hour": 18}}, {"type": "Feature", "geometry": {"type": "Point", "coordinates": [14.0, 55.0]}, "properties": {"value": 8.359, "time": "2025-12-01T18:00:00", "date": "2025-12-01", "hour": 18}}, {"type": "Feature", "geometry": {"type": "Point", "coordinates": [14.25, 55.0]}, "properties": {"value": 8.27, "time": "2025-12-01T18:00:00", "date": "2025-12-01", "hour": 18}}, {"type": "Feature", "geometry": {"type": "Point", "coordinates": [14.5, 55.0]}, "properties": {"value": 8.167, "time": "2025-12-01T18:00:00", "date": "2025-12-01", "hour": 18}}, {"type": "Feature", "geometry": {"type": "Point", "coordinates": [14.75, 55.0]}, "properties": {"value": 8.191, "time": "2025-12-01T18:00:00", "date": "2025-12-01", "hour": 18}}, {"type": "Feature", "geometry": {"type": "Point", "coordinates": [15.0, 55.0]}, "properties": {"value": 8.269, "time": "2025-12-01T18:00:00", "date": "2025-12-01", "hour": 18}}, {"type": "Feature", "geometry": {"type": "Point", "coordinates": [5.25, 52.75]}, "properties": {"value": 5.87, "time": "2025-12-01T19:00:00", "date": "2025-12-01", "hour": 19}}, {"type": "Feature", "geometry": {"type": "Point", "coordinates": [5.5, 52.75]}, "properties": {"value": 5.874, "time": "2025-12-01T19:00:00", "date": "2025-12-01", "hour": 19}}, {"type": "Feature", "geometry": {"type": "Point", "coordinates": [5.0, 53.0]}, "properties": {"value": 7.136, "time": "2025-12-01T19:00:00", "date": "2025-12-01", "hour": 19}}, {"type": "Feature", "geometry": {"type": "Point", "coordinates": [5.25, 53.0]}, "properties": {"value": 6.372, "time": "2025-12-01T19:00:00", "date": "2025-12-01", "hour": 19}}, {"type": "Feature", "geometry": {"type": "Point", "coordinates": [5.5, 53.0]}, "properties": {"value": 5.806, "time": "2025-12-01T19:00:00", "date": "2025-12-01", "hour": 19}}, {"type": "Feature", "geometry": {"type": "Point", "coordinates": [5.0, 53.25]}, "properties": {"value": 8.133, "time": "2025-12-01T19:00:00", "date": "2025-12-01", "hour": 19}}, {"type": "Feature", "geometry": {"type": "Point", "coordinates": [5.25, 53.25]}, "properties": {"value": 7.078, "time": "2025-12-01T19:00:00", "date": "2025-12-01", "hour": 19}}, {"type": "Feature", "geometry": {"type": "Point", "coordinates": [5.5, 53.25]}, "properties": {"value": 6.443, "time": "2025-12-01T19:00:00", "date": "2025-12-01", "hour": 19}}, {"type": "Feature", "geometry": {"type": "Point", "coordinates": [5.0, 53.5]}, "properties": {"value": 9.858, "time": "2025-12-01T19:00:00", "date": "2025-12-01", "hour": 19}}, {"type": "Feature", "geometry": {"type": "Point", "coordinates": [5.25, 53.5]}, "properties": {"value": 9.263, "time": "2025-12-01T19:00:00", "date": "2025-12-01", "hour": 19}}, {"type": "Feature", "geometry": {"type": "Point", "coordinates": [5.5, 53.5]}, "properties": {"value": 9.037, "time": "2025-12-01T19:00:00", "date": "2025-12-01", "hour": 19}}, {"type": "Feature", "geometry": {"type": "Point", "coordinates": [5.75, 53.5]}, "properties": {"value": 8.363, "time": "2025-12-01T19:00:00", "date": "2025-12-01", "hour": 19}}, {"type": "Feature", "geometry": {"type": "Point", "coordinates": [6.0, 53.5]}, "properties": {"value": 7.583, "time": "2025-12-01T19:00:00", "date": "2025-12-01", "hour": 19}}, {"type": "Feature", "geometry": {"type": "Point", "coordinates": [6.25, 53.5]}, "properties": {"value": 6.762, "time": "2025-12-01T19:00:00", "date": "2025-12-01", "hour": 19}}, {"type": "Feature", "geometry": {"type": "Point", "coordinates": [6.5, 53.5]}, "properties": {"value": 6.362, "time": "2025-12-01T19:00:00", "date": "2025-12-01", "hour": 19}}, {"type": "Feature", "geometry": {"type": "Point", "coordinates": [6.75, 53.5]}, "properties": {"value": 5.656, "time": "2025-12-01T19:00:00", "date": "2025-12-01", "hour": 19}}, {"type": "Feature", "geometry": {"type": "Point", "coordinates": [5.0, 53.75]}, "properties": {"value": 10.558, "time": "2025-12-01T19:00:00", "date": "2025-12-01", "hour": 19}}, {"type": "Feature", "geometry": {"type": "Point", "coordinates": [5.25, 53.75]}, "properties": {"value": 10.271, "time": "2025-12-01T19:00:00", "date": "2025-12-01", "hour": 19}}, {"type": "Feature", "geometry": {"type": "Point", "coordinates": [5.5, 53.75]}, "properties": {"value": 10.048, "time": "2025-12-01T19:00:00", "date": "2025-12-01", "hour": 19}}, {"type": "Feature", "geometry": {"type": "Point", "coordinates": [5.75, 53.75]}, "properties": {"value": 9.769, "time": "2025-12-01T19:00:00", "date": "2025-12-01", "hour": 19}}, {"type": "Feature", "geometry": {"type": "Point", "coordinates": [6.0, 53.75]}, "properties": {"value": 9.163, "time": "2025-12-01T19:00:00", "date": "2025-12-01", "hour": 19}}, {"type": "Feature", "geometry": {"type": "Point", "coordinates": [6.25, 53.75]}, "properties": {"value": 8.853, "time": "2025-12-01T19:00:00", "date": "2025-12-01", "hour": 19}}, {"type": "Feature", "geometry": {"type": "Point", "coordinates": [6.5, 53.75]}, "properties": {"value": 8.424, "time": "2025-12-01T19:00:00", "date": "2025-12-01", "hour": 19}}, {"type": "Feature", "geometry": {"type": "Point", "coordinates": [6.75, 53.75]}, "properties": {"value": 7.902, "time": "2025-12-01T19:00:00", "date": "2025-12-01", "hour": 19}}, {"type": "Feature", "geometry": {"type": "Point", "coordinates": [7.0, 53.75]}, "properties": {"value": 8.203, "time": "2025-12-01T19:00:00", "date": "2025-12-01", "hour": 19}}, {"type": "Feature", "geometry": {"type": "Point", "coordinates": [7.25, 53.75]}, "properties": {"value": 7.675, "time": "2025-12-01T19:00:00", "date": "2025-12-01", "hour": 19}}, {"type": "Feature", "geometry": {"type": "Point", "coordinates": [7.5, 53.75]}, "properties": {"value": 7.903, "time": "2025-12-01T19:00:00", "date": "2025-12-01", "hour": 19}}, {"type": "Feature", "geometry": {"type": "Point", "coordinates": [7.75, 53.75]}, "properties": {"value": 7.942, "time": "2025-12-01T19:00:00", "date": "2025-12-01", "hour": 19}}, {"type": "Feature", "geometry": {"type": "Point", "coordinates": [8.0, 53.75]}, "properties": {"value": 7.827, "time": "2025-12-01T19:00:00", "date": "2025-12-01", "hour": 19}}, {"type": "Feature", "geometry": {"type": "Point", "coordinates": [8.25, 53.75]}, "properties": {"value": 7.053, "time": "2025-12-01T19:00:00", "date": "2025-12-01", "hour": 19}}, {"type": "Feature", "geometry": {"type": "Point", "coordinates": [8.5, 53.75]}, "properties": {"value": 6.125, "time": "2025-12-01T19:00:00", "date": "2025-12-01", "hour": 19}}, {"type": "Feature", "geometry": {"type": "Point", "coordinates": [8.75, 53.75]}, "properties": {"value": 6.125, "time": "2025-12-01T19:00:00", "date": "2025-12-01", "hour": 19}}, {"type": "Feature", "geometry": {"type": "Point", "coordinates": [14.25, 53.75]}, "properties": {"value": 3.644, "time": "2025-12-01T19:00:00", "date": "2025-12-01", "hour": 19}}, {"type": "Feature", "geometry": {"type": "Point", "coordinates": [14.5, 53.75]}, "properties": {"value": 3.644, "time": "2025-12-01T19:00:00", "date": "2025-12-01", "hour": 19}}, {"type": "Feature", "geometry": {"type": "Point", "coordinates": [5.0, 54.0]}, "properties": {"value": 10.988, "time": "2025-12-01T19:00:00", "date": "2025-12-01", "hour": 19}}, {"type": "Feature", "geometry": {"type": "Point", "coordinates": [5.25, 54.0]}, "properties": {"value": 10.926, "time": "2025-12-01T19:00:00", "date": "2025-12-01", "hour": 19}}, {"type": "Feature", "geometry": {"type": "Point", "coordinates": [5.5, 54.0]}, "properties": {"value": 10.704, "time": "2025-12-01T19:00:00", "date": "2025-12-01", "hour": 19}}, {"type": "Feature", "geometry": {"type": "Point", "coordinates": [5.75, 54.0]}, "properties": {"value": 10.472, "time": "2025-12-01T19:00:00", "date": "2025-12-01", "hour": 19}}, {"type": "Feature", "geometry": {"type": "Point", "coordinates": [6.0, 54.0]}, "properties": {"value": 10.25, "time": "2025-12-01T19:00:00", "date": "2025-12-01", "hour": 19}}, {"type": "Feature", "geometry": {"type": "Point", "coordinates": [6.25, 54.0]}, "properties": {"value": 9.99, "time": "2025-12-01T19:00:00", "date": "2025-12-01", "hour": 19}}, {"type": "Feature", "geometry": {"type": "Point", "coordinates": [6.5, 54.0]}, "properties": {"value": 9.624, "time": "2025-12-01T19:00:00", "date": "2025-12-01", "hour": 19}}, {"type": "Feature", "geometry": {"type": "Point", "coordinates": [6.75, 54.0]}, "properties": {"value": 9.527, "time": "2025-12-01T19:00:00", "date": "2025-12-01", "hour": 19}}, {"type": "Feature", "geometry": {"type": "Point", "coordinates": [7.0, 54.0]}, "properties": {"value": 9.269, "time": "2025-12-01T19:00:00", "date": "2025-12-01", "hour": 19}}, {"type": "Feature", "geometry": {"type": "Point", "coordinates": [7.25, 54.0]}, "properties": {"value": 8.917, "time": "2025-12-01T19:00:00", "date": "2025-12-01", "hour": 19}}, {"type": "Feature", "geometry": {"type": "Point", "coordinates": [7.5, 54.0]}, "properties": {"value": 9.058, "time": "2025-12-01T19:00:00", "date": "2025-12-01", "hour": 19}}, {"type": "Feature", "geometry": {"type": "Point", "coordinates": [7.75, 54.0]}, "properties": {"value": 9.069, "time": "2025-12-01T19:00:00", "date": "2025-12-01", "hour": 19}}, {"type": "Feature", "geometry": {"type": "Point", "coordinates": [8.0, 54.0]}, "properties": {"value": 8.935, "time": "2025-12-01T19:00:00", "date": "2025-12-01", "hour": 19}}, {"type": "Feature", "geometry": {"type": "Point", "coordinates": [8.25, 54.0]}, "properties": {"value": 8.35, "time": "2025-12-01T19:00:00", "date": "2025-12-01", "hour": 19}}, {"type": "Feature", "geometry": {"type": "Point", "coordinates": [8.5, 54.0]}, "properties": {"value": 6.885, "time": "2025-12-01T19:00:00", "date": "2025-12-01", "hour": 19}}, {"type": "Feature", "geometry": {"type": "Point", "coordinates": [11.25, 54.0]}, "properties": {"value": 6.933, "time": "2025-12-01T19:00:00", "date": "2025-12-01", "hour": 19}}, {"type": "Feature", "geometry": {"type": "Point", "coordinates": [14.0, 54.0]}, "properties": {"value": 5.097, "time": "2025-12-01T19:00:00", "date": "2025-12-01", "hour": 19}}, {"type": "Feature", "geometry": {"type": "Point", "coordinates": [14.25, 54.0]}, "properties": {"value": 5.69, "time": "2025-12-01T19:00:00", "date": "2025-12-01", "hour": 19}}, {"type": "Feature", "geometry": {"type": "Point", "coordinates": [14.5, 54.0]}, "properties": {"value": 5.4, "time": "2025-12-01T19:00:00", "date": "2025-12-01", "hour": 19}}, {"type": "Feature", "geometry": {"type": "Point", "coordinates": [14.75, 54.0]}, "properties": {"value": 5.837, "time": "2025-12-01T19:00:00", "date": "2025-12-01", "hour": 19}}, {"type": "Feature", "geometry": {"type": "Point", "coordinates": [5.0, 54.25]}, "properties": {"value": 11.138, "time": "2025-12-01T19:00:00", "date": "2025-12-01", "hour": 19}}, {"type": "Feature", "geometry": {"type": "Point", "coordinates": [5.25, 54.25]}, "properties": {"value": 11.073, "time": "2025-12-01T19:00:00", "date": "2025-12-01", "hour": 19}}, {"type": "Feature", "geometry": {"type": "Point", "coordinates": [5.5, 54.25]}, "properties": {"value": 11.028, "time": "2025-12-01T19:00:00", "date": "2025-12-01", "hour": 19}}, {"type": "Feature", "geometry": {"type": "Point", "coordinates": [5.75, 54.25]}, "properties": {"value": 10.833, "time": "2025-12-01T19:00:00", "date": "2025-12-01", "hour": 19}}, {"type": "Feature", "geometry": {"type": "Point", "coordinates": [6.0, 54.25]}, "properties": {"value": 10.724, "time": "2025-12-01T19:00:00", "date": "2025-12-01", "hour": 19}}, {"type": "Feature", "geometry": {"type": "Point", "coordinates": [6.25, 54.25]}, "properties": {"value": 10.514, "time": "2025-12-01T19:00:00", "date": "2025-12-01", "hour": 19}}, {"type": "Feature", "geometry": {"type": "Point", "coordinates": [6.5, 54.25]}, "properties": {"value": 10.357, "time": "2025-12-01T19:00:00", "date": "2025-12-01", "hour": 19}}, {"type": "Feature", "geometry": {"type": "Point", "coordinates": [6.75, 54.25]}, "properties": {"value": 10.216, "time": "2025-12-01T19:00:00", "date": "2025-12-01", "hour": 19}}, {"type": "Feature", "geometry": {"type": "Point", "coordinates": [7.0, 54.25]}, "properties": {"value": 9.99, "time": "2025-12-01T19:00:00", "date": "2025-12-01", "hour": 19}}, {"type": "Feature", "geometry": {"type": "Point", "coordinates": [7.25, 54.25]}, "properties": {"value": 9.88, "time": "2025-12-01T19:00:00", "date": "2025-12-01", "hour": 19}}, {"type": "Feature", "geometry": {"type": "Point", "coordinates": [7.5, 54.25]}, "properties": {"value": 9.945, "time": "2025-12-01T19:00:00", "date": "2025-12-01", "hour": 19}}, {"type": "Feature", "geometry": {"type": "Point", "coordinates": [7.75, 54.25]}, "properties": {"value": 9.603, "time": "2025-12-01T19:00:00", "date": "2025-12-01", "hour": 19}}, {"type": "Feature", "geometry": {"type": "Point", "coordinates": [8.0, 54.25]}, "properties": {"value": 9.35, "time": "2025-12-01T19:00:00", "date": "2025-12-01", "hour": 19}}, {"type": "Feature", "geometry": {"type": "Point", "coordinates": [8.25, 54.25]}, "properties": {"value": 7.977, "time": "2025-12-01T19:00:00", "date": "2025-12-01", "hour": 19}}, {"type": "Feature", "geometry": {"type": "Point", "coordinates": [8.5, 54.25]}, "properties": {"value": 6.56, "time": "2025-12-01T19:00:00", "date": "2025-12-01", "hour": 19}}, {"type": "Feature", "geometry": {"type": "Point", "coordinates": [10.75, 54.25]}, "properties": {"value": 7.086, "time": "2025-12-01T19:00:00", "date": "2025-12-01", "hour": 19}}, {"type": "Feature", "geometry": {"type": "Point", "coordinates": [11.25, 54.25]}, "properties": {"value": 7.105, "time": "2025-12-01T19:00:00", "date": "2025-12-01", "hour": 19}}, {"type": "Feature", "geometry": {"type": "Point", "coordinates": [11.75, 54.25]}, "properties": {"value": 7.016, "time": "2025-12-01T19:00:00", "date": "2025-12-01", "hour": 19}}, {"type": "Feature", "geometry": {"type": "Point", "coordinates": [12.25, 54.25]}, "properties": {"value": 6.849, "time": "2025-12-01T19:00:00", "date": "2025-12-01", "hour": 19}}, {"type": "Feature", "geometry": {"type": "Point", "coordinates": [13.75, 54.25]}, "properties": {"value": 5.402, "time": "2025-12-01T19:00:00", "date": "2025-12-01", "hour": 19}}, {"type": "Feature", "geometry": {"type": "Point", "coordinates": [14.0, 54.25]}, "properties": {"value": 5.783, "time": "2025-12-01T19:00:00", "date": "2025-12-01", "hour": 19}}, {"type": "Feature", "geometry": {"type": "Point", "coordinates": [14.25, 54.25]}, "properties": {"value": 6.141, "time": "2025-12-01T19:00:00", "date": "2025-12-01", "hour": 19}}, {"type": "Feature", "geometry": {"type": "Point", "coordinates": [14.5, 54.25]}, "properties": {"value": 6.004, "time": "2025-12-01T19:00:00", "date": "2025-12-01", "hour": 19}}, {"type": "Feature", "geometry": {"type": "Point", "coordinates": [14.75, 54.25]}, "properties": {"value": 6.275, "time": "2025-12-01T19:00:00", "date": "2025-12-01", "hour": 19}}, {"type": "Feature", "geometry": {"type": "Point", "coordinates": [15.0, 54.25]}, "properties": {"value": 6.996, "time": "2025-12-01T19:00:00", "date": "2025-12-01", "hour": 19}}, {"type": "Feature", "geometry": {"type": "Point", "coordinates": [5.0, 54.5]}, "properties": {"value": 11.234, "time": "2025-12-01T19:00:00", "date": "2025-12-01", "hour": 19}}, {"type": "Feature", "geometry": {"type": "Point", "coordinates": [5.25, 54.5]}, "properties": {"value": 11.227, "time": "2025-12-01T19:00:00", "date": "2025-12-01", "hour": 19}}, {"type": "Feature", "geometry": {"type": "Point", "coordinates": [5.5, 54.5]}, "properties": {"value": 11.182, "time": "2025-12-01T19:00:00", "date": "2025-12-01", "hour": 19}}, {"type": "Feature", "geometry": {"type": "Point", "coordinates": [5.75, 54.5]}, "properties": {"value": 11.111, "time": "2025-12-01T19:00:00", "date": "2025-12-01", "hour": 19}}, {"type": "Feature", "geometry": {"type": "Point", "coordinates": [6.0, 54.5]}, "properties": {"value": 10.996, "time": "2025-12-01T19:00:00", "date": "2025-12-01", "hour": 19}}, {"type": "Feature", "geometry": {"type": "Point", "coordinates": [6.25, 54.5]}, "properties": {"value": 10.846, "time": "2025-12-01T19:00:00", "date": "2025-12-01", "hour": 19}}, {"type": "Feature", "geometry": {"type": "Point", "coordinates": [6.5, 54.5]}, "properties": {"value": 10.674, "time": "2025-12-01T19:00:00", "date": "2025-12-01", "hour": 19}}, {"type": "Feature", "geometry": {"type": "Point", "coordinates": [6.75, 54.5]}, "properties": {"value": 10.476, "time": "2025-12-01T19:00:00", "date": "2025-12-01", "hour": 19}}, {"type": "Feature", "geometry": {"type": "Point", "coordinates": [7.0, 54.5]}, "properties": {"value": 10.35, "time": "2025-12-01T19:00:00", "date": "2025-12-01", "hour": 19}}, {"type": "Feature", "geometry": {"type": "Point", "coordinates": [7.25, 54.5]}, "properties": {"value": 10.159, "time": "2025-12-01T19:00:00", "date": "2025-12-01", "hour": 19}}, {"type": "Feature", "geometry": {"type": "Point", "coordinates": [7.5, 54.5]}, "properties": {"value": 10.163, "time": "2025-12-01T19:00:00", "date": "2025-12-01", "hour": 19}}, {"type": "Feature", "geometry": {"type": "Point", "coordinates": [7.75, 54.5]}, "properties": {"value": 9.648, "time": "2025-12-01T19:00:00", "date": "2025-12-01", "hour": 19}}, {"type": "Feature", "geometry": {"type": "Point", "coordinates": [8.0, 54.5]}, "properties": {"value": 8.637, "time": "2025-12-01T19:00:00", "date": "2025-12-01", "hour": 19}}, {"type": "Feature", "geometry": {"type": "Point", "coordinates": [8.25, 54.5]}, "properties": {"value": 7.143, "time": "2025-12-01T19:00:00", "date": "2025-12-01", "hour": 19}}, {"type": "Feature", "geometry": {"type": "Point", "coordinates": [8.5, 54.5]}, "properties": {"value": 5.947, "time": "2025-12-01T19:00:00", "date": "2025-12-01", "hour": 19}}, {"type": "Feature", "geometry": {"type": "Point", "coordinates": [10.5, 54.5]}, "properties": {"value": 7.425, "time": "2025-12-01T19:00:00", "date": "2025-12-01", "hour": 19}}, {"type": "Feature", "geometry": {"type": "Point", "coordinates": [10.75, 54.5]}, "properties": {"value": 7.25, "time": "2025-12-01T19:00:00", "date": "2025-12-01", "hour": 19}}, {"type": "Feature", "geometry": {"type": "Point", "coordinates": [11.0, 54.5]}, "properties": {"value": 6.818, "time": "2025-12-01T19:00:00", "date": "2025-12-01", "hour": 19}}, {"type": "Feature", "geometry": {"type": "Point", "coordinates": [11.25, 54.5]}, "properties": {"value": 6.904, "time": "2025-12-01T19:00:00", "date": "2025-12-01", "hour": 19}}, {"type": "Feature", "geometry": {"type": "Point", "coordinates": [11.5, 54.5]}, "properties": {"value": 6.78, "time": "2025-12-01T19:00:00", "date": "2025-12-01", "hour": 19}}, {"type": "Feature", "geometry": {"type": "Point", "coordinates": [11.75, 54.5]}, "properties": {"value": 7.055, "time": "2025-12-01T19:00:00", "date": "2025-12-01", "hour": 19}}, {"type": "Feature", "geometry": {"type": "Point", "coordinates": [12.0, 54.5]}, "properties": {"value": 7.145, "time": "2025-12-01T19:00:00", "date": "2025-12-01", "hour": 19}}, {"type": "Feature", "geometry": {"type": "Point", "coordinates": [12.25, 54.5]}, "properties": {"value": 7.114, "time": "2025-12-01T19:00:00", "date": "2025-12-01", "hour": 19}}, {"type": "Feature", "geometry": {"type": "Point", "coordinates": [13.0, 54.5]}, "properties": {"value": 7.342, "time": "2025-12-01T19:00:00", "date": "2025-12-01", "hour": 19}}, {"type": "Feature", "geometry": {"type": "Point", "coordinates": [13.25, 54.5]}, "properties": {"value": 6.737, "time": "2025-12-01T19:00:00", "date": "2025-12-01", "hour": 19}}, {"type": "Feature", "geometry": {"type": "Point", "coordinates": [13.5, 54.5]}, "properties": {"value": 6.579, "time": "2025-12-01T19:00:00", "date": "2025-12-01", "hour": 19}}, {"type": "Feature", "geometry": {"type": "Point", "coordinates": [13.75, 54.5]}, "properties": {"value": 6.536, "time": "2025-12-01T19:00:00", "date": "2025-12-01", "hour": 19}}, {"type": "Feature", "geometry": {"type": "Point", "coordinates": [14.0, 54.5]}, "properties": {"value": 6.82, "time": "2025-12-01T19:00:00", "date": "2025-12-01", "hour": 19}}, {"type": "Feature", "geometry": {"type": "Point", "coordinates": [14.25, 54.5]}, "properties": {"value": 6.796, "time": "2025-12-01T19:00:00", "date": "2025-12-01", "hour": 19}}, {"type": "Feature", "geometry": {"type": "Point", "coordinates": [14.5, 54.5]}, "properties": {"value": 6.964, "time": "2025-12-01T19:00:00", "date": "2025-12-01", "hour": 19}}, {"type": "Feature", "geometry": {"type": "Point", "coordinates": [14.75, 54.5]}, "properties": {"value": 7.362, "time": "2025-12-01T19:00:00", "date": "2025-12-01", "hour": 19}}, {"type": "Feature", "geometry": {"type": "Point", "coordinates": [15.0, 54.5]}, "properties": {"value": 8.121, "time": "2025-12-01T19:00:00", "date": "2025-12-01", "hour": 19}}, {"type": "Feature", "geometry": {"type": "Point", "coordinates": [5.0, 54.75]}, "properties": {"value": 11.377, "time": "2025-12-01T19:00:00", "date": "2025-12-01", "hour": 19}}, {"type": "Feature", "geometry": {"type": "Point", "coordinates": [5.25, 54.75]}, "properties": {"value": 11.37, "time": "2025-12-01T19:00:00", "date": "2025-12-01", "hour": 19}}, {"type": "Feature", "geometry": {"type": "Point", "coordinates": [5.5, 54.75]}, "properties": {"value": 11.325, "time": "2025-12-01T19:00:00", "date": "2025-12-01", "hour": 19}}, {"type": "Feature", "geometry": {"type": "Point", "coordinates": [5.75, 54.75]}, "properties": {"value": 11.295, "time": "2025-12-01T19:00:00", "date": "2025-12-01", "hour": 19}}, {"type": "Feature", "geometry": {"type": "Point", "coordinates": [6.0, 54.75]}, "properties": {"value": 11.17, "time": "2025-12-01T19:00:00", "date": "2025-12-01", "hour": 19}}, {"type": "Feature", "geometry": {"type": "Point", "coordinates": [6.25, 54.75]}, "properties": {"value": 11.021, "time": "2025-12-01T19:00:00", "date": "2025-12-01", "hour": 19}}, {"type": "Feature", "geometry": {"type": "Point", "coordinates": [6.5, 54.75]}, "properties": {"value": 10.874, "time": "2025-12-01T19:00:00", "date": "2025-12-01", "hour": 19}}, {"type": "Feature", "geometry": {"type": "Point", "coordinates": [6.75, 54.75]}, "properties": {"value": 10.739, "time": "2025-12-01T19:00:00", "date": "2025-12-01", "hour": 19}}, {"type": "Feature", "geometry": {"type": "Point", "coordinates": [7.0, 54.75]}, "properties": {"value": 10.652, "time": "2025-12-01T19:00:00", "date": "2025-12-01", "hour": 19}}, {"type": "Feature", "geometry": {"type": "Point", "coordinates": [7.25, 54.75]}, "properties": {"value": 10.445, "time": "2025-12-01T19:00:00", "date": "2025-12-01", "hour": 19}}, {"type": "Feature", "geometry": {"type": "Point", "coordinates": [7.5, 54.75]}, "properties": {"value": 10.14, "time": "2025-12-01T19:00:00", "date": "2025-12-01", "hour": 19}}, {"type": "Feature", "geometry": {"type": "Point", "coordinates": [7.75, 54.75]}, "properties": {"value": 9.109, "time": "2025-12-01T19:00:00", "date": "2025-12-01", "hour": 19}}, {"type": "Feature", "geometry": {"type": "Point", "coordinates": [8.0, 54.75]}, "properties": {"value": 8.069, "time": "2025-12-01T19:00:00", "date": "2025-12-01", "hour": 19}}, {"type": "Feature", "geometry": {"type": "Point", "coordinates": [8.25, 54.75]}, "properties": {"value": 6.601, "time": "2025-12-01T19:00:00", "date": "2025-12-01", "hour": 19}}, {"type": "Feature", "geometry": {"type": "Point", "coordinates": [8.5, 54.75]}, "properties": {"value": 5.543, "time": "2025-12-01T19:00:00", "date": "2025-12-01", "hour": 19}}, {"type": "Feature", "geometry": {"type": "Point", "coordinates": [10.25, 54.75]}, "properties": {"value": 7.504, "time": "2025-12-01T19:00:00", "date": "2025-12-01", "hour": 19}}, {"type": "Feature", "geometry": {"type": "Point", "coordinates": [10.5, 54.75]}, "properties": {"value": 7.41, "time": "2025-12-01T19:00:00", "date": "2025-12-01", "hour": 19}}, {"type": "Feature", "geometry": {"type": "Point", "coordinates": [10.75, 54.75]}, "properties": {"value": 7.238, "time": "2025-12-01T19:00:00", "date": "2025-12-01", "hour": 19}}, {"type": "Feature", "geometry": {"type": "Point", "coordinates": [11.0, 54.75]}, "properties": {"value": 6.764, "time": "2025-12-01T19:00:00", "date": "2025-12-01", "hour": 19}}, {"type": "Feature", "geometry": {"type": "Point", "coordinates": [11.25, 54.75]}, "properties": {"value": 6.362, "time": "2025-12-01T19:00:00", "date": "2025-12-01", "hour": 19}}, {"type": "Feature", "geometry": {"type": "Point", "coordinates": [11.5, 54.75]}, "properties": {"value": 6.158, "time": "2025-12-01T19:00:00", "date": "2025-12-01", "hour": 19}}, {"type": "Feature", "geometry": {"type": "Point", "coordinates": [12.0, 54.75]}, "properties": {"value": 6.814, "time": "2025-12-01T19:00:00", "date": "2025-12-01", "hour": 19}}, {"type": "Feature", "geometry": {"type": "Point", "coordinates": [12.25, 54.75]}, "properties": {"value": 7.346, "time": "2025-12-01T19:00:00", "date": "2025-12-01", "hour": 19}}, {"type": "Feature", "geometry": {"type": "Point", "coordinates": [12.5, 54.75]}, "properties": {"value": 7.81, "time": "2025-12-01T19:00:00", "date": "2025-12-01", "hour": 19}}, {"type": "Feature", "geometry": {"type": "Point", "coordinates": [12.75, 54.75]}, "properties": {"value": 7.889, "time": "2025-12-01T19:00:00", "date": "2025-12-01", "hour": 19}}, {"type": "Feature", "geometry": {"type": "Point", "coordinates": [13.0, 54.75]}, "properties": {"value": 7.566, "time": "2025-12-01T19:00:00", "date": "2025-12-01", "hour": 19}}, {"type": "Feature", "geometry": {"type": "Point", "coordinates": [13.25, 54.75]}, "properties": {"value": 7.671, "time": "2025-12-01T19:00:00", "date": "2025-12-01", "hour": 19}}, {"type": "Feature", "geometry": {"type": "Point", "coordinates": [13.5, 54.75]}, "properties": {"value": 7.972, "time": "2025-12-01T19:00:00", "date": "2025-12-01", "hour": 19}}, {"type": "Feature", "geometry": {"type": "Point", "coordinates": [13.75, 54.75]}, "properties": {"value": 7.929, "time": "2025-12-01T19:00:00", "date": "2025-12-01", "hour": 19}}, {"type": "Feature", "geometry": {"type": "Point", "coordinates": [14.0, 54.75]}, "properties": {"value": 7.74, "time": "2025-12-01T19:00:00", "date": "2025-12-01", "hour": 19}}, {"type": "Feature", "geometry": {"type": "Point", "coordinates": [14.25, 54.75]}, "properties": {"value": 7.718, "time": "2025-12-01T19:00:00", "date": "2025-12-01", "hour": 19}}, {"type": "Feature", "geometry": {"type": "Point", "coordinates": [14.5, 54.75]}, "properties": {"value": 8.043, "time": "2025-12-01T19:00:00", "date": "2025-12-01", "hour": 19}}, {"type": "Feature", "geometry": {"type": "Point", "coordinates": [14.75, 54.75]}, "properties": {"value": 8.412, "time": "2025-12-01T19:00:00", "date": "2025-12-01", "hour": 19}}, {"type": "Feature", "geometry": {"type": "Point", "coordinates": [15.0, 54.75]}, "properties": {"value": 8.611, "time": "2025-12-01T19:00:00", "date": "2025-12-01", "hour": 19}}, {"type": "Feature", "geometry": {"type": "Point", "coordinates": [5.0, 55.0]}, "properties": {"value": 11.326, "time": "2025-12-01T19:00:00", "date": "2025-12-01", "hour": 19}}, {"type": "Feature", "geometry": {"type": "Point", "coordinates": [5.25, 55.0]}, "properties": {"value": 11.343, "time": "2025-12-01T19:00:00", "date": "2025-12-01", "hour": 19}}, {"type": "Feature", "geometry": {"type": "Point", "coordinates": [5.5, 55.0]}, "properties": {"value": 11.327, "time": "2025-12-01T19:00:00", "date": "2025-12-01", "hour": 19}}, {"type": "Feature", "geometry": {"type": "Point", "coordinates": [5.75, 55.0]}, "properties": {"value": 11.297, "time": "2025-12-01T19:00:00", "date": "2025-12-01", "hour": 19}}, {"type": "Feature", "geometry": {"type": "Point", "coordinates": [6.0, 55.0]}, "properties": {"value": 11.252, "time": "2025-12-01T19:00:00", "date": "2025-12-01", "hour": 19}}, {"type": "Feature", "geometry": {"type": "Point", "coordinates": [6.25, 55.0]}, "properties": {"value": 11.197, "time": "2025-12-01T19:00:00", "date": "2025-12-01", "hour": 19}}, {"type": "Feature", "geometry": {"type": "Point", "coordinates": [6.5, 55.0]}, "properties": {"value": 11.076, "time": "2025-12-01T19:00:00", "date": "2025-12-01", "hour": 19}}, {"type": "Feature", "geometry": {"type": "Point", "coordinates": [6.75, 55.0]}, "properties": {"value": 10.934, "time": "2025-12-01T19:00:00", "date": "2025-12-01", "hour": 19}}, {"type": "Feature", "geometry": {"type": "Point", "coordinates": [7.0, 55.0]}, "properties": {"value": 10.756, "time": "2025-12-01T19:00:00", "date": "2025-12-01", "hour": 19}}, {"type": "Feature", "geometry": {"type": "Point", "coordinates": [7.25, 55.0]}, "properties": {"value": 10.379, "time": "2025-12-01T19:00:00", "date": "2025-12-01", "hour": 19}}, {"type": "Feature", "geometry": {"type": "Point", "coordinates": [7.5, 55.0]}, "properties": {"value": 10.018, "time": "2025-12-01T19:00:00", "date": "2025-12-01", "hour": 19}}, {"type": "Feature", "geometry": {"type": "Point", "coordinates": [7.75, 55.0]}, "properties": {"value": 8.956, "time": "2025-12-01T19:00:00", "date": "2025-12-01", "hour": 19}}, {"type": "Feature", "geometry": {"type": "Point", "coordinates": [8.0, 55.0]}, "properties": {"value": 7.974, "time": "2025-12-01T19:00:00", "date": "2025-12-01", "hour": 19}}, {"type": "Feature", "geometry": {"type": "Point", "coordinates": [8.25, 55.0]}, "properties": {"value": 6.612, "time": "2025-12-01T19:00:00", "date": "2025-12-01", "hour": 19}}, {"type": "Feature", "geometry": {"type": "Point", "coordinates": [8.5, 55.0]}, "properties": {"value": 5.574, "time": "2025-12-01T19:00:00", "date": "2025-12-01", "hour": 19}}, {"type": "Feature", "geometry": {"type": "Point", "coordinates": [10.25, 55.0]}, "properties": {"value": 6.633, "time": "2025-12-01T19:00:00", "date": "2025-12-01", "hour": 19}}, {"type": "Feature", "geometry": {"type": "Point", "coordinates": [10.5, 55.0]}, "properties": {"value": 6.71, "time": "2025-12-01T19:00:00", "date": "2025-12-01", "hour": 19}}, {"type": "Feature", "geometry": {"type": "Point", "coordinates": [10.75, 55.0]}, "properties": {"value": 6.785, "time": "2025-12-01T19:00:00", "date": "2025-12-01", "hour": 19}}, {"type": "Feature", "geometry": {"type": "Point", "coordinates": [11.0, 55.0]}, "properties": {"value": 6.573, "time": "2025-12-01T19:00:00", "date": "2025-12-01", "hour": 19}}, {"type": "Feature", "geometry": {"type": "Point", "coordinates": [11.25, 55.0]}, "properties": {"value": 6.254, "time": "2025-12-01T19:00:00", "date": "2025-12-01", "hour": 19}}, {"type": "Feature", "geometry": {"type": "Point", "coordinates": [11.5, 55.0]}, "properties": {"value": 6.016, "time": "2025-12-01T19:00:00", "date": "2025-12-01", "hour": 19}}, {"type": "Feature", "geometry": {"type": "Point", "coordinates": [11.75, 55.0]}, "properties": {"value": 5.739, "time": "2025-12-01T19:00:00", "date": "2025-12-01", "hour": 19}}, {"type": "Feature", "geometry": {"type": "Point", "coordinates": [12.0, 55.0]}, "properties": {"value": 6.229, "time": "2025-12-01T19:00:00", "date": "2025-12-01", "hour": 19}}, {"type": "Feature", "geometry": {"type": "Point", "coordinates": [12.25, 55.0]}, "properties": {"value": 6.941, "time": "2025-12-01T19:00:00", "date": "2025-12-01", "hour": 19}}, {"type": "Feature", "geometry": {"type": "Point", "coordinates": [12.5, 55.0]}, "properties": {"value": 7.794, "time": "2025-12-01T19:00:00", "date": "2025-12-01", "hour": 19}}, {"type": "Feature", "geometry": {"type": "Point", "coordinates": [12.75, 55.0]}, "properties": {"value": 8.024, "time": "2025-12-01T19:00:00", "date": "2025-12-01", "hour": 19}}, {"type": "Feature", "geometry": {"type": "Point", "coordinates": [13.0, 55.0]}, "properties": {"value": 8.186, "time": "2025-12-01T19:00:00", "date": "2025-12-01", "hour": 19}}, {"type": "Feature", "geometry": {"type": "Point", "coordinates": [13.25, 55.0]}, "properties": {"value": 8.29, "time": "2025-12-01T19:00:00", "date": "2025-12-01", "hour": 19}}, {"type": "Feature", "geometry": {"type": "Point", "coordinates": [13.5, 55.0]}, "properties": {"value": 8.34, "time": "2025-12-01T19:00:00", "date": "2025-12-01", "hour": 19}}, {"type": "Feature", "geometry": {"type": "Point", "coordinates": [13.75, 55.0]}, "properties": {"value": 8.402, "time": "2025-12-01T19:00:00", "date": "2025-12-01", "hour": 19}}, {"type": "Feature", "geometry": {"type": "Point", "coordinates": [14.0, 55.0]}, "properties": {"value": 8.359, "time": "2025-12-01T19:00:00", "date": "2025-12-01", "hour": 19}}, {"type": "Feature", "geometry": {"type": "Point", "coordinates": [14.25, 55.0]}, "properties": {"value": 8.27, "time": "2025-12-01T19:00:00", "date": "2025-12-01", "hour": 19}}, {"type": "Feature", "geometry": {"type": "Point", "coordinates": [14.5, 55.0]}, "properties": {"value": 8.167, "time": "2025-12-01T19:00:00", "date": "2025-12-01", "hour": 19}}, {"type": "Feature", "geometry": {"type": "Point", "coordinates": [14.75, 55.0]}, "properties": {"value": 8.191, "time": "2025-12-01T19:00:00", "date": "2025-12-01", "hour": 19}}, {"type": "Feature", "geometry": {"type": "Point", "coordinates": [15.0, 55.0]}, "properties": {"value": 8.269, "time": "2025-12-01T19:00:00", "date": "2025-12-01", "hour": 19}}, {"type": "Feature", "geometry": {"type": "Point", "coordinates": [5.25, 52.75]}, "properties": {"value": 5.87, "time": "2025-12-01T20:00:00", "date": "2025-12-01", "hour": 20}}, {"type": "Feature", "geometry": {"type": "Point", "coordinates": [5.5, 52.75]}, "properties": {"value": 5.874, "time": "2025-12-01T20:00:00", "date": "2025-12-01", "hour": 20}}, {"type": "Feature", "geometry": {"type": "Point", "coordinates": [5.0, 53.0]}, "properties": {"value": 7.136, "time": "2025-12-01T20:00:00", "date": "2025-12-01", "hour": 20}}, {"type": "Feature", "geometry": {"type": "Point", "coordinates": [5.25, 53.0]}, "properties": {"value": 6.372, "time": "2025-12-01T20:00:00", "date": "2025-12-01", "hour": 20}}, {"type": "Feature", "geometry": {"type": "Point", "coordinates": [5.5, 53.0]}, "properties": {"value": 5.806, "time": "2025-12-01T20:00:00", "date": "2025-12-01", "hour": 20}}, {"type": "Feature", "geometry": {"type": "Point", "coordinates": [5.0, 53.25]}, "properties": {"value": 8.133, "time": "2025-12-01T20:00:00", "date": "2025-12-01", "hour": 20}}, {"type": "Feature", "geometry": {"type": "Point", "coordinates": [5.25, 53.25]}, "properties": {"value": 7.078, "time": "2025-12-01T20:00:00", "date": "2025-12-01", "hour": 20}}, {"type": "Feature", "geometry": {"type": "Point", "coordinates": [5.5, 53.25]}, "properties": {"value": 6.443, "time": "2025-12-01T20:00:00", "date": "2025-12-01", "hour": 20}}, {"type": "Feature", "geometry": {"type": "Point", "coordinates": [5.0, 53.5]}, "properties": {"value": 9.858, "time": "2025-12-01T20:00:00", "date": "2025-12-01", "hour": 20}}, {"type": "Feature", "geometry": {"type": "Point", "coordinates": [5.25, 53.5]}, "properties": {"value": 9.263, "time": "2025-12-01T20:00:00", "date": "2025-12-01", "hour": 20}}, {"type": "Feature", "geometry": {"type": "Point", "coordinates": [5.5, 53.5]}, "properties": {"value": 9.037, "time": "2025-12-01T20:00:00", "date": "2025-12-01", "hour": 20}}, {"type": "Feature", "geometry": {"type": "Point", "coordinates": [5.75, 53.5]}, "properties": {"value": 8.363, "time": "2025-12-01T20:00:00", "date": "2025-12-01", "hour": 20}}, {"type": "Feature", "geometry": {"type": "Point", "coordinates": [6.0, 53.5]}, "properties": {"value": 7.583, "time": "2025-12-01T20:00:00", "date": "2025-12-01", "hour": 20}}, {"type": "Feature", "geometry": {"type": "Point", "coordinates": [6.25, 53.5]}, "properties": {"value": 6.762, "time": "2025-12-01T20:00:00", "date": "2025-12-01", "hour": 20}}, {"type": "Feature", "geometry": {"type": "Point", "coordinates": [6.5, 53.5]}, "properties": {"value": 6.362, "time": "2025-12-01T20:00:00", "date": "2025-12-01", "hour": 20}}, {"type": "Feature", "geometry": {"type": "Point", "coordinates": [6.75, 53.5]}, "properties": {"value": 5.656, "time": "2025-12-01T20:00:00", "date": "2025-12-01", "hour": 20}}, {"type": "Feature", "geometry": {"type": "Point", "coordinates": [5.0, 53.75]}, "properties": {"value": 10.558, "time": "2025-12-01T20:00:00", "date": "2025-12-01", "hour": 20}}, {"type": "Feature", "geometry": {"type": "Point", "coordinates": [5.25, 53.75]}, "properties": {"value": 10.271, "time": "2025-12-01T20:00:00", "date": "2025-12-01", "hour": 20}}, {"type": "Feature", "geometry": {"type": "Point", "coordinates": [5.5, 53.75]}, "properties": {"value": 10.048, "time": "2025-12-01T20:00:00", "date": "2025-12-01", "hour": 20}}, {"type": "Feature", "geometry": {"type": "Point", "coordinates": [5.75, 53.75]}, "properties": {"value": 9.769, "time": "2025-12-01T20:00:00", "date": "2025-12-01", "hour": 20}}, {"type": "Feature", "geometry": {"type": "Point", "coordinates": [6.0, 53.75]}, "properties": {"value": 9.163, "time": "2025-12-01T20:00:00", "date": "2025-12-01", "hour": 20}}, {"type": "Feature", "geometry": {"type": "Point", "coordinates": [6.25, 53.75]}, "properties": {"value": 8.853, "time": "2025-12-01T20:00:00", "date": "2025-12-01", "hour": 20}}, {"type": "Feature", "geometry": {"type": "Point", "coordinates": [6.5, 53.75]}, "properties": {"value": 8.424, "time": "2025-12-01T20:00:00", "date": "2025-12-01", "hour": 20}}, {"type": "Feature", "geometry": {"type": "Point", "coordinates": [6.75, 53.75]}, "properties": {"value": 7.902, "time": "2025-12-01T20:00:00", "date": "2025-12-01", "hour": 20}}, {"type": "Feature", "geometry": {"type": "Point", "coordinates": [7.0, 53.75]}, "properties": {"value": 8.203, "time": "2025-12-01T20:00:00", "date": "2025-12-01", "hour": 20}}, {"type": "Feature", "geometry": {"type": "Point", "coordinates": [7.25, 53.75]}, "properties": {"value": 7.675, "time": "2025-12-01T20:00:00", "date": "2025-12-01", "hour": 20}}, {"type": "Feature", "geometry": {"type": "Point", "coordinates": [7.5, 53.75]}, "properties": {"value": 7.903, "time": "2025-12-01T20:00:00", "date": "2025-12-01", "hour": 20}}, {"type": "Feature", "geometry": {"type": "Point", "coordinates": [7.75, 53.75]}, "properties": {"value": 7.942, "time": "2025-12-01T20:00:00", "date": "2025-12-01", "hour": 20}}, {"type": "Feature", "geometry": {"type": "Point", "coordinates": [8.0, 53.75]}, "properties": {"value": 7.827, "time": "2025-12-01T20:00:00", "date": "2025-12-01", "hour": 20}}, {"type": "Feature", "geometry": {"type": "Point", "coordinates": [8.25, 53.75]}, "properties": {"value": 7.053, "time": "2025-12-01T20:00:00", "date": "2025-12-01", "hour": 20}}, {"type": "Feature", "geometry": {"type": "Point", "coordinates": [8.5, 53.75]}, "properties": {"value": 6.125, "time": "2025-12-01T20:00:00", "date": "2025-12-01", "hour": 20}}, {"type": "Feature", "geometry": {"type": "Point", "coordinates": [8.75, 53.75]}, "properties": {"value": 6.125, "time": "2025-12-01T20:00:00", "date": "2025-12-01", "hour": 20}}, {"type": "Feature", "geometry": {"type": "Point", "coordinates": [14.25, 53.75]}, "properties": {"value": 3.644, "time": "2025-12-01T20:00:00", "date": "2025-12-01", "hour": 20}}, {"type": "Feature", "geometry": {"type": "Point", "coordinates": [14.5, 53.75]}, "properties": {"value": 3.644, "time": "2025-12-01T20:00:00", "date": "2025-12-01", "hour": 20}}, {"type": "Feature", "geometry": {"type": "Point", "coordinates": [5.0, 54.0]}, "properties": {"value": 10.988, "time": "2025-12-01T20:00:00", "date": "2025-12-01", "hour": 20}}, {"type": "Feature", "geometry": {"type": "Point", "coordinates": [5.25, 54.0]}, "properties": {"value": 10.926, "time": "2025-12-01T20:00:00", "date": "2025-12-01", "hour": 20}}, {"type": "Feature", "geometry": {"type": "Point", "coordinates": [5.5, 54.0]}, "properties": {"value": 10.704, "time": "2025-12-01T20:00:00", "date": "2025-12-01", "hour": 20}}, {"type": "Feature", "geometry": {"type": "Point", "coordinates": [5.75, 54.0]}, "properties": {"value": 10.472, "time": "2025-12-01T20:00:00", "date": "2025-12-01", "hour": 20}}, {"type": "Feature", "geometry": {"type": "Point", "coordinates": [6.0, 54.0]}, "properties": {"value": 10.25, "time": "2025-12-01T20:00:00", "date": "2025-12-01", "hour": 20}}, {"type": "Feature", "geometry": {"type": "Point", "coordinates": [6.25, 54.0]}, "properties": {"value": 9.99, "time": "2025-12-01T20:00:00", "date": "2025-12-01", "hour": 20}}, {"type": "Feature", "geometry": {"type": "Point", "coordinates": [6.5, 54.0]}, "properties": {"value": 9.624, "time": "2025-12-01T20:00:00", "date": "2025-12-01", "hour": 20}}, {"type": "Feature", "geometry": {"type": "Point", "coordinates": [6.75, 54.0]}, "properties": {"value": 9.527, "time": "2025-12-01T20:00:00", "date": "2025-12-01", "hour": 20}}, {"type": "Feature", "geometry": {"type": "Point", "coordinates": [7.0, 54.0]}, "properties": {"value": 9.269, "time": "2025-12-01T20:00:00", "date": "2025-12-01", "hour": 20}}, {"type": "Feature", "geometry": {"type": "Point", "coordinates": [7.25, 54.0]}, "properties": {"value": 8.917, "time": "2025-12-01T20:00:00", "date": "2025-12-01", "hour": 20}}, {"type": "Feature", "geometry": {"type": "Point", "coordinates": [7.5, 54.0]}, "properties": {"value": 9.058, "time": "2025-12-01T20:00:00", "date": "2025-12-01", "hour": 20}}, {"type": "Feature", "geometry": {"type": "Point", "coordinates": [7.75, 54.0]}, "properties": {"value": 9.069, "time": "2025-12-01T20:00:00", "date": "2025-12-01", "hour": 20}}, {"type": "Feature", "geometry": {"type": "Point", "coordinates": [8.0, 54.0]}, "properties": {"value": 8.935, "time": "2025-12-01T20:00:00", "date": "2025-12-01", "hour": 20}}, {"type": "Feature", "geometry": {"type": "Point", "coordinates": [8.25, 54.0]}, "properties": {"value": 8.35, "time": "2025-12-01T20:00:00", "date": "2025-12-01", "hour": 20}}, {"type": "Feature", "geometry": {"type": "Point", "coordinates": [8.5, 54.0]}, "properties": {"value": 6.885, "time": "2025-12-01T20:00:00", "date": "2025-12-01", "hour": 20}}, {"type": "Feature", "geometry": {"type": "Point", "coordinates": [11.25, 54.0]}, "properties": {"value": 6.933, "time": "2025-12-01T20:00:00", "date": "2025-12-01", "hour": 20}}, {"type": "Feature", "geometry": {"type": "Point", "coordinates": [14.0, 54.0]}, "properties": {"value": 5.097, "time": "2025-12-01T20:00:00", "date": "2025-12-01", "hour": 20}}, {"type": "Feature", "geometry": {"type": "Point", "coordinates": [14.25, 54.0]}, "properties": {"value": 5.69, "time": "2025-12-01T20:00:00", "date": "2025-12-01", "hour": 20}}, {"type": "Feature", "geometry": {"type": "Point", "coordinates": [14.5, 54.0]}, "properties": {"value": 5.4, "time": "2025-12-01T20:00:00", "date": "2025-12-01", "hour": 20}}, {"type": "Feature", "geometry": {"type": "Point", "coordinates": [14.75, 54.0]}, "properties": {"value": 5.837, "time": "2025-12-01T20:00:00", "date": "2025-12-01", "hour": 20}}, {"type": "Feature", "geometry": {"type": "Point", "coordinates": [5.0, 54.25]}, "properties": {"value": 11.138, "time": "2025-12-01T20:00:00", "date": "2025-12-01", "hour": 20}}, {"type": "Feature", "geometry": {"type": "Point", "coordinates": [5.25, 54.25]}, "properties": {"value": 11.073, "time": "2025-12-01T20:00:00", "date": "2025-12-01", "hour": 20}}, {"type": "Feature", "geometry": {"type": "Point", "coordinates": [5.5, 54.25]}, "properties": {"value": 11.028, "time": "2025-12-01T20:00:00", "date": "2025-12-01", "hour": 20}}, {"type": "Feature", "geometry": {"type": "Point", "coordinates": [5.75, 54.25]}, "properties": {"value": 10.833, "time": "2025-12-01T20:00:00", "date": "2025-12-01", "hour": 20}}, {"type": "Feature", "geometry": {"type": "Point", "coordinates": [6.0, 54.25]}, "properties": {"value": 10.724, "time": "2025-12-01T20:00:00", "date": "2025-12-01", "hour": 20}}, {"type": "Feature", "geometry": {"type": "Point", "coordinates": [6.25, 54.25]}, "properties": {"value": 10.514, "time": "2025-12-01T20:00:00", "date": "2025-12-01", "hour": 20}}, {"type": "Feature", "geometry": {"type": "Point", "coordinates": [6.5, 54.25]}, "properties": {"value": 10.357, "time": "2025-12-01T20:00:00", "date": "2025-12-01", "hour": 20}}, {"type": "Feature", "geometry": {"type": "Point", "coordinates": [6.75, 54.25]}, "properties": {"value": 10.216, "time": "2025-12-01T20:00:00", "date": "2025-12-01", "hour": 20}}, {"type": "Feature", "geometry": {"type": "Point", "coordinates": [7.0, 54.25]}, "properties": {"value": 9.99, "time": "2025-12-01T20:00:00", "date": "2025-12-01", "hour": 20}}, {"type": "Feature", "geometry": {"type": "Point", "coordinates": [7.25, 54.25]}, "properties": {"value": 9.88, "time": "2025-12-01T20:00:00", "date": "2025-12-01", "hour": 20}}, {"type": "Feature", "geometry": {"type": "Point", "coordinates": [7.5, 54.25]}, "properties": {"value": 9.945, "time": "2025-12-01T20:00:00", "date": "2025-12-01", "hour": 20}}, {"type": "Feature", "geometry": {"type": "Point", "coordinates": [7.75, 54.25]}, "properties": {"value": 9.603, "time": "2025-12-01T20:00:00", "date": "2025-12-01", "hour": 20}}, {"type": "Feature", "geometry": {"type": "Point", "coordinates": [8.0, 54.25]}, "properties": {"value": 9.35, "time": "2025-12-01T20:00:00", "date": "2025-12-01", "hour": 20}}, {"type": "Feature", "geometry": {"type": "Point", "coordinates": [8.25, 54.25]}, "properties": {"value": 7.977, "time": "2025-12-01T20:00:00", "date": "2025-12-01", "hour": 20}}, {"type": "Feature", "geometry": {"type": "Point", "coordinates": [8.5, 54.25]}, "properties": {"value": 6.56, "time": "2025-12-01T20:00:00", "date": "2025-12-01", "hour": 20}}, {"type": "Feature", "geometry": {"type": "Point", "coordinates": [10.75, 54.25]}, "properties": {"value": 7.086, "time": "2025-12-01T20:00:00", "date": "2025-12-01", "hour": 20}}, {"type": "Feature", "geometry": {"type": "Point", "coordinates": [11.25, 54.25]}, "properties": {"value": 7.105, "time": "2025-12-01T20:00:00", "date": "2025-12-01", "hour": 20}}, {"type": "Feature", "geometry": {"type": "Point", "coordinates": [11.75, 54.25]}, "properties": {"value": 7.016, "time": "2025-12-01T20:00:00", "date": "2025-12-01", "hour": 20}}, {"type": "Feature", "geometry": {"type": "Point", "coordinates": [12.25, 54.25]}, "properties": {"value": 6.849, "time": "2025-12-01T20:00:00", "date": "2025-12-01", "hour": 20}}, {"type": "Feature", "geometry": {"type": "Point", "coordinates": [13.75, 54.25]}, "properties": {"value": 5.402, "time": "2025-12-01T20:00:00", "date": "2025-12-01", "hour": 20}}, {"type": "Feature", "geometry": {"type": "Point", "coordinates": [14.0, 54.25]}, "properties": {"value": 5.783, "time": "2025-12-01T20:00:00", "date": "2025-12-01", "hour": 20}}, {"type": "Feature", "geometry": {"type": "Point", "coordinates": [14.25, 54.25]}, "properties": {"value": 6.141, "time": "2025-12-01T20:00:00", "date": "2025-12-01", "hour": 20}}, {"type": "Feature", "geometry": {"type": "Point", "coordinates": [14.5, 54.25]}, "properties": {"value": 6.004, "time": "2025-12-01T20:00:00", "date": "2025-12-01", "hour": 20}}, {"type": "Feature", "geometry": {"type": "Point", "coordinates": [14.75, 54.25]}, "properties": {"value": 6.275, "time": "2025-12-01T20:00:00", "date": "2025-12-01", "hour": 20}}, {"type": "Feature", "geometry": {"type": "Point", "coordinates": [15.0, 54.25]}, "properties": {"value": 6.996, "time": "2025-12-01T20:00:00", "date": "2025-12-01", "hour": 20}}, {"type": "Feature", "geometry": {"type": "Point", "coordinates": [5.0, 54.5]}, "properties": {"value": 11.234, "time": "2025-12-01T20:00:00", "date": "2025-12-01", "hour": 20}}, {"type": "Feature", "geometry": {"type": "Point", "coordinates": [5.25, 54.5]}, "properties": {"value": 11.227, "time": "2025-12-01T20:00:00", "date": "2025-12-01", "hour": 20}}, {"type": "Feature", "geometry": {"type": "Point", "coordinates": [5.5, 54.5]}, "properties": {"value": 11.182, "time": "2025-12-01T20:00:00", "date": "2025-12-01", "hour": 20}}, {"type": "Feature", "geometry": {"type": "Point", "coordinates": [5.75, 54.5]}, "properties": {"value": 11.111, "time": "2025-12-01T20:00:00", "date": "2025-12-01", "hour": 20}}, {"type": "Feature", "geometry": {"type": "Point", "coordinates": [6.0, 54.5]}, "properties": {"value": 10.996, "time": "2025-12-01T20:00:00", "date": "2025-12-01", "hour": 20}}, {"type": "Feature", "geometry": {"type": "Point", "coordinates": [6.25, 54.5]}, "properties": {"value": 10.846, "time": "2025-12-01T20:00:00", "date": "2025-12-01", "hour": 20}}, {"type": "Feature", "geometry": {"type": "Point", "coordinates": [6.5, 54.5]}, "properties": {"value": 10.674, "time": "2025-12-01T20:00:00", "date": "2025-12-01", "hour": 20}}, {"type": "Feature", "geometry": {"type": "Point", "coordinates": [6.75, 54.5]}, "properties": {"value": 10.476, "time": "2025-12-01T20:00:00", "date": "2025-12-01", "hour": 20}}, {"type": "Feature", "geometry": {"type": "Point", "coordinates": [7.0, 54.5]}, "properties": {"value": 10.35, "time": "2025-12-01T20:00:00", "date": "2025-12-01", "hour": 20}}, {"type": "Feature", "geometry": {"type": "Point", "coordinates": [7.25, 54.5]}, "properties": {"value": 10.159, "time": "2025-12-01T20:00:00", "date": "2025-12-01", "hour": 20}}, {"type": "Feature", "geometry": {"type": "Point", "coordinates": [7.5, 54.5]}, "properties": {"value": 10.163, "time": "2025-12-01T20:00:00", "date": "2025-12-01", "hour": 20}}, {"type": "Feature", "geometry": {"type": "Point", "coordinates": [7.75, 54.5]}, "properties": {"value": 9.648, "time": "2025-12-01T20:00:00", "date": "2025-12-01", "hour": 20}}, {"type": "Feature", "geometry": {"type": "Point", "coordinates": [8.0, 54.5]}, "properties": {"value": 8.637, "time": "2025-12-01T20:00:00", "date": "2025-12-01", "hour": 20}}, {"type": "Feature", "geometry": {"type": "Point", "coordinates": [8.25, 54.5]}, "properties": {"value": 7.143, "time": "2025-12-01T20:00:00", "date": "2025-12-01", "hour": 20}}, {"type": "Feature", "geometry": {"type": "Point", "coordinates": [8.5, 54.5]}, "properties": {"value": 5.947, "time": "2025-12-01T20:00:00", "date": "2025-12-01", "hour": 20}}, {"type": "Feature", "geometry": {"type": "Point", "coordinates": [10.5, 54.5]}, "properties": {"value": 7.425, "time": "2025-12-01T20:00:00", "date": "2025-12-01", "hour": 20}}, {"type": "Feature", "geometry": {"type": "Point", "coordinates": [10.75, 54.5]}, "properties": {"value": 7.25, "time": "2025-12-01T20:00:00", "date": "2025-12-01", "hour": 20}}, {"type": "Feature", "geometry": {"type": "Point", "coordinates": [11.0, 54.5]}, "properties": {"value": 6.818, "time": "2025-12-01T20:00:00", "date": "2025-12-01", "hour": 20}}, {"type": "Feature", "geometry": {"type": "Point", "coordinates": [11.25, 54.5]}, "properties": {"value": 6.904, "time": "2025-12-01T20:00:00", "date": "2025-12-01", "hour": 20}}, {"type": "Feature", "geometry": {"type": "Point", "coordinates": [11.5, 54.5]}, "properties": {"value": 6.78, "time": "2025-12-01T20:00:00", "date": "2025-12-01", "hour": 20}}, {"type": "Feature", "geometry": {"type": "Point", "coordinates": [11.75, 54.5]}, "properties": {"value": 7.055, "time": "2025-12-01T20:00:00", "date": "2025-12-01", "hour": 20}}, {"type": "Feature", "geometry": {"type": "Point", "coordinates": [12.0, 54.5]}, "properties": {"value": 7.145, "time": "2025-12-01T20:00:00", "date": "2025-12-01", "hour": 20}}, {"type": "Feature", "geometry": {"type": "Point", "coordinates": [12.25, 54.5]}, "properties": {"value": 7.114, "time": "2025-12-01T20:00:00", "date": "2025-12-01", "hour": 20}}, {"type": "Feature", "geometry": {"type": "Point", "coordinates": [13.0, 54.5]}, "properties": {"value": 7.342, "time": "2025-12-01T20:00:00", "date": "2025-12-01", "hour": 20}}, {"type": "Feature", "geometry": {"type": "Point", "coordinates": [13.25, 54.5]}, "properties": {"value": 6.737, "time": "2025-12-01T20:00:00", "date": "2025-12-01", "hour": 20}}, {"type": "Feature", "geometry": {"type": "Point", "coordinates": [13.5, 54.5]}, "properties": {"value": 6.579, "time": "2025-12-01T20:00:00", "date": "2025-12-01", "hour": 20}}, {"type": "Feature", "geometry": {"type": "Point", "coordinates": [13.75, 54.5]}, "properties": {"value": 6.536, "time": "2025-12-01T20:00:00", "date": "2025-12-01", "hour": 20}}, {"type": "Feature", "geometry": {"type": "Point", "coordinates": [14.0, 54.5]}, "properties": {"value": 6.82, "time": "2025-12-01T20:00:00", "date": "2025-12-01", "hour": 20}}, {"type": "Feature", "geometry": {"type": "Point", "coordinates": [14.25, 54.5]}, "properties": {"value": 6.796, "time": "2025-12-01T20:00:00", "date": "2025-12-01", "hour": 20}}, {"type": "Feature", "geometry": {"type": "Point", "coordinates": [14.5, 54.5]}, "properties": {"value": 6.964, "time": "2025-12-01T20:00:00", "date": "2025-12-01", "hour": 20}}, {"type": "Feature", "geometry": {"type": "Point", "coordinates": [14.75, 54.5]}, "properties": {"value": 7.362, "time": "2025-12-01T20:00:00", "date": "2025-12-01", "hour": 20}}, {"type": "Feature", "geometry": {"type": "Point", "coordinates": [15.0, 54.5]}, "properties": {"value": 8.121, "time": "2025-12-01T20:00:00", "date": "2025-12-01", "hour": 20}}, {"type": "Feature", "geometry": {"type": "Point", "coordinates": [5.0, 54.75]}, "properties": {"value": 11.377, "time": "2025-12-01T20:00:00", "date": "2025-12-01", "hour": 20}}, {"type": "Feature", "geometry": {"type": "Point", "coordinates": [5.25, 54.75]}, "properties": {"value": 11.37, "time": "2025-12-01T20:00:00", "date": "2025-12-01", "hour": 20}}, {"type": "Feature", "geometry": {"type": "Point", "coordinates": [5.5, 54.75]}, "properties": {"value": 11.325, "time": "2025-12-01T20:00:00", "date": "2025-12-01", "hour": 20}}, {"type": "Feature", "geometry": {"type": "Point", "coordinates": [5.75, 54.75]}, "properties": {"value": 11.295, "time": "2025-12-01T20:00:00", "date": "2025-12-01", "hour": 20}}, {"type": "Feature", "geometry": {"type": "Point", "coordinates": [6.0, 54.75]}, "properties": {"value": 11.17, "time": "2025-12-01T20:00:00", "date": "2025-12-01", "hour": 20}}, {"type": "Feature", "geometry": {"type": "Point", "coordinates": [6.25, 54.75]}, "properties": {"value": 11.021, "time": "2025-12-01T20:00:00", "date": "2025-12-01", "hour": 20}}, {"type": "Feature", "geometry": {"type": "Point", "coordinates": [6.5, 54.75]}, "properties": {"value": 10.874, "time": "2025-12-01T20:00:00", "date": "2025-12-01", "hour": 20}}, {"type": "Feature", "geometry": {"type": "Point", "coordinates": [6.75, 54.75]}, "properties": {"value": 10.739, "time": "2025-12-01T20:00:00", "date": "2025-12-01", "hour": 20}}, {"type": "Feature", "geometry": {"type": "Point", "coordinates": [7.0, 54.75]}, "properties": {"value": 10.652, "time": "2025-12-01T20:00:00", "date": "2025-12-01", "hour": 20}}, {"type": "Feature", "geometry": {"type": "Point", "coordinates": [7.25, 54.75]}, "properties": {"value": 10.445, "time": "2025-12-01T20:00:00", "date": "2025-12-01", "hour": 20}}, {"type": "Feature", "geometry": {"type": "Point", "coordinates": [7.5, 54.75]}, "properties": {"value": 10.14, "time": "2025-12-01T20:00:00", "date": "2025-12-01", "hour": 20}}, {"type": "Feature", "geometry": {"type": "Point", "coordinates": [7.75, 54.75]}, "properties": {"value": 9.109, "time": "2025-12-01T20:00:00", "date": "2025-12-01", "hour": 20}}, {"type": "Feature", "geometry": {"type": "Point", "coordinates": [8.0, 54.75]}, "properties": {"value": 8.069, "time": "2025-12-01T20:00:00", "date": "2025-12-01", "hour": 20}}, {"type": "Feature", "geometry": {"type": "Point", "coordinates": [8.25, 54.75]}, "properties": {"value": 6.601, "time": "2025-12-01T20:00:00", "date": "2025-12-01", "hour": 20}}, {"type": "Feature", "geometry": {"type": "Point", "coordinates": [8.5, 54.75]}, "properties": {"value": 5.543, "time": "2025-12-01T20:00:00", "date": "2025-12-01", "hour": 20}}, {"type": "Feature", "geometry": {"type": "Point", "coordinates": [10.25, 54.75]}, "properties": {"value": 7.504, "time": "2025-12-01T20:00:00", "date": "2025-12-01", "hour": 20}}, {"type": "Feature", "geometry": {"type": "Point", "coordinates": [10.5, 54.75]}, "properties": {"value": 7.41, "time": "2025-12-01T20:00:00", "date": "2025-12-01", "hour": 20}}, {"type": "Feature", "geometry": {"type": "Point", "coordinates": [10.75, 54.75]}, "properties": {"value": 7.238, "time": "2025-12-01T20:00:00", "date": "2025-12-01", "hour": 20}}, {"type": "Feature", "geometry": {"type": "Point", "coordinates": [11.0, 54.75]}, "properties": {"value": 6.764, "time": "2025-12-01T20:00:00", "date": "2025-12-01", "hour": 20}}, {"type": "Feature", "geometry": {"type": "Point", "coordinates": [11.25, 54.75]}, "properties": {"value": 6.362, "time": "2025-12-01T20:00:00", "date": "2025-12-01", "hour": 20}}, {"type": "Feature", "geometry": {"type": "Point", "coordinates": [11.5, 54.75]}, "properties": {"value": 6.158, "time": "2025-12-01T20:00:00", "date": "2025-12-01", "hour": 20}}, {"type": "Feature", "geometry": {"type": "Point", "coordinates": [12.0, 54.75]}, "properties": {"value": 6.814, "time": "2025-12-01T20:00:00", "date": "2025-12-01", "hour": 20}}, {"type": "Feature", "geometry": {"type": "Point", "coordinates": [12.25, 54.75]}, "properties": {"value": 7.346, "time": "2025-12-01T20:00:00", "date": "2025-12-01", "hour": 20}}, {"type": "Feature", "geometry": {"type": "Point", "coordinates": [12.5, 54.75]}, "properties": {"value": 7.81, "time": "2025-12-01T20:00:00", "date": "2025-12-01", "hour": 20}}, {"type": "Feature", "geometry": {"type": "Point", "coordinates": [12.75, 54.75]}, "properties": {"value": 7.889, "time": "2025-12-01T20:00:00", "date": "2025-12-01", "hour": 20}}, {"type": "Feature", "geometry": {"type": "Point", "coordinates": [13.0, 54.75]}, "properties": {"value": 7.566, "time": "2025-12-01T20:00:00", "date": "2025-12-01", "hour": 20}}, {"type": "Feature", "geometry": {"type": "Point", "coordinates": [13.25, 54.75]}, "properties": {"value": 7.671, "time": "2025-12-01T20:00:00", "date": "2025-12-01", "hour": 20}}, {"type": "Feature", "geometry": {"type": "Point", "coordinates": [13.5, 54.75]}, "properties": {"value": 7.972, "time": "2025-12-01T20:00:00", "date": "2025-12-01", "hour": 20}}, {"type": "Feature", "geometry": {"type": "Point", "coordinates": [13.75, 54.75]}, "properties": {"value": 7.929, "time": "2025-12-01T20:00:00", "date": "2025-12-01", "hour": 20}}, {"type": "Feature", "geometry": {"type": "Point", "coordinates": [14.0, 54.75]}, "properties": {"value": 7.74, "time": "2025-12-01T20:00:00", "date": "2025-12-01", "hour": 20}}, {"type": "Feature", "geometry": {"type": "Point", "coordinates": [14.25, 54.75]}, "properties": {"value": 7.718, "time": "2025-12-01T20:00:00", "date": "2025-12-01", "hour": 20}}, {"type": "Feature", "geometry": {"type": "Point", "coordinates": [14.5, 54.75]}, "properties": {"value": 8.043, "time": "2025-12-01T20:00:00", "date": "2025-12-01", "hour": 20}}, {"type": "Feature", "geometry": {"type": "Point", "coordinates": [14.75, 54.75]}, "properties": {"value": 8.412, "time": "2025-12-01T20:00:00", "date": "2025-12-01", "hour": 20}}, {"type": "Feature", "geometry": {"type": "Point", "coordinates": [15.0, 54.75]}, "properties": {"value": 8.611, "time": "2025-12-01T20:00:00", "date": "2025-12-01", "hour": 20}}, {"type": "Feature", "geometry": {"type": "Point", "coordinates": [5.0, 55.0]}, "properties": {"value": 11.326, "time": "2025-12-01T20:00:00", "date": "2025-12-01", "hour": 20}}, {"type": "Feature", "geometry": {"type": "Point", "coordinates": [5.25, 55.0]}, "properties": {"value": 11.343, "time": "2025-12-01T20:00:00", "date": "2025-12-01", "hour": 20}}, {"type": "Feature", "geometry": {"type": "Point", "coordinates": [5.5, 55.0]}, "properties": {"value": 11.327, "time": "2025-12-01T20:00:00", "date": "2025-12-01", "hour": 20}}, {"type": "Feature", "geometry": {"type": "Point", "coordinates": [5.75, 55.0]}, "properties": {"value": 11.297, "time": "2025-12-01T20:00:00", "date": "2025-12-01", "hour": 20}}, {"type": "Feature", "geometry": {"type": "Point", "coordinates": [6.0, 55.0]}, "properties": {"value": 11.252, "time": "2025-12-01T20:00:00", "date": "2025-12-01", "hour": 20}}, {"type": "Feature", "geometry": {"type": "Point", "coordinates": [6.25, 55.0]}, "properties": {"value": 11.197, "time": "2025-12-01T20:00:00", "date": "2025-12-01", "hour": 20}}, {"type": "Feature", "geometry": {"type": "Point", "coordinates": [6.5, 55.0]}, "properties": {"value": 11.076, "time": "2025-12-01T20:00:00", "date": "2025-12-01", "hour": 20}}, {"type": "Feature", "geometry": {"type": "Point", "coordinates": [6.75, 55.0]}, "properties": {"value": 10.934, "time": "2025-12-01T20:00:00", "date": "2025-12-01", "hour": 20}}, {"type": "Feature", "geometry": {"type": "Point", "coordinates": [7.0, 55.0]}, "properties": {"value": 10.756, "time": "2025-12-01T20:00:00", "date": "2025-12-01", "hour": 20}}, {"type": "Feature", "geometry": {"type": "Point", "coordinates": [7.25, 55.0]}, "properties": {"value": 10.379, "time": "2025-12-01T20:00:00", "date": "2025-12-01", "hour": 20}}, {"type": "Feature", "geometry": {"type": "Point", "coordinates": [7.5, 55.0]}, "properties": {"value": 10.018, "time": "2025-12-01T20:00:00", "date": "2025-12-01", "hour": 20}}, {"type": "Feature", "geometry": {"type": "Point", "coordinates": [7.75, 55.0]}, "properties": {"value": 8.956, "time": "2025-12-01T20:00:00", "date": "2025-12-01", "hour": 20}}, {"type": "Feature", "geometry": {"type": "Point", "coordinates": [8.0, 55.0]}, "properties": {"value": 7.974, "time": "2025-12-01T20:00:00", "date": "2025-12-01", "hour": 20}}, {"type": "Feature", "geometry": {"type": "Point", "coordinates": [8.25, 55.0]}, "properties": {"value": 6.612, "time": "2025-12-01T20:00:00", "date": "2025-12-01", "hour": 20}}, {"type": "Feature", "geometry": {"type": "Point", "coordinates": [8.5, 55.0]}, "properties": {"value": 5.574, "time": "2025-12-01T20:00:00", "date": "2025-12-01", "hour": 20}}, {"type": "Feature", "geometry": {"type": "Point", "coordinates": [10.25, 55.0]}, "properties": {"value": 6.633, "time": "2025-12-01T20:00:00", "date": "2025-12-01", "hour": 20}}, {"type": "Feature", "geometry": {"type": "Point", "coordinates": [10.5, 55.0]}, "properties": {"value": 6.71, "time": "2025-12-01T20:00:00", "date": "2025-12-01", "hour": 20}}, {"type": "Feature", "geometry": {"type": "Point", "coordinates": [10.75, 55.0]}, "properties": {"value": 6.785, "time": "2025-12-01T20:00:00", "date": "2025-12-01", "hour": 20}}, {"type": "Feature", "geometry": {"type": "Point", "coordinates": [11.0, 55.0]}, "properties": {"value": 6.573, "time": "2025-12-01T20:00:00", "date": "2025-12-01", "hour": 20}}, {"type": "Feature", "geometry": {"type": "Point", "coordinates": [11.25, 55.0]}, "properties": {"value": 6.254, "time": "2025-12-01T20:00:00", "date": "2025-12-01", "hour": 20}}, {"type": "Feature", "geometry": {"type": "Point", "coordinates": [11.5, 55.0]}, "properties": {"value": 6.016, "time": "2025-12-01T20:00:00", "date": "2025-12-01", "hour": 20}}, {"type": "Feature", "geometry": {"type": "Point", "coordinates": [11.75, 55.0]}, "properties": {"value": 5.739, "time": "2025-12-01T20:00:00", "date": "2025-12-01", "hour": 20}}, {"type": "Feature", "geometry": {"type": "Point", "coordinates": [12.0, 55.0]}, "properties": {"value": 6.229, "time": "2025-12-01T20:00:00", "date": "2025-12-01", "hour": 20}}, {"type": "Feature", "geometry": {"type": "Point", "coordinates": [12.25, 55.0]}, "properties": {"value": 6.941, "time": "2025-12-01T20:00:00", "date": "2025-12-01", "hour": 20}}, {"type": "Feature", "geometry": {"type": "Point", "coordinates": [12.5, 55.0]}, "properties": {"value": 7.794, "time": "2025-12-01T20:00:00", "date": "2025-12-01", "hour": 20}}, {"type": "Feature", "geometry": {"type": "Point", "coordinates": [12.75, 55.0]}, "properties": {"value": 8.024, "time": "2025-12-01T20:00:00", "date": "2025-12-01", "hour": 20}}, {"type": "Feature", "geometry": {"type": "Point", "coordinates": [13.0, 55.0]}, "properties": {"value": 8.186, "time": "2025-12-01T20:00:00", "date": "2025-12-01", "hour": 20}}, {"type": "Feature", "geometry": {"type": "Point", "coordinates": [13.25, 55.0]}, "properties": {"value": 8.29, "time": "2025-12-01T20:00:00", "date": "2025-12-01", "hour": 20}}, {"type": "Feature", "geometry": {"type": "Point", "coordinates": [13.5, 55.0]}, "properties": {"value": 8.34, "time": "2025-12-01T20:00:00", "date": "2025-12-01", "hour": 20}}, {"type": "Feature", "geometry": {"type": "Point", "coordinates": [13.75, 55.0]}, "properties": {"value": 8.402, "time": "2025-12-01T20:00:00", "date": "2025-12-01", "hour": 20}}, {"type": "Feature", "geometry": {"type": "Point", "coordinates": [14.0, 55.0]}, "properties": {"value": 8.359, "time": "2025-12-01T20:00:00", "date": "2025-12-01", "hour": 20}}, {"type": "Feature", "geometry": {"type": "Point", "coordinates": [14.25, 55.0]}, "properties": {"value": 8.27, "time": "2025-12-01T20:00:00", "date": "2025-12-01", "hour": 20}}, {"type": "Feature", "geometry": {"type": "Point", "coordinates": [14.5, 55.0]}, "properties": {"value": 8.167, "time": "2025-12-01T20:00:00", "date": "2025-12-01", "hour": 20}}, {"type": "Feature", "geometry": {"type": "Point", "coordinates": [14.75, 55.0]}, "properties": {"value": 8.191, "time": "2025-12-01T20:00:00", "date": "2025-12-01", "hour": 20}}, {"type": "Feature", "geometry": {"type": "Point", "coordinates": [15.0, 55.0]}, "properties": {"value": 8.269, "time": "2025-12-01T20:00:00", "date": "2025-12-01", "hour": 20}}, {"type": "Feature", "geometry": {"type": "Point", "coordinates": [5.25, 52.75]}, "properties": {"value": 5.87, "time": "2025-12-01T21:00:00", "date": "2025-12-01", "hour": 21}}, {"type": "Feature", "geometry": {"type": "Point", "coordinates": [5.5, 52.75]}, "properties": {"value": 5.874, "time": "2025-12-01T21:00:00", "date": "2025-12-01", "hour": 21}}, {"type": "Feature", "geometry": {"type": "Point", "coordinates": [5.0, 53.0]}, "properties": {"value": 7.136, "time": "2025-12-01T21:00:00", "date": "2025-12-01", "hour": 21}}, {"type": "Feature", "geometry": {"type": "Point", "coordinates": [5.25, 53.0]}, "properties": {"value": 6.372, "time": "2025-12-01T21:00:00", "date": "2025-12-01", "hour": 21}}, {"type": "Feature", "geometry": {"type": "Point", "coordinates": [5.5, 53.0]}, "properties": {"value": 5.806, "time": "2025-12-01T21:00:00", "date": "2025-12-01", "hour": 21}}, {"type": "Feature", "geometry": {"type": "Point", "coordinates": [5.0, 53.25]}, "properties": {"value": 8.133, "time": "2025-12-01T21:00:00", "date": "2025-12-01", "hour": 21}}, {"type": "Feature", "geometry": {"type": "Point", "coordinates": [5.25, 53.25]}, "properties": {"value": 7.078, "time": "2025-12-01T21:00:00", "date": "2025-12-01", "hour": 21}}, {"type": "Feature", "geometry": {"type": "Point", "coordinates": [5.5, 53.25]}, "properties": {"value": 6.443, "time": "2025-12-01T21:00:00", "date": "2025-12-01", "hour": 21}}, {"type": "Feature", "geometry": {"type": "Point", "coordinates": [5.0, 53.5]}, "properties": {"value": 9.858, "time": "2025-12-01T21:00:00", "date": "2025-12-01", "hour": 21}}, {"type": "Feature", "geometry": {"type": "Point", "coordinates": [5.25, 53.5]}, "properties": {"value": 9.263, "time": "2025-12-01T21:00:00", "date": "2025-12-01", "hour": 21}}, {"type": "Feature", "geometry": {"type": "Point", "coordinates": [5.5, 53.5]}, "properties": {"value": 9.037, "time": "2025-12-01T21:00:00", "date": "2025-12-01", "hour": 21}}, {"type": "Feature", "geometry": {"type": "Point", "coordinates": [5.75, 53.5]}, "properties": {"value": 8.363, "time": "2025-12-01T21:00:00", "date": "2025-12-01", "hour": 21}}, {"type": "Feature", "geometry": {"type": "Point", "coordinates": [6.0, 53.5]}, "properties": {"value": 7.583, "time": "2025-12-01T21:00:00", "date": "2025-12-01", "hour": 21}}, {"type": "Feature", "geometry": {"type": "Point", "coordinates": [6.25, 53.5]}, "properties": {"value": 6.762, "time": "2025-12-01T21:00:00", "date": "2025-12-01", "hour": 21}}, {"type": "Feature", "geometry": {"type": "Point", "coordinates": [6.5, 53.5]}, "properties": {"value": 6.362, "time": "2025-12-01T21:00:00", "date": "2025-12-01", "hour": 21}}, {"type": "Feature", "geometry": {"type": "Point", "coordinates": [6.75, 53.5]}, "properties": {"value": 5.656, "time": "2025-12-01T21:00:00", "date": "2025-12-01", "hour": 21}}, {"type": "Feature", "geometry": {"type": "Point", "coordinates": [5.0, 53.75]}, "properties": {"value": 10.558, "time": "2025-12-01T21:00:00", "date": "2025-12-01", "hour": 21}}, {"type": "Feature", "geometry": {"type": "Point", "coordinates": [5.25, 53.75]}, "properties": {"value": 10.271, "time": "2025-12-01T21:00:00", "date": "2025-12-01", "hour": 21}}, {"type": "Feature", "geometry": {"type": "Point", "coordinates": [5.5, 53.75]}, "properties": {"value": 10.048, "time": "2025-12-01T21:00:00", "date": "2025-12-01", "hour": 21}}, {"type": "Feature", "geometry": {"type": "Point", "coordinates": [5.75, 53.75]}, "properties": {"value": 9.769, "time": "2025-12-01T21:00:00", "date": "2025-12-01", "hour": 21}}, {"type": "Feature", "geometry": {"type": "Point", "coordinates": [6.0, 53.75]}, "properties": {"value": 9.163, "time": "2025-12-01T21:00:00", "date": "2025-12-01", "hour": 21}}, {"type": "Feature", "geometry": {"type": "Point", "coordinates": [6.25, 53.75]}, "properties": {"value": 8.853, "time": "2025-12-01T21:00:00", "date": "2025-12-01", "hour": 21}}, {"type": "Feature", "geometry": {"type": "Point", "coordinates": [6.5, 53.75]}, "properties": {"value": 8.424, "time": "2025-12-01T21:00:00", "date": "2025-12-01", "hour": 21}}, {"type": "Feature", "geometry": {"type": "Point", "coordinates": [6.75, 53.75]}, "properties": {"value": 7.902, "time": "2025-12-01T21:00:00", "date": "2025-12-01", "hour": 21}}, {"type": "Feature", "geometry": {"type": "Point", "coordinates": [7.0, 53.75]}, "properties": {"value": 8.203, "time": "2025-12-01T21:00:00", "date": "2025-12-01", "hour": 21}}, {"type": "Feature", "geometry": {"type": "Point", "coordinates": [7.25, 53.75]}, "properties": {"value": 7.675, "time": "2025-12-01T21:00:00", "date": "2025-12-01", "hour": 21}}, {"type": "Feature", "geometry": {"type": "Point", "coordinates": [7.5, 53.75]}, "properties": {"value": 7.903, "time": "2025-12-01T21:00:00", "date": "2025-12-01", "hour": 21}}, {"type": "Feature", "geometry": {"type": "Point", "coordinates": [7.75, 53.75]}, "properties": {"value": 7.942, "time": "2025-12-01T21:00:00", "date": "2025-12-01", "hour": 21}}, {"type": "Feature", "geometry": {"type": "Point", "coordinates": [8.0, 53.75]}, "properties": {"value": 7.827, "time": "2025-12-01T21:00:00", "date": "2025-12-01", "hour": 21}}, {"type": "Feature", "geometry": {"type": "Point", "coordinates": [8.25, 53.75]}, "properties": {"value": 7.053, "time": "2025-12-01T21:00:00", "date": "2025-12-01", "hour": 21}}, {"type": "Feature", "geometry": {"type": "Point", "coordinates": [8.5, 53.75]}, "properties": {"value": 6.125, "time": "2025-12-01T21:00:00", "date": "2025-12-01", "hour": 21}}, {"type": "Feature", "geometry": {"type": "Point", "coordinates": [8.75, 53.75]}, "properties": {"value": 6.125, "time": "2025-12-01T21:00:00", "date": "2025-12-01", "hour": 21}}, {"type": "Feature", "geometry": {"type": "Point", "coordinates": [14.25, 53.75]}, "properties": {"value": 3.644, "time": "2025-12-01T21:00:00", "date": "2025-12-01", "hour": 21}}, {"type": "Feature", "geometry": {"type": "Point", "coordinates": [14.5, 53.75]}, "properties": {"value": 3.644, "time": "2025-12-01T21:00:00", "date": "2025-12-01", "hour": 21}}, {"type": "Feature", "geometry": {"type": "Point", "coordinates": [5.0, 54.0]}, "properties": {"value": 10.988, "time": "2025-12-01T21:00:00", "date": "2025-12-01", "hour": 21}}, {"type": "Feature", "geometry": {"type": "Point", "coordinates": [5.25, 54.0]}, "properties": {"value": 10.926, "time": "2025-12-01T21:00:00", "date": "2025-12-01", "hour": 21}}, {"type": "Feature", "geometry": {"type": "Point", "coordinates": [5.5, 54.0]}, "properties": {"value": 10.704, "time": "2025-12-01T21:00:00", "date": "2025-12-01", "hour": 21}}, {"type": "Feature", "geometry": {"type": "Point", "coordinates": [5.75, 54.0]}, "properties": {"value": 10.472, "time": "2025-12-01T21:00:00", "date": "2025-12-01", "hour": 21}}, {"type": "Feature", "geometry": {"type": "Point", "coordinates": [6.0, 54.0]}, "properties": {"value": 10.25, "time": "2025-12-01T21:00:00", "date": "2025-12-01", "hour": 21}}, {"type": "Feature", "geometry": {"type": "Point", "coordinates": [6.25, 54.0]}, "properties": {"value": 9.99, "time": "2025-12-01T21:00:00", "date": "2025-12-01", "hour": 21}}, {"type": "Feature", "geometry": {"type": "Point", "coordinates": [6.5, 54.0]}, "properties": {"value": 9.624, "time": "2025-12-01T21:00:00", "date": "2025-12-01", "hour": 21}}, {"type": "Feature", "geometry": {"type": "Point", "coordinates": [6.75, 54.0]}, "properties": {"value": 9.527, "time": "2025-12-01T21:00:00", "date": "2025-12-01", "hour": 21}}, {"type": "Feature", "geometry": {"type": "Point", "coordinates": [7.0, 54.0]}, "properties": {"value": 9.269, "time": "2025-12-01T21:00:00", "date": "2025-12-01", "hour": 21}}, {"type": "Feature", "geometry": {"type": "Point", "coordinates": [7.25, 54.0]}, "properties": {"value": 8.917, "time": "2025-12-01T21:00:00", "date": "2025-12-01", "hour": 21}}, {"type": "Feature", "geometry": {"type": "Point", "coordinates": [7.5, 54.0]}, "properties": {"value": 9.058, "time": "2025-12-01T21:00:00", "date": "2025-12-01", "hour": 21}}, {"type": "Feature", "geometry": {"type": "Point", "coordinates": [7.75, 54.0]}, "properties": {"value": 9.069, "time": "2025-12-01T21:00:00", "date": "2025-12-01", "hour": 21}}, {"type": "Feature", "geometry": {"type": "Point", "coordinates": [8.0, 54.0]}, "properties": {"value": 8.935, "time": "2025-12-01T21:00:00", "date": "2025-12-01", "hour": 21}}, {"type": "Feature", "geometry": {"type": "Point", "coordinates": [8.25, 54.0]}, "properties": {"value": 8.35, "time": "2025-12-01T21:00:00", "date": "2025-12-01", "hour": 21}}, {"type": "Feature", "geometry": {"type": "Point", "coordinates": [8.5, 54.0]}, "properties": {"value": 6.885, "time": "2025-12-01T21:00:00", "date": "2025-12-01", "hour": 21}}, {"type": "Feature", "geometry": {"type": "Point", "coordinates": [11.25, 54.0]}, "properties": {"value": 6.933, "time": "2025-12-01T21:00:00", "date": "2025-12-01", "hour": 21}}, {"type": "Feature", "geometry": {"type": "Point", "coordinates": [14.0, 54.0]}, "properties": {"value": 5.097, "time": "2025-12-01T21:00:00", "date": "2025-12-01", "hour": 21}}, {"type": "Feature", "geometry": {"type": "Point", "coordinates": [14.25, 54.0]}, "properties": {"value": 5.69, "time": "2025-12-01T21:00:00", "date": "2025-12-01", "hour": 21}}, {"type": "Feature", "geometry": {"type": "Point", "coordinates": [14.5, 54.0]}, "properties": {"value": 5.4, "time": "2025-12-01T21:00:00", "date": "2025-12-01", "hour": 21}}, {"type": "Feature", "geometry": {"type": "Point", "coordinates": [14.75, 54.0]}, "properties": {"value": 5.837, "time": "2025-12-01T21:00:00", "date": "2025-12-01", "hour": 21}}, {"type": "Feature", "geometry": {"type": "Point", "coordinates": [5.0, 54.25]}, "properties": {"value": 11.138, "time": "2025-12-01T21:00:00", "date": "2025-12-01", "hour": 21}}, {"type": "Feature", "geometry": {"type": "Point", "coordinates": [5.25, 54.25]}, "properties": {"value": 11.073, "time": "2025-12-01T21:00:00", "date": "2025-12-01", "hour": 21}}, {"type": "Feature", "geometry": {"type": "Point", "coordinates": [5.5, 54.25]}, "properties": {"value": 11.028, "time": "2025-12-01T21:00:00", "date": "2025-12-01", "hour": 21}}, {"type": "Feature", "geometry": {"type": "Point", "coordinates": [5.75, 54.25]}, "properties": {"value": 10.833, "time": "2025-12-01T21:00:00", "date": "2025-12-01", "hour": 21}}, {"type": "Feature", "geometry": {"type": "Point", "coordinates": [6.0, 54.25]}, "properties": {"value": 10.724, "time": "2025-12-01T21:00:00", "date": "2025-12-01", "hour": 21}}, {"type": "Feature", "geometry": {"type": "Point", "coordinates": [6.25, 54.25]}, "properties": {"value": 10.514, "time": "2025-12-01T21:00:00", "date": "2025-12-01", "hour": 21}}, {"type": "Feature", "geometry": {"type": "Point", "coordinates": [6.5, 54.25]}, "properties": {"value": 10.357, "time": "2025-12-01T21:00:00", "date": "2025-12-01", "hour": 21}}, {"type": "Feature", "geometry": {"type": "Point", "coordinates": [6.75, 54.25]}, "properties": {"value": 10.216, "time": "2025-12-01T21:00:00", "date": "2025-12-01", "hour": 21}}, {"type": "Feature", "geometry": {"type": "Point", "coordinates": [7.0, 54.25]}, "properties": {"value": 9.99, "time": "2025-12-01T21:00:00", "date": "2025-12-01", "hour": 21}}, {"type": "Feature", "geometry": {"type": "Point", "coordinates": [7.25, 54.25]}, "properties": {"value": 9.88, "time": "2025-12-01T21:00:00", "date": "2025-12-01", "hour": 21}}, {"type": "Feature", "geometry": {"type": "Point", "coordinates": [7.5, 54.25]}, "properties": {"value": 9.945, "time": "2025-12-01T21:00:00", "date": "2025-12-01", "hour": 21}}, {"type": "Feature", "geometry": {"type": "Point", "coordinates": [7.75, 54.25]}, "properties": {"value": 9.603, "time": "2025-12-01T21:00:00", "date": "2025-12-01", "hour": 21}}, {"type": "Feature", "geometry": {"type": "Point", "coordinates": [8.0, 54.25]}, "properties": {"value": 9.35, "time": "2025-12-01T21:00:00", "date": "2025-12-01", "hour": 21}}, {"type": "Feature", "geometry": {"type": "Point", "coordinates": [8.25, 54.25]}, "properties": {"value": 7.977, "time": "2025-12-01T21:00:00", "date": "2025-12-01", "hour": 21}}, {"type": "Feature", "geometry": {"type": "Point", "coordinates": [8.5, 54.25]}, "properties": {"value": 6.56, "time": "2025-12-01T21:00:00", "date": "2025-12-01", "hour": 21}}, {"type": "Feature", "geometry": {"type": "Point", "coordinates": [10.75, 54.25]}, "properties": {"value": 7.086, "time": "2025-12-01T21:00:00", "date": "2025-12-01", "hour": 21}}, {"type": "Feature", "geometry": {"type": "Point", "coordinates": [11.25, 54.25]}, "properties": {"value": 7.105, "time": "2025-12-01T21:00:00", "date": "2025-12-01", "hour": 21}}, {"type": "Feature", "geometry": {"type": "Point", "coordinates": [11.75, 54.25]}, "properties": {"value": 7.016, "time": "2025-12-01T21:00:00", "date": "2025-12-01", "hour": 21}}, {"type": "Feature", "geometry": {"type": "Point", "coordinates": [12.25, 54.25]}, "properties": {"value": 6.849, "time": "2025-12-01T21:00:00", "date": "2025-12-01", "hour": 21}}, {"type": "Feature", "geometry": {"type": "Point", "coordinates": [13.75, 54.25]}, "properties": {"value": 5.402, "time": "2025-12-01T21:00:00", "date": "2025-12-01", "hour": 21}}, {"type": "Feature", "geometry": {"type": "Point", "coordinates": [14.0, 54.25]}, "properties": {"value": 5.783, "time": "2025-12-01T21:00:00", "date": "2025-12-01", "hour": 21}}, {"type": "Feature", "geometry": {"type": "Point", "coordinates": [14.25, 54.25]}, "properties": {"value": 6.141, "time": "2025-12-01T21:00:00", "date": "2025-12-01", "hour": 21}}, {"type": "Feature", "geometry": {"type": "Point", "coordinates": [14.5, 54.25]}, "properties": {"value": 6.004, "time": "2025-12-01T21:00:00", "date": "2025-12-01", "hour": 21}}, {"type": "Feature", "geometry": {"type": "Point", "coordinates": [14.75, 54.25]}, "properties": {"value": 6.275, "time": "2025-12-01T21:00:00", "date": "2025-12-01", "hour": 21}}, {"type": "Feature", "geometry": {"type": "Point", "coordinates": [15.0, 54.25]}, "properties": {"value": 6.996, "time": "2025-12-01T21:00:00", "date": "2025-12-01", "hour": 21}}, {"type": "Feature", "geometry": {"type": "Point", "coordinates": [5.0, 54.5]}, "properties": {"value": 11.234, "time": "2025-12-01T21:00:00", "date": "2025-12-01", "hour": 21}}, {"type": "Feature", "geometry": {"type": "Point", "coordinates": [5.25, 54.5]}, "properties": {"value": 11.227, "time": "2025-12-01T21:00:00", "date": "2025-12-01", "hour": 21}}, {"type": "Feature", "geometry": {"type": "Point", "coordinates": [5.5, 54.5]}, "properties": {"value": 11.182, "time": "2025-12-01T21:00:00", "date": "2025-12-01", "hour": 21}}, {"type": "Feature", "geometry": {"type": "Point", "coordinates": [5.75, 54.5]}, "properties": {"value": 11.111, "time": "2025-12-01T21:00:00", "date": "2025-12-01", "hour": 21}}, {"type": "Feature", "geometry": {"type": "Point", "coordinates": [6.0, 54.5]}, "properties": {"value": 10.996, "time": "2025-12-01T21:00:00", "date": "2025-12-01", "hour": 21}}, {"type": "Feature", "geometry": {"type": "Point", "coordinates": [6.25, 54.5]}, "properties": {"value": 10.846, "time": "2025-12-01T21:00:00", "date": "2025-12-01", "hour": 21}}, {"type": "Feature", "geometry": {"type": "Point", "coordinates": [6.5, 54.5]}, "properties": {"value": 10.674, "time": "2025-12-01T21:00:00", "date": "2025-12-01", "hour": 21}}, {"type": "Feature", "geometry": {"type": "Point", "coordinates": [6.75, 54.5]}, "properties": {"value": 10.476, "time": "2025-12-01T21:00:00", "date": "2025-12-01", "hour": 21}}, {"type": "Feature", "geometry": {"type": "Point", "coordinates": [7.0, 54.5]}, "properties": {"value": 10.35, "time": "2025-12-01T21:00:00", "date": "2025-12-01", "hour": 21}}, {"type": "Feature", "geometry": {"type": "Point", "coordinates": [7.25, 54.5]}, "properties": {"value": 10.159, "time": "2025-12-01T21:00:00", "date": "2025-12-01", "hour": 21}}, {"type": "Feature", "geometry": {"type": "Point", "coordinates": [7.5, 54.5]}, "properties": {"value": 10.163, "time": "2025-12-01T21:00:00", "date": "2025-12-01", "hour": 21}}, {"type": "Feature", "geometry": {"type": "Point", "coordinates": [7.75, 54.5]}, "properties": {"value": 9.648, "time": "2025-12-01T21:00:00", "date": "2025-12-01", "hour": 21}}, {"type": "Feature", "geometry": {"type": "Point", "coordinates": [8.0, 54.5]}, "properties": {"value": 8.637, "time": "2025-12-01T21:00:00", "date": "2025-12-01", "hour": 21}}, {"type": "Feature", "geometry": {"type": "Point", "coordinates": [8.25, 54.5]}, "properties": {"value": 7.143, "time": "2025-12-01T21:00:00", "date": "2025-12-01", "hour": 21}}, {"type": "Feature", "geometry": {"type": "Point", "coordinates": [8.5, 54.5]}, "properties": {"value": 5.947, "time": "2025-12-01T21:00:00", "date": "2025-12-01", "hour": 21}}, {"type": "Feature", "geometry": {"type": "Point", "coordinates": [10.5, 54.5]}, "properties": {"value": 7.425, "time": "2025-12-01T21:00:00", "date": "2025-12-01", "hour": 21}}, {"type": "Feature", "geometry": {"type": "Point", "coordinates": [10.75, 54.5]}, "properties": {"value": 7.25, "time": "2025-12-01T21:00:00", "date": "2025-12-01", "hour": 21}}, {"type": "Feature", "geometry": {"type": "Point", "coordinates": [11.0, 54.5]}, "properties": {"value": 6.818, "time": "2025-12-01T21:00:00", "date": "2025-12-01", "hour": 21}}, {"type": "Feature", "geometry": {"type": "Point", "coordinates": [11.25, 54.5]}, "properties": {"value": 6.904, "time": "2025-12-01T21:00:00", "date": "2025-12-01", "hour": 21}}, {"type": "Feature", "geometry": {"type": "Point", "coordinates": [11.5, 54.5]}, "properties": {"value": 6.78, "time": "2025-12-01T21:00:00", "date": "2025-12-01", "hour": 21}}, {"type": "Feature", "geometry": {"type": "Point", "coordinates": [11.75, 54.5]}, "properties": {"value": 7.055, "time": "2025-12-01T21:00:00", "date": "2025-12-01", "hour": 21}}, {"type": "Feature", "geometry": {"type": "Point", "coordinates": [12.0, 54.5]}, "properties": {"value": 7.145, "time": "2025-12-01T21:00:00", "date": "2025-12-01", "hour": 21}}, {"type": "Feature", "geometry": {"type": "Point", "coordinates": [12.25, 54.5]}, "properties": {"value": 7.114, "time": "2025-12-01T21:00:00", "date": "2025-12-01", "hour": 21}}, {"type": "Feature", "geometry": {"type": "Point", "coordinates": [13.0, 54.5]}, "properties": {"value": 7.342, "time": "2025-12-01T21:00:00", "date": "2025-12-01", "hour": 21}}, {"type": "Feature", "geometry": {"type": "Point", "coordinates": [13.25, 54.5]}, "properties": {"value": 6.737, "time": "2025-12-01T21:00:00", "date": "2025-12-01", "hour": 21}}, {"type": "Feature", "geometry": {"type": "Point", "coordinates": [13.5, 54.5]}, "properties": {"value": 6.579, "time": "2025-12-01T21:00:00", "date": "2025-12-01", "hour": 21}}, {"type": "Feature", "geometry": {"type": "Point", "coordinates": [13.75, 54.5]}, "properties": {"value": 6.536, "time": "2025-12-01T21:00:00", "date": "2025-12-01", "hour": 21}}, {"type": "Feature", "geometry": {"type": "Point", "coordinates": [14.0, 54.5]}, "properties": {"value": 6.82, "time": "2025-12-01T21:00:00", "date": "2025-12-01", "hour": 21}}, {"type": "Feature", "geometry": {"type": "Point", "coordinates": [14.25, 54.5]}, "properties": {"value": 6.796, "time": "2025-12-01T21:00:00", "date": "2025-12-01", "hour": 21}}, {"type": "Feature", "geometry": {"type": "Point", "coordinates": [14.5, 54.5]}, "properties": {"value": 6.964, "time": "2025-12-01T21:00:00", "date": "2025-12-01", "hour": 21}}, {"type": "Feature", "geometry": {"type": "Point", "coordinates": [14.75, 54.5]}, "properties": {"value": 7.362, "time": "2025-12-01T21:00:00", "date": "2025-12-01", "hour": 21}}, {"type": "Feature", "geometry": {"type": "Point", "coordinates": [15.0, 54.5]}, "properties": {"value": 8.121, "time": "2025-12-01T21:00:00", "date": "2025-12-01", "hour": 21}}, {"type": "Feature", "geometry": {"type": "Point", "coordinates": [5.0, 54.75]}, "properties": {"value": 11.377, "time": "2025-12-01T21:00:00", "date": "2025-12-01", "hour": 21}}, {"type": "Feature", "geometry": {"type": "Point", "coordinates": [5.25, 54.75]}, "properties": {"value": 11.37, "time": "2025-12-01T21:00:00", "date": "2025-12-01", "hour": 21}}, {"type": "Feature", "geometry": {"type": "Point", "coordinates": [5.5, 54.75]}, "properties": {"value": 11.325, "time": "2025-12-01T21:00:00", "date": "2025-12-01", "hour": 21}}, {"type": "Feature", "geometry": {"type": "Point", "coordinates": [5.75, 54.75]}, "properties": {"value": 11.295, "time": "2025-12-01T21:00:00", "date": "2025-12-01", "hour": 21}}, {"type": "Feature", "geometry": {"type": "Point", "coordinates": [6.0, 54.75]}, "properties": {"value": 11.17, "time": "2025-12-01T21:00:00", "date": "2025-12-01", "hour": 21}}, {"type": "Feature", "geometry": {"type": "Point", "coordinates": [6.25, 54.75]}, "properties": {"value": 11.021, "time": "2025-12-01T21:00:00", "date": "2025-12-01", "hour": 21}}, {"type": "Feature", "geometry": {"type": "Point", "coordinates": [6.5, 54.75]}, "properties": {"value": 10.874, "time": "2025-12-01T21:00:00", "date": "2025-12-01", "hour": 21}}, {"type": "Feature", "geometry": {"type": "Point", "coordinates": [6.75, 54.75]}, "properties": {"value": 10.739, "time": "2025-12-01T21:00:00", "date": "2025-12-01", "hour": 21}}, {"type": "Feature", "geometry": {"type": "Point", "coordinates": [7.0, 54.75]}, "properties": {"value": 10.652, "time": "2025-12-01T21:00:00", "date": "2025-12-01", "hour": 21}}, {"type": "Feature", "geometry": {"type": "Point", "coordinates": [7.25, 54.75]}, "properties": {"value": 10.445, "time": "2025-12-01T21:00:00", "date": "2025-12-01", "hour": 21}}, {"type": "Feature", "geometry": {"type": "Point", "coordinates": [7.5, 54.75]}, "properties": {"value": 10.14, "time": "2025-12-01T21:00:00", "date": "2025-12-01", "hour": 21}}, {"type": "Feature", "geometry": {"type": "Point", "coordinates": [7.75, 54.75]}, "properties": {"value": 9.109, "time": "2025-12-01T21:00:00", "date": "2025-12-01", "hour": 21}}, {"type": "Feature", "geometry": {"type": "Point", "coordinates": [8.0, 54.75]}, "properties": {"value": 8.069, "time": "2025-12-01T21:00:00", "date": "2025-12-01", "hour": 21}}, {"type": "Feature", "geometry": {"type": "Point", "coordinates": [8.25, 54.75]}, "properties": {"value": 6.601, "time": "2025-12-01T21:00:00", "date": "2025-12-01", "hour": 21}}, {"type": "Feature", "geometry": {"type": "Point", "coordinates": [8.5, 54.75]}, "properties": {"value": 5.543, "time": "2025-12-01T21:00:00", "date": "2025-12-01", "hour": 21}}, {"type": "Feature", "geometry": {"type": "Point", "coordinates": [10.25, 54.75]}, "properties": {"value": 7.504, "time": "2025-12-01T21:00:00", "date": "2025-12-01", "hour": 21}}, {"type": "Feature", "geometry": {"type": "Point", "coordinates": [10.5, 54.75]}, "properties": {"value": 7.41, "time": "2025-12-01T21:00:00", "date": "2025-12-01", "hour": 21}}, {"type": "Feature", "geometry": {"type": "Point", "coordinates": [10.75, 54.75]}, "properties": {"value": 7.238, "time": "2025-12-01T21:00:00", "date": "2025-12-01", "hour": 21}}, {"type": "Feature", "geometry": {"type": "Point", "coordinates": [11.0, 54.75]}, "properties": {"value": 6.764, "time": "2025-12-01T21:00:00", "date": "2025-12-01", "hour": 21}}, {"type": "Feature", "geometry": {"type": "Point", "coordinates": [11.25, 54.75]}, "properties": {"value": 6.362, "time": "2025-12-01T21:00:00", "date": "2025-12-01", "hour": 21}}, {"type": "Feature", "geometry": {"type": "Point", "coordinates": [11.5, 54.75]}, "properties": {"value": 6.158, "time": "2025-12-01T21:00:00", "date": "2025-12-01", "hour": 21}}, {"type": "Feature", "geometry": {"type": "Point", "coordinates": [12.0, 54.75]}, "properties": {"value": 6.814, "time": "2025-12-01T21:00:00", "date": "2025-12-01", "hour": 21}}, {"type": "Feature", "geometry": {"type": "Point", "coordinates": [12.25, 54.75]}, "properties": {"value": 7.346, "time": "2025-12-01T21:00:00", "date": "2025-12-01", "hour": 21}}, {"type": "Feature", "geometry": {"type": "Point", "coordinates": [12.5, 54.75]}, "properties": {"value": 7.81, "time": "2025-12-01T21:00:00", "date": "2025-12-01", "hour": 21}}, {"type": "Feature", "geometry": {"type": "Point", "coordinates": [12.75, 54.75]}, "properties": {"value": 7.889, "time": "2025-12-01T21:00:00", "date": "2025-12-01", "hour": 21}}, {"type": "Feature", "geometry": {"type": "Point", "coordinates": [13.0, 54.75]}, "properties": {"value": 7.566, "time": "2025-12-01T21:00:00", "date": "2025-12-01", "hour": 21}}, {"type": "Feature", "geometry": {"type": "Point", "coordinates": [13.25, 54.75]}, "properties": {"value": 7.671, "time": "2025-12-01T21:00:00", "date": "2025-12-01", "hour": 21}}, {"type": "Feature", "geometry": {"type": "Point", "coordinates": [13.5, 54.75]}, "properties": {"value": 7.972, "time": "2025-12-01T21:00:00", "date": "2025-12-01", "hour": 21}}, {"type": "Feature", "geometry": {"type": "Point", "coordinates": [13.75, 54.75]}, "properties": {"value": 7.929, "time": "2025-12-01T21:00:00", "date": "2025-12-01", "hour": 21}}, {"type": "Feature", "geometry": {"type": "Point", "coordinates": [14.0, 54.75]}, "properties": {"value": 7.74, "time": "2025-12-01T21:00:00", "date": "2025-12-01", "hour": 21}}, {"type": "Feature", "geometry": {"type": "Point", "coordinates": [14.25, 54.75]}, "properties": {"value": 7.718, "time": "2025-12-01T21:00:00", "date": "2025-12-01", "hour": 21}}, {"type": "Feature", "geometry": {"type": "Point", "coordinates": [14.5, 54.75]}, "properties": {"value": 8.043, "time": "2025-12-01T21:00:00", "date": "2025-12-01", "hour": 21}}, {"type": "Feature", "geometry": {"type": "Point", "coordinates": [14.75, 54.75]}, "properties": {"value": 8.412, "time": "2025-12-01T21:00:00", "date": "2025-12-01", "hour": 21}}, {"type": "Feature", "geometry": {"type": "Point", "coordinates": [15.0, 54.75]}, "properties": {"value": 8.611, "time": "2025-12-01T21:00:00", "date": "2025-12-01", "hour": 21}}, {"type": "Feature", "geometry": {"type": "Point", "coordinates": [5.0, 55.0]}, "properties": {"value": 11.326, "time": "2025-12-01T21:00:00", "date": "2025-12-01", "hour": 21}}, {"type": "Feature", "geometry": {"type": "Point", "coordinates": [5.25, 55.0]}, "properties": {"value": 11.343, "time": "2025-12-01T21:00:00", "date": "2025-12-01", "hour": 21}}, {"type": "Feature", "geometry": {"type": "Point", "coordinates": [5.5, 55.0]}, "properties": {"value": 11.327, "time": "2025-12-01T21:00:00", "date": "2025-12-01", "hour": 21}}, {"type": "Feature", "geometry": {"type": "Point", "coordinates": [5.75, 55.0]}, "properties": {"value": 11.297, "time": "2025-12-01T21:00:00", "date": "2025-12-01", "hour": 21}}, {"type": "Feature", "geometry": {"type": "Point", "coordinates": [6.0, 55.0]}, "properties": {"value": 11.252, "time": "2025-12-01T21:00:00", "date": "2025-12-01", "hour": 21}}, {"type": "Feature", "geometry": {"type": "Point", "coordinates": [6.25, 55.0]}, "properties": {"value": 11.197, "time": "2025-12-01T21:00:00", "date": "2025-12-01", "hour": 21}}, {"type": "Feature", "geometry": {"type": "Point", "coordinates": [6.5, 55.0]}, "properties": {"value": 11.076, "time": "2025-12-01T21:00:00", "date": "2025-12-01", "hour": 21}}, {"type": "Feature", "geometry": {"type": "Point", "coordinates": [6.75, 55.0]}, "properties": {"value": 10.934, "time": "2025-12-01T21:00:00", "date": "2025-12-01", "hour": 21}}, {"type": "Feature", "geometry": {"type": "Point", "coordinates": [7.0, 55.0]}, "properties": {"value": 10.756, "time": "2025-12-01T21:00:00", "date": "2025-12-01", "hour": 21}}, {"type": "Feature", "geometry": {"type": "Point", "coordinates": [7.25, 55.0]}, "properties": {"value": 10.379, "time": "2025-12-01T21:00:00", "date": "2025-12-01", "hour": 21}}, {"type": "Feature", "geometry": {"type": "Point", "coordinates": [7.5, 55.0]}, "properties": {"value": 10.018, "time": "2025-12-01T21:00:00", "date": "2025-12-01", "hour": 21}}, {"type": "Feature", "geometry": {"type": "Point", "coordinates": [7.75, 55.0]}, "properties": {"value": 8.956, "time": "2025-12-01T21:00:00", "date": "2025-12-01", "hour": 21}}, {"type": "Feature", "geometry": {"type": "Point", "coordinates": [8.0, 55.0]}, "properties": {"value": 7.974, "time": "2025-12-01T21:00:00", "date": "2025-12-01", "hour": 21}}, {"type": "Feature", "geometry": {"type": "Point", "coordinates": [8.25, 55.0]}, "properties": {"value": 6.612, "time": "2025-12-01T21:00:00", "date": "2025-12-01", "hour": 21}}, {"type": "Feature", "geometry": {"type": "Point", "coordinates": [8.5, 55.0]}, "properties": {"value": 5.574, "time": "2025-12-01T21:00:00", "date": "2025-12-01", "hour": 21}}, {"type": "Feature", "geometry": {"type": "Point", "coordinates": [10.25, 55.0]}, "properties": {"value": 6.633, "time": "2025-12-01T21:00:00", "date": "2025-12-01", "hour": 21}}, {"type": "Feature", "geometry": {"type": "Point", "coordinates": [10.5, 55.0]}, "properties": {"value": 6.71, "time": "2025-12-01T21:00:00", "date": "2025-12-01", "hour": 21}}, {"type": "Feature", "geometry": {"type": "Point", "coordinates": [10.75, 55.0]}, "properties": {"value": 6.785, "time": "2025-12-01T21:00:00", "date": "2025-12-01", "hour": 21}}, {"type": "Feature", "geometry": {"type": "Point", "coordinates": [11.0, 55.0]}, "properties": {"value": 6.573, "time": "2025-12-01T21:00:00", "date": "2025-12-01", "hour": 21}}, {"type": "Feature", "geometry": {"type": "Point", "coordinates": [11.25, 55.0]}, "properties": {"value": 6.254, "time": "2025-12-01T21:00:00", "date": "2025-12-01", "hour": 21}}, {"type": "Feature", "geometry": {"type": "Point", "coordinates": [11.5, 55.0]}, "properties": {"value": 6.016, "time": "2025-12-01T21:00:00", "date": "2025-12-01", "hour": 21}}, {"type": "Feature", "geometry": {"type": "Point", "coordinates": [11.75, 55.0]}, "properties": {"value": 5.739, "time": "2025-12-01T21:00:00", "date": "2025-12-01", "hour": 21}}, {"type": "Feature", "geometry": {"type": "Point", "coordinates": [12.0, 55.0]}, "properties": {"value": 6.229, "time": "2025-12-01T21:00:00", "date": "2025-12-01", "hour": 21}}, {"type": "Feature", "geometry": {"type": "Point", "coordinates": [12.25, 55.0]}, "properties": {"value": 6.941, "time": "2025-12-01T21:00:00", "date": "2025-12-01", "hour": 21}}, {"type": "Feature", "geometry": {"type": "Point", "coordinates": [12.5, 55.0]}, "properties": {"value": 7.794, "time": "2025-12-01T21:00:00", "date": "2025-12-01", "hour": 21}}, {"type": "Feature", "geometry": {"type": "Point", "coordinates": [12.75, 55.0]}, "properties": {"value": 8.024, "time": "2025-12-01T21:00:00", "date": "2025-12-01", "hour": 21}}, {"type": "Feature", "geometry": {"type": "Point", "coordinates": [13.0, 55.0]}, "properties": {"value": 8.186, "time": "2025-12-01T21:00:00", "date": "2025-12-01", "hour": 21}}, {"type": "Feature", "geometry": {"type": "Point", "coordinates": [13.25, 55.0]}, "properties": {"value": 8.29, "time": "2025-12-01T21:00:00", "date": "2025-12-01", "hour": 21}}, {"type": "Feature", "geometry": {"type": "Point", "coordinates": [13.5, 55.0]}, "properties": {"value": 8.34, "time": "2025-12-01T21:00:00", "date": "2025-12-01", "hour": 21}}, {"type": "Feature", "geometry": {"type": "Point", "coordinates": [13.75, 55.0]}, "properties": {"value": 8.402, "time": "2025-12-01T21:00:00", "date": "2025-12-01", "hour": 21}}, {"type": "Feature", "geometry": {"type": "Point", "coordinates": [14.0, 55.0]}, "properties": {"value": 8.359, "time": "2025-12-01T21:00:00", "date": "2025-12-01", "hour": 21}}, {"type": "Feature", "geometry": {"type": "Point", "coordinates": [14.25, 55.0]}, "properties": {"value": 8.27, "time": "2025-12-01T21:00:00", "date": "2025-12-01", "hour": 21}}, {"type": "Feature", "geometry": {"type": "Point", "coordinates": [14.5, 55.0]}, "properties": {"value": 8.167, "time": "2025-12-01T21:00:00", "date": "2025-12-01", "hour": 21}}, {"type": "Feature", "geometry": {"type": "Point", "coordinates": [14.75, 55.0]}, "properties": {"value": 8.191, "time": "2025-12-01T21:00:00", "date": "2025-12-01", "hour": 21}}, {"type": "Feature", "geometry": {"type": "Point", "coordinates": [15.0, 55.0]}, "properties": {"value": 8.269, "time": "2025-12-01T21:00:00", "date": "2025-12-01", "hour": 21}}, {"type": "Feature", "geometry": {"type": "Point", "coordinates": [5.25, 52.75]}, "properties": {"value": 6.048, "time": "2025-12-01T22:00:00", "date": "2025-12-01", "hour": 22}}, {"type": "Feature", "geometry": {"type": "Point", "coordinates": [5.5, 52.75]}, "properties": {"value": 6.051, "time": "2025-12-01T22:00:00", "date": "2025-12-01", "hour": 22}}, {"type": "Feature", "geometry": {"type": "Point", "coordinates": [5.0, 53.0]}, "properties": {"value": 7.219, "time": "2025-12-01T22:00:00", "date": "2025-12-01", "hour": 22}}, {"type": "Feature", "geometry": {"type": "Point", "coordinates": [5.25, 53.0]}, "properties": {"value": 6.518, "time": "2025-12-01T22:00:00", "date": "2025-12-01", "hour": 22}}, {"type": "Feature", "geometry": {"type": "Point", "coordinates": [5.5, 53.0]}, "properties": {"value": 5.99, "time": "2025-12-01T22:00:00", "date": "2025-12-01", "hour": 22}}, {"type": "Feature", "geometry": {"type": "Point", "coordinates": [5.0, 53.25]}, "properties": {"value": 8.225, "time": "2025-12-01T22:00:00", "date": "2025-12-01", "hour": 22}}, {"type": "Feature", "geometry": {"type": "Point", "coordinates": [5.25, 53.25]}, "properties": {"value": 7.223, "time": "2025-12-01T22:00:00", "date": "2025-12-01", "hour": 22}}, {"type": "Feature", "geometry": {"type": "Point", "coordinates": [5.5, 53.25]}, "properties": {"value": 6.618, "time": "2025-12-01T22:00:00", "date": "2025-12-01", "hour": 22}}, {"type": "Feature", "geometry": {"type": "Point", "coordinates": [5.0, 53.5]}, "properties": {"value": 9.788, "time": "2025-12-01T22:00:00", "date": "2025-12-01", "hour": 22}}, {"type": "Feature", "geometry": {"type": "Point", "coordinates": [5.25, 53.5]}, "properties": {"value": 9.178, "time": "2025-12-01T22:00:00", "date": "2025-12-01", "hour": 22}}, {"type": "Feature", "geometry": {"type": "Point", "coordinates": [5.5, 53.5]}, "properties": {"value": 8.926, "time": "2025-12-01T22:00:00", "date": "2025-12-01", "hour": 22}}, {"type": "Feature", "geometry": {"type": "Point", "coordinates": [5.75, 53.5]}, "properties": {"value": 8.284, "time": "2025-12-01T22:00:00", "date": "2025-12-01", "hour": 22}}, {"type": "Feature", "geometry": {"type": "Point", "coordinates": [6.0, 53.5]}, "properties": {"value": 7.565, "time": "2025-12-01T22:00:00", "date": "2025-12-01", "hour": 22}}, {"type": "Feature", "geometry": {"type": "Point", "coordinates": [6.25, 53.5]}, "properties": {"value": 6.822, "time": "2025-12-01T22:00:00", "date": "2025-12-01", "hour": 22}}, {"type": "Feature", "geometry": {"type": "Point", "coordinates": [6.5, 53.5]}, "properties": {"value": 6.417, "time": "2025-12-01T22:00:00", "date": "2025-12-01", "hour": 22}}, {"type": "Feature", "geometry": {"type": "Point", "coordinates": [6.75, 53.5]}, "properties": {"value": 5.7, "time": "2025-12-01T22:00:00", "date": "2025-12-01", "hour": 22}}, {"type": "Feature", "geometry": {"type": "Point", "coordinates": [5.0, 53.75]}, "properties": {"value": 10.431, "time": "2025-12-01T22:00:00", "date": "2025-12-01", "hour": 22}}, {"type": "Feature", "geometry": {"type": "Point", "coordinates": [5.25, 53.75]}, "properties": {"value": 10.151, "time": "2025-12-01T22:00:00", "date": "2025-12-01", "hour": 22}}, {"type": "Feature", "geometry": {"type": "Point", "coordinates": [5.5, 53.75]}, "properties": {"value": 9.948, "time": "2025-12-01T22:00:00", "date": "2025-12-01", "hour": 22}}, {"type": "Feature", "geometry": {"type": "Point", "coordinates": [5.75, 53.75]}, "properties": {"value": 9.698, "time": "2025-12-01T22:00:00", "date": "2025-12-01", "hour": 22}}, {"type": "Feature", "geometry": {"type": "Point", "coordinates": [6.0, 53.75]}, "properties": {"value": 9.131, "time": "2025-12-01T22:00:00", "date": "2025-12-01", "hour": 22}}, {"type": "Feature", "geometry": {"type": "Point", "coordinates": [6.25, 53.75]}, "properties": {"value": 8.799, "time": "2025-12-01T22:00:00", "date": "2025-12-01", "hour": 22}}, {"type": "Feature", "geometry": {"type": "Point", "coordinates": [6.5, 53.75]}, "properties": {"value": 8.326, "time": "2025-12-01T22:00:00", "date": "2025-12-01", "hour": 22}}, {"type": "Feature", "geometry": {"type": "Point", "coordinates": [6.75, 53.75]}, "properties": {"value": 7.772, "time": "2025-12-01T22:00:00", "date": "2025-12-01", "hour": 22}}, {"type": "Feature", "geometry": {"type": "Point", "coordinates": [7.0, 53.75]}, "properties": {"value": 8.014, "time": "2025-12-01T22:00:00", "date": "2025-12-01", "hour": 22}}, {"type": "Feature", "geometry": {"type": "Point", "coordinates": [7.25, 53.75]}, "properties": {"value": 7.501, "time": "2025-12-01T22:00:00", "date": "2025-12-01", "hour": 22}}, {"type": "Feature", "geometry": {"type": "Point", "coordinates": [7.5, 53.75]}, "properties": {"value": 7.846, "time": "2025-12-01T22:00:00", "date": "2025-12-01", "hour": 22}}, {"type": "Feature", "geometry": {"type": "Point", "coordinates": [7.75, 53.75]}, "properties": {"value": 7.902, "time": "2025-12-01T22:00:00", "date": "2025-12-01", "hour": 22}}, {"type": "Feature", "geometry": {"type": "Point", "coordinates": [8.0, 53.75]}, "properties": {"value": 7.793, "time": "2025-12-01T22:00:00", "date": "2025-12-01", "hour": 22}}, {"type": "Feature", "geometry": {"type": "Point", "coordinates": [8.25, 53.75]}, "properties": {"value": 7.099, "time": "2025-12-01T22:00:00", "date": "2025-12-01", "hour": 22}}, {"type": "Feature", "geometry": {"type": "Point", "coordinates": [8.5, 53.75]}, "properties": {"value": 6.27, "time": "2025-12-01T22:00:00", "date": "2025-12-01", "hour": 22}}, {"type": "Feature", "geometry": {"type": "Point", "coordinates": [8.75, 53.75]}, "properties": {"value": 6.27, "time": "2025-12-01T22:00:00", "date": "2025-12-01", "hour": 22}}, {"type": "Feature", "geometry": {"type": "Point", "coordinates": [14.25, 53.75]}, "properties": {"value": 3.378, "time": "2025-12-01T22:00:00", "date": "2025-12-01", "hour": 22}}, {"type": "Feature", "geometry": {"type": "Point", "coordinates": [14.5, 53.75]}, "properties": {"value": 3.378, "time": "2025-12-01T22:00:00", "date": "2025-12-01", "hour": 22}}, {"type": "Feature", "geometry": {"type": "Point", "coordinates": [5.0, 54.0]}, "properties": {"value": 10.82, "time": "2025-12-01T22:00:00", "date": "2025-12-01", "hour": 22}}, {"type": "Feature", "geometry": {"type": "Point", "coordinates": [5.25, 54.0]}, "properties": {"value": 10.804, "time": "2025-12-01T22:00:00", "date": "2025-12-01", "hour": 22}}, {"type": "Feature", "geometry": {"type": "Point", "coordinates": [5.5, 54.0]}, "properties": {"value": 10.601, "time": "2025-12-01T22:00:00", "date": "2025-12-01", "hour": 22}}, {"type": "Feature", "geometry": {"type": "Point", "coordinates": [5.75, 54.0]}, "properties": {"value": 10.452, "time": "2025-12-01T22:00:00", "date": "2025-12-01", "hour": 22}}, {"type": "Feature", "geometry": {"type": "Point", "coordinates": [6.0, 54.0]}, "properties": {"value": 10.277, "time": "2025-12-01T22:00:00", "date": "2025-12-01", "hour": 22}}, {"type": "Feature", "geometry": {"type": "Point", "coordinates": [6.25, 54.0]}, "properties": {"value": 10.016, "time": "2025-12-01T22:00:00", "date": "2025-12-01", "hour": 22}}, {"type": "Feature", "geometry": {"type": "Point", "coordinates": [6.5, 54.0]}, "properties": {"value": 9.601, "time": "2025-12-01T22:00:00", "date": "2025-12-01", "hour": 22}}, {"type": "Feature", "geometry": {"type": "Point", "coordinates": [6.75, 54.0]}, "properties": {"value": 9.436, "time": "2025-12-01T22:00:00", "date": "2025-12-01", "hour": 22}}, {"type": "Feature", "geometry": {"type": "Point", "coordinates": [7.0, 54.0]}, "properties": {"value": 9.146, "time": "2025-12-01T22:00:00", "date": "2025-12-01", "hour": 22}}, {"type": "Feature", "geometry": {"type": "Point", "coordinates": [7.25, 54.0]}, "properties": {"value": 8.804, "time": "2025-12-01T22:00:00", "date": "2025-12-01", "hour": 22}}, {"type": "Feature", "geometry": {"type": "Point", "coordinates": [7.5, 54.0]}, "properties": {"value": 8.975, "time": "2025-12-01T22:00:00", "date": "2025-12-01", "hour": 22}}, {"type": "Feature", "geometry": {"type": "Point", "coordinates": [7.75, 54.0]}, "properties": {"value": 8.957, "time": "2025-12-01T22:00:00", "date": "2025-12-01", "hour": 22}}, {"type": "Feature", "geometry": {"type": "Point", "coordinates": [8.0, 54.0]}, "properties": {"value": 8.78, "time": "2025-12-01T22:00:00", "date": "2025-12-01", "hour": 22}}, {"type": "Feature", "geometry": {"type": "Point", "coordinates": [8.25, 54.0]}, "properties": {"value": 8.255, "time": "2025-12-01T22:00:00", "date": "2025-12-01", "hour": 22}}, {"type": "Feature", "geometry": {"type": "Point", "coordinates": [8.5, 54.0]}, "properties": {"value": 6.943, "time": "2025-12-01T22:00:00", "date": "2025-12-01", "hour": 22}}, {"type": "Feature", "geometry": {"type": "Point", "coordinates": [11.25, 54.0]}, "properties": {"value": 6.758, "time": "2025-12-01T22:00:00", "date": "2025-12-01", "hour": 22}}, {"type": "Feature", "geometry": {"type": "Point", "coordinates": [14.0, 54.0]}, "properties": {"value": 4.909, "time": "2025-12-01T22:00:00", "date": "2025-12-01", "hour": 22}}, {"type": "Feature", "geometry": {"type": "Point", "coordinates": [14.25, 54.0]}, "properties": {"value": 5.286, "time": "2025-12-01T22:00:00", "date": "2025-12-01", "hour": 22}}, {"type": "Feature", "geometry": {"type": "Point", "coordinates": [14.5, 54.0]}, "properties": {"value": 5.016, "time": "2025-12-01T22:00:00", "date": "2025-12-01", "hour": 22}}, {"type": "Feature", "geometry": {"type": "Point", "coordinates": [14.75, 54.0]}, "properties": {"value": 5.62, "time": "2025-12-01T22:00:00", "date": "2025-12-01", "hour": 22}}, {"type": "Feature", "geometry": {"type": "Point", "coordinates": [5.0, 54.25]}, "properties": {"value": 10.906, "time": "2025-12-01T22:00:00", "date": "2025-12-01", "hour": 22}}, {"type": "Feature", "geometry": {"type": "Point", "coordinates": [5.25, 54.25]}, "properties": {"value": 10.899, "time": "2025-12-01T22:00:00", "date": "2025-12-01", "hour": 22}}, {"type": "Feature", "geometry": {"type": "Point", "coordinates": [5.5, 54.25]}, "properties": {"value": 10.955, "time": "2025-12-01T22:00:00", "date": "2025-12-01", "hour": 22}}, {"type": "Feature", "geometry": {"type": "Point", "coordinates": [5.75, 54.25]}, "properties": {"value": 10.854, "time": "2025-12-01T22:00:00", "date": "2025-12-01", "hour": 22}}, {"type": "Feature", "geometry": {"type": "Point", "coordinates": [6.0, 54.25]}, "properties": {"value": 10.795, "time": "2025-12-01T22:00:00", "date": "2025-12-01", "hour": 22}}, {"type": "Feature", "geometry": {"type": "Point", "coordinates": [6.25, 54.25]}, "properties": {"value": 10.593, "time": "2025-12-01T22:00:00", "date": "2025-12-01", "hour": 22}}, {"type": "Feature", "geometry": {"type": "Point", "coordinates": [6.5, 54.25]}, "properties": {"value": 10.417, "time": "2025-12-01T22:00:00", "date": "2025-12-01", "hour": 22}}, {"type": "Feature", "geometry": {"type": "Point", "coordinates": [6.75, 54.25]}, "properties": {"value": 10.205, "time": "2025-12-01T22:00:00", "date": "2025-12-01", "hour": 22}}, {"type": "Feature", "geometry": {"type": "Point", "coordinates": [7.0, 54.25]}, "properties": {"value": 9.923, "time": "2025-12-01T22:00:00", "date": "2025-12-01", "hour": 22}}, {"type": "Feature", "geometry": {"type": "Point", "coordinates": [7.25, 54.25]}, "properties": {"value": 9.778, "time": "2025-12-01T22:00:00", "date": "2025-12-01", "hour": 22}}, {"type": "Feature", "geometry": {"type": "Point", "coordinates": [7.5, 54.25]}, "properties": {"value": 9.822, "time": "2025-12-01T22:00:00", "date": "2025-12-01", "hour": 22}}, {"type": "Feature", "geometry": {"type": "Point", "coordinates": [7.75, 54.25]}, "properties": {"value": 9.427, "time": "2025-12-01T22:00:00", "date": "2025-12-01", "hour": 22}}, {"type": "Feature", "geometry": {"type": "Point", "coordinates": [8.0, 54.25]}, "properties": {"value": 9.113, "time": "2025-12-01T22:00:00", "date": "2025-12-01", "hour": 22}}, {"type": "Feature", "geometry": {"type": "Point", "coordinates": [8.25, 54.25]}, "properties": {"value": 7.843, "time": "2025-12-01T22:00:00", "date": "2025-12-01", "hour": 22}}, {"type": "Feature", "geometry": {"type": "Point", "coordinates": [8.5, 54.25]}, "properties": {"value": 6.571, "time": "2025-12-01T22:00:00", "date": "2025-12-01", "hour": 22}}, {"type": "Feature", "geometry": {"type": "Point", "coordinates": [10.75, 54.25]}, "properties": {"value": 6.891, "time": "2025-12-01T22:00:00", "date": "2025-12-01", "hour": 22}}, {"type": "Feature", "geometry": {"type": "Point", "coordinates": [11.25, 54.25]}, "properties": {"value": 6.925, "time": "2025-12-01T22:00:00", "date": "2025-12-01", "hour": 22}}, {"type": "Feature", "geometry": {"type": "Point", "coordinates": [11.75, 54.25]}, "properties": {"value": 6.828, "time": "2025-12-01T22:00:00", "date": "2025-12-01", "hour": 22}}, {"type": "Feature", "geometry": {"type": "Point", "coordinates": [12.25, 54.25]}, "properties": {"value": 6.706, "time": "2025-12-01T22:00:00", "date": "2025-12-01", "hour": 22}}, {"type": "Feature", "geometry": {"type": "Point", "coordinates": [13.75, 54.25]}, "properties": {"value": 5.235, "time": "2025-12-01T22:00:00", "date": "2025-12-01", "hour": 22}}, {"type": "Feature", "geometry": {"type": "Point", "coordinates": [14.0, 54.25]}, "properties": {"value": 5.434, "time": "2025-12-01T22:00:00", "date": "2025-12-01", "hour": 22}}, {"type": "Feature", "geometry": {"type": "Point", "coordinates": [14.25, 54.25]}, "properties": {"value": 5.666, "time": "2025-12-01T22:00:00", "date": "2025-12-01", "hour": 22}}, {"type": "Feature", "geometry": {"type": "Point", "coordinates": [14.5, 54.25]}, "properties": {"value": 5.57, "time": "2025-12-01T22:00:00", "date": "2025-12-01", "hour": 22}}, {"type": "Feature", "geometry": {"type": "Point", "coordinates": [14.75, 54.25]}, "properties": {"value": 5.94, "time": "2025-12-01T22:00:00", "date": "2025-12-01", "hour": 22}}, {"type": "Feature", "geometry": {"type": "Point", "coordinates": [15.0, 54.25]}, "properties": {"value": 6.575, "time": "2025-12-01T22:00:00", "date": "2025-12-01", "hour": 22}}, {"type": "Feature", "geometry": {"type": "Point", "coordinates": [5.0, 54.5]}, "properties": {"value": 10.947, "time": "2025-12-01T22:00:00", "date": "2025-12-01", "hour": 22}}, {"type": "Feature", "geometry": {"type": "Point", "coordinates": [5.25, 54.5]}, "properties": {"value": 11.009, "time": "2025-12-01T22:00:00", "date": "2025-12-01", "hour": 22}}, {"type": "Feature", "geometry": {"type": "Point", "coordinates": [5.5, 54.5]}, "properties": {"value": 11.062, "time": "2025-12-01T22:00:00", "date": "2025-12-01", "hour": 22}}, {"type": "Feature", "geometry": {"type": "Point", "coordinates": [5.75, 54.5]}, "properties": {"value": 11.069, "time": "2025-12-01T22:00:00", "date": "2025-12-01", "hour": 22}}, {"type": "Feature", "geometry": {"type": "Point", "coordinates": [6.0, 54.5]}, "properties": {"value": 10.997, "time": "2025-12-01T22:00:00", "date": "2025-12-01", "hour": 22}}, {"type": "Feature", "geometry": {"type": "Point", "coordinates": [6.25, 54.5]}, "properties": {"value": 10.862, "time": "2025-12-01T22:00:00", "date": "2025-12-01", "hour": 22}}, {"type": "Feature", "geometry": {"type": "Point", "coordinates": [6.5, 54.5]}, "properties": {"value": 10.688, "time": "2025-12-01T22:00:00", "date": "2025-12-01", "hour": 22}}, {"type": "Feature", "geometry": {"type": "Point", "coordinates": [6.75, 54.5]}, "properties": {"value": 10.435, "time": "2025-12-01T22:00:00", "date": "2025-12-01", "hour": 22}}, {"type": "Feature", "geometry": {"type": "Point", "coordinates": [7.0, 54.5]}, "properties": {"value": 10.289, "time": "2025-12-01T22:00:00", "date": "2025-12-01", "hour": 22}}, {"type": "Feature", "geometry": {"type": "Point", "coordinates": [7.25, 54.5]}, "properties": {"value": 10.054, "time": "2025-12-01T22:00:00", "date": "2025-12-01", "hour": 22}}, {"type": "Feature", "geometry": {"type": "Point", "coordinates": [7.5, 54.5]}, "properties": {"value": 10.021, "time": "2025-12-01T22:00:00", "date": "2025-12-01", "hour": 22}}, {"type": "Feature", "geometry": {"type": "Point", "coordinates": [7.75, 54.5]}, "properties": {"value": 9.437, "time": "2025-12-01T22:00:00", "date": "2025-12-01", "hour": 22}}, {"type": "Feature", "geometry": {"type": "Point", "coordinates": [8.0, 54.5]}, "properties": {"value": 8.406, "time": "2025-12-01T22:00:00", "date": "2025-12-01", "hour": 22}}, {"type": "Feature", "geometry": {"type": "Point", "coordinates": [8.25, 54.5]}, "properties": {"value": 7.041, "time": "2025-12-01T22:00:00", "date": "2025-12-01", "hour": 22}}, {"type": "Feature", "geometry": {"type": "Point", "coordinates": [8.5, 54.5]}, "properties": {"value": 5.941, "time": "2025-12-01T22:00:00", "date": "2025-12-01", "hour": 22}}, {"type": "Feature", "geometry": {"type": "Point", "coordinates": [10.5, 54.5]}, "properties": {"value": 7.184, "time": "2025-12-01T22:00:00", "date": "2025-12-01", "hour": 22}}, {"type": "Feature", "geometry": {"type": "Point", "coordinates": [10.75, 54.5]}, "properties": {"value": 7.047, "time": "2025-12-01T22:00:00", "date": "2025-12-01", "hour": 22}}, {"type": "Feature", "geometry": {"type": "Point", "coordinates": [11.0, 54.5]}, "properties": {"value": 6.684, "time": "2025-12-01T22:00:00", "date": "2025-12-01", "hour": 22}}, {"type": "Feature", "geometry": {"type": "Point", "coordinates": [11.25, 54.5]}, "properties": {"value": 6.777, "time": "2025-12-01T22:00:00", "date": "2025-12-01", "hour": 22}}, {"type": "Feature", "geometry": {"type": "Point", "coordinates": [11.5, 54.5]}, "properties": {"value": 6.651, "time": "2025-12-01T22:00:00", "date": "2025-12-01", "hour": 22}}, {"type": "Feature", "geometry": {"type": "Point", "coordinates": [11.75, 54.5]}, "properties": {"value": 6.861, "time": "2025-12-01T22:00:00", "date": "2025-12-01", "hour": 22}}, {"type": "Feature", "geometry": {"type": "Point", "coordinates": [12.0, 54.5]}, "properties": {"value": 6.941, "time": "2025-12-01T22:00:00", "date": "2025-12-01", "hour": 22}}, {"type": "Feature", "geometry": {"type": "Point", "coordinates": [12.25, 54.5]}, "properties": {"value": 6.922, "time": "2025-12-01T22:00:00", "date": "2025-12-01", "hour": 22}}, {"type": "Feature", "geometry": {"type": "Point", "coordinates": [13.0, 54.5]}, "properties": {"value": 7.182, "time": "2025-12-01T22:00:00", "date": "2025-12-01", "hour": 22}}, {"type": "Feature", "geometry": {"type": "Point", "coordinates": [13.25, 54.5]}, "properties": {"value": 6.567, "time": "2025-12-01T22:00:00", "date": "2025-12-01", "hour": 22}}, {"type": "Feature", "geometry": {"type": "Point", "coordinates": [13.5, 54.5]}, "properties": {"value": 6.36, "time": "2025-12-01T22:00:00", "date": "2025-12-01", "hour": 22}}, {"type": "Feature", "geometry": {"type": "Point", "coordinates": [13.75, 54.5]}, "properties": {"value": 6.213, "time": "2025-12-01T22:00:00", "date": "2025-12-01", "hour": 22}}, {"type": "Feature", "geometry": {"type": "Point", "coordinates": [14.0, 54.5]}, "properties": {"value": 6.323, "time": "2025-12-01T22:00:00", "date": "2025-12-01", "hour": 22}}, {"type": "Feature", "geometry": {"type": "Point", "coordinates": [14.25, 54.5]}, "properties": {"value": 6.272, "time": "2025-12-01T22:00:00", "date": "2025-12-01", "hour": 22}}, {"type": "Feature", "geometry": {"type": "Point", "coordinates": [14.5, 54.5]}, "properties": {"value": 6.402, "time": "2025-12-01T22:00:00", "date": "2025-12-01", "hour": 22}}, {"type": "Feature", "geometry": {"type": "Point", "coordinates": [14.75, 54.5]}, "properties": {"value": 6.702, "time": "2025-12-01T22:00:00", "date": "2025-12-01", "hour": 22}}, {"type": "Feature", "geometry": {"type": "Point", "coordinates": [15.0, 54.5]}, "properties": {"value": 7.405, "time": "2025-12-01T22:00:00", "date": "2025-12-01", "hour": 22}}, {"type": "Feature", "geometry": {"type": "Point", "coordinates": [5.0, 54.75]}, "properties": {"value": 10.993, "time": "2025-12-01T22:00:00", "date": "2025-12-01", "hour": 22}}, {"type": "Feature", "geometry": {"type": "Point", "coordinates": [5.25, 54.75]}, "properties": {"value": 11.054, "time": "2025-12-01T22:00:00", "date": "2025-12-01", "hour": 22}}, {"type": "Feature", "geometry": {"type": "Point", "coordinates": [5.5, 54.75]}, "properties": {"value": 11.103, "time": "2025-12-01T22:00:00", "date": "2025-12-01", "hour": 22}}, {"type": "Feature", "geometry": {"type": "Point", "coordinates": [5.75, 54.75]}, "properties": {"value": 11.157, "time": "2025-12-01T22:00:00", "date": "2025-12-01", "hour": 22}}, {"type": "Feature", "geometry": {"type": "Point", "coordinates": [6.0, 54.75]}, "properties": {"value": 11.064, "time": "2025-12-01T22:00:00", "date": "2025-12-01", "hour": 22}}, {"type": "Feature", "geometry": {"type": "Point", "coordinates": [6.25, 54.75]}, "properties": {"value": 10.93, "time": "2025-12-01T22:00:00", "date": "2025-12-01", "hour": 22}}, {"type": "Feature", "geometry": {"type": "Point", "coordinates": [6.5, 54.75]}, "properties": {"value": 10.806, "time": "2025-12-01T22:00:00", "date": "2025-12-01", "hour": 22}}, {"type": "Feature", "geometry": {"type": "Point", "coordinates": [6.75, 54.75]}, "properties": {"value": 10.688, "time": "2025-12-01T22:00:00", "date": "2025-12-01", "hour": 22}}, {"type": "Feature", "geometry": {"type": "Point", "coordinates": [7.0, 54.75]}, "properties": {"value": 10.605, "time": "2025-12-01T22:00:00", "date": "2025-12-01", "hour": 22}}, {"type": "Feature", "geometry": {"type": "Point", "coordinates": [7.25, 54.75]}, "properties": {"value": 10.353, "time": "2025-12-01T22:00:00", "date": "2025-12-01", "hour": 22}}, {"type": "Feature", "geometry": {"type": "Point", "coordinates": [7.5, 54.75]}, "properties": {"value": 9.985, "time": "2025-12-01T22:00:00", "date": "2025-12-01", "hour": 22}}, {"type": "Feature", "geometry": {"type": "Point", "coordinates": [7.75, 54.75]}, "properties": {"value": 8.929, "time": "2025-12-01T22:00:00", "date": "2025-12-01", "hour": 22}}, {"type": "Feature", "geometry": {"type": "Point", "coordinates": [8.0, 54.75]}, "properties": {"value": 7.872, "time": "2025-12-01T22:00:00", "date": "2025-12-01", "hour": 22}}, {"type": "Feature", "geometry": {"type": "Point", "coordinates": [8.25, 54.75]}, "properties": {"value": 6.532, "time": "2025-12-01T22:00:00", "date": "2025-12-01", "hour": 22}}, {"type": "Feature", "geometry": {"type": "Point", "coordinates": [8.5, 54.75]}, "properties": {"value": 5.573, "time": "2025-12-01T22:00:00", "date": "2025-12-01", "hour": 22}}, {"type": "Feature", "geometry": {"type": "Point", "coordinates": [10.25, 54.75]}, "properties": {"value": 7.24, "time": "2025-12-01T22:00:00", "date": "2025-12-01", "hour": 22}}, {"type": "Feature", "geometry": {"type": "Point", "coordinates": [10.5, 54.75]}, "properties": {"value": 7.19, "time": "2025-12-01T22:00:00", "date": "2025-12-01", "hour": 22}}, {"type": "Feature", "geometry": {"type": "Point", "coordinates": [10.75, 54.75]}, "properties": {"value": 7.06, "time": "2025-12-01T22:00:00", "date": "2025-12-01", "hour": 22}}, {"type": "Feature", "geometry": {"type": "Point", "coordinates": [11.0, 54.75]}, "properties": {"value": 6.661, "time": "2025-12-01T22:00:00", "date": "2025-12-01", "hour": 22}}, {"type": "Feature", "geometry": {"type": "Point", "coordinates": [11.25, 54.75]}, "properties": {"value": 6.321, "time": "2025-12-01T22:00:00", "date": "2025-12-01", "hour": 22}}, {"type": "Feature", "geometry": {"type": "Point", "coordinates": [11.5, 54.75]}, "properties": {"value": 6.065, "time": "2025-12-01T22:00:00", "date": "2025-12-01", "hour": 22}}, {"type": "Feature", "geometry": {"type": "Point", "coordinates": [12.0, 54.75]}, "properties": {"value": 6.602, "time": "2025-12-01T22:00:00", "date": "2025-12-01", "hour": 22}}, {"type": "Feature", "geometry": {"type": "Point", "coordinates": [12.25, 54.75]}, "properties": {"value": 7.105, "time": "2025-12-01T22:00:00", "date": "2025-12-01", "hour": 22}}, {"type": "Feature", "geometry": {"type": "Point", "coordinates": [12.5, 54.75]}, "properties": {"value": 7.43, "time": "2025-12-01T22:00:00", "date": "2025-12-01", "hour": 22}}, {"type": "Feature", "geometry": {"type": "Point", "coordinates": [12.75, 54.75]}, "properties": {"value": 7.489, "time": "2025-12-01T22:00:00", "date": "2025-12-01", "hour": 22}}, {"type": "Feature", "geometry": {"type": "Point", "coordinates": [13.0, 54.75]}, "properties": {"value": 7.324, "time": "2025-12-01T22:00:00", "date": "2025-12-01", "hour": 22}}, {"type": "Feature", "geometry": {"type": "Point", "coordinates": [13.25, 54.75]}, "properties": {"value": 7.401, "time": "2025-12-01T22:00:00", "date": "2025-12-01", "hour": 22}}, {"type": "Feature", "geometry": {"type": "Point", "coordinates": [13.5, 54.75]}, "properties": {"value": 7.618, "time": "2025-12-01T22:00:00", "date": "2025-12-01", "hour": 22}}, {"type": "Feature", "geometry": {"type": "Point", "coordinates": [13.75, 54.75]}, "properties": {"value": 7.472, "time": "2025-12-01T22:00:00", "date": "2025-12-01", "hour": 22}}, {"type": "Feature", "geometry": {"type": "Point", "coordinates": [14.0, 54.75]}, "properties": {"value": 7.215, "time": "2025-12-01T22:00:00", "date": "2025-12-01", "hour": 22}}, {"type": "Feature", "geometry": {"type": "Point", "coordinates": [14.25, 54.75]}, "properties": {"value": 7.117, "time": "2025-12-01T22:00:00", "date": "2025-12-01", "hour": 22}}, {"type": "Feature", "geometry": {"type": "Point", "coordinates": [14.5, 54.75]}, "properties": {"value": 7.372, "time": "2025-12-01T22:00:00", "date": "2025-12-01", "hour": 22}}, {"type": "Feature", "geometry": {"type": "Point", "coordinates": [14.75, 54.75]}, "properties": {"value": 7.64, "time": "2025-12-01T22:00:00", "date": "2025-12-01", "hour": 22}}, {"type": "Feature", "geometry": {"type": "Point", "coordinates": [15.0, 54.75]}, "properties": {"value": 7.742, "time": "2025-12-01T22:00:00", "date": "2025-12-01", "hour": 22}}, {"type": "Feature", "geometry": {"type": "Point", "coordinates": [5.0, 55.0]}, "properties": {"value": 10.863, "time": "2025-12-01T22:00:00", "date": "2025-12-01", "hour": 22}}, {"type": "Feature", "geometry": {"type": "Point", "coordinates": [5.25, 55.0]}, "properties": {"value": 10.924, "time": "2025-12-01T22:00:00", "date": "2025-12-01", "hour": 22}}, {"type": "Feature", "geometry": {"type": "Point", "coordinates": [5.5, 55.0]}, "properties": {"value": 11.025, "time": "2025-12-01T22:00:00", "date": "2025-12-01", "hour": 22}}, {"type": "Feature", "geometry": {"type": "Point", "coordinates": [5.75, 55.0]}, "properties": {"value": 11.078, "time": "2025-12-01T22:00:00", "date": "2025-12-01", "hour": 22}}, {"type": "Feature", "geometry": {"type": "Point", "coordinates": [6.0, 55.0]}, "properties": {"value": 11.084, "time": "2025-12-01T22:00:00", "date": "2025-12-01", "hour": 22}}, {"type": "Feature", "geometry": {"type": "Point", "coordinates": [6.25, 55.0]}, "properties": {"value": 11.088, "time": "2025-12-01T22:00:00", "date": "2025-12-01", "hour": 22}}, {"type": "Feature", "geometry": {"type": "Point", "coordinates": [6.5, 55.0]}, "properties": {"value": 11.017, "time": "2025-12-01T22:00:00", "date": "2025-12-01", "hour": 22}}, {"type": "Feature", "geometry": {"type": "Point", "coordinates": [6.75, 55.0]}, "properties": {"value": 10.892, "time": "2025-12-01T22:00:00", "date": "2025-12-01", "hour": 22}}, {"type": "Feature", "geometry": {"type": "Point", "coordinates": [7.0, 55.0]}, "properties": {"value": 10.727, "time": "2025-12-01T22:00:00", "date": "2025-12-01", "hour": 22}}, {"type": "Feature", "geometry": {"type": "Point", "coordinates": [7.25, 55.0]}, "properties": {"value": 10.293, "time": "2025-12-01T22:00:00", "date": "2025-12-01", "hour": 22}}, {"type": "Feature", "geometry": {"type": "Point", "coordinates": [7.5, 55.0]}, "properties": {"value": 9.863, "time": "2025-12-01T22:00:00", "date": "2025-12-01", "hour": 22}}, {"type": "Feature", "geometry": {"type": "Point", "coordinates": [7.75, 55.0]}, "properties": {"value": 8.785, "time": "2025-12-01T22:00:00", "date": "2025-12-01", "hour": 22}}, {"type": "Feature", "geometry": {"type": "Point", "coordinates": [8.0, 55.0]}, "properties": {"value": 7.79, "time": "2025-12-01T22:00:00", "date": "2025-12-01", "hour": 22}}, {"type": "Feature", "geometry": {"type": "Point", "coordinates": [8.25, 55.0]}, "properties": {"value": 6.562, "time": "2025-12-01T22:00:00", "date": "2025-12-01", "hour": 22}}, {"type": "Feature", "geometry": {"type": "Point", "coordinates": [8.5, 55.0]}, "properties": {"value": 5.627, "time": "2025-12-01T22:00:00", "date": "2025-12-01", "hour": 22}}, {"type": "Feature", "geometry": {"type": "Point", "coordinates": [10.25, 55.0]}, "properties": {"value": 6.431, "time": "2025-12-01T22:00:00", "date": "2025-12-01", "hour": 22}}, {"type": "Feature", "geometry": {"type": "Point", "coordinates": [10.5, 55.0]}, "properties": {"value": 6.555, "time": "2025-12-01T22:00:00", "date": "2025-12-01", "hour": 22}}, {"type": "Feature", "geometry": {"type": "Point", "coordinates": [10.75, 55.0]}, "properties": {"value": 6.677, "time": "2025-12-01T22:00:00", "date": "2025-12-01", "hour": 22}}, {"type": "Feature", "geometry": {"type": "Point", "coordinates": [11.0, 55.0]}, "properties": {"value": 6.503, "time": "2025-12-01T22:00:00", "date": "2025-12-01", "hour": 22}}, {"type": "Feature", "geometry": {"type": "Point", "coordinates": [11.25, 55.0]}, "properties": {"value": 6.233, "time": "2025-12-01T22:00:00", "date": "2025-12-01", "hour": 22}}, {"type": "Feature", "geometry": {"type": "Point", "coordinates": [11.5, 55.0]}, "properties": {"value": 5.922, "time": "2025-12-01T22:00:00", "date": "2025-12-01", "hour": 22}}, {"type": "Feature", "geometry": {"type": "Point", "coordinates": [11.75, 55.0]}, "properties": {"value": 5.587, "time": "2025-12-01T22:00:00", "date": "2025-12-01", "hour": 22}}, {"type": "Feature", "geometry": {"type": "Point", "coordinates": [12.0, 55.0]}, "properties": {"value": 6.088, "time": "2025-12-01T22:00:00", "date": "2025-12-01", "hour": 22}}, {"type": "Feature", "geometry": {"type": "Point", "coordinates": [12.25, 55.0]}, "properties": {"value": 6.77, "time": "2025-12-01T22:00:00", "date": "2025-12-01", "hour": 22}}, {"type": "Feature", "geometry": {"type": "Point", "coordinates": [12.5, 55.0]}, "properties": {"value": 7.46, "time": "2025-12-01T22:00:00", "date": "2025-12-01", "hour": 22}}, {"type": "Feature", "geometry": {"type": "Point", "coordinates": [12.75, 55.0]}, "properties": {"value": 7.657, "time": "2025-12-01T22:00:00", "date": "2025-12-01", "hour": 22}}, {"type": "Feature", "geometry": {"type": "Point", "coordinates": [13.0, 55.0]}, "properties": {"value": 7.673, "time": "2025-12-01T22:00:00", "date": "2025-12-01", "hour": 22}}, {"type": "Feature", "geometry": {"type": "Point", "coordinates": [13.25, 55.0]}, "properties": {"value": 7.751, "time": "2025-12-01T22:00:00", "date": "2025-12-01", "hour": 22}}, {"type": "Feature", "geometry": {"type": "Point", "coordinates": [13.5, 55.0]}, "properties": {"value": 7.892, "time": "2025-12-01T22:00:00", "date": "2025-12-01", "hour": 22}}, {"type": "Feature", "geometry": {"type": "Point", "coordinates": [13.75, 55.0]}, "properties": {"value": 7.944, "time": "2025-12-01T22:00:00", "date": "2025-12-01", "hour": 22}}, {"type": "Feature", "geometry": {"type": "Point", "coordinates": [14.0, 55.0]}, "properties": {"value": 7.9, "time": "2025-12-01T22:00:00", "date": "2025-12-01", "hour": 22}}, {"type": "Feature", "geometry": {"type": "Point", "coordinates": [14.25, 55.0]}, "properties": {"value": 7.73, "time": "2025-12-01T22:00:00", "date": "2025-12-01", "hour": 22}}, {"type": "Feature", "geometry": {"type": "Point", "coordinates": [14.5, 55.0]}, "properties": {"value": 7.545, "time": "2025-12-01T22:00:00", "date": "2025-12-01", "hour": 22}}, {"type": "Feature", "geometry": {"type": "Point", "coordinates": [14.75, 55.0]}, "properties": {"value": 7.55, "time": "2025-12-01T22:00:00", "date": "2025-12-01", "hour": 22}}, {"type": "Feature", "geometry": {"type": "Point", "coordinates": [15.0, 55.0]}, "properties": {"value": 7.539, "time": "2025-12-01T22:00:00", "date": "2025-12-01", "hour": 22}}, {"type": "Feature", "geometry": {"type": "Point", "coordinates": [5.25, 52.75]}, "properties": {"value": 6.048, "time": "2025-12-01T23:00:00", "date": "2025-12-01", "hour": 23}}, {"type": "Feature", "geometry": {"type": "Point", "coordinates": [5.5, 52.75]}, "properties": {"value": 6.051, "time": "2025-12-01T23:00:00", "date": "2025-12-01", "hour": 23}}, {"type": "Feature", "geometry": {"type": "Point", "coordinates": [5.0, 53.0]}, "properties": {"value": 7.219, "time": "2025-12-01T23:00:00", "date": "2025-12-01", "hour": 23}}, {"type": "Feature", "geometry": {"type": "Point", "coordinates": [5.25, 53.0]}, "properties": {"value": 6.518, "time": "2025-12-01T23:00:00", "date": "2025-12-01", "hour": 23}}, {"type": "Feature", "geometry": {"type": "Point", "coordinates": [5.5, 53.0]}, "properties": {"value": 5.99, "time": "2025-12-01T23:00:00", "date": "2025-12-01", "hour": 23}}, {"type": "Feature", "geometry": {"type": "Point", "coordinates": [5.0, 53.25]}, "properties": {"value": 8.225, "time": "2025-12-01T23:00:00", "date": "2025-12-01", "hour": 23}}, {"type": "Feature", "geometry": {"type": "Point", "coordinates": [5.25, 53.25]}, "properties": {"value": 7.223, "time": "2025-12-01T23:00:00", "date": "2025-12-01", "hour": 23}}, {"type": "Feature", "geometry": {"type": "Point", "coordinates": [5.5, 53.25]}, "properties": {"value": 6.618, "time": "2025-12-01T23:00:00", "date": "2025-12-01", "hour": 23}}, {"type": "Feature", "geometry": {"type": "Point", "coordinates": [5.0, 53.5]}, "properties": {"value": 9.788, "time": "2025-12-01T23:00:00", "date": "2025-12-01", "hour": 23}}, {"type": "Feature", "geometry": {"type": "Point", "coordinates": [5.25, 53.5]}, "properties": {"value": 9.178, "time": "2025-12-01T23:00:00", "date": "2025-12-01", "hour": 23}}, {"type": "Feature", "geometry": {"type": "Point", "coordinates": [5.5, 53.5]}, "properties": {"value": 8.926, "time": "2025-12-01T23:00:00", "date": "2025-12-01", "hour": 23}}, {"type": "Feature", "geometry": {"type": "Point", "coordinates": [5.75, 53.5]}, "properties": {"value": 8.284, "time": "2025-12-01T23:00:00", "date": "2025-12-01", "hour": 23}}, {"type": "Feature", "geometry": {"type": "Point", "coordinates": [6.0, 53.5]}, "properties": {"value": 7.565, "time": "2025-12-01T23:00:00", "date": "2025-12-01", "hour": 23}}, {"type": "Feature", "geometry": {"type": "Point", "coordinates": [6.25, 53.5]}, "properties": {"value": 6.822, "time": "2025-12-01T23:00:00", "date": "2025-12-01", "hour": 23}}, {"type": "Feature", "geometry": {"type": "Point", "coordinates": [6.5, 53.5]}, "properties": {"value": 6.417, "time": "2025-12-01T23:00:00", "date": "2025-12-01", "hour": 23}}, {"type": "Feature", "geometry": {"type": "Point", "coordinates": [6.75, 53.5]}, "properties": {"value": 5.7, "time": "2025-12-01T23:00:00", "date": "2025-12-01", "hour": 23}}, {"type": "Feature", "geometry": {"type": "Point", "coordinates": [5.0, 53.75]}, "properties": {"value": 10.431, "time": "2025-12-01T23:00:00", "date": "2025-12-01", "hour": 23}}, {"type": "Feature", "geometry": {"type": "Point", "coordinates": [5.25, 53.75]}, "properties": {"value": 10.151, "time": "2025-12-01T23:00:00", "date": "2025-12-01", "hour": 23}}, {"type": "Feature", "geometry": {"type": "Point", "coordinates": [5.5, 53.75]}, "properties": {"value": 9.948, "time": "2025-12-01T23:00:00", "date": "2025-12-01", "hour": 23}}, {"type": "Feature", "geometry": {"type": "Point", "coordinates": [5.75, 53.75]}, "properties": {"value": 9.698, "time": "2025-12-01T23:00:00", "date": "2025-12-01", "hour": 23}}, {"type": "Feature", "geometry": {"type": "Point", "coordinates": [6.0, 53.75]}, "properties": {"value": 9.131, "time": "2025-12-01T23:00:00", "date": "2025-12-01", "hour": 23}}, {"type": "Feature", "geometry": {"type": "Point", "coordinates": [6.25, 53.75]}, "properties": {"value": 8.799, "time": "2025-12-01T23:00:00", "date": "2025-12-01", "hour": 23}}, {"type": "Feature", "geometry": {"type": "Point", "coordinates": [6.5, 53.75]}, "properties": {"value": 8.326, "time": "2025-12-01T23:00:00", "date": "2025-12-01", "hour": 23}}, {"type": "Feature", "geometry": {"type": "Point", "coordinates": [6.75, 53.75]}, "properties": {"value": 7.772, "time": "2025-12-01T23:00:00", "date": "2025-12-01", "hour": 23}}, {"type": "Feature", "geometry": {"type": "Point", "coordinates": [7.0, 53.75]}, "properties": {"value": 8.014, "time": "2025-12-01T23:00:00", "date": "2025-12-01", "hour": 23}}, {"type": "Feature", "geometry": {"type": "Point", "coordinates": [7.25, 53.75]}, "properties": {"value": 7.501, "time": "2025-12-01T23:00:00", "date": "2025-12-01", "hour": 23}}, {"type": "Feature", "geometry": {"type": "Point", "coordinates": [7.5, 53.75]}, "properties": {"value": 7.846, "time": "2025-12-01T23:00:00", "date": "2025-12-01", "hour": 23}}, {"type": "Feature", "geometry": {"type": "Point", "coordinates": [7.75, 53.75]}, "properties": {"value": 7.902, "time": "2025-12-01T23:00:00", "date": "2025-12-01", "hour": 23}}, {"type": "Feature", "geometry": {"type": "Point", "coordinates": [8.0, 53.75]}, "properties": {"value": 7.793, "time": "2025-12-01T23:00:00", "date": "2025-12-01", "hour": 23}}, {"type": "Feature", "geometry": {"type": "Point", "coordinates": [8.25, 53.75]}, "properties": {"value": 7.099, "time": "2025-12-01T23:00:00", "date": "2025-12-01", "hour": 23}}, {"type": "Feature", "geometry": {"type": "Point", "coordinates": [8.5, 53.75]}, "properties": {"value": 6.27, "time": "2025-12-01T23:00:00", "date": "2025-12-01", "hour": 23}}, {"type": "Feature", "geometry": {"type": "Point", "coordinates": [8.75, 53.75]}, "properties": {"value": 6.27, "time": "2025-12-01T23:00:00", "date": "2025-12-01", "hour": 23}}, {"type": "Feature", "geometry": {"type": "Point", "coordinates": [14.25, 53.75]}, "properties": {"value": 3.378, "time": "2025-12-01T23:00:00", "date": "2025-12-01", "hour": 23}}, {"type": "Feature", "geometry": {"type": "Point", "coordinates": [14.5, 53.75]}, "properties": {"value": 3.378, "time": "2025-12-01T23:00:00", "date": "2025-12-01", "hour": 23}}, {"type": "Feature", "geometry": {"type": "Point", "coordinates": [5.0, 54.0]}, "properties": {"value": 10.82, "time": "2025-12-01T23:00:00", "date": "2025-12-01", "hour": 23}}, {"type": "Feature", "geometry": {"type": "Point", "coordinates": [5.25, 54.0]}, "properties": {"value": 10.804, "time": "2025-12-01T23:00:00", "date": "2025-12-01", "hour": 23}}, {"type": "Feature", "geometry": {"type": "Point", "coordinates": [5.5, 54.0]}, "properties": {"value": 10.601, "time": "2025-12-01T23:00:00", "date": "2025-12-01", "hour": 23}}, {"type": "Feature", "geometry": {"type": "Point", "coordinates": [5.75, 54.0]}, "properties": {"value": 10.452, "time": "2025-12-01T23:00:00", "date": "2025-12-01", "hour": 23}}, {"type": "Feature", "geometry": {"type": "Point", "coordinates": [6.0, 54.0]}, "properties": {"value": 10.277, "time": "2025-12-01T23:00:00", "date": "2025-12-01", "hour": 23}}, {"type": "Feature", "geometry": {"type": "Point", "coordinates": [6.25, 54.0]}, "properties": {"value": 10.016, "time": "2025-12-01T23:00:00", "date": "2025-12-01", "hour": 23}}, {"type": "Feature", "geometry": {"type": "Point", "coordinates": [6.5, 54.0]}, "properties": {"value": 9.601, "time": "2025-12-01T23:00:00", "date": "2025-12-01", "hour": 23}}, {"type": "Feature", "geometry": {"type": "Point", "coordinates": [6.75, 54.0]}, "properties": {"value": 9.436, "time": "2025-12-01T23:00:00", "date": "2025-12-01", "hour": 23}}, {"type": "Feature", "geometry": {"type": "Point", "coordinates": [7.0, 54.0]}, "properties": {"value": 9.146, "time": "2025-12-01T23:00:00", "date": "2025-12-01", "hour": 23}}, {"type": "Feature", "geometry": {"type": "Point", "coordinates": [7.25, 54.0]}, "properties": {"value": 8.804, "time": "2025-12-01T23:00:00", "date": "2025-12-01", "hour": 23}}, {"type": "Feature", "geometry": {"type": "Point", "coordinates": [7.5, 54.0]}, "properties": {"value": 8.975, "time": "2025-12-01T23:00:00", "date": "2025-12-01", "hour": 23}}, {"type": "Feature", "geometry": {"type": "Point", "coordinates": [7.75, 54.0]}, "properties": {"value": 8.957, "time": "2025-12-01T23:00:00", "date": "2025-12-01", "hour": 23}}, {"type": "Feature", "geometry": {"type": "Point", "coordinates": [8.0, 54.0]}, "properties": {"value": 8.78, "time": "2025-12-01T23:00:00", "date": "2025-12-01", "hour": 23}}, {"type": "Feature", "geometry": {"type": "Point", "coordinates": [8.25, 54.0]}, "properties": {"value": 8.255, "time": "2025-12-01T23:00:00", "date": "2025-12-01", "hour": 23}}, {"type": "Feature", "geometry": {"type": "Point", "coordinates": [8.5, 54.0]}, "properties": {"value": 6.943, "time": "2025-12-01T23:00:00", "date": "2025-12-01", "hour": 23}}, {"type": "Feature", "geometry": {"type": "Point", "coordinates": [11.25, 54.0]}, "properties": {"value": 6.758, "time": "2025-12-01T23:00:00", "date": "2025-12-01", "hour": 23}}, {"type": "Feature", "geometry": {"type": "Point", "coordinates": [14.0, 54.0]}, "properties": {"value": 4.909, "time": "2025-12-01T23:00:00", "date": "2025-12-01", "hour": 23}}, {"type": "Feature", "geometry": {"type": "Point", "coordinates": [14.25, 54.0]}, "properties": {"value": 5.286, "time": "2025-12-01T23:00:00", "date": "2025-12-01", "hour": 23}}, {"type": "Feature", "geometry": {"type": "Point", "coordinates": [14.5, 54.0]}, "properties": {"value": 5.016, "time": "2025-12-01T23:00:00", "date": "2025-12-01", "hour": 23}}, {"type": "Feature", "geometry": {"type": "Point", "coordinates": [14.75, 54.0]}, "properties": {"value": 5.62, "time": "2025-12-01T23:00:00", "date": "2025-12-01", "hour": 23}}, {"type": "Feature", "geometry": {"type": "Point", "coordinates": [5.0, 54.25]}, "properties": {"value": 10.906, "time": "2025-12-01T23:00:00", "date": "2025-12-01", "hour": 23}}, {"type": "Feature", "geometry": {"type": "Point", "coordinates": [5.25, 54.25]}, "properties": {"value": 10.899, "time": "2025-12-01T23:00:00", "date": "2025-12-01", "hour": 23}}, {"type": "Feature", "geometry": {"type": "Point", "coordinates": [5.5, 54.25]}, "properties": {"value": 10.955, "time": "2025-12-01T23:00:00", "date": "2025-12-01", "hour": 23}}, {"type": "Feature", "geometry": {"type": "Point", "coordinates": [5.75, 54.25]}, "properties": {"value": 10.854, "time": "2025-12-01T23:00:00", "date": "2025-12-01", "hour": 23}}, {"type": "Feature", "geometry": {"type": "Point", "coordinates": [6.0, 54.25]}, "properties": {"value": 10.795, "time": "2025-12-01T23:00:00", "date": "2025-12-01", "hour": 23}}, {"type": "Feature", "geometry": {"type": "Point", "coordinates": [6.25, 54.25]}, "properties": {"value": 10.593, "time": "2025-12-01T23:00:00", "date": "2025-12-01", "hour": 23}}, {"type": "Feature", "geometry": {"type": "Point", "coordinates": [6.5, 54.25]}, "properties": {"value": 10.417, "time": "2025-12-01T23:00:00", "date": "2025-12-01", "hour": 23}}, {"type": "Feature", "geometry": {"type": "Point", "coordinates": [6.75, 54.25]}, "properties": {"value": 10.205, "time": "2025-12-01T23:00:00", "date": "2025-12-01", "hour": 23}}, {"type": "Feature", "geometry": {"type": "Point", "coordinates": [7.0, 54.25]}, "properties": {"value": 9.923, "time": "2025-12-01T23:00:00", "date": "2025-12-01", "hour": 23}}, {"type": "Feature", "geometry": {"type": "Point", "coordinates": [7.25, 54.25]}, "properties": {"value": 9.778, "time": "2025-12-01T23:00:00", "date": "2025-12-01", "hour": 23}}, {"type": "Feature", "geometry": {"type": "Point", "coordinates": [7.5, 54.25]}, "properties": {"value": 9.822, "time": "2025-12-01T23:00:00", "date": "2025-12-01", "hour": 23}}, {"type": "Feature", "geometry": {"type": "Point", "coordinates": [7.75, 54.25]}, "properties": {"value": 9.427, "time": "2025-12-01T23:00:00", "date": "2025-12-01", "hour": 23}}, {"type": "Feature", "geometry": {"type": "Point", "coordinates": [8.0, 54.25]}, "properties": {"value": 9.113, "time": "2025-12-01T23:00:00", "date": "2025-12-01", "hour": 23}}, {"type": "Feature", "geometry": {"type": "Point", "coordinates": [8.25, 54.25]}, "properties": {"value": 7.843, "time": "2025-12-01T23:00:00", "date": "2025-12-01", "hour": 23}}, {"type": "Feature", "geometry": {"type": "Point", "coordinates": [8.5, 54.25]}, "properties": {"value": 6.571, "time": "2025-12-01T23:00:00", "date": "2025-12-01", "hour": 23}}, {"type": "Feature", "geometry": {"type": "Point", "coordinates": [10.75, 54.25]}, "properties": {"value": 6.891, "time": "2025-12-01T23:00:00", "date": "2025-12-01", "hour": 23}}, {"type": "Feature", "geometry": {"type": "Point", "coordinates": [11.25, 54.25]}, "properties": {"value": 6.925, "time": "2025-12-01T23:00:00", "date": "2025-12-01", "hour": 23}}, {"type": "Feature", "geometry": {"type": "Point", "coordinates": [11.75, 54.25]}, "properties": {"value": 6.828, "time": "2025-12-01T23:00:00", "date": "2025-12-01", "hour": 23}}, {"type": "Feature", "geometry": {"type": "Point", "coordinates": [12.25, 54.25]}, "properties": {"value": 6.706, "time": "2025-12-01T23:00:00", "date": "2025-12-01", "hour": 23}}, {"type": "Feature", "geometry": {"type": "Point", "coordinates": [13.75, 54.25]}, "properties": {"value": 5.235, "time": "2025-12-01T23:00:00", "date": "2025-12-01", "hour": 23}}, {"type": "Feature", "geometry": {"type": "Point", "coordinates": [14.0, 54.25]}, "properties": {"value": 5.434, "time": "2025-12-01T23:00:00", "date": "2025-12-01", "hour": 23}}, {"type": "Feature", "geometry": {"type": "Point", "coordinates": [14.25, 54.25]}, "properties": {"value": 5.666, "time": "2025-12-01T23:00:00", "date": "2025-12-01", "hour": 23}}, {"type": "Feature", "geometry": {"type": "Point", "coordinates": [14.5, 54.25]}, "properties": {"value": 5.57, "time": "2025-12-01T23:00:00", "date": "2025-12-01", "hour": 23}}, {"type": "Feature", "geometry": {"type": "Point", "coordinates": [14.75, 54.25]}, "properties": {"value": 5.94, "time": "2025-12-01T23:00:00", "date": "2025-12-01", "hour": 23}}, {"type": "Feature", "geometry": {"type": "Point", "coordinates": [15.0, 54.25]}, "properties": {"value": 6.575, "time": "2025-12-01T23:00:00", "date": "2025-12-01", "hour": 23}}, {"type": "Feature", "geometry": {"type": "Point", "coordinates": [5.0, 54.5]}, "properties": {"value": 10.947, "time": "2025-12-01T23:00:00", "date": "2025-12-01", "hour": 23}}, {"type": "Feature", "geometry": {"type": "Point", "coordinates": [5.25, 54.5]}, "properties": {"value": 11.009, "time": "2025-12-01T23:00:00", "date": "2025-12-01", "hour": 23}}, {"type": "Feature", "geometry": {"type": "Point", "coordinates": [5.5, 54.5]}, "properties": {"value": 11.062, "time": "2025-12-01T23:00:00", "date": "2025-12-01", "hour": 23}}, {"type": "Feature", "geometry": {"type": "Point", "coordinates": [5.75, 54.5]}, "properties": {"value": 11.069, "time": "2025-12-01T23:00:00", "date": "2025-12-01", "hour": 23}}, {"type": "Feature", "geometry": {"type": "Point", "coordinates": [6.0, 54.5]}, "properties": {"value": 10.997, "time": "2025-12-01T23:00:00", "date": "2025-12-01", "hour": 23}}, {"type": "Feature", "geometry": {"type": "Point", "coordinates": [6.25, 54.5]}, "properties": {"value": 10.862, "time": "2025-12-01T23:00:00", "date": "2025-12-01", "hour": 23}}, {"type": "Feature", "geometry": {"type": "Point", "coordinates": [6.5, 54.5]}, "properties": {"value": 10.688, "time": "2025-12-01T23:00:00", "date": "2025-12-01", "hour": 23}}, {"type": "Feature", "geometry": {"type": "Point", "coordinates": [6.75, 54.5]}, "properties": {"value": 10.435, "time": "2025-12-01T23:00:00", "date": "2025-12-01", "hour": 23}}, {"type": "Feature", "geometry": {"type": "Point", "coordinates": [7.0, 54.5]}, "properties": {"value": 10.289, "time": "2025-12-01T23:00:00", "date": "2025-12-01", "hour": 23}}, {"type": "Feature", "geometry": {"type": "Point", "coordinates": [7.25, 54.5]}, "properties": {"value": 10.054, "time": "2025-12-01T23:00:00", "date": "2025-12-01", "hour": 23}}, {"type": "Feature", "geometry": {"type": "Point", "coordinates": [7.5, 54.5]}, "properties": {"value": 10.021, "time": "2025-12-01T23:00:00", "date": "2025-12-01", "hour": 23}}, {"type": "Feature", "geometry": {"type": "Point", "coordinates": [7.75, 54.5]}, "properties": {"value": 9.437, "time": "2025-12-01T23:00:00", "date": "2025-12-01", "hour": 23}}, {"type": "Feature", "geometry": {"type": "Point", "coordinates": [8.0, 54.5]}, "properties": {"value": 8.406, "time": "2025-12-01T23:00:00", "date": "2025-12-01", "hour": 23}}, {"type": "Feature", "geometry": {"type": "Point", "coordinates": [8.25, 54.5]}, "properties": {"value": 7.041, "time": "2025-12-01T23:00:00", "date": "2025-12-01", "hour": 23}}, {"type": "Feature", "geometry": {"type": "Point", "coordinates": [8.5, 54.5]}, "properties": {"value": 5.941, "time": "2025-12-01T23:00:00", "date": "2025-12-01", "hour": 23}}, {"type": "Feature", "geometry": {"type": "Point", "coordinates": [10.5, 54.5]}, "properties": {"value": 7.184, "time": "2025-12-01T23:00:00", "date": "2025-12-01", "hour": 23}}, {"type": "Feature", "geometry": {"type": "Point", "coordinates": [10.75, 54.5]}, "properties": {"value": 7.047, "time": "2025-12-01T23:00:00", "date": "2025-12-01", "hour": 23}}, {"type": "Feature", "geometry": {"type": "Point", "coordinates": [11.0, 54.5]}, "properties": {"value": 6.684, "time": "2025-12-01T23:00:00", "date": "2025-12-01", "hour": 23}}, {"type": "Feature", "geometry": {"type": "Point", "coordinates": [11.25, 54.5]}, "properties": {"value": 6.777, "time": "2025-12-01T23:00:00", "date": "2025-12-01", "hour": 23}}, {"type": "Feature", "geometry": {"type": "Point", "coordinates": [11.5, 54.5]}, "properties": {"value": 6.651, "time": "2025-12-01T23:00:00", "date": "2025-12-01", "hour": 23}}, {"type": "Feature", "geometry": {"type": "Point", "coordinates": [11.75, 54.5]}, "properties": {"value": 6.861, "time": "2025-12-01T23:00:00", "date": "2025-12-01", "hour": 23}}, {"type": "Feature", "geometry": {"type": "Point", "coordinates": [12.0, 54.5]}, "properties": {"value": 6.941, "time": "2025-12-01T23:00:00", "date": "2025-12-01", "hour": 23}}, {"type": "Feature", "geometry": {"type": "Point", "coordinates": [12.25, 54.5]}, "properties": {"value": 6.922, "time": "2025-12-01T23:00:00", "date": "2025-12-01", "hour": 23}}, {"type": "Feature", "geometry": {"type": "Point", "coordinates": [13.0, 54.5]}, "properties": {"value": 7.182, "time": "2025-12-01T23:00:00", "date": "2025-12-01", "hour": 23}}, {"type": "Feature", "geometry": {"type": "Point", "coordinates": [13.25, 54.5]}, "properties": {"value": 6.567, "time": "2025-12-01T23:00:00", "date": "2025-12-01", "hour": 23}}, {"type": "Feature", "geometry": {"type": "Point", "coordinates": [13.5, 54.5]}, "properties": {"value": 6.36, "time": "2025-12-01T23:00:00", "date": "2025-12-01", "hour": 23}}, {"type": "Feature", "geometry": {"type": "Point", "coordinates": [13.75, 54.5]}, "properties": {"value": 6.213, "time": "2025-12-01T23:00:00", "date": "2025-12-01", "hour": 23}}, {"type": "Feature", "geometry": {"type": "Point", "coordinates": [14.0, 54.5]}, "properties": {"value": 6.323, "time": "2025-12-01T23:00:00", "date": "2025-12-01", "hour": 23}}, {"type": "Feature", "geometry": {"type": "Point", "coordinates": [14.25, 54.5]}, "properties": {"value": 6.272, "time": "2025-12-01T23:00:00", "date": "2025-12-01", "hour": 23}}, {"type": "Feature", "geometry": {"type": "Point", "coordinates": [14.5, 54.5]}, "properties": {"value": 6.402, "time": "2025-12-01T23:00:00", "date": "2025-12-01", "hour": 23}}, {"type": "Feature", "geometry": {"type": "Point", "coordinates": [14.75, 54.5]}, "properties": {"value": 6.702, "time": "2025-12-01T23:00:00", "date": "2025-12-01", "hour": 23}}, {"type": "Feature", "geometry": {"type": "Point", "coordinates": [15.0, 54.5]}, "properties": {"value": 7.405, "time": "2025-12-01T23:00:00", "date": "2025-12-01", "hour": 23}}, {"type": "Feature", "geometry": {"type": "Point", "coordinates": [5.0, 54.75]}, "properties": {"value": 10.993, "time": "2025-12-01T23:00:00", "date": "2025-12-01", "hour": 23}}, {"type": "Feature", "geometry": {"type": "Point", "coordinates": [5.25, 54.75]}, "properties": {"value": 11.054, "time": "2025-12-01T23:00:00", "date": "2025-12-01", "hour": 23}}, {"type": "Feature", "geometry": {"type": "Point", "coordinates": [5.5, 54.75]}, "properties": {"value": 11.103, "time": "2025-12-01T23:00:00", "date": "2025-12-01", "hour": 23}}, {"type": "Feature", "geometry": {"type": "Point", "coordinates": [5.75, 54.75]}, "properties": {"value": 11.157, "time": "2025-12-01T23:00:00", "date": "2025-12-01", "hour": 23}}, {"type": "Feature", "geometry": {"type": "Point", "coordinates": [6.0, 54.75]}, "properties": {"value": 11.064, "time": "2025-12-01T23:00:00", "date": "2025-12-01", "hour": 23}}, {"type": "Feature", "geometry": {"type": "Point", "coordinates": [6.25, 54.75]}, "properties": {"value": 10.93, "time": "2025-12-01T23:00:00", "date": "2025-12-01", "hour": 23}}, {"type": "Feature", "geometry": {"type": "Point", "coordinates": [6.5, 54.75]}, "properties": {"value": 10.806, "time": "2025-12-01T23:00:00", "date": "2025-12-01", "hour": 23}}, {"type": "Feature", "geometry": {"type": "Point", "coordinates": [6.75, 54.75]}, "properties": {"value": 10.688, "time": "2025-12-01T23:00:00", "date": "2025-12-01", "hour": 23}}, {"type": "Feature", "geometry": {"type": "Point", "coordinates": [7.0, 54.75]}, "properties": {"value": 10.605, "time": "2025-12-01T23:00:00", "date": "2025-12-01", "hour": 23}}, {"type": "Feature", "geometry": {"type": "Point", "coordinates": [7.25, 54.75]}, "properties": {"value": 10.353, "time": "2025-12-01T23:00:00", "date": "2025-12-01", "hour": 23}}, {"type": "Feature", "geometry": {"type": "Point", "coordinates": [7.5, 54.75]}, "properties": {"value": 9.985, "time": "2025-12-01T23:00:00", "date": "2025-12-01", "hour": 23}}, {"type": "Feature", "geometry": {"type": "Point", "coordinates": [7.75, 54.75]}, "properties": {"value": 8.929, "time": "2025-12-01T23:00:00", "date": "2025-12-01", "hour": 23}}, {"type": "Feature", "geometry": {"type": "Point", "coordinates": [8.0, 54.75]}, "properties": {"value": 7.872, "time": "2025-12-01T23:00:00", "date": "2025-12-01", "hour": 23}}, {"type": "Feature", "geometry": {"type": "Point", "coordinates": [8.25, 54.75]}, "properties": {"value": 6.532, "time": "2025-12-01T23:00:00", "date": "2025-12-01", "hour": 23}}, {"type": "Feature", "geometry": {"type": "Point", "coordinates": [8.5, 54.75]}, "properties": {"value": 5.573, "time": "2025-12-01T23:00:00", "date": "2025-12-01", "hour": 23}}, {"type": "Feature", "geometry": {"type": "Point", "coordinates": [10.25, 54.75]}, "properties": {"value": 7.24, "time": "2025-12-01T23:00:00", "date": "2025-12-01", "hour": 23}}, {"type": "Feature", "geometry": {"type": "Point", "coordinates": [10.5, 54.75]}, "properties": {"value": 7.19, "time": "2025-12-01T23:00:00", "date": "2025-12-01", "hour": 23}}, {"type": "Feature", "geometry": {"type": "Point", "coordinates": [10.75, 54.75]}, "properties": {"value": 7.06, "time": "2025-12-01T23:00:00", "date": "2025-12-01", "hour": 23}}, {"type": "Feature", "geometry": {"type": "Point", "coordinates": [11.0, 54.75]}, "properties": {"value": 6.661, "time": "2025-12-01T23:00:00", "date": "2025-12-01", "hour": 23}}, {"type": "Feature", "geometry": {"type": "Point", "coordinates": [11.25, 54.75]}, "properties": {"value": 6.321, "time": "2025-12-01T23:00:00", "date": "2025-12-01", "hour": 23}}, {"type": "Feature", "geometry": {"type": "Point", "coordinates": [11.5, 54.75]}, "properties": {"value": 6.065, "time": "2025-12-01T23:00:00", "date": "2025-12-01", "hour": 23}}, {"type": "Feature", "geometry": {"type": "Point", "coordinates": [12.0, 54.75]}, "properties": {"value": 6.602, "time": "2025-12-01T23:00:00", "date": "2025-12-01", "hour": 23}}, {"type": "Feature", "geometry": {"type": "Point", "coordinates": [12.25, 54.75]}, "properties": {"value": 7.105, "time": "2025-12-01T23:00:00", "date": "2025-12-01", "hour": 23}}, {"type": "Feature", "geometry": {"type": "Point", "coordinates": [12.5, 54.75]}, "properties": {"value": 7.43, "time": "2025-12-01T23:00:00", "date": "2025-12-01", "hour": 23}}, {"type": "Feature", "geometry": {"type": "Point", "coordinates": [12.75, 54.75]}, "properties": {"value": 7.489, "time": "2025-12-01T23:00:00", "date": "2025-12-01", "hour": 23}}, {"type": "Feature", "geometry": {"type": "Point", "coordinates": [13.0, 54.75]}, "properties": {"value": 7.324, "time": "2025-12-01T23:00:00", "date": "2025-12-01", "hour": 23}}, {"type": "Feature", "geometry": {"type": "Point", "coordinates": [13.25, 54.75]}, "properties": {"value": 7.401, "time": "2025-12-01T23:00:00", "date": "2025-12-01", "hour": 23}}, {"type": "Feature", "geometry": {"type": "Point", "coordinates": [13.5, 54.75]}, "properties": {"value": 7.618, "time": "2025-12-01T23:00:00", "date": "2025-12-01", "hour": 23}}, {"type": "Feature", "geometry": {"type": "Point", "coordinates": [13.75, 54.75]}, "properties": {"value": 7.472, "time": "2025-12-01T23:00:00", "date": "2025-12-01", "hour": 23}}, {"type": "Feature", "geometry": {"type": "Point", "coordinates": [14.0, 54.75]}, "properties": {"value": 7.215, "time": "2025-12-01T23:00:00", "date": "2025-12-01", "hour": 23}}, {"type": "Feature", "geometry": {"type": "Point", "coordinates": [14.25, 54.75]}, "properties": {"value": 7.117, "time": "2025-12-01T23:00:00", "date": "2025-12-01", "hour": 23}}, {"type": "Feature", "geometry": {"type": "Point", "coordinates": [14.5, 54.75]}, "properties": {"value": 7.372, "time": "2025-12-01T23:00:00", "date": "2025-12-01", "hour": 23}}, {"type": "Feature", "geometry": {"type": "Point", "coordinates": [14.75, 54.75]}, "properties": {"value": 7.64, "time": "2025-12-01T23:00:00", "date": "2025-12-01", "hour": 23}}, {"type": "Feature", "geometry": {"type": "Point", "coordinates": [15.0, 54.75]}, "properties": {"value": 7.742, "time": "2025-12-01T23:00:00", "date": "2025-12-01", "hour": 23}}, {"type": "Feature", "geometry": {"type": "Point", "coordinates": [5.0, 55.0]}, "properties": {"value": 10.863, "time": "2025-12-01T23:00:00", "date": "2025-12-01", "hour": 23}}, {"type": "Feature", "geometry": {"type": "Point", "coordinates": [5.25, 55.0]}, "properties": {"value": 10.924, "time": "2025-12-01T23:00:00", "date": "2025-12-01", "hour": 23}}, {"type": "Feature", "geometry": {"type": "Point", "coordinates": [5.5, 55.0]}, "properties": {"value": 11.025, "time": "2025-12-01T23:00:00", "date": "2025-12-01", "hour": 23}}, {"type": "Feature", "geometry": {"type": "Point", "coordinates": [5.75, 55.0]}, "properties": {"value": 11.078, "time": "2025-12-01T23:00:00", "date": "2025-12-01", "hour": 23}}, {"type": "Feature", "geometry": {"type": "Point", "coordinates": [6.0, 55.0]}, "properties": {"value": 11.084, "time": "2025-12-01T23:00:00", "date": "2025-12-01", "hour": 23}}, {"type": "Feature", "geometry": {"type": "Point", "coordinates": [6.25, 55.0]}, "properties": {"value": 11.088, "time": "2025-12-01T23:00:00", "date": "2025-12-01", "hour": 23}}, {"type": "Feature", "geometry": {"type": "Point", "coordinates": [6.5, 55.0]}, "properties": {"value": 11.017, "time": "2025-12-01T23:00:00", "date": "2025-12-01", "hour": 23}}, {"type": "Feature", "geometry": {"type": "Point", "coordinates": [6.75, 55.0]}, "properties": {"value": 10.892, "time": "2025-12-01T23:00:00", "date": "2025-12-01", "hour": 23}}, {"type": "Feature", "geometry": {"type": "Point", "coordinates": [7.0, 55.0]}, "properties": {"value": 10.727, "time": "2025-12-01T23:00:00", "date": "2025-12-01", "hour": 23}}, {"type": "Feature", "geometry": {"type": "Point", "coordinates": [7.25, 55.0]}, "properties": {"value": 10.293, "time": "2025-12-01T23:00:00", "date": "2025-12-01", "hour": 23}}, {"type": "Feature", "geometry": {"type": "Point", "coordinates": [7.5, 55.0]}, "properties": {"value": 9.863, "time": "2025-12-01T23:00:00", "date": "2025-12-01", "hour": 23}}, {"type": "Feature", "geometry": {"type": "Point", "coordinates": [7.75, 55.0]}, "properties": {"value": 8.785, "time": "2025-12-01T23:00:00", "date": "2025-12-01", "hour": 23}}, {"type": "Feature", "geometry": {"type": "Point", "coordinates": [8.0, 55.0]}, "properties": {"value": 7.79, "time": "2025-12-01T23:00:00", "date": "2025-12-01", "hour": 23}}, {"type": "Feature", "geometry": {"type": "Point", "coordinates": [8.25, 55.0]}, "properties": {"value": 6.562, "time": "2025-12-01T23:00:00", "date": "2025-12-01", "hour": 23}}, {"type": "Feature", "geometry": {"type": "Point", "coordinates": [8.5, 55.0]}, "properties": {"value": 5.627, "time": "2025-12-01T23:00:00", "date": "2025-12-01", "hour": 23}}, {"type": "Feature", "geometry": {"type": "Point", "coordinates": [10.25, 55.0]}, "properties": {"value": 6.431, "time": "2025-12-01T23:00:00", "date": "2025-12-01", "hour": 23}}, {"type": "Feature", "geometry": {"type": "Point", "coordinates": [10.5, 55.0]}, "properties": {"value": 6.555, "time": "2025-12-01T23:00:00", "date": "2025-12-01", "hour": 23}}, {"type": "Feature", "geometry": {"type": "Point", "coordinates": [10.75, 55.0]}, "properties": {"value": 6.677, "time": "2025-12-01T23:00:00", "date": "2025-12-01", "hour": 23}}, {"type": "Feature", "geometry": {"type": "Point", "coordinates": [11.0, 55.0]}, "properties": {"value": 6.503, "time": "2025-12-01T23:00:00", "date": "2025-12-01", "hour": 23}}, {"type": "Feature", "geometry": {"type": "Point", "coordinates": [11.25, 55.0]}, "properties": {"value": 6.233, "time": "2025-12-01T23:00:00", "date": "2025-12-01", "hour": 23}}, {"type": "Feature", "geometry": {"type": "Point", "coordinates": [11.5, 55.0]}, "properties": {"value": 5.922, "time": "2025-12-01T23:00:00", "date": "2025-12-01", "hour": 23}}, {"type": "Feature", "geometry": {"type": "Point", "coordinates": [11.75, 55.0]}, "properties": {"value": 5.587, "time": "2025-12-01T23:00:00", "date": "2025-12-01", "hour": 23}}, {"type": "Feature", "geometry": {"type": "Point", "coordinates": [12.0, 55.0]}, "properties": {"value": 6.088, "time": "2025-12-01T23:00:00", "date": "2025-12-01", "hour": 23}}, {"type": "Feature", "geometry": {"type": "Point", "coordinates": [12.25, 55.0]}, "properties": {"value": 6.77, "time": "2025-12-01T23:00:00", "date": "2025-12-01", "hour": 23}}, {"type": "Feature", "geometry": {"type": "Point", "coordinates": [12.5, 55.0]}, "properties": {"value": 7.46, "time": "2025-12-01T23:00:00", "date": "2025-12-01", "hour": 23}}, {"type": "Feature", "geometry": {"type": "Point", "coordinates": [12.75, 55.0]}, "properties": {"value": 7.657, "time": "2025-12-01T23:00:00", "date": "2025-12-01", "hour": 23}}, {"type": "Feature", "geometry": {"type": "Point", "coordinates": [13.0, 55.0]}, "properties": {"value": 7.673, "time": "2025-12-01T23:00:00", "date": "2025-12-01", "hour": 23}}, {"type": "Feature", "geometry": {"type": "Point", "coordinates": [13.25, 55.0]}, "properties": {"value": 7.751, "time": "2025-12-01T23:00:00", "date": "2025-12-01", "hour": 23}}, {"type": "Feature", "geometry": {"type": "Point", "coordinates": [13.5, 55.0]}, "properties": {"value": 7.892, "time": "2025-12-01T23:00:00", "date": "2025-12-01", "hour": 23}}, {"type": "Feature", "geometry": {"type": "Point", "coordinates": [13.75, 55.0]}, "properties": {"value": 7.944, "time": "2025-12-01T23:00:00", "date": "2025-12-01", "hour": 23}}, {"type": "Feature", "geometry": {"type": "Point", "coordinates": [14.0, 55.0]}, "properties": {"value": 7.9, "time": "2025-12-01T23:00:00", "date": "2025-12-01", "hour": 23}}, {"type": "Feature", "geometry": {"type": "Point", "coordinates": [14.25, 55.0]}, "properties": {"value": 7.73, "time": "2025-12-01T23:00:00", "date": "2025-12-01", "hour": 23}}, {"type": "Feature", "geometry": {"type": "Point", "coordinates": [14.5, 55.0]}, "properties": {"value": 7.545, "time": "2025-12-01T23:00:00", "date": "2025-12-01", "hour": 23}}, {"type": "Feature", "geometry": {"type": "Point", "coordinates": [14.75, 55.0]}, "properties": {"value": 7.55, "time": "2025-12-01T23:00:00", "date": "2025-12-01", "hour": 23}}, {"type": "Feature", "geometry": {"type": "Point", "coordinates": [15.0, 55.0]}, "properties": {"value": 7.539, "time": "2025-12-01T23:00:00", "date": "2025-12-01", "hour": 23}}]}