{"type": "FeatureCollection", "metadata": {"variable": "sst", "name": "Sea Surface Temperature", "unit": "\u00b0C", "date": "2025-12-26", "hours": 24, "timestamps": ["2025-12-26T00:00:00", "2025-12-26T01:00:00", "2025-12-26T02:00:00", "2025-12-26T03:00:00", "2025-12-26T04:00:00", "2025-12-26T05:00:00", "2025-12-26T06:00:00", "2025-12-26T07:00:00", "2025-12-26T08:00:00", "2025-12-26T09:00:00", "2025-12-26T10:00:00", "2025-12-26T11:00:00", "2025-12-26T12:00:00", "2025-12-26T13:00:00", "2025-12-26T14:00:00", "2025-12-26T15:00:00", "2025-12-26T16:00:00", "2025-12-26T17:00:00", "2025-12-26T18:00:00", "2025-12-26T19:00:00", "2025-12-26T20:00:00", "2025-12-26T21:00:00", "2025-12-26T22:00:00", "2025-12-26T23:00:00"], "color_scale": {"vmin": 5, "vmax": 20, "colors": ["#313695", "#4575b4", "#74add1", "#abd9e9", "#e0f3f8", "#fee090", "#fdae61", "#f46d43", "#d73027"]}}, "features": [{"type": "Feature", "geometry": {"type": "Point", "coordinates": [5.25, 52.75]}, "properties": {"value": 3.24, "time": "2025-12-26T00:00:00", "date": "2025-12-26", "hour": 0}}, {"type": "Feature", "geometry": {"type": "Point", "coordinates": [5.5, 52.75]}, "properties": {"value": 3.249, "time": "2025-12-26T00:00:00", "date": "2025-12-26", "hour": 0}}, {"type": "Feature", "geometry": {"type": "Point", "coordinates": [5.0, 53.0]}, "properties": {"value": 4.743, "time": "2025-12-26T00:00:00", "date": "2025-12-26", "hour": 0}}, {"type": "Feature", "geometry": {"type": "Point", "coordinates": [5.25, 53.0]}, "properties": {"value": 3.781, "time": "2025-12-26T00:00:00", "date": "2025-12-26", "hour": 0}}, {"type": "Feature", "geometry": {"type": "Point", "coordinates": [5.5, 53.0]}, "properties": {"value": 3.103, "time": "2025-12-26T00:00:00", "date": "2025-12-26", "hour": 0}}, {"type": "Feature", "geometry": {"type": "Point", "coordinates": [5.0, 53.25]}, "properties": {"value": 5.694, "time": "2025-12-26T00:00:00", "date": "2025-12-26", "hour": 0}}, {"type": "Feature", "geometry": {"type": "Point", "coordinates": [5.25, 53.25]}, "properties": {"value": 4.494, "time": "2025-12-26T00:00:00", "date": "2025-12-26", "hour": 0}}, {"type": "Feature", "geometry": {"type": "Point", "coordinates": [5.5, 53.25]}, "properties": {"value": 3.771, "time": "2025-12-26T00:00:00", "date": "2025-12-26", "hour": 0}}, {"type": "Feature", "geometry": {"type": "Point", "coordinates": [5.0, 53.5]}, "properties": {"value": 7.802, "time": "2025-12-26T00:00:00", "date": "2025-12-26", "hour": 0}}, {"type": "Feature", "geometry": {"type": "Point", "coordinates": [5.25, 53.5]}, "properties": {"value": 7.132, "time": "2025-12-26T00:00:00", "date": "2025-12-26", "hour": 0}}, {"type": "Feature", "geometry": {"type": "Point", "coordinates": [5.5, 53.5]}, "properties": {"value": 6.946, "time": "2025-12-26T00:00:00", "date": "2025-12-26", "hour": 0}}, {"type": "Feature", "geometry": {"type": "Point", "coordinates": [5.75, 53.5]}, "properties": {"value": 6.46, "time": "2025-12-26T00:00:00", "date": "2025-12-26", "hour": 0}}, {"type": "Feature", "geometry": {"type": "Point", "coordinates": [6.0, 53.5]}, "properties": {"value": 5.762, "time": "2025-12-26T00:00:00", "date": "2025-12-26", "hour": 0}}, {"type": "Feature", "geometry": {"type": "Point", "coordinates": [6.25, 53.5]}, "properties": {"value": 4.952, "time": "2025-12-26T00:00:00", "date": "2025-12-26", "hour": 0}}, {"type": "Feature", "geometry": {"type": "Point", "coordinates": [6.5, 53.5]}, "properties": {"value": 4.86, "time": "2025-12-26T00:00:00", "date": "2025-12-26", "hour": 0}}, {"type": "Feature", "geometry": {"type": "Point", "coordinates": [6.75, 53.5]}, "properties": {"value": 4.695, "time": "2025-12-26T00:00:00", "date": "2025-12-26", "hour": 0}}, {"type": "Feature", "geometry": {"type": "Point", "coordinates": [5.0, 53.75]}, "properties": {"value": 8.826, "time": "2025-12-26T00:00:00", "date": "2025-12-26", "hour": 0}}, {"type": "Feature", "geometry": {"type": "Point", "coordinates": [5.25, 53.75]}, "properties": {"value": 8.378, "time": "2025-12-26T00:00:00", "date": "2025-12-26", "hour": 0}}, {"type": "Feature", "geometry": {"type": "Point", "coordinates": [5.5, 53.75]}, "properties": {"value": 8.065, "time": "2025-12-26T00:00:00", "date": "2025-12-26", "hour": 0}}, {"type": "Feature", "geometry": {"type": "Point", "coordinates": [5.75, 53.75]}, "properties": {"value": 7.845, "time": "2025-12-26T00:00:00", "date": "2025-12-26", "hour": 0}}, {"type": "Feature", "geometry": {"type": "Point", "coordinates": [6.0, 53.75]}, "properties": {"value": 7.324, "time": "2025-12-26T00:00:00", "date": "2025-12-26", "hour": 0}}, {"type": "Feature", "geometry": {"type": "Point", "coordinates": [6.25, 53.75]}, "properties": {"value": 7.106, "time": "2025-12-26T00:00:00", "date": "2025-12-26", "hour": 0}}, {"type": "Feature", "geometry": {"type": "Point", "coordinates": [6.5, 53.75]}, "properties": {"value": 6.685, "time": "2025-12-26T00:00:00", "date": "2025-12-26", "hour": 0}}, {"type": "Feature", "geometry": {"type": "Point", "coordinates": [6.75, 53.75]}, "properties": {"value": 6.359, "time": "2025-12-26T00:00:00", "date": "2025-12-26", "hour": 0}}, {"type": "Feature", "geometry": {"type": "Point", "coordinates": [7.0, 53.75]}, "properties": {"value": 6.608, "time": "2025-12-26T00:00:00", "date": "2025-12-26", "hour": 0}}, {"type": "Feature", "geometry": {"type": "Point", "coordinates": [7.25, 53.75]}, "properties": {"value": 6.331, "time": "2025-12-26T00:00:00", "date": "2025-12-26", "hour": 0}}, {"type": "Feature", "geometry": {"type": "Point", "coordinates": [7.5, 53.75]}, "properties": {"value": 6.894, "time": "2025-12-26T00:00:00", "date": "2025-12-26", "hour": 0}}, {"type": "Feature", "geometry": {"type": "Point", "coordinates": [7.75, 53.75]}, "properties": {"value": 6.986, "time": "2025-12-26T00:00:00", "date": "2025-12-26", "hour": 0}}, {"type": "Feature", "geometry": {"type": "Point", "coordinates": [8.0, 53.75]}, "properties": {"value": 5.891, "time": "2025-12-26T00:00:00", "date": "2025-12-26", "hour": 0}}, {"type": "Feature", "geometry": {"type": "Point", "coordinates": [8.25, 53.75]}, "properties": {"value": 4.848, "time": "2025-12-26T00:00:00", "date": "2025-12-26", "hour": 0}}, {"type": "Feature", "geometry": {"type": "Point", "coordinates": [8.5, 53.75]}, "properties": {"value": 4.096, "time": "2025-12-26T00:00:00", "date": "2025-12-26", "hour": 0}}, {"type": "Feature", "geometry": {"type": "Point", "coordinates": [8.75, 53.75]}, "properties": {"value": 4.096, "time": "2025-12-26T00:00:00", "date": "2025-12-26", "hour": 0}}, {"type": "Feature", "geometry": {"type": "Point", "coordinates": [14.25, 53.75]}, "properties": {"value": 0.934, "time": "2025-12-26T00:00:00", "date": "2025-12-26", "hour": 0}}, {"type": "Feature", "geometry": {"type": "Point", "coordinates": [14.5, 53.75]}, "properties": {"value": 0.934, "time": "2025-12-26T00:00:00", "date": "2025-12-26", "hour": 0}}, {"type": "Feature", "geometry": {"type": "Point", "coordinates": [5.0, 54.0]}, "properties": {"value": 9.39, "time": "2025-12-26T00:00:00", "date": "2025-12-26", "hour": 0}}, {"type": "Feature", "geometry": {"type": "Point", "coordinates": [5.25, 54.0]}, "properties": {"value": 9.064, "time": "2025-12-26T00:00:00", "date": "2025-12-26", "hour": 0}}, {"type": "Feature", "geometry": {"type": "Point", "coordinates": [5.5, 54.0]}, "properties": {"value": 8.751, "time": "2025-12-26T00:00:00", "date": "2025-12-26", "hour": 0}}, {"type": "Feature", "geometry": {"type": "Point", "coordinates": [5.75, 54.0]}, "properties": {"value": 8.59, "time": "2025-12-26T00:00:00", "date": "2025-12-26", "hour": 0}}, {"type": "Feature", "geometry": {"type": "Point", "coordinates": [6.0, 54.0]}, "properties": {"value": 8.493, "time": "2025-12-26T00:00:00", "date": "2025-12-26", "hour": 0}}, {"type": "Feature", "geometry": {"type": "Point", "coordinates": [6.25, 54.0]}, "properties": {"value": 8.364, "time": "2025-12-26T00:00:00", "date": "2025-12-26", "hour": 0}}, {"type": "Feature", "geometry": {"type": "Point", "coordinates": [6.5, 54.0]}, "properties": {"value": 7.986, "time": "2025-12-26T00:00:00", "date": "2025-12-26", "hour": 0}}, {"type": "Feature", "geometry": {"type": "Point", "coordinates": [6.75, 54.0]}, "properties": {"value": 7.763, "time": "2025-12-26T00:00:00", "date": "2025-12-26", "hour": 0}}, {"type": "Feature", "geometry": {"type": "Point", "coordinates": [7.0, 54.0]}, "properties": {"value": 7.506, "time": "2025-12-26T00:00:00", "date": "2025-12-26", "hour": 0}}, {"type": "Feature", "geometry": {"type": "Point", "coordinates": [7.25, 54.0]}, "properties": {"value": 7.318, "time": "2025-12-26T00:00:00", "date": "2025-12-26", "hour": 0}}, {"type": "Feature", "geometry": {"type": "Point", "coordinates": [7.5, 54.0]}, "properties": {"value": 7.519, "time": "2025-12-26T00:00:00", "date": "2025-12-26", "hour": 0}}, {"type": "Feature", "geometry": {"type": "Point", "coordinates": [7.75, 54.0]}, "properties": {"value": 7.432, "time": "2025-12-26T00:00:00", "date": "2025-12-26", "hour": 0}}, {"type": "Feature", "geometry": {"type": "Point", "coordinates": [8.0, 54.0]}, "properties": {"value": 7.03, "time": "2025-12-26T00:00:00", "date": "2025-12-26", "hour": 0}}, {"type": "Feature", "geometry": {"type": "Point", "coordinates": [8.25, 54.0]}, "properties": {"value": 6.242, "time": "2025-12-26T00:00:00", "date": "2025-12-26", "hour": 0}}, {"type": "Feature", "geometry": {"type": "Point", "coordinates": [8.5, 54.0]}, "properties": {"value": 4.937, "time": "2025-12-26T00:00:00", "date": "2025-12-26", "hour": 0}}, {"type": "Feature", "geometry": {"type": "Point", "coordinates": [11.25, 54.0]}, "properties": {"value": 5.122, "time": "2025-12-26T00:00:00", "date": "2025-12-26", "hour": 0}}, {"type": "Feature", "geometry": {"type": "Point", "coordinates": [14.0, 54.0]}, "properties": {"value": 3.376, "time": "2025-12-26T00:00:00", "date": "2025-12-26", "hour": 0}}, {"type": "Feature", "geometry": {"type": "Point", "coordinates": [14.25, 54.0]}, "properties": {"value": 4.446, "time": "2025-12-26T00:00:00", "date": "2025-12-26", "hour": 0}}, {"type": "Feature", "geometry": {"type": "Point", "coordinates": [14.5, 54.0]}, "properties": {"value": 3.948, "time": "2025-12-26T00:00:00", "date": "2025-12-26", "hour": 0}}, {"type": "Feature", "geometry": {"type": "Point", "coordinates": [14.75, 54.0]}, "properties": {"value": 4.721, "time": "2025-12-26T00:00:00", "date": "2025-12-26", "hour": 0}}, {"type": "Feature", "geometry": {"type": "Point", "coordinates": [5.0, 54.25]}, "properties": {"value": 9.611, "time": "2025-12-26T00:00:00", "date": "2025-12-26", "hour": 0}}, {"type": "Feature", "geometry": {"type": "Point", "coordinates": [5.25, 54.25]}, "properties": {"value": 9.363, "time": "2025-12-26T00:00:00", "date": "2025-12-26", "hour": 0}}, {"type": "Feature", "geometry": {"type": "Point", "coordinates": [5.5, 54.25]}, "properties": {"value": 9.181, "time": "2025-12-26T00:00:00", "date": "2025-12-26", "hour": 0}}, {"type": "Feature", "geometry": {"type": "Point", "coordinates": [5.75, 54.25]}, "properties": {"value": 9.034, "time": "2025-12-26T00:00:00", "date": "2025-12-26", "hour": 0}}, {"type": "Feature", "geometry": {"type": "Point", "coordinates": [6.0, 54.25]}, "properties": {"value": 8.907, "time": "2025-12-26T00:00:00", "date": "2025-12-26", "hour": 0}}, {"type": "Feature", "geometry": {"type": "Point", "coordinates": [6.25, 54.25]}, "properties": {"value": 8.875, "time": "2025-12-26T00:00:00", "date": "2025-12-26", "hour": 0}}, {"type": "Feature", "geometry": {"type": "Point", "coordinates": [6.5, 54.25]}, "properties": {"value": 8.87, "time": "2025-12-26T00:00:00", "date": "2025-12-26", "hour": 0}}, {"type": "Feature", "geometry": {"type": "Point", "coordinates": [6.75, 54.25]}, "properties": {"value": 8.635, "time": "2025-12-26T00:00:00", "date": "2025-12-26", "hour": 0}}, {"type": "Feature", "geometry": {"type": "Point", "coordinates": [7.0, 54.25]}, "properties": {"value": 8.38, "time": "2025-12-26T00:00:00", "date": "2025-12-26", "hour": 0}}, {"type": "Feature", "geometry": {"type": "Point", "coordinates": [7.25, 54.25]}, "properties": {"value": 7.845, "time": "2025-12-26T00:00:00", "date": "2025-12-26", "hour": 0}}, {"type": "Feature", "geometry": {"type": "Point", "coordinates": [7.5, 54.25]}, "properties": {"value": 7.526, "time": "2025-12-26T00:00:00", "date": "2025-12-26", "hour": 0}}, {"type": "Feature", "geometry": {"type": "Point", "coordinates": [7.75, 54.25]}, "properties": {"value": 7.333, "time": "2025-12-26T00:00:00", "date": "2025-12-26", "hour": 0}}, {"type": "Feature", "geometry": {"type": "Point", "coordinates": [8.0, 54.25]}, "properties": {"value": 7.068, "time": "2025-12-26T00:00:00", "date": "2025-12-26", "hour": 0}}, {"type": "Feature", "geometry": {"type": "Point", "coordinates": [8.25, 54.25]}, "properties": {"value": 5.934, "time": "2025-12-26T00:00:00", "date": "2025-12-26", "hour": 0}}, {"type": "Feature", "geometry": {"type": "Point", "coordinates": [8.5, 54.25]}, "properties": {"value": 4.685, "time": "2025-12-26T00:00:00", "date": "2025-12-26", "hour": 0}}, {"type": "Feature", "geometry": {"type": "Point", "coordinates": [10.75, 54.25]}, "properties": {"value": 5.437, "time": "2025-12-26T00:00:00", "date": "2025-12-26", "hour": 0}}, {"type": "Feature", "geometry": {"type": "Point", "coordinates": [11.25, 54.25]}, "properties": {"value": 5.213, "time": "2025-12-26T00:00:00", "date": "2025-12-26", "hour": 0}}, {"type": "Feature", "geometry": {"type": "Point", "coordinates": [11.75, 54.25]}, "properties": {"value": 5.469, "time": "2025-12-26T00:00:00", "date": "2025-12-26", "hour": 0}}, {"type": "Feature", "geometry": {"type": "Point", "coordinates": [12.25, 54.25]}, "properties": {"value": 5.571, "time": "2025-12-26T00:00:00", "date": "2025-12-26", "hour": 0}}, {"type": "Feature", "geometry": {"type": "Point", "coordinates": [13.75, 54.25]}, "properties": {"value": 3.253, "time": "2025-12-26T00:00:00", "date": "2025-12-26", "hour": 0}}, {"type": "Feature", "geometry": {"type": "Point", "coordinates": [14.0, 54.25]}, "properties": {"value": 4.088, "time": "2025-12-26T00:00:00", "date": "2025-12-26", "hour": 0}}, {"type": "Feature", "geometry": {"type": "Point", "coordinates": [14.25, 54.25]}, "properties": {"value": 4.856, "time": "2025-12-26T00:00:00", "date": "2025-12-26", "hour": 0}}, {"type": "Feature", "geometry": {"type": "Point", "coordinates": [14.5, 54.25]}, "properties": {"value": 5.434, "time": "2025-12-26T00:00:00", "date": "2025-12-26", "hour": 0}}, {"type": "Feature", "geometry": {"type": "Point", "coordinates": [14.75, 54.25]}, "properties": {"value": 5.612, "time": "2025-12-26T00:00:00", "date": "2025-12-26", "hour": 0}}, {"type": "Feature", "geometry": {"type": "Point", "coordinates": [15.0, 54.25]}, "properties": {"value": 5.983, "time": "2025-12-26T00:00:00", "date": "2025-12-26", "hour": 0}}, {"type": "Feature", "geometry": {"type": "Point", "coordinates": [5.0, 54.5]}, "properties": {"value": 9.654, "time": "2025-12-26T00:00:00", "date": "2025-12-26", "hour": 0}}, {"type": "Feature", "geometry": {"type": "Point", "coordinates": [5.25, 54.5]}, "properties": {"value": 9.607, "time": "2025-12-26T00:00:00", "date": "2025-12-26", "hour": 0}}, {"type": "Feature", "geometry": {"type": "Point", "coordinates": [5.5, 54.5]}, "properties": {"value": 9.477, "time": "2025-12-26T00:00:00", "date": "2025-12-26", "hour": 0}}, {"type": "Feature", "geometry": {"type": "Point", "coordinates": [5.75, 54.5]}, "properties": {"value": 9.325, "time": "2025-12-26T00:00:00", "date": "2025-12-26", "hour": 0}}, {"type": "Feature", "geometry": {"type": "Point", "coordinates": [6.0, 54.5]}, "properties": {"value": 9.165, "time": "2025-12-26T00:00:00", "date": "2025-12-26", "hour": 0}}, {"type": "Feature", "geometry": {"type": "Point", "coordinates": [6.25, 54.5]}, "properties": {"value": 9.063, "time": "2025-12-26T00:00:00", "date": "2025-12-26", "hour": 0}}, {"type": "Feature", "geometry": {"type": "Point", "coordinates": [6.5, 54.5]}, "properties": {"value": 9.106, "time": "2025-12-26T00:00:00", "date": "2025-12-26", "hour": 0}}, {"type": "Feature", "geometry": {"type": "Point", "coordinates": [6.75, 54.5]}, "properties": {"value": 8.931, "time": "2025-12-26T00:00:00", "date": "2025-12-26", "hour": 0}}, {"type": "Feature", "geometry": {"type": "Point", "coordinates": [7.0, 54.5]}, "properties": {"value": 8.478, "time": "2025-12-26T00:00:00", "date": "2025-12-26", "hour": 0}}, {"type": "Feature", "geometry": {"type": "Point", "coordinates": [7.25, 54.5]}, "properties": {"value": 7.731, "time": "2025-12-26T00:00:00", "date": "2025-12-26", "hour": 0}}, {"type": "Feature", "geometry": {"type": "Point", "coordinates": [7.5, 54.5]}, "properties": {"value": 6.981, "time": "2025-12-26T00:00:00", "date": "2025-12-26", "hour": 0}}, {"type": "Feature", "geometry": {"type": "Point", "coordinates": [7.75, 54.5]}, "properties": {"value": 6.704, "time": "2025-12-26T00:00:00", "date": "2025-12-26", "hour": 0}}, {"type": "Feature", "geometry": {"type": "Point", "coordinates": [8.0, 54.5]}, "properties": {"value": 5.901, "time": "2025-12-26T00:00:00", "date": "2025-12-26", "hour": 0}}, {"type": "Feature", "geometry": {"type": "Point", "coordinates": [8.25, 54.5]}, "properties": {"value": 4.62, "time": "2025-12-26T00:00:00", "date": "2025-12-26", "hour": 0}}, {"type": "Feature", "geometry": {"type": "Point", "coordinates": [8.5, 54.5]}, "properties": {"value": 3.574, "time": "2025-12-26T00:00:00", "date": "2025-12-26", "hour": 0}}, {"type": "Feature", "geometry": {"type": "Point", "coordinates": [10.5, 54.5]}, "properties": {"value": 5.53, "time": "2025-12-26T00:00:00", "date": "2025-12-26", "hour": 0}}, {"type": "Feature", "geometry": {"type": "Point", "coordinates": [10.75, 54.5]}, "properties": {"value": 5.328, "time": "2025-12-26T00:00:00", "date": "2025-12-26", "hour": 0}}, {"type": "Feature", "geometry": {"type": "Point", "coordinates": [11.0, 54.5]}, "properties": {"value": 5.139, "time": "2025-12-26T00:00:00", "date": "2025-12-26", "hour": 0}}, {"type": "Feature", "geometry": {"type": "Point", "coordinates": [11.25, 54.5]}, "properties": {"value": 5.06, "time": "2025-12-26T00:00:00", "date": "2025-12-26", "hour": 0}}, {"type": "Feature", "geometry": {"type": "Point", "coordinates": [11.5, 54.5]}, "properties": {"value": 5.155, "time": "2025-12-26T00:00:00", "date": "2025-12-26", "hour": 0}}, {"type": "Feature", "geometry": {"type": "Point", "coordinates": [11.75, 54.5]}, "properties": {"value": 5.523, "time": "2025-12-26T00:00:00", "date": "2025-12-26", "hour": 0}}, {"type": "Feature", "geometry": {"type": "Point", "coordinates": [12.0, 54.5]}, "properties": {"value": 5.705, "time": "2025-12-26T00:00:00", "date": "2025-12-26", "hour": 0}}, {"type": "Feature", "geometry": {"type": "Point", "coordinates": [12.25, 54.5]}, "properties": {"value": 5.774, "time": "2025-12-26T00:00:00", "date": "2025-12-26", "hour": 0}}, {"type": "Feature", "geometry": {"type": "Point", "coordinates": [13.0, 54.5]}, "properties": {"value": 5.655, "time": "2025-12-26T00:00:00", "date": "2025-12-26", "hour": 0}}, {"type": "Feature", "geometry": {"type": "Point", "coordinates": [13.25, 54.5]}, "properties": {"value": 4.774, "time": "2025-12-26T00:00:00", "date": "2025-12-26", "hour": 0}}, {"type": "Feature", "geometry": {"type": "Point", "coordinates": [13.5, 54.5]}, "properties": {"value": 4.289, "time": "2025-12-26T00:00:00", "date": "2025-12-26", "hour": 0}}, {"type": "Feature", "geometry": {"type": "Point", "coordinates": [13.75, 54.5]}, "properties": {"value": 4.353, "time": "2025-12-26T00:00:00", "date": "2025-12-26", "hour": 0}}, {"type": "Feature", "geometry": {"type": "Point", "coordinates": [14.0, 54.5]}, "properties": {"value": 5.093, "time": "2025-12-26T00:00:00", "date": "2025-12-26", "hour": 0}}, {"type": "Feature", "geometry": {"type": "Point", "coordinates": [14.25, 54.5]}, "properties": {"value": 5.782, "time": "2025-12-26T00:00:00", "date": "2025-12-26", "hour": 0}}, {"type": "Feature", "geometry": {"type": "Point", "coordinates": [14.5, 54.5]}, "properties": {"value": 6.421, "time": "2025-12-26T00:00:00", "date": "2025-12-26", "hour": 0}}, {"type": "Feature", "geometry": {"type": "Point", "coordinates": [14.75, 54.5]}, "properties": {"value": 6.673, "time": "2025-12-26T00:00:00", "date": "2025-12-26", "hour": 0}}, {"type": "Feature", "geometry": {"type": "Point", "coordinates": [15.0, 54.5]}, "properties": {"value": 6.935, "time": "2025-12-26T00:00:00", "date": "2025-12-26", "hour": 0}}, {"type": "Feature", "geometry": {"type": "Point", "coordinates": [5.0, 54.75]}, "properties": {"value": 9.679, "time": "2025-12-26T00:00:00", "date": "2025-12-26", "hour": 0}}, {"type": "Feature", "geometry": {"type": "Point", "coordinates": [5.25, 54.75]}, "properties": {"value": 9.632, "time": "2025-12-26T00:00:00", "date": "2025-12-26", "hour": 0}}, {"type": "Feature", "geometry": {"type": "Point", "coordinates": [5.5, 54.75]}, "properties": {"value": 9.566, "time": "2025-12-26T00:00:00", "date": "2025-12-26", "hour": 0}}, {"type": "Feature", "geometry": {"type": "Point", "coordinates": [5.75, 54.75]}, "properties": {"value": 9.53, "time": "2025-12-26T00:00:00", "date": "2025-12-26", "hour": 0}}, {"type": "Feature", "geometry": {"type": "Point", "coordinates": [6.0, 54.75]}, "properties": {"value": 9.341, "time": "2025-12-26T00:00:00", "date": "2025-12-26", "hour": 0}}, {"type": "Feature", "geometry": {"type": "Point", "coordinates": [6.25, 54.75]}, "properties": {"value": 9.239, "time": "2025-12-26T00:00:00", "date": "2025-12-26", "hour": 0}}, {"type": "Feature", "geometry": {"type": "Point", "coordinates": [6.5, 54.75]}, "properties": {"value": 9.036, "time": "2025-12-26T00:00:00", "date": "2025-12-26", "hour": 0}}, {"type": "Feature", "geometry": {"type": "Point", "coordinates": [6.75, 54.75]}, "properties": {"value": 8.434, "time": "2025-12-26T00:00:00", "date": "2025-12-26", "hour": 0}}, {"type": "Feature", "geometry": {"type": "Point", "coordinates": [7.0, 54.75]}, "properties": {"value": 7.887, "time": "2025-12-26T00:00:00", "date": "2025-12-26", "hour": 0}}, {"type": "Feature", "geometry": {"type": "Point", "coordinates": [7.25, 54.75]}, "properties": {"value": 7.143, "time": "2025-12-26T00:00:00", "date": "2025-12-26", "hour": 0}}, {"type": "Feature", "geometry": {"type": "Point", "coordinates": [7.5, 54.75]}, "properties": {"value": 6.475, "time": "2025-12-26T00:00:00", "date": "2025-12-26", "hour": 0}}, {"type": "Feature", "geometry": {"type": "Point", "coordinates": [7.75, 54.75]}, "properties": {"value": 5.799, "time": "2025-12-26T00:00:00", "date": "2025-12-26", "hour": 0}}, {"type": "Feature", "geometry": {"type": "Point", "coordinates": [8.0, 54.75]}, "properties": {"value": 4.965, "time": "2025-12-26T00:00:00", "date": "2025-12-26", "hour": 0}}, {"type": "Feature", "geometry": {"type": "Point", "coordinates": [8.25, 54.75]}, "properties": {"value": 3.672, "time": "2025-12-26T00:00:00", "date": "2025-12-26", "hour": 0}}, {"type": "Feature", "geometry": {"type": "Point", "coordinates": [8.5, 54.75]}, "properties": {"value": 2.753, "time": "2025-12-26T00:00:00", "date": "2025-12-26", "hour": 0}}, {"type": "Feature", "geometry": {"type": "Point", "coordinates": [10.25, 54.75]}, "properties": {"value": 5.647, "time": "2025-12-26T00:00:00", "date": "2025-12-26", "hour": 0}}, {"type": "Feature", "geometry": {"type": "Point", "coordinates": [10.5, 54.75]}, "properties": {"value": 5.221, "time": "2025-12-26T00:00:00", "date": "2025-12-26", "hour": 0}}, {"type": "Feature", "geometry": {"type": "Point", "coordinates": [10.75, 54.75]}, "properties": {"value": 4.946, "time": "2025-12-26T00:00:00", "date": "2025-12-26", "hour": 0}}, {"type": "Feature", "geometry": {"type": "Point", "coordinates": [11.0, 54.75]}, "properties": {"value": 4.75, "time": "2025-12-26T00:00:00", "date": "2025-12-26", "hour": 0}}, {"type": "Feature", "geometry": {"type": "Point", "coordinates": [11.25, 54.75]}, "properties": {"value": 4.654, "time": "2025-12-26T00:00:00", "date": "2025-12-26", "hour": 0}}, {"type": "Feature", "geometry": {"type": "Point", "coordinates": [11.5, 54.75]}, "properties": {"value": 4.617, "time": "2025-12-26T00:00:00", "date": "2025-12-26", "hour": 0}}, {"type": "Feature", "geometry": {"type": "Point", "coordinates": [12.0, 54.75]}, "properties": {"value": 5.438, "time": "2025-12-26T00:00:00", "date": "2025-12-26", "hour": 0}}, {"type": "Feature", "geometry": {"type": "Point", "coordinates": [12.25, 54.75]}, "properties": {"value": 5.93, "time": "2025-12-26T00:00:00", "date": "2025-12-26", "hour": 0}}, {"type": "Feature", "geometry": {"type": "Point", "coordinates": [12.5, 54.75]}, "properties": {"value": 6.082, "time": "2025-12-26T00:00:00", "date": "2025-12-26", "hour": 0}}, {"type": "Feature", "geometry": {"type": "Point", "coordinates": [12.75, 54.75]}, "properties": {"value": 6.039, "time": "2025-12-26T00:00:00", "date": "2025-12-26", "hour": 0}}, {"type": "Feature", "geometry": {"type": "Point", "coordinates": [13.0, 54.75]}, "properties": {"value": 5.812, "time": "2025-12-26T00:00:00", "date": "2025-12-26", "hour": 0}}, {"type": "Feature", "geometry": {"type": "Point", "coordinates": [13.25, 54.75]}, "properties": {"value": 5.866, "time": "2025-12-26T00:00:00", "date": "2025-12-26", "hour": 0}}, {"type": "Feature", "geometry": {"type": "Point", "coordinates": [13.5, 54.75]}, "properties": {"value": 5.763, "time": "2025-12-26T00:00:00", "date": "2025-12-26", "hour": 0}}, {"type": "Feature", "geometry": {"type": "Point", "coordinates": [13.75, 54.75]}, "properties": {"value": 5.826, "time": "2025-12-26T00:00:00", "date": "2025-12-26", "hour": 0}}, {"type": "Feature", "geometry": {"type": "Point", "coordinates": [14.0, 54.75]}, "properties": {"value": 5.986, "time": "2025-12-26T00:00:00", "date": "2025-12-26", "hour": 0}}, {"type": "Feature", "geometry": {"type": "Point", "coordinates": [14.25, 54.75]}, "properties": {"value": 6.179, "time": "2025-12-26T00:00:00", "date": "2025-12-26", "hour": 0}}, {"type": "Feature", "geometry": {"type": "Point", "coordinates": [14.5, 54.75]}, "properties": {"value": 6.817, "time": "2025-12-26T00:00:00", "date": "2025-12-26", "hour": 0}}, {"type": "Feature", "geometry": {"type": "Point", "coordinates": [14.75, 54.75]}, "properties": {"value": 7.063, "time": "2025-12-26T00:00:00", "date": "2025-12-26", "hour": 0}}, {"type": "Feature", "geometry": {"type": "Point", "coordinates": [15.0, 54.75]}, "properties": {"value": 7.245, "time": "2025-12-26T00:00:00", "date": "2025-12-26", "hour": 0}}, {"type": "Feature", "geometry": {"type": "Point", "coordinates": [5.0, 55.0]}, "properties": {"value": 9.525, "time": "2025-12-26T00:00:00", "date": "2025-12-26", "hour": 0}}, {"type": "Feature", "geometry": {"type": "Point", "coordinates": [5.25, 55.0]}, "properties": {"value": 9.539, "time": "2025-12-26T00:00:00", "date": "2025-12-26", "hour": 0}}, {"type": "Feature", "geometry": {"type": "Point", "coordinates": [5.5, 55.0]}, "properties": {"value": 9.568, "time": "2025-12-26T00:00:00", "date": "2025-12-26", "hour": 0}}, {"type": "Feature", "geometry": {"type": "Point", "coordinates": [5.75, 55.0]}, "properties": {"value": 9.532, "time": "2025-12-26T00:00:00", "date": "2025-12-26", "hour": 0}}, {"type": "Feature", "geometry": {"type": "Point", "coordinates": [6.0, 55.0]}, "properties": {"value": 9.436, "time": "2025-12-26T00:00:00", "date": "2025-12-26", "hour": 0}}, {"type": "Feature", "geometry": {"type": "Point", "coordinates": [6.25, 55.0]}, "properties": {"value": 9.126, "time": "2025-12-26T00:00:00", "date": "2025-12-26", "hour": 0}}, {"type": "Feature", "geometry": {"type": "Point", "coordinates": [6.5, 55.0]}, "properties": {"value": 8.623, "time": "2025-12-26T00:00:00", "date": "2025-12-26", "hour": 0}}, {"type": "Feature", "geometry": {"type": "Point", "coordinates": [6.75, 55.0]}, "properties": {"value": 8.006, "time": "2025-12-26T00:00:00", "date": "2025-12-26", "hour": 0}}, {"type": "Feature", "geometry": {"type": "Point", "coordinates": [7.0, 55.0]}, "properties": {"value": 7.35, "time": "2025-12-26T00:00:00", "date": "2025-12-26", "hour": 0}}, {"type": "Feature", "geometry": {"type": "Point", "coordinates": [7.25, 55.0]}, "properties": {"value": 6.876, "time": "2025-12-26T00:00:00", "date": "2025-12-26", "hour": 0}}, {"type": "Feature", "geometry": {"type": "Point", "coordinates": [7.5, 55.0]}, "properties": {"value": 6.284, "time": "2025-12-26T00:00:00", "date": "2025-12-26", "hour": 0}}, {"type": "Feature", "geometry": {"type": "Point", "coordinates": [7.75, 55.0]}, "properties": {"value": 5.676, "time": "2025-12-26T00:00:00", "date": "2025-12-26", "hour": 0}}, {"type": "Feature", "geometry": {"type": "Point", "coordinates": [8.0, 55.0]}, "properties": {"value": 5.122, "time": "2025-12-26T00:00:00", "date": "2025-12-26", "hour": 0}}, {"type": "Feature", "geometry": {"type": "Point", "coordinates": [8.25, 55.0]}, "properties": {"value": 4.069, "time": "2025-12-26T00:00:00", "date": "2025-12-26", "hour": 0}}, {"type": "Feature", "geometry": {"type": "Point", "coordinates": [8.5, 55.0]}, "properties": {"value": 3.238, "time": "2025-12-26T00:00:00", "date": "2025-12-26", "hour": 0}}, {"type": "Feature", "geometry": {"type": "Point", "coordinates": [10.25, 55.0]}, "properties": {"value": 5.754, "time": "2025-12-26T00:00:00", "date": "2025-12-26", "hour": 0}}, {"type": "Feature", "geometry": {"type": "Point", "coordinates": [10.5, 55.0]}, "properties": {"value": 5.124, "time": "2025-12-26T00:00:00", "date": "2025-12-26", "hour": 0}}, {"type": "Feature", "geometry": {"type": "Point", "coordinates": [10.75, 55.0]}, "properties": {"value": 4.505, "time": "2025-12-26T00:00:00", "date": "2025-12-26", "hour": 0}}, {"type": "Feature", "geometry": {"type": "Point", "coordinates": [11.0, 55.0]}, "properties": {"value": 4.595, "time": "2025-12-26T00:00:00", "date": "2025-12-26", "hour": 0}}, {"type": "Feature", "geometry": {"type": "Point", "coordinates": [11.25, 55.0]}, "properties": {"value": 4.561, "time": "2025-12-26T00:00:00", "date": "2025-12-26", "hour": 0}}, {"type": "Feature", "geometry": {"type": "Point", "coordinates": [11.5, 55.0]}, "properties": {"value": 4.547, "time": "2025-12-26T00:00:00", "date": "2025-12-26", "hour": 0}}, {"type": "Feature", "geometry": {"type": "Point", "coordinates": [11.75, 55.0]}, "properties": {"value": 4.416, "time": "2025-12-26T00:00:00", "date": "2025-12-26", "hour": 0}}, {"type": "Feature", "geometry": {"type": "Point", "coordinates": [12.0, 55.0]}, "properties": {"value": 5.006, "time": "2025-12-26T00:00:00", "date": "2025-12-26", "hour": 0}}, {"type": "Feature", "geometry": {"type": "Point", "coordinates": [12.25, 55.0]}, "properties": {"value": 5.693, "time": "2025-12-26T00:00:00", "date": "2025-12-26", "hour": 0}}, {"type": "Feature", "geometry": {"type": "Point", "coordinates": [12.5, 55.0]}, "properties": {"value": 6.038, "time": "2025-12-26T00:00:00", "date": "2025-12-26", "hour": 0}}, {"type": "Feature", "geometry": {"type": "Point", "coordinates": [12.75, 55.0]}, "properties": {"value": 6.175, "time": "2025-12-26T00:00:00", "date": "2025-12-26", "hour": 0}}, {"type": "Feature", "geometry": {"type": "Point", "coordinates": [13.0, 55.0]}, "properties": {"value": 6.266, "time": "2025-12-26T00:00:00", "date": "2025-12-26", "hour": 0}}, {"type": "Feature", "geometry": {"type": "Point", "coordinates": [13.25, 55.0]}, "properties": {"value": 6.319, "time": "2025-12-26T00:00:00", "date": "2025-12-26", "hour": 0}}, {"type": "Feature", "geometry": {"type": "Point", "coordinates": [13.5, 55.0]}, "properties": {"value": 6.339, "time": "2025-12-26T00:00:00", "date": "2025-12-26", "hour": 0}}, {"type": "Feature", "geometry": {"type": "Point", "coordinates": [13.75, 55.0]}, "properties": {"value": 6.4, "time": "2025-12-26T00:00:00", "date": "2025-12-26", "hour": 0}}, {"type": "Feature", "geometry": {"type": "Point", "coordinates": [14.0, 55.0]}, "properties": {"value": 6.533, "time": "2025-12-26T00:00:00", "date": "2025-12-26", "hour": 0}}, {"type": "Feature", "geometry": {"type": "Point", "coordinates": [14.25, 55.0]}, "properties": {"value": 6.643, "time": "2025-12-26T00:00:00", "date": "2025-12-26", "hour": 0}}, {"type": "Feature", "geometry": {"type": "Point", "coordinates": [14.5, 55.0]}, "properties": {"value": 6.684, "time": "2025-12-26T00:00:00", "date": "2025-12-26", "hour": 0}}, {"type": "Feature", "geometry": {"type": "Point", "coordinates": [14.75, 55.0]}, "properties": {"value": 6.88, "time": "2025-12-26T00:00:00", "date": "2025-12-26", "hour": 0}}, {"type": "Feature", "geometry": {"type": "Point", "coordinates": [15.0, 55.0]}, "properties": {"value": 7.058, "time": "2025-12-26T00:00:00", "date": "2025-12-26", "hour": 0}}, {"type": "Feature", "geometry": {"type": "Point", "coordinates": [5.25, 52.75]}, "properties": {"value": 3.24, "time": "2025-12-26T01:00:00", "date": "2025-12-26", "hour": 1}}, {"type": "Feature", "geometry": {"type": "Point", "coordinates": [5.5, 52.75]}, "properties": {"value": 3.249, "time": "2025-12-26T01:00:00", "date": "2025-12-26", "hour": 1}}, {"type": "Feature", "geometry": {"type": "Point", "coordinates": [5.0, 53.0]}, "properties": {"value": 4.743, "time": "2025-12-26T01:00:00", "date": "2025-12-26", "hour": 1}}, {"type": "Feature", "geometry": {"type": "Point", "coordinates": [5.25, 53.0]}, "properties": {"value": 3.781, "time": "2025-12-26T01:00:00", "date": "2025-12-26", "hour": 1}}, {"type": "Feature", "geometry": {"type": "Point", "coordinates": [5.5, 53.0]}, "properties": {"value": 3.103, "time": "2025-12-26T01:00:00", "date": "2025-12-26", "hour": 1}}, {"type": "Feature", "geometry": {"type": "Point", "coordinates": [5.0, 53.25]}, "properties": {"value": 5.694, "time": "2025-12-26T01:00:00", "date": "2025-12-26", "hour": 1}}, {"type": "Feature", "geometry": {"type": "Point", "coordinates": [5.25, 53.25]}, "properties": {"value": 4.494, "time": "2025-12-26T01:00:00", "date": "2025-12-26", "hour": 1}}, {"type": "Feature", "geometry": {"type": "Point", "coordinates": [5.5, 53.25]}, "properties": {"value": 3.771, "time": "2025-12-26T01:00:00", "date": "2025-12-26", "hour": 1}}, {"type": "Feature", "geometry": {"type": "Point", "coordinates": [5.0, 53.5]}, "properties": {"value": 7.802, "time": "2025-12-26T01:00:00", "date": "2025-12-26", "hour": 1}}, {"type": "Feature", "geometry": {"type": "Point", "coordinates": [5.25, 53.5]}, "properties": {"value": 7.132, "time": "2025-12-26T01:00:00", "date": "2025-12-26", "hour": 1}}, {"type": "Feature", "geometry": {"type": "Point", "coordinates": [5.5, 53.5]}, "properties": {"value": 6.946, "time": "2025-12-26T01:00:00", "date": "2025-12-26", "hour": 1}}, {"type": "Feature", "geometry": {"type": "Point", "coordinates": [5.75, 53.5]}, "properties": {"value": 6.46, "time": "2025-12-26T01:00:00", "date": "2025-12-26", "hour": 1}}, {"type": "Feature", "geometry": {"type": "Point", "coordinates": [6.0, 53.5]}, "properties": {"value": 5.762, "time": "2025-12-26T01:00:00", "date": "2025-12-26", "hour": 1}}, {"type": "Feature", "geometry": {"type": "Point", "coordinates": [6.25, 53.5]}, "properties": {"value": 4.952, "time": "2025-12-26T01:00:00", "date": "2025-12-26", "hour": 1}}, {"type": "Feature", "geometry": {"type": "Point", "coordinates": [6.5, 53.5]}, "properties": {"value": 4.86, "time": "2025-12-26T01:00:00", "date": "2025-12-26", "hour": 1}}, {"type": "Feature", "geometry": {"type": "Point", "coordinates": [6.75, 53.5]}, "properties": {"value": 4.695, "time": "2025-12-26T01:00:00", "date": "2025-12-26", "hour": 1}}, {"type": "Feature", "geometry": {"type": "Point", "coordinates": [5.0, 53.75]}, "properties": {"value": 8.826, "time": "2025-12-26T01:00:00", "date": "2025-12-26", "hour": 1}}, {"type": "Feature", "geometry": {"type": "Point", "coordinates": [5.25, 53.75]}, "properties": {"value": 8.378, "time": "2025-12-26T01:00:00", "date": "2025-12-26", "hour": 1}}, {"type": "Feature", "geometry": {"type": "Point", "coordinates": [5.5, 53.75]}, "properties": {"value": 8.065, "time": "2025-12-26T01:00:00", "date": "2025-12-26", "hour": 1}}, {"type": "Feature", "geometry": {"type": "Point", "coordinates": [5.75, 53.75]}, "properties": {"value": 7.845, "time": "2025-12-26T01:00:00", "date": "2025-12-26", "hour": 1}}, {"type": "Feature", "geometry": {"type": "Point", "coordinates": [6.0, 53.75]}, "properties": {"value": 7.324, "time": "2025-12-26T01:00:00", "date": "2025-12-26", "hour": 1}}, {"type": "Feature", "geometry": {"type": "Point", "coordinates": [6.25, 53.75]}, "properties": {"value": 7.106, "time": "2025-12-26T01:00:00", "date": "2025-12-26", "hour": 1}}, {"type": "Feature", "geometry": {"type": "Point", "coordinates": [6.5, 53.75]}, "properties": {"value": 6.685, "time": "2025-12-26T01:00:00", "date": "2025-12-26", "hour": 1}}, {"type": "Feature", "geometry": {"type": "Point", "coordinates": [6.75, 53.75]}, "properties": {"value": 6.359, "time": "2025-12-26T01:00:00", "date": "2025-12-26", "hour": 1}}, {"type": "Feature", "geometry": {"type": "Point", "coordinates": [7.0, 53.75]}, "properties": {"value": 6.608, "time": "2025-12-26T01:00:00", "date": "2025-12-26", "hour": 1}}, {"type": "Feature", "geometry": {"type": "Point", "coordinates": [7.25, 53.75]}, "properties": {"value": 6.331, "time": "2025-12-26T01:00:00", "date": "2025-12-26", "hour": 1}}, {"type": "Feature", "geometry": {"type": "Point", "coordinates": [7.5, 53.75]}, "properties": {"value": 6.894, "time": "2025-12-26T01:00:00", "date": "2025-12-26", "hour": 1}}, {"type": "Feature", "geometry": {"type": "Point", "coordinates": [7.75, 53.75]}, "properties": {"value": 6.986, "time": "2025-12-26T01:00:00", "date": "2025-12-26", "hour": 1}}, {"type": "Feature", "geometry": {"type": "Point", "coordinates": [8.0, 53.75]}, "properties": {"value": 5.891, "time": "2025-12-26T01:00:00", "date": "2025-12-26", "hour": 1}}, {"type": "Feature", "geometry": {"type": "Point", "coordinates": [8.25, 53.75]}, "properties": {"value": 4.848, "time": "2025-12-26T01:00:00", "date": "2025-12-26", "hour": 1}}, {"type": "Feature", "geometry": {"type": "Point", "coordinates": [8.5, 53.75]}, "properties": {"value": 4.096, "time": "2025-12-26T01:00:00", "date": "2025-12-26", "hour": 1}}, {"type": "Feature", "geometry": {"type": "Point", "coordinates": [8.75, 53.75]}, "properties": {"value": 4.096, "time": "2025-12-26T01:00:00", "date": "2025-12-26", "hour": 1}}, {"type": "Feature", "geometry": {"type": "Point", "coordinates": [14.25, 53.75]}, "properties": {"value": 0.934, "time": "2025-12-26T01:00:00", "date": "2025-12-26", "hour": 1}}, {"type": "Feature", "geometry": {"type": "Point", "coordinates": [14.5, 53.75]}, "properties": {"value": 0.934, "time": "2025-12-26T01:00:00", "date": "2025-12-26", "hour": 1}}, {"type": "Feature", "geometry": {"type": "Point", "coordinates": [5.0, 54.0]}, "properties": {"value": 9.39, "time": "2025-12-26T01:00:00", "date": "2025-12-26", "hour": 1}}, {"type": "Feature", "geometry": {"type": "Point", "coordinates": [5.25, 54.0]}, "properties": {"value": 9.064, "time": "2025-12-26T01:00:00", "date": "2025-12-26", "hour": 1}}, {"type": "Feature", "geometry": {"type": "Point", "coordinates": [5.5, 54.0]}, "properties": {"value": 8.751, "time": "2025-12-26T01:00:00", "date": "2025-12-26", "hour": 1}}, {"type": "Feature", "geometry": {"type": "Point", "coordinates": [5.75, 54.0]}, "properties": {"value": 8.59, "time": "2025-12-26T01:00:00", "date": "2025-12-26", "hour": 1}}, {"type": "Feature", "geometry": {"type": "Point", "coordinates": [6.0, 54.0]}, "properties": {"value": 8.493, "time": "2025-12-26T01:00:00", "date": "2025-12-26", "hour": 1}}, {"type": "Feature", "geometry": {"type": "Point", "coordinates": [6.25, 54.0]}, "properties": {"value": 8.364, "time": "2025-12-26T01:00:00", "date": "2025-12-26", "hour": 1}}, {"type": "Feature", "geometry": {"type": "Point", "coordinates": [6.5, 54.0]}, "properties": {"value": 7.986, "time": "2025-12-26T01:00:00", "date": "2025-12-26", "hour": 1}}, {"type": "Feature", "geometry": {"type": "Point", "coordinates": [6.75, 54.0]}, "properties": {"value": 7.763, "time": "2025-12-26T01:00:00", "date": "2025-12-26", "hour": 1}}, {"type": "Feature", "geometry": {"type": "Point", "coordinates": [7.0, 54.0]}, "properties": {"value": 7.506, "time": "2025-12-26T01:00:00", "date": "2025-12-26", "hour": 1}}, {"type": "Feature", "geometry": {"type": "Point", "coordinates": [7.25, 54.0]}, "properties": {"value": 7.318, "time": "2025-12-26T01:00:00", "date": "2025-12-26", "hour": 1}}, {"type": "Feature", "geometry": {"type": "Point", "coordinates": [7.5, 54.0]}, "properties": {"value": 7.519, "time": "2025-12-26T01:00:00", "date": "2025-12-26", "hour": 1}}, {"type": "Feature", "geometry": {"type": "Point", "coordinates": [7.75, 54.0]}, "properties": {"value": 7.432, "time": "2025-12-26T01:00:00", "date": "2025-12-26", "hour": 1}}, {"type": "Feature", "geometry": {"type": "Point", "coordinates": [8.0, 54.0]}, "properties": {"value": 7.03, "time": "2025-12-26T01:00:00", "date": "2025-12-26", "hour": 1}}, {"type": "Feature", "geometry": {"type": "Point", "coordinates": [8.25, 54.0]}, "properties": {"value": 6.242, "time": "2025-12-26T01:00:00", "date": "2025-12-26", "hour": 1}}, {"type": "Feature", "geometry": {"type": "Point", "coordinates": [8.5, 54.0]}, "properties": {"value": 4.937, "time": "2025-12-26T01:00:00", "date": "2025-12-26", "hour": 1}}, {"type": "Feature", "geometry": {"type": "Point", "coordinates": [11.25, 54.0]}, "properties": {"value": 5.122, "time": "2025-12-26T01:00:00", "date": "2025-12-26", "hour": 1}}, {"type": "Feature", "geometry": {"type": "Point", "coordinates": [14.0, 54.0]}, "properties": {"value": 3.376, "time": "2025-12-26T01:00:00", "date": "2025-12-26", "hour": 1}}, {"type": "Feature", "geometry": {"type": "Point", "coordinates": [14.25, 54.0]}, "properties": {"value": 4.446, "time": "2025-12-26T01:00:00", "date": "2025-12-26", "hour": 1}}, {"type": "Feature", "geometry": {"type": "Point", "coordinates": [14.5, 54.0]}, "properties": {"value": 3.948, "time": "2025-12-26T01:00:00", "date": "2025-12-26", "hour": 1}}, {"type": "Feature", "geometry": {"type": "Point", "coordinates": [14.75, 54.0]}, "properties": {"value": 4.721, "time": "2025-12-26T01:00:00", "date": "2025-12-26", "hour": 1}}, {"type": "Feature", "geometry": {"type": "Point", "coordinates": [5.0, 54.25]}, "properties": {"value": 9.611, "time": "2025-12-26T01:00:00", "date": "2025-12-26", "hour": 1}}, {"type": "Feature", "geometry": {"type": "Point", "coordinates": [5.25, 54.25]}, "properties": {"value": 9.363, "time": "2025-12-26T01:00:00", "date": "2025-12-26", "hour": 1}}, {"type": "Feature", "geometry": {"type": "Point", "coordinates": [5.5, 54.25]}, "properties": {"value": 9.181, "time": "2025-12-26T01:00:00", "date": "2025-12-26", "hour": 1}}, {"type": "Feature", "geometry": {"type": "Point", "coordinates": [5.75, 54.25]}, "properties": {"value": 9.034, "time": "2025-12-26T01:00:00", "date": "2025-12-26", "hour": 1}}, {"type": "Feature", "geometry": {"type": "Point", "coordinates": [6.0, 54.25]}, "properties": {"value": 8.907, "time": "2025-12-26T01:00:00", "date": "2025-12-26", "hour": 1}}, {"type": "Feature", "geometry": {"type": "Point", "coordinates": [6.25, 54.25]}, "properties": {"value": 8.875, "time": "2025-12-26T01:00:00", "date": "2025-12-26", "hour": 1}}, {"type": "Feature", "geometry": {"type": "Point", "coordinates": [6.5, 54.25]}, "properties": {"value": 8.87, "time": "2025-12-26T01:00:00", "date": "2025-12-26", "hour": 1}}, {"type": "Feature", "geometry": {"type": "Point", "coordinates": [6.75, 54.25]}, "properties": {"value": 8.635, "time": "2025-12-26T01:00:00", "date": "2025-12-26", "hour": 1}}, {"type": "Feature", "geometry": {"type": "Point", "coordinates": [7.0, 54.25]}, "properties": {"value": 8.38, "time": "2025-12-26T01:00:00", "date": "2025-12-26", "hour": 1}}, {"type": "Feature", "geometry": {"type": "Point", "coordinates": [7.25, 54.25]}, "properties": {"value": 7.845, "time": "2025-12-26T01:00:00", "date": "2025-12-26", "hour": 1}}, {"type": "Feature", "geometry": {"type": "Point", "coordinates": [7.5, 54.25]}, "properties": {"value": 7.526, "time": "2025-12-26T01:00:00", "date": "2025-12-26", "hour": 1}}, {"type": "Feature", "geometry": {"type": "Point", "coordinates": [7.75, 54.25]}, "properties": {"value": 7.333, "time": "2025-12-26T01:00:00", "date": "2025-12-26", "hour": 1}}, {"type": "Feature", "geometry": {"type": "Point", "coordinates": [8.0, 54.25]}, "properties": {"value": 7.068, "time": "2025-12-26T01:00:00", "date": "2025-12-26", "hour": 1}}, {"type": "Feature", "geometry": {"type": "Point", "coordinates": [8.25, 54.25]}, "properties": {"value": 5.934, "time": "2025-12-26T01:00:00", "date": "2025-12-26", "hour": 1}}, {"type": "Feature", "geometry": {"type": "Point", "coordinates": [8.5, 54.25]}, "properties": {"value": 4.685, "time": "2025-12-26T01:00:00", "date": "2025-12-26", "hour": 1}}, {"type": "Feature", "geometry": {"type": "Point", "coordinates": [10.75, 54.25]}, "properties": {"value": 5.437, "time": "2025-12-26T01:00:00", "date": "2025-12-26", "hour": 1}}, {"type": "Feature", "geometry": {"type": "Point", "coordinates": [11.25, 54.25]}, "properties": {"value": 5.213, "time": "2025-12-26T01:00:00", "date": "2025-12-26", "hour": 1}}, {"type": "Feature", "geometry": {"type": "Point", "coordinates": [11.75, 54.25]}, "properties": {"value": 5.469, "time": "2025-12-26T01:00:00", "date": "2025-12-26", "hour": 1}}, {"type": "Feature", "geometry": {"type": "Point", "coordinates": [12.25, 54.25]}, "properties": {"value": 5.571, "time": "2025-12-26T01:00:00", "date": "2025-12-26", "hour": 1}}, {"type": "Feature", "geometry": {"type": "Point", "coordinates": [13.75, 54.25]}, "properties": {"value": 3.253, "time": "2025-12-26T01:00:00", "date": "2025-12-26", "hour": 1}}, {"type": "Feature", "geometry": {"type": "Point", "coordinates": [14.0, 54.25]}, "properties": {"value": 4.088, "time": "2025-12-26T01:00:00", "date": "2025-12-26", "hour": 1}}, {"type": "Feature", "geometry": {"type": "Point", "coordinates": [14.25, 54.25]}, "properties": {"value": 4.856, "time": "2025-12-26T01:00:00", "date": "2025-12-26", "hour": 1}}, {"type": "Feature", "geometry": {"type": "Point", "coordinates": [14.5, 54.25]}, "properties": {"value": 5.434, "time": "2025-12-26T01:00:00", "date": "2025-12-26", "hour": 1}}, {"type": "Feature", "geometry": {"type": "Point", "coordinates": [14.75, 54.25]}, "properties": {"value": 5.612, "time": "2025-12-26T01:00:00", "date": "2025-12-26", "hour": 1}}, {"type": "Feature", "geometry": {"type": "Point", "coordinates": [15.0, 54.25]}, "properties": {"value": 5.983, "time": "2025-12-26T01:00:00", "date": "2025-12-26", "hour": 1}}, {"type": "Feature", "geometry": {"type": "Point", "coordinates": [5.0, 54.5]}, "properties": {"value": 9.654, "time": "2025-12-26T01:00:00", "date": "2025-12-26", "hour": 1}}, {"type": "Feature", "geometry": {"type": "Point", "coordinates": [5.25, 54.5]}, "properties": {"value": 9.607, "time": "2025-12-26T01:00:00", "date": "2025-12-26", "hour": 1}}, {"type": "Feature", "geometry": {"type": "Point", "coordinates": [5.5, 54.5]}, "properties": {"value": 9.477, "time": "2025-12-26T01:00:00", "date": "2025-12-26", "hour": 1}}, {"type": "Feature", "geometry": {"type": "Point", "coordinates": [5.75, 54.5]}, "properties": {"value": 9.325, "time": "2025-12-26T01:00:00", "date": "2025-12-26", "hour": 1}}, {"type": "Feature", "geometry": {"type": "Point", "coordinates": [6.0, 54.5]}, "properties": {"value": 9.165, "time": "2025-12-26T01:00:00", "date": "2025-12-26", "hour": 1}}, {"type": "Feature", "geometry": {"type": "Point", "coordinates": [6.25, 54.5]}, "properties": {"value": 9.063, "time": "2025-12-26T01:00:00", "date": "2025-12-26", "hour": 1}}, {"type": "Feature", "geometry": {"type": "Point", "coordinates": [6.5, 54.5]}, "properties": {"value": 9.106, "time": "2025-12-26T01:00:00", "date": "2025-12-26", "hour": 1}}, {"type": "Feature", "geometry": {"type": "Point", "coordinates": [6.75, 54.5]}, "properties": {"value": 8.931, "time": "2025-12-26T01:00:00", "date": "2025-12-26", "hour": 1}}, {"type": "Feature", "geometry": {"type": "Point", "coordinates": [7.0, 54.5]}, "properties": {"value": 8.478, "time": "2025-12-26T01:00:00", "date": "2025-12-26", "hour": 1}}, {"type": "Feature", "geometry": {"type": "Point", "coordinates": [7.25, 54.5]}, "properties": {"value": 7.731, "time": "2025-12-26T01:00:00", "date": "2025-12-26", "hour": 1}}, {"type": "Feature", "geometry": {"type": "Point", "coordinates": [7.5, 54.5]}, "properties": {"value": 6.981, "time": "2025-12-26T01:00:00", "date": "2025-12-26", "hour": 1}}, {"type": "Feature", "geometry": {"type": "Point", "coordinates": [7.75, 54.5]}, "properties": {"value": 6.704, "time": "2025-12-26T01:00:00", "date": "2025-12-26", "hour": 1}}, {"type": "Feature", "geometry": {"type": "Point", "coordinates": [8.0, 54.5]}, "properties": {"value": 5.901, "time": "2025-12-26T01:00:00", "date": "2025-12-26", "hour": 1}}, {"type": "Feature", "geometry": {"type": "Point", "coordinates": [8.25, 54.5]}, "properties": {"value": 4.62, "time": "2025-12-26T01:00:00", "date": "2025-12-26", "hour": 1}}, {"type": "Feature", "geometry": {"type": "Point", "coordinates": [8.5, 54.5]}, "properties": {"value": 3.574, "time": "2025-12-26T01:00:00", "date": "2025-12-26", "hour": 1}}, {"type": "Feature", "geometry": {"type": "Point", "coordinates": [10.5, 54.5]}, "properties": {"value": 5.53, "time": "2025-12-26T01:00:00", "date": "2025-12-26", "hour": 1}}, {"type": "Feature", "geometry": {"type": "Point", "coordinates": [10.75, 54.5]}, "properties": {"value": 5.328, "time": "2025-12-26T01:00:00", "date": "2025-12-26", "hour": 1}}, {"type": "Feature", "geometry": {"type": "Point", "coordinates": [11.0, 54.5]}, "properties": {"value": 5.139, "time": "2025-12-26T01:00:00", "date": "2025-12-26", "hour": 1}}, {"type": "Feature", "geometry": {"type": "Point", "coordinates": [11.25, 54.5]}, "properties": {"value": 5.06, "time": "2025-12-26T01:00:00", "date": "2025-12-26", "hour": 1}}, {"type": "Feature", "geometry": {"type": "Point", "coordinates": [11.5, 54.5]}, "properties": {"value": 5.155, "time": "2025-12-26T01:00:00", "date": "2025-12-26", "hour": 1}}, {"type": "Feature", "geometry": {"type": "Point", "coordinates": [11.75, 54.5]}, "properties": {"value": 5.523, "time": "2025-12-26T01:00:00", "date": "2025-12-26", "hour": 1}}, {"type": "Feature", "geometry": {"type": "Point", "coordinates": [12.0, 54.5]}, "properties": {"value": 5.705, "time": "2025-12-26T01:00:00", "date": "2025-12-26", "hour": 1}}, {"type": "Feature", "geometry": {"type": "Point", "coordinates": [12.25, 54.5]}, "properties": {"value": 5.774, "time": "2025-12-26T01:00:00", "date": "2025-12-26", "hour": 1}}, {"type": "Feature", "geometry": {"type": "Point", "coordinates": [13.0, 54.5]}, "properties": {"value": 5.655, "time": "2025-12-26T01:00:00", "date": "2025-12-26", "hour": 1}}, {"type": "Feature", "geometry": {"type": "Point", "coordinates": [13.25, 54.5]}, "properties": {"value": 4.774, "time": "2025-12-26T01:00:00", "date": "2025-12-26", "hour": 1}}, {"type": "Feature", "geometry": {"type": "Point", "coordinates": [13.5, 54.5]}, "properties": {"value": 4.289, "time": "2025-12-26T01:00:00", "date": "2025-12-26", "hour": 1}}, {"type": "Feature", "geometry": {"type": "Point", "coordinates": [13.75, 54.5]}, "properties": {"value": 4.353, "time": "2025-12-26T01:00:00", "date": "2025-12-26", "hour": 1}}, {"type": "Feature", "geometry": {"type": "Point", "coordinates": [14.0, 54.5]}, "properties": {"value": 5.093, "time": "2025-12-26T01:00:00", "date": "2025-12-26", "hour": 1}}, {"type": "Feature", "geometry": {"type": "Point", "coordinates": [14.25, 54.5]}, "properties": {"value": 5.782, "time": "2025-12-26T01:00:00", "date": "2025-12-26", "hour": 1}}, {"type": "Feature", "geometry": {"type": "Point", "coordinates": [14.5, 54.5]}, "properties": {"value": 6.421, "time": "2025-12-26T01:00:00", "date": "2025-12-26", "hour": 1}}, {"type": "Feature", "geometry": {"type": "Point", "coordinates": [14.75, 54.5]}, "properties": {"value": 6.673, "time": "2025-12-26T01:00:00", "date": "2025-12-26", "hour": 1}}, {"type": "Feature", "geometry": {"type": "Point", "coordinates": [15.0, 54.5]}, "properties": {"value": 6.935, "time": "2025-12-26T01:00:00", "date": "2025-12-26", "hour": 1}}, {"type": "Feature", "geometry": {"type": "Point", "coordinates": [5.0, 54.75]}, "properties": {"value": 9.679, "time": "2025-12-26T01:00:00", "date": "2025-12-26", "hour": 1}}, {"type": "Feature", "geometry": {"type": "Point", "coordinates": [5.25, 54.75]}, "properties": {"value": 9.632, "time": "2025-12-26T01:00:00", "date": "2025-12-26", "hour": 1}}, {"type": "Feature", "geometry": {"type": "Point", "coordinates": [5.5, 54.75]}, "properties": {"value": 9.566, "time": "2025-12-26T01:00:00", "date": "2025-12-26", "hour": 1}}, {"type": "Feature", "geometry": {"type": "Point", "coordinates": [5.75, 54.75]}, "properties": {"value": 9.53, "time": "2025-12-26T01:00:00", "date": "2025-12-26", "hour": 1}}, {"type": "Feature", "geometry": {"type": "Point", "coordinates": [6.0, 54.75]}, "properties": {"value": 9.341, "time": "2025-12-26T01:00:00", "date": "2025-12-26", "hour": 1}}, {"type": "Feature", "geometry": {"type": "Point", "coordinates": [6.25, 54.75]}, "properties": {"value": 9.239, "time": "2025-12-26T01:00:00", "date": "2025-12-26", "hour": 1}}, {"type": "Feature", "geometry": {"type": "Point", "coordinates": [6.5, 54.75]}, "properties": {"value": 9.036, "time": "2025-12-26T01:00:00", "date": "2025-12-26", "hour": 1}}, {"type": "Feature", "geometry": {"type": "Point", "coordinates": [6.75, 54.75]}, "properties": {"value": 8.434, "time": "2025-12-26T01:00:00", "date": "2025-12-26", "hour": 1}}, {"type": "Feature", "geometry": {"type": "Point", "coordinates": [7.0, 54.75]}, "properties": {"value": 7.887, "time": "2025-12-26T01:00:00", "date": "2025-12-26", "hour": 1}}, {"type": "Feature", "geometry": {"type": "Point", "coordinates": [7.25, 54.75]}, "properties": {"value": 7.143, "time": "2025-12-26T01:00:00", "date": "2025-12-26", "hour": 1}}, {"type": "Feature", "geometry": {"type": "Point", "coordinates": [7.5, 54.75]}, "properties": {"value": 6.475, "time": "2025-12-26T01:00:00", "date": "2025-12-26", "hour": 1}}, {"type": "Feature", "geometry": {"type": "Point", "coordinates": [7.75, 54.75]}, "properties": {"value": 5.799, "time": "2025-12-26T01:00:00", "date": "2025-12-26", "hour": 1}}, {"type": "Feature", "geometry": {"type": "Point", "coordinates": [8.0, 54.75]}, "properties": {"value": 4.965, "time": "2025-12-26T01:00:00", "date": "2025-12-26", "hour": 1}}, {"type": "Feature", "geometry": {"type": "Point", "coordinates": [8.25, 54.75]}, "properties": {"value": 3.672, "time": "2025-12-26T01:00:00", "date": "2025-12-26", "hour": 1}}, {"type": "Feature", "geometry": {"type": "Point", "coordinates": [8.5, 54.75]}, "properties": {"value": 2.753, "time": "2025-12-26T01:00:00", "date": "2025-12-26", "hour": 1}}, {"type": "Feature", "geometry": {"type": "Point", "coordinates": [10.25, 54.75]}, "properties": {"value": 5.647, "time": "2025-12-26T01:00:00", "date": "2025-12-26", "hour": 1}}, {"type": "Feature", "geometry": {"type": "Point", "coordinates": [10.5, 54.75]}, "properties": {"value": 5.221, "time": "2025-12-26T01:00:00", "date": "2025-12-26", "hour": 1}}, {"type": "Feature", "geometry": {"type": "Point", "coordinates": [10.75, 54.75]}, "properties": {"value": 4.946, "time": "2025-12-26T01:00:00", "date": "2025-12-26", "hour": 1}}, {"type": "Feature", "geometry": {"type": "Point", "coordinates": [11.0, 54.75]}, "properties": {"value": 4.75, "time": "2025-12-26T01:00:00", "date": "2025-12-26", "hour": 1}}, {"type": "Feature", "geometry": {"type": "Point", "coordinates": [11.25, 54.75]}, "properties": {"value": 4.654, "time": "2025-12-26T01:00:00", "date": "2025-12-26", "hour": 1}}, {"type": "Feature", "geometry": {"type": "Point", "coordinates": [11.5, 54.75]}, "properties": {"value": 4.617, "time": "2025-12-26T01:00:00", "date": "2025-12-26", "hour": 1}}, {"type": "Feature", "geometry": {"type": "Point", "coordinates": [12.0, 54.75]}, "properties": {"value": 5.438, "time": "2025-12-26T01:00:00", "date": "2025-12-26", "hour": 1}}, {"type": "Feature", "geometry": {"type": "Point", "coordinates": [12.25, 54.75]}, "properties": {"value": 5.93, "time": "2025-12-26T01:00:00", "date": "2025-12-26", "hour": 1}}, {"type": "Feature", "geometry": {"type": "Point", "coordinates": [12.5, 54.75]}, "properties": {"value": 6.082, "time": "2025-12-26T01:00:00", "date": "2025-12-26", "hour": 1}}, {"type": "Feature", "geometry": {"type": "Point", "coordinates": [12.75, 54.75]}, "properties": {"value": 6.039, "time": "2025-12-26T01:00:00", "date": "2025-12-26", "hour": 1}}, {"type": "Feature", "geometry": {"type": "Point", "coordinates": [13.0, 54.75]}, "properties": {"value": 5.812, "time": "2025-12-26T01:00:00", "date": "2025-12-26", "hour": 1}}, {"type": "Feature", "geometry": {"type": "Point", "coordinates": [13.25, 54.75]}, "properties": {"value": 5.866, "time": "2025-12-26T01:00:00", "date": "2025-12-26", "hour": 1}}, {"type": "Feature", "geometry": {"type": "Point", "coordinates": [13.5, 54.75]}, "properties": {"value": 5.763, "time": "2025-12-26T01:00:00", "date": "2025-12-26", "hour": 1}}, {"type": "Feature", "geometry": {"type": "Point", "coordinates": [13.75, 54.75]}, "properties": {"value": 5.826, "time": "2025-12-26T01:00:00", "date": "2025-12-26", "hour": 1}}, {"type": "Feature", "geometry": {"type": "Point", "coordinates": [14.0, 54.75]}, "properties": {"value": 5.986, "time": "2025-12-26T01:00:00", "date": "2025-12-26", "hour": 1}}, {"type": "Feature", "geometry": {"type": "Point", "coordinates": [14.25, 54.75]}, "properties": {"value": 6.179, "time": "2025-12-26T01:00:00", "date": "2025-12-26", "hour": 1}}, {"type": "Feature", "geometry": {"type": "Point", "coordinates": [14.5, 54.75]}, "properties": {"value": 6.817, "time": "2025-12-26T01:00:00", "date": "2025-12-26", "hour": 1}}, {"type": "Feature", "geometry": {"type": "Point", "coordinates": [14.75, 54.75]}, "properties": {"value": 7.063, "time": "2025-12-26T01:00:00", "date": "2025-12-26", "hour": 1}}, {"type": "Feature", "geometry": {"type": "Point", "coordinates": [15.0, 54.75]}, "properties": {"value": 7.245, "time": "2025-12-26T01:00:00", "date": "2025-12-26", "hour": 1}}, {"type": "Feature", "geometry": {"type": "Point", "coordinates": [5.0, 55.0]}, "properties": {"value": 9.525, "time": "2025-12-26T01:00:00", "date": "2025-12-26", "hour": 1}}, {"type": "Feature", "geometry": {"type": "Point", "coordinates": [5.25, 55.0]}, "properties": {"value": 9.539, "time": "2025-12-26T01:00:00", "date": "2025-12-26", "hour": 1}}, {"type": "Feature", "geometry": {"type": "Point", "coordinates": [5.5, 55.0]}, "properties": {"value": 9.568, "time": "2025-12-26T01:00:00", "date": "2025-12-26", "hour": 1}}, {"type": "Feature", "geometry": {"type": "Point", "coordinates": [5.75, 55.0]}, "properties": {"value": 9.532, "time": "2025-12-26T01:00:00", "date": "2025-12-26", "hour": 1}}, {"type": "Feature", "geometry": {"type": "Point", "coordinates": [6.0, 55.0]}, "properties": {"value": 9.436, "time": "2025-12-26T01:00:00", "date": "2025-12-26", "hour": 1}}, {"type": "Feature", "geometry": {"type": "Point", "coordinates": [6.25, 55.0]}, "properties": {"value": 9.126, "time": "2025-12-26T01:00:00", "date": "2025-12-26", "hour": 1}}, {"type": "Feature", "geometry": {"type": "Point", "coordinates": [6.5, 55.0]}, "properties": {"value": 8.623, "time": "2025-12-26T01:00:00", "date": "2025-12-26", "hour": 1}}, {"type": "Feature", "geometry": {"type": "Point", "coordinates": [6.75, 55.0]}, "properties": {"value": 8.006, "time": "2025-12-26T01:00:00", "date": "2025-12-26", "hour": 1}}, {"type": "Feature", "geometry": {"type": "Point", "coordinates": [7.0, 55.0]}, "properties": {"value": 7.35, "time": "2025-12-26T01:00:00", "date": "2025-12-26", "hour": 1}}, {"type": "Feature", "geometry": {"type": "Point", "coordinates": [7.25, 55.0]}, "properties": {"value": 6.876, "time": "2025-12-26T01:00:00", "date": "2025-12-26", "hour": 1}}, {"type": "Feature", "geometry": {"type": "Point", "coordinates": [7.5, 55.0]}, "properties": {"value": 6.284, "time": "2025-12-26T01:00:00", "date": "2025-12-26", "hour": 1}}, {"type": "Feature", "geometry": {"type": "Point", "coordinates": [7.75, 55.0]}, "properties": {"value": 5.676, "time": "2025-12-26T01:00:00", "date": "2025-12-26", "hour": 1}}, {"type": "Feature", "geometry": {"type": "Point", "coordinates": [8.0, 55.0]}, "properties": {"value": 5.122, "time": "2025-12-26T01:00:00", "date": "2025-12-26", "hour": 1}}, {"type": "Feature", "geometry": {"type": "Point", "coordinates": [8.25, 55.0]}, "properties": {"value": 4.069, "time": "2025-12-26T01:00:00", "date": "2025-12-26", "hour": 1}}, {"type": "Feature", "geometry": {"type": "Point", "coordinates": [8.5, 55.0]}, "properties": {"value": 3.238, "time": "2025-12-26T01:00:00", "date": "2025-12-26", "hour": 1}}, {"type": "Feature", "geometry": {"type": "Point", "coordinates": [10.25, 55.0]}, "properties": {"value": 5.754, "time": "2025-12-26T01:00:00", "date": "2025-12-26", "hour": 1}}, {"type": "Feature", "geometry": {"type": "Point", "coordinates": [10.5, 55.0]}, "properties": {"value": 5.124, "time": "2025-12-26T01:00:00", "date": "2025-12-26", "hour": 1}}, {"type": "Feature", "geometry": {"type": "Point", "coordinates": [10.75, 55.0]}, "properties": {"value": 4.505, "time": "2025-12-26T01:00:00", "date": "2025-12-26", "hour": 1}}, {"type": "Feature", "geometry": {"type": "Point", "coordinates": [11.0, 55.0]}, "properties": {"value": 4.595, "time": "2025-12-26T01:00:00", "date": "2025-12-26", "hour": 1}}, {"type": "Feature", "geometry": {"type": "Point", "coordinates": [11.25, 55.0]}, "properties": {"value": 4.561, "time": "2025-12-26T01:00:00", "date": "2025-12-26", "hour": 1}}, {"type": "Feature", "geometry": {"type": "Point", "coordinates": [11.5, 55.0]}, "properties": {"value": 4.547, "time": "2025-12-26T01:00:00", "date": "2025-12-26", "hour": 1}}, {"type": "Feature", "geometry": {"type": "Point", "coordinates": [11.75, 55.0]}, "properties": {"value": 4.416, "time": "2025-12-26T01:00:00", "date": "2025-12-26", "hour": 1}}, {"type": "Feature", "geometry": {"type": "Point", "coordinates": [12.0, 55.0]}, "properties": {"value": 5.006, "time": "2025-12-26T01:00:00", "date": "2025-12-26", "hour": 1}}, {"type": "Feature", "geometry": {"type": "Point", "coordinates": [12.25, 55.0]}, "properties": {"value": 5.693, "time": "2025-12-26T01:00:00", "date": "2025-12-26", "hour": 1}}, {"type": "Feature", "geometry": {"type": "Point", "coordinates": [12.5, 55.0]}, "properties": {"value": 6.038, "time": "2025-12-26T01:00:00", "date": "2025-12-26", "hour": 1}}, {"type": "Feature", "geometry": {"type": "Point", "coordinates": [12.75, 55.0]}, "properties": {"value": 6.175, "time": "2025-12-26T01:00:00", "date": "2025-12-26", "hour": 1}}, {"type": "Feature", "geometry": {"type": "Point", "coordinates": [13.0, 55.0]}, "properties": {"value": 6.266, "time": "2025-12-26T01:00:00", "date": "2025-12-26", "hour": 1}}, {"type": "Feature", "geometry": {"type": "Point", "coordinates": [13.25, 55.0]}, "properties": {"value": 6.319, "time": "2025-12-26T01:00:00", "date": "2025-12-26", "hour": 1}}, {"type": "Feature", "geometry": {"type": "Point", "coordinates": [13.5, 55.0]}, "properties": {"value": 6.339, "time": "2025-12-26T01:00:00", "date": "2025-12-26", "hour": 1}}, {"type": "Feature", "geometry": {"type": "Point", "coordinates": [13.75, 55.0]}, "properties": {"value": 6.4, "time": "2025-12-26T01:00:00", "date": "2025-12-26", "hour": 1}}, {"type": "Feature", "geometry": {"type": "Point", "coordinates": [14.0, 55.0]}, "properties": {"value": 6.533, "time": "2025-12-26T01:00:00", "date": "2025-12-26", "hour": 1}}, {"type": "Feature", "geometry": {"type": "Point", "coordinates": [14.25, 55.0]}, "properties": {"value": 6.643, "time": "2025-12-26T01:00:00", "date": "2025-12-26", "hour": 1}}, {"type": "Feature", "geometry": {"type": "Point", "coordinates": [14.5, 55.0]}, "properties": {"value": 6.684, "time": "2025-12-26T01:00:00", "date": "2025-12-26", "hour": 1}}, {"type": "Feature", "geometry": {"type": "Point", "coordinates": [14.75, 55.0]}, "properties": {"value": 6.88, "time": "2025-12-26T01:00:00", "date": "2025-12-26", "hour": 1}}, {"type": "Feature", "geometry": {"type": "Point", "coordinates": [15.0, 55.0]}, "properties": {"value": 7.058, "time": "2025-12-26T01:00:00", "date": "2025-12-26", "hour": 1}}, {"type": "Feature", "geometry": {"type": "Point", "coordinates": [5.25, 52.75]}, "properties": {"value": 3.24, "time": "2025-12-26T02:00:00", "date": "2025-12-26", "hour": 2}}, {"type": "Feature", "geometry": {"type": "Point", "coordinates": [5.5, 52.75]}, "properties": {"value": 3.249, "time": "2025-12-26T02:00:00", "date": "2025-12-26", "hour": 2}}, {"type": "Feature", "geometry": {"type": "Point", "coordinates": [5.0, 53.0]}, "properties": {"value": 4.743, "time": "2025-12-26T02:00:00", "date": "2025-12-26", "hour": 2}}, {"type": "Feature", "geometry": {"type": "Point", "coordinates": [5.25, 53.0]}, "properties": {"value": 3.781, "time": "2025-12-26T02:00:00", "date": "2025-12-26", "hour": 2}}, {"type": "Feature", "geometry": {"type": "Point", "coordinates": [5.5, 53.0]}, "properties": {"value": 3.103, "time": "2025-12-26T02:00:00", "date": "2025-12-26", "hour": 2}}, {"type": "Feature", "geometry": {"type": "Point", "coordinates": [5.0, 53.25]}, "properties": {"value": 5.694, "time": "2025-12-26T02:00:00", "date": "2025-12-26", "hour": 2}}, {"type": "Feature", "geometry": {"type": "Point", "coordinates": [5.25, 53.25]}, "properties": {"value": 4.494, "time": "2025-12-26T02:00:00", "date": "2025-12-26", "hour": 2}}, {"type": "Feature", "geometry": {"type": "Point", "coordinates": [5.5, 53.25]}, "properties": {"value": 3.771, "time": "2025-12-26T02:00:00", "date": "2025-12-26", "hour": 2}}, {"type": "Feature", "geometry": {"type": "Point", "coordinates": [5.0, 53.5]}, "properties": {"value": 7.802, "time": "2025-12-26T02:00:00", "date": "2025-12-26", "hour": 2}}, {"type": "Feature", "geometry": {"type": "Point", "coordinates": [5.25, 53.5]}, "properties": {"value": 7.132, "time": "2025-12-26T02:00:00", "date": "2025-12-26", "hour": 2}}, {"type": "Feature", "geometry": {"type": "Point", "coordinates": [5.5, 53.5]}, "properties": {"value": 6.946, "time": "2025-12-26T02:00:00", "date": "2025-12-26", "hour": 2}}, {"type": "Feature", "geometry": {"type": "Point", "coordinates": [5.75, 53.5]}, "properties": {"value": 6.46, "time": "2025-12-26T02:00:00", "date": "2025-12-26", "hour": 2}}, {"type": "Feature", "geometry": {"type": "Point", "coordinates": [6.0, 53.5]}, "properties": {"value": 5.762, "time": "2025-12-26T02:00:00", "date": "2025-12-26", "hour": 2}}, {"type": "Feature", "geometry": {"type": "Point", "coordinates": [6.25, 53.5]}, "properties": {"value": 4.952, "time": "2025-12-26T02:00:00", "date": "2025-12-26", "hour": 2}}, {"type": "Feature", "geometry": {"type": "Point", "coordinates": [6.5, 53.5]}, "properties": {"value": 4.86, "time": "2025-12-26T02:00:00", "date": "2025-12-26", "hour": 2}}, {"type": "Feature", "geometry": {"type": "Point", "coordinates": [6.75, 53.5]}, "properties": {"value": 4.695, "time": "2025-12-26T02:00:00", "date": "2025-12-26", "hour": 2}}, {"type": "Feature", "geometry": {"type": "Point", "coordinates": [5.0, 53.75]}, "properties": {"value": 8.826, "time": "2025-12-26T02:00:00", "date": "2025-12-26", "hour": 2}}, {"type": "Feature", "geometry": {"type": "Point", "coordinates": [5.25, 53.75]}, "properties": {"value": 8.378, "time": "2025-12-26T02:00:00", "date": "2025-12-26", "hour": 2}}, {"type": "Feature", "geometry": {"type": "Point", "coordinates": [5.5, 53.75]}, "properties": {"value": 8.065, "time": "2025-12-26T02:00:00", "date": "2025-12-26", "hour": 2}}, {"type": "Feature", "geometry": {"type": "Point", "coordinates": [5.75, 53.75]}, "properties": {"value": 7.845, "time": "2025-12-26T02:00:00", "date": "2025-12-26", "hour": 2}}, {"type": "Feature", "geometry": {"type": "Point", "coordinates": [6.0, 53.75]}, "properties": {"value": 7.324, "time": "2025-12-26T02:00:00", "date": "2025-12-26", "hour": 2}}, {"type": "Feature", "geometry": {"type": "Point", "coordinates": [6.25, 53.75]}, "properties": {"value": 7.106, "time": "2025-12-26T02:00:00", "date": "2025-12-26", "hour": 2}}, {"type": "Feature", "geometry": {"type": "Point", "coordinates": [6.5, 53.75]}, "properties": {"value": 6.685, "time": "2025-12-26T02:00:00", "date": "2025-12-26", "hour": 2}}, {"type": "Feature", "geometry": {"type": "Point", "coordinates": [6.75, 53.75]}, "properties": {"value": 6.359, "time": "2025-12-26T02:00:00", "date": "2025-12-26", "hour": 2}}, {"type": "Feature", "geometry": {"type": "Point", "coordinates": [7.0, 53.75]}, "properties": {"value": 6.608, "time": "2025-12-26T02:00:00", "date": "2025-12-26", "hour": 2}}, {"type": "Feature", "geometry": {"type": "Point", "coordinates": [7.25, 53.75]}, "properties": {"value": 6.331, "time": "2025-12-26T02:00:00", "date": "2025-12-26", "hour": 2}}, {"type": "Feature", "geometry": {"type": "Point", "coordinates": [7.5, 53.75]}, "properties": {"value": 6.894, "time": "2025-12-26T02:00:00", "date": "2025-12-26", "hour": 2}}, {"type": "Feature", "geometry": {"type": "Point", "coordinates": [7.75, 53.75]}, "properties": {"value": 6.986, "time": "2025-12-26T02:00:00", "date": "2025-12-26", "hour": 2}}, {"type": "Feature", "geometry": {"type": "Point", "coordinates": [8.0, 53.75]}, "properties": {"value": 5.891, "time": "2025-12-26T02:00:00", "date": "2025-12-26", "hour": 2}}, {"type": "Feature", "geometry": {"type": "Point", "coordinates": [8.25, 53.75]}, "properties": {"value": 4.848, "time": "2025-12-26T02:00:00", "date": "2025-12-26", "hour": 2}}, {"type": "Feature", "geometry": {"type": "Point", "coordinates": [8.5, 53.75]}, "properties": {"value": 4.096, "time": "2025-12-26T02:00:00", "date": "2025-12-26", "hour": 2}}, {"type": "Feature", "geometry": {"type": "Point", "coordinates": [8.75, 53.75]}, "properties": {"value": 4.096, "time": "2025-12-26T02:00:00", "date": "2025-12-26", "hour": 2}}, {"type": "Feature", "geometry": {"type": "Point", "coordinates": [14.25, 53.75]}, "properties": {"value": 0.934, "time": "2025-12-26T02:00:00", "date": "2025-12-26", "hour": 2}}, {"type": "Feature", "geometry": {"type": "Point", "coordinates": [14.5, 53.75]}, "properties": {"value": 0.934, "time": "2025-12-26T02:00:00", "date": "2025-12-26", "hour": 2}}, {"type": "Feature", "geometry": {"type": "Point", "coordinates": [5.0, 54.0]}, "properties": {"value": 9.39, "time": "2025-12-26T02:00:00", "date": "2025-12-26", "hour": 2}}, {"type": "Feature", "geometry": {"type": "Point", "coordinates": [5.25, 54.0]}, "properties": {"value": 9.064, "time": "2025-12-26T02:00:00", "date": "2025-12-26", "hour": 2}}, {"type": "Feature", "geometry": {"type": "Point", "coordinates": [5.5, 54.0]}, "properties": {"value": 8.751, "time": "2025-12-26T02:00:00", "date": "2025-12-26", "hour": 2}}, {"type": "Feature", "geometry": {"type": "Point", "coordinates": [5.75, 54.0]}, "properties": {"value": 8.59, "time": "2025-12-26T02:00:00", "date": "2025-12-26", "hour": 2}}, {"type": "Feature", "geometry": {"type": "Point", "coordinates": [6.0, 54.0]}, "properties": {"value": 8.493, "time": "2025-12-26T02:00:00", "date": "2025-12-26", "hour": 2}}, {"type": "Feature", "geometry": {"type": "Point", "coordinates": [6.25, 54.0]}, "properties": {"value": 8.364, "time": "2025-12-26T02:00:00", "date": "2025-12-26", "hour": 2}}, {"type": "Feature", "geometry": {"type": "Point", "coordinates": [6.5, 54.0]}, "properties": {"value": 7.986, "time": "2025-12-26T02:00:00", "date": "2025-12-26", "hour": 2}}, {"type": "Feature", "geometry": {"type": "Point", "coordinates": [6.75, 54.0]}, "properties": {"value": 7.763, "time": "2025-12-26T02:00:00", "date": "2025-12-26", "hour": 2}}, {"type": "Feature", "geometry": {"type": "Point", "coordinates": [7.0, 54.0]}, "properties": {"value": 7.506, "time": "2025-12-26T02:00:00", "date": "2025-12-26", "hour": 2}}, {"type": "Feature", "geometry": {"type": "Point", "coordinates": [7.25, 54.0]}, "properties": {"value": 7.318, "time": "2025-12-26T02:00:00", "date": "2025-12-26", "hour": 2}}, {"type": "Feature", "geometry": {"type": "Point", "coordinates": [7.5, 54.0]}, "properties": {"value": 7.519, "time": "2025-12-26T02:00:00", "date": "2025-12-26", "hour": 2}}, {"type": "Feature", "geometry": {"type": "Point", "coordinates": [7.75, 54.0]}, "properties": {"value": 7.432, "time": "2025-12-26T02:00:00", "date": "2025-12-26", "hour": 2}}, {"type": "Feature", "geometry": {"type": "Point", "coordinates": [8.0, 54.0]}, "properties": {"value": 7.03, "time": "2025-12-26T02:00:00", "date": "2025-12-26", "hour": 2}}, {"type": "Feature", "geometry": {"type": "Point", "coordinates": [8.25, 54.0]}, "properties": {"value": 6.242, "time": "2025-12-26T02:00:00", "date": "2025-12-26", "hour": 2}}, {"type": "Feature", "geometry": {"type": "Point", "coordinates": [8.5, 54.0]}, "properties": {"value": 4.937, "time": "2025-12-26T02:00:00", "date": "2025-12-26", "hour": 2}}, {"type": "Feature", "geometry": {"type": "Point", "coordinates": [11.25, 54.0]}, "properties": {"value": 5.122, "time": "2025-12-26T02:00:00", "date": "2025-12-26", "hour": 2}}, {"type": "Feature", "geometry": {"type": "Point", "coordinates": [14.0, 54.0]}, "properties": {"value": 3.376, "time": "2025-12-26T02:00:00", "date": "2025-12-26", "hour": 2}}, {"type": "Feature", "geometry": {"type": "Point", "coordinates": [14.25, 54.0]}, "properties": {"value": 4.446, "time": "2025-12-26T02:00:00", "date": "2025-12-26", "hour": 2}}, {"type": "Feature", "geometry": {"type": "Point", "coordinates": [14.5, 54.0]}, "properties": {"value": 3.948, "time": "2025-12-26T02:00:00", "date": "2025-12-26", "hour": 2}}, {"type": "Feature", "geometry": {"type": "Point", "coordinates": [14.75, 54.0]}, "properties": {"value": 4.721, "time": "2025-12-26T02:00:00", "date": "2025-12-26", "hour": 2}}, {"type": "Feature", "geometry": {"type": "Point", "coordinates": [5.0, 54.25]}, "properties": {"value": 9.611, "time": "2025-12-26T02:00:00", "date": "2025-12-26", "hour": 2}}, {"type": "Feature", "geometry": {"type": "Point", "coordinates": [5.25, 54.25]}, "properties": {"value": 9.363, "time": "2025-12-26T02:00:00", "date": "2025-12-26", "hour": 2}}, {"type": "Feature", "geometry": {"type": "Point", "coordinates": [5.5, 54.25]}, "properties": {"value": 9.181, "time": "2025-12-26T02:00:00", "date": "2025-12-26", "hour": 2}}, {"type": "Feature", "geometry": {"type": "Point", "coordinates": [5.75, 54.25]}, "properties": {"value": 9.034, "time": "2025-12-26T02:00:00", "date": "2025-12-26", "hour": 2}}, {"type": "Feature", "geometry": {"type": "Point", "coordinates": [6.0, 54.25]}, "properties": {"value": 8.907, "time": "2025-12-26T02:00:00", "date": "2025-12-26", "hour": 2}}, {"type": "Feature", "geometry": {"type": "Point", "coordinates": [6.25, 54.25]}, "properties": {"value": 8.875, "time": "2025-12-26T02:00:00", "date": "2025-12-26", "hour": 2}}, {"type": "Feature", "geometry": {"type": "Point", "coordinates": [6.5, 54.25]}, "properties": {"value": 8.87, "time": "2025-12-26T02:00:00", "date": "2025-12-26", "hour": 2}}, {"type": "Feature", "geometry": {"type": "Point", "coordinates": [6.75, 54.25]}, "properties": {"value": 8.635, "time": "2025-12-26T02:00:00", "date": "2025-12-26", "hour": 2}}, {"type": "Feature", "geometry": {"type": "Point", "coordinates": [7.0, 54.25]}, "properties": {"value": 8.38, "time": "2025-12-26T02:00:00", "date": "2025-12-26", "hour": 2}}, {"type": "Feature", "geometry": {"type": "Point", "coordinates": [7.25, 54.25]}, "properties": {"value": 7.845, "time": "2025-12-26T02:00:00", "date": "2025-12-26", "hour": 2}}, {"type": "Feature", "geometry": {"type": "Point", "coordinates": [7.5, 54.25]}, "properties": {"value": 7.526, "time": "2025-12-26T02:00:00", "date": "2025-12-26", "hour": 2}}, {"type": "Feature", "geometry": {"type": "Point", "coordinates": [7.75, 54.25]}, "properties": {"value": 7.333, "time": "2025-12-26T02:00:00", "date": "2025-12-26", "hour": 2}}, {"type": "Feature", "geometry": {"type": "Point", "coordinates": [8.0, 54.25]}, "properties": {"value": 7.068, "time": "2025-12-26T02:00:00", "date": "2025-12-26", "hour": 2}}, {"type": "Feature", "geometry": {"type": "Point", "coordinates": [8.25, 54.25]}, "properties": {"value": 5.934, "time": "2025-12-26T02:00:00", "date": "2025-12-26", "hour": 2}}, {"type": "Feature", "geometry": {"type": "Point", "coordinates": [8.5, 54.25]}, "properties": {"value": 4.685, "time": "2025-12-26T02:00:00", "date": "2025-12-26", "hour": 2}}, {"type": "Feature", "geometry": {"type": "Point", "coordinates": [10.75, 54.25]}, "properties": {"value": 5.437, "time": "2025-12-26T02:00:00", "date": "2025-12-26", "hour": 2}}, {"type": "Feature", "geometry": {"type": "Point", "coordinates": [11.25, 54.25]}, "properties": {"value": 5.213, "time": "2025-12-26T02:00:00", "date": "2025-12-26", "hour": 2}}, {"type": "Feature", "geometry": {"type": "Point", "coordinates": [11.75, 54.25]}, "properties": {"value": 5.469, "time": "2025-12-26T02:00:00", "date": "2025-12-26", "hour": 2}}, {"type": "Feature", "geometry": {"type": "Point", "coordinates": [12.25, 54.25]}, "properties": {"value": 5.571, "time": "2025-12-26T02:00:00", "date": "2025-12-26", "hour": 2}}, {"type": "Feature", "geometry": {"type": "Point", "coordinates": [13.75, 54.25]}, "properties": {"value": 3.253, "time": "2025-12-26T02:00:00", "date": "2025-12-26", "hour": 2}}, {"type": "Feature", "geometry": {"type": "Point", "coordinates": [14.0, 54.25]}, "properties": {"value": 4.088, "time": "2025-12-26T02:00:00", "date": "2025-12-26", "hour": 2}}, {"type": "Feature", "geometry": {"type": "Point", "coordinates": [14.25, 54.25]}, "properties": {"value": 4.856, "time": "2025-12-26T02:00:00", "date": "2025-12-26", "hour": 2}}, {"type": "Feature", "geometry": {"type": "Point", "coordinates": [14.5, 54.25]}, "properties": {"value": 5.434, "time": "2025-12-26T02:00:00", "date": "2025-12-26", "hour": 2}}, {"type": "Feature", "geometry": {"type": "Point", "coordinates": [14.75, 54.25]}, "properties": {"value": 5.612, "time": "2025-12-26T02:00:00", "date": "2025-12-26", "hour": 2}}, {"type": "Feature", "geometry": {"type": "Point", "coordinates": [15.0, 54.25]}, "properties": {"value": 5.983, "time": "2025-12-26T02:00:00", "date": "2025-12-26", "hour": 2}}, {"type": "Feature", "geometry": {"type": "Point", "coordinates": [5.0, 54.5]}, "properties": {"value": 9.654, "time": "2025-12-26T02:00:00", "date": "2025-12-26", "hour": 2}}, {"type": "Feature", "geometry": {"type": "Point", "coordinates": [5.25, 54.5]}, "properties": {"value": 9.607, "time": "2025-12-26T02:00:00", "date": "2025-12-26", "hour": 2}}, {"type": "Feature", "geometry": {"type": "Point", "coordinates": [5.5, 54.5]}, "properties": {"value": 9.477, "time": "2025-12-26T02:00:00", "date": "2025-12-26", "hour": 2}}, {"type": "Feature", "geometry": {"type": "Point", "coordinates": [5.75, 54.5]}, "properties": {"value": 9.325, "time": "2025-12-26T02:00:00", "date": "2025-12-26", "hour": 2}}, {"type": "Feature", "geometry": {"type": "Point", "coordinates": [6.0, 54.5]}, "properties": {"value": 9.165, "time": "2025-12-26T02:00:00", "date": "2025-12-26", "hour": 2}}, {"type": "Feature", "geometry": {"type": "Point", "coordinates": [6.25, 54.5]}, "properties": {"value": 9.063, "time": "2025-12-26T02:00:00", "date": "2025-12-26", "hour": 2}}, {"type": "Feature", "geometry": {"type": "Point", "coordinates": [6.5, 54.5]}, "properties": {"value": 9.106, "time": "2025-12-26T02:00:00", "date": "2025-12-26", "hour": 2}}, {"type": "Feature", "geometry": {"type": "Point", "coordinates": [6.75, 54.5]}, "properties": {"value": 8.931, "time": "2025-12-26T02:00:00", "date": "2025-12-26", "hour": 2}}, {"type": "Feature", "geometry": {"type": "Point", "coordinates": [7.0, 54.5]}, "properties": {"value": 8.478, "time": "2025-12-26T02:00:00", "date": "2025-12-26", "hour": 2}}, {"type": "Feature", "geometry": {"type": "Point", "coordinates": [7.25, 54.5]}, "properties": {"value": 7.731, "time": "2025-12-26T02:00:00", "date": "2025-12-26", "hour": 2}}, {"type": "Feature", "geometry": {"type": "Point", "coordinates": [7.5, 54.5]}, "properties": {"value": 6.981, "time": "2025-12-26T02:00:00", "date": "2025-12-26", "hour": 2}}, {"type": "Feature", "geometry": {"type": "Point", "coordinates": [7.75, 54.5]}, "properties": {"value": 6.704, "time": "2025-12-26T02:00:00", "date": "2025-12-26", "hour": 2}}, {"type": "Feature", "geometry": {"type": "Point", "coordinates": [8.0, 54.5]}, "properties": {"value": 5.901, "time": "2025-12-26T02:00:00", "date": "2025-12-26", "hour": 2}}, {"type": "Feature", "geometry": {"type": "Point", "coordinates": [8.25, 54.5]}, "properties": {"value": 4.62, "time": "2025-12-26T02:00:00", "date": "2025-12-26", "hour": 2}}, {"type": "Feature", "geometry": {"type": "Point", "coordinates": [8.5, 54.5]}, "properties": {"value": 3.574, "time": "2025-12-26T02:00:00", "date": "2025-12-26", "hour": 2}}, {"type": "Feature", "geometry": {"type": "Point", "coordinates": [10.5, 54.5]}, "properties": {"value": 5.53, "time": "2025-12-26T02:00:00", "date": "2025-12-26", "hour": 2}}, {"type": "Feature", "geometry": {"type": "Point", "coordinates": [10.75, 54.5]}, "properties": {"value": 5.328, "time": "2025-12-26T02:00:00", "date": "2025-12-26", "hour": 2}}, {"type": "Feature", "geometry": {"type": "Point", "coordinates": [11.0, 54.5]}, "properties": {"value": 5.139, "time": "2025-12-26T02:00:00", "date": "2025-12-26", "hour": 2}}, {"type": "Feature", "geometry": {"type": "Point", "coordinates": [11.25, 54.5]}, "properties": {"value": 5.06, "time": "2025-12-26T02:00:00", "date": "2025-12-26", "hour": 2}}, {"type": "Feature", "geometry": {"type": "Point", "coordinates": [11.5, 54.5]}, "properties": {"value": 5.155, "time": "2025-12-26T02:00:00", "date": "2025-12-26", "hour": 2}}, {"type": "Feature", "geometry": {"type": "Point", "coordinates": [11.75, 54.5]}, "properties": {"value": 5.523, "time": "2025-12-26T02:00:00", "date": "2025-12-26", "hour": 2}}, {"type": "Feature", "geometry": {"type": "Point", "coordinates": [12.0, 54.5]}, "properties": {"value": 5.705, "time": "2025-12-26T02:00:00", "date": "2025-12-26", "hour": 2}}, {"type": "Feature", "geometry": {"type": "Point", "coordinates": [12.25, 54.5]}, "properties": {"value": 5.774, "time": "2025-12-26T02:00:00", "date": "2025-12-26", "hour": 2}}, {"type": "Feature", "geometry": {"type": "Point", "coordinates": [13.0, 54.5]}, "properties": {"value": 5.655, "time": "2025-12-26T02:00:00", "date": "2025-12-26", "hour": 2}}, {"type": "Feature", "geometry": {"type": "Point", "coordinates": [13.25, 54.5]}, "properties": {"value": 4.774, "time": "2025-12-26T02:00:00", "date": "2025-12-26", "hour": 2}}, {"type": "Feature", "geometry": {"type": "Point", "coordinates": [13.5, 54.5]}, "properties": {"value": 4.289, "time": "2025-12-26T02:00:00", "date": "2025-12-26", "hour": 2}}, {"type": "Feature", "geometry": {"type": "Point", "coordinates": [13.75, 54.5]}, "properties": {"value": 4.353, "time": "2025-12-26T02:00:00", "date": "2025-12-26", "hour": 2}}, {"type": "Feature", "geometry": {"type": "Point", "coordinates": [14.0, 54.5]}, "properties": {"value": 5.093, "time": "2025-12-26T02:00:00", "date": "2025-12-26", "hour": 2}}, {"type": "Feature", "geometry": {"type": "Point", "coordinates": [14.25, 54.5]}, "properties": {"value": 5.782, "time": "2025-12-26T02:00:00", "date": "2025-12-26", "hour": 2}}, {"type": "Feature", "geometry": {"type": "Point", "coordinates": [14.5, 54.5]}, "properties": {"value": 6.421, "time": "2025-12-26T02:00:00", "date": "2025-12-26", "hour": 2}}, {"type": "Feature", "geometry": {"type": "Point", "coordinates": [14.75, 54.5]}, "properties": {"value": 6.673, "time": "2025-12-26T02:00:00", "date": "2025-12-26", "hour": 2}}, {"type": "Feature", "geometry": {"type": "Point", "coordinates": [15.0, 54.5]}, "properties": {"value": 6.935, "time": "2025-12-26T02:00:00", "date": "2025-12-26", "hour": 2}}, {"type": "Feature", "geometry": {"type": "Point", "coordinates": [5.0, 54.75]}, "properties": {"value": 9.679, "time": "2025-12-26T02:00:00", "date": "2025-12-26", "hour": 2}}, {"type": "Feature", "geometry": {"type": "Point", "coordinates": [5.25, 54.75]}, "properties": {"value": 9.632, "time": "2025-12-26T02:00:00", "date": "2025-12-26", "hour": 2}}, {"type": "Feature", "geometry": {"type": "Point", "coordinates": [5.5, 54.75]}, "properties": {"value": 9.566, "time": "2025-12-26T02:00:00", "date": "2025-12-26", "hour": 2}}, {"type": "Feature", "geometry": {"type": "Point", "coordinates": [5.75, 54.75]}, "properties": {"value": 9.53, "time": "2025-12-26T02:00:00", "date": "2025-12-26", "hour": 2}}, {"type": "Feature", "geometry": {"type": "Point", "coordinates": [6.0, 54.75]}, "properties": {"value": 9.341, "time": "2025-12-26T02:00:00", "date": "2025-12-26", "hour": 2}}, {"type": "Feature", "geometry": {"type": "Point", "coordinates": [6.25, 54.75]}, "properties": {"value": 9.239, "time": "2025-12-26T02:00:00", "date": "2025-12-26", "hour": 2}}, {"type": "Feature", "geometry": {"type": "Point", "coordinates": [6.5, 54.75]}, "properties": {"value": 9.036, "time": "2025-12-26T02:00:00", "date": "2025-12-26", "hour": 2}}, {"type": "Feature", "geometry": {"type": "Point", "coordinates": [6.75, 54.75]}, "properties": {"value": 8.434, "time": "2025-12-26T02:00:00", "date": "2025-12-26", "hour": 2}}, {"type": "Feature", "geometry": {"type": "Point", "coordinates": [7.0, 54.75]}, "properties": {"value": 7.887, "time": "2025-12-26T02:00:00", "date": "2025-12-26", "hour": 2}}, {"type": "Feature", "geometry": {"type": "Point", "coordinates": [7.25, 54.75]}, "properties": {"value": 7.143, "time": "2025-12-26T02:00:00", "date": "2025-12-26", "hour": 2}}, {"type": "Feature", "geometry": {"type": "Point", "coordinates": [7.5, 54.75]}, "properties": {"value": 6.475, "time": "2025-12-26T02:00:00", "date": "2025-12-26", "hour": 2}}, {"type": "Feature", "geometry": {"type": "Point", "coordinates": [7.75, 54.75]}, "properties": {"value": 5.799, "time": "2025-12-26T02:00:00", "date": "2025-12-26", "hour": 2}}, {"type": "Feature", "geometry": {"type": "Point", "coordinates": [8.0, 54.75]}, "properties": {"value": 4.965, "time": "2025-12-26T02:00:00", "date": "2025-12-26", "hour": 2}}, {"type": "Feature", "geometry": {"type": "Point", "coordinates": [8.25, 54.75]}, "properties": {"value": 3.672, "time": "2025-12-26T02:00:00", "date": "2025-12-26", "hour": 2}}, {"type": "Feature", "geometry": {"type": "Point", "coordinates": [8.5, 54.75]}, "properties": {"value": 2.753, "time": "2025-12-26T02:00:00", "date": "2025-12-26", "hour": 2}}, {"type": "Feature", "geometry": {"type": "Point", "coordinates": [10.25, 54.75]}, "properties": {"value": 5.647, "time": "2025-12-26T02:00:00", "date": "2025-12-26", "hour": 2}}, {"type": "Feature", "geometry": {"type": "Point", "coordinates": [10.5, 54.75]}, "properties": {"value": 5.221, "time": "2025-12-26T02:00:00", "date": "2025-12-26", "hour": 2}}, {"type": "Feature", "geometry": {"type": "Point", "coordinates": [10.75, 54.75]}, "properties": {"value": 4.946, "time": "2025-12-26T02:00:00", "date": "2025-12-26", "hour": 2}}, {"type": "Feature", "geometry": {"type": "Point", "coordinates": [11.0, 54.75]}, "properties": {"value": 4.75, "time": "2025-12-26T02:00:00", "date": "2025-12-26", "hour": 2}}, {"type": "Feature", "geometry": {"type": "Point", "coordinates": [11.25, 54.75]}, "properties": {"value": 4.654, "time": "2025-12-26T02:00:00", "date": "2025-12-26", "hour": 2}}, {"type": "Feature", "geometry": {"type": "Point", "coordinates": [11.5, 54.75]}, "properties": {"value": 4.617, "time": "2025-12-26T02:00:00", "date": "2025-12-26", "hour": 2}}, {"type": "Feature", "geometry": {"type": "Point", "coordinates": [12.0, 54.75]}, "properties": {"value": 5.438, "time": "2025-12-26T02:00:00", "date": "2025-12-26", "hour": 2}}, {"type": "Feature", "geometry": {"type": "Point", "coordinates": [12.25, 54.75]}, "properties": {"value": 5.93, "time": "2025-12-26T02:00:00", "date": "2025-12-26", "hour": 2}}, {"type": "Feature", "geometry": {"type": "Point", "coordinates": [12.5, 54.75]}, "properties": {"value": 6.082, "time": "2025-12-26T02:00:00", "date": "2025-12-26", "hour": 2}}, {"type": "Feature", "geometry": {"type": "Point", "coordinates": [12.75, 54.75]}, "properties": {"value": 6.039, "time": "2025-12-26T02:00:00", "date": "2025-12-26", "hour": 2}}, {"type": "Feature", "geometry": {"type": "Point", "coordinates": [13.0, 54.75]}, "properties": {"value": 5.812, "time": "2025-12-26T02:00:00", "date": "2025-12-26", "hour": 2}}, {"type": "Feature", "geometry": {"type": "Point", "coordinates": [13.25, 54.75]}, "properties": {"value": 5.866, "time": "2025-12-26T02:00:00", "date": "2025-12-26", "hour": 2}}, {"type": "Feature", "geometry": {"type": "Point", "coordinates": [13.5, 54.75]}, "properties": {"value": 5.763, "time": "2025-12-26T02:00:00", "date": "2025-12-26", "hour": 2}}, {"type": "Feature", "geometry": {"type": "Point", "coordinates": [13.75, 54.75]}, "properties": {"value": 5.826, "time": "2025-12-26T02:00:00", "date": "2025-12-26", "hour": 2}}, {"type": "Feature", "geometry": {"type": "Point", "coordinates": [14.0, 54.75]}, "properties": {"value": 5.986, "time": "2025-12-26T02:00:00", "date": "2025-12-26", "hour": 2}}, {"type": "Feature", "geometry": {"type": "Point", "coordinates": [14.25, 54.75]}, "properties": {"value": 6.179, "time": "2025-12-26T02:00:00", "date": "2025-12-26", "hour": 2}}, {"type": "Feature", "geometry": {"type": "Point", "coordinates": [14.5, 54.75]}, "properties": {"value": 6.817, "time": "2025-12-26T02:00:00", "date": "2025-12-26", "hour": 2}}, {"type": "Feature", "geometry": {"type": "Point", "coordinates": [14.75, 54.75]}, "properties": {"value": 7.063, "time": "2025-12-26T02:00:00", "date": "2025-12-26", "hour": 2}}, {"type": "Feature", "geometry": {"type": "Point", "coordinates": [15.0, 54.75]}, "properties": {"value": 7.245, "time": "2025-12-26T02:00:00", "date": "2025-12-26", "hour": 2}}, {"type": "Feature", "geometry": {"type": "Point", "coordinates": [5.0, 55.0]}, "properties": {"value": 9.525, "time": "2025-12-26T02:00:00", "date": "2025-12-26", "hour": 2}}, {"type": "Feature", "geometry": {"type": "Point", "coordinates": [5.25, 55.0]}, "properties": {"value": 9.539, "time": "2025-12-26T02:00:00", "date": "2025-12-26", "hour": 2}}, {"type": "Feature", "geometry": {"type": "Point", "coordinates": [5.5, 55.0]}, "properties": {"value": 9.568, "time": "2025-12-26T02:00:00", "date": "2025-12-26", "hour": 2}}, {"type": "Feature", "geometry": {"type": "Point", "coordinates": [5.75, 55.0]}, "properties": {"value": 9.532, "time": "2025-12-26T02:00:00", "date": "2025-12-26", "hour": 2}}, {"type": "Feature", "geometry": {"type": "Point", "coordinates": [6.0, 55.0]}, "properties": {"value": 9.436, "time": "2025-12-26T02:00:00", "date": "2025-12-26", "hour": 2}}, {"type": "Feature", "geometry": {"type": "Point", "coordinates": [6.25, 55.0]}, "properties": {"value": 9.126, "time": "2025-12-26T02:00:00", "date": "2025-12-26", "hour": 2}}, {"type": "Feature", "geometry": {"type": "Point", "coordinates": [6.5, 55.0]}, "properties": {"value": 8.623, "time": "2025-12-26T02:00:00", "date": "2025-12-26", "hour": 2}}, {"type": "Feature", "geometry": {"type": "Point", "coordinates": [6.75, 55.0]}, "properties": {"value": 8.006, "time": "2025-12-26T02:00:00", "date": "2025-12-26", "hour": 2}}, {"type": "Feature", "geometry": {"type": "Point", "coordinates": [7.0, 55.0]}, "properties": {"value": 7.35, "time": "2025-12-26T02:00:00", "date": "2025-12-26", "hour": 2}}, {"type": "Feature", "geometry": {"type": "Point", "coordinates": [7.25, 55.0]}, "properties": {"value": 6.876, "time": "2025-12-26T02:00:00", "date": "2025-12-26", "hour": 2}}, {"type": "Feature", "geometry": {"type": "Point", "coordinates": [7.5, 55.0]}, "properties": {"value": 6.284, "time": "2025-12-26T02:00:00", "date": "2025-12-26", "hour": 2}}, {"type": "Feature", "geometry": {"type": "Point", "coordinates": [7.75, 55.0]}, "properties": {"value": 5.676, "time": "2025-12-26T02:00:00", "date": "2025-12-26", "hour": 2}}, {"type": "Feature", "geometry": {"type": "Point", "coordinates": [8.0, 55.0]}, "properties": {"value": 5.122, "time": "2025-12-26T02:00:00", "date": "2025-12-26", "hour": 2}}, {"type": "Feature", "geometry": {"type": "Point", "coordinates": [8.25, 55.0]}, "properties": {"value": 4.069, "time": "2025-12-26T02:00:00", "date": "2025-12-26", "hour": 2}}, {"type": "Feature", "geometry": {"type": "Point", "coordinates": [8.5, 55.0]}, "properties": {"value": 3.238, "time": "2025-12-26T02:00:00", "date": "2025-12-26", "hour": 2}}, {"type": "Feature", "geometry": {"type": "Point", "coordinates": [10.25, 55.0]}, "properties": {"value": 5.754, "time": "2025-12-26T02:00:00", "date": "2025-12-26", "hour": 2}}, {"type": "Feature", "geometry": {"type": "Point", "coordinates": [10.5, 55.0]}, "properties": {"value": 5.124, "time": "2025-12-26T02:00:00", "date": "2025-12-26", "hour": 2}}, {"type": "Feature", "geometry": {"type": "Point", "coordinates": [10.75, 55.0]}, "properties": {"value": 4.505, "time": "2025-12-26T02:00:00", "date": "2025-12-26", "hour": 2}}, {"type": "Feature", "geometry": {"type": "Point", "coordinates": [11.0, 55.0]}, "properties": {"value": 4.595, "time": "2025-12-26T02:00:00", "date": "2025-12-26", "hour": 2}}, {"type": "Feature", "geometry": {"type": "Point", "coordinates": [11.25, 55.0]}, "properties": {"value": 4.561, "time": "2025-12-26T02:00:00", "date": "2025-12-26", "hour": 2}}, {"type": "Feature", "geometry": {"type": "Point", "coordinates": [11.5, 55.0]}, "properties": {"value": 4.547, "time": "2025-12-26T02:00:00", "date": "2025-12-26", "hour": 2}}, {"type": "Feature", "geometry": {"type": "Point", "coordinates": [11.75, 55.0]}, "properties": {"value": 4.416, "time": "2025-12-26T02:00:00", "date": "2025-12-26", "hour": 2}}, {"type": "Feature", "geometry": {"type": "Point", "coordinates": [12.0, 55.0]}, "properties": {"value": 5.006, "time": "2025-12-26T02:00:00", "date": "2025-12-26", "hour": 2}}, {"type": "Feature", "geometry": {"type": "Point", "coordinates": [12.25, 55.0]}, "properties": {"value": 5.693, "time": "2025-12-26T02:00:00", "date": "2025-12-26", "hour": 2}}, {"type": "Feature", "geometry": {"type": "Point", "coordinates": [12.5, 55.0]}, "properties": {"value": 6.038, "time": "2025-12-26T02:00:00", "date": "2025-12-26", "hour": 2}}, {"type": "Feature", "geometry": {"type": "Point", "coordinates": [12.75, 55.0]}, "properties": {"value": 6.175, "time": "2025-12-26T02:00:00", "date": "2025-12-26", "hour": 2}}, {"type": "Feature", "geometry": {"type": "Point", "coordinates": [13.0, 55.0]}, "properties": {"value": 6.266, "time": "2025-12-26T02:00:00", "date": "2025-12-26", "hour": 2}}, {"type": "Feature", "geometry": {"type": "Point", "coordinates": [13.25, 55.0]}, "properties": {"value": 6.319, "time": "2025-12-26T02:00:00", "date": "2025-12-26", "hour": 2}}, {"type": "Feature", "geometry": {"type": "Point", "coordinates": [13.5, 55.0]}, "properties": {"value": 6.339, "time": "2025-12-26T02:00:00", "date": "2025-12-26", "hour": 2}}, {"type": "Feature", "geometry": {"type": "Point", "coordinates": [13.75, 55.0]}, "properties": {"value": 6.4, "time": "2025-12-26T02:00:00", "date": "2025-12-26", "hour": 2}}, {"type": "Feature", "geometry": {"type": "Point", "coordinates": [14.0, 55.0]}, "properties": {"value": 6.533, "time": "2025-12-26T02:00:00", "date": "2025-12-26", "hour": 2}}, {"type": "Feature", "geometry": {"type": "Point", "coordinates": [14.25, 55.0]}, "properties": {"value": 6.643, "time": "2025-12-26T02:00:00", "date": "2025-12-26", "hour": 2}}, {"type": "Feature", "geometry": {"type": "Point", "coordinates": [14.5, 55.0]}, "properties": {"value": 6.684, "time": "2025-12-26T02:00:00", "date": "2025-12-26", "hour": 2}}, {"type": "Feature", "geometry": {"type": "Point", "coordinates": [14.75, 55.0]}, "properties": {"value": 6.88, "time": "2025-12-26T02:00:00", "date": "2025-12-26", "hour": 2}}, {"type": "Feature", "geometry": {"type": "Point", "coordinates": [15.0, 55.0]}, "properties": {"value": 7.058, "time": "2025-12-26T02:00:00", "date": "2025-12-26", "hour": 2}}, {"type": "Feature", "geometry": {"type": "Point", "coordinates": [5.25, 52.75]}, "properties": {"value": 3.24, "time": "2025-12-26T03:00:00", "date": "2025-12-26", "hour": 3}}, {"type": "Feature", "geometry": {"type": "Point", "coordinates": [5.5, 52.75]}, "properties": {"value": 3.249, "time": "2025-12-26T03:00:00", "date": "2025-12-26", "hour": 3}}, {"type": "Feature", "geometry": {"type": "Point", "coordinates": [5.0, 53.0]}, "properties": {"value": 4.743, "time": "2025-12-26T03:00:00", "date": "2025-12-26", "hour": 3}}, {"type": "Feature", "geometry": {"type": "Point", "coordinates": [5.25, 53.0]}, "properties": {"value": 3.781, "time": "2025-12-26T03:00:00", "date": "2025-12-26", "hour": 3}}, {"type": "Feature", "geometry": {"type": "Point", "coordinates": [5.5, 53.0]}, "properties": {"value": 3.103, "time": "2025-12-26T03:00:00", "date": "2025-12-26", "hour": 3}}, {"type": "Feature", "geometry": {"type": "Point", "coordinates": [5.0, 53.25]}, "properties": {"value": 5.694, "time": "2025-12-26T03:00:00", "date": "2025-12-26", "hour": 3}}, {"type": "Feature", "geometry": {"type": "Point", "coordinates": [5.25, 53.25]}, "properties": {"value": 4.494, "time": "2025-12-26T03:00:00", "date": "2025-12-26", "hour": 3}}, {"type": "Feature", "geometry": {"type": "Point", "coordinates": [5.5, 53.25]}, "properties": {"value": 3.771, "time": "2025-12-26T03:00:00", "date": "2025-12-26", "hour": 3}}, {"type": "Feature", "geometry": {"type": "Point", "coordinates": [5.0, 53.5]}, "properties": {"value": 7.802, "time": "2025-12-26T03:00:00", "date": "2025-12-26", "hour": 3}}, {"type": "Feature", "geometry": {"type": "Point", "coordinates": [5.25, 53.5]}, "properties": {"value": 7.132, "time": "2025-12-26T03:00:00", "date": "2025-12-26", "hour": 3}}, {"type": "Feature", "geometry": {"type": "Point", "coordinates": [5.5, 53.5]}, "properties": {"value": 6.946, "time": "2025-12-26T03:00:00", "date": "2025-12-26", "hour": 3}}, {"type": "Feature", "geometry": {"type": "Point", "coordinates": [5.75, 53.5]}, "properties": {"value": 6.46, "time": "2025-12-26T03:00:00", "date": "2025-12-26", "hour": 3}}, {"type": "Feature", "geometry": {"type": "Point", "coordinates": [6.0, 53.5]}, "properties": {"value": 5.762, "time": "2025-12-26T03:00:00", "date": "2025-12-26", "hour": 3}}, {"type": "Feature", "geometry": {"type": "Point", "coordinates": [6.25, 53.5]}, "properties": {"value": 4.952, "time": "2025-12-26T03:00:00", "date": "2025-12-26", "hour": 3}}, {"type": "Feature", "geometry": {"type": "Point", "coordinates": [6.5, 53.5]}, "properties": {"value": 4.86, "time": "2025-12-26T03:00:00", "date": "2025-12-26", "hour": 3}}, {"type": "Feature", "geometry": {"type": "Point", "coordinates": [6.75, 53.5]}, "properties": {"value": 4.695, "time": "2025-12-26T03:00:00", "date": "2025-12-26", "hour": 3}}, {"type": "Feature", "geometry": {"type": "Point", "coordinates": [5.0, 53.75]}, "properties": {"value": 8.826, "time": "2025-12-26T03:00:00", "date": "2025-12-26", "hour": 3}}, {"type": "Feature", "geometry": {"type": "Point", "coordinates": [5.25, 53.75]}, "properties": {"value": 8.378, "time": "2025-12-26T03:00:00", "date": "2025-12-26", "hour": 3}}, {"type": "Feature", "geometry": {"type": "Point", "coordinates": [5.5, 53.75]}, "properties": {"value": 8.065, "time": "2025-12-26T03:00:00", "date": "2025-12-26", "hour": 3}}, {"type": "Feature", "geometry": {"type": "Point", "coordinates": [5.75, 53.75]}, "properties": {"value": 7.845, "time": "2025-12-26T03:00:00", "date": "2025-12-26", "hour": 3}}, {"type": "Feature", "geometry": {"type": "Point", "coordinates": [6.0, 53.75]}, "properties": {"value": 7.324, "time": "2025-12-26T03:00:00", "date": "2025-12-26", "hour": 3}}, {"type": "Feature", "geometry": {"type": "Point", "coordinates": [6.25, 53.75]}, "properties": {"value": 7.106, "time": "2025-12-26T03:00:00", "date": "2025-12-26", "hour": 3}}, {"type": "Feature", "geometry": {"type": "Point", "coordinates": [6.5, 53.75]}, "properties": {"value": 6.685, "time": "2025-12-26T03:00:00", "date": "2025-12-26", "hour": 3}}, {"type": "Feature", "geometry": {"type": "Point", "coordinates": [6.75, 53.75]}, "properties": {"value": 6.359, "time": "2025-12-26T03:00:00", "date": "2025-12-26", "hour": 3}}, {"type": "Feature", "geometry": {"type": "Point", "coordinates": [7.0, 53.75]}, "properties": {"value": 6.608, "time": "2025-12-26T03:00:00", "date": "2025-12-26", "hour": 3}}, {"type": "Feature", "geometry": {"type": "Point", "coordinates": [7.25, 53.75]}, "properties": {"value": 6.331, "time": "2025-12-26T03:00:00", "date": "2025-12-26", "hour": 3}}, {"type": "Feature", "geometry": {"type": "Point", "coordinates": [7.5, 53.75]}, "properties": {"value": 6.894, "time": "2025-12-26T03:00:00", "date": "2025-12-26", "hour": 3}}, {"type": "Feature", "geometry": {"type": "Point", "coordinates": [7.75, 53.75]}, "properties": {"value": 6.986, "time": "2025-12-26T03:00:00", "date": "2025-12-26", "hour": 3}}, {"type": "Feature", "geometry": {"type": "Point", "coordinates": [8.0, 53.75]}, "properties": {"value": 5.891, "time": "2025-12-26T03:00:00", "date": "2025-12-26", "hour": 3}}, {"type": "Feature", "geometry": {"type": "Point", "coordinates": [8.25, 53.75]}, "properties": {"value": 4.848, "time": "2025-12-26T03:00:00", "date": "2025-12-26", "hour": 3}}, {"type": "Feature", "geometry": {"type": "Point", "coordinates": [8.5, 53.75]}, "properties": {"value": 4.096, "time": "2025-12-26T03:00:00", "date": "2025-12-26", "hour": 3}}, {"type": "Feature", "geometry": {"type": "Point", "coordinates": [8.75, 53.75]}, "properties": {"value": 4.096, "time": "2025-12-26T03:00:00", "date": "2025-12-26", "hour": 3}}, {"type": "Feature", "geometry": {"type": "Point", "coordinates": [14.25, 53.75]}, "properties": {"value": 0.934, "time": "2025-12-26T03:00:00", "date": "2025-12-26", "hour": 3}}, {"type": "Feature", "geometry": {"type": "Point", "coordinates": [14.5, 53.75]}, "properties": {"value": 0.934, "time": "2025-12-26T03:00:00", "date": "2025-12-26", "hour": 3}}, {"type": "Feature", "geometry": {"type": "Point", "coordinates": [5.0, 54.0]}, "properties": {"value": 9.39, "time": "2025-12-26T03:00:00", "date": "2025-12-26", "hour": 3}}, {"type": "Feature", "geometry": {"type": "Point", "coordinates": [5.25, 54.0]}, "properties": {"value": 9.064, "time": "2025-12-26T03:00:00", "date": "2025-12-26", "hour": 3}}, {"type": "Feature", "geometry": {"type": "Point", "coordinates": [5.5, 54.0]}, "properties": {"value": 8.751, "time": "2025-12-26T03:00:00", "date": "2025-12-26", "hour": 3}}, {"type": "Feature", "geometry": {"type": "Point", "coordinates": [5.75, 54.0]}, "properties": {"value": 8.59, "time": "2025-12-26T03:00:00", "date": "2025-12-26", "hour": 3}}, {"type": "Feature", "geometry": {"type": "Point", "coordinates": [6.0, 54.0]}, "properties": {"value": 8.493, "time": "2025-12-26T03:00:00", "date": "2025-12-26", "hour": 3}}, {"type": "Feature", "geometry": {"type": "Point", "coordinates": [6.25, 54.0]}, "properties": {"value": 8.364, "time": "2025-12-26T03:00:00", "date": "2025-12-26", "hour": 3}}, {"type": "Feature", "geometry": {"type": "Point", "coordinates": [6.5, 54.0]}, "properties": {"value": 7.986, "time": "2025-12-26T03:00:00", "date": "2025-12-26", "hour": 3}}, {"type": "Feature", "geometry": {"type": "Point", "coordinates": [6.75, 54.0]}, "properties": {"value": 7.763, "time": "2025-12-26T03:00:00", "date": "2025-12-26", "hour": 3}}, {"type": "Feature", "geometry": {"type": "Point", "coordinates": [7.0, 54.0]}, "properties": {"value": 7.506, "time": "2025-12-26T03:00:00", "date": "2025-12-26", "hour": 3}}, {"type": "Feature", "geometry": {"type": "Point", "coordinates": [7.25, 54.0]}, "properties": {"value": 7.318, "time": "2025-12-26T03:00:00", "date": "2025-12-26", "hour": 3}}, {"type": "Feature", "geometry": {"type": "Point", "coordinates": [7.5, 54.0]}, "properties": {"value": 7.519, "time": "2025-12-26T03:00:00", "date": "2025-12-26", "hour": 3}}, {"type": "Feature", "geometry": {"type": "Point", "coordinates": [7.75, 54.0]}, "properties": {"value": 7.432, "time": "2025-12-26T03:00:00", "date": "2025-12-26", "hour": 3}}, {"type": "Feature", "geometry": {"type": "Point", "coordinates": [8.0, 54.0]}, "properties": {"value": 7.03, "time": "2025-12-26T03:00:00", "date": "2025-12-26", "hour": 3}}, {"type": "Feature", "geometry": {"type": "Point", "coordinates": [8.25, 54.0]}, "properties": {"value": 6.242, "time": "2025-12-26T03:00:00", "date": "2025-12-26", "hour": 3}}, {"type": "Feature", "geometry": {"type": "Point", "coordinates": [8.5, 54.0]}, "properties": {"value": 4.937, "time": "2025-12-26T03:00:00", "date": "2025-12-26", "hour": 3}}, {"type": "Feature", "geometry": {"type": "Point", "coordinates": [11.25, 54.0]}, "properties": {"value": 5.122, "time": "2025-12-26T03:00:00", "date": "2025-12-26", "hour": 3}}, {"type": "Feature", "geometry": {"type": "Point", "coordinates": [14.0, 54.0]}, "properties": {"value": 3.376, "time": "2025-12-26T03:00:00", "date": "2025-12-26", "hour": 3}}, {"type": "Feature", "geometry": {"type": "Point", "coordinates": [14.25, 54.0]}, "properties": {"value": 4.446, "time": "2025-12-26T03:00:00", "date": "2025-12-26", "hour": 3}}, {"type": "Feature", "geometry": {"type": "Point", "coordinates": [14.5, 54.0]}, "properties": {"value": 3.948, "time": "2025-12-26T03:00:00", "date": "2025-12-26", "hour": 3}}, {"type": "Feature", "geometry": {"type": "Point", "coordinates": [14.75, 54.0]}, "properties": {"value": 4.721, "time": "2025-12-26T03:00:00", "date": "2025-12-26", "hour": 3}}, {"type": "Feature", "geometry": {"type": "Point", "coordinates": [5.0, 54.25]}, "properties": {"value": 9.611, "time": "2025-12-26T03:00:00", "date": "2025-12-26", "hour": 3}}, {"type": "Feature", "geometry": {"type": "Point", "coordinates": [5.25, 54.25]}, "properties": {"value": 9.363, "time": "2025-12-26T03:00:00", "date": "2025-12-26", "hour": 3}}, {"type": "Feature", "geometry": {"type": "Point", "coordinates": [5.5, 54.25]}, "properties": {"value": 9.181, "time": "2025-12-26T03:00:00", "date": "2025-12-26", "hour": 3}}, {"type": "Feature", "geometry": {"type": "Point", "coordinates": [5.75, 54.25]}, "properties": {"value": 9.034, "time": "2025-12-26T03:00:00", "date": "2025-12-26", "hour": 3}}, {"type": "Feature", "geometry": {"type": "Point", "coordinates": [6.0, 54.25]}, "properties": {"value": 8.907, "time": "2025-12-26T03:00:00", "date": "2025-12-26", "hour": 3}}, {"type": "Feature", "geometry": {"type": "Point", "coordinates": [6.25, 54.25]}, "properties": {"value": 8.875, "time": "2025-12-26T03:00:00", "date": "2025-12-26", "hour": 3}}, {"type": "Feature", "geometry": {"type": "Point", "coordinates": [6.5, 54.25]}, "properties": {"value": 8.87, "time": "2025-12-26T03:00:00", "date": "2025-12-26", "hour": 3}}, {"type": "Feature", "geometry": {"type": "Point", "coordinates": [6.75, 54.25]}, "properties": {"value": 8.635, "time": "2025-12-26T03:00:00", "date": "2025-12-26", "hour": 3}}, {"type": "Feature", "geometry": {"type": "Point", "coordinates": [7.0, 54.25]}, "properties": {"value": 8.38, "time": "2025-12-26T03:00:00", "date": "2025-12-26", "hour": 3}}, {"type": "Feature", "geometry": {"type": "Point", "coordinates": [7.25, 54.25]}, "properties": {"value": 7.845, "time": "2025-12-26T03:00:00", "date": "2025-12-26", "hour": 3}}, {"type": "Feature", "geometry": {"type": "Point", "coordinates": [7.5, 54.25]}, "properties": {"value": 7.526, "time": "2025-12-26T03:00:00", "date": "2025-12-26", "hour": 3}}, {"type": "Feature", "geometry": {"type": "Point", "coordinates": [7.75, 54.25]}, "properties": {"value": 7.333, "time": "2025-12-26T03:00:00", "date": "2025-12-26", "hour": 3}}, {"type": "Feature", "geometry": {"type": "Point", "coordinates": [8.0, 54.25]}, "properties": {"value": 7.068, "time": "2025-12-26T03:00:00", "date": "2025-12-26", "hour": 3}}, {"type": "Feature", "geometry": {"type": "Point", "coordinates": [8.25, 54.25]}, "properties": {"value": 5.934, "time": "2025-12-26T03:00:00", "date": "2025-12-26", "hour": 3}}, {"type": "Feature", "geometry": {"type": "Point", "coordinates": [8.5, 54.25]}, "properties": {"value": 4.685, "time": "2025-12-26T03:00:00", "date": "2025-12-26", "hour": 3}}, {"type": "Feature", "geometry": {"type": "Point", "coordinates": [10.75, 54.25]}, "properties": {"value": 5.437, "time": "2025-12-26T03:00:00", "date": "2025-12-26", "hour": 3}}, {"type": "Feature", "geometry": {"type": "Point", "coordinates": [11.25, 54.25]}, "properties": {"value": 5.213, "time": "2025-12-26T03:00:00", "date": "2025-12-26", "hour": 3}}, {"type": "Feature", "geometry": {"type": "Point", "coordinates": [11.75, 54.25]}, "properties": {"value": 5.469, "time": "2025-12-26T03:00:00", "date": "2025-12-26", "hour": 3}}, {"type": "Feature", "geometry": {"type": "Point", "coordinates": [12.25, 54.25]}, "properties": {"value": 5.571, "time": "2025-12-26T03:00:00", "date": "2025-12-26", "hour": 3}}, {"type": "Feature", "geometry": {"type": "Point", "coordinates": [13.75, 54.25]}, "properties": {"value": 3.253, "time": "2025-12-26T03:00:00", "date": "2025-12-26", "hour": 3}}, {"type": "Feature", "geometry": {"type": "Point", "coordinates": [14.0, 54.25]}, "properties": {"value": 4.088, "time": "2025-12-26T03:00:00", "date": "2025-12-26", "hour": 3}}, {"type": "Feature", "geometry": {"type": "Point", "coordinates": [14.25, 54.25]}, "properties": {"value": 4.856, "time": "2025-12-26T03:00:00", "date": "2025-12-26", "hour": 3}}, {"type": "Feature", "geometry": {"type": "Point", "coordinates": [14.5, 54.25]}, "properties": {"value": 5.434, "time": "2025-12-26T03:00:00", "date": "2025-12-26", "hour": 3}}, {"type": "Feature", "geometry": {"type": "Point", "coordinates": [14.75, 54.25]}, "properties": {"value": 5.612, "time": "2025-12-26T03:00:00", "date": "2025-12-26", "hour": 3}}, {"type": "Feature", "geometry": {"type": "Point", "coordinates": [15.0, 54.25]}, "properties": {"value": 5.983, "time": "2025-12-26T03:00:00", "date": "2025-12-26", "hour": 3}}, {"type": "Feature", "geometry": {"type": "Point", "coordinates": [5.0, 54.5]}, "properties": {"value": 9.654, "time": "2025-12-26T03:00:00", "date": "2025-12-26", "hour": 3}}, {"type": "Feature", "geometry": {"type": "Point", "coordinates": [5.25, 54.5]}, "properties": {"value": 9.607, "time": "2025-12-26T03:00:00", "date": "2025-12-26", "hour": 3}}, {"type": "Feature", "geometry": {"type": "Point", "coordinates": [5.5, 54.5]}, "properties": {"value": 9.477, "time": "2025-12-26T03:00:00", "date": "2025-12-26", "hour": 3}}, {"type": "Feature", "geometry": {"type": "Point", "coordinates": [5.75, 54.5]}, "properties": {"value": 9.325, "time": "2025-12-26T03:00:00", "date": "2025-12-26", "hour": 3}}, {"type": "Feature", "geometry": {"type": "Point", "coordinates": [6.0, 54.5]}, "properties": {"value": 9.165, "time": "2025-12-26T03:00:00", "date": "2025-12-26", "hour": 3}}, {"type": "Feature", "geometry": {"type": "Point", "coordinates": [6.25, 54.5]}, "properties": {"value": 9.063, "time": "2025-12-26T03:00:00", "date": "2025-12-26", "hour": 3}}, {"type": "Feature", "geometry": {"type": "Point", "coordinates": [6.5, 54.5]}, "properties": {"value": 9.106, "time": "2025-12-26T03:00:00", "date": "2025-12-26", "hour": 3}}, {"type": "Feature", "geometry": {"type": "Point", "coordinates": [6.75, 54.5]}, "properties": {"value": 8.931, "time": "2025-12-26T03:00:00", "date": "2025-12-26", "hour": 3}}, {"type": "Feature", "geometry": {"type": "Point", "coordinates": [7.0, 54.5]}, "properties": {"value": 8.478, "time": "2025-12-26T03:00:00", "date": "2025-12-26", "hour": 3}}, {"type": "Feature", "geometry": {"type": "Point", "coordinates": [7.25, 54.5]}, "properties": {"value": 7.731, "time": "2025-12-26T03:00:00", "date": "2025-12-26", "hour": 3}}, {"type": "Feature", "geometry": {"type": "Point", "coordinates": [7.5, 54.5]}, "properties": {"value": 6.981, "time": "2025-12-26T03:00:00", "date": "2025-12-26", "hour": 3}}, {"type": "Feature", "geometry": {"type": "Point", "coordinates": [7.75, 54.5]}, "properties": {"value": 6.704, "time": "2025-12-26T03:00:00", "date": "2025-12-26", "hour": 3}}, {"type": "Feature", "geometry": {"type": "Point", "coordinates": [8.0, 54.5]}, "properties": {"value": 5.901, "time": "2025-12-26T03:00:00", "date": "2025-12-26", "hour": 3}}, {"type": "Feature", "geometry": {"type": "Point", "coordinates": [8.25, 54.5]}, "properties": {"value": 4.62, "time": "2025-12-26T03:00:00", "date": "2025-12-26", "hour": 3}}, {"type": "Feature", "geometry": {"type": "Point", "coordinates": [8.5, 54.5]}, "properties": {"value": 3.574, "time": "2025-12-26T03:00:00", "date": "2025-12-26", "hour": 3}}, {"type": "Feature", "geometry": {"type": "Point", "coordinates": [10.5, 54.5]}, "properties": {"value": 5.53, "time": "2025-12-26T03:00:00", "date": "2025-12-26", "hour": 3}}, {"type": "Feature", "geometry": {"type": "Point", "coordinates": [10.75, 54.5]}, "properties": {"value": 5.328, "time": "2025-12-26T03:00:00", "date": "2025-12-26", "hour": 3}}, {"type": "Feature", "geometry": {"type": "Point", "coordinates": [11.0, 54.5]}, "properties": {"value": 5.139, "time": "2025-12-26T03:00:00", "date": "2025-12-26", "hour": 3}}, {"type": "Feature", "geometry": {"type": "Point", "coordinates": [11.25, 54.5]}, "properties": {"value": 5.06, "time": "2025-12-26T03:00:00", "date": "2025-12-26", "hour": 3}}, {"type": "Feature", "geometry": {"type": "Point", "coordinates": [11.5, 54.5]}, "properties": {"value": 5.155, "time": "2025-12-26T03:00:00", "date": "2025-12-26", "hour": 3}}, {"type": "Feature", "geometry": {"type": "Point", "coordinates": [11.75, 54.5]}, "properties": {"value": 5.523, "time": "2025-12-26T03:00:00", "date": "2025-12-26", "hour": 3}}, {"type": "Feature", "geometry": {"type": "Point", "coordinates": [12.0, 54.5]}, "properties": {"value": 5.705, "time": "2025-12-26T03:00:00", "date": "2025-12-26", "hour": 3}}, {"type": "Feature", "geometry": {"type": "Point", "coordinates": [12.25, 54.5]}, "properties": {"value": 5.774, "time": "2025-12-26T03:00:00", "date": "2025-12-26", "hour": 3}}, {"type": "Feature", "geometry": {"type": "Point", "coordinates": [13.0, 54.5]}, "properties": {"value": 5.655, "time": "2025-12-26T03:00:00", "date": "2025-12-26", "hour": 3}}, {"type": "Feature", "geometry": {"type": "Point", "coordinates": [13.25, 54.5]}, "properties": {"value": 4.774, "time": "2025-12-26T03:00:00", "date": "2025-12-26", "hour": 3}}, {"type": "Feature", "geometry": {"type": "Point", "coordinates": [13.5, 54.5]}, "properties": {"value": 4.289, "time": "2025-12-26T03:00:00", "date": "2025-12-26", "hour": 3}}, {"type": "Feature", "geometry": {"type": "Point", "coordinates": [13.75, 54.5]}, "properties": {"value": 4.353, "time": "2025-12-26T03:00:00", "date": "2025-12-26", "hour": 3}}, {"type": "Feature", "geometry": {"type": "Point", "coordinates": [14.0, 54.5]}, "properties": {"value": 5.093, "time": "2025-12-26T03:00:00", "date": "2025-12-26", "hour": 3}}, {"type": "Feature", "geometry": {"type": "Point", "coordinates": [14.25, 54.5]}, "properties": {"value": 5.782, "time": "2025-12-26T03:00:00", "date": "2025-12-26", "hour": 3}}, {"type": "Feature", "geometry": {"type": "Point", "coordinates": [14.5, 54.5]}, "properties": {"value": 6.421, "time": "2025-12-26T03:00:00", "date": "2025-12-26", "hour": 3}}, {"type": "Feature", "geometry": {"type": "Point", "coordinates": [14.75, 54.5]}, "properties": {"value": 6.673, "time": "2025-12-26T03:00:00", "date": "2025-12-26", "hour": 3}}, {"type": "Feature", "geometry": {"type": "Point", "coordinates": [15.0, 54.5]}, "properties": {"value": 6.935, "time": "2025-12-26T03:00:00", "date": "2025-12-26", "hour": 3}}, {"type": "Feature", "geometry": {"type": "Point", "coordinates": [5.0, 54.75]}, "properties": {"value": 9.679, "time": "2025-12-26T03:00:00", "date": "2025-12-26", "hour": 3}}, {"type": "Feature", "geometry": {"type": "Point", "coordinates": [5.25, 54.75]}, "properties": {"value": 9.632, "time": "2025-12-26T03:00:00", "date": "2025-12-26", "hour": 3}}, {"type": "Feature", "geometry": {"type": "Point", "coordinates": [5.5, 54.75]}, "properties": {"value": 9.566, "time": "2025-12-26T03:00:00", "date": "2025-12-26", "hour": 3}}, {"type": "Feature", "geometry": {"type": "Point", "coordinates": [5.75, 54.75]}, "properties": {"value": 9.53, "time": "2025-12-26T03:00:00", "date": "2025-12-26", "hour": 3}}, {"type": "Feature", "geometry": {"type": "Point", "coordinates": [6.0, 54.75]}, "properties": {"value": 9.341, "time": "2025-12-26T03:00:00", "date": "2025-12-26", "hour": 3}}, {"type": "Feature", "geometry": {"type": "Point", "coordinates": [6.25, 54.75]}, "properties": {"value": 9.239, "time": "2025-12-26T03:00:00", "date": "2025-12-26", "hour": 3}}, {"type": "Feature", "geometry": {"type": "Point", "coordinates": [6.5, 54.75]}, "properties": {"value": 9.036, "time": "2025-12-26T03:00:00", "date": "2025-12-26", "hour": 3}}, {"type": "Feature", "geometry": {"type": "Point", "coordinates": [6.75, 54.75]}, "properties": {"value": 8.434, "time": "2025-12-26T03:00:00", "date": "2025-12-26", "hour": 3}}, {"type": "Feature", "geometry": {"type": "Point", "coordinates": [7.0, 54.75]}, "properties": {"value": 7.887, "time": "2025-12-26T03:00:00", "date": "2025-12-26", "hour": 3}}, {"type": "Feature", "geometry": {"type": "Point", "coordinates": [7.25, 54.75]}, "properties": {"value": 7.143, "time": "2025-12-26T03:00:00", "date": "2025-12-26", "hour": 3}}, {"type": "Feature", "geometry": {"type": "Point", "coordinates": [7.5, 54.75]}, "properties": {"value": 6.475, "time": "2025-12-26T03:00:00", "date": "2025-12-26", "hour": 3}}, {"type": "Feature", "geometry": {"type": "Point", "coordinates": [7.75, 54.75]}, "properties": {"value": 5.799, "time": "2025-12-26T03:00:00", "date": "2025-12-26", "hour": 3}}, {"type": "Feature", "geometry": {"type": "Point", "coordinates": [8.0, 54.75]}, "properties": {"value": 4.965, "time": "2025-12-26T03:00:00", "date": "2025-12-26", "hour": 3}}, {"type": "Feature", "geometry": {"type": "Point", "coordinates": [8.25, 54.75]}, "properties": {"value": 3.672, "time": "2025-12-26T03:00:00", "date": "2025-12-26", "hour": 3}}, {"type": "Feature", "geometry": {"type": "Point", "coordinates": [8.5, 54.75]}, "properties": {"value": 2.753, "time": "2025-12-26T03:00:00", "date": "2025-12-26", "hour": 3}}, {"type": "Feature", "geometry": {"type": "Point", "coordinates": [10.25, 54.75]}, "properties": {"value": 5.647, "time": "2025-12-26T03:00:00", "date": "2025-12-26", "hour": 3}}, {"type": "Feature", "geometry": {"type": "Point", "coordinates": [10.5, 54.75]}, "properties": {"value": 5.221, "time": "2025-12-26T03:00:00", "date": "2025-12-26", "hour": 3}}, {"type": "Feature", "geometry": {"type": "Point", "coordinates": [10.75, 54.75]}, "properties": {"value": 4.946, "time": "2025-12-26T03:00:00", "date": "2025-12-26", "hour": 3}}, {"type": "Feature", "geometry": {"type": "Point", "coordinates": [11.0, 54.75]}, "properties": {"value": 4.75, "time": "2025-12-26T03:00:00", "date": "2025-12-26", "hour": 3}}, {"type": "Feature", "geometry": {"type": "Point", "coordinates": [11.25, 54.75]}, "properties": {"value": 4.654, "time": "2025-12-26T03:00:00", "date": "2025-12-26", "hour": 3}}, {"type": "Feature", "geometry": {"type": "Point", "coordinates": [11.5, 54.75]}, "properties": {"value": 4.617, "time": "2025-12-26T03:00:00", "date": "2025-12-26", "hour": 3}}, {"type": "Feature", "geometry": {"type": "Point", "coordinates": [12.0, 54.75]}, "properties": {"value": 5.438, "time": "2025-12-26T03:00:00", "date": "2025-12-26", "hour": 3}}, {"type": "Feature", "geometry": {"type": "Point", "coordinates": [12.25, 54.75]}, "properties": {"value": 5.93, "time": "2025-12-26T03:00:00", "date": "2025-12-26", "hour": 3}}, {"type": "Feature", "geometry": {"type": "Point", "coordinates": [12.5, 54.75]}, "properties": {"value": 6.082, "time": "2025-12-26T03:00:00", "date": "2025-12-26", "hour": 3}}, {"type": "Feature", "geometry": {"type": "Point", "coordinates": [12.75, 54.75]}, "properties": {"value": 6.039, "time": "2025-12-26T03:00:00", "date": "2025-12-26", "hour": 3}}, {"type": "Feature", "geometry": {"type": "Point", "coordinates": [13.0, 54.75]}, "properties": {"value": 5.812, "time": "2025-12-26T03:00:00", "date": "2025-12-26", "hour": 3}}, {"type": "Feature", "geometry": {"type": "Point", "coordinates": [13.25, 54.75]}, "properties": {"value": 5.866, "time": "2025-12-26T03:00:00", "date": "2025-12-26", "hour": 3}}, {"type": "Feature", "geometry": {"type": "Point", "coordinates": [13.5, 54.75]}, "properties": {"value": 5.763, "time": "2025-12-26T03:00:00", "date": "2025-12-26", "hour": 3}}, {"type": "Feature", "geometry": {"type": "Point", "coordinates": [13.75, 54.75]}, "properties": {"value": 5.826, "time": "2025-12-26T03:00:00", "date": "2025-12-26", "hour": 3}}, {"type": "Feature", "geometry": {"type": "Point", "coordinates": [14.0, 54.75]}, "properties": {"value": 5.986, "time": "2025-12-26T03:00:00", "date": "2025-12-26", "hour": 3}}, {"type": "Feature", "geometry": {"type": "Point", "coordinates": [14.25, 54.75]}, "properties": {"value": 6.179, "time": "2025-12-26T03:00:00", "date": "2025-12-26", "hour": 3}}, {"type": "Feature", "geometry": {"type": "Point", "coordinates": [14.5, 54.75]}, "properties": {"value": 6.817, "time": "2025-12-26T03:00:00", "date": "2025-12-26", "hour": 3}}, {"type": "Feature", "geometry": {"type": "Point", "coordinates": [14.75, 54.75]}, "properties": {"value": 7.063, "time": "2025-12-26T03:00:00", "date": "2025-12-26", "hour": 3}}, {"type": "Feature", "geometry": {"type": "Point", "coordinates": [15.0, 54.75]}, "properties": {"value": 7.245, "time": "2025-12-26T03:00:00", "date": "2025-12-26", "hour": 3}}, {"type": "Feature", "geometry": {"type": "Point", "coordinates": [5.0, 55.0]}, "properties": {"value": 9.525, "time": "2025-12-26T03:00:00", "date": "2025-12-26", "hour": 3}}, {"type": "Feature", "geometry": {"type": "Point", "coordinates": [5.25, 55.0]}, "properties": {"value": 9.539, "time": "2025-12-26T03:00:00", "date": "2025-12-26", "hour": 3}}, {"type": "Feature", "geometry": {"type": "Point", "coordinates": [5.5, 55.0]}, "properties": {"value": 9.568, "time": "2025-12-26T03:00:00", "date": "2025-12-26", "hour": 3}}, {"type": "Feature", "geometry": {"type": "Point", "coordinates": [5.75, 55.0]}, "properties": {"value": 9.532, "time": "2025-12-26T03:00:00", "date": "2025-12-26", "hour": 3}}, {"type": "Feature", "geometry": {"type": "Point", "coordinates": [6.0, 55.0]}, "properties": {"value": 9.436, "time": "2025-12-26T03:00:00", "date": "2025-12-26", "hour": 3}}, {"type": "Feature", "geometry": {"type": "Point", "coordinates": [6.25, 55.0]}, "properties": {"value": 9.126, "time": "2025-12-26T03:00:00", "date": "2025-12-26", "hour": 3}}, {"type": "Feature", "geometry": {"type": "Point", "coordinates": [6.5, 55.0]}, "properties": {"value": 8.623, "time": "2025-12-26T03:00:00", "date": "2025-12-26", "hour": 3}}, {"type": "Feature", "geometry": {"type": "Point", "coordinates": [6.75, 55.0]}, "properties": {"value": 8.006, "time": "2025-12-26T03:00:00", "date": "2025-12-26", "hour": 3}}, {"type": "Feature", "geometry": {"type": "Point", "coordinates": [7.0, 55.0]}, "properties": {"value": 7.35, "time": "2025-12-26T03:00:00", "date": "2025-12-26", "hour": 3}}, {"type": "Feature", "geometry": {"type": "Point", "coordinates": [7.25, 55.0]}, "properties": {"value": 6.876, "time": "2025-12-26T03:00:00", "date": "2025-12-26", "hour": 3}}, {"type": "Feature", "geometry": {"type": "Point", "coordinates": [7.5, 55.0]}, "properties": {"value": 6.284, "time": "2025-12-26T03:00:00", "date": "2025-12-26", "hour": 3}}, {"type": "Feature", "geometry": {"type": "Point", "coordinates": [7.75, 55.0]}, "properties": {"value": 5.676, "time": "2025-12-26T03:00:00", "date": "2025-12-26", "hour": 3}}, {"type": "Feature", "geometry": {"type": "Point", "coordinates": [8.0, 55.0]}, "properties": {"value": 5.122, "time": "2025-12-26T03:00:00", "date": "2025-12-26", "hour": 3}}, {"type": "Feature", "geometry": {"type": "Point", "coordinates": [8.25, 55.0]}, "properties": {"value": 4.069, "time": "2025-12-26T03:00:00", "date": "2025-12-26", "hour": 3}}, {"type": "Feature", "geometry": {"type": "Point", "coordinates": [8.5, 55.0]}, "properties": {"value": 3.238, "time": "2025-12-26T03:00:00", "date": "2025-12-26", "hour": 3}}, {"type": "Feature", "geometry": {"type": "Point", "coordinates": [10.25, 55.0]}, "properties": {"value": 5.754, "time": "2025-12-26T03:00:00", "date": "2025-12-26", "hour": 3}}, {"type": "Feature", "geometry": {"type": "Point", "coordinates": [10.5, 55.0]}, "properties": {"value": 5.124, "time": "2025-12-26T03:00:00", "date": "2025-12-26", "hour": 3}}, {"type": "Feature", "geometry": {"type": "Point", "coordinates": [10.75, 55.0]}, "properties": {"value": 4.505, "time": "2025-12-26T03:00:00", "date": "2025-12-26", "hour": 3}}, {"type": "Feature", "geometry": {"type": "Point", "coordinates": [11.0, 55.0]}, "properties": {"value": 4.595, "time": "2025-12-26T03:00:00", "date": "2025-12-26", "hour": 3}}, {"type": "Feature", "geometry": {"type": "Point", "coordinates": [11.25, 55.0]}, "properties": {"value": 4.561, "time": "2025-12-26T03:00:00", "date": "2025-12-26", "hour": 3}}, {"type": "Feature", "geometry": {"type": "Point", "coordinates": [11.5, 55.0]}, "properties": {"value": 4.547, "time": "2025-12-26T03:00:00", "date": "2025-12-26", "hour": 3}}, {"type": "Feature", "geometry": {"type": "Point", "coordinates": [11.75, 55.0]}, "properties": {"value": 4.416, "time": "2025-12-26T03:00:00", "date": "2025-12-26", "hour": 3}}, {"type": "Feature", "geometry": {"type": "Point", "coordinates": [12.0, 55.0]}, "properties": {"value": 5.006, "time": "2025-12-26T03:00:00", "date": "2025-12-26", "hour": 3}}, {"type": "Feature", "geometry": {"type": "Point", "coordinates": [12.25, 55.0]}, "properties": {"value": 5.693, "time": "2025-12-26T03:00:00", "date": "2025-12-26", "hour": 3}}, {"type": "Feature", "geometry": {"type": "Point", "coordinates": [12.5, 55.0]}, "properties": {"value": 6.038, "time": "2025-12-26T03:00:00", "date": "2025-12-26", "hour": 3}}, {"type": "Feature", "geometry": {"type": "Point", "coordinates": [12.75, 55.0]}, "properties": {"value": 6.175, "time": "2025-12-26T03:00:00", "date": "2025-12-26", "hour": 3}}, {"type": "Feature", "geometry": {"type": "Point", "coordinates": [13.0, 55.0]}, "properties": {"value": 6.266, "time": "2025-12-26T03:00:00", "date": "2025-12-26", "hour": 3}}, {"type": "Feature", "geometry": {"type": "Point", "coordinates": [13.25, 55.0]}, "properties": {"value": 6.319, "time": "2025-12-26T03:00:00", "date": "2025-12-26", "hour": 3}}, {"type": "Feature", "geometry": {"type": "Point", "coordinates": [13.5, 55.0]}, "properties": {"value": 6.339, "time": "2025-12-26T03:00:00", "date": "2025-12-26", "hour": 3}}, {"type": "Feature", "geometry": {"type": "Point", "coordinates": [13.75, 55.0]}, "properties": {"value": 6.4, "time": "2025-12-26T03:00:00", "date": "2025-12-26", "hour": 3}}, {"type": "Feature", "geometry": {"type": "Point", "coordinates": [14.0, 55.0]}, "properties": {"value": 6.533, "time": "2025-12-26T03:00:00", "date": "2025-12-26", "hour": 3}}, {"type": "Feature", "geometry": {"type": "Point", "coordinates": [14.25, 55.0]}, "properties": {"value": 6.643, "time": "2025-12-26T03:00:00", "date": "2025-12-26", "hour": 3}}, {"type": "Feature", "geometry": {"type": "Point", "coordinates": [14.5, 55.0]}, "properties": {"value": 6.684, "time": "2025-12-26T03:00:00", "date": "2025-12-26", "hour": 3}}, {"type": "Feature", "geometry": {"type": "Point", "coordinates": [14.75, 55.0]}, "properties": {"value": 6.88, "time": "2025-12-26T03:00:00", "date": "2025-12-26", "hour": 3}}, {"type": "Feature", "geometry": {"type": "Point", "coordinates": [15.0, 55.0]}, "properties": {"value": 7.058, "time": "2025-12-26T03:00:00", "date": "2025-12-26", "hour": 3}}, {"type": "Feature", "geometry": {"type": "Point", "coordinates": [5.25, 52.75]}, "properties": {"value": 3.24, "time": "2025-12-26T04:00:00", "date": "2025-12-26", "hour": 4}}, {"type": "Feature", "geometry": {"type": "Point", "coordinates": [5.5, 52.75]}, "properties": {"value": 3.249, "time": "2025-12-26T04:00:00", "date": "2025-12-26", "hour": 4}}, {"type": "Feature", "geometry": {"type": "Point", "coordinates": [5.0, 53.0]}, "properties": {"value": 4.743, "time": "2025-12-26T04:00:00", "date": "2025-12-26", "hour": 4}}, {"type": "Feature", "geometry": {"type": "Point", "coordinates": [5.25, 53.0]}, "properties": {"value": 3.781, "time": "2025-12-26T04:00:00", "date": "2025-12-26", "hour": 4}}, {"type": "Feature", "geometry": {"type": "Point", "coordinates": [5.5, 53.0]}, "properties": {"value": 3.103, "time": "2025-12-26T04:00:00", "date": "2025-12-26", "hour": 4}}, {"type": "Feature", "geometry": {"type": "Point", "coordinates": [5.0, 53.25]}, "properties": {"value": 5.694, "time": "2025-12-26T04:00:00", "date": "2025-12-26", "hour": 4}}, {"type": "Feature", "geometry": {"type": "Point", "coordinates": [5.25, 53.25]}, "properties": {"value": 4.494, "time": "2025-12-26T04:00:00", "date": "2025-12-26", "hour": 4}}, {"type": "Feature", "geometry": {"type": "Point", "coordinates": [5.5, 53.25]}, "properties": {"value": 3.771, "time": "2025-12-26T04:00:00", "date": "2025-12-26", "hour": 4}}, {"type": "Feature", "geometry": {"type": "Point", "coordinates": [5.0, 53.5]}, "properties": {"value": 7.802, "time": "2025-12-26T04:00:00", "date": "2025-12-26", "hour": 4}}, {"type": "Feature", "geometry": {"type": "Point", "coordinates": [5.25, 53.5]}, "properties": {"value": 7.132, "time": "2025-12-26T04:00:00", "date": "2025-12-26", "hour": 4}}, {"type": "Feature", "geometry": {"type": "Point", "coordinates": [5.5, 53.5]}, "properties": {"value": 6.946, "time": "2025-12-26T04:00:00", "date": "2025-12-26", "hour": 4}}, {"type": "Feature", "geometry": {"type": "Point", "coordinates": [5.75, 53.5]}, "properties": {"value": 6.46, "time": "2025-12-26T04:00:00", "date": "2025-12-26", "hour": 4}}, {"type": "Feature", "geometry": {"type": "Point", "coordinates": [6.0, 53.5]}, "properties": {"value": 5.762, "time": "2025-12-26T04:00:00", "date": "2025-12-26", "hour": 4}}, {"type": "Feature", "geometry": {"type": "Point", "coordinates": [6.25, 53.5]}, "properties": {"value": 4.952, "time": "2025-12-26T04:00:00", "date": "2025-12-26", "hour": 4}}, {"type": "Feature", "geometry": {"type": "Point", "coordinates": [6.5, 53.5]}, "properties": {"value": 4.86, "time": "2025-12-26T04:00:00", "date": "2025-12-26", "hour": 4}}, {"type": "Feature", "geometry": {"type": "Point", "coordinates": [6.75, 53.5]}, "properties": {"value": 4.695, "time": "2025-12-26T04:00:00", "date": "2025-12-26", "hour": 4}}, {"type": "Feature", "geometry": {"type": "Point", "coordinates": [5.0, 53.75]}, "properties": {"value": 8.826, "time": "2025-12-26T04:00:00", "date": "2025-12-26", "hour": 4}}, {"type": "Feature", "geometry": {"type": "Point", "coordinates": [5.25, 53.75]}, "properties": {"value": 8.378, "time": "2025-12-26T04:00:00", "date": "2025-12-26", "hour": 4}}, {"type": "Feature", "geometry": {"type": "Point", "coordinates": [5.5, 53.75]}, "properties": {"value": 8.065, "time": "2025-12-26T04:00:00", "date": "2025-12-26", "hour": 4}}, {"type": "Feature", "geometry": {"type": "Point", "coordinates": [5.75, 53.75]}, "properties": {"value": 7.845, "time": "2025-12-26T04:00:00", "date": "2025-12-26", "hour": 4}}, {"type": "Feature", "geometry": {"type": "Point", "coordinates": [6.0, 53.75]}, "properties": {"value": 7.324, "time": "2025-12-26T04:00:00", "date": "2025-12-26", "hour": 4}}, {"type": "Feature", "geometry": {"type": "Point", "coordinates": [6.25, 53.75]}, "properties": {"value": 7.106, "time": "2025-12-26T04:00:00", "date": "2025-12-26", "hour": 4}}, {"type": "Feature", "geometry": {"type": "Point", "coordinates": [6.5, 53.75]}, "properties": {"value": 6.685, "time": "2025-12-26T04:00:00", "date": "2025-12-26", "hour": 4}}, {"type": "Feature", "geometry": {"type": "Point", "coordinates": [6.75, 53.75]}, "properties": {"value": 6.359, "time": "2025-12-26T04:00:00", "date": "2025-12-26", "hour": 4}}, {"type": "Feature", "geometry": {"type": "Point", "coordinates": [7.0, 53.75]}, "properties": {"value": 6.608, "time": "2025-12-26T04:00:00", "date": "2025-12-26", "hour": 4}}, {"type": "Feature", "geometry": {"type": "Point", "coordinates": [7.25, 53.75]}, "properties": {"value": 6.331, "time": "2025-12-26T04:00:00", "date": "2025-12-26", "hour": 4}}, {"type": "Feature", "geometry": {"type": "Point", "coordinates": [7.5, 53.75]}, "properties": {"value": 6.894, "time": "2025-12-26T04:00:00", "date": "2025-12-26", "hour": 4}}, {"type": "Feature", "geometry": {"type": "Point", "coordinates": [7.75, 53.75]}, "properties": {"value": 6.986, "time": "2025-12-26T04:00:00", "date": "2025-12-26", "hour": 4}}, {"type": "Feature", "geometry": {"type": "Point", "coordinates": [8.0, 53.75]}, "properties": {"value": 5.891, "time": "2025-12-26T04:00:00", "date": "2025-12-26", "hour": 4}}, {"type": "Feature", "geometry": {"type": "Point", "coordinates": [8.25, 53.75]}, "properties": {"value": 4.848, "time": "2025-12-26T04:00:00", "date": "2025-12-26", "hour": 4}}, {"type": "Feature", "geometry": {"type": "Point", "coordinates": [8.5, 53.75]}, "properties": {"value": 4.096, "time": "2025-12-26T04:00:00", "date": "2025-12-26", "hour": 4}}, {"type": "Feature", "geometry": {"type": "Point", "coordinates": [8.75, 53.75]}, "properties": {"value": 4.096, "time": "2025-12-26T04:00:00", "date": "2025-12-26", "hour": 4}}, {"type": "Feature", "geometry": {"type": "Point", "coordinates": [14.25, 53.75]}, "properties": {"value": 0.934, "time": "2025-12-26T04:00:00", "date": "2025-12-26", "hour": 4}}, {"type": "Feature", "geometry": {"type": "Point", "coordinates": [14.5, 53.75]}, "properties": {"value": 0.934, "time": "2025-12-26T04:00:00", "date": "2025-12-26", "hour": 4}}, {"type": "Feature", "geometry": {"type": "Point", "coordinates": [5.0, 54.0]}, "properties": {"value": 9.39, "time": "2025-12-26T04:00:00", "date": "2025-12-26", "hour": 4}}, {"type": "Feature", "geometry": {"type": "Point", "coordinates": [5.25, 54.0]}, "properties": {"value": 9.064, "time": "2025-12-26T04:00:00", "date": "2025-12-26", "hour": 4}}, {"type": "Feature", "geometry": {"type": "Point", "coordinates": [5.5, 54.0]}, "properties": {"value": 8.751, "time": "2025-12-26T04:00:00", "date": "2025-12-26", "hour": 4}}, {"type": "Feature", "geometry": {"type": "Point", "coordinates": [5.75, 54.0]}, "properties": {"value": 8.59, "time": "2025-12-26T04:00:00", "date": "2025-12-26", "hour": 4}}, {"type": "Feature", "geometry": {"type": "Point", "coordinates": [6.0, 54.0]}, "properties": {"value": 8.493, "time": "2025-12-26T04:00:00", "date": "2025-12-26", "hour": 4}}, {"type": "Feature", "geometry": {"type": "Point", "coordinates": [6.25, 54.0]}, "properties": {"value": 8.364, "time": "2025-12-26T04:00:00", "date": "2025-12-26", "hour": 4}}, {"type": "Feature", "geometry": {"type": "Point", "coordinates": [6.5, 54.0]}, "properties": {"value": 7.986, "time": "2025-12-26T04:00:00", "date": "2025-12-26", "hour": 4}}, {"type": "Feature", "geometry": {"type": "Point", "coordinates": [6.75, 54.0]}, "properties": {"value": 7.763, "time": "2025-12-26T04:00:00", "date": "2025-12-26", "hour": 4}}, {"type": "Feature", "geometry": {"type": "Point", "coordinates": [7.0, 54.0]}, "properties": {"value": 7.506, "time": "2025-12-26T04:00:00", "date": "2025-12-26", "hour": 4}}, {"type": "Feature", "geometry": {"type": "Point", "coordinates": [7.25, 54.0]}, "properties": {"value": 7.318, "time": "2025-12-26T04:00:00", "date": "2025-12-26", "hour": 4}}, {"type": "Feature", "geometry": {"type": "Point", "coordinates": [7.5, 54.0]}, "properties": {"value": 7.519, "time": "2025-12-26T04:00:00", "date": "2025-12-26", "hour": 4}}, {"type": "Feature", "geometry": {"type": "Point", "coordinates": [7.75, 54.0]}, "properties": {"value": 7.432, "time": "2025-12-26T04:00:00", "date": "2025-12-26", "hour": 4}}, {"type": "Feature", "geometry": {"type": "Point", "coordinates": [8.0, 54.0]}, "properties": {"value": 7.03, "time": "2025-12-26T04:00:00", "date": "2025-12-26", "hour": 4}}, {"type": "Feature", "geometry": {"type": "Point", "coordinates": [8.25, 54.0]}, "properties": {"value": 6.242, "time": "2025-12-26T04:00:00", "date": "2025-12-26", "hour": 4}}, {"type": "Feature", "geometry": {"type": "Point", "coordinates": [8.5, 54.0]}, "properties": {"value": 4.937, "time": "2025-12-26T04:00:00", "date": "2025-12-26", "hour": 4}}, {"type": "Feature", "geometry": {"type": "Point", "coordinates": [11.25, 54.0]}, "properties": {"value": 5.122, "time": "2025-12-26T04:00:00", "date": "2025-12-26", "hour": 4}}, {"type": "Feature", "geometry": {"type": "Point", "coordinates": [14.0, 54.0]}, "properties": {"value": 3.376, "time": "2025-12-26T04:00:00", "date": "2025-12-26", "hour": 4}}, {"type": "Feature", "geometry": {"type": "Point", "coordinates": [14.25, 54.0]}, "properties": {"value": 4.446, "time": "2025-12-26T04:00:00", "date": "2025-12-26", "hour": 4}}, {"type": "Feature", "geometry": {"type": "Point", "coordinates": [14.5, 54.0]}, "properties": {"value": 3.948, "time": "2025-12-26T04:00:00", "date": "2025-12-26", "hour": 4}}, {"type": "Feature", "geometry": {"type": "Point", "coordinates": [14.75, 54.0]}, "properties": {"value": 4.721, "time": "2025-12-26T04:00:00", "date": "2025-12-26", "hour": 4}}, {"type": "Feature", "geometry": {"type": "Point", "coordinates": [5.0, 54.25]}, "properties": {"value": 9.611, "time": "2025-12-26T04:00:00", "date": "2025-12-26", "hour": 4}}, {"type": "Feature", "geometry": {"type": "Point", "coordinates": [5.25, 54.25]}, "properties": {"value": 9.363, "time": "2025-12-26T04:00:00", "date": "2025-12-26", "hour": 4}}, {"type": "Feature", "geometry": {"type": "Point", "coordinates": [5.5, 54.25]}, "properties": {"value": 9.181, "time": "2025-12-26T04:00:00", "date": "2025-12-26", "hour": 4}}, {"type": "Feature", "geometry": {"type": "Point", "coordinates": [5.75, 54.25]}, "properties": {"value": 9.034, "time": "2025-12-26T04:00:00", "date": "2025-12-26", "hour": 4}}, {"type": "Feature", "geometry": {"type": "Point", "coordinates": [6.0, 54.25]}, "properties": {"value": 8.907, "time": "2025-12-26T04:00:00", "date": "2025-12-26", "hour": 4}}, {"type": "Feature", "geometry": {"type": "Point", "coordinates": [6.25, 54.25]}, "properties": {"value": 8.875, "time": "2025-12-26T04:00:00", "date": "2025-12-26", "hour": 4}}, {"type": "Feature", "geometry": {"type": "Point", "coordinates": [6.5, 54.25]}, "properties": {"value": 8.87, "time": "2025-12-26T04:00:00", "date": "2025-12-26", "hour": 4}}, {"type": "Feature", "geometry": {"type": "Point", "coordinates": [6.75, 54.25]}, "properties": {"value": 8.635, "time": "2025-12-26T04:00:00", "date": "2025-12-26", "hour": 4}}, {"type": "Feature", "geometry": {"type": "Point", "coordinates": [7.0, 54.25]}, "properties": {"value": 8.38, "time": "2025-12-26T04:00:00", "date": "2025-12-26", "hour": 4}}, {"type": "Feature", "geometry": {"type": "Point", "coordinates": [7.25, 54.25]}, "properties": {"value": 7.845, "time": "2025-12-26T04:00:00", "date": "2025-12-26", "hour": 4}}, {"type": "Feature", "geometry": {"type": "Point", "coordinates": [7.5, 54.25]}, "properties": {"value": 7.526, "time": "2025-12-26T04:00:00", "date": "2025-12-26", "hour": 4}}, {"type": "Feature", "geometry": {"type": "Point", "coordinates": [7.75, 54.25]}, "properties": {"value": 7.333, "time": "2025-12-26T04:00:00", "date": "2025-12-26", "hour": 4}}, {"type": "Feature", "geometry": {"type": "Point", "coordinates": [8.0, 54.25]}, "properties": {"value": 7.068, "time": "2025-12-26T04:00:00", "date": "2025-12-26", "hour": 4}}, {"type": "Feature", "geometry": {"type": "Point", "coordinates": [8.25, 54.25]}, "properties": {"value": 5.934, "time": "2025-12-26T04:00:00", "date": "2025-12-26", "hour": 4}}, {"type": "Feature", "geometry": {"type": "Point", "coordinates": [8.5, 54.25]}, "properties": {"value": 4.685, "time": "2025-12-26T04:00:00", "date": "2025-12-26", "hour": 4}}, {"type": "Feature", "geometry": {"type": "Point", "coordinates": [10.75, 54.25]}, "properties": {"value": 5.437, "time": "2025-12-26T04:00:00", "date": "2025-12-26", "hour": 4}}, {"type": "Feature", "geometry": {"type": "Point", "coordinates": [11.25, 54.25]}, "properties": {"value": 5.213, "time": "2025-12-26T04:00:00", "date": "2025-12-26", "hour": 4}}, {"type": "Feature", "geometry": {"type": "Point", "coordinates": [11.75, 54.25]}, "properties": {"value": 5.469, "time": "2025-12-26T04:00:00", "date": "2025-12-26", "hour": 4}}, {"type": "Feature", "geometry": {"type": "Point", "coordinates": [12.25, 54.25]}, "properties": {"value": 5.571, "time": "2025-12-26T04:00:00", "date": "2025-12-26", "hour": 4}}, {"type": "Feature", "geometry": {"type": "Point", "coordinates": [13.75, 54.25]}, "properties": {"value": 3.253, "time": "2025-12-26T04:00:00", "date": "2025-12-26", "hour": 4}}, {"type": "Feature", "geometry": {"type": "Point", "coordinates": [14.0, 54.25]}, "properties": {"value": 4.088, "time": "2025-12-26T04:00:00", "date": "2025-12-26", "hour": 4}}, {"type": "Feature", "geometry": {"type": "Point", "coordinates": [14.25, 54.25]}, "properties": {"value": 4.856, "time": "2025-12-26T04:00:00", "date": "2025-12-26", "hour": 4}}, {"type": "Feature", "geometry": {"type": "Point", "coordinates": [14.5, 54.25]}, "properties": {"value": 5.434, "time": "2025-12-26T04:00:00", "date": "2025-12-26", "hour": 4}}, {"type": "Feature", "geometry": {"type": "Point", "coordinates": [14.75, 54.25]}, "properties": {"value": 5.612, "time": "2025-12-26T04:00:00", "date": "2025-12-26", "hour": 4}}, {"type": "Feature", "geometry": {"type": "Point", "coordinates": [15.0, 54.25]}, "properties": {"value": 5.983, "time": "2025-12-26T04:00:00", "date": "2025-12-26", "hour": 4}}, {"type": "Feature", "geometry": {"type": "Point", "coordinates": [5.0, 54.5]}, "properties": {"value": 9.654, "time": "2025-12-26T04:00:00", "date": "2025-12-26", "hour": 4}}, {"type": "Feature", "geometry": {"type": "Point", "coordinates": [5.25, 54.5]}, "properties": {"value": 9.607, "time": "2025-12-26T04:00:00", "date": "2025-12-26", "hour": 4}}, {"type": "Feature", "geometry": {"type": "Point", "coordinates": [5.5, 54.5]}, "properties": {"value": 9.477, "time": "2025-12-26T04:00:00", "date": "2025-12-26", "hour": 4}}, {"type": "Feature", "geometry": {"type": "Point", "coordinates": [5.75, 54.5]}, "properties": {"value": 9.325, "time": "2025-12-26T04:00:00", "date": "2025-12-26", "hour": 4}}, {"type": "Feature", "geometry": {"type": "Point", "coordinates": [6.0, 54.5]}, "properties": {"value": 9.165, "time": "2025-12-26T04:00:00", "date": "2025-12-26", "hour": 4}}, {"type": "Feature", "geometry": {"type": "Point", "coordinates": [6.25, 54.5]}, "properties": {"value": 9.063, "time": "2025-12-26T04:00:00", "date": "2025-12-26", "hour": 4}}, {"type": "Feature", "geometry": {"type": "Point", "coordinates": [6.5, 54.5]}, "properties": {"value": 9.106, "time": "2025-12-26T04:00:00", "date": "2025-12-26", "hour": 4}}, {"type": "Feature", "geometry": {"type": "Point", "coordinates": [6.75, 54.5]}, "properties": {"value": 8.931, "time": "2025-12-26T04:00:00", "date": "2025-12-26", "hour": 4}}, {"type": "Feature", "geometry": {"type": "Point", "coordinates": [7.0, 54.5]}, "properties": {"value": 8.478, "time": "2025-12-26T04:00:00", "date": "2025-12-26", "hour": 4}}, {"type": "Feature", "geometry": {"type": "Point", "coordinates": [7.25, 54.5]}, "properties": {"value": 7.731, "time": "2025-12-26T04:00:00", "date": "2025-12-26", "hour": 4}}, {"type": "Feature", "geometry": {"type": "Point", "coordinates": [7.5, 54.5]}, "properties": {"value": 6.981, "time": "2025-12-26T04:00:00", "date": "2025-12-26", "hour": 4}}, {"type": "Feature", "geometry": {"type": "Point", "coordinates": [7.75, 54.5]}, "properties": {"value": 6.704, "time": "2025-12-26T04:00:00", "date": "2025-12-26", "hour": 4}}, {"type": "Feature", "geometry": {"type": "Point", "coordinates": [8.0, 54.5]}, "properties": {"value": 5.901, "time": "2025-12-26T04:00:00", "date": "2025-12-26", "hour": 4}}, {"type": "Feature", "geometry": {"type": "Point", "coordinates": [8.25, 54.5]}, "properties": {"value": 4.62, "time": "2025-12-26T04:00:00", "date": "2025-12-26", "hour": 4}}, {"type": "Feature", "geometry": {"type": "Point", "coordinates": [8.5, 54.5]}, "properties": {"value": 3.574, "time": "2025-12-26T04:00:00", "date": "2025-12-26", "hour": 4}}, {"type": "Feature", "geometry": {"type": "Point", "coordinates": [10.5, 54.5]}, "properties": {"value": 5.53, "time": "2025-12-26T04:00:00", "date": "2025-12-26", "hour": 4}}, {"type": "Feature", "geometry": {"type": "Point", "coordinates": [10.75, 54.5]}, "properties": {"value": 5.328, "time": "2025-12-26T04:00:00", "date": "2025-12-26", "hour": 4}}, {"type": "Feature", "geometry": {"type": "Point", "coordinates": [11.0, 54.5]}, "properties": {"value": 5.139, "time": "2025-12-26T04:00:00", "date": "2025-12-26", "hour": 4}}, {"type": "Feature", "geometry": {"type": "Point", "coordinates": [11.25, 54.5]}, "properties": {"value": 5.06, "time": "2025-12-26T04:00:00", "date": "2025-12-26", "hour": 4}}, {"type": "Feature", "geometry": {"type": "Point", "coordinates": [11.5, 54.5]}, "properties": {"value": 5.155, "time": "2025-12-26T04:00:00", "date": "2025-12-26", "hour": 4}}, {"type": "Feature", "geometry": {"type": "Point", "coordinates": [11.75, 54.5]}, "properties": {"value": 5.523, "time": "2025-12-26T04:00:00", "date": "2025-12-26", "hour": 4}}, {"type": "Feature", "geometry": {"type": "Point", "coordinates": [12.0, 54.5]}, "properties": {"value": 5.705, "time": "2025-12-26T04:00:00", "date": "2025-12-26", "hour": 4}}, {"type": "Feature", "geometry": {"type": "Point", "coordinates": [12.25, 54.5]}, "properties": {"value": 5.774, "time": "2025-12-26T04:00:00", "date": "2025-12-26", "hour": 4}}, {"type": "Feature", "geometry": {"type": "Point", "coordinates": [13.0, 54.5]}, "properties": {"value": 5.655, "time": "2025-12-26T04:00:00", "date": "2025-12-26", "hour": 4}}, {"type": "Feature", "geometry": {"type": "Point", "coordinates": [13.25, 54.5]}, "properties": {"value": 4.774, "time": "2025-12-26T04:00:00", "date": "2025-12-26", "hour": 4}}, {"type": "Feature", "geometry": {"type": "Point", "coordinates": [13.5, 54.5]}, "properties": {"value": 4.289, "time": "2025-12-26T04:00:00", "date": "2025-12-26", "hour": 4}}, {"type": "Feature", "geometry": {"type": "Point", "coordinates": [13.75, 54.5]}, "properties": {"value": 4.353, "time": "2025-12-26T04:00:00", "date": "2025-12-26", "hour": 4}}, {"type": "Feature", "geometry": {"type": "Point", "coordinates": [14.0, 54.5]}, "properties": {"value": 5.093, "time": "2025-12-26T04:00:00", "date": "2025-12-26", "hour": 4}}, {"type": "Feature", "geometry": {"type": "Point", "coordinates": [14.25, 54.5]}, "properties": {"value": 5.782, "time": "2025-12-26T04:00:00", "date": "2025-12-26", "hour": 4}}, {"type": "Feature", "geometry": {"type": "Point", "coordinates": [14.5, 54.5]}, "properties": {"value": 6.421, "time": "2025-12-26T04:00:00", "date": "2025-12-26", "hour": 4}}, {"type": "Feature", "geometry": {"type": "Point", "coordinates": [14.75, 54.5]}, "properties": {"value": 6.673, "time": "2025-12-26T04:00:00", "date": "2025-12-26", "hour": 4}}, {"type": "Feature", "geometry": {"type": "Point", "coordinates": [15.0, 54.5]}, "properties": {"value": 6.935, "time": "2025-12-26T04:00:00", "date": "2025-12-26", "hour": 4}}, {"type": "Feature", "geometry": {"type": "Point", "coordinates": [5.0, 54.75]}, "properties": {"value": 9.679, "time": "2025-12-26T04:00:00", "date": "2025-12-26", "hour": 4}}, {"type": "Feature", "geometry": {"type": "Point", "coordinates": [5.25, 54.75]}, "properties": {"value": 9.632, "time": "2025-12-26T04:00:00", "date": "2025-12-26", "hour": 4}}, {"type": "Feature", "geometry": {"type": "Point", "coordinates": [5.5, 54.75]}, "properties": {"value": 9.566, "time": "2025-12-26T04:00:00", "date": "2025-12-26", "hour": 4}}, {"type": "Feature", "geometry": {"type": "Point", "coordinates": [5.75, 54.75]}, "properties": {"value": 9.53, "time": "2025-12-26T04:00:00", "date": "2025-12-26", "hour": 4}}, {"type": "Feature", "geometry": {"type": "Point", "coordinates": [6.0, 54.75]}, "properties": {"value": 9.341, "time": "2025-12-26T04:00:00", "date": "2025-12-26", "hour": 4}}, {"type": "Feature", "geometry": {"type": "Point", "coordinates": [6.25, 54.75]}, "properties": {"value": 9.239, "time": "2025-12-26T04:00:00", "date": "2025-12-26", "hour": 4}}, {"type": "Feature", "geometry": {"type": "Point", "coordinates": [6.5, 54.75]}, "properties": {"value": 9.036, "time": "2025-12-26T04:00:00", "date": "2025-12-26", "hour": 4}}, {"type": "Feature", "geometry": {"type": "Point", "coordinates": [6.75, 54.75]}, "properties": {"value": 8.434, "time": "2025-12-26T04:00:00", "date": "2025-12-26", "hour": 4}}, {"type": "Feature", "geometry": {"type": "Point", "coordinates": [7.0, 54.75]}, "properties": {"value": 7.887, "time": "2025-12-26T04:00:00", "date": "2025-12-26", "hour": 4}}, {"type": "Feature", "geometry": {"type": "Point", "coordinates": [7.25, 54.75]}, "properties": {"value": 7.143, "time": "2025-12-26T04:00:00", "date": "2025-12-26", "hour": 4}}, {"type": "Feature", "geometry": {"type": "Point", "coordinates": [7.5, 54.75]}, "properties": {"value": 6.475, "time": "2025-12-26T04:00:00", "date": "2025-12-26", "hour": 4}}, {"type": "Feature", "geometry": {"type": "Point", "coordinates": [7.75, 54.75]}, "properties": {"value": 5.799, "time": "2025-12-26T04:00:00", "date": "2025-12-26", "hour": 4}}, {"type": "Feature", "geometry": {"type": "Point", "coordinates": [8.0, 54.75]}, "properties": {"value": 4.965, "time": "2025-12-26T04:00:00", "date": "2025-12-26", "hour": 4}}, {"type": "Feature", "geometry": {"type": "Point", "coordinates": [8.25, 54.75]}, "properties": {"value": 3.672, "time": "2025-12-26T04:00:00", "date": "2025-12-26", "hour": 4}}, {"type": "Feature", "geometry": {"type": "Point", "coordinates": [8.5, 54.75]}, "properties": {"value": 2.753, "time": "2025-12-26T04:00:00", "date": "2025-12-26", "hour": 4}}, {"type": "Feature", "geometry": {"type": "Point", "coordinates": [10.25, 54.75]}, "properties": {"value": 5.647, "time": "2025-12-26T04:00:00", "date": "2025-12-26", "hour": 4}}, {"type": "Feature", "geometry": {"type": "Point", "coordinates": [10.5, 54.75]}, "properties": {"value": 5.221, "time": "2025-12-26T04:00:00", "date": "2025-12-26", "hour": 4}}, {"type": "Feature", "geometry": {"type": "Point", "coordinates": [10.75, 54.75]}, "properties": {"value": 4.946, "time": "2025-12-26T04:00:00", "date": "2025-12-26", "hour": 4}}, {"type": "Feature", "geometry": {"type": "Point", "coordinates": [11.0, 54.75]}, "properties": {"value": 4.75, "time": "2025-12-26T04:00:00", "date": "2025-12-26", "hour": 4}}, {"type": "Feature", "geometry": {"type": "Point", "coordinates": [11.25, 54.75]}, "properties": {"value": 4.654, "time": "2025-12-26T04:00:00", "date": "2025-12-26", "hour": 4}}, {"type": "Feature", "geometry": {"type": "Point", "coordinates": [11.5, 54.75]}, "properties": {"value": 4.617, "time": "2025-12-26T04:00:00", "date": "2025-12-26", "hour": 4}}, {"type": "Feature", "geometry": {"type": "Point", "coordinates": [12.0, 54.75]}, "properties": {"value": 5.438, "time": "2025-12-26T04:00:00", "date": "2025-12-26", "hour": 4}}, {"type": "Feature", "geometry": {"type": "Point", "coordinates": [12.25, 54.75]}, "properties": {"value": 5.93, "time": "2025-12-26T04:00:00", "date": "2025-12-26", "hour": 4}}, {"type": "Feature", "geometry": {"type": "Point", "coordinates": [12.5, 54.75]}, "properties": {"value": 6.082, "time": "2025-12-26T04:00:00", "date": "2025-12-26", "hour": 4}}, {"type": "Feature", "geometry": {"type": "Point", "coordinates": [12.75, 54.75]}, "properties": {"value": 6.039, "time": "2025-12-26T04:00:00", "date": "2025-12-26", "hour": 4}}, {"type": "Feature", "geometry": {"type": "Point", "coordinates": [13.0, 54.75]}, "properties": {"value": 5.812, "time": "2025-12-26T04:00:00", "date": "2025-12-26", "hour": 4}}, {"type": "Feature", "geometry": {"type": "Point", "coordinates": [13.25, 54.75]}, "properties": {"value": 5.866, "time": "2025-12-26T04:00:00", "date": "2025-12-26", "hour": 4}}, {"type": "Feature", "geometry": {"type": "Point", "coordinates": [13.5, 54.75]}, "properties": {"value": 5.763, "time": "2025-12-26T04:00:00", "date": "2025-12-26", "hour": 4}}, {"type": "Feature", "geometry": {"type": "Point", "coordinates": [13.75, 54.75]}, "properties": {"value": 5.826, "time": "2025-12-26T04:00:00", "date": "2025-12-26", "hour": 4}}, {"type": "Feature", "geometry": {"type": "Point", "coordinates": [14.0, 54.75]}, "properties": {"value": 5.986, "time": "2025-12-26T04:00:00", "date": "2025-12-26", "hour": 4}}, {"type": "Feature", "geometry": {"type": "Point", "coordinates": [14.25, 54.75]}, "properties": {"value": 6.179, "time": "2025-12-26T04:00:00", "date": "2025-12-26", "hour": 4}}, {"type": "Feature", "geometry": {"type": "Point", "coordinates": [14.5, 54.75]}, "properties": {"value": 6.817, "time": "2025-12-26T04:00:00", "date": "2025-12-26", "hour": 4}}, {"type": "Feature", "geometry": {"type": "Point", "coordinates": [14.75, 54.75]}, "properties": {"value": 7.063, "time": "2025-12-26T04:00:00", "date": "2025-12-26", "hour": 4}}, {"type": "Feature", "geometry": {"type": "Point", "coordinates": [15.0, 54.75]}, "properties": {"value": 7.245, "time": "2025-12-26T04:00:00", "date": "2025-12-26", "hour": 4}}, {"type": "Feature", "geometry": {"type": "Point", "coordinates": [5.0, 55.0]}, "properties": {"value": 9.525, "time": "2025-12-26T04:00:00", "date": "2025-12-26", "hour": 4}}, {"type": "Feature", "geometry": {"type": "Point", "coordinates": [5.25, 55.0]}, "properties": {"value": 9.539, "time": "2025-12-26T04:00:00", "date": "2025-12-26", "hour": 4}}, {"type": "Feature", "geometry": {"type": "Point", "coordinates": [5.5, 55.0]}, "properties": {"value": 9.568, "time": "2025-12-26T04:00:00", "date": "2025-12-26", "hour": 4}}, {"type": "Feature", "geometry": {"type": "Point", "coordinates": [5.75, 55.0]}, "properties": {"value": 9.532, "time": "2025-12-26T04:00:00", "date": "2025-12-26", "hour": 4}}, {"type": "Feature", "geometry": {"type": "Point", "coordinates": [6.0, 55.0]}, "properties": {"value": 9.436, "time": "2025-12-26T04:00:00", "date": "2025-12-26", "hour": 4}}, {"type": "Feature", "geometry": {"type": "Point", "coordinates": [6.25, 55.0]}, "properties": {"value": 9.126, "time": "2025-12-26T04:00:00", "date": "2025-12-26", "hour": 4}}, {"type": "Feature", "geometry": {"type": "Point", "coordinates": [6.5, 55.0]}, "properties": {"value": 8.623, "time": "2025-12-26T04:00:00", "date": "2025-12-26", "hour": 4}}, {"type": "Feature", "geometry": {"type": "Point", "coordinates": [6.75, 55.0]}, "properties": {"value": 8.006, "time": "2025-12-26T04:00:00", "date": "2025-12-26", "hour": 4}}, {"type": "Feature", "geometry": {"type": "Point", "coordinates": [7.0, 55.0]}, "properties": {"value": 7.35, "time": "2025-12-26T04:00:00", "date": "2025-12-26", "hour": 4}}, {"type": "Feature", "geometry": {"type": "Point", "coordinates": [7.25, 55.0]}, "properties": {"value": 6.876, "time": "2025-12-26T04:00:00", "date": "2025-12-26", "hour": 4}}, {"type": "Feature", "geometry": {"type": "Point", "coordinates": [7.5, 55.0]}, "properties": {"value": 6.284, "time": "2025-12-26T04:00:00", "date": "2025-12-26", "hour": 4}}, {"type": "Feature", "geometry": {"type": "Point", "coordinates": [7.75, 55.0]}, "properties": {"value": 5.676, "time": "2025-12-26T04:00:00", "date": "2025-12-26", "hour": 4}}, {"type": "Feature", "geometry": {"type": "Point", "coordinates": [8.0, 55.0]}, "properties": {"value": 5.122, "time": "2025-12-26T04:00:00", "date": "2025-12-26", "hour": 4}}, {"type": "Feature", "geometry": {"type": "Point", "coordinates": [8.25, 55.0]}, "properties": {"value": 4.069, "time": "2025-12-26T04:00:00", "date": "2025-12-26", "hour": 4}}, {"type": "Feature", "geometry": {"type": "Point", "coordinates": [8.5, 55.0]}, "properties": {"value": 3.238, "time": "2025-12-26T04:00:00", "date": "2025-12-26", "hour": 4}}, {"type": "Feature", "geometry": {"type": "Point", "coordinates": [10.25, 55.0]}, "properties": {"value": 5.754, "time": "2025-12-26T04:00:00", "date": "2025-12-26", "hour": 4}}, {"type": "Feature", "geometry": {"type": "Point", "coordinates": [10.5, 55.0]}, "properties": {"value": 5.124, "time": "2025-12-26T04:00:00", "date": "2025-12-26", "hour": 4}}, {"type": "Feature", "geometry": {"type": "Point", "coordinates": [10.75, 55.0]}, "properties": {"value": 4.505, "time": "2025-12-26T04:00:00", "date": "2025-12-26", "hour": 4}}, {"type": "Feature", "geometry": {"type": "Point", "coordinates": [11.0, 55.0]}, "properties": {"value": 4.595, "time": "2025-12-26T04:00:00", "date": "2025-12-26", "hour": 4}}, {"type": "Feature", "geometry": {"type": "Point", "coordinates": [11.25, 55.0]}, "properties": {"value": 4.561, "time": "2025-12-26T04:00:00", "date": "2025-12-26", "hour": 4}}, {"type": "Feature", "geometry": {"type": "Point", "coordinates": [11.5, 55.0]}, "properties": {"value": 4.547, "time": "2025-12-26T04:00:00", "date": "2025-12-26", "hour": 4}}, {"type": "Feature", "geometry": {"type": "Point", "coordinates": [11.75, 55.0]}, "properties": {"value": 4.416, "time": "2025-12-26T04:00:00", "date": "2025-12-26", "hour": 4}}, {"type": "Feature", "geometry": {"type": "Point", "coordinates": [12.0, 55.0]}, "properties": {"value": 5.006, "time": "2025-12-26T04:00:00", "date": "2025-12-26", "hour": 4}}, {"type": "Feature", "geometry": {"type": "Point", "coordinates": [12.25, 55.0]}, "properties": {"value": 5.693, "time": "2025-12-26T04:00:00", "date": "2025-12-26", "hour": 4}}, {"type": "Feature", "geometry": {"type": "Point", "coordinates": [12.5, 55.0]}, "properties": {"value": 6.038, "time": "2025-12-26T04:00:00", "date": "2025-12-26", "hour": 4}}, {"type": "Feature", "geometry": {"type": "Point", "coordinates": [12.75, 55.0]}, "properties": {"value": 6.175, "time": "2025-12-26T04:00:00", "date": "2025-12-26", "hour": 4}}, {"type": "Feature", "geometry": {"type": "Point", "coordinates": [13.0, 55.0]}, "properties": {"value": 6.266, "time": "2025-12-26T04:00:00", "date": "2025-12-26", "hour": 4}}, {"type": "Feature", "geometry": {"type": "Point", "coordinates": [13.25, 55.0]}, "properties": {"value": 6.319, "time": "2025-12-26T04:00:00", "date": "2025-12-26", "hour": 4}}, {"type": "Feature", "geometry": {"type": "Point", "coordinates": [13.5, 55.0]}, "properties": {"value": 6.339, "time": "2025-12-26T04:00:00", "date": "2025-12-26", "hour": 4}}, {"type": "Feature", "geometry": {"type": "Point", "coordinates": [13.75, 55.0]}, "properties": {"value": 6.4, "time": "2025-12-26T04:00:00", "date": "2025-12-26", "hour": 4}}, {"type": "Feature", "geometry": {"type": "Point", "coordinates": [14.0, 55.0]}, "properties": {"value": 6.533, "time": "2025-12-26T04:00:00", "date": "2025-12-26", "hour": 4}}, {"type": "Feature", "geometry": {"type": "Point", "coordinates": [14.25, 55.0]}, "properties": {"value": 6.643, "time": "2025-12-26T04:00:00", "date": "2025-12-26", "hour": 4}}, {"type": "Feature", "geometry": {"type": "Point", "coordinates": [14.5, 55.0]}, "properties": {"value": 6.684, "time": "2025-12-26T04:00:00", "date": "2025-12-26", "hour": 4}}, {"type": "Feature", "geometry": {"type": "Point", "coordinates": [14.75, 55.0]}, "properties": {"value": 6.88, "time": "2025-12-26T04:00:00", "date": "2025-12-26", "hour": 4}}, {"type": "Feature", "geometry": {"type": "Point", "coordinates": [15.0, 55.0]}, "properties": {"value": 7.058, "time": "2025-12-26T04:00:00", "date": "2025-12-26", "hour": 4}}, {"type": "Feature", "geometry": {"type": "Point", "coordinates": [5.25, 52.75]}, "properties": {"value": 3.24, "time": "2025-12-26T05:00:00", "date": "2025-12-26", "hour": 5}}, {"type": "Feature", "geometry": {"type": "Point", "coordinates": [5.5, 52.75]}, "properties": {"value": 3.249, "time": "2025-12-26T05:00:00", "date": "2025-12-26", "hour": 5}}, {"type": "Feature", "geometry": {"type": "Point", "coordinates": [5.0, 53.0]}, "properties": {"value": 4.743, "time": "2025-12-26T05:00:00", "date": "2025-12-26", "hour": 5}}, {"type": "Feature", "geometry": {"type": "Point", "coordinates": [5.25, 53.0]}, "properties": {"value": 3.781, "time": "2025-12-26T05:00:00", "date": "2025-12-26", "hour": 5}}, {"type": "Feature", "geometry": {"type": "Point", "coordinates": [5.5, 53.0]}, "properties": {"value": 3.103, "time": "2025-12-26T05:00:00", "date": "2025-12-26", "hour": 5}}, {"type": "Feature", "geometry": {"type": "Point", "coordinates": [5.0, 53.25]}, "properties": {"value": 5.694, "time": "2025-12-26T05:00:00", "date": "2025-12-26", "hour": 5}}, {"type": "Feature", "geometry": {"type": "Point", "coordinates": [5.25, 53.25]}, "properties": {"value": 4.494, "time": "2025-12-26T05:00:00", "date": "2025-12-26", "hour": 5}}, {"type": "Feature", "geometry": {"type": "Point", "coordinates": [5.5, 53.25]}, "properties": {"value": 3.771, "time": "2025-12-26T05:00:00", "date": "2025-12-26", "hour": 5}}, {"type": "Feature", "geometry": {"type": "Point", "coordinates": [5.0, 53.5]}, "properties": {"value": 7.802, "time": "2025-12-26T05:00:00", "date": "2025-12-26", "hour": 5}}, {"type": "Feature", "geometry": {"type": "Point", "coordinates": [5.25, 53.5]}, "properties": {"value": 7.132, "time": "2025-12-26T05:00:00", "date": "2025-12-26", "hour": 5}}, {"type": "Feature", "geometry": {"type": "Point", "coordinates": [5.5, 53.5]}, "properties": {"value": 6.946, "time": "2025-12-26T05:00:00", "date": "2025-12-26", "hour": 5}}, {"type": "Feature", "geometry": {"type": "Point", "coordinates": [5.75, 53.5]}, "properties": {"value": 6.46, "time": "2025-12-26T05:00:00", "date": "2025-12-26", "hour": 5}}, {"type": "Feature", "geometry": {"type": "Point", "coordinates": [6.0, 53.5]}, "properties": {"value": 5.762, "time": "2025-12-26T05:00:00", "date": "2025-12-26", "hour": 5}}, {"type": "Feature", "geometry": {"type": "Point", "coordinates": [6.25, 53.5]}, "properties": {"value": 4.952, "time": "2025-12-26T05:00:00", "date": "2025-12-26", "hour": 5}}, {"type": "Feature", "geometry": {"type": "Point", "coordinates": [6.5, 53.5]}, "properties": {"value": 4.86, "time": "2025-12-26T05:00:00", "date": "2025-12-26", "hour": 5}}, {"type": "Feature", "geometry": {"type": "Point", "coordinates": [6.75, 53.5]}, "properties": {"value": 4.695, "time": "2025-12-26T05:00:00", "date": "2025-12-26", "hour": 5}}, {"type": "Feature", "geometry": {"type": "Point", "coordinates": [5.0, 53.75]}, "properties": {"value": 8.826, "time": "2025-12-26T05:00:00", "date": "2025-12-26", "hour": 5}}, {"type": "Feature", "geometry": {"type": "Point", "coordinates": [5.25, 53.75]}, "properties": {"value": 8.378, "time": "2025-12-26T05:00:00", "date": "2025-12-26", "hour": 5}}, {"type": "Feature", "geometry": {"type": "Point", "coordinates": [5.5, 53.75]}, "properties": {"value": 8.065, "time": "2025-12-26T05:00:00", "date": "2025-12-26", "hour": 5}}, {"type": "Feature", "geometry": {"type": "Point", "coordinates": [5.75, 53.75]}, "properties": {"value": 7.845, "time": "2025-12-26T05:00:00", "date": "2025-12-26", "hour": 5}}, {"type": "Feature", "geometry": {"type": "Point", "coordinates": [6.0, 53.75]}, "properties": {"value": 7.324, "time": "2025-12-26T05:00:00", "date": "2025-12-26", "hour": 5}}, {"type": "Feature", "geometry": {"type": "Point", "coordinates": [6.25, 53.75]}, "properties": {"value": 7.106, "time": "2025-12-26T05:00:00", "date": "2025-12-26", "hour": 5}}, {"type": "Feature", "geometry": {"type": "Point", "coordinates": [6.5, 53.75]}, "properties": {"value": 6.685, "time": "2025-12-26T05:00:00", "date": "2025-12-26", "hour": 5}}, {"type": "Feature", "geometry": {"type": "Point", "coordinates": [6.75, 53.75]}, "properties": {"value": 6.359, "time": "2025-12-26T05:00:00", "date": "2025-12-26", "hour": 5}}, {"type": "Feature", "geometry": {"type": "Point", "coordinates": [7.0, 53.75]}, "properties": {"value": 6.608, "time": "2025-12-26T05:00:00", "date": "2025-12-26", "hour": 5}}, {"type": "Feature", "geometry": {"type": "Point", "coordinates": [7.25, 53.75]}, "properties": {"value": 6.331, "time": "2025-12-26T05:00:00", "date": "2025-12-26", "hour": 5}}, {"type": "Feature", "geometry": {"type": "Point", "coordinates": [7.5, 53.75]}, "properties": {"value": 6.894, "time": "2025-12-26T05:00:00", "date": "2025-12-26", "hour": 5}}, {"type": "Feature", "geometry": {"type": "Point", "coordinates": [7.75, 53.75]}, "properties": {"value": 6.986, "time": "2025-12-26T05:00:00", "date": "2025-12-26", "hour": 5}}, {"type": "Feature", "geometry": {"type": "Point", "coordinates": [8.0, 53.75]}, "properties": {"value": 5.891, "time": "2025-12-26T05:00:00", "date": "2025-12-26", "hour": 5}}, {"type": "Feature", "geometry": {"type": "Point", "coordinates": [8.25, 53.75]}, "properties": {"value": 4.848, "time": "2025-12-26T05:00:00", "date": "2025-12-26", "hour": 5}}, {"type": "Feature", "geometry": {"type": "Point", "coordinates": [8.5, 53.75]}, "properties": {"value": 4.096, "time": "2025-12-26T05:00:00", "date": "2025-12-26", "hour": 5}}, {"type": "Feature", "geometry": {"type": "Point", "coordinates": [8.75, 53.75]}, "properties": {"value": 4.096, "time": "2025-12-26T05:00:00", "date": "2025-12-26", "hour": 5}}, {"type": "Feature", "geometry": {"type": "Point", "coordinates": [14.25, 53.75]}, "properties": {"value": 0.934, "time": "2025-12-26T05:00:00", "date": "2025-12-26", "hour": 5}}, {"type": "Feature", "geometry": {"type": "Point", "coordinates": [14.5, 53.75]}, "properties": {"value": 0.934, "time": "2025-12-26T05:00:00", "date": "2025-12-26", "hour": 5}}, {"type": "Feature", "geometry": {"type": "Point", "coordinates": [5.0, 54.0]}, "properties": {"value": 9.39, "time": "2025-12-26T05:00:00", "date": "2025-12-26", "hour": 5}}, {"type": "Feature", "geometry": {"type": "Point", "coordinates": [5.25, 54.0]}, "properties": {"value": 9.064, "time": "2025-12-26T05:00:00", "date": "2025-12-26", "hour": 5}}, {"type": "Feature", "geometry": {"type": "Point", "coordinates": [5.5, 54.0]}, "properties": {"value": 8.751, "time": "2025-12-26T05:00:00", "date": "2025-12-26", "hour": 5}}, {"type": "Feature", "geometry": {"type": "Point", "coordinates": [5.75, 54.0]}, "properties": {"value": 8.59, "time": "2025-12-26T05:00:00", "date": "2025-12-26", "hour": 5}}, {"type": "Feature", "geometry": {"type": "Point", "coordinates": [6.0, 54.0]}, "properties": {"value": 8.493, "time": "2025-12-26T05:00:00", "date": "2025-12-26", "hour": 5}}, {"type": "Feature", "geometry": {"type": "Point", "coordinates": [6.25, 54.0]}, "properties": {"value": 8.364, "time": "2025-12-26T05:00:00", "date": "2025-12-26", "hour": 5}}, {"type": "Feature", "geometry": {"type": "Point", "coordinates": [6.5, 54.0]}, "properties": {"value": 7.986, "time": "2025-12-26T05:00:00", "date": "2025-12-26", "hour": 5}}, {"type": "Feature", "geometry": {"type": "Point", "coordinates": [6.75, 54.0]}, "properties": {"value": 7.763, "time": "2025-12-26T05:00:00", "date": "2025-12-26", "hour": 5}}, {"type": "Feature", "geometry": {"type": "Point", "coordinates": [7.0, 54.0]}, "properties": {"value": 7.506, "time": "2025-12-26T05:00:00", "date": "2025-12-26", "hour": 5}}, {"type": "Feature", "geometry": {"type": "Point", "coordinates": [7.25, 54.0]}, "properties": {"value": 7.318, "time": "2025-12-26T05:00:00", "date": "2025-12-26", "hour": 5}}, {"type": "Feature", "geometry": {"type": "Point", "coordinates": [7.5, 54.0]}, "properties": {"value": 7.519, "time": "2025-12-26T05:00:00", "date": "2025-12-26", "hour": 5}}, {"type": "Feature", "geometry": {"type": "Point", "coordinates": [7.75, 54.0]}, "properties": {"value": 7.432, "time": "2025-12-26T05:00:00", "date": "2025-12-26", "hour": 5}}, {"type": "Feature", "geometry": {"type": "Point", "coordinates": [8.0, 54.0]}, "properties": {"value": 7.03, "time": "2025-12-26T05:00:00", "date": "2025-12-26", "hour": 5}}, {"type": "Feature", "geometry": {"type": "Point", "coordinates": [8.25, 54.0]}, "properties": {"value": 6.242, "time": "2025-12-26T05:00:00", "date": "2025-12-26", "hour": 5}}, {"type": "Feature", "geometry": {"type": "Point", "coordinates": [8.5, 54.0]}, "properties": {"value": 4.937, "time": "2025-12-26T05:00:00", "date": "2025-12-26", "hour": 5}}, {"type": "Feature", "geometry": {"type": "Point", "coordinates": [11.25, 54.0]}, "properties": {"value": 5.122, "time": "2025-12-26T05:00:00", "date": "2025-12-26", "hour": 5}}, {"type": "Feature", "geometry": {"type": "Point", "coordinates": [14.0, 54.0]}, "properties": {"value": 3.376, "time": "2025-12-26T05:00:00", "date": "2025-12-26", "hour": 5}}, {"type": "Feature", "geometry": {"type": "Point", "coordinates": [14.25, 54.0]}, "properties": {"value": 4.446, "time": "2025-12-26T05:00:00", "date": "2025-12-26", "hour": 5}}, {"type": "Feature", "geometry": {"type": "Point", "coordinates": [14.5, 54.0]}, "properties": {"value": 3.948, "time": "2025-12-26T05:00:00", "date": "2025-12-26", "hour": 5}}, {"type": "Feature", "geometry": {"type": "Point", "coordinates": [14.75, 54.0]}, "properties": {"value": 4.721, "time": "2025-12-26T05:00:00", "date": "2025-12-26", "hour": 5}}, {"type": "Feature", "geometry": {"type": "Point", "coordinates": [5.0, 54.25]}, "properties": {"value": 9.611, "time": "2025-12-26T05:00:00", "date": "2025-12-26", "hour": 5}}, {"type": "Feature", "geometry": {"type": "Point", "coordinates": [5.25, 54.25]}, "properties": {"value": 9.363, "time": "2025-12-26T05:00:00", "date": "2025-12-26", "hour": 5}}, {"type": "Feature", "geometry": {"type": "Point", "coordinates": [5.5, 54.25]}, "properties": {"value": 9.181, "time": "2025-12-26T05:00:00", "date": "2025-12-26", "hour": 5}}, {"type": "Feature", "geometry": {"type": "Point", "coordinates": [5.75, 54.25]}, "properties": {"value": 9.034, "time": "2025-12-26T05:00:00", "date": "2025-12-26", "hour": 5}}, {"type": "Feature", "geometry": {"type": "Point", "coordinates": [6.0, 54.25]}, "properties": {"value": 8.907, "time": "2025-12-26T05:00:00", "date": "2025-12-26", "hour": 5}}, {"type": "Feature", "geometry": {"type": "Point", "coordinates": [6.25, 54.25]}, "properties": {"value": 8.875, "time": "2025-12-26T05:00:00", "date": "2025-12-26", "hour": 5}}, {"type": "Feature", "geometry": {"type": "Point", "coordinates": [6.5, 54.25]}, "properties": {"value": 8.87, "time": "2025-12-26T05:00:00", "date": "2025-12-26", "hour": 5}}, {"type": "Feature", "geometry": {"type": "Point", "coordinates": [6.75, 54.25]}, "properties": {"value": 8.635, "time": "2025-12-26T05:00:00", "date": "2025-12-26", "hour": 5}}, {"type": "Feature", "geometry": {"type": "Point", "coordinates": [7.0, 54.25]}, "properties": {"value": 8.38, "time": "2025-12-26T05:00:00", "date": "2025-12-26", "hour": 5}}, {"type": "Feature", "geometry": {"type": "Point", "coordinates": [7.25, 54.25]}, "properties": {"value": 7.845, "time": "2025-12-26T05:00:00", "date": "2025-12-26", "hour": 5}}, {"type": "Feature", "geometry": {"type": "Point", "coordinates": [7.5, 54.25]}, "properties": {"value": 7.526, "time": "2025-12-26T05:00:00", "date": "2025-12-26", "hour": 5}}, {"type": "Feature", "geometry": {"type": "Point", "coordinates": [7.75, 54.25]}, "properties": {"value": 7.333, "time": "2025-12-26T05:00:00", "date": "2025-12-26", "hour": 5}}, {"type": "Feature", "geometry": {"type": "Point", "coordinates": [8.0, 54.25]}, "properties": {"value": 7.068, "time": "2025-12-26T05:00:00", "date": "2025-12-26", "hour": 5}}, {"type": "Feature", "geometry": {"type": "Point", "coordinates": [8.25, 54.25]}, "properties": {"value": 5.934, "time": "2025-12-26T05:00:00", "date": "2025-12-26", "hour": 5}}, {"type": "Feature", "geometry": {"type": "Point", "coordinates": [8.5, 54.25]}, "properties": {"value": 4.685, "time": "2025-12-26T05:00:00", "date": "2025-12-26", "hour": 5}}, {"type": "Feature", "geometry": {"type": "Point", "coordinates": [10.75, 54.25]}, "properties": {"value": 5.437, "time": "2025-12-26T05:00:00", "date": "2025-12-26", "hour": 5}}, {"type": "Feature", "geometry": {"type": "Point", "coordinates": [11.25, 54.25]}, "properties": {"value": 5.213, "time": "2025-12-26T05:00:00", "date": "2025-12-26", "hour": 5}}, {"type": "Feature", "geometry": {"type": "Point", "coordinates": [11.75, 54.25]}, "properties": {"value": 5.469, "time": "2025-12-26T05:00:00", "date": "2025-12-26", "hour": 5}}, {"type": "Feature", "geometry": {"type": "Point", "coordinates": [12.25, 54.25]}, "properties": {"value": 5.571, "time": "2025-12-26T05:00:00", "date": "2025-12-26", "hour": 5}}, {"type": "Feature", "geometry": {"type": "Point", "coordinates": [13.75, 54.25]}, "properties": {"value": 3.253, "time": "2025-12-26T05:00:00", "date": "2025-12-26", "hour": 5}}, {"type": "Feature", "geometry": {"type": "Point", "coordinates": [14.0, 54.25]}, "properties": {"value": 4.088, "time": "2025-12-26T05:00:00", "date": "2025-12-26", "hour": 5}}, {"type": "Feature", "geometry": {"type": "Point", "coordinates": [14.25, 54.25]}, "properties": {"value": 4.856, "time": "2025-12-26T05:00:00", "date": "2025-12-26", "hour": 5}}, {"type": "Feature", "geometry": {"type": "Point", "coordinates": [14.5, 54.25]}, "properties": {"value": 5.434, "time": "2025-12-26T05:00:00", "date": "2025-12-26", "hour": 5}}, {"type": "Feature", "geometry": {"type": "Point", "coordinates": [14.75, 54.25]}, "properties": {"value": 5.612, "time": "2025-12-26T05:00:00", "date": "2025-12-26", "hour": 5}}, {"type": "Feature", "geometry": {"type": "Point", "coordinates": [15.0, 54.25]}, "properties": {"value": 5.983, "time": "2025-12-26T05:00:00", "date": "2025-12-26", "hour": 5}}, {"type": "Feature", "geometry": {"type": "Point", "coordinates": [5.0, 54.5]}, "properties": {"value": 9.654, "time": "2025-12-26T05:00:00", "date": "2025-12-26", "hour": 5}}, {"type": "Feature", "geometry": {"type": "Point", "coordinates": [5.25, 54.5]}, "properties": {"value": 9.607, "time": "2025-12-26T05:00:00", "date": "2025-12-26", "hour": 5}}, {"type": "Feature", "geometry": {"type": "Point", "coordinates": [5.5, 54.5]}, "properties": {"value": 9.477, "time": "2025-12-26T05:00:00", "date": "2025-12-26", "hour": 5}}, {"type": "Feature", "geometry": {"type": "Point", "coordinates": [5.75, 54.5]}, "properties": {"value": 9.325, "time": "2025-12-26T05:00:00", "date": "2025-12-26", "hour": 5}}, {"type": "Feature", "geometry": {"type": "Point", "coordinates": [6.0, 54.5]}, "properties": {"value": 9.165, "time": "2025-12-26T05:00:00", "date": "2025-12-26", "hour": 5}}, {"type": "Feature", "geometry": {"type": "Point", "coordinates": [6.25, 54.5]}, "properties": {"value": 9.063, "time": "2025-12-26T05:00:00", "date": "2025-12-26", "hour": 5}}, {"type": "Feature", "geometry": {"type": "Point", "coordinates": [6.5, 54.5]}, "properties": {"value": 9.106, "time": "2025-12-26T05:00:00", "date": "2025-12-26", "hour": 5}}, {"type": "Feature", "geometry": {"type": "Point", "coordinates": [6.75, 54.5]}, "properties": {"value": 8.931, "time": "2025-12-26T05:00:00", "date": "2025-12-26", "hour": 5}}, {"type": "Feature", "geometry": {"type": "Point", "coordinates": [7.0, 54.5]}, "properties": {"value": 8.478, "time": "2025-12-26T05:00:00", "date": "2025-12-26", "hour": 5}}, {"type": "Feature", "geometry": {"type": "Point", "coordinates": [7.25, 54.5]}, "properties": {"value": 7.731, "time": "2025-12-26T05:00:00", "date": "2025-12-26", "hour": 5}}, {"type": "Feature", "geometry": {"type": "Point", "coordinates": [7.5, 54.5]}, "properties": {"value": 6.981, "time": "2025-12-26T05:00:00", "date": "2025-12-26", "hour": 5}}, {"type": "Feature", "geometry": {"type": "Point", "coordinates": [7.75, 54.5]}, "properties": {"value": 6.704, "time": "2025-12-26T05:00:00", "date": "2025-12-26", "hour": 5}}, {"type": "Feature", "geometry": {"type": "Point", "coordinates": [8.0, 54.5]}, "properties": {"value": 5.901, "time": "2025-12-26T05:00:00", "date": "2025-12-26", "hour": 5}}, {"type": "Feature", "geometry": {"type": "Point", "coordinates": [8.25, 54.5]}, "properties": {"value": 4.62, "time": "2025-12-26T05:00:00", "date": "2025-12-26", "hour": 5}}, {"type": "Feature", "geometry": {"type": "Point", "coordinates": [8.5, 54.5]}, "properties": {"value": 3.574, "time": "2025-12-26T05:00:00", "date": "2025-12-26", "hour": 5}}, {"type": "Feature", "geometry": {"type": "Point", "coordinates": [10.5, 54.5]}, "properties": {"value": 5.53, "time": "2025-12-26T05:00:00", "date": "2025-12-26", "hour": 5}}, {"type": "Feature", "geometry": {"type": "Point", "coordinates": [10.75, 54.5]}, "properties": {"value": 5.328, "time": "2025-12-26T05:00:00", "date": "2025-12-26", "hour": 5}}, {"type": "Feature", "geometry": {"type": "Point", "coordinates": [11.0, 54.5]}, "properties": {"value": 5.139, "time": "2025-12-26T05:00:00", "date": "2025-12-26", "hour": 5}}, {"type": "Feature", "geometry": {"type": "Point", "coordinates": [11.25, 54.5]}, "properties": {"value": 5.06, "time": "2025-12-26T05:00:00", "date": "2025-12-26", "hour": 5}}, {"type": "Feature", "geometry": {"type": "Point", "coordinates": [11.5, 54.5]}, "properties": {"value": 5.155, "time": "2025-12-26T05:00:00", "date": "2025-12-26", "hour": 5}}, {"type": "Feature", "geometry": {"type": "Point", "coordinates": [11.75, 54.5]}, "properties": {"value": 5.523, "time": "2025-12-26T05:00:00", "date": "2025-12-26", "hour": 5}}, {"type": "Feature", "geometry": {"type": "Point", "coordinates": [12.0, 54.5]}, "properties": {"value": 5.705, "time": "2025-12-26T05:00:00", "date": "2025-12-26", "hour": 5}}, {"type": "Feature", "geometry": {"type": "Point", "coordinates": [12.25, 54.5]}, "properties": {"value": 5.774, "time": "2025-12-26T05:00:00", "date": "2025-12-26", "hour": 5}}, {"type": "Feature", "geometry": {"type": "Point", "coordinates": [13.0, 54.5]}, "properties": {"value": 5.655, "time": "2025-12-26T05:00:00", "date": "2025-12-26", "hour": 5}}, {"type": "Feature", "geometry": {"type": "Point", "coordinates": [13.25, 54.5]}, "properties": {"value": 4.774, "time": "2025-12-26T05:00:00", "date": "2025-12-26", "hour": 5}}, {"type": "Feature", "geometry": {"type": "Point", "coordinates": [13.5, 54.5]}, "properties": {"value": 4.289, "time": "2025-12-26T05:00:00", "date": "2025-12-26", "hour": 5}}, {"type": "Feature", "geometry": {"type": "Point", "coordinates": [13.75, 54.5]}, "properties": {"value": 4.353, "time": "2025-12-26T05:00:00", "date": "2025-12-26", "hour": 5}}, {"type": "Feature", "geometry": {"type": "Point", "coordinates": [14.0, 54.5]}, "properties": {"value": 5.093, "time": "2025-12-26T05:00:00", "date": "2025-12-26", "hour": 5}}, {"type": "Feature", "geometry": {"type": "Point", "coordinates": [14.25, 54.5]}, "properties": {"value": 5.782, "time": "2025-12-26T05:00:00", "date": "2025-12-26", "hour": 5}}, {"type": "Feature", "geometry": {"type": "Point", "coordinates": [14.5, 54.5]}, "properties": {"value": 6.421, "time": "2025-12-26T05:00:00", "date": "2025-12-26", "hour": 5}}, {"type": "Feature", "geometry": {"type": "Point", "coordinates": [14.75, 54.5]}, "properties": {"value": 6.673, "time": "2025-12-26T05:00:00", "date": "2025-12-26", "hour": 5}}, {"type": "Feature", "geometry": {"type": "Point", "coordinates": [15.0, 54.5]}, "properties": {"value": 6.935, "time": "2025-12-26T05:00:00", "date": "2025-12-26", "hour": 5}}, {"type": "Feature", "geometry": {"type": "Point", "coordinates": [5.0, 54.75]}, "properties": {"value": 9.679, "time": "2025-12-26T05:00:00", "date": "2025-12-26", "hour": 5}}, {"type": "Feature", "geometry": {"type": "Point", "coordinates": [5.25, 54.75]}, "properties": {"value": 9.632, "time": "2025-12-26T05:00:00", "date": "2025-12-26", "hour": 5}}, {"type": "Feature", "geometry": {"type": "Point", "coordinates": [5.5, 54.75]}, "properties": {"value": 9.566, "time": "2025-12-26T05:00:00", "date": "2025-12-26", "hour": 5}}, {"type": "Feature", "geometry": {"type": "Point", "coordinates": [5.75, 54.75]}, "properties": {"value": 9.53, "time": "2025-12-26T05:00:00", "date": "2025-12-26", "hour": 5}}, {"type": "Feature", "geometry": {"type": "Point", "coordinates": [6.0, 54.75]}, "properties": {"value": 9.341, "time": "2025-12-26T05:00:00", "date": "2025-12-26", "hour": 5}}, {"type": "Feature", "geometry": {"type": "Point", "coordinates": [6.25, 54.75]}, "properties": {"value": 9.239, "time": "2025-12-26T05:00:00", "date": "2025-12-26", "hour": 5}}, {"type": "Feature", "geometry": {"type": "Point", "coordinates": [6.5, 54.75]}, "properties": {"value": 9.036, "time": "2025-12-26T05:00:00", "date": "2025-12-26", "hour": 5}}, {"type": "Feature", "geometry": {"type": "Point", "coordinates": [6.75, 54.75]}, "properties": {"value": 8.434, "time": "2025-12-26T05:00:00", "date": "2025-12-26", "hour": 5}}, {"type": "Feature", "geometry": {"type": "Point", "coordinates": [7.0, 54.75]}, "properties": {"value": 7.887, "time": "2025-12-26T05:00:00", "date": "2025-12-26", "hour": 5}}, {"type": "Feature", "geometry": {"type": "Point", "coordinates": [7.25, 54.75]}, "properties": {"value": 7.143, "time": "2025-12-26T05:00:00", "date": "2025-12-26", "hour": 5}}, {"type": "Feature", "geometry": {"type": "Point", "coordinates": [7.5, 54.75]}, "properties": {"value": 6.475, "time": "2025-12-26T05:00:00", "date": "2025-12-26", "hour": 5}}, {"type": "Feature", "geometry": {"type": "Point", "coordinates": [7.75, 54.75]}, "properties": {"value": 5.799, "time": "2025-12-26T05:00:00", "date": "2025-12-26", "hour": 5}}, {"type": "Feature", "geometry": {"type": "Point", "coordinates": [8.0, 54.75]}, "properties": {"value": 4.965, "time": "2025-12-26T05:00:00", "date": "2025-12-26", "hour": 5}}, {"type": "Feature", "geometry": {"type": "Point", "coordinates": [8.25, 54.75]}, "properties": {"value": 3.672, "time": "2025-12-26T05:00:00", "date": "2025-12-26", "hour": 5}}, {"type": "Feature", "geometry": {"type": "Point", "coordinates": [8.5, 54.75]}, "properties": {"value": 2.753, "time": "2025-12-26T05:00:00", "date": "2025-12-26", "hour": 5}}, {"type": "Feature", "geometry": {"type": "Point", "coordinates": [10.25, 54.75]}, "properties": {"value": 5.647, "time": "2025-12-26T05:00:00", "date": "2025-12-26", "hour": 5}}, {"type": "Feature", "geometry": {"type": "Point", "coordinates": [10.5, 54.75]}, "properties": {"value": 5.221, "time": "2025-12-26T05:00:00", "date": "2025-12-26", "hour": 5}}, {"type": "Feature", "geometry": {"type": "Point", "coordinates": [10.75, 54.75]}, "properties": {"value": 4.946, "time": "2025-12-26T05:00:00", "date": "2025-12-26", "hour": 5}}, {"type": "Feature", "geometry": {"type": "Point", "coordinates": [11.0, 54.75]}, "properties": {"value": 4.75, "time": "2025-12-26T05:00:00", "date": "2025-12-26", "hour": 5}}, {"type": "Feature", "geometry": {"type": "Point", "coordinates": [11.25, 54.75]}, "properties": {"value": 4.654, "time": "2025-12-26T05:00:00", "date": "2025-12-26", "hour": 5}}, {"type": "Feature", "geometry": {"type": "Point", "coordinates": [11.5, 54.75]}, "properties": {"value": 4.617, "time": "2025-12-26T05:00:00", "date": "2025-12-26", "hour": 5}}, {"type": "Feature", "geometry": {"type": "Point", "coordinates": [12.0, 54.75]}, "properties": {"value": 5.438, "time": "2025-12-26T05:00:00", "date": "2025-12-26", "hour": 5}}, {"type": "Feature", "geometry": {"type": "Point", "coordinates": [12.25, 54.75]}, "properties": {"value": 5.93, "time": "2025-12-26T05:00:00", "date": "2025-12-26", "hour": 5}}, {"type": "Feature", "geometry": {"type": "Point", "coordinates": [12.5, 54.75]}, "properties": {"value": 6.082, "time": "2025-12-26T05:00:00", "date": "2025-12-26", "hour": 5}}, {"type": "Feature", "geometry": {"type": "Point", "coordinates": [12.75, 54.75]}, "properties": {"value": 6.039, "time": "2025-12-26T05:00:00", "date": "2025-12-26", "hour": 5}}, {"type": "Feature", "geometry": {"type": "Point", "coordinates": [13.0, 54.75]}, "properties": {"value": 5.812, "time": "2025-12-26T05:00:00", "date": "2025-12-26", "hour": 5}}, {"type": "Feature", "geometry": {"type": "Point", "coordinates": [13.25, 54.75]}, "properties": {"value": 5.866, "time": "2025-12-26T05:00:00", "date": "2025-12-26", "hour": 5}}, {"type": "Feature", "geometry": {"type": "Point", "coordinates": [13.5, 54.75]}, "properties": {"value": 5.763, "time": "2025-12-26T05:00:00", "date": "2025-12-26", "hour": 5}}, {"type": "Feature", "geometry": {"type": "Point", "coordinates": [13.75, 54.75]}, "properties": {"value": 5.826, "time": "2025-12-26T05:00:00", "date": "2025-12-26", "hour": 5}}, {"type": "Feature", "geometry": {"type": "Point", "coordinates": [14.0, 54.75]}, "properties": {"value": 5.986, "time": "2025-12-26T05:00:00", "date": "2025-12-26", "hour": 5}}, {"type": "Feature", "geometry": {"type": "Point", "coordinates": [14.25, 54.75]}, "properties": {"value": 6.179, "time": "2025-12-26T05:00:00", "date": "2025-12-26", "hour": 5}}, {"type": "Feature", "geometry": {"type": "Point", "coordinates": [14.5, 54.75]}, "properties": {"value": 6.817, "time": "2025-12-26T05:00:00", "date": "2025-12-26", "hour": 5}}, {"type": "Feature", "geometry": {"type": "Point", "coordinates": [14.75, 54.75]}, "properties": {"value": 7.063, "time": "2025-12-26T05:00:00", "date": "2025-12-26", "hour": 5}}, {"type": "Feature", "geometry": {"type": "Point", "coordinates": [15.0, 54.75]}, "properties": {"value": 7.245, "time": "2025-12-26T05:00:00", "date": "2025-12-26", "hour": 5}}, {"type": "Feature", "geometry": {"type": "Point", "coordinates": [5.0, 55.0]}, "properties": {"value": 9.525, "time": "2025-12-26T05:00:00", "date": "2025-12-26", "hour": 5}}, {"type": "Feature", "geometry": {"type": "Point", "coordinates": [5.25, 55.0]}, "properties": {"value": 9.539, "time": "2025-12-26T05:00:00", "date": "2025-12-26", "hour": 5}}, {"type": "Feature", "geometry": {"type": "Point", "coordinates": [5.5, 55.0]}, "properties": {"value": 9.568, "time": "2025-12-26T05:00:00", "date": "2025-12-26", "hour": 5}}, {"type": "Feature", "geometry": {"type": "Point", "coordinates": [5.75, 55.0]}, "properties": {"value": 9.532, "time": "2025-12-26T05:00:00", "date": "2025-12-26", "hour": 5}}, {"type": "Feature", "geometry": {"type": "Point", "coordinates": [6.0, 55.0]}, "properties": {"value": 9.436, "time": "2025-12-26T05:00:00", "date": "2025-12-26", "hour": 5}}, {"type": "Feature", "geometry": {"type": "Point", "coordinates": [6.25, 55.0]}, "properties": {"value": 9.126, "time": "2025-12-26T05:00:00", "date": "2025-12-26", "hour": 5}}, {"type": "Feature", "geometry": {"type": "Point", "coordinates": [6.5, 55.0]}, "properties": {"value": 8.623, "time": "2025-12-26T05:00:00", "date": "2025-12-26", "hour": 5}}, {"type": "Feature", "geometry": {"type": "Point", "coordinates": [6.75, 55.0]}, "properties": {"value": 8.006, "time": "2025-12-26T05:00:00", "date": "2025-12-26", "hour": 5}}, {"type": "Feature", "geometry": {"type": "Point", "coordinates": [7.0, 55.0]}, "properties": {"value": 7.35, "time": "2025-12-26T05:00:00", "date": "2025-12-26", "hour": 5}}, {"type": "Feature", "geometry": {"type": "Point", "coordinates": [7.25, 55.0]}, "properties": {"value": 6.876, "time": "2025-12-26T05:00:00", "date": "2025-12-26", "hour": 5}}, {"type": "Feature", "geometry": {"type": "Point", "coordinates": [7.5, 55.0]}, "properties": {"value": 6.284, "time": "2025-12-26T05:00:00", "date": "2025-12-26", "hour": 5}}, {"type": "Feature", "geometry": {"type": "Point", "coordinates": [7.75, 55.0]}, "properties": {"value": 5.676, "time": "2025-12-26T05:00:00", "date": "2025-12-26", "hour": 5}}, {"type": "Feature", "geometry": {"type": "Point", "coordinates": [8.0, 55.0]}, "properties": {"value": 5.122, "time": "2025-12-26T05:00:00", "date": "2025-12-26", "hour": 5}}, {"type": "Feature", "geometry": {"type": "Point", "coordinates": [8.25, 55.0]}, "properties": {"value": 4.069, "time": "2025-12-26T05:00:00", "date": "2025-12-26", "hour": 5}}, {"type": "Feature", "geometry": {"type": "Point", "coordinates": [8.5, 55.0]}, "properties": {"value": 3.238, "time": "2025-12-26T05:00:00", "date": "2025-12-26", "hour": 5}}, {"type": "Feature", "geometry": {"type": "Point", "coordinates": [10.25, 55.0]}, "properties": {"value": 5.754, "time": "2025-12-26T05:00:00", "date": "2025-12-26", "hour": 5}}, {"type": "Feature", "geometry": {"type": "Point", "coordinates": [10.5, 55.0]}, "properties": {"value": 5.124, "time": "2025-12-26T05:00:00", "date": "2025-12-26", "hour": 5}}, {"type": "Feature", "geometry": {"type": "Point", "coordinates": [10.75, 55.0]}, "properties": {"value": 4.505, "time": "2025-12-26T05:00:00", "date": "2025-12-26", "hour": 5}}, {"type": "Feature", "geometry": {"type": "Point", "coordinates": [11.0, 55.0]}, "properties": {"value": 4.595, "time": "2025-12-26T05:00:00", "date": "2025-12-26", "hour": 5}}, {"type": "Feature", "geometry": {"type": "Point", "coordinates": [11.25, 55.0]}, "properties": {"value": 4.561, "time": "2025-12-26T05:00:00", "date": "2025-12-26", "hour": 5}}, {"type": "Feature", "geometry": {"type": "Point", "coordinates": [11.5, 55.0]}, "properties": {"value": 4.547, "time": "2025-12-26T05:00:00", "date": "2025-12-26", "hour": 5}}, {"type": "Feature", "geometry": {"type": "Point", "coordinates": [11.75, 55.0]}, "properties": {"value": 4.416, "time": "2025-12-26T05:00:00", "date": "2025-12-26", "hour": 5}}, {"type": "Feature", "geometry": {"type": "Point", "coordinates": [12.0, 55.0]}, "properties": {"value": 5.006, "time": "2025-12-26T05:00:00", "date": "2025-12-26", "hour": 5}}, {"type": "Feature", "geometry": {"type": "Point", "coordinates": [12.25, 55.0]}, "properties": {"value": 5.693, "time": "2025-12-26T05:00:00", "date": "2025-12-26", "hour": 5}}, {"type": "Feature", "geometry": {"type": "Point", "coordinates": [12.5, 55.0]}, "properties": {"value": 6.038, "time": "2025-12-26T05:00:00", "date": "2025-12-26", "hour": 5}}, {"type": "Feature", "geometry": {"type": "Point", "coordinates": [12.75, 55.0]}, "properties": {"value": 6.175, "time": "2025-12-26T05:00:00", "date": "2025-12-26", "hour": 5}}, {"type": "Feature", "geometry": {"type": "Point", "coordinates": [13.0, 55.0]}, "properties": {"value": 6.266, "time": "2025-12-26T05:00:00", "date": "2025-12-26", "hour": 5}}, {"type": "Feature", "geometry": {"type": "Point", "coordinates": [13.25, 55.0]}, "properties": {"value": 6.319, "time": "2025-12-26T05:00:00", "date": "2025-12-26", "hour": 5}}, {"type": "Feature", "geometry": {"type": "Point", "coordinates": [13.5, 55.0]}, "properties": {"value": 6.339, "time": "2025-12-26T05:00:00", "date": "2025-12-26", "hour": 5}}, {"type": "Feature", "geometry": {"type": "Point", "coordinates": [13.75, 55.0]}, "properties": {"value": 6.4, "time": "2025-12-26T05:00:00", "date": "2025-12-26", "hour": 5}}, {"type": "Feature", "geometry": {"type": "Point", "coordinates": [14.0, 55.0]}, "properties": {"value": 6.533, "time": "2025-12-26T05:00:00", "date": "2025-12-26", "hour": 5}}, {"type": "Feature", "geometry": {"type": "Point", "coordinates": [14.25, 55.0]}, "properties": {"value": 6.643, "time": "2025-12-26T05:00:00", "date": "2025-12-26", "hour": 5}}, {"type": "Feature", "geometry": {"type": "Point", "coordinates": [14.5, 55.0]}, "properties": {"value": 6.684, "time": "2025-12-26T05:00:00", "date": "2025-12-26", "hour": 5}}, {"type": "Feature", "geometry": {"type": "Point", "coordinates": [14.75, 55.0]}, "properties": {"value": 6.88, "time": "2025-12-26T05:00:00", "date": "2025-12-26", "hour": 5}}, {"type": "Feature", "geometry": {"type": "Point", "coordinates": [15.0, 55.0]}, "properties": {"value": 7.058, "time": "2025-12-26T05:00:00", "date": "2025-12-26", "hour": 5}}, {"type": "Feature", "geometry": {"type": "Point", "coordinates": [5.25, 52.75]}, "properties": {"value": 3.24, "time": "2025-12-26T06:00:00", "date": "2025-12-26", "hour": 6}}, {"type": "Feature", "geometry": {"type": "Point", "coordinates": [5.5, 52.75]}, "properties": {"value": 3.249, "time": "2025-12-26T06:00:00", "date": "2025-12-26", "hour": 6}}, {"type": "Feature", "geometry": {"type": "Point", "coordinates": [5.0, 53.0]}, "properties": {"value": 4.743, "time": "2025-12-26T06:00:00", "date": "2025-12-26", "hour": 6}}, {"type": "Feature", "geometry": {"type": "Point", "coordinates": [5.25, 53.0]}, "properties": {"value": 3.781, "time": "2025-12-26T06:00:00", "date": "2025-12-26", "hour": 6}}, {"type": "Feature", "geometry": {"type": "Point", "coordinates": [5.5, 53.0]}, "properties": {"value": 3.103, "time": "2025-12-26T06:00:00", "date": "2025-12-26", "hour": 6}}, {"type": "Feature", "geometry": {"type": "Point", "coordinates": [5.0, 53.25]}, "properties": {"value": 5.694, "time": "2025-12-26T06:00:00", "date": "2025-12-26", "hour": 6}}, {"type": "Feature", "geometry": {"type": "Point", "coordinates": [5.25, 53.25]}, "properties": {"value": 4.494, "time": "2025-12-26T06:00:00", "date": "2025-12-26", "hour": 6}}, {"type": "Feature", "geometry": {"type": "Point", "coordinates": [5.5, 53.25]}, "properties": {"value": 3.771, "time": "2025-12-26T06:00:00", "date": "2025-12-26", "hour": 6}}, {"type": "Feature", "geometry": {"type": "Point", "coordinates": [5.0, 53.5]}, "properties": {"value": 7.802, "time": "2025-12-26T06:00:00", "date": "2025-12-26", "hour": 6}}, {"type": "Feature", "geometry": {"type": "Point", "coordinates": [5.25, 53.5]}, "properties": {"value": 7.132, "time": "2025-12-26T06:00:00", "date": "2025-12-26", "hour": 6}}, {"type": "Feature", "geometry": {"type": "Point", "coordinates": [5.5, 53.5]}, "properties": {"value": 6.946, "time": "2025-12-26T06:00:00", "date": "2025-12-26", "hour": 6}}, {"type": "Feature", "geometry": {"type": "Point", "coordinates": [5.75, 53.5]}, "properties": {"value": 6.46, "time": "2025-12-26T06:00:00", "date": "2025-12-26", "hour": 6}}, {"type": "Feature", "geometry": {"type": "Point", "coordinates": [6.0, 53.5]}, "properties": {"value": 5.762, "time": "2025-12-26T06:00:00", "date": "2025-12-26", "hour": 6}}, {"type": "Feature", "geometry": {"type": "Point", "coordinates": [6.25, 53.5]}, "properties": {"value": 4.952, "time": "2025-12-26T06:00:00", "date": "2025-12-26", "hour": 6}}, {"type": "Feature", "geometry": {"type": "Point", "coordinates": [6.5, 53.5]}, "properties": {"value": 4.86, "time": "2025-12-26T06:00:00", "date": "2025-12-26", "hour": 6}}, {"type": "Feature", "geometry": {"type": "Point", "coordinates": [6.75, 53.5]}, "properties": {"value": 4.695, "time": "2025-12-26T06:00:00", "date": "2025-12-26", "hour": 6}}, {"type": "Feature", "geometry": {"type": "Point", "coordinates": [5.0, 53.75]}, "properties": {"value": 8.826, "time": "2025-12-26T06:00:00", "date": "2025-12-26", "hour": 6}}, {"type": "Feature", "geometry": {"type": "Point", "coordinates": [5.25, 53.75]}, "properties": {"value": 8.378, "time": "2025-12-26T06:00:00", "date": "2025-12-26", "hour": 6}}, {"type": "Feature", "geometry": {"type": "Point", "coordinates": [5.5, 53.75]}, "properties": {"value": 8.065, "time": "2025-12-26T06:00:00", "date": "2025-12-26", "hour": 6}}, {"type": "Feature", "geometry": {"type": "Point", "coordinates": [5.75, 53.75]}, "properties": {"value": 7.845, "time": "2025-12-26T06:00:00", "date": "2025-12-26", "hour": 6}}, {"type": "Feature", "geometry": {"type": "Point", "coordinates": [6.0, 53.75]}, "properties": {"value": 7.324, "time": "2025-12-26T06:00:00", "date": "2025-12-26", "hour": 6}}, {"type": "Feature", "geometry": {"type": "Point", "coordinates": [6.25, 53.75]}, "properties": {"value": 7.106, "time": "2025-12-26T06:00:00", "date": "2025-12-26", "hour": 6}}, {"type": "Feature", "geometry": {"type": "Point", "coordinates": [6.5, 53.75]}, "properties": {"value": 6.685, "time": "2025-12-26T06:00:00", "date": "2025-12-26", "hour": 6}}, {"type": "Feature", "geometry": {"type": "Point", "coordinates": [6.75, 53.75]}, "properties": {"value": 6.359, "time": "2025-12-26T06:00:00", "date": "2025-12-26", "hour": 6}}, {"type": "Feature", "geometry": {"type": "Point", "coordinates": [7.0, 53.75]}, "properties": {"value": 6.608, "time": "2025-12-26T06:00:00", "date": "2025-12-26", "hour": 6}}, {"type": "Feature", "geometry": {"type": "Point", "coordinates": [7.25, 53.75]}, "properties": {"value": 6.331, "time": "2025-12-26T06:00:00", "date": "2025-12-26", "hour": 6}}, {"type": "Feature", "geometry": {"type": "Point", "coordinates": [7.5, 53.75]}, "properties": {"value": 6.894, "time": "2025-12-26T06:00:00", "date": "2025-12-26", "hour": 6}}, {"type": "Feature", "geometry": {"type": "Point", "coordinates": [7.75, 53.75]}, "properties": {"value": 6.986, "time": "2025-12-26T06:00:00", "date": "2025-12-26", "hour": 6}}, {"type": "Feature", "geometry": {"type": "Point", "coordinates": [8.0, 53.75]}, "properties": {"value": 5.891, "time": "2025-12-26T06:00:00", "date": "2025-12-26", "hour": 6}}, {"type": "Feature", "geometry": {"type": "Point", "coordinates": [8.25, 53.75]}, "properties": {"value": 4.848, "time": "2025-12-26T06:00:00", "date": "2025-12-26", "hour": 6}}, {"type": "Feature", "geometry": {"type": "Point", "coordinates": [8.5, 53.75]}, "properties": {"value": 4.096, "time": "2025-12-26T06:00:00", "date": "2025-12-26", "hour": 6}}, {"type": "Feature", "geometry": {"type": "Point", "coordinates": [8.75, 53.75]}, "properties": {"value": 4.096, "time": "2025-12-26T06:00:00", "date": "2025-12-26", "hour": 6}}, {"type": "Feature", "geometry": {"type": "Point", "coordinates": [14.25, 53.75]}, "properties": {"value": 0.934, "time": "2025-12-26T06:00:00", "date": "2025-12-26", "hour": 6}}, {"type": "Feature", "geometry": {"type": "Point", "coordinates": [14.5, 53.75]}, "properties": {"value": 0.934, "time": "2025-12-26T06:00:00", "date": "2025-12-26", "hour": 6}}, {"type": "Feature", "geometry": {"type": "Point", "coordinates": [5.0, 54.0]}, "properties": {"value": 9.39, "time": "2025-12-26T06:00:00", "date": "2025-12-26", "hour": 6}}, {"type": "Feature", "geometry": {"type": "Point", "coordinates": [5.25, 54.0]}, "properties": {"value": 9.064, "time": "2025-12-26T06:00:00", "date": "2025-12-26", "hour": 6}}, {"type": "Feature", "geometry": {"type": "Point", "coordinates": [5.5, 54.0]}, "properties": {"value": 8.751, "time": "2025-12-26T06:00:00", "date": "2025-12-26", "hour": 6}}, {"type": "Feature", "geometry": {"type": "Point", "coordinates": [5.75, 54.0]}, "properties": {"value": 8.59, "time": "2025-12-26T06:00:00", "date": "2025-12-26", "hour": 6}}, {"type": "Feature", "geometry": {"type": "Point", "coordinates": [6.0, 54.0]}, "properties": {"value": 8.493, "time": "2025-12-26T06:00:00", "date": "2025-12-26", "hour": 6}}, {"type": "Feature", "geometry": {"type": "Point", "coordinates": [6.25, 54.0]}, "properties": {"value": 8.364, "time": "2025-12-26T06:00:00", "date": "2025-12-26", "hour": 6}}, {"type": "Feature", "geometry": {"type": "Point", "coordinates": [6.5, 54.0]}, "properties": {"value": 7.986, "time": "2025-12-26T06:00:00", "date": "2025-12-26", "hour": 6}}, {"type": "Feature", "geometry": {"type": "Point", "coordinates": [6.75, 54.0]}, "properties": {"value": 7.763, "time": "2025-12-26T06:00:00", "date": "2025-12-26", "hour": 6}}, {"type": "Feature", "geometry": {"type": "Point", "coordinates": [7.0, 54.0]}, "properties": {"value": 7.506, "time": "2025-12-26T06:00:00", "date": "2025-12-26", "hour": 6}}, {"type": "Feature", "geometry": {"type": "Point", "coordinates": [7.25, 54.0]}, "properties": {"value": 7.318, "time": "2025-12-26T06:00:00", "date": "2025-12-26", "hour": 6}}, {"type": "Feature", "geometry": {"type": "Point", "coordinates": [7.5, 54.0]}, "properties": {"value": 7.519, "time": "2025-12-26T06:00:00", "date": "2025-12-26", "hour": 6}}, {"type": "Feature", "geometry": {"type": "Point", "coordinates": [7.75, 54.0]}, "properties": {"value": 7.432, "time": "2025-12-26T06:00:00", "date": "2025-12-26", "hour": 6}}, {"type": "Feature", "geometry": {"type": "Point", "coordinates": [8.0, 54.0]}, "properties": {"value": 7.03, "time": "2025-12-26T06:00:00", "date": "2025-12-26", "hour": 6}}, {"type": "Feature", "geometry": {"type": "Point", "coordinates": [8.25, 54.0]}, "properties": {"value": 6.242, "time": "2025-12-26T06:00:00", "date": "2025-12-26", "hour": 6}}, {"type": "Feature", "geometry": {"type": "Point", "coordinates": [8.5, 54.0]}, "properties": {"value": 4.937, "time": "2025-12-26T06:00:00", "date": "2025-12-26", "hour": 6}}, {"type": "Feature", "geometry": {"type": "Point", "coordinates": [11.25, 54.0]}, "properties": {"value": 5.122, "time": "2025-12-26T06:00:00", "date": "2025-12-26", "hour": 6}}, {"type": "Feature", "geometry": {"type": "Point", "coordinates": [14.0, 54.0]}, "properties": {"value": 3.376, "time": "2025-12-26T06:00:00", "date": "2025-12-26", "hour": 6}}, {"type": "Feature", "geometry": {"type": "Point", "coordinates": [14.25, 54.0]}, "properties": {"value": 4.446, "time": "2025-12-26T06:00:00", "date": "2025-12-26", "hour": 6}}, {"type": "Feature", "geometry": {"type": "Point", "coordinates": [14.5, 54.0]}, "properties": {"value": 3.948, "time": "2025-12-26T06:00:00", "date": "2025-12-26", "hour": 6}}, {"type": "Feature", "geometry": {"type": "Point", "coordinates": [14.75, 54.0]}, "properties": {"value": 4.721, "time": "2025-12-26T06:00:00", "date": "2025-12-26", "hour": 6}}, {"type": "Feature", "geometry": {"type": "Point", "coordinates": [5.0, 54.25]}, "properties": {"value": 9.611, "time": "2025-12-26T06:00:00", "date": "2025-12-26", "hour": 6}}, {"type": "Feature", "geometry": {"type": "Point", "coordinates": [5.25, 54.25]}, "properties": {"value": 9.363, "time": "2025-12-26T06:00:00", "date": "2025-12-26", "hour": 6}}, {"type": "Feature", "geometry": {"type": "Point", "coordinates": [5.5, 54.25]}, "properties": {"value": 9.181, "time": "2025-12-26T06:00:00", "date": "2025-12-26", "hour": 6}}, {"type": "Feature", "geometry": {"type": "Point", "coordinates": [5.75, 54.25]}, "properties": {"value": 9.034, "time": "2025-12-26T06:00:00", "date": "2025-12-26", "hour": 6}}, {"type": "Feature", "geometry": {"type": "Point", "coordinates": [6.0, 54.25]}, "properties": {"value": 8.907, "time": "2025-12-26T06:00:00", "date": "2025-12-26", "hour": 6}}, {"type": "Feature", "geometry": {"type": "Point", "coordinates": [6.25, 54.25]}, "properties": {"value": 8.875, "time": "2025-12-26T06:00:00", "date": "2025-12-26", "hour": 6}}, {"type": "Feature", "geometry": {"type": "Point", "coordinates": [6.5, 54.25]}, "properties": {"value": 8.87, "time": "2025-12-26T06:00:00", "date": "2025-12-26", "hour": 6}}, {"type": "Feature", "geometry": {"type": "Point", "coordinates": [6.75, 54.25]}, "properties": {"value": 8.635, "time": "2025-12-26T06:00:00", "date": "2025-12-26", "hour": 6}}, {"type": "Feature", "geometry": {"type": "Point", "coordinates": [7.0, 54.25]}, "properties": {"value": 8.38, "time": "2025-12-26T06:00:00", "date": "2025-12-26", "hour": 6}}, {"type": "Feature", "geometry": {"type": "Point", "coordinates": [7.25, 54.25]}, "properties": {"value": 7.845, "time": "2025-12-26T06:00:00", "date": "2025-12-26", "hour": 6}}, {"type": "Feature", "geometry": {"type": "Point", "coordinates": [7.5, 54.25]}, "properties": {"value": 7.526, "time": "2025-12-26T06:00:00", "date": "2025-12-26", "hour": 6}}, {"type": "Feature", "geometry": {"type": "Point", "coordinates": [7.75, 54.25]}, "properties": {"value": 7.333, "time": "2025-12-26T06:00:00", "date": "2025-12-26", "hour": 6}}, {"type": "Feature", "geometry": {"type": "Point", "coordinates": [8.0, 54.25]}, "properties": {"value": 7.068, "time": "2025-12-26T06:00:00", "date": "2025-12-26", "hour": 6}}, {"type": "Feature", "geometry": {"type": "Point", "coordinates": [8.25, 54.25]}, "properties": {"value": 5.934, "time": "2025-12-26T06:00:00", "date": "2025-12-26", "hour": 6}}, {"type": "Feature", "geometry": {"type": "Point", "coordinates": [8.5, 54.25]}, "properties": {"value": 4.685, "time": "2025-12-26T06:00:00", "date": "2025-12-26", "hour": 6}}, {"type": "Feature", "geometry": {"type": "Point", "coordinates": [10.75, 54.25]}, "properties": {"value": 5.437, "time": "2025-12-26T06:00:00", "date": "2025-12-26", "hour": 6}}, {"type": "Feature", "geometry": {"type": "Point", "coordinates": [11.25, 54.25]}, "properties": {"value": 5.213, "time": "2025-12-26T06:00:00", "date": "2025-12-26", "hour": 6}}, {"type": "Feature", "geometry": {"type": "Point", "coordinates": [11.75, 54.25]}, "properties": {"value": 5.469, "time": "2025-12-26T06:00:00", "date": "2025-12-26", "hour": 6}}, {"type": "Feature", "geometry": {"type": "Point", "coordinates": [12.25, 54.25]}, "properties": {"value": 5.571, "time": "2025-12-26T06:00:00", "date": "2025-12-26", "hour": 6}}, {"type": "Feature", "geometry": {"type": "Point", "coordinates": [13.75, 54.25]}, "properties": {"value": 3.253, "time": "2025-12-26T06:00:00", "date": "2025-12-26", "hour": 6}}, {"type": "Feature", "geometry": {"type": "Point", "coordinates": [14.0, 54.25]}, "properties": {"value": 4.088, "time": "2025-12-26T06:00:00", "date": "2025-12-26", "hour": 6}}, {"type": "Feature", "geometry": {"type": "Point", "coordinates": [14.25, 54.25]}, "properties": {"value": 4.856, "time": "2025-12-26T06:00:00", "date": "2025-12-26", "hour": 6}}, {"type": "Feature", "geometry": {"type": "Point", "coordinates": [14.5, 54.25]}, "properties": {"value": 5.434, "time": "2025-12-26T06:00:00", "date": "2025-12-26", "hour": 6}}, {"type": "Feature", "geometry": {"type": "Point", "coordinates": [14.75, 54.25]}, "properties": {"value": 5.612, "time": "2025-12-26T06:00:00", "date": "2025-12-26", "hour": 6}}, {"type": "Feature", "geometry": {"type": "Point", "coordinates": [15.0, 54.25]}, "properties": {"value": 5.983, "time": "2025-12-26T06:00:00", "date": "2025-12-26", "hour": 6}}, {"type": "Feature", "geometry": {"type": "Point", "coordinates": [5.0, 54.5]}, "properties": {"value": 9.654, "time": "2025-12-26T06:00:00", "date": "2025-12-26", "hour": 6}}, {"type": "Feature", "geometry": {"type": "Point", "coordinates": [5.25, 54.5]}, "properties": {"value": 9.607, "time": "2025-12-26T06:00:00", "date": "2025-12-26", "hour": 6}}, {"type": "Feature", "geometry": {"type": "Point", "coordinates": [5.5, 54.5]}, "properties": {"value": 9.477, "time": "2025-12-26T06:00:00", "date": "2025-12-26", "hour": 6}}, {"type": "Feature", "geometry": {"type": "Point", "coordinates": [5.75, 54.5]}, "properties": {"value": 9.325, "time": "2025-12-26T06:00:00", "date": "2025-12-26", "hour": 6}}, {"type": "Feature", "geometry": {"type": "Point", "coordinates": [6.0, 54.5]}, "properties": {"value": 9.165, "time": "2025-12-26T06:00:00", "date": "2025-12-26", "hour": 6}}, {"type": "Feature", "geometry": {"type": "Point", "coordinates": [6.25, 54.5]}, "properties": {"value": 9.063, "time": "2025-12-26T06:00:00", "date": "2025-12-26", "hour": 6}}, {"type": "Feature", "geometry": {"type": "Point", "coordinates": [6.5, 54.5]}, "properties": {"value": 9.106, "time": "2025-12-26T06:00:00", "date": "2025-12-26", "hour": 6}}, {"type": "Feature", "geometry": {"type": "Point", "coordinates": [6.75, 54.5]}, "properties": {"value": 8.931, "time": "2025-12-26T06:00:00", "date": "2025-12-26", "hour": 6}}, {"type": "Feature", "geometry": {"type": "Point", "coordinates": [7.0, 54.5]}, "properties": {"value": 8.478, "time": "2025-12-26T06:00:00", "date": "2025-12-26", "hour": 6}}, {"type": "Feature", "geometry": {"type": "Point", "coordinates": [7.25, 54.5]}, "properties": {"value": 7.731, "time": "2025-12-26T06:00:00", "date": "2025-12-26", "hour": 6}}, {"type": "Feature", "geometry": {"type": "Point", "coordinates": [7.5, 54.5]}, "properties": {"value": 6.981, "time": "2025-12-26T06:00:00", "date": "2025-12-26", "hour": 6}}, {"type": "Feature", "geometry": {"type": "Point", "coordinates": [7.75, 54.5]}, "properties": {"value": 6.704, "time": "2025-12-26T06:00:00", "date": "2025-12-26", "hour": 6}}, {"type": "Feature", "geometry": {"type": "Point", "coordinates": [8.0, 54.5]}, "properties": {"value": 5.901, "time": "2025-12-26T06:00:00", "date": "2025-12-26", "hour": 6}}, {"type": "Feature", "geometry": {"type": "Point", "coordinates": [8.25, 54.5]}, "properties": {"value": 4.62, "time": "2025-12-26T06:00:00", "date": "2025-12-26", "hour": 6}}, {"type": "Feature", "geometry": {"type": "Point", "coordinates": [8.5, 54.5]}, "properties": {"value": 3.574, "time": "2025-12-26T06:00:00", "date": "2025-12-26", "hour": 6}}, {"type": "Feature", "geometry": {"type": "Point", "coordinates": [10.5, 54.5]}, "properties": {"value": 5.53, "time": "2025-12-26T06:00:00", "date": "2025-12-26", "hour": 6}}, {"type": "Feature", "geometry": {"type": "Point", "coordinates": [10.75, 54.5]}, "properties": {"value": 5.328, "time": "2025-12-26T06:00:00", "date": "2025-12-26", "hour": 6}}, {"type": "Feature", "geometry": {"type": "Point", "coordinates": [11.0, 54.5]}, "properties": {"value": 5.139, "time": "2025-12-26T06:00:00", "date": "2025-12-26", "hour": 6}}, {"type": "Feature", "geometry": {"type": "Point", "coordinates": [11.25, 54.5]}, "properties": {"value": 5.06, "time": "2025-12-26T06:00:00", "date": "2025-12-26", "hour": 6}}, {"type": "Feature", "geometry": {"type": "Point", "coordinates": [11.5, 54.5]}, "properties": {"value": 5.155, "time": "2025-12-26T06:00:00", "date": "2025-12-26", "hour": 6}}, {"type": "Feature", "geometry": {"type": "Point", "coordinates": [11.75, 54.5]}, "properties": {"value": 5.523, "time": "2025-12-26T06:00:00", "date": "2025-12-26", "hour": 6}}, {"type": "Feature", "geometry": {"type": "Point", "coordinates": [12.0, 54.5]}, "properties": {"value": 5.705, "time": "2025-12-26T06:00:00", "date": "2025-12-26", "hour": 6}}, {"type": "Feature", "geometry": {"type": "Point", "coordinates": [12.25, 54.5]}, "properties": {"value": 5.774, "time": "2025-12-26T06:00:00", "date": "2025-12-26", "hour": 6}}, {"type": "Feature", "geometry": {"type": "Point", "coordinates": [13.0, 54.5]}, "properties": {"value": 5.655, "time": "2025-12-26T06:00:00", "date": "2025-12-26", "hour": 6}}, {"type": "Feature", "geometry": {"type": "Point", "coordinates": [13.25, 54.5]}, "properties": {"value": 4.774, "time": "2025-12-26T06:00:00", "date": "2025-12-26", "hour": 6}}, {"type": "Feature", "geometry": {"type": "Point", "coordinates": [13.5, 54.5]}, "properties": {"value": 4.289, "time": "2025-12-26T06:00:00", "date": "2025-12-26", "hour": 6}}, {"type": "Feature", "geometry": {"type": "Point", "coordinates": [13.75, 54.5]}, "properties": {"value": 4.353, "time": "2025-12-26T06:00:00", "date": "2025-12-26", "hour": 6}}, {"type": "Feature", "geometry": {"type": "Point", "coordinates": [14.0, 54.5]}, "properties": {"value": 5.093, "time": "2025-12-26T06:00:00", "date": "2025-12-26", "hour": 6}}, {"type": "Feature", "geometry": {"type": "Point", "coordinates": [14.25, 54.5]}, "properties": {"value": 5.782, "time": "2025-12-26T06:00:00", "date": "2025-12-26", "hour": 6}}, {"type": "Feature", "geometry": {"type": "Point", "coordinates": [14.5, 54.5]}, "properties": {"value": 6.421, "time": "2025-12-26T06:00:00", "date": "2025-12-26", "hour": 6}}, {"type": "Feature", "geometry": {"type": "Point", "coordinates": [14.75, 54.5]}, "properties": {"value": 6.673, "time": "2025-12-26T06:00:00", "date": "2025-12-26", "hour": 6}}, {"type": "Feature", "geometry": {"type": "Point", "coordinates": [15.0, 54.5]}, "properties": {"value": 6.935, "time": "2025-12-26T06:00:00", "date": "2025-12-26", "hour": 6}}, {"type": "Feature", "geometry": {"type": "Point", "coordinates": [5.0, 54.75]}, "properties": {"value": 9.679, "time": "2025-12-26T06:00:00", "date": "2025-12-26", "hour": 6}}, {"type": "Feature", "geometry": {"type": "Point", "coordinates": [5.25, 54.75]}, "properties": {"value": 9.632, "time": "2025-12-26T06:00:00", "date": "2025-12-26", "hour": 6}}, {"type": "Feature", "geometry": {"type": "Point", "coordinates": [5.5, 54.75]}, "properties": {"value": 9.566, "time": "2025-12-26T06:00:00", "date": "2025-12-26", "hour": 6}}, {"type": "Feature", "geometry": {"type": "Point", "coordinates": [5.75, 54.75]}, "properties": {"value": 9.53, "time": "2025-12-26T06:00:00", "date": "2025-12-26", "hour": 6}}, {"type": "Feature", "geometry": {"type": "Point", "coordinates": [6.0, 54.75]}, "properties": {"value": 9.341, "time": "2025-12-26T06:00:00", "date": "2025-12-26", "hour": 6}}, {"type": "Feature", "geometry": {"type": "Point", "coordinates": [6.25, 54.75]}, "properties": {"value": 9.239, "time": "2025-12-26T06:00:00", "date": "2025-12-26", "hour": 6}}, {"type": "Feature", "geometry": {"type": "Point", "coordinates": [6.5, 54.75]}, "properties": {"value": 9.036, "time": "2025-12-26T06:00:00", "date": "2025-12-26", "hour": 6}}, {"type": "Feature", "geometry": {"type": "Point", "coordinates": [6.75, 54.75]}, "properties": {"value": 8.434, "time": "2025-12-26T06:00:00", "date": "2025-12-26", "hour": 6}}, {"type": "Feature", "geometry": {"type": "Point", "coordinates": [7.0, 54.75]}, "properties": {"value": 7.887, "time": "2025-12-26T06:00:00", "date": "2025-12-26", "hour": 6}}, {"type": "Feature", "geometry": {"type": "Point", "coordinates": [7.25, 54.75]}, "properties": {"value": 7.143, "time": "2025-12-26T06:00:00", "date": "2025-12-26", "hour": 6}}, {"type": "Feature", "geometry": {"type": "Point", "coordinates": [7.5, 54.75]}, "properties": {"value": 6.475, "time": "2025-12-26T06:00:00", "date": "2025-12-26", "hour": 6}}, {"type": "Feature", "geometry": {"type": "Point", "coordinates": [7.75, 54.75]}, "properties": {"value": 5.799, "time": "2025-12-26T06:00:00", "date": "2025-12-26", "hour": 6}}, {"type": "Feature", "geometry": {"type": "Point", "coordinates": [8.0, 54.75]}, "properties": {"value": 4.965, "time": "2025-12-26T06:00:00", "date": "2025-12-26", "hour": 6}}, {"type": "Feature", "geometry": {"type": "Point", "coordinates": [8.25, 54.75]}, "properties": {"value": 3.672, "time": "2025-12-26T06:00:00", "date": "2025-12-26", "hour": 6}}, {"type": "Feature", "geometry": {"type": "Point", "coordinates": [8.5, 54.75]}, "properties": {"value": 2.753, "time": "2025-12-26T06:00:00", "date": "2025-12-26", "hour": 6}}, {"type": "Feature", "geometry": {"type": "Point", "coordinates": [10.25, 54.75]}, "properties": {"value": 5.647, "time": "2025-12-26T06:00:00", "date": "2025-12-26", "hour": 6}}, {"type": "Feature", "geometry": {"type": "Point", "coordinates": [10.5, 54.75]}, "properties": {"value": 5.221, "time": "2025-12-26T06:00:00", "date": "2025-12-26", "hour": 6}}, {"type": "Feature", "geometry": {"type": "Point", "coordinates": [10.75, 54.75]}, "properties": {"value": 4.946, "time": "2025-12-26T06:00:00", "date": "2025-12-26", "hour": 6}}, {"type": "Feature", "geometry": {"type": "Point", "coordinates": [11.0, 54.75]}, "properties": {"value": 4.75, "time": "2025-12-26T06:00:00", "date": "2025-12-26", "hour": 6}}, {"type": "Feature", "geometry": {"type": "Point", "coordinates": [11.25, 54.75]}, "properties": {"value": 4.654, "time": "2025-12-26T06:00:00", "date": "2025-12-26", "hour": 6}}, {"type": "Feature", "geometry": {"type": "Point", "coordinates": [11.5, 54.75]}, "properties": {"value": 4.617, "time": "2025-12-26T06:00:00", "date": "2025-12-26", "hour": 6}}, {"type": "Feature", "geometry": {"type": "Point", "coordinates": [12.0, 54.75]}, "properties": {"value": 5.438, "time": "2025-12-26T06:00:00", "date": "2025-12-26", "hour": 6}}, {"type": "Feature", "geometry": {"type": "Point", "coordinates": [12.25, 54.75]}, "properties": {"value": 5.93, "time": "2025-12-26T06:00:00", "date": "2025-12-26", "hour": 6}}, {"type": "Feature", "geometry": {"type": "Point", "coordinates": [12.5, 54.75]}, "properties": {"value": 6.082, "time": "2025-12-26T06:00:00", "date": "2025-12-26", "hour": 6}}, {"type": "Feature", "geometry": {"type": "Point", "coordinates": [12.75, 54.75]}, "properties": {"value": 6.039, "time": "2025-12-26T06:00:00", "date": "2025-12-26", "hour": 6}}, {"type": "Feature", "geometry": {"type": "Point", "coordinates": [13.0, 54.75]}, "properties": {"value": 5.812, "time": "2025-12-26T06:00:00", "date": "2025-12-26", "hour": 6}}, {"type": "Feature", "geometry": {"type": "Point", "coordinates": [13.25, 54.75]}, "properties": {"value": 5.866, "time": "2025-12-26T06:00:00", "date": "2025-12-26", "hour": 6}}, {"type": "Feature", "geometry": {"type": "Point", "coordinates": [13.5, 54.75]}, "properties": {"value": 5.763, "time": "2025-12-26T06:00:00", "date": "2025-12-26", "hour": 6}}, {"type": "Feature", "geometry": {"type": "Point", "coordinates": [13.75, 54.75]}, "properties": {"value": 5.826, "time": "2025-12-26T06:00:00", "date": "2025-12-26", "hour": 6}}, {"type": "Feature", "geometry": {"type": "Point", "coordinates": [14.0, 54.75]}, "properties": {"value": 5.986, "time": "2025-12-26T06:00:00", "date": "2025-12-26", "hour": 6}}, {"type": "Feature", "geometry": {"type": "Point", "coordinates": [14.25, 54.75]}, "properties": {"value": 6.179, "time": "2025-12-26T06:00:00", "date": "2025-12-26", "hour": 6}}, {"type": "Feature", "geometry": {"type": "Point", "coordinates": [14.5, 54.75]}, "properties": {"value": 6.817, "time": "2025-12-26T06:00:00", "date": "2025-12-26", "hour": 6}}, {"type": "Feature", "geometry": {"type": "Point", "coordinates": [14.75, 54.75]}, "properties": {"value": 7.063, "time": "2025-12-26T06:00:00", "date": "2025-12-26", "hour": 6}}, {"type": "Feature", "geometry": {"type": "Point", "coordinates": [15.0, 54.75]}, "properties": {"value": 7.245, "time": "2025-12-26T06:00:00", "date": "2025-12-26", "hour": 6}}, {"type": "Feature", "geometry": {"type": "Point", "coordinates": [5.0, 55.0]}, "properties": {"value": 9.525, "time": "2025-12-26T06:00:00", "date": "2025-12-26", "hour": 6}}, {"type": "Feature", "geometry": {"type": "Point", "coordinates": [5.25, 55.0]}, "properties": {"value": 9.539, "time": "2025-12-26T06:00:00", "date": "2025-12-26", "hour": 6}}, {"type": "Feature", "geometry": {"type": "Point", "coordinates": [5.5, 55.0]}, "properties": {"value": 9.568, "time": "2025-12-26T06:00:00", "date": "2025-12-26", "hour": 6}}, {"type": "Feature", "geometry": {"type": "Point", "coordinates": [5.75, 55.0]}, "properties": {"value": 9.532, "time": "2025-12-26T06:00:00", "date": "2025-12-26", "hour": 6}}, {"type": "Feature", "geometry": {"type": "Point", "coordinates": [6.0, 55.0]}, "properties": {"value": 9.436, "time": "2025-12-26T06:00:00", "date": "2025-12-26", "hour": 6}}, {"type": "Feature", "geometry": {"type": "Point", "coordinates": [6.25, 55.0]}, "properties": {"value": 9.126, "time": "2025-12-26T06:00:00", "date": "2025-12-26", "hour": 6}}, {"type": "Feature", "geometry": {"type": "Point", "coordinates": [6.5, 55.0]}, "properties": {"value": 8.623, "time": "2025-12-26T06:00:00", "date": "2025-12-26", "hour": 6}}, {"type": "Feature", "geometry": {"type": "Point", "coordinates": [6.75, 55.0]}, "properties": {"value": 8.006, "time": "2025-12-26T06:00:00", "date": "2025-12-26", "hour": 6}}, {"type": "Feature", "geometry": {"type": "Point", "coordinates": [7.0, 55.0]}, "properties": {"value": 7.35, "time": "2025-12-26T06:00:00", "date": "2025-12-26", "hour": 6}}, {"type": "Feature", "geometry": {"type": "Point", "coordinates": [7.25, 55.0]}, "properties": {"value": 6.876, "time": "2025-12-26T06:00:00", "date": "2025-12-26", "hour": 6}}, {"type": "Feature", "geometry": {"type": "Point", "coordinates": [7.5, 55.0]}, "properties": {"value": 6.284, "time": "2025-12-26T06:00:00", "date": "2025-12-26", "hour": 6}}, {"type": "Feature", "geometry": {"type": "Point", "coordinates": [7.75, 55.0]}, "properties": {"value": 5.676, "time": "2025-12-26T06:00:00", "date": "2025-12-26", "hour": 6}}, {"type": "Feature", "geometry": {"type": "Point", "coordinates": [8.0, 55.0]}, "properties": {"value": 5.122, "time": "2025-12-26T06:00:00", "date": "2025-12-26", "hour": 6}}, {"type": "Feature", "geometry": {"type": "Point", "coordinates": [8.25, 55.0]}, "properties": {"value": 4.069, "time": "2025-12-26T06:00:00", "date": "2025-12-26", "hour": 6}}, {"type": "Feature", "geometry": {"type": "Point", "coordinates": [8.5, 55.0]}, "properties": {"value": 3.238, "time": "2025-12-26T06:00:00", "date": "2025-12-26", "hour": 6}}, {"type": "Feature", "geometry": {"type": "Point", "coordinates": [10.25, 55.0]}, "properties": {"value": 5.754, "time": "2025-12-26T06:00:00", "date": "2025-12-26", "hour": 6}}, {"type": "Feature", "geometry": {"type": "Point", "coordinates": [10.5, 55.0]}, "properties": {"value": 5.124, "time": "2025-12-26T06:00:00", "date": "2025-12-26", "hour": 6}}, {"type": "Feature", "geometry": {"type": "Point", "coordinates": [10.75, 55.0]}, "properties": {"value": 4.505, "time": "2025-12-26T06:00:00", "date": "2025-12-26", "hour": 6}}, {"type": "Feature", "geometry": {"type": "Point", "coordinates": [11.0, 55.0]}, "properties": {"value": 4.595, "time": "2025-12-26T06:00:00", "date": "2025-12-26", "hour": 6}}, {"type": "Feature", "geometry": {"type": "Point", "coordinates": [11.25, 55.0]}, "properties": {"value": 4.561, "time": "2025-12-26T06:00:00", "date": "2025-12-26", "hour": 6}}, {"type": "Feature", "geometry": {"type": "Point", "coordinates": [11.5, 55.0]}, "properties": {"value": 4.547, "time": "2025-12-26T06:00:00", "date": "2025-12-26", "hour": 6}}, {"type": "Feature", "geometry": {"type": "Point", "coordinates": [11.75, 55.0]}, "properties": {"value": 4.416, "time": "2025-12-26T06:00:00", "date": "2025-12-26", "hour": 6}}, {"type": "Feature", "geometry": {"type": "Point", "coordinates": [12.0, 55.0]}, "properties": {"value": 5.006, "time": "2025-12-26T06:00:00", "date": "2025-12-26", "hour": 6}}, {"type": "Feature", "geometry": {"type": "Point", "coordinates": [12.25, 55.0]}, "properties": {"value": 5.693, "time": "2025-12-26T06:00:00", "date": "2025-12-26", "hour": 6}}, {"type": "Feature", "geometry": {"type": "Point", "coordinates": [12.5, 55.0]}, "properties": {"value": 6.038, "time": "2025-12-26T06:00:00", "date": "2025-12-26", "hour": 6}}, {"type": "Feature", "geometry": {"type": "Point", "coordinates": [12.75, 55.0]}, "properties": {"value": 6.175, "time": "2025-12-26T06:00:00", "date": "2025-12-26", "hour": 6}}, {"type": "Feature", "geometry": {"type": "Point", "coordinates": [13.0, 55.0]}, "properties": {"value": 6.266, "time": "2025-12-26T06:00:00", "date": "2025-12-26", "hour": 6}}, {"type": "Feature", "geometry": {"type": "Point", "coordinates": [13.25, 55.0]}, "properties": {"value": 6.319, "time": "2025-12-26T06:00:00", "date": "2025-12-26", "hour": 6}}, {"type": "Feature", "geometry": {"type": "Point", "coordinates": [13.5, 55.0]}, "properties": {"value": 6.339, "time": "2025-12-26T06:00:00", "date": "2025-12-26", "hour": 6}}, {"type": "Feature", "geometry": {"type": "Point", "coordinates": [13.75, 55.0]}, "properties": {"value": 6.4, "time": "2025-12-26T06:00:00", "date": "2025-12-26", "hour": 6}}, {"type": "Feature", "geometry": {"type": "Point", "coordinates": [14.0, 55.0]}, "properties": {"value": 6.533, "time": "2025-12-26T06:00:00", "date": "2025-12-26", "hour": 6}}, {"type": "Feature", "geometry": {"type": "Point", "coordinates": [14.25, 55.0]}, "properties": {"value": 6.643, "time": "2025-12-26T06:00:00", "date": "2025-12-26", "hour": 6}}, {"type": "Feature", "geometry": {"type": "Point", "coordinates": [14.5, 55.0]}, "properties": {"value": 6.684, "time": "2025-12-26T06:00:00", "date": "2025-12-26", "hour": 6}}, {"type": "Feature", "geometry": {"type": "Point", "coordinates": [14.75, 55.0]}, "properties": {"value": 6.88, "time": "2025-12-26T06:00:00", "date": "2025-12-26", "hour": 6}}, {"type": "Feature", "geometry": {"type": "Point", "coordinates": [15.0, 55.0]}, "properties": {"value": 7.058, "time": "2025-12-26T06:00:00", "date": "2025-12-26", "hour": 6}}, {"type": "Feature", "geometry": {"type": "Point", "coordinates": [5.25, 52.75]}, "properties": {"value": 3.24, "time": "2025-12-26T07:00:00", "date": "2025-12-26", "hour": 7}}, {"type": "Feature", "geometry": {"type": "Point", "coordinates": [5.5, 52.75]}, "properties": {"value": 3.249, "time": "2025-12-26T07:00:00", "date": "2025-12-26", "hour": 7}}, {"type": "Feature", "geometry": {"type": "Point", "coordinates": [5.0, 53.0]}, "properties": {"value": 4.743, "time": "2025-12-26T07:00:00", "date": "2025-12-26", "hour": 7}}, {"type": "Feature", "geometry": {"type": "Point", "coordinates": [5.25, 53.0]}, "properties": {"value": 3.781, "time": "2025-12-26T07:00:00", "date": "2025-12-26", "hour": 7}}, {"type": "Feature", "geometry": {"type": "Point", "coordinates": [5.5, 53.0]}, "properties": {"value": 3.103, "time": "2025-12-26T07:00:00", "date": "2025-12-26", "hour": 7}}, {"type": "Feature", "geometry": {"type": "Point", "coordinates": [5.0, 53.25]}, "properties": {"value": 5.694, "time": "2025-12-26T07:00:00", "date": "2025-12-26", "hour": 7}}, {"type": "Feature", "geometry": {"type": "Point", "coordinates": [5.25, 53.25]}, "properties": {"value": 4.494, "time": "2025-12-26T07:00:00", "date": "2025-12-26", "hour": 7}}, {"type": "Feature", "geometry": {"type": "Point", "coordinates": [5.5, 53.25]}, "properties": {"value": 3.771, "time": "2025-12-26T07:00:00", "date": "2025-12-26", "hour": 7}}, {"type": "Feature", "geometry": {"type": "Point", "coordinates": [5.0, 53.5]}, "properties": {"value": 7.802, "time": "2025-12-26T07:00:00", "date": "2025-12-26", "hour": 7}}, {"type": "Feature", "geometry": {"type": "Point", "coordinates": [5.25, 53.5]}, "properties": {"value": 7.132, "time": "2025-12-26T07:00:00", "date": "2025-12-26", "hour": 7}}, {"type": "Feature", "geometry": {"type": "Point", "coordinates": [5.5, 53.5]}, "properties": {"value": 6.946, "time": "2025-12-26T07:00:00", "date": "2025-12-26", "hour": 7}}, {"type": "Feature", "geometry": {"type": "Point", "coordinates": [5.75, 53.5]}, "properties": {"value": 6.46, "time": "2025-12-26T07:00:00", "date": "2025-12-26", "hour": 7}}, {"type": "Feature", "geometry": {"type": "Point", "coordinates": [6.0, 53.5]}, "properties": {"value": 5.762, "time": "2025-12-26T07:00:00", "date": "2025-12-26", "hour": 7}}, {"type": "Feature", "geometry": {"type": "Point", "coordinates": [6.25, 53.5]}, "properties": {"value": 4.952, "time": "2025-12-26T07:00:00", "date": "2025-12-26", "hour": 7}}, {"type": "Feature", "geometry": {"type": "Point", "coordinates": [6.5, 53.5]}, "properties": {"value": 4.86, "time": "2025-12-26T07:00:00", "date": "2025-12-26", "hour": 7}}, {"type": "Feature", "geometry": {"type": "Point", "coordinates": [6.75, 53.5]}, "properties": {"value": 4.695, "time": "2025-12-26T07:00:00", "date": "2025-12-26", "hour": 7}}, {"type": "Feature", "geometry": {"type": "Point", "coordinates": [5.0, 53.75]}, "properties": {"value": 8.826, "time": "2025-12-26T07:00:00", "date": "2025-12-26", "hour": 7}}, {"type": "Feature", "geometry": {"type": "Point", "coordinates": [5.25, 53.75]}, "properties": {"value": 8.378, "time": "2025-12-26T07:00:00", "date": "2025-12-26", "hour": 7}}, {"type": "Feature", "geometry": {"type": "Point", "coordinates": [5.5, 53.75]}, "properties": {"value": 8.065, "time": "2025-12-26T07:00:00", "date": "2025-12-26", "hour": 7}}, {"type": "Feature", "geometry": {"type": "Point", "coordinates": [5.75, 53.75]}, "properties": {"value": 7.845, "time": "2025-12-26T07:00:00", "date": "2025-12-26", "hour": 7}}, {"type": "Feature", "geometry": {"type": "Point", "coordinates": [6.0, 53.75]}, "properties": {"value": 7.324, "time": "2025-12-26T07:00:00", "date": "2025-12-26", "hour": 7}}, {"type": "Feature", "geometry": {"type": "Point", "coordinates": [6.25, 53.75]}, "properties": {"value": 7.106, "time": "2025-12-26T07:00:00", "date": "2025-12-26", "hour": 7}}, {"type": "Feature", "geometry": {"type": "Point", "coordinates": [6.5, 53.75]}, "properties": {"value": 6.685, "time": "2025-12-26T07:00:00", "date": "2025-12-26", "hour": 7}}, {"type": "Feature", "geometry": {"type": "Point", "coordinates": [6.75, 53.75]}, "properties": {"value": 6.359, "time": "2025-12-26T07:00:00", "date": "2025-12-26", "hour": 7}}, {"type": "Feature", "geometry": {"type": "Point", "coordinates": [7.0, 53.75]}, "properties": {"value": 6.608, "time": "2025-12-26T07:00:00", "date": "2025-12-26", "hour": 7}}, {"type": "Feature", "geometry": {"type": "Point", "coordinates": [7.25, 53.75]}, "properties": {"value": 6.331, "time": "2025-12-26T07:00:00", "date": "2025-12-26", "hour": 7}}, {"type": "Feature", "geometry": {"type": "Point", "coordinates": [7.5, 53.75]}, "properties": {"value": 6.894, "time": "2025-12-26T07:00:00", "date": "2025-12-26", "hour": 7}}, {"type": "Feature", "geometry": {"type": "Point", "coordinates": [7.75, 53.75]}, "properties": {"value": 6.986, "time": "2025-12-26T07:00:00", "date": "2025-12-26", "hour": 7}}, {"type": "Feature", "geometry": {"type": "Point", "coordinates": [8.0, 53.75]}, "properties": {"value": 5.891, "time": "2025-12-26T07:00:00", "date": "2025-12-26", "hour": 7}}, {"type": "Feature", "geometry": {"type": "Point", "coordinates": [8.25, 53.75]}, "properties": {"value": 4.848, "time": "2025-12-26T07:00:00", "date": "2025-12-26", "hour": 7}}, {"type": "Feature", "geometry": {"type": "Point", "coordinates": [8.5, 53.75]}, "properties": {"value": 4.096, "time": "2025-12-26T07:00:00", "date": "2025-12-26", "hour": 7}}, {"type": "Feature", "geometry": {"type": "Point", "coordinates": [8.75, 53.75]}, "properties": {"value": 4.096, "time": "2025-12-26T07:00:00", "date": "2025-12-26", "hour": 7}}, {"type": "Feature", "geometry": {"type": "Point", "coordinates": [14.25, 53.75]}, "properties": {"value": 0.934, "time": "2025-12-26T07:00:00", "date": "2025-12-26", "hour": 7}}, {"type": "Feature", "geometry": {"type": "Point", "coordinates": [14.5, 53.75]}, "properties": {"value": 0.934, "time": "2025-12-26T07:00:00", "date": "2025-12-26", "hour": 7}}, {"type": "Feature", "geometry": {"type": "Point", "coordinates": [5.0, 54.0]}, "properties": {"value": 9.39, "time": "2025-12-26T07:00:00", "date": "2025-12-26", "hour": 7}}, {"type": "Feature", "geometry": {"type": "Point", "coordinates": [5.25, 54.0]}, "properties": {"value": 9.064, "time": "2025-12-26T07:00:00", "date": "2025-12-26", "hour": 7}}, {"type": "Feature", "geometry": {"type": "Point", "coordinates": [5.5, 54.0]}, "properties": {"value": 8.751, "time": "2025-12-26T07:00:00", "date": "2025-12-26", "hour": 7}}, {"type": "Feature", "geometry": {"type": "Point", "coordinates": [5.75, 54.0]}, "properties": {"value": 8.59, "time": "2025-12-26T07:00:00", "date": "2025-12-26", "hour": 7}}, {"type": "Feature", "geometry": {"type": "Point", "coordinates": [6.0, 54.0]}, "properties": {"value": 8.493, "time": "2025-12-26T07:00:00", "date": "2025-12-26", "hour": 7}}, {"type": "Feature", "geometry": {"type": "Point", "coordinates": [6.25, 54.0]}, "properties": {"value": 8.364, "time": "2025-12-26T07:00:00", "date": "2025-12-26", "hour": 7}}, {"type": "Feature", "geometry": {"type": "Point", "coordinates": [6.5, 54.0]}, "properties": {"value": 7.986, "time": "2025-12-26T07:00:00", "date": "2025-12-26", "hour": 7}}, {"type": "Feature", "geometry": {"type": "Point", "coordinates": [6.75, 54.0]}, "properties": {"value": 7.763, "time": "2025-12-26T07:00:00", "date": "2025-12-26", "hour": 7}}, {"type": "Feature", "geometry": {"type": "Point", "coordinates": [7.0, 54.0]}, "properties": {"value": 7.506, "time": "2025-12-26T07:00:00", "date": "2025-12-26", "hour": 7}}, {"type": "Feature", "geometry": {"type": "Point", "coordinates": [7.25, 54.0]}, "properties": {"value": 7.318, "time": "2025-12-26T07:00:00", "date": "2025-12-26", "hour": 7}}, {"type": "Feature", "geometry": {"type": "Point", "coordinates": [7.5, 54.0]}, "properties": {"value": 7.519, "time": "2025-12-26T07:00:00", "date": "2025-12-26", "hour": 7}}, {"type": "Feature", "geometry": {"type": "Point", "coordinates": [7.75, 54.0]}, "properties": {"value": 7.432, "time": "2025-12-26T07:00:00", "date": "2025-12-26", "hour": 7}}, {"type": "Feature", "geometry": {"type": "Point", "coordinates": [8.0, 54.0]}, "properties": {"value": 7.03, "time": "2025-12-26T07:00:00", "date": "2025-12-26", "hour": 7}}, {"type": "Feature", "geometry": {"type": "Point", "coordinates": [8.25, 54.0]}, "properties": {"value": 6.242, "time": "2025-12-26T07:00:00", "date": "2025-12-26", "hour": 7}}, {"type": "Feature", "geometry": {"type": "Point", "coordinates": [8.5, 54.0]}, "properties": {"value": 4.937, "time": "2025-12-26T07:00:00", "date": "2025-12-26", "hour": 7}}, {"type": "Feature", "geometry": {"type": "Point", "coordinates": [11.25, 54.0]}, "properties": {"value": 5.122, "time": "2025-12-26T07:00:00", "date": "2025-12-26", "hour": 7}}, {"type": "Feature", "geometry": {"type": "Point", "coordinates": [14.0, 54.0]}, "properties": {"value": 3.376, "time": "2025-12-26T07:00:00", "date": "2025-12-26", "hour": 7}}, {"type": "Feature", "geometry": {"type": "Point", "coordinates": [14.25, 54.0]}, "properties": {"value": 4.446, "time": "2025-12-26T07:00:00", "date": "2025-12-26", "hour": 7}}, {"type": "Feature", "geometry": {"type": "Point", "coordinates": [14.5, 54.0]}, "properties": {"value": 3.948, "time": "2025-12-26T07:00:00", "date": "2025-12-26", "hour": 7}}, {"type": "Feature", "geometry": {"type": "Point", "coordinates": [14.75, 54.0]}, "properties": {"value": 4.721, "time": "2025-12-26T07:00:00", "date": "2025-12-26", "hour": 7}}, {"type": "Feature", "geometry": {"type": "Point", "coordinates": [5.0, 54.25]}, "properties": {"value": 9.611, "time": "2025-12-26T07:00:00", "date": "2025-12-26", "hour": 7}}, {"type": "Feature", "geometry": {"type": "Point", "coordinates": [5.25, 54.25]}, "properties": {"value": 9.363, "time": "2025-12-26T07:00:00", "date": "2025-12-26", "hour": 7}}, {"type": "Feature", "geometry": {"type": "Point", "coordinates": [5.5, 54.25]}, "properties": {"value": 9.181, "time": "2025-12-26T07:00:00", "date": "2025-12-26", "hour": 7}}, {"type": "Feature", "geometry": {"type": "Point", "coordinates": [5.75, 54.25]}, "properties": {"value": 9.034, "time": "2025-12-26T07:00:00", "date": "2025-12-26", "hour": 7}}, {"type": "Feature", "geometry": {"type": "Point", "coordinates": [6.0, 54.25]}, "properties": {"value": 8.907, "time": "2025-12-26T07:00:00", "date": "2025-12-26", "hour": 7}}, {"type": "Feature", "geometry": {"type": "Point", "coordinates": [6.25, 54.25]}, "properties": {"value": 8.875, "time": "2025-12-26T07:00:00", "date": "2025-12-26", "hour": 7}}, {"type": "Feature", "geometry": {"type": "Point", "coordinates": [6.5, 54.25]}, "properties": {"value": 8.87, "time": "2025-12-26T07:00:00", "date": "2025-12-26", "hour": 7}}, {"type": "Feature", "geometry": {"type": "Point", "coordinates": [6.75, 54.25]}, "properties": {"value": 8.635, "time": "2025-12-26T07:00:00", "date": "2025-12-26", "hour": 7}}, {"type": "Feature", "geometry": {"type": "Point", "coordinates": [7.0, 54.25]}, "properties": {"value": 8.38, "time": "2025-12-26T07:00:00", "date": "2025-12-26", "hour": 7}}, {"type": "Feature", "geometry": {"type": "Point", "coordinates": [7.25, 54.25]}, "properties": {"value": 7.845, "time": "2025-12-26T07:00:00", "date": "2025-12-26", "hour": 7}}, {"type": "Feature", "geometry": {"type": "Point", "coordinates": [7.5, 54.25]}, "properties": {"value": 7.526, "time": "2025-12-26T07:00:00", "date": "2025-12-26", "hour": 7}}, {"type": "Feature", "geometry": {"type": "Point", "coordinates": [7.75, 54.25]}, "properties": {"value": 7.333, "time": "2025-12-26T07:00:00", "date": "2025-12-26", "hour": 7}}, {"type": "Feature", "geometry": {"type": "Point", "coordinates": [8.0, 54.25]}, "properties": {"value": 7.068, "time": "2025-12-26T07:00:00", "date": "2025-12-26", "hour": 7}}, {"type": "Feature", "geometry": {"type": "Point", "coordinates": [8.25, 54.25]}, "properties": {"value": 5.934, "time": "2025-12-26T07:00:00", "date": "2025-12-26", "hour": 7}}, {"type": "Feature", "geometry": {"type": "Point", "coordinates": [8.5, 54.25]}, "properties": {"value": 4.685, "time": "2025-12-26T07:00:00", "date": "2025-12-26", "hour": 7}}, {"type": "Feature", "geometry": {"type": "Point", "coordinates": [10.75, 54.25]}, "properties": {"value": 5.437, "time": "2025-12-26T07:00:00", "date": "2025-12-26", "hour": 7}}, {"type": "Feature", "geometry": {"type": "Point", "coordinates": [11.25, 54.25]}, "properties": {"value": 5.213, "time": "2025-12-26T07:00:00", "date": "2025-12-26", "hour": 7}}, {"type": "Feature", "geometry": {"type": "Point", "coordinates": [11.75, 54.25]}, "properties": {"value": 5.469, "time": "2025-12-26T07:00:00", "date": "2025-12-26", "hour": 7}}, {"type": "Feature", "geometry": {"type": "Point", "coordinates": [12.25, 54.25]}, "properties": {"value": 5.571, "time": "2025-12-26T07:00:00", "date": "2025-12-26", "hour": 7}}, {"type": "Feature", "geometry": {"type": "Point", "coordinates": [13.75, 54.25]}, "properties": {"value": 3.253, "time": "2025-12-26T07:00:00", "date": "2025-12-26", "hour": 7}}, {"type": "Feature", "geometry": {"type": "Point", "coordinates": [14.0, 54.25]}, "properties": {"value": 4.088, "time": "2025-12-26T07:00:00", "date": "2025-12-26", "hour": 7}}, {"type": "Feature", "geometry": {"type": "Point", "coordinates": [14.25, 54.25]}, "properties": {"value": 4.856, "time": "2025-12-26T07:00:00", "date": "2025-12-26", "hour": 7}}, {"type": "Feature", "geometry": {"type": "Point", "coordinates": [14.5, 54.25]}, "properties": {"value": 5.434, "time": "2025-12-26T07:00:00", "date": "2025-12-26", "hour": 7}}, {"type": "Feature", "geometry": {"type": "Point", "coordinates": [14.75, 54.25]}, "properties": {"value": 5.612, "time": "2025-12-26T07:00:00", "date": "2025-12-26", "hour": 7}}, {"type": "Feature", "geometry": {"type": "Point", "coordinates": [15.0, 54.25]}, "properties": {"value": 5.983, "time": "2025-12-26T07:00:00", "date": "2025-12-26", "hour": 7}}, {"type": "Feature", "geometry": {"type": "Point", "coordinates": [5.0, 54.5]}, "properties": {"value": 9.654, "time": "2025-12-26T07:00:00", "date": "2025-12-26", "hour": 7}}, {"type": "Feature", "geometry": {"type": "Point", "coordinates": [5.25, 54.5]}, "properties": {"value": 9.607, "time": "2025-12-26T07:00:00", "date": "2025-12-26", "hour": 7}}, {"type": "Feature", "geometry": {"type": "Point", "coordinates": [5.5, 54.5]}, "properties": {"value": 9.477, "time": "2025-12-26T07:00:00", "date": "2025-12-26", "hour": 7}}, {"type": "Feature", "geometry": {"type": "Point", "coordinates": [5.75, 54.5]}, "properties": {"value": 9.325, "time": "2025-12-26T07:00:00", "date": "2025-12-26", "hour": 7}}, {"type": "Feature", "geometry": {"type": "Point", "coordinates": [6.0, 54.5]}, "properties": {"value": 9.165, "time": "2025-12-26T07:00:00", "date": "2025-12-26", "hour": 7}}, {"type": "Feature", "geometry": {"type": "Point", "coordinates": [6.25, 54.5]}, "properties": {"value": 9.063, "time": "2025-12-26T07:00:00", "date": "2025-12-26", "hour": 7}}, {"type": "Feature", "geometry": {"type": "Point", "coordinates": [6.5, 54.5]}, "properties": {"value": 9.106, "time": "2025-12-26T07:00:00", "date": "2025-12-26", "hour": 7}}, {"type": "Feature", "geometry": {"type": "Point", "coordinates": [6.75, 54.5]}, "properties": {"value": 8.931, "time": "2025-12-26T07:00:00", "date": "2025-12-26", "hour": 7}}, {"type": "Feature", "geometry": {"type": "Point", "coordinates": [7.0, 54.5]}, "properties": {"value": 8.478, "time": "2025-12-26T07:00:00", "date": "2025-12-26", "hour": 7}}, {"type": "Feature", "geometry": {"type": "Point", "coordinates": [7.25, 54.5]}, "properties": {"value": 7.731, "time": "2025-12-26T07:00:00", "date": "2025-12-26", "hour": 7}}, {"type": "Feature", "geometry": {"type": "Point", "coordinates": [7.5, 54.5]}, "properties": {"value": 6.981, "time": "2025-12-26T07:00:00", "date": "2025-12-26", "hour": 7}}, {"type": "Feature", "geometry": {"type": "Point", "coordinates": [7.75, 54.5]}, "properties": {"value": 6.704, "time": "2025-12-26T07:00:00", "date": "2025-12-26", "hour": 7}}, {"type": "Feature", "geometry": {"type": "Point", "coordinates": [8.0, 54.5]}, "properties": {"value": 5.901, "time": "2025-12-26T07:00:00", "date": "2025-12-26", "hour": 7}}, {"type": "Feature", "geometry": {"type": "Point", "coordinates": [8.25, 54.5]}, "properties": {"value": 4.62, "time": "2025-12-26T07:00:00", "date": "2025-12-26", "hour": 7}}, {"type": "Feature", "geometry": {"type": "Point", "coordinates": [8.5, 54.5]}, "properties": {"value": 3.574, "time": "2025-12-26T07:00:00", "date": "2025-12-26", "hour": 7}}, {"type": "Feature", "geometry": {"type": "Point", "coordinates": [10.5, 54.5]}, "properties": {"value": 5.53, "time": "2025-12-26T07:00:00", "date": "2025-12-26", "hour": 7}}, {"type": "Feature", "geometry": {"type": "Point", "coordinates": [10.75, 54.5]}, "properties": {"value": 5.328, "time": "2025-12-26T07:00:00", "date": "2025-12-26", "hour": 7}}, {"type": "Feature", "geometry": {"type": "Point", "coordinates": [11.0, 54.5]}, "properties": {"value": 5.139, "time": "2025-12-26T07:00:00", "date": "2025-12-26", "hour": 7}}, {"type": "Feature", "geometry": {"type": "Point", "coordinates": [11.25, 54.5]}, "properties": {"value": 5.06, "time": "2025-12-26T07:00:00", "date": "2025-12-26", "hour": 7}}, {"type": "Feature", "geometry": {"type": "Point", "coordinates": [11.5, 54.5]}, "properties": {"value": 5.155, "time": "2025-12-26T07:00:00", "date": "2025-12-26", "hour": 7}}, {"type": "Feature", "geometry": {"type": "Point", "coordinates": [11.75, 54.5]}, "properties": {"value": 5.523, "time": "2025-12-26T07:00:00", "date": "2025-12-26", "hour": 7}}, {"type": "Feature", "geometry": {"type": "Point", "coordinates": [12.0, 54.5]}, "properties": {"value": 5.705, "time": "2025-12-26T07:00:00", "date": "2025-12-26", "hour": 7}}, {"type": "Feature", "geometry": {"type": "Point", "coordinates": [12.25, 54.5]}, "properties": {"value": 5.774, "time": "2025-12-26T07:00:00", "date": "2025-12-26", "hour": 7}}, {"type": "Feature", "geometry": {"type": "Point", "coordinates": [13.0, 54.5]}, "properties": {"value": 5.655, "time": "2025-12-26T07:00:00", "date": "2025-12-26", "hour": 7}}, {"type": "Feature", "geometry": {"type": "Point", "coordinates": [13.25, 54.5]}, "properties": {"value": 4.774, "time": "2025-12-26T07:00:00", "date": "2025-12-26", "hour": 7}}, {"type": "Feature", "geometry": {"type": "Point", "coordinates": [13.5, 54.5]}, "properties": {"value": 4.289, "time": "2025-12-26T07:00:00", "date": "2025-12-26", "hour": 7}}, {"type": "Feature", "geometry": {"type": "Point", "coordinates": [13.75, 54.5]}, "properties": {"value": 4.353, "time": "2025-12-26T07:00:00", "date": "2025-12-26", "hour": 7}}, {"type": "Feature", "geometry": {"type": "Point", "coordinates": [14.0, 54.5]}, "properties": {"value": 5.093, "time": "2025-12-26T07:00:00", "date": "2025-12-26", "hour": 7}}, {"type": "Feature", "geometry": {"type": "Point", "coordinates": [14.25, 54.5]}, "properties": {"value": 5.782, "time": "2025-12-26T07:00:00", "date": "2025-12-26", "hour": 7}}, {"type": "Feature", "geometry": {"type": "Point", "coordinates": [14.5, 54.5]}, "properties": {"value": 6.421, "time": "2025-12-26T07:00:00", "date": "2025-12-26", "hour": 7}}, {"type": "Feature", "geometry": {"type": "Point", "coordinates": [14.75, 54.5]}, "properties": {"value": 6.673, "time": "2025-12-26T07:00:00", "date": "2025-12-26", "hour": 7}}, {"type": "Feature", "geometry": {"type": "Point", "coordinates": [15.0, 54.5]}, "properties": {"value": 6.935, "time": "2025-12-26T07:00:00", "date": "2025-12-26", "hour": 7}}, {"type": "Feature", "geometry": {"type": "Point", "coordinates": [5.0, 54.75]}, "properties": {"value": 9.679, "time": "2025-12-26T07:00:00", "date": "2025-12-26", "hour": 7}}, {"type": "Feature", "geometry": {"type": "Point", "coordinates": [5.25, 54.75]}, "properties": {"value": 9.632, "time": "2025-12-26T07:00:00", "date": "2025-12-26", "hour": 7}}, {"type": "Feature", "geometry": {"type": "Point", "coordinates": [5.5, 54.75]}, "properties": {"value": 9.566, "time": "2025-12-26T07:00:00", "date": "2025-12-26", "hour": 7}}, {"type": "Feature", "geometry": {"type": "Point", "coordinates": [5.75, 54.75]}, "properties": {"value": 9.53, "time": "2025-12-26T07:00:00", "date": "2025-12-26", "hour": 7}}, {"type": "Feature", "geometry": {"type": "Point", "coordinates": [6.0, 54.75]}, "properties": {"value": 9.341, "time": "2025-12-26T07:00:00", "date": "2025-12-26", "hour": 7}}, {"type": "Feature", "geometry": {"type": "Point", "coordinates": [6.25, 54.75]}, "properties": {"value": 9.239, "time": "2025-12-26T07:00:00", "date": "2025-12-26", "hour": 7}}, {"type": "Feature", "geometry": {"type": "Point", "coordinates": [6.5, 54.75]}, "properties": {"value": 9.036, "time": "2025-12-26T07:00:00", "date": "2025-12-26", "hour": 7}}, {"type": "Feature", "geometry": {"type": "Point", "coordinates": [6.75, 54.75]}, "properties": {"value": 8.434, "time": "2025-12-26T07:00:00", "date": "2025-12-26", "hour": 7}}, {"type": "Feature", "geometry": {"type": "Point", "coordinates": [7.0, 54.75]}, "properties": {"value": 7.887, "time": "2025-12-26T07:00:00", "date": "2025-12-26", "hour": 7}}, {"type": "Feature", "geometry": {"type": "Point", "coordinates": [7.25, 54.75]}, "properties": {"value": 7.143, "time": "2025-12-26T07:00:00", "date": "2025-12-26", "hour": 7}}, {"type": "Feature", "geometry": {"type": "Point", "coordinates": [7.5, 54.75]}, "properties": {"value": 6.475, "time": "2025-12-26T07:00:00", "date": "2025-12-26", "hour": 7}}, {"type": "Feature", "geometry": {"type": "Point", "coordinates": [7.75, 54.75]}, "properties": {"value": 5.799, "time": "2025-12-26T07:00:00", "date": "2025-12-26", "hour": 7}}, {"type": "Feature", "geometry": {"type": "Point", "coordinates": [8.0, 54.75]}, "properties": {"value": 4.965, "time": "2025-12-26T07:00:00", "date": "2025-12-26", "hour": 7}}, {"type": "Feature", "geometry": {"type": "Point", "coordinates": [8.25, 54.75]}, "properties": {"value": 3.672, "time": "2025-12-26T07:00:00", "date": "2025-12-26", "hour": 7}}, {"type": "Feature", "geometry": {"type": "Point", "coordinates": [8.5, 54.75]}, "properties": {"value": 2.753, "time": "2025-12-26T07:00:00", "date": "2025-12-26", "hour": 7}}, {"type": "Feature", "geometry": {"type": "Point", "coordinates": [10.25, 54.75]}, "properties": {"value": 5.647, "time": "2025-12-26T07:00:00", "date": "2025-12-26", "hour": 7}}, {"type": "Feature", "geometry": {"type": "Point", "coordinates": [10.5, 54.75]}, "properties": {"value": 5.221, "time": "2025-12-26T07:00:00", "date": "2025-12-26", "hour": 7}}, {"type": "Feature", "geometry": {"type": "Point", "coordinates": [10.75, 54.75]}, "properties": {"value": 4.946, "time": "2025-12-26T07:00:00", "date": "2025-12-26", "hour": 7}}, {"type": "Feature", "geometry": {"type": "Point", "coordinates": [11.0, 54.75]}, "properties": {"value": 4.75, "time": "2025-12-26T07:00:00", "date": "2025-12-26", "hour": 7}}, {"type": "Feature", "geometry": {"type": "Point", "coordinates": [11.25, 54.75]}, "properties": {"value": 4.654, "time": "2025-12-26T07:00:00", "date": "2025-12-26", "hour": 7}}, {"type": "Feature", "geometry": {"type": "Point", "coordinates": [11.5, 54.75]}, "properties": {"value": 4.617, "time": "2025-12-26T07:00:00", "date": "2025-12-26", "hour": 7}}, {"type": "Feature", "geometry": {"type": "Point", "coordinates": [12.0, 54.75]}, "properties": {"value": 5.438, "time": "2025-12-26T07:00:00", "date": "2025-12-26", "hour": 7}}, {"type": "Feature", "geometry": {"type": "Point", "coordinates": [12.25, 54.75]}, "properties": {"value": 5.93, "time": "2025-12-26T07:00:00", "date": "2025-12-26", "hour": 7}}, {"type": "Feature", "geometry": {"type": "Point", "coordinates": [12.5, 54.75]}, "properties": {"value": 6.082, "time": "2025-12-26T07:00:00", "date": "2025-12-26", "hour": 7}}, {"type": "Feature", "geometry": {"type": "Point", "coordinates": [12.75, 54.75]}, "properties": {"value": 6.039, "time": "2025-12-26T07:00:00", "date": "2025-12-26", "hour": 7}}, {"type": "Feature", "geometry": {"type": "Point", "coordinates": [13.0, 54.75]}, "properties": {"value": 5.812, "time": "2025-12-26T07:00:00", "date": "2025-12-26", "hour": 7}}, {"type": "Feature", "geometry": {"type": "Point", "coordinates": [13.25, 54.75]}, "properties": {"value": 5.866, "time": "2025-12-26T07:00:00", "date": "2025-12-26", "hour": 7}}, {"type": "Feature", "geometry": {"type": "Point", "coordinates": [13.5, 54.75]}, "properties": {"value": 5.763, "time": "2025-12-26T07:00:00", "date": "2025-12-26", "hour": 7}}, {"type": "Feature", "geometry": {"type": "Point", "coordinates": [13.75, 54.75]}, "properties": {"value": 5.826, "time": "2025-12-26T07:00:00", "date": "2025-12-26", "hour": 7}}, {"type": "Feature", "geometry": {"type": "Point", "coordinates": [14.0, 54.75]}, "properties": {"value": 5.986, "time": "2025-12-26T07:00:00", "date": "2025-12-26", "hour": 7}}, {"type": "Feature", "geometry": {"type": "Point", "coordinates": [14.25, 54.75]}, "properties": {"value": 6.179, "time": "2025-12-26T07:00:00", "date": "2025-12-26", "hour": 7}}, {"type": "Feature", "geometry": {"type": "Point", "coordinates": [14.5, 54.75]}, "properties": {"value": 6.817, "time": "2025-12-26T07:00:00", "date": "2025-12-26", "hour": 7}}, {"type": "Feature", "geometry": {"type": "Point", "coordinates": [14.75, 54.75]}, "properties": {"value": 7.063, "time": "2025-12-26T07:00:00", "date": "2025-12-26", "hour": 7}}, {"type": "Feature", "geometry": {"type": "Point", "coordinates": [15.0, 54.75]}, "properties": {"value": 7.245, "time": "2025-12-26T07:00:00", "date": "2025-12-26", "hour": 7}}, {"type": "Feature", "geometry": {"type": "Point", "coordinates": [5.0, 55.0]}, "properties": {"value": 9.525, "time": "2025-12-26T07:00:00", "date": "2025-12-26", "hour": 7}}, {"type": "Feature", "geometry": {"type": "Point", "coordinates": [5.25, 55.0]}, "properties": {"value": 9.539, "time": "2025-12-26T07:00:00", "date": "2025-12-26", "hour": 7}}, {"type": "Feature", "geometry": {"type": "Point", "coordinates": [5.5, 55.0]}, "properties": {"value": 9.568, "time": "2025-12-26T07:00:00", "date": "2025-12-26", "hour": 7}}, {"type": "Feature", "geometry": {"type": "Point", "coordinates": [5.75, 55.0]}, "properties": {"value": 9.532, "time": "2025-12-26T07:00:00", "date": "2025-12-26", "hour": 7}}, {"type": "Feature", "geometry": {"type": "Point", "coordinates": [6.0, 55.0]}, "properties": {"value": 9.436, "time": "2025-12-26T07:00:00", "date": "2025-12-26", "hour": 7}}, {"type": "Feature", "geometry": {"type": "Point", "coordinates": [6.25, 55.0]}, "properties": {"value": 9.126, "time": "2025-12-26T07:00:00", "date": "2025-12-26", "hour": 7}}, {"type": "Feature", "geometry": {"type": "Point", "coordinates": [6.5, 55.0]}, "properties": {"value": 8.623, "time": "2025-12-26T07:00:00", "date": "2025-12-26", "hour": 7}}, {"type": "Feature", "geometry": {"type": "Point", "coordinates": [6.75, 55.0]}, "properties": {"value": 8.006, "time": "2025-12-26T07:00:00", "date": "2025-12-26", "hour": 7}}, {"type": "Feature", "geometry": {"type": "Point", "coordinates": [7.0, 55.0]}, "properties": {"value": 7.35, "time": "2025-12-26T07:00:00", "date": "2025-12-26", "hour": 7}}, {"type": "Feature", "geometry": {"type": "Point", "coordinates": [7.25, 55.0]}, "properties": {"value": 6.876, "time": "2025-12-26T07:00:00", "date": "2025-12-26", "hour": 7}}, {"type": "Feature", "geometry": {"type": "Point", "coordinates": [7.5, 55.0]}, "properties": {"value": 6.284, "time": "2025-12-26T07:00:00", "date": "2025-12-26", "hour": 7}}, {"type": "Feature", "geometry": {"type": "Point", "coordinates": [7.75, 55.0]}, "properties": {"value": 5.676, "time": "2025-12-26T07:00:00", "date": "2025-12-26", "hour": 7}}, {"type": "Feature", "geometry": {"type": "Point", "coordinates": [8.0, 55.0]}, "properties": {"value": 5.122, "time": "2025-12-26T07:00:00", "date": "2025-12-26", "hour": 7}}, {"type": "Feature", "geometry": {"type": "Point", "coordinates": [8.25, 55.0]}, "properties": {"value": 4.069, "time": "2025-12-26T07:00:00", "date": "2025-12-26", "hour": 7}}, {"type": "Feature", "geometry": {"type": "Point", "coordinates": [8.5, 55.0]}, "properties": {"value": 3.238, "time": "2025-12-26T07:00:00", "date": "2025-12-26", "hour": 7}}, {"type": "Feature", "geometry": {"type": "Point", "coordinates": [10.25, 55.0]}, "properties": {"value": 5.754, "time": "2025-12-26T07:00:00", "date": "2025-12-26", "hour": 7}}, {"type": "Feature", "geometry": {"type": "Point", "coordinates": [10.5, 55.0]}, "properties": {"value": 5.124, "time": "2025-12-26T07:00:00", "date": "2025-12-26", "hour": 7}}, {"type": "Feature", "geometry": {"type": "Point", "coordinates": [10.75, 55.0]}, "properties": {"value": 4.505, "time": "2025-12-26T07:00:00", "date": "2025-12-26", "hour": 7}}, {"type": "Feature", "geometry": {"type": "Point", "coordinates": [11.0, 55.0]}, "properties": {"value": 4.595, "time": "2025-12-26T07:00:00", "date": "2025-12-26", "hour": 7}}, {"type": "Feature", "geometry": {"type": "Point", "coordinates": [11.25, 55.0]}, "properties": {"value": 4.561, "time": "2025-12-26T07:00:00", "date": "2025-12-26", "hour": 7}}, {"type": "Feature", "geometry": {"type": "Point", "coordinates": [11.5, 55.0]}, "properties": {"value": 4.547, "time": "2025-12-26T07:00:00", "date": "2025-12-26", "hour": 7}}, {"type": "Feature", "geometry": {"type": "Point", "coordinates": [11.75, 55.0]}, "properties": {"value": 4.416, "time": "2025-12-26T07:00:00", "date": "2025-12-26", "hour": 7}}, {"type": "Feature", "geometry": {"type": "Point", "coordinates": [12.0, 55.0]}, "properties": {"value": 5.006, "time": "2025-12-26T07:00:00", "date": "2025-12-26", "hour": 7}}, {"type": "Feature", "geometry": {"type": "Point", "coordinates": [12.25, 55.0]}, "properties": {"value": 5.693, "time": "2025-12-26T07:00:00", "date": "2025-12-26", "hour": 7}}, {"type": "Feature", "geometry": {"type": "Point", "coordinates": [12.5, 55.0]}, "properties": {"value": 6.038, "time": "2025-12-26T07:00:00", "date": "2025-12-26", "hour": 7}}, {"type": "Feature", "geometry": {"type": "Point", "coordinates": [12.75, 55.0]}, "properties": {"value": 6.175, "time": "2025-12-26T07:00:00", "date": "2025-12-26", "hour": 7}}, {"type": "Feature", "geometry": {"type": "Point", "coordinates": [13.0, 55.0]}, "properties": {"value": 6.266, "time": "2025-12-26T07:00:00", "date": "2025-12-26", "hour": 7}}, {"type": "Feature", "geometry": {"type": "Point", "coordinates": [13.25, 55.0]}, "properties": {"value": 6.319, "time": "2025-12-26T07:00:00", "date": "2025-12-26", "hour": 7}}, {"type": "Feature", "geometry": {"type": "Point", "coordinates": [13.5, 55.0]}, "properties": {"value": 6.339, "time": "2025-12-26T07:00:00", "date": "2025-12-26", "hour": 7}}, {"type": "Feature", "geometry": {"type": "Point", "coordinates": [13.75, 55.0]}, "properties": {"value": 6.4, "time": "2025-12-26T07:00:00", "date": "2025-12-26", "hour": 7}}, {"type": "Feature", "geometry": {"type": "Point", "coordinates": [14.0, 55.0]}, "properties": {"value": 6.533, "time": "2025-12-26T07:00:00", "date": "2025-12-26", "hour": 7}}, {"type": "Feature", "geometry": {"type": "Point", "coordinates": [14.25, 55.0]}, "properties": {"value": 6.643, "time": "2025-12-26T07:00:00", "date": "2025-12-26", "hour": 7}}, {"type": "Feature", "geometry": {"type": "Point", "coordinates": [14.5, 55.0]}, "properties": {"value": 6.684, "time": "2025-12-26T07:00:00", "date": "2025-12-26", "hour": 7}}, {"type": "Feature", "geometry": {"type": "Point", "coordinates": [14.75, 55.0]}, "properties": {"value": 6.88, "time": "2025-12-26T07:00:00", "date": "2025-12-26", "hour": 7}}, {"type": "Feature", "geometry": {"type": "Point", "coordinates": [15.0, 55.0]}, "properties": {"value": 7.058, "time": "2025-12-26T07:00:00", "date": "2025-12-26", "hour": 7}}, {"type": "Feature", "geometry": {"type": "Point", "coordinates": [5.25, 52.75]}, "properties": {"value": 3.24, "time": "2025-12-26T08:00:00", "date": "2025-12-26", "hour": 8}}, {"type": "Feature", "geometry": {"type": "Point", "coordinates": [5.5, 52.75]}, "properties": {"value": 3.249, "time": "2025-12-26T08:00:00", "date": "2025-12-26", "hour": 8}}, {"type": "Feature", "geometry": {"type": "Point", "coordinates": [5.0, 53.0]}, "properties": {"value": 4.743, "time": "2025-12-26T08:00:00", "date": "2025-12-26", "hour": 8}}, {"type": "Feature", "geometry": {"type": "Point", "coordinates": [5.25, 53.0]}, "properties": {"value": 3.781, "time": "2025-12-26T08:00:00", "date": "2025-12-26", "hour": 8}}, {"type": "Feature", "geometry": {"type": "Point", "coordinates": [5.5, 53.0]}, "properties": {"value": 3.103, "time": "2025-12-26T08:00:00", "date": "2025-12-26", "hour": 8}}, {"type": "Feature", "geometry": {"type": "Point", "coordinates": [5.0, 53.25]}, "properties": {"value": 5.694, "time": "2025-12-26T08:00:00", "date": "2025-12-26", "hour": 8}}, {"type": "Feature", "geometry": {"type": "Point", "coordinates": [5.25, 53.25]}, "properties": {"value": 4.494, "time": "2025-12-26T08:00:00", "date": "2025-12-26", "hour": 8}}, {"type": "Feature", "geometry": {"type": "Point", "coordinates": [5.5, 53.25]}, "properties": {"value": 3.771, "time": "2025-12-26T08:00:00", "date": "2025-12-26", "hour": 8}}, {"type": "Feature", "geometry": {"type": "Point", "coordinates": [5.0, 53.5]}, "properties": {"value": 7.802, "time": "2025-12-26T08:00:00", "date": "2025-12-26", "hour": 8}}, {"type": "Feature", "geometry": {"type": "Point", "coordinates": [5.25, 53.5]}, "properties": {"value": 7.132, "time": "2025-12-26T08:00:00", "date": "2025-12-26", "hour": 8}}, {"type": "Feature", "geometry": {"type": "Point", "coordinates": [5.5, 53.5]}, "properties": {"value": 6.946, "time": "2025-12-26T08:00:00", "date": "2025-12-26", "hour": 8}}, {"type": "Feature", "geometry": {"type": "Point", "coordinates": [5.75, 53.5]}, "properties": {"value": 6.46, "time": "2025-12-26T08:00:00", "date": "2025-12-26", "hour": 8}}, {"type": "Feature", "geometry": {"type": "Point", "coordinates": [6.0, 53.5]}, "properties": {"value": 5.762, "time": "2025-12-26T08:00:00", "date": "2025-12-26", "hour": 8}}, {"type": "Feature", "geometry": {"type": "Point", "coordinates": [6.25, 53.5]}, "properties": {"value": 4.952, "time": "2025-12-26T08:00:00", "date": "2025-12-26", "hour": 8}}, {"type": "Feature", "geometry": {"type": "Point", "coordinates": [6.5, 53.5]}, "properties": {"value": 4.86, "time": "2025-12-26T08:00:00", "date": "2025-12-26", "hour": 8}}, {"type": "Feature", "geometry": {"type": "Point", "coordinates": [6.75, 53.5]}, "properties": {"value": 4.695, "time": "2025-12-26T08:00:00", "date": "2025-12-26", "hour": 8}}, {"type": "Feature", "geometry": {"type": "Point", "coordinates": [5.0, 53.75]}, "properties": {"value": 8.826, "time": "2025-12-26T08:00:00", "date": "2025-12-26", "hour": 8}}, {"type": "Feature", "geometry": {"type": "Point", "coordinates": [5.25, 53.75]}, "properties": {"value": 8.378, "time": "2025-12-26T08:00:00", "date": "2025-12-26", "hour": 8}}, {"type": "Feature", "geometry": {"type": "Point", "coordinates": [5.5, 53.75]}, "properties": {"value": 8.065, "time": "2025-12-26T08:00:00", "date": "2025-12-26", "hour": 8}}, {"type": "Feature", "geometry": {"type": "Point", "coordinates": [5.75, 53.75]}, "properties": {"value": 7.845, "time": "2025-12-26T08:00:00", "date": "2025-12-26", "hour": 8}}, {"type": "Feature", "geometry": {"type": "Point", "coordinates": [6.0, 53.75]}, "properties": {"value": 7.324, "time": "2025-12-26T08:00:00", "date": "2025-12-26", "hour": 8}}, {"type": "Feature", "geometry": {"type": "Point", "coordinates": [6.25, 53.75]}, "properties": {"value": 7.106, "time": "2025-12-26T08:00:00", "date": "2025-12-26", "hour": 8}}, {"type": "Feature", "geometry": {"type": "Point", "coordinates": [6.5, 53.75]}, "properties": {"value": 6.685, "time": "2025-12-26T08:00:00", "date": "2025-12-26", "hour": 8}}, {"type": "Feature", "geometry": {"type": "Point", "coordinates": [6.75, 53.75]}, "properties": {"value": 6.359, "time": "2025-12-26T08:00:00", "date": "2025-12-26", "hour": 8}}, {"type": "Feature", "geometry": {"type": "Point", "coordinates": [7.0, 53.75]}, "properties": {"value": 6.608, "time": "2025-12-26T08:00:00", "date": "2025-12-26", "hour": 8}}, {"type": "Feature", "geometry": {"type": "Point", "coordinates": [7.25, 53.75]}, "properties": {"value": 6.331, "time": "2025-12-26T08:00:00", "date": "2025-12-26", "hour": 8}}, {"type": "Feature", "geometry": {"type": "Point", "coordinates": [7.5, 53.75]}, "properties": {"value": 6.894, "time": "2025-12-26T08:00:00", "date": "2025-12-26", "hour": 8}}, {"type": "Feature", "geometry": {"type": "Point", "coordinates": [7.75, 53.75]}, "properties": {"value": 6.986, "time": "2025-12-26T08:00:00", "date": "2025-12-26", "hour": 8}}, {"type": "Feature", "geometry": {"type": "Point", "coordinates": [8.0, 53.75]}, "properties": {"value": 5.891, "time": "2025-12-26T08:00:00", "date": "2025-12-26", "hour": 8}}, {"type": "Feature", "geometry": {"type": "Point", "coordinates": [8.25, 53.75]}, "properties": {"value": 4.848, "time": "2025-12-26T08:00:00", "date": "2025-12-26", "hour": 8}}, {"type": "Feature", "geometry": {"type": "Point", "coordinates": [8.5, 53.75]}, "properties": {"value": 4.096, "time": "2025-12-26T08:00:00", "date": "2025-12-26", "hour": 8}}, {"type": "Feature", "geometry": {"type": "Point", "coordinates": [8.75, 53.75]}, "properties": {"value": 4.096, "time": "2025-12-26T08:00:00", "date": "2025-12-26", "hour": 8}}, {"type": "Feature", "geometry": {"type": "Point", "coordinates": [14.25, 53.75]}, "properties": {"value": 0.934, "time": "2025-12-26T08:00:00", "date": "2025-12-26", "hour": 8}}, {"type": "Feature", "geometry": {"type": "Point", "coordinates": [14.5, 53.75]}, "properties": {"value": 0.934, "time": "2025-12-26T08:00:00", "date": "2025-12-26", "hour": 8}}, {"type": "Feature", "geometry": {"type": "Point", "coordinates": [5.0, 54.0]}, "properties": {"value": 9.39, "time": "2025-12-26T08:00:00", "date": "2025-12-26", "hour": 8}}, {"type": "Feature", "geometry": {"type": "Point", "coordinates": [5.25, 54.0]}, "properties": {"value": 9.064, "time": "2025-12-26T08:00:00", "date": "2025-12-26", "hour": 8}}, {"type": "Feature", "geometry": {"type": "Point", "coordinates": [5.5, 54.0]}, "properties": {"value": 8.751, "time": "2025-12-26T08:00:00", "date": "2025-12-26", "hour": 8}}, {"type": "Feature", "geometry": {"type": "Point", "coordinates": [5.75, 54.0]}, "properties": {"value": 8.59, "time": "2025-12-26T08:00:00", "date": "2025-12-26", "hour": 8}}, {"type": "Feature", "geometry": {"type": "Point", "coordinates": [6.0, 54.0]}, "properties": {"value": 8.493, "time": "2025-12-26T08:00:00", "date": "2025-12-26", "hour": 8}}, {"type": "Feature", "geometry": {"type": "Point", "coordinates": [6.25, 54.0]}, "properties": {"value": 8.364, "time": "2025-12-26T08:00:00", "date": "2025-12-26", "hour": 8}}, {"type": "Feature", "geometry": {"type": "Point", "coordinates": [6.5, 54.0]}, "properties": {"value": 7.986, "time": "2025-12-26T08:00:00", "date": "2025-12-26", "hour": 8}}, {"type": "Feature", "geometry": {"type": "Point", "coordinates": [6.75, 54.0]}, "properties": {"value": 7.763, "time": "2025-12-26T08:00:00", "date": "2025-12-26", "hour": 8}}, {"type": "Feature", "geometry": {"type": "Point", "coordinates": [7.0, 54.0]}, "properties": {"value": 7.506, "time": "2025-12-26T08:00:00", "date": "2025-12-26", "hour": 8}}, {"type": "Feature", "geometry": {"type": "Point", "coordinates": [7.25, 54.0]}, "properties": {"value": 7.318, "time": "2025-12-26T08:00:00", "date": "2025-12-26", "hour": 8}}, {"type": "Feature", "geometry": {"type": "Point", "coordinates": [7.5, 54.0]}, "properties": {"value": 7.519, "time": "2025-12-26T08:00:00", "date": "2025-12-26", "hour": 8}}, {"type": "Feature", "geometry": {"type": "Point", "coordinates": [7.75, 54.0]}, "properties": {"value": 7.432, "time": "2025-12-26T08:00:00", "date": "2025-12-26", "hour": 8}}, {"type": "Feature", "geometry": {"type": "Point", "coordinates": [8.0, 54.0]}, "properties": {"value": 7.03, "time": "2025-12-26T08:00:00", "date": "2025-12-26", "hour": 8}}, {"type": "Feature", "geometry": {"type": "Point", "coordinates": [8.25, 54.0]}, "properties": {"value": 6.242, "time": "2025-12-26T08:00:00", "date": "2025-12-26", "hour": 8}}, {"type": "Feature", "geometry": {"type": "Point", "coordinates": [8.5, 54.0]}, "properties": {"value": 4.937, "time": "2025-12-26T08:00:00", "date": "2025-12-26", "hour": 8}}, {"type": "Feature", "geometry": {"type": "Point", "coordinates": [11.25, 54.0]}, "properties": {"value": 5.122, "time": "2025-12-26T08:00:00", "date": "2025-12-26", "hour": 8}}, {"type": "Feature", "geometry": {"type": "Point", "coordinates": [14.0, 54.0]}, "properties": {"value": 3.376, "time": "2025-12-26T08:00:00", "date": "2025-12-26", "hour": 8}}, {"type": "Feature", "geometry": {"type": "Point", "coordinates": [14.25, 54.0]}, "properties": {"value": 4.446, "time": "2025-12-26T08:00:00", "date": "2025-12-26", "hour": 8}}, {"type": "Feature", "geometry": {"type": "Point", "coordinates": [14.5, 54.0]}, "properties": {"value": 3.948, "time": "2025-12-26T08:00:00", "date": "2025-12-26", "hour": 8}}, {"type": "Feature", "geometry": {"type": "Point", "coordinates": [14.75, 54.0]}, "properties": {"value": 4.721, "time": "2025-12-26T08:00:00", "date": "2025-12-26", "hour": 8}}, {"type": "Feature", "geometry": {"type": "Point", "coordinates": [5.0, 54.25]}, "properties": {"value": 9.611, "time": "2025-12-26T08:00:00", "date": "2025-12-26", "hour": 8}}, {"type": "Feature", "geometry": {"type": "Point", "coordinates": [5.25, 54.25]}, "properties": {"value": 9.363, "time": "2025-12-26T08:00:00", "date": "2025-12-26", "hour": 8}}, {"type": "Feature", "geometry": {"type": "Point", "coordinates": [5.5, 54.25]}, "properties": {"value": 9.181, "time": "2025-12-26T08:00:00", "date": "2025-12-26", "hour": 8}}, {"type": "Feature", "geometry": {"type": "Point", "coordinates": [5.75, 54.25]}, "properties": {"value": 9.034, "time": "2025-12-26T08:00:00", "date": "2025-12-26", "hour": 8}}, {"type": "Feature", "geometry": {"type": "Point", "coordinates": [6.0, 54.25]}, "properties": {"value": 8.907, "time": "2025-12-26T08:00:00", "date": "2025-12-26", "hour": 8}}, {"type": "Feature", "geometry": {"type": "Point", "coordinates": [6.25, 54.25]}, "properties": {"value": 8.875, "time": "2025-12-26T08:00:00", "date": "2025-12-26", "hour": 8}}, {"type": "Feature", "geometry": {"type": "Point", "coordinates": [6.5, 54.25]}, "properties": {"value": 8.87, "time": "2025-12-26T08:00:00", "date": "2025-12-26", "hour": 8}}, {"type": "Feature", "geometry": {"type": "Point", "coordinates": [6.75, 54.25]}, "properties": {"value": 8.635, "time": "2025-12-26T08:00:00", "date": "2025-12-26", "hour": 8}}, {"type": "Feature", "geometry": {"type": "Point", "coordinates": [7.0, 54.25]}, "properties": {"value": 8.38, "time": "2025-12-26T08:00:00", "date": "2025-12-26", "hour": 8}}, {"type": "Feature", "geometry": {"type": "Point", "coordinates": [7.25, 54.25]}, "properties": {"value": 7.845, "time": "2025-12-26T08:00:00", "date": "2025-12-26", "hour": 8}}, {"type": "Feature", "geometry": {"type": "Point", "coordinates": [7.5, 54.25]}, "properties": {"value": 7.526, "time": "2025-12-26T08:00:00", "date": "2025-12-26", "hour": 8}}, {"type": "Feature", "geometry": {"type": "Point", "coordinates": [7.75, 54.25]}, "properties": {"value": 7.333, "time": "2025-12-26T08:00:00", "date": "2025-12-26", "hour": 8}}, {"type": "Feature", "geometry": {"type": "Point", "coordinates": [8.0, 54.25]}, "properties": {"value": 7.068, "time": "2025-12-26T08:00:00", "date": "2025-12-26", "hour": 8}}, {"type": "Feature", "geometry": {"type": "Point", "coordinates": [8.25, 54.25]}, "properties": {"value": 5.934, "time": "2025-12-26T08:00:00", "date": "2025-12-26", "hour": 8}}, {"type": "Feature", "geometry": {"type": "Point", "coordinates": [8.5, 54.25]}, "properties": {"value": 4.685, "time": "2025-12-26T08:00:00", "date": "2025-12-26", "hour": 8}}, {"type": "Feature", "geometry": {"type": "Point", "coordinates": [10.75, 54.25]}, "properties": {"value": 5.437, "time": "2025-12-26T08:00:00", "date": "2025-12-26", "hour": 8}}, {"type": "Feature", "geometry": {"type": "Point", "coordinates": [11.25, 54.25]}, "properties": {"value": 5.213, "time": "2025-12-26T08:00:00", "date": "2025-12-26", "hour": 8}}, {"type": "Feature", "geometry": {"type": "Point", "coordinates": [11.75, 54.25]}, "properties": {"value": 5.469, "time": "2025-12-26T08:00:00", "date": "2025-12-26", "hour": 8}}, {"type": "Feature", "geometry": {"type": "Point", "coordinates": [12.25, 54.25]}, "properties": {"value": 5.571, "time": "2025-12-26T08:00:00", "date": "2025-12-26", "hour": 8}}, {"type": "Feature", "geometry": {"type": "Point", "coordinates": [13.75, 54.25]}, "properties": {"value": 3.253, "time": "2025-12-26T08:00:00", "date": "2025-12-26", "hour": 8}}, {"type": "Feature", "geometry": {"type": "Point", "coordinates": [14.0, 54.25]}, "properties": {"value": 4.088, "time": "2025-12-26T08:00:00", "date": "2025-12-26", "hour": 8}}, {"type": "Feature", "geometry": {"type": "Point", "coordinates": [14.25, 54.25]}, "properties": {"value": 4.856, "time": "2025-12-26T08:00:00", "date": "2025-12-26", "hour": 8}}, {"type": "Feature", "geometry": {"type": "Point", "coordinates": [14.5, 54.25]}, "properties": {"value": 5.434, "time": "2025-12-26T08:00:00", "date": "2025-12-26", "hour": 8}}, {"type": "Feature", "geometry": {"type": "Point", "coordinates": [14.75, 54.25]}, "properties": {"value": 5.612, "time": "2025-12-26T08:00:00", "date": "2025-12-26", "hour": 8}}, {"type": "Feature", "geometry": {"type": "Point", "coordinates": [15.0, 54.25]}, "properties": {"value": 5.983, "time": "2025-12-26T08:00:00", "date": "2025-12-26", "hour": 8}}, {"type": "Feature", "geometry": {"type": "Point", "coordinates": [5.0, 54.5]}, "properties": {"value": 9.654, "time": "2025-12-26T08:00:00", "date": "2025-12-26", "hour": 8}}, {"type": "Feature", "geometry": {"type": "Point", "coordinates": [5.25, 54.5]}, "properties": {"value": 9.607, "time": "2025-12-26T08:00:00", "date": "2025-12-26", "hour": 8}}, {"type": "Feature", "geometry": {"type": "Point", "coordinates": [5.5, 54.5]}, "properties": {"value": 9.477, "time": "2025-12-26T08:00:00", "date": "2025-12-26", "hour": 8}}, {"type": "Feature", "geometry": {"type": "Point", "coordinates": [5.75, 54.5]}, "properties": {"value": 9.325, "time": "2025-12-26T08:00:00", "date": "2025-12-26", "hour": 8}}, {"type": "Feature", "geometry": {"type": "Point", "coordinates": [6.0, 54.5]}, "properties": {"value": 9.165, "time": "2025-12-26T08:00:00", "date": "2025-12-26", "hour": 8}}, {"type": "Feature", "geometry": {"type": "Point", "coordinates": [6.25, 54.5]}, "properties": {"value": 9.063, "time": "2025-12-26T08:00:00", "date": "2025-12-26", "hour": 8}}, {"type": "Feature", "geometry": {"type": "Point", "coordinates": [6.5, 54.5]}, "properties": {"value": 9.106, "time": "2025-12-26T08:00:00", "date": "2025-12-26", "hour": 8}}, {"type": "Feature", "geometry": {"type": "Point", "coordinates": [6.75, 54.5]}, "properties": {"value": 8.931, "time": "2025-12-26T08:00:00", "date": "2025-12-26", "hour": 8}}, {"type": "Feature", "geometry": {"type": "Point", "coordinates": [7.0, 54.5]}, "properties": {"value": 8.478, "time": "2025-12-26T08:00:00", "date": "2025-12-26", "hour": 8}}, {"type": "Feature", "geometry": {"type": "Point", "coordinates": [7.25, 54.5]}, "properties": {"value": 7.731, "time": "2025-12-26T08:00:00", "date": "2025-12-26", "hour": 8}}, {"type": "Feature", "geometry": {"type": "Point", "coordinates": [7.5, 54.5]}, "properties": {"value": 6.981, "time": "2025-12-26T08:00:00", "date": "2025-12-26", "hour": 8}}, {"type": "Feature", "geometry": {"type": "Point", "coordinates": [7.75, 54.5]}, "properties": {"value": 6.704, "time": "2025-12-26T08:00:00", "date": "2025-12-26", "hour": 8}}, {"type": "Feature", "geometry": {"type": "Point", "coordinates": [8.0, 54.5]}, "properties": {"value": 5.901, "time": "2025-12-26T08:00:00", "date": "2025-12-26", "hour": 8}}, {"type": "Feature", "geometry": {"type": "Point", "coordinates": [8.25, 54.5]}, "properties": {"value": 4.62, "time": "2025-12-26T08:00:00", "date": "2025-12-26", "hour": 8}}, {"type": "Feature", "geometry": {"type": "Point", "coordinates": [8.5, 54.5]}, "properties": {"value": 3.574, "time": "2025-12-26T08:00:00", "date": "2025-12-26", "hour": 8}}, {"type": "Feature", "geometry": {"type": "Point", "coordinates": [10.5, 54.5]}, "properties": {"value": 5.53, "time": "2025-12-26T08:00:00", "date": "2025-12-26", "hour": 8}}, {"type": "Feature", "geometry": {"type": "Point", "coordinates": [10.75, 54.5]}, "properties": {"value": 5.328, "time": "2025-12-26T08:00:00", "date": "2025-12-26", "hour": 8}}, {"type": "Feature", "geometry": {"type": "Point", "coordinates": [11.0, 54.5]}, "properties": {"value": 5.139, "time": "2025-12-26T08:00:00", "date": "2025-12-26", "hour": 8}}, {"type": "Feature", "geometry": {"type": "Point", "coordinates": [11.25, 54.5]}, "properties": {"value": 5.06, "time": "2025-12-26T08:00:00", "date": "2025-12-26", "hour": 8}}, {"type": "Feature", "geometry": {"type": "Point", "coordinates": [11.5, 54.5]}, "properties": {"value": 5.155, "time": "2025-12-26T08:00:00", "date": "2025-12-26", "hour": 8}}, {"type": "Feature", "geometry": {"type": "Point", "coordinates": [11.75, 54.5]}, "properties": {"value": 5.523, "time": "2025-12-26T08:00:00", "date": "2025-12-26", "hour": 8}}, {"type": "Feature", "geometry": {"type": "Point", "coordinates": [12.0, 54.5]}, "properties": {"value": 5.705, "time": "2025-12-26T08:00:00", "date": "2025-12-26", "hour": 8}}, {"type": "Feature", "geometry": {"type": "Point", "coordinates": [12.25, 54.5]}, "properties": {"value": 5.774, "time": "2025-12-26T08:00:00", "date": "2025-12-26", "hour": 8}}, {"type": "Feature", "geometry": {"type": "Point", "coordinates": [13.0, 54.5]}, "properties": {"value": 5.655, "time": "2025-12-26T08:00:00", "date": "2025-12-26", "hour": 8}}, {"type": "Feature", "geometry": {"type": "Point", "coordinates": [13.25, 54.5]}, "properties": {"value": 4.774, "time": "2025-12-26T08:00:00", "date": "2025-12-26", "hour": 8}}, {"type": "Feature", "geometry": {"type": "Point", "coordinates": [13.5, 54.5]}, "properties": {"value": 4.289, "time": "2025-12-26T08:00:00", "date": "2025-12-26", "hour": 8}}, {"type": "Feature", "geometry": {"type": "Point", "coordinates": [13.75, 54.5]}, "properties": {"value": 4.353, "time": "2025-12-26T08:00:00", "date": "2025-12-26", "hour": 8}}, {"type": "Feature", "geometry": {"type": "Point", "coordinates": [14.0, 54.5]}, "properties": {"value": 5.093, "time": "2025-12-26T08:00:00", "date": "2025-12-26", "hour": 8}}, {"type": "Feature", "geometry": {"type": "Point", "coordinates": [14.25, 54.5]}, "properties": {"value": 5.782, "time": "2025-12-26T08:00:00", "date": "2025-12-26", "hour": 8}}, {"type": "Feature", "geometry": {"type": "Point", "coordinates": [14.5, 54.5]}, "properties": {"value": 6.421, "time": "2025-12-26T08:00:00", "date": "2025-12-26", "hour": 8}}, {"type": "Feature", "geometry": {"type": "Point", "coordinates": [14.75, 54.5]}, "properties": {"value": 6.673, "time": "2025-12-26T08:00:00", "date": "2025-12-26", "hour": 8}}, {"type": "Feature", "geometry": {"type": "Point", "coordinates": [15.0, 54.5]}, "properties": {"value": 6.935, "time": "2025-12-26T08:00:00", "date": "2025-12-26", "hour": 8}}, {"type": "Feature", "geometry": {"type": "Point", "coordinates": [5.0, 54.75]}, "properties": {"value": 9.679, "time": "2025-12-26T08:00:00", "date": "2025-12-26", "hour": 8}}, {"type": "Feature", "geometry": {"type": "Point", "coordinates": [5.25, 54.75]}, "properties": {"value": 9.632, "time": "2025-12-26T08:00:00", "date": "2025-12-26", "hour": 8}}, {"type": "Feature", "geometry": {"type": "Point", "coordinates": [5.5, 54.75]}, "properties": {"value": 9.566, "time": "2025-12-26T08:00:00", "date": "2025-12-26", "hour": 8}}, {"type": "Feature", "geometry": {"type": "Point", "coordinates": [5.75, 54.75]}, "properties": {"value": 9.53, "time": "2025-12-26T08:00:00", "date": "2025-12-26", "hour": 8}}, {"type": "Feature", "geometry": {"type": "Point", "coordinates": [6.0, 54.75]}, "properties": {"value": 9.341, "time": "2025-12-26T08:00:00", "date": "2025-12-26", "hour": 8}}, {"type": "Feature", "geometry": {"type": "Point", "coordinates": [6.25, 54.75]}, "properties": {"value": 9.239, "time": "2025-12-26T08:00:00", "date": "2025-12-26", "hour": 8}}, {"type": "Feature", "geometry": {"type": "Point", "coordinates": [6.5, 54.75]}, "properties": {"value": 9.036, "time": "2025-12-26T08:00:00", "date": "2025-12-26", "hour": 8}}, {"type": "Feature", "geometry": {"type": "Point", "coordinates": [6.75, 54.75]}, "properties": {"value": 8.434, "time": "2025-12-26T08:00:00", "date": "2025-12-26", "hour": 8}}, {"type": "Feature", "geometry": {"type": "Point", "coordinates": [7.0, 54.75]}, "properties": {"value": 7.887, "time": "2025-12-26T08:00:00", "date": "2025-12-26", "hour": 8}}, {"type": "Feature", "geometry": {"type": "Point", "coordinates": [7.25, 54.75]}, "properties": {"value": 7.143, "time": "2025-12-26T08:00:00", "date": "2025-12-26", "hour": 8}}, {"type": "Feature", "geometry": {"type": "Point", "coordinates": [7.5, 54.75]}, "properties": {"value": 6.475, "time": "2025-12-26T08:00:00", "date": "2025-12-26", "hour": 8}}, {"type": "Feature", "geometry": {"type": "Point", "coordinates": [7.75, 54.75]}, "properties": {"value": 5.799, "time": "2025-12-26T08:00:00", "date": "2025-12-26", "hour": 8}}, {"type": "Feature", "geometry": {"type": "Point", "coordinates": [8.0, 54.75]}, "properties": {"value": 4.965, "time": "2025-12-26T08:00:00", "date": "2025-12-26", "hour": 8}}, {"type": "Feature", "geometry": {"type": "Point", "coordinates": [8.25, 54.75]}, "properties": {"value": 3.672, "time": "2025-12-26T08:00:00", "date": "2025-12-26", "hour": 8}}, {"type": "Feature", "geometry": {"type": "Point", "coordinates": [8.5, 54.75]}, "properties": {"value": 2.753, "time": "2025-12-26T08:00:00", "date": "2025-12-26", "hour": 8}}, {"type": "Feature", "geometry": {"type": "Point", "coordinates": [10.25, 54.75]}, "properties": {"value": 5.647, "time": "2025-12-26T08:00:00", "date": "2025-12-26", "hour": 8}}, {"type": "Feature", "geometry": {"type": "Point", "coordinates": [10.5, 54.75]}, "properties": {"value": 5.221, "time": "2025-12-26T08:00:00", "date": "2025-12-26", "hour": 8}}, {"type": "Feature", "geometry": {"type": "Point", "coordinates": [10.75, 54.75]}, "properties": {"value": 4.946, "time": "2025-12-26T08:00:00", "date": "2025-12-26", "hour": 8}}, {"type": "Feature", "geometry": {"type": "Point", "coordinates": [11.0, 54.75]}, "properties": {"value": 4.75, "time": "2025-12-26T08:00:00", "date": "2025-12-26", "hour": 8}}, {"type": "Feature", "geometry": {"type": "Point", "coordinates": [11.25, 54.75]}, "properties": {"value": 4.654, "time": "2025-12-26T08:00:00", "date": "2025-12-26", "hour": 8}}, {"type": "Feature", "geometry": {"type": "Point", "coordinates": [11.5, 54.75]}, "properties": {"value": 4.617, "time": "2025-12-26T08:00:00", "date": "2025-12-26", "hour": 8}}, {"type": "Feature", "geometry": {"type": "Point", "coordinates": [12.0, 54.75]}, "properties": {"value": 5.438, "time": "2025-12-26T08:00:00", "date": "2025-12-26", "hour": 8}}, {"type": "Feature", "geometry": {"type": "Point", "coordinates": [12.25, 54.75]}, "properties": {"value": 5.93, "time": "2025-12-26T08:00:00", "date": "2025-12-26", "hour": 8}}, {"type": "Feature", "geometry": {"type": "Point", "coordinates": [12.5, 54.75]}, "properties": {"value": 6.082, "time": "2025-12-26T08:00:00", "date": "2025-12-26", "hour": 8}}, {"type": "Feature", "geometry": {"type": "Point", "coordinates": [12.75, 54.75]}, "properties": {"value": 6.039, "time": "2025-12-26T08:00:00", "date": "2025-12-26", "hour": 8}}, {"type": "Feature", "geometry": {"type": "Point", "coordinates": [13.0, 54.75]}, "properties": {"value": 5.812, "time": "2025-12-26T08:00:00", "date": "2025-12-26", "hour": 8}}, {"type": "Feature", "geometry": {"type": "Point", "coordinates": [13.25, 54.75]}, "properties": {"value": 5.866, "time": "2025-12-26T08:00:00", "date": "2025-12-26", "hour": 8}}, {"type": "Feature", "geometry": {"type": "Point", "coordinates": [13.5, 54.75]}, "properties": {"value": 5.763, "time": "2025-12-26T08:00:00", "date": "2025-12-26", "hour": 8}}, {"type": "Feature", "geometry": {"type": "Point", "coordinates": [13.75, 54.75]}, "properties": {"value": 5.826, "time": "2025-12-26T08:00:00", "date": "2025-12-26", "hour": 8}}, {"type": "Feature", "geometry": {"type": "Point", "coordinates": [14.0, 54.75]}, "properties": {"value": 5.986, "time": "2025-12-26T08:00:00", "date": "2025-12-26", "hour": 8}}, {"type": "Feature", "geometry": {"type": "Point", "coordinates": [14.25, 54.75]}, "properties": {"value": 6.179, "time": "2025-12-26T08:00:00", "date": "2025-12-26", "hour": 8}}, {"type": "Feature", "geometry": {"type": "Point", "coordinates": [14.5, 54.75]}, "properties": {"value": 6.817, "time": "2025-12-26T08:00:00", "date": "2025-12-26", "hour": 8}}, {"type": "Feature", "geometry": {"type": "Point", "coordinates": [14.75, 54.75]}, "properties": {"value": 7.063, "time": "2025-12-26T08:00:00", "date": "2025-12-26", "hour": 8}}, {"type": "Feature", "geometry": {"type": "Point", "coordinates": [15.0, 54.75]}, "properties": {"value": 7.245, "time": "2025-12-26T08:00:00", "date": "2025-12-26", "hour": 8}}, {"type": "Feature", "geometry": {"type": "Point", "coordinates": [5.0, 55.0]}, "properties": {"value": 9.525, "time": "2025-12-26T08:00:00", "date": "2025-12-26", "hour": 8}}, {"type": "Feature", "geometry": {"type": "Point", "coordinates": [5.25, 55.0]}, "properties": {"value": 9.539, "time": "2025-12-26T08:00:00", "date": "2025-12-26", "hour": 8}}, {"type": "Feature", "geometry": {"type": "Point", "coordinates": [5.5, 55.0]}, "properties": {"value": 9.568, "time": "2025-12-26T08:00:00", "date": "2025-12-26", "hour": 8}}, {"type": "Feature", "geometry": {"type": "Point", "coordinates": [5.75, 55.0]}, "properties": {"value": 9.532, "time": "2025-12-26T08:00:00", "date": "2025-12-26", "hour": 8}}, {"type": "Feature", "geometry": {"type": "Point", "coordinates": [6.0, 55.0]}, "properties": {"value": 9.436, "time": "2025-12-26T08:00:00", "date": "2025-12-26", "hour": 8}}, {"type": "Feature", "geometry": {"type": "Point", "coordinates": [6.25, 55.0]}, "properties": {"value": 9.126, "time": "2025-12-26T08:00:00", "date": "2025-12-26", "hour": 8}}, {"type": "Feature", "geometry": {"type": "Point", "coordinates": [6.5, 55.0]}, "properties": {"value": 8.623, "time": "2025-12-26T08:00:00", "date": "2025-12-26", "hour": 8}}, {"type": "Feature", "geometry": {"type": "Point", "coordinates": [6.75, 55.0]}, "properties": {"value": 8.006, "time": "2025-12-26T08:00:00", "date": "2025-12-26", "hour": 8}}, {"type": "Feature", "geometry": {"type": "Point", "coordinates": [7.0, 55.0]}, "properties": {"value": 7.35, "time": "2025-12-26T08:00:00", "date": "2025-12-26", "hour": 8}}, {"type": "Feature", "geometry": {"type": "Point", "coordinates": [7.25, 55.0]}, "properties": {"value": 6.876, "time": "2025-12-26T08:00:00", "date": "2025-12-26", "hour": 8}}, {"type": "Feature", "geometry": {"type": "Point", "coordinates": [7.5, 55.0]}, "properties": {"value": 6.284, "time": "2025-12-26T08:00:00", "date": "2025-12-26", "hour": 8}}, {"type": "Feature", "geometry": {"type": "Point", "coordinates": [7.75, 55.0]}, "properties": {"value": 5.676, "time": "2025-12-26T08:00:00", "date": "2025-12-26", "hour": 8}}, {"type": "Feature", "geometry": {"type": "Point", "coordinates": [8.0, 55.0]}, "properties": {"value": 5.122, "time": "2025-12-26T08:00:00", "date": "2025-12-26", "hour": 8}}, {"type": "Feature", "geometry": {"type": "Point", "coordinates": [8.25, 55.0]}, "properties": {"value": 4.069, "time": "2025-12-26T08:00:00", "date": "2025-12-26", "hour": 8}}, {"type": "Feature", "geometry": {"type": "Point", "coordinates": [8.5, 55.0]}, "properties": {"value": 3.238, "time": "2025-12-26T08:00:00", "date": "2025-12-26", "hour": 8}}, {"type": "Feature", "geometry": {"type": "Point", "coordinates": [10.25, 55.0]}, "properties": {"value": 5.754, "time": "2025-12-26T08:00:00", "date": "2025-12-26", "hour": 8}}, {"type": "Feature", "geometry": {"type": "Point", "coordinates": [10.5, 55.0]}, "properties": {"value": 5.124, "time": "2025-12-26T08:00:00", "date": "2025-12-26", "hour": 8}}, {"type": "Feature", "geometry": {"type": "Point", "coordinates": [10.75, 55.0]}, "properties": {"value": 4.505, "time": "2025-12-26T08:00:00", "date": "2025-12-26", "hour": 8}}, {"type": "Feature", "geometry": {"type": "Point", "coordinates": [11.0, 55.0]}, "properties": {"value": 4.595, "time": "2025-12-26T08:00:00", "date": "2025-12-26", "hour": 8}}, {"type": "Feature", "geometry": {"type": "Point", "coordinates": [11.25, 55.0]}, "properties": {"value": 4.561, "time": "2025-12-26T08:00:00", "date": "2025-12-26", "hour": 8}}, {"type": "Feature", "geometry": {"type": "Point", "coordinates": [11.5, 55.0]}, "properties": {"value": 4.547, "time": "2025-12-26T08:00:00", "date": "2025-12-26", "hour": 8}}, {"type": "Feature", "geometry": {"type": "Point", "coordinates": [11.75, 55.0]}, "properties": {"value": 4.416, "time": "2025-12-26T08:00:00", "date": "2025-12-26", "hour": 8}}, {"type": "Feature", "geometry": {"type": "Point", "coordinates": [12.0, 55.0]}, "properties": {"value": 5.006, "time": "2025-12-26T08:00:00", "date": "2025-12-26", "hour": 8}}, {"type": "Feature", "geometry": {"type": "Point", "coordinates": [12.25, 55.0]}, "properties": {"value": 5.693, "time": "2025-12-26T08:00:00", "date": "2025-12-26", "hour": 8}}, {"type": "Feature", "geometry": {"type": "Point", "coordinates": [12.5, 55.0]}, "properties": {"value": 6.038, "time": "2025-12-26T08:00:00", "date": "2025-12-26", "hour": 8}}, {"type": "Feature", "geometry": {"type": "Point", "coordinates": [12.75, 55.0]}, "properties": {"value": 6.175, "time": "2025-12-26T08:00:00", "date": "2025-12-26", "hour": 8}}, {"type": "Feature", "geometry": {"type": "Point", "coordinates": [13.0, 55.0]}, "properties": {"value": 6.266, "time": "2025-12-26T08:00:00", "date": "2025-12-26", "hour": 8}}, {"type": "Feature", "geometry": {"type": "Point", "coordinates": [13.25, 55.0]}, "properties": {"value": 6.319, "time": "2025-12-26T08:00:00", "date": "2025-12-26", "hour": 8}}, {"type": "Feature", "geometry": {"type": "Point", "coordinates": [13.5, 55.0]}, "properties": {"value": 6.339, "time": "2025-12-26T08:00:00", "date": "2025-12-26", "hour": 8}}, {"type": "Feature", "geometry": {"type": "Point", "coordinates": [13.75, 55.0]}, "properties": {"value": 6.4, "time": "2025-12-26T08:00:00", "date": "2025-12-26", "hour": 8}}, {"type": "Feature", "geometry": {"type": "Point", "coordinates": [14.0, 55.0]}, "properties": {"value": 6.533, "time": "2025-12-26T08:00:00", "date": "2025-12-26", "hour": 8}}, {"type": "Feature", "geometry": {"type": "Point", "coordinates": [14.25, 55.0]}, "properties": {"value": 6.643, "time": "2025-12-26T08:00:00", "date": "2025-12-26", "hour": 8}}, {"type": "Feature", "geometry": {"type": "Point", "coordinates": [14.5, 55.0]}, "properties": {"value": 6.684, "time": "2025-12-26T08:00:00", "date": "2025-12-26", "hour": 8}}, {"type": "Feature", "geometry": {"type": "Point", "coordinates": [14.75, 55.0]}, "properties": {"value": 6.88, "time": "2025-12-26T08:00:00", "date": "2025-12-26", "hour": 8}}, {"type": "Feature", "geometry": {"type": "Point", "coordinates": [15.0, 55.0]}, "properties": {"value": 7.058, "time": "2025-12-26T08:00:00", "date": "2025-12-26", "hour": 8}}, {"type": "Feature", "geometry": {"type": "Point", "coordinates": [5.25, 52.75]}, "properties": {"value": 3.24, "time": "2025-12-26T09:00:00", "date": "2025-12-26", "hour": 9}}, {"type": "Feature", "geometry": {"type": "Point", "coordinates": [5.5, 52.75]}, "properties": {"value": 3.249, "time": "2025-12-26T09:00:00", "date": "2025-12-26", "hour": 9}}, {"type": "Feature", "geometry": {"type": "Point", "coordinates": [5.0, 53.0]}, "properties": {"value": 4.743, "time": "2025-12-26T09:00:00", "date": "2025-12-26", "hour": 9}}, {"type": "Feature", "geometry": {"type": "Point", "coordinates": [5.25, 53.0]}, "properties": {"value": 3.781, "time": "2025-12-26T09:00:00", "date": "2025-12-26", "hour": 9}}, {"type": "Feature", "geometry": {"type": "Point", "coordinates": [5.5, 53.0]}, "properties": {"value": 3.103, "time": "2025-12-26T09:00:00", "date": "2025-12-26", "hour": 9}}, {"type": "Feature", "geometry": {"type": "Point", "coordinates": [5.0, 53.25]}, "properties": {"value": 5.694, "time": "2025-12-26T09:00:00", "date": "2025-12-26", "hour": 9}}, {"type": "Feature", "geometry": {"type": "Point", "coordinates": [5.25, 53.25]}, "properties": {"value": 4.494, "time": "2025-12-26T09:00:00", "date": "2025-12-26", "hour": 9}}, {"type": "Feature", "geometry": {"type": "Point", "coordinates": [5.5, 53.25]}, "properties": {"value": 3.771, "time": "2025-12-26T09:00:00", "date": "2025-12-26", "hour": 9}}, {"type": "Feature", "geometry": {"type": "Point", "coordinates": [5.0, 53.5]}, "properties": {"value": 7.802, "time": "2025-12-26T09:00:00", "date": "2025-12-26", "hour": 9}}, {"type": "Feature", "geometry": {"type": "Point", "coordinates": [5.25, 53.5]}, "properties": {"value": 7.132, "time": "2025-12-26T09:00:00", "date": "2025-12-26", "hour": 9}}, {"type": "Feature", "geometry": {"type": "Point", "coordinates": [5.5, 53.5]}, "properties": {"value": 6.946, "time": "2025-12-26T09:00:00", "date": "2025-12-26", "hour": 9}}, {"type": "Feature", "geometry": {"type": "Point", "coordinates": [5.75, 53.5]}, "properties": {"value": 6.46, "time": "2025-12-26T09:00:00", "date": "2025-12-26", "hour": 9}}, {"type": "Feature", "geometry": {"type": "Point", "coordinates": [6.0, 53.5]}, "properties": {"value": 5.762, "time": "2025-12-26T09:00:00", "date": "2025-12-26", "hour": 9}}, {"type": "Feature", "geometry": {"type": "Point", "coordinates": [6.25, 53.5]}, "properties": {"value": 4.952, "time": "2025-12-26T09:00:00", "date": "2025-12-26", "hour": 9}}, {"type": "Feature", "geometry": {"type": "Point", "coordinates": [6.5, 53.5]}, "properties": {"value": 4.86, "time": "2025-12-26T09:00:00", "date": "2025-12-26", "hour": 9}}, {"type": "Feature", "geometry": {"type": "Point", "coordinates": [6.75, 53.5]}, "properties": {"value": 4.695, "time": "2025-12-26T09:00:00", "date": "2025-12-26", "hour": 9}}, {"type": "Feature", "geometry": {"type": "Point", "coordinates": [5.0, 53.75]}, "properties": {"value": 8.826, "time": "2025-12-26T09:00:00", "date": "2025-12-26", "hour": 9}}, {"type": "Feature", "geometry": {"type": "Point", "coordinates": [5.25, 53.75]}, "properties": {"value": 8.378, "time": "2025-12-26T09:00:00", "date": "2025-12-26", "hour": 9}}, {"type": "Feature", "geometry": {"type": "Point", "coordinates": [5.5, 53.75]}, "properties": {"value": 8.065, "time": "2025-12-26T09:00:00", "date": "2025-12-26", "hour": 9}}, {"type": "Feature", "geometry": {"type": "Point", "coordinates": [5.75, 53.75]}, "properties": {"value": 7.845, "time": "2025-12-26T09:00:00", "date": "2025-12-26", "hour": 9}}, {"type": "Feature", "geometry": {"type": "Point", "coordinates": [6.0, 53.75]}, "properties": {"value": 7.324, "time": "2025-12-26T09:00:00", "date": "2025-12-26", "hour": 9}}, {"type": "Feature", "geometry": {"type": "Point", "coordinates": [6.25, 53.75]}, "properties": {"value": 7.106, "time": "2025-12-26T09:00:00", "date": "2025-12-26", "hour": 9}}, {"type": "Feature", "geometry": {"type": "Point", "coordinates": [6.5, 53.75]}, "properties": {"value": 6.685, "time": "2025-12-26T09:00:00", "date": "2025-12-26", "hour": 9}}, {"type": "Feature", "geometry": {"type": "Point", "coordinates": [6.75, 53.75]}, "properties": {"value": 6.359, "time": "2025-12-26T09:00:00", "date": "2025-12-26", "hour": 9}}, {"type": "Feature", "geometry": {"type": "Point", "coordinates": [7.0, 53.75]}, "properties": {"value": 6.608, "time": "2025-12-26T09:00:00", "date": "2025-12-26", "hour": 9}}, {"type": "Feature", "geometry": {"type": "Point", "coordinates": [7.25, 53.75]}, "properties": {"value": 6.331, "time": "2025-12-26T09:00:00", "date": "2025-12-26", "hour": 9}}, {"type": "Feature", "geometry": {"type": "Point", "coordinates": [7.5, 53.75]}, "properties": {"value": 6.894, "time": "2025-12-26T09:00:00", "date": "2025-12-26", "hour": 9}}, {"type": "Feature", "geometry": {"type": "Point", "coordinates": [7.75, 53.75]}, "properties": {"value": 6.986, "time": "2025-12-26T09:00:00", "date": "2025-12-26", "hour": 9}}, {"type": "Feature", "geometry": {"type": "Point", "coordinates": [8.0, 53.75]}, "properties": {"value": 5.891, "time": "2025-12-26T09:00:00", "date": "2025-12-26", "hour": 9}}, {"type": "Feature", "geometry": {"type": "Point", "coordinates": [8.25, 53.75]}, "properties": {"value": 4.848, "time": "2025-12-26T09:00:00", "date": "2025-12-26", "hour": 9}}, {"type": "Feature", "geometry": {"type": "Point", "coordinates": [8.5, 53.75]}, "properties": {"value": 4.096, "time": "2025-12-26T09:00:00", "date": "2025-12-26", "hour": 9}}, {"type": "Feature", "geometry": {"type": "Point", "coordinates": [8.75, 53.75]}, "properties": {"value": 4.096, "time": "2025-12-26T09:00:00", "date": "2025-12-26", "hour": 9}}, {"type": "Feature", "geometry": {"type": "Point", "coordinates": [14.25, 53.75]}, "properties": {"value": 0.934, "time": "2025-12-26T09:00:00", "date": "2025-12-26", "hour": 9}}, {"type": "Feature", "geometry": {"type": "Point", "coordinates": [14.5, 53.75]}, "properties": {"value": 0.934, "time": "2025-12-26T09:00:00", "date": "2025-12-26", "hour": 9}}, {"type": "Feature", "geometry": {"type": "Point", "coordinates": [5.0, 54.0]}, "properties": {"value": 9.39, "time": "2025-12-26T09:00:00", "date": "2025-12-26", "hour": 9}}, {"type": "Feature", "geometry": {"type": "Point", "coordinates": [5.25, 54.0]}, "properties": {"value": 9.064, "time": "2025-12-26T09:00:00", "date": "2025-12-26", "hour": 9}}, {"type": "Feature", "geometry": {"type": "Point", "coordinates": [5.5, 54.0]}, "properties": {"value": 8.751, "time": "2025-12-26T09:00:00", "date": "2025-12-26", "hour": 9}}, {"type": "Feature", "geometry": {"type": "Point", "coordinates": [5.75, 54.0]}, "properties": {"value": 8.59, "time": "2025-12-26T09:00:00", "date": "2025-12-26", "hour": 9}}, {"type": "Feature", "geometry": {"type": "Point", "coordinates": [6.0, 54.0]}, "properties": {"value": 8.493, "time": "2025-12-26T09:00:00", "date": "2025-12-26", "hour": 9}}, {"type": "Feature", "geometry": {"type": "Point", "coordinates": [6.25, 54.0]}, "properties": {"value": 8.364, "time": "2025-12-26T09:00:00", "date": "2025-12-26", "hour": 9}}, {"type": "Feature", "geometry": {"type": "Point", "coordinates": [6.5, 54.0]}, "properties": {"value": 7.986, "time": "2025-12-26T09:00:00", "date": "2025-12-26", "hour": 9}}, {"type": "Feature", "geometry": {"type": "Point", "coordinates": [6.75, 54.0]}, "properties": {"value": 7.763, "time": "2025-12-26T09:00:00", "date": "2025-12-26", "hour": 9}}, {"type": "Feature", "geometry": {"type": "Point", "coordinates": [7.0, 54.0]}, "properties": {"value": 7.506, "time": "2025-12-26T09:00:00", "date": "2025-12-26", "hour": 9}}, {"type": "Feature", "geometry": {"type": "Point", "coordinates": [7.25, 54.0]}, "properties": {"value": 7.318, "time": "2025-12-26T09:00:00", "date": "2025-12-26", "hour": 9}}, {"type": "Feature", "geometry": {"type": "Point", "coordinates": [7.5, 54.0]}, "properties": {"value": 7.519, "time": "2025-12-26T09:00:00", "date": "2025-12-26", "hour": 9}}, {"type": "Feature", "geometry": {"type": "Point", "coordinates": [7.75, 54.0]}, "properties": {"value": 7.432, "time": "2025-12-26T09:00:00", "date": "2025-12-26", "hour": 9}}, {"type": "Feature", "geometry": {"type": "Point", "coordinates": [8.0, 54.0]}, "properties": {"value": 7.03, "time": "2025-12-26T09:00:00", "date": "2025-12-26", "hour": 9}}, {"type": "Feature", "geometry": {"type": "Point", "coordinates": [8.25, 54.0]}, "properties": {"value": 6.242, "time": "2025-12-26T09:00:00", "date": "2025-12-26", "hour": 9}}, {"type": "Feature", "geometry": {"type": "Point", "coordinates": [8.5, 54.0]}, "properties": {"value": 4.937, "time": "2025-12-26T09:00:00", "date": "2025-12-26", "hour": 9}}, {"type": "Feature", "geometry": {"type": "Point", "coordinates": [11.25, 54.0]}, "properties": {"value": 5.122, "time": "2025-12-26T09:00:00", "date": "2025-12-26", "hour": 9}}, {"type": "Feature", "geometry": {"type": "Point", "coordinates": [14.0, 54.0]}, "properties": {"value": 3.376, "time": "2025-12-26T09:00:00", "date": "2025-12-26", "hour": 9}}, {"type": "Feature", "geometry": {"type": "Point", "coordinates": [14.25, 54.0]}, "properties": {"value": 4.446, "time": "2025-12-26T09:00:00", "date": "2025-12-26", "hour": 9}}, {"type": "Feature", "geometry": {"type": "Point", "coordinates": [14.5, 54.0]}, "properties": {"value": 3.948, "time": "2025-12-26T09:00:00", "date": "2025-12-26", "hour": 9}}, {"type": "Feature", "geometry": {"type": "Point", "coordinates": [14.75, 54.0]}, "properties": {"value": 4.721, "time": "2025-12-26T09:00:00", "date": "2025-12-26", "hour": 9}}, {"type": "Feature", "geometry": {"type": "Point", "coordinates": [5.0, 54.25]}, "properties": {"value": 9.611, "time": "2025-12-26T09:00:00", "date": "2025-12-26", "hour": 9}}, {"type": "Feature", "geometry": {"type": "Point", "coordinates": [5.25, 54.25]}, "properties": {"value": 9.363, "time": "2025-12-26T09:00:00", "date": "2025-12-26", "hour": 9}}, {"type": "Feature", "geometry": {"type": "Point", "coordinates": [5.5, 54.25]}, "properties": {"value": 9.181, "time": "2025-12-26T09:00:00", "date": "2025-12-26", "hour": 9}}, {"type": "Feature", "geometry": {"type": "Point", "coordinates": [5.75, 54.25]}, "properties": {"value": 9.034, "time": "2025-12-26T09:00:00", "date": "2025-12-26", "hour": 9}}, {"type": "Feature", "geometry": {"type": "Point", "coordinates": [6.0, 54.25]}, "properties": {"value": 8.907, "time": "2025-12-26T09:00:00", "date": "2025-12-26", "hour": 9}}, {"type": "Feature", "geometry": {"type": "Point", "coordinates": [6.25, 54.25]}, "properties": {"value": 8.875, "time": "2025-12-26T09:00:00", "date": "2025-12-26", "hour": 9}}, {"type": "Feature", "geometry": {"type": "Point", "coordinates": [6.5, 54.25]}, "properties": {"value": 8.87, "time": "2025-12-26T09:00:00", "date": "2025-12-26", "hour": 9}}, {"type": "Feature", "geometry": {"type": "Point", "coordinates": [6.75, 54.25]}, "properties": {"value": 8.635, "time": "2025-12-26T09:00:00", "date": "2025-12-26", "hour": 9}}, {"type": "Feature", "geometry": {"type": "Point", "coordinates": [7.0, 54.25]}, "properties": {"value": 8.38, "time": "2025-12-26T09:00:00", "date": "2025-12-26", "hour": 9}}, {"type": "Feature", "geometry": {"type": "Point", "coordinates": [7.25, 54.25]}, "properties": {"value": 7.845, "time": "2025-12-26T09:00:00", "date": "2025-12-26", "hour": 9}}, {"type": "Feature", "geometry": {"type": "Point", "coordinates": [7.5, 54.25]}, "properties": {"value": 7.526, "time": "2025-12-26T09:00:00", "date": "2025-12-26", "hour": 9}}, {"type": "Feature", "geometry": {"type": "Point", "coordinates": [7.75, 54.25]}, "properties": {"value": 7.333, "time": "2025-12-26T09:00:00", "date": "2025-12-26", "hour": 9}}, {"type": "Feature", "geometry": {"type": "Point", "coordinates": [8.0, 54.25]}, "properties": {"value": 7.068, "time": "2025-12-26T09:00:00", "date": "2025-12-26", "hour": 9}}, {"type": "Feature", "geometry": {"type": "Point", "coordinates": [8.25, 54.25]}, "properties": {"value": 5.934, "time": "2025-12-26T09:00:00", "date": "2025-12-26", "hour": 9}}, {"type": "Feature", "geometry": {"type": "Point", "coordinates": [8.5, 54.25]}, "properties": {"value": 4.685, "time": "2025-12-26T09:00:00", "date": "2025-12-26", "hour": 9}}, {"type": "Feature", "geometry": {"type": "Point", "coordinates": [10.75, 54.25]}, "properties": {"value": 5.437, "time": "2025-12-26T09:00:00", "date": "2025-12-26", "hour": 9}}, {"type": "Feature", "geometry": {"type": "Point", "coordinates": [11.25, 54.25]}, "properties": {"value": 5.213, "time": "2025-12-26T09:00:00", "date": "2025-12-26", "hour": 9}}, {"type": "Feature", "geometry": {"type": "Point", "coordinates": [11.75, 54.25]}, "properties": {"value": 5.469, "time": "2025-12-26T09:00:00", "date": "2025-12-26", "hour": 9}}, {"type": "Feature", "geometry": {"type": "Point", "coordinates": [12.25, 54.25]}, "properties": {"value": 5.571, "time": "2025-12-26T09:00:00", "date": "2025-12-26", "hour": 9}}, {"type": "Feature", "geometry": {"type": "Point", "coordinates": [13.75, 54.25]}, "properties": {"value": 3.253, "time": "2025-12-26T09:00:00", "date": "2025-12-26", "hour": 9}}, {"type": "Feature", "geometry": {"type": "Point", "coordinates": [14.0, 54.25]}, "properties": {"value": 4.088, "time": "2025-12-26T09:00:00", "date": "2025-12-26", "hour": 9}}, {"type": "Feature", "geometry": {"type": "Point", "coordinates": [14.25, 54.25]}, "properties": {"value": 4.856, "time": "2025-12-26T09:00:00", "date": "2025-12-26", "hour": 9}}, {"type": "Feature", "geometry": {"type": "Point", "coordinates": [14.5, 54.25]}, "properties": {"value": 5.434, "time": "2025-12-26T09:00:00", "date": "2025-12-26", "hour": 9}}, {"type": "Feature", "geometry": {"type": "Point", "coordinates": [14.75, 54.25]}, "properties": {"value": 5.612, "time": "2025-12-26T09:00:00", "date": "2025-12-26", "hour": 9}}, {"type": "Feature", "geometry": {"type": "Point", "coordinates": [15.0, 54.25]}, "properties": {"value": 5.983, "time": "2025-12-26T09:00:00", "date": "2025-12-26", "hour": 9}}, {"type": "Feature", "geometry": {"type": "Point", "coordinates": [5.0, 54.5]}, "properties": {"value": 9.654, "time": "2025-12-26T09:00:00", "date": "2025-12-26", "hour": 9}}, {"type": "Feature", "geometry": {"type": "Point", "coordinates": [5.25, 54.5]}, "properties": {"value": 9.607, "time": "2025-12-26T09:00:00", "date": "2025-12-26", "hour": 9}}, {"type": "Feature", "geometry": {"type": "Point", "coordinates": [5.5, 54.5]}, "properties": {"value": 9.477, "time": "2025-12-26T09:00:00", "date": "2025-12-26", "hour": 9}}, {"type": "Feature", "geometry": {"type": "Point", "coordinates": [5.75, 54.5]}, "properties": {"value": 9.325, "time": "2025-12-26T09:00:00", "date": "2025-12-26", "hour": 9}}, {"type": "Feature", "geometry": {"type": "Point", "coordinates": [6.0, 54.5]}, "properties": {"value": 9.165, "time": "2025-12-26T09:00:00", "date": "2025-12-26", "hour": 9}}, {"type": "Feature", "geometry": {"type": "Point", "coordinates": [6.25, 54.5]}, "properties": {"value": 9.063, "time": "2025-12-26T09:00:00", "date": "2025-12-26", "hour": 9}}, {"type": "Feature", "geometry": {"type": "Point", "coordinates": [6.5, 54.5]}, "properties": {"value": 9.106, "time": "2025-12-26T09:00:00", "date": "2025-12-26", "hour": 9}}, {"type": "Feature", "geometry": {"type": "Point", "coordinates": [6.75, 54.5]}, "properties": {"value": 8.931, "time": "2025-12-26T09:00:00", "date": "2025-12-26", "hour": 9}}, {"type": "Feature", "geometry": {"type": "Point", "coordinates": [7.0, 54.5]}, "properties": {"value": 8.478, "time": "2025-12-26T09:00:00", "date": "2025-12-26", "hour": 9}}, {"type": "Feature", "geometry": {"type": "Point", "coordinates": [7.25, 54.5]}, "properties": {"value": 7.731, "time": "2025-12-26T09:00:00", "date": "2025-12-26", "hour": 9}}, {"type": "Feature", "geometry": {"type": "Point", "coordinates": [7.5, 54.5]}, "properties": {"value": 6.981, "time": "2025-12-26T09:00:00", "date": "2025-12-26", "hour": 9}}, {"type": "Feature", "geometry": {"type": "Point", "coordinates": [7.75, 54.5]}, "properties": {"value": 6.704, "time": "2025-12-26T09:00:00", "date": "2025-12-26", "hour": 9}}, {"type": "Feature", "geometry": {"type": "Point", "coordinates": [8.0, 54.5]}, "properties": {"value": 5.901, "time": "2025-12-26T09:00:00", "date": "2025-12-26", "hour": 9}}, {"type": "Feature", "geometry": {"type": "Point", "coordinates": [8.25, 54.5]}, "properties": {"value": 4.62, "time": "2025-12-26T09:00:00", "date": "2025-12-26", "hour": 9}}, {"type": "Feature", "geometry": {"type": "Point", "coordinates": [8.5, 54.5]}, "properties": {"value": 3.574, "time": "2025-12-26T09:00:00", "date": "2025-12-26", "hour": 9}}, {"type": "Feature", "geometry": {"type": "Point", "coordinates": [10.5, 54.5]}, "properties": {"value": 5.53, "time": "2025-12-26T09:00:00", "date": "2025-12-26", "hour": 9}}, {"type": "Feature", "geometry": {"type": "Point", "coordinates": [10.75, 54.5]}, "properties": {"value": 5.328, "time": "2025-12-26T09:00:00", "date": "2025-12-26", "hour": 9}}, {"type": "Feature", "geometry": {"type": "Point", "coordinates": [11.0, 54.5]}, "properties": {"value": 5.139, "time": "2025-12-26T09:00:00", "date": "2025-12-26", "hour": 9}}, {"type": "Feature", "geometry": {"type": "Point", "coordinates": [11.25, 54.5]}, "properties": {"value": 5.06, "time": "2025-12-26T09:00:00", "date": "2025-12-26", "hour": 9}}, {"type": "Feature", "geometry": {"type": "Point", "coordinates": [11.5, 54.5]}, "properties": {"value": 5.155, "time": "2025-12-26T09:00:00", "date": "2025-12-26", "hour": 9}}, {"type": "Feature", "geometry": {"type": "Point", "coordinates": [11.75, 54.5]}, "properties": {"value": 5.523, "time": "2025-12-26T09:00:00", "date": "2025-12-26", "hour": 9}}, {"type": "Feature", "geometry": {"type": "Point", "coordinates": [12.0, 54.5]}, "properties": {"value": 5.705, "time": "2025-12-26T09:00:00", "date": "2025-12-26", "hour": 9}}, {"type": "Feature", "geometry": {"type": "Point", "coordinates": [12.25, 54.5]}, "properties": {"value": 5.774, "time": "2025-12-26T09:00:00", "date": "2025-12-26", "hour": 9}}, {"type": "Feature", "geometry": {"type": "Point", "coordinates": [13.0, 54.5]}, "properties": {"value": 5.655, "time": "2025-12-26T09:00:00", "date": "2025-12-26", "hour": 9}}, {"type": "Feature", "geometry": {"type": "Point", "coordinates": [13.25, 54.5]}, "properties": {"value": 4.774, "time": "2025-12-26T09:00:00", "date": "2025-12-26", "hour": 9}}, {"type": "Feature", "geometry": {"type": "Point", "coordinates": [13.5, 54.5]}, "properties": {"value": 4.289, "time": "2025-12-26T09:00:00", "date": "2025-12-26", "hour": 9}}, {"type": "Feature", "geometry": {"type": "Point", "coordinates": [13.75, 54.5]}, "properties": {"value": 4.353, "time": "2025-12-26T09:00:00", "date": "2025-12-26", "hour": 9}}, {"type": "Feature", "geometry": {"type": "Point", "coordinates": [14.0, 54.5]}, "properties": {"value": 5.093, "time": "2025-12-26T09:00:00", "date": "2025-12-26", "hour": 9}}, {"type": "Feature", "geometry": {"type": "Point", "coordinates": [14.25, 54.5]}, "properties": {"value": 5.782, "time": "2025-12-26T09:00:00", "date": "2025-12-26", "hour": 9}}, {"type": "Feature", "geometry": {"type": "Point", "coordinates": [14.5, 54.5]}, "properties": {"value": 6.421, "time": "2025-12-26T09:00:00", "date": "2025-12-26", "hour": 9}}, {"type": "Feature", "geometry": {"type": "Point", "coordinates": [14.75, 54.5]}, "properties": {"value": 6.673, "time": "2025-12-26T09:00:00", "date": "2025-12-26", "hour": 9}}, {"type": "Feature", "geometry": {"type": "Point", "coordinates": [15.0, 54.5]}, "properties": {"value": 6.935, "time": "2025-12-26T09:00:00", "date": "2025-12-26", "hour": 9}}, {"type": "Feature", "geometry": {"type": "Point", "coordinates": [5.0, 54.75]}, "properties": {"value": 9.679, "time": "2025-12-26T09:00:00", "date": "2025-12-26", "hour": 9}}, {"type": "Feature", "geometry": {"type": "Point", "coordinates": [5.25, 54.75]}, "properties": {"value": 9.632, "time": "2025-12-26T09:00:00", "date": "2025-12-26", "hour": 9}}, {"type": "Feature", "geometry": {"type": "Point", "coordinates": [5.5, 54.75]}, "properties": {"value": 9.566, "time": "2025-12-26T09:00:00", "date": "2025-12-26", "hour": 9}}, {"type": "Feature", "geometry": {"type": "Point", "coordinates": [5.75, 54.75]}, "properties": {"value": 9.53, "time": "2025-12-26T09:00:00", "date": "2025-12-26", "hour": 9}}, {"type": "Feature", "geometry": {"type": "Point", "coordinates": [6.0, 54.75]}, "properties": {"value": 9.341, "time": "2025-12-26T09:00:00", "date": "2025-12-26", "hour": 9}}, {"type": "Feature", "geometry": {"type": "Point", "coordinates": [6.25, 54.75]}, "properties": {"value": 9.239, "time": "2025-12-26T09:00:00", "date": "2025-12-26", "hour": 9}}, {"type": "Feature", "geometry": {"type": "Point", "coordinates": [6.5, 54.75]}, "properties": {"value": 9.036, "time": "2025-12-26T09:00:00", "date": "2025-12-26", "hour": 9}}, {"type": "Feature", "geometry": {"type": "Point", "coordinates": [6.75, 54.75]}, "properties": {"value": 8.434, "time": "2025-12-26T09:00:00", "date": "2025-12-26", "hour": 9}}, {"type": "Feature", "geometry": {"type": "Point", "coordinates": [7.0, 54.75]}, "properties": {"value": 7.887, "time": "2025-12-26T09:00:00", "date": "2025-12-26", "hour": 9}}, {"type": "Feature", "geometry": {"type": "Point", "coordinates": [7.25, 54.75]}, "properties": {"value": 7.143, "time": "2025-12-26T09:00:00", "date": "2025-12-26", "hour": 9}}, {"type": "Feature", "geometry": {"type": "Point", "coordinates": [7.5, 54.75]}, "properties": {"value": 6.475, "time": "2025-12-26T09:00:00", "date": "2025-12-26", "hour": 9}}, {"type": "Feature", "geometry": {"type": "Point", "coordinates": [7.75, 54.75]}, "properties": {"value": 5.799, "time": "2025-12-26T09:00:00", "date": "2025-12-26", "hour": 9}}, {"type": "Feature", "geometry": {"type": "Point", "coordinates": [8.0, 54.75]}, "properties": {"value": 4.965, "time": "2025-12-26T09:00:00", "date": "2025-12-26", "hour": 9}}, {"type": "Feature", "geometry": {"type": "Point", "coordinates": [8.25, 54.75]}, "properties": {"value": 3.672, "time": "2025-12-26T09:00:00", "date": "2025-12-26", "hour": 9}}, {"type": "Feature", "geometry": {"type": "Point", "coordinates": [8.5, 54.75]}, "properties": {"value": 2.753, "time": "2025-12-26T09:00:00", "date": "2025-12-26", "hour": 9}}, {"type": "Feature", "geometry": {"type": "Point", "coordinates": [10.25, 54.75]}, "properties": {"value": 5.647, "time": "2025-12-26T09:00:00", "date": "2025-12-26", "hour": 9}}, {"type": "Feature", "geometry": {"type": "Point", "coordinates": [10.5, 54.75]}, "properties": {"value": 5.221, "time": "2025-12-26T09:00:00", "date": "2025-12-26", "hour": 9}}, {"type": "Feature", "geometry": {"type": "Point", "coordinates": [10.75, 54.75]}, "properties": {"value": 4.946, "time": "2025-12-26T09:00:00", "date": "2025-12-26", "hour": 9}}, {"type": "Feature", "geometry": {"type": "Point", "coordinates": [11.0, 54.75]}, "properties": {"value": 4.75, "time": "2025-12-26T09:00:00", "date": "2025-12-26", "hour": 9}}, {"type": "Feature", "geometry": {"type": "Point", "coordinates": [11.25, 54.75]}, "properties": {"value": 4.654, "time": "2025-12-26T09:00:00", "date": "2025-12-26", "hour": 9}}, {"type": "Feature", "geometry": {"type": "Point", "coordinates": [11.5, 54.75]}, "properties": {"value": 4.617, "time": "2025-12-26T09:00:00", "date": "2025-12-26", "hour": 9}}, {"type": "Feature", "geometry": {"type": "Point", "coordinates": [12.0, 54.75]}, "properties": {"value": 5.438, "time": "2025-12-26T09:00:00", "date": "2025-12-26", "hour": 9}}, {"type": "Feature", "geometry": {"type": "Point", "coordinates": [12.25, 54.75]}, "properties": {"value": 5.93, "time": "2025-12-26T09:00:00", "date": "2025-12-26", "hour": 9}}, {"type": "Feature", "geometry": {"type": "Point", "coordinates": [12.5, 54.75]}, "properties": {"value": 6.082, "time": "2025-12-26T09:00:00", "date": "2025-12-26", "hour": 9}}, {"type": "Feature", "geometry": {"type": "Point", "coordinates": [12.75, 54.75]}, "properties": {"value": 6.039, "time": "2025-12-26T09:00:00", "date": "2025-12-26", "hour": 9}}, {"type": "Feature", "geometry": {"type": "Point", "coordinates": [13.0, 54.75]}, "properties": {"value": 5.812, "time": "2025-12-26T09:00:00", "date": "2025-12-26", "hour": 9}}, {"type": "Feature", "geometry": {"type": "Point", "coordinates": [13.25, 54.75]}, "properties": {"value": 5.866, "time": "2025-12-26T09:00:00", "date": "2025-12-26", "hour": 9}}, {"type": "Feature", "geometry": {"type": "Point", "coordinates": [13.5, 54.75]}, "properties": {"value": 5.763, "time": "2025-12-26T09:00:00", "date": "2025-12-26", "hour": 9}}, {"type": "Feature", "geometry": {"type": "Point", "coordinates": [13.75, 54.75]}, "properties": {"value": 5.826, "time": "2025-12-26T09:00:00", "date": "2025-12-26", "hour": 9}}, {"type": "Feature", "geometry": {"type": "Point", "coordinates": [14.0, 54.75]}, "properties": {"value": 5.986, "time": "2025-12-26T09:00:00", "date": "2025-12-26", "hour": 9}}, {"type": "Feature", "geometry": {"type": "Point", "coordinates": [14.25, 54.75]}, "properties": {"value": 6.179, "time": "2025-12-26T09:00:00", "date": "2025-12-26", "hour": 9}}, {"type": "Feature", "geometry": {"type": "Point", "coordinates": [14.5, 54.75]}, "properties": {"value": 6.817, "time": "2025-12-26T09:00:00", "date": "2025-12-26", "hour": 9}}, {"type": "Feature", "geometry": {"type": "Point", "coordinates": [14.75, 54.75]}, "properties": {"value": 7.063, "time": "2025-12-26T09:00:00", "date": "2025-12-26", "hour": 9}}, {"type": "Feature", "geometry": {"type": "Point", "coordinates": [15.0, 54.75]}, "properties": {"value": 7.245, "time": "2025-12-26T09:00:00", "date": "2025-12-26", "hour": 9}}, {"type": "Feature", "geometry": {"type": "Point", "coordinates": [5.0, 55.0]}, "properties": {"value": 9.525, "time": "2025-12-26T09:00:00", "date": "2025-12-26", "hour": 9}}, {"type": "Feature", "geometry": {"type": "Point", "coordinates": [5.25, 55.0]}, "properties": {"value": 9.539, "time": "2025-12-26T09:00:00", "date": "2025-12-26", "hour": 9}}, {"type": "Feature", "geometry": {"type": "Point", "coordinates": [5.5, 55.0]}, "properties": {"value": 9.568, "time": "2025-12-26T09:00:00", "date": "2025-12-26", "hour": 9}}, {"type": "Feature", "geometry": {"type": "Point", "coordinates": [5.75, 55.0]}, "properties": {"value": 9.532, "time": "2025-12-26T09:00:00", "date": "2025-12-26", "hour": 9}}, {"type": "Feature", "geometry": {"type": "Point", "coordinates": [6.0, 55.0]}, "properties": {"value": 9.436, "time": "2025-12-26T09:00:00", "date": "2025-12-26", "hour": 9}}, {"type": "Feature", "geometry": {"type": "Point", "coordinates": [6.25, 55.0]}, "properties": {"value": 9.126, "time": "2025-12-26T09:00:00", "date": "2025-12-26", "hour": 9}}, {"type": "Feature", "geometry": {"type": "Point", "coordinates": [6.5, 55.0]}, "properties": {"value": 8.623, "time": "2025-12-26T09:00:00", "date": "2025-12-26", "hour": 9}}, {"type": "Feature", "geometry": {"type": "Point", "coordinates": [6.75, 55.0]}, "properties": {"value": 8.006, "time": "2025-12-26T09:00:00", "date": "2025-12-26", "hour": 9}}, {"type": "Feature", "geometry": {"type": "Point", "coordinates": [7.0, 55.0]}, "properties": {"value": 7.35, "time": "2025-12-26T09:00:00", "date": "2025-12-26", "hour": 9}}, {"type": "Feature", "geometry": {"type": "Point", "coordinates": [7.25, 55.0]}, "properties": {"value": 6.876, "time": "2025-12-26T09:00:00", "date": "2025-12-26", "hour": 9}}, {"type": "Feature", "geometry": {"type": "Point", "coordinates": [7.5, 55.0]}, "properties": {"value": 6.284, "time": "2025-12-26T09:00:00", "date": "2025-12-26", "hour": 9}}, {"type": "Feature", "geometry": {"type": "Point", "coordinates": [7.75, 55.0]}, "properties": {"value": 5.676, "time": "2025-12-26T09:00:00", "date": "2025-12-26", "hour": 9}}, {"type": "Feature", "geometry": {"type": "Point", "coordinates": [8.0, 55.0]}, "properties": {"value": 5.122, "time": "2025-12-26T09:00:00", "date": "2025-12-26", "hour": 9}}, {"type": "Feature", "geometry": {"type": "Point", "coordinates": [8.25, 55.0]}, "properties": {"value": 4.069, "time": "2025-12-26T09:00:00", "date": "2025-12-26", "hour": 9}}, {"type": "Feature", "geometry": {"type": "Point", "coordinates": [8.5, 55.0]}, "properties": {"value": 3.238, "time": "2025-12-26T09:00:00", "date": "2025-12-26", "hour": 9}}, {"type": "Feature", "geometry": {"type": "Point", "coordinates": [10.25, 55.0]}, "properties": {"value": 5.754, "time": "2025-12-26T09:00:00", "date": "2025-12-26", "hour": 9}}, {"type": "Feature", "geometry": {"type": "Point", "coordinates": [10.5, 55.0]}, "properties": {"value": 5.124, "time": "2025-12-26T09:00:00", "date": "2025-12-26", "hour": 9}}, {"type": "Feature", "geometry": {"type": "Point", "coordinates": [10.75, 55.0]}, "properties": {"value": 4.505, "time": "2025-12-26T09:00:00", "date": "2025-12-26", "hour": 9}}, {"type": "Feature", "geometry": {"type": "Point", "coordinates": [11.0, 55.0]}, "properties": {"value": 4.595, "time": "2025-12-26T09:00:00", "date": "2025-12-26", "hour": 9}}, {"type": "Feature", "geometry": {"type": "Point", "coordinates": [11.25, 55.0]}, "properties": {"value": 4.561, "time": "2025-12-26T09:00:00", "date": "2025-12-26", "hour": 9}}, {"type": "Feature", "geometry": {"type": "Point", "coordinates": [11.5, 55.0]}, "properties": {"value": 4.547, "time": "2025-12-26T09:00:00", "date": "2025-12-26", "hour": 9}}, {"type": "Feature", "geometry": {"type": "Point", "coordinates": [11.75, 55.0]}, "properties": {"value": 4.416, "time": "2025-12-26T09:00:00", "date": "2025-12-26", "hour": 9}}, {"type": "Feature", "geometry": {"type": "Point", "coordinates": [12.0, 55.0]}, "properties": {"value": 5.006, "time": "2025-12-26T09:00:00", "date": "2025-12-26", "hour": 9}}, {"type": "Feature", "geometry": {"type": "Point", "coordinates": [12.25, 55.0]}, "properties": {"value": 5.693, "time": "2025-12-26T09:00:00", "date": "2025-12-26", "hour": 9}}, {"type": "Feature", "geometry": {"type": "Point", "coordinates": [12.5, 55.0]}, "properties": {"value": 6.038, "time": "2025-12-26T09:00:00", "date": "2025-12-26", "hour": 9}}, {"type": "Feature", "geometry": {"type": "Point", "coordinates": [12.75, 55.0]}, "properties": {"value": 6.175, "time": "2025-12-26T09:00:00", "date": "2025-12-26", "hour": 9}}, {"type": "Feature", "geometry": {"type": "Point", "coordinates": [13.0, 55.0]}, "properties": {"value": 6.266, "time": "2025-12-26T09:00:00", "date": "2025-12-26", "hour": 9}}, {"type": "Feature", "geometry": {"type": "Point", "coordinates": [13.25, 55.0]}, "properties": {"value": 6.319, "time": "2025-12-26T09:00:00", "date": "2025-12-26", "hour": 9}}, {"type": "Feature", "geometry": {"type": "Point", "coordinates": [13.5, 55.0]}, "properties": {"value": 6.339, "time": "2025-12-26T09:00:00", "date": "2025-12-26", "hour": 9}}, {"type": "Feature", "geometry": {"type": "Point", "coordinates": [13.75, 55.0]}, "properties": {"value": 6.4, "time": "2025-12-26T09:00:00", "date": "2025-12-26", "hour": 9}}, {"type": "Feature", "geometry": {"type": "Point", "coordinates": [14.0, 55.0]}, "properties": {"value": 6.533, "time": "2025-12-26T09:00:00", "date": "2025-12-26", "hour": 9}}, {"type": "Feature", "geometry": {"type": "Point", "coordinates": [14.25, 55.0]}, "properties": {"value": 6.643, "time": "2025-12-26T09:00:00", "date": "2025-12-26", "hour": 9}}, {"type": "Feature", "geometry": {"type": "Point", "coordinates": [14.5, 55.0]}, "properties": {"value": 6.684, "time": "2025-12-26T09:00:00", "date": "2025-12-26", "hour": 9}}, {"type": "Feature", "geometry": {"type": "Point", "coordinates": [14.75, 55.0]}, "properties": {"value": 6.88, "time": "2025-12-26T09:00:00", "date": "2025-12-26", "hour": 9}}, {"type": "Feature", "geometry": {"type": "Point", "coordinates": [15.0, 55.0]}, "properties": {"value": 7.058, "time": "2025-12-26T09:00:00", "date": "2025-12-26", "hour": 9}}, {"type": "Feature", "geometry": {"type": "Point", "coordinates": [5.25, 52.75]}, "properties": {"value": 3.24, "time": "2025-12-26T10:00:00", "date": "2025-12-26", "hour": 10}}, {"type": "Feature", "geometry": {"type": "Point", "coordinates": [5.5, 52.75]}, "properties": {"value": 3.249, "time": "2025-12-26T10:00:00", "date": "2025-12-26", "hour": 10}}, {"type": "Feature", "geometry": {"type": "Point", "coordinates": [5.0, 53.0]}, "properties": {"value": 4.743, "time": "2025-12-26T10:00:00", "date": "2025-12-26", "hour": 10}}, {"type": "Feature", "geometry": {"type": "Point", "coordinates": [5.25, 53.0]}, "properties": {"value": 3.781, "time": "2025-12-26T10:00:00", "date": "2025-12-26", "hour": 10}}, {"type": "Feature", "geometry": {"type": "Point", "coordinates": [5.5, 53.0]}, "properties": {"value": 3.103, "time": "2025-12-26T10:00:00", "date": "2025-12-26", "hour": 10}}, {"type": "Feature", "geometry": {"type": "Point", "coordinates": [5.0, 53.25]}, "properties": {"value": 5.694, "time": "2025-12-26T10:00:00", "date": "2025-12-26", "hour": 10}}, {"type": "Feature", "geometry": {"type": "Point", "coordinates": [5.25, 53.25]}, "properties": {"value": 4.494, "time": "2025-12-26T10:00:00", "date": "2025-12-26", "hour": 10}}, {"type": "Feature", "geometry": {"type": "Point", "coordinates": [5.5, 53.25]}, "properties": {"value": 3.771, "time": "2025-12-26T10:00:00", "date": "2025-12-26", "hour": 10}}, {"type": "Feature", "geometry": {"type": "Point", "coordinates": [5.0, 53.5]}, "properties": {"value": 7.802, "time": "2025-12-26T10:00:00", "date": "2025-12-26", "hour": 10}}, {"type": "Feature", "geometry": {"type": "Point", "coordinates": [5.25, 53.5]}, "properties": {"value": 7.132, "time": "2025-12-26T10:00:00", "date": "2025-12-26", "hour": 10}}, {"type": "Feature", "geometry": {"type": "Point", "coordinates": [5.5, 53.5]}, "properties": {"value": 6.946, "time": "2025-12-26T10:00:00", "date": "2025-12-26", "hour": 10}}, {"type": "Feature", "geometry": {"type": "Point", "coordinates": [5.75, 53.5]}, "properties": {"value": 6.46, "time": "2025-12-26T10:00:00", "date": "2025-12-26", "hour": 10}}, {"type": "Feature", "geometry": {"type": "Point", "coordinates": [6.0, 53.5]}, "properties": {"value": 5.762, "time": "2025-12-26T10:00:00", "date": "2025-12-26", "hour": 10}}, {"type": "Feature", "geometry": {"type": "Point", "coordinates": [6.25, 53.5]}, "properties": {"value": 4.952, "time": "2025-12-26T10:00:00", "date": "2025-12-26", "hour": 10}}, {"type": "Feature", "geometry": {"type": "Point", "coordinates": [6.5, 53.5]}, "properties": {"value": 4.86, "time": "2025-12-26T10:00:00", "date": "2025-12-26", "hour": 10}}, {"type": "Feature", "geometry": {"type": "Point", "coordinates": [6.75, 53.5]}, "properties": {"value": 4.695, "time": "2025-12-26T10:00:00", "date": "2025-12-26", "hour": 10}}, {"type": "Feature", "geometry": {"type": "Point", "coordinates": [5.0, 53.75]}, "properties": {"value": 8.826, "time": "2025-12-26T10:00:00", "date": "2025-12-26", "hour": 10}}, {"type": "Feature", "geometry": {"type": "Point", "coordinates": [5.25, 53.75]}, "properties": {"value": 8.378, "time": "2025-12-26T10:00:00", "date": "2025-12-26", "hour": 10}}, {"type": "Feature", "geometry": {"type": "Point", "coordinates": [5.5, 53.75]}, "properties": {"value": 8.065, "time": "2025-12-26T10:00:00", "date": "2025-12-26", "hour": 10}}, {"type": "Feature", "geometry": {"type": "Point", "coordinates": [5.75, 53.75]}, "properties": {"value": 7.845, "time": "2025-12-26T10:00:00", "date": "2025-12-26", "hour": 10}}, {"type": "Feature", "geometry": {"type": "Point", "coordinates": [6.0, 53.75]}, "properties": {"value": 7.324, "time": "2025-12-26T10:00:00", "date": "2025-12-26", "hour": 10}}, {"type": "Feature", "geometry": {"type": "Point", "coordinates": [6.25, 53.75]}, "properties": {"value": 7.106, "time": "2025-12-26T10:00:00", "date": "2025-12-26", "hour": 10}}, {"type": "Feature", "geometry": {"type": "Point", "coordinates": [6.5, 53.75]}, "properties": {"value": 6.685, "time": "2025-12-26T10:00:00", "date": "2025-12-26", "hour": 10}}, {"type": "Feature", "geometry": {"type": "Point", "coordinates": [6.75, 53.75]}, "properties": {"value": 6.359, "time": "2025-12-26T10:00:00", "date": "2025-12-26", "hour": 10}}, {"type": "Feature", "geometry": {"type": "Point", "coordinates": [7.0, 53.75]}, "properties": {"value": 6.608, "time": "2025-12-26T10:00:00", "date": "2025-12-26", "hour": 10}}, {"type": "Feature", "geometry": {"type": "Point", "coordinates": [7.25, 53.75]}, "properties": {"value": 6.331, "time": "2025-12-26T10:00:00", "date": "2025-12-26", "hour": 10}}, {"type": "Feature", "geometry": {"type": "Point", "coordinates": [7.5, 53.75]}, "properties": {"value": 6.894, "time": "2025-12-26T10:00:00", "date": "2025-12-26", "hour": 10}}, {"type": "Feature", "geometry": {"type": "Point", "coordinates": [7.75, 53.75]}, "properties": {"value": 6.986, "time": "2025-12-26T10:00:00", "date": "2025-12-26", "hour": 10}}, {"type": "Feature", "geometry": {"type": "Point", "coordinates": [8.0, 53.75]}, "properties": {"value": 5.891, "time": "2025-12-26T10:00:00", "date": "2025-12-26", "hour": 10}}, {"type": "Feature", "geometry": {"type": "Point", "coordinates": [8.25, 53.75]}, "properties": {"value": 4.848, "time": "2025-12-26T10:00:00", "date": "2025-12-26", "hour": 10}}, {"type": "Feature", "geometry": {"type": "Point", "coordinates": [8.5, 53.75]}, "properties": {"value": 4.096, "time": "2025-12-26T10:00:00", "date": "2025-12-26", "hour": 10}}, {"type": "Feature", "geometry": {"type": "Point", "coordinates": [8.75, 53.75]}, "properties": {"value": 4.096, "time": "2025-12-26T10:00:00", "date": "2025-12-26", "hour": 10}}, {"type": "Feature", "geometry": {"type": "Point", "coordinates": [14.25, 53.75]}, "properties": {"value": 0.934, "time": "2025-12-26T10:00:00", "date": "2025-12-26", "hour": 10}}, {"type": "Feature", "geometry": {"type": "Point", "coordinates": [14.5, 53.75]}, "properties": {"value": 0.934, "time": "2025-12-26T10:00:00", "date": "2025-12-26", "hour": 10}}, {"type": "Feature", "geometry": {"type": "Point", "coordinates": [5.0, 54.0]}, "properties": {"value": 9.39, "time": "2025-12-26T10:00:00", "date": "2025-12-26", "hour": 10}}, {"type": "Feature", "geometry": {"type": "Point", "coordinates": [5.25, 54.0]}, "properties": {"value": 9.064, "time": "2025-12-26T10:00:00", "date": "2025-12-26", "hour": 10}}, {"type": "Feature", "geometry": {"type": "Point", "coordinates": [5.5, 54.0]}, "properties": {"value": 8.751, "time": "2025-12-26T10:00:00", "date": "2025-12-26", "hour": 10}}, {"type": "Feature", "geometry": {"type": "Point", "coordinates": [5.75, 54.0]}, "properties": {"value": 8.59, "time": "2025-12-26T10:00:00", "date": "2025-12-26", "hour": 10}}, {"type": "Feature", "geometry": {"type": "Point", "coordinates": [6.0, 54.0]}, "properties": {"value": 8.493, "time": "2025-12-26T10:00:00", "date": "2025-12-26", "hour": 10}}, {"type": "Feature", "geometry": {"type": "Point", "coordinates": [6.25, 54.0]}, "properties": {"value": 8.364, "time": "2025-12-26T10:00:00", "date": "2025-12-26", "hour": 10}}, {"type": "Feature", "geometry": {"type": "Point", "coordinates": [6.5, 54.0]}, "properties": {"value": 7.986, "time": "2025-12-26T10:00:00", "date": "2025-12-26", "hour": 10}}, {"type": "Feature", "geometry": {"type": "Point", "coordinates": [6.75, 54.0]}, "properties": {"value": 7.763, "time": "2025-12-26T10:00:00", "date": "2025-12-26", "hour": 10}}, {"type": "Feature", "geometry": {"type": "Point", "coordinates": [7.0, 54.0]}, "properties": {"value": 7.506, "time": "2025-12-26T10:00:00", "date": "2025-12-26", "hour": 10}}, {"type": "Feature", "geometry": {"type": "Point", "coordinates": [7.25, 54.0]}, "properties": {"value": 7.318, "time": "2025-12-26T10:00:00", "date": "2025-12-26", "hour": 10}}, {"type": "Feature", "geometry": {"type": "Point", "coordinates": [7.5, 54.0]}, "properties": {"value": 7.519, "time": "2025-12-26T10:00:00", "date": "2025-12-26", "hour": 10}}, {"type": "Feature", "geometry": {"type": "Point", "coordinates": [7.75, 54.0]}, "properties": {"value": 7.432, "time": "2025-12-26T10:00:00", "date": "2025-12-26", "hour": 10}}, {"type": "Feature", "geometry": {"type": "Point", "coordinates": [8.0, 54.0]}, "properties": {"value": 7.03, "time": "2025-12-26T10:00:00", "date": "2025-12-26", "hour": 10}}, {"type": "Feature", "geometry": {"type": "Point", "coordinates": [8.25, 54.0]}, "properties": {"value": 6.242, "time": "2025-12-26T10:00:00", "date": "2025-12-26", "hour": 10}}, {"type": "Feature", "geometry": {"type": "Point", "coordinates": [8.5, 54.0]}, "properties": {"value": 4.937, "time": "2025-12-26T10:00:00", "date": "2025-12-26", "hour": 10}}, {"type": "Feature", "geometry": {"type": "Point", "coordinates": [11.25, 54.0]}, "properties": {"value": 5.122, "time": "2025-12-26T10:00:00", "date": "2025-12-26", "hour": 10}}, {"type": "Feature", "geometry": {"type": "Point", "coordinates": [14.0, 54.0]}, "properties": {"value": 3.376, "time": "2025-12-26T10:00:00", "date": "2025-12-26", "hour": 10}}, {"type": "Feature", "geometry": {"type": "Point", "coordinates": [14.25, 54.0]}, "properties": {"value": 4.446, "time": "2025-12-26T10:00:00", "date": "2025-12-26", "hour": 10}}, {"type": "Feature", "geometry": {"type": "Point", "coordinates": [14.5, 54.0]}, "properties": {"value": 3.948, "time": "2025-12-26T10:00:00", "date": "2025-12-26", "hour": 10}}, {"type": "Feature", "geometry": {"type": "Point", "coordinates": [14.75, 54.0]}, "properties": {"value": 4.721, "time": "2025-12-26T10:00:00", "date": "2025-12-26", "hour": 10}}, {"type": "Feature", "geometry": {"type": "Point", "coordinates": [5.0, 54.25]}, "properties": {"value": 9.611, "time": "2025-12-26T10:00:00", "date": "2025-12-26", "hour": 10}}, {"type": "Feature", "geometry": {"type": "Point", "coordinates": [5.25, 54.25]}, "properties": {"value": 9.363, "time": "2025-12-26T10:00:00", "date": "2025-12-26", "hour": 10}}, {"type": "Feature", "geometry": {"type": "Point", "coordinates": [5.5, 54.25]}, "properties": {"value": 9.181, "time": "2025-12-26T10:00:00", "date": "2025-12-26", "hour": 10}}, {"type": "Feature", "geometry": {"type": "Point", "coordinates": [5.75, 54.25]}, "properties": {"value": 9.034, "time": "2025-12-26T10:00:00", "date": "2025-12-26", "hour": 10}}, {"type": "Feature", "geometry": {"type": "Point", "coordinates": [6.0, 54.25]}, "properties": {"value": 8.907, "time": "2025-12-26T10:00:00", "date": "2025-12-26", "hour": 10}}, {"type": "Feature", "geometry": {"type": "Point", "coordinates": [6.25, 54.25]}, "properties": {"value": 8.875, "time": "2025-12-26T10:00:00", "date": "2025-12-26", "hour": 10}}, {"type": "Feature", "geometry": {"type": "Point", "coordinates": [6.5, 54.25]}, "properties": {"value": 8.87, "time": "2025-12-26T10:00:00", "date": "2025-12-26", "hour": 10}}, {"type": "Feature", "geometry": {"type": "Point", "coordinates": [6.75, 54.25]}, "properties": {"value": 8.635, "time": "2025-12-26T10:00:00", "date": "2025-12-26", "hour": 10}}, {"type": "Feature", "geometry": {"type": "Point", "coordinates": [7.0, 54.25]}, "properties": {"value": 8.38, "time": "2025-12-26T10:00:00", "date": "2025-12-26", "hour": 10}}, {"type": "Feature", "geometry": {"type": "Point", "coordinates": [7.25, 54.25]}, "properties": {"value": 7.845, "time": "2025-12-26T10:00:00", "date": "2025-12-26", "hour": 10}}, {"type": "Feature", "geometry": {"type": "Point", "coordinates": [7.5, 54.25]}, "properties": {"value": 7.526, "time": "2025-12-26T10:00:00", "date": "2025-12-26", "hour": 10}}, {"type": "Feature", "geometry": {"type": "Point", "coordinates": [7.75, 54.25]}, "properties": {"value": 7.333, "time": "2025-12-26T10:00:00", "date": "2025-12-26", "hour": 10}}, {"type": "Feature", "geometry": {"type": "Point", "coordinates": [8.0, 54.25]}, "properties": {"value": 7.068, "time": "2025-12-26T10:00:00", "date": "2025-12-26", "hour": 10}}, {"type": "Feature", "geometry": {"type": "Point", "coordinates": [8.25, 54.25]}, "properties": {"value": 5.934, "time": "2025-12-26T10:00:00", "date": "2025-12-26", "hour": 10}}, {"type": "Feature", "geometry": {"type": "Point", "coordinates": [8.5, 54.25]}, "properties": {"value": 4.685, "time": "2025-12-26T10:00:00", "date": "2025-12-26", "hour": 10}}, {"type": "Feature", "geometry": {"type": "Point", "coordinates": [10.75, 54.25]}, "properties": {"value": 5.437, "time": "2025-12-26T10:00:00", "date": "2025-12-26", "hour": 10}}, {"type": "Feature", "geometry": {"type": "Point", "coordinates": [11.25, 54.25]}, "properties": {"value": 5.213, "time": "2025-12-26T10:00:00", "date": "2025-12-26", "hour": 10}}, {"type": "Feature", "geometry": {"type": "Point", "coordinates": [11.75, 54.25]}, "properties": {"value": 5.469, "time": "2025-12-26T10:00:00", "date": "2025-12-26", "hour": 10}}, {"type": "Feature", "geometry": {"type": "Point", "coordinates": [12.25, 54.25]}, "properties": {"value": 5.571, "time": "2025-12-26T10:00:00", "date": "2025-12-26", "hour": 10}}, {"type": "Feature", "geometry": {"type": "Point", "coordinates": [13.75, 54.25]}, "properties": {"value": 3.253, "time": "2025-12-26T10:00:00", "date": "2025-12-26", "hour": 10}}, {"type": "Feature", "geometry": {"type": "Point", "coordinates": [14.0, 54.25]}, "properties": {"value": 4.088, "time": "2025-12-26T10:00:00", "date": "2025-12-26", "hour": 10}}, {"type": "Feature", "geometry": {"type": "Point", "coordinates": [14.25, 54.25]}, "properties": {"value": 4.856, "time": "2025-12-26T10:00:00", "date": "2025-12-26", "hour": 10}}, {"type": "Feature", "geometry": {"type": "Point", "coordinates": [14.5, 54.25]}, "properties": {"value": 5.434, "time": "2025-12-26T10:00:00", "date": "2025-12-26", "hour": 10}}, {"type": "Feature", "geometry": {"type": "Point", "coordinates": [14.75, 54.25]}, "properties": {"value": 5.612, "time": "2025-12-26T10:00:00", "date": "2025-12-26", "hour": 10}}, {"type": "Feature", "geometry": {"type": "Point", "coordinates": [15.0, 54.25]}, "properties": {"value": 5.983, "time": "2025-12-26T10:00:00", "date": "2025-12-26", "hour": 10}}, {"type": "Feature", "geometry": {"type": "Point", "coordinates": [5.0, 54.5]}, "properties": {"value": 9.654, "time": "2025-12-26T10:00:00", "date": "2025-12-26", "hour": 10}}, {"type": "Feature", "geometry": {"type": "Point", "coordinates": [5.25, 54.5]}, "properties": {"value": 9.607, "time": "2025-12-26T10:00:00", "date": "2025-12-26", "hour": 10}}, {"type": "Feature", "geometry": {"type": "Point", "coordinates": [5.5, 54.5]}, "properties": {"value": 9.477, "time": "2025-12-26T10:00:00", "date": "2025-12-26", "hour": 10}}, {"type": "Feature", "geometry": {"type": "Point", "coordinates": [5.75, 54.5]}, "properties": {"value": 9.325, "time": "2025-12-26T10:00:00", "date": "2025-12-26", "hour": 10}}, {"type": "Feature", "geometry": {"type": "Point", "coordinates": [6.0, 54.5]}, "properties": {"value": 9.165, "time": "2025-12-26T10:00:00", "date": "2025-12-26", "hour": 10}}, {"type": "Feature", "geometry": {"type": "Point", "coordinates": [6.25, 54.5]}, "properties": {"value": 9.063, "time": "2025-12-26T10:00:00", "date": "2025-12-26", "hour": 10}}, {"type": "Feature", "geometry": {"type": "Point", "coordinates": [6.5, 54.5]}, "properties": {"value": 9.106, "time": "2025-12-26T10:00:00", "date": "2025-12-26", "hour": 10}}, {"type": "Feature", "geometry": {"type": "Point", "coordinates": [6.75, 54.5]}, "properties": {"value": 8.931, "time": "2025-12-26T10:00:00", "date": "2025-12-26", "hour": 10}}, {"type": "Feature", "geometry": {"type": "Point", "coordinates": [7.0, 54.5]}, "properties": {"value": 8.478, "time": "2025-12-26T10:00:00", "date": "2025-12-26", "hour": 10}}, {"type": "Feature", "geometry": {"type": "Point", "coordinates": [7.25, 54.5]}, "properties": {"value": 7.731, "time": "2025-12-26T10:00:00", "date": "2025-12-26", "hour": 10}}, {"type": "Feature", "geometry": {"type": "Point", "coordinates": [7.5, 54.5]}, "properties": {"value": 6.981, "time": "2025-12-26T10:00:00", "date": "2025-12-26", "hour": 10}}, {"type": "Feature", "geometry": {"type": "Point", "coordinates": [7.75, 54.5]}, "properties": {"value": 6.704, "time": "2025-12-26T10:00:00", "date": "2025-12-26", "hour": 10}}, {"type": "Feature", "geometry": {"type": "Point", "coordinates": [8.0, 54.5]}, "properties": {"value": 5.901, "time": "2025-12-26T10:00:00", "date": "2025-12-26", "hour": 10}}, {"type": "Feature", "geometry": {"type": "Point", "coordinates": [8.25, 54.5]}, "properties": {"value": 4.62, "time": "2025-12-26T10:00:00", "date": "2025-12-26", "hour": 10}}, {"type": "Feature", "geometry": {"type": "Point", "coordinates": [8.5, 54.5]}, "properties": {"value": 3.574, "time": "2025-12-26T10:00:00", "date": "2025-12-26", "hour": 10}}, {"type": "Feature", "geometry": {"type": "Point", "coordinates": [10.5, 54.5]}, "properties": {"value": 5.53, "time": "2025-12-26T10:00:00", "date": "2025-12-26", "hour": 10}}, {"type": "Feature", "geometry": {"type": "Point", "coordinates": [10.75, 54.5]}, "properties": {"value": 5.328, "time": "2025-12-26T10:00:00", "date": "2025-12-26", "hour": 10}}, {"type": "Feature", "geometry": {"type": "Point", "coordinates": [11.0, 54.5]}, "properties": {"value": 5.139, "time": "2025-12-26T10:00:00", "date": "2025-12-26", "hour": 10}}, {"type": "Feature", "geometry": {"type": "Point", "coordinates": [11.25, 54.5]}, "properties": {"value": 5.06, "time": "2025-12-26T10:00:00", "date": "2025-12-26", "hour": 10}}, {"type": "Feature", "geometry": {"type": "Point", "coordinates": [11.5, 54.5]}, "properties": {"value": 5.155, "time": "2025-12-26T10:00:00", "date": "2025-12-26", "hour": 10}}, {"type": "Feature", "geometry": {"type": "Point", "coordinates": [11.75, 54.5]}, "properties": {"value": 5.523, "time": "2025-12-26T10:00:00", "date": "2025-12-26", "hour": 10}}, {"type": "Feature", "geometry": {"type": "Point", "coordinates": [12.0, 54.5]}, "properties": {"value": 5.705, "time": "2025-12-26T10:00:00", "date": "2025-12-26", "hour": 10}}, {"type": "Feature", "geometry": {"type": "Point", "coordinates": [12.25, 54.5]}, "properties": {"value": 5.774, "time": "2025-12-26T10:00:00", "date": "2025-12-26", "hour": 10}}, {"type": "Feature", "geometry": {"type": "Point", "coordinates": [13.0, 54.5]}, "properties": {"value": 5.655, "time": "2025-12-26T10:00:00", "date": "2025-12-26", "hour": 10}}, {"type": "Feature", "geometry": {"type": "Point", "coordinates": [13.25, 54.5]}, "properties": {"value": 4.774, "time": "2025-12-26T10:00:00", "date": "2025-12-26", "hour": 10}}, {"type": "Feature", "geometry": {"type": "Point", "coordinates": [13.5, 54.5]}, "properties": {"value": 4.289, "time": "2025-12-26T10:00:00", "date": "2025-12-26", "hour": 10}}, {"type": "Feature", "geometry": {"type": "Point", "coordinates": [13.75, 54.5]}, "properties": {"value": 4.353, "time": "2025-12-26T10:00:00", "date": "2025-12-26", "hour": 10}}, {"type": "Feature", "geometry": {"type": "Point", "coordinates": [14.0, 54.5]}, "properties": {"value": 5.093, "time": "2025-12-26T10:00:00", "date": "2025-12-26", "hour": 10}}, {"type": "Feature", "geometry": {"type": "Point", "coordinates": [14.25, 54.5]}, "properties": {"value": 5.782, "time": "2025-12-26T10:00:00", "date": "2025-12-26", "hour": 10}}, {"type": "Feature", "geometry": {"type": "Point", "coordinates": [14.5, 54.5]}, "properties": {"value": 6.421, "time": "2025-12-26T10:00:00", "date": "2025-12-26", "hour": 10}}, {"type": "Feature", "geometry": {"type": "Point", "coordinates": [14.75, 54.5]}, "properties": {"value": 6.673, "time": "2025-12-26T10:00:00", "date": "2025-12-26", "hour": 10}}, {"type": "Feature", "geometry": {"type": "Point", "coordinates": [15.0, 54.5]}, "properties": {"value": 6.935, "time": "2025-12-26T10:00:00", "date": "2025-12-26", "hour": 10}}, {"type": "Feature", "geometry": {"type": "Point", "coordinates": [5.0, 54.75]}, "properties": {"value": 9.679, "time": "2025-12-26T10:00:00", "date": "2025-12-26", "hour": 10}}, {"type": "Feature", "geometry": {"type": "Point", "coordinates": [5.25, 54.75]}, "properties": {"value": 9.632, "time": "2025-12-26T10:00:00", "date": "2025-12-26", "hour": 10}}, {"type": "Feature", "geometry": {"type": "Point", "coordinates": [5.5, 54.75]}, "properties": {"value": 9.566, "time": "2025-12-26T10:00:00", "date": "2025-12-26", "hour": 10}}, {"type": "Feature", "geometry": {"type": "Point", "coordinates": [5.75, 54.75]}, "properties": {"value": 9.53, "time": "2025-12-26T10:00:00", "date": "2025-12-26", "hour": 10}}, {"type": "Feature", "geometry": {"type": "Point", "coordinates": [6.0, 54.75]}, "properties": {"value": 9.341, "time": "2025-12-26T10:00:00", "date": "2025-12-26", "hour": 10}}, {"type": "Feature", "geometry": {"type": "Point", "coordinates": [6.25, 54.75]}, "properties": {"value": 9.239, "time": "2025-12-26T10:00:00", "date": "2025-12-26", "hour": 10}}, {"type": "Feature", "geometry": {"type": "Point", "coordinates": [6.5, 54.75]}, "properties": {"value": 9.036, "time": "2025-12-26T10:00:00", "date": "2025-12-26", "hour": 10}}, {"type": "Feature", "geometry": {"type": "Point", "coordinates": [6.75, 54.75]}, "properties": {"value": 8.434, "time": "2025-12-26T10:00:00", "date": "2025-12-26", "hour": 10}}, {"type": "Feature", "geometry": {"type": "Point", "coordinates": [7.0, 54.75]}, "properties": {"value": 7.887, "time": "2025-12-26T10:00:00", "date": "2025-12-26", "hour": 10}}, {"type": "Feature", "geometry": {"type": "Point", "coordinates": [7.25, 54.75]}, "properties": {"value": 7.143, "time": "2025-12-26T10:00:00", "date": "2025-12-26", "hour": 10}}, {"type": "Feature", "geometry": {"type": "Point", "coordinates": [7.5, 54.75]}, "properties": {"value": 6.475, "time": "2025-12-26T10:00:00", "date": "2025-12-26", "hour": 10}}, {"type": "Feature", "geometry": {"type": "Point", "coordinates": [7.75, 54.75]}, "properties": {"value": 5.799, "time": "2025-12-26T10:00:00", "date": "2025-12-26", "hour": 10}}, {"type": "Feature", "geometry": {"type": "Point", "coordinates": [8.0, 54.75]}, "properties": {"value": 4.965, "time": "2025-12-26T10:00:00", "date": "2025-12-26", "hour": 10}}, {"type": "Feature", "geometry": {"type": "Point", "coordinates": [8.25, 54.75]}, "properties": {"value": 3.672, "time": "2025-12-26T10:00:00", "date": "2025-12-26", "hour": 10}}, {"type": "Feature", "geometry": {"type": "Point", "coordinates": [8.5, 54.75]}, "properties": {"value": 2.753, "time": "2025-12-26T10:00:00", "date": "2025-12-26", "hour": 10}}, {"type": "Feature", "geometry": {"type": "Point", "coordinates": [10.25, 54.75]}, "properties": {"value": 5.647, "time": "2025-12-26T10:00:00", "date": "2025-12-26", "hour": 10}}, {"type": "Feature", "geometry": {"type": "Point", "coordinates": [10.5, 54.75]}, "properties": {"value": 5.221, "time": "2025-12-26T10:00:00", "date": "2025-12-26", "hour": 10}}, {"type": "Feature", "geometry": {"type": "Point", "coordinates": [10.75, 54.75]}, "properties": {"value": 4.946, "time": "2025-12-26T10:00:00", "date": "2025-12-26", "hour": 10}}, {"type": "Feature", "geometry": {"type": "Point", "coordinates": [11.0, 54.75]}, "properties": {"value": 4.75, "time": "2025-12-26T10:00:00", "date": "2025-12-26", "hour": 10}}, {"type": "Feature", "geometry": {"type": "Point", "coordinates": [11.25, 54.75]}, "properties": {"value": 4.654, "time": "2025-12-26T10:00:00", "date": "2025-12-26", "hour": 10}}, {"type": "Feature", "geometry": {"type": "Point", "coordinates": [11.5, 54.75]}, "properties": {"value": 4.617, "time": "2025-12-26T10:00:00", "date": "2025-12-26", "hour": 10}}, {"type": "Feature", "geometry": {"type": "Point", "coordinates": [12.0, 54.75]}, "properties": {"value": 5.438, "time": "2025-12-26T10:00:00", "date": "2025-12-26", "hour": 10}}, {"type": "Feature", "geometry": {"type": "Point", "coordinates": [12.25, 54.75]}, "properties": {"value": 5.93, "time": "2025-12-26T10:00:00", "date": "2025-12-26", "hour": 10}}, {"type": "Feature", "geometry": {"type": "Point", "coordinates": [12.5, 54.75]}, "properties": {"value": 6.082, "time": "2025-12-26T10:00:00", "date": "2025-12-26", "hour": 10}}, {"type": "Feature", "geometry": {"type": "Point", "coordinates": [12.75, 54.75]}, "properties": {"value": 6.039, "time": "2025-12-26T10:00:00", "date": "2025-12-26", "hour": 10}}, {"type": "Feature", "geometry": {"type": "Point", "coordinates": [13.0, 54.75]}, "properties": {"value": 5.812, "time": "2025-12-26T10:00:00", "date": "2025-12-26", "hour": 10}}, {"type": "Feature", "geometry": {"type": "Point", "coordinates": [13.25, 54.75]}, "properties": {"value": 5.866, "time": "2025-12-26T10:00:00", "date": "2025-12-26", "hour": 10}}, {"type": "Feature", "geometry": {"type": "Point", "coordinates": [13.5, 54.75]}, "properties": {"value": 5.763, "time": "2025-12-26T10:00:00", "date": "2025-12-26", "hour": 10}}, {"type": "Feature", "geometry": {"type": "Point", "coordinates": [13.75, 54.75]}, "properties": {"value": 5.826, "time": "2025-12-26T10:00:00", "date": "2025-12-26", "hour": 10}}, {"type": "Feature", "geometry": {"type": "Point", "coordinates": [14.0, 54.75]}, "properties": {"value": 5.986, "time": "2025-12-26T10:00:00", "date": "2025-12-26", "hour": 10}}, {"type": "Feature", "geometry": {"type": "Point", "coordinates": [14.25, 54.75]}, "properties": {"value": 6.179, "time": "2025-12-26T10:00:00", "date": "2025-12-26", "hour": 10}}, {"type": "Feature", "geometry": {"type": "Point", "coordinates": [14.5, 54.75]}, "properties": {"value": 6.817, "time": "2025-12-26T10:00:00", "date": "2025-12-26", "hour": 10}}, {"type": "Feature", "geometry": {"type": "Point", "coordinates": [14.75, 54.75]}, "properties": {"value": 7.063, "time": "2025-12-26T10:00:00", "date": "2025-12-26", "hour": 10}}, {"type": "Feature", "geometry": {"type": "Point", "coordinates": [15.0, 54.75]}, "properties": {"value": 7.245, "time": "2025-12-26T10:00:00", "date": "2025-12-26", "hour": 10}}, {"type": "Feature", "geometry": {"type": "Point", "coordinates": [5.0, 55.0]}, "properties": {"value": 9.525, "time": "2025-12-26T10:00:00", "date": "2025-12-26", "hour": 10}}, {"type": "Feature", "geometry": {"type": "Point", "coordinates": [5.25, 55.0]}, "properties": {"value": 9.539, "time": "2025-12-26T10:00:00", "date": "2025-12-26", "hour": 10}}, {"type": "Feature", "geometry": {"type": "Point", "coordinates": [5.5, 55.0]}, "properties": {"value": 9.568, "time": "2025-12-26T10:00:00", "date": "2025-12-26", "hour": 10}}, {"type": "Feature", "geometry": {"type": "Point", "coordinates": [5.75, 55.0]}, "properties": {"value": 9.532, "time": "2025-12-26T10:00:00", "date": "2025-12-26", "hour": 10}}, {"type": "Feature", "geometry": {"type": "Point", "coordinates": [6.0, 55.0]}, "properties": {"value": 9.436, "time": "2025-12-26T10:00:00", "date": "2025-12-26", "hour": 10}}, {"type": "Feature", "geometry": {"type": "Point", "coordinates": [6.25, 55.0]}, "properties": {"value": 9.126, "time": "2025-12-26T10:00:00", "date": "2025-12-26", "hour": 10}}, {"type": "Feature", "geometry": {"type": "Point", "coordinates": [6.5, 55.0]}, "properties": {"value": 8.623, "time": "2025-12-26T10:00:00", "date": "2025-12-26", "hour": 10}}, {"type": "Feature", "geometry": {"type": "Point", "coordinates": [6.75, 55.0]}, "properties": {"value": 8.006, "time": "2025-12-26T10:00:00", "date": "2025-12-26", "hour": 10}}, {"type": "Feature", "geometry": {"type": "Point", "coordinates": [7.0, 55.0]}, "properties": {"value": 7.35, "time": "2025-12-26T10:00:00", "date": "2025-12-26", "hour": 10}}, {"type": "Feature", "geometry": {"type": "Point", "coordinates": [7.25, 55.0]}, "properties": {"value": 6.876, "time": "2025-12-26T10:00:00", "date": "2025-12-26", "hour": 10}}, {"type": "Feature", "geometry": {"type": "Point", "coordinates": [7.5, 55.0]}, "properties": {"value": 6.284, "time": "2025-12-26T10:00:00", "date": "2025-12-26", "hour": 10}}, {"type": "Feature", "geometry": {"type": "Point", "coordinates": [7.75, 55.0]}, "properties": {"value": 5.676, "time": "2025-12-26T10:00:00", "date": "2025-12-26", "hour": 10}}, {"type": "Feature", "geometry": {"type": "Point", "coordinates": [8.0, 55.0]}, "properties": {"value": 5.122, "time": "2025-12-26T10:00:00", "date": "2025-12-26", "hour": 10}}, {"type": "Feature", "geometry": {"type": "Point", "coordinates": [8.25, 55.0]}, "properties": {"value": 4.069, "time": "2025-12-26T10:00:00", "date": "2025-12-26", "hour": 10}}, {"type": "Feature", "geometry": {"type": "Point", "coordinates": [8.5, 55.0]}, "properties": {"value": 3.238, "time": "2025-12-26T10:00:00", "date": "2025-12-26", "hour": 10}}, {"type": "Feature", "geometry": {"type": "Point", "coordinates": [10.25, 55.0]}, "properties": {"value": 5.754, "time": "2025-12-26T10:00:00", "date": "2025-12-26", "hour": 10}}, {"type": "Feature", "geometry": {"type": "Point", "coordinates": [10.5, 55.0]}, "properties": {"value": 5.124, "time": "2025-12-26T10:00:00", "date": "2025-12-26", "hour": 10}}, {"type": "Feature", "geometry": {"type": "Point", "coordinates": [10.75, 55.0]}, "properties": {"value": 4.505, "time": "2025-12-26T10:00:00", "date": "2025-12-26", "hour": 10}}, {"type": "Feature", "geometry": {"type": "Point", "coordinates": [11.0, 55.0]}, "properties": {"value": 4.595, "time": "2025-12-26T10:00:00", "date": "2025-12-26", "hour": 10}}, {"type": "Feature", "geometry": {"type": "Point", "coordinates": [11.25, 55.0]}, "properties": {"value": 4.561, "time": "2025-12-26T10:00:00", "date": "2025-12-26", "hour": 10}}, {"type": "Feature", "geometry": {"type": "Point", "coordinates": [11.5, 55.0]}, "properties": {"value": 4.547, "time": "2025-12-26T10:00:00", "date": "2025-12-26", "hour": 10}}, {"type": "Feature", "geometry": {"type": "Point", "coordinates": [11.75, 55.0]}, "properties": {"value": 4.416, "time": "2025-12-26T10:00:00", "date": "2025-12-26", "hour": 10}}, {"type": "Feature", "geometry": {"type": "Point", "coordinates": [12.0, 55.0]}, "properties": {"value": 5.006, "time": "2025-12-26T10:00:00", "date": "2025-12-26", "hour": 10}}, {"type": "Feature", "geometry": {"type": "Point", "coordinates": [12.25, 55.0]}, "properties": {"value": 5.693, "time": "2025-12-26T10:00:00", "date": "2025-12-26", "hour": 10}}, {"type": "Feature", "geometry": {"type": "Point", "coordinates": [12.5, 55.0]}, "properties": {"value": 6.038, "time": "2025-12-26T10:00:00", "date": "2025-12-26", "hour": 10}}, {"type": "Feature", "geometry": {"type": "Point", "coordinates": [12.75, 55.0]}, "properties": {"value": 6.175, "time": "2025-12-26T10:00:00", "date": "2025-12-26", "hour": 10}}, {"type": "Feature", "geometry": {"type": "Point", "coordinates": [13.0, 55.0]}, "properties": {"value": 6.266, "time": "2025-12-26T10:00:00", "date": "2025-12-26", "hour": 10}}, {"type": "Feature", "geometry": {"type": "Point", "coordinates": [13.25, 55.0]}, "properties": {"value": 6.319, "time": "2025-12-26T10:00:00", "date": "2025-12-26", "hour": 10}}, {"type": "Feature", "geometry": {"type": "Point", "coordinates": [13.5, 55.0]}, "properties": {"value": 6.339, "time": "2025-12-26T10:00:00", "date": "2025-12-26", "hour": 10}}, {"type": "Feature", "geometry": {"type": "Point", "coordinates": [13.75, 55.0]}, "properties": {"value": 6.4, "time": "2025-12-26T10:00:00", "date": "2025-12-26", "hour": 10}}, {"type": "Feature", "geometry": {"type": "Point", "coordinates": [14.0, 55.0]}, "properties": {"value": 6.533, "time": "2025-12-26T10:00:00", "date": "2025-12-26", "hour": 10}}, {"type": "Feature", "geometry": {"type": "Point", "coordinates": [14.25, 55.0]}, "properties": {"value": 6.643, "time": "2025-12-26T10:00:00", "date": "2025-12-26", "hour": 10}}, {"type": "Feature", "geometry": {"type": "Point", "coordinates": [14.5, 55.0]}, "properties": {"value": 6.684, "time": "2025-12-26T10:00:00", "date": "2025-12-26", "hour": 10}}, {"type": "Feature", "geometry": {"type": "Point", "coordinates": [14.75, 55.0]}, "properties": {"value": 6.88, "time": "2025-12-26T10:00:00", "date": "2025-12-26", "hour": 10}}, {"type": "Feature", "geometry": {"type": "Point", "coordinates": [15.0, 55.0]}, "properties": {"value": 7.058, "time": "2025-12-26T10:00:00", "date": "2025-12-26", "hour": 10}}, {"type": "Feature", "geometry": {"type": "Point", "coordinates": [5.25, 52.75]}, "properties": {"value": 3.24, "time": "2025-12-26T11:00:00", "date": "2025-12-26", "hour": 11}}, {"type": "Feature", "geometry": {"type": "Point", "coordinates": [5.5, 52.75]}, "properties": {"value": 3.249, "time": "2025-12-26T11:00:00", "date": "2025-12-26", "hour": 11}}, {"type": "Feature", "geometry": {"type": "Point", "coordinates": [5.0, 53.0]}, "properties": {"value": 4.743, "time": "2025-12-26T11:00:00", "date": "2025-12-26", "hour": 11}}, {"type": "Feature", "geometry": {"type": "Point", "coordinates": [5.25, 53.0]}, "properties": {"value": 3.781, "time": "2025-12-26T11:00:00", "date": "2025-12-26", "hour": 11}}, {"type": "Feature", "geometry": {"type": "Point", "coordinates": [5.5, 53.0]}, "properties": {"value": 3.103, "time": "2025-12-26T11:00:00", "date": "2025-12-26", "hour": 11}}, {"type": "Feature", "geometry": {"type": "Point", "coordinates": [5.0, 53.25]}, "properties": {"value": 5.694, "time": "2025-12-26T11:00:00", "date": "2025-12-26", "hour": 11}}, {"type": "Feature", "geometry": {"type": "Point", "coordinates": [5.25, 53.25]}, "properties": {"value": 4.494, "time": "2025-12-26T11:00:00", "date": "2025-12-26", "hour": 11}}, {"type": "Feature", "geometry": {"type": "Point", "coordinates": [5.5, 53.25]}, "properties": {"value": 3.771, "time": "2025-12-26T11:00:00", "date": "2025-12-26", "hour": 11}}, {"type": "Feature", "geometry": {"type": "Point", "coordinates": [5.0, 53.5]}, "properties": {"value": 7.802, "time": "2025-12-26T11:00:00", "date": "2025-12-26", "hour": 11}}, {"type": "Feature", "geometry": {"type": "Point", "coordinates": [5.25, 53.5]}, "properties": {"value": 7.132, "time": "2025-12-26T11:00:00", "date": "2025-12-26", "hour": 11}}, {"type": "Feature", "geometry": {"type": "Point", "coordinates": [5.5, 53.5]}, "properties": {"value": 6.946, "time": "2025-12-26T11:00:00", "date": "2025-12-26", "hour": 11}}, {"type": "Feature", "geometry": {"type": "Point", "coordinates": [5.75, 53.5]}, "properties": {"value": 6.46, "time": "2025-12-26T11:00:00", "date": "2025-12-26", "hour": 11}}, {"type": "Feature", "geometry": {"type": "Point", "coordinates": [6.0, 53.5]}, "properties": {"value": 5.762, "time": "2025-12-26T11:00:00", "date": "2025-12-26", "hour": 11}}, {"type": "Feature", "geometry": {"type": "Point", "coordinates": [6.25, 53.5]}, "properties": {"value": 4.952, "time": "2025-12-26T11:00:00", "date": "2025-12-26", "hour": 11}}, {"type": "Feature", "geometry": {"type": "Point", "coordinates": [6.5, 53.5]}, "properties": {"value": 4.86, "time": "2025-12-26T11:00:00", "date": "2025-12-26", "hour": 11}}, {"type": "Feature", "geometry": {"type": "Point", "coordinates": [6.75, 53.5]}, "properties": {"value": 4.695, "time": "2025-12-26T11:00:00", "date": "2025-12-26", "hour": 11}}, {"type": "Feature", "geometry": {"type": "Point", "coordinates": [5.0, 53.75]}, "properties": {"value": 8.826, "time": "2025-12-26T11:00:00", "date": "2025-12-26", "hour": 11}}, {"type": "Feature", "geometry": {"type": "Point", "coordinates": [5.25, 53.75]}, "properties": {"value": 8.378, "time": "2025-12-26T11:00:00", "date": "2025-12-26", "hour": 11}}, {"type": "Feature", "geometry": {"type": "Point", "coordinates": [5.5, 53.75]}, "properties": {"value": 8.065, "time": "2025-12-26T11:00:00", "date": "2025-12-26", "hour": 11}}, {"type": "Feature", "geometry": {"type": "Point", "coordinates": [5.75, 53.75]}, "properties": {"value": 7.845, "time": "2025-12-26T11:00:00", "date": "2025-12-26", "hour": 11}}, {"type": "Feature", "geometry": {"type": "Point", "coordinates": [6.0, 53.75]}, "properties": {"value": 7.324, "time": "2025-12-26T11:00:00", "date": "2025-12-26", "hour": 11}}, {"type": "Feature", "geometry": {"type": "Point", "coordinates": [6.25, 53.75]}, "properties": {"value": 7.106, "time": "2025-12-26T11:00:00", "date": "2025-12-26", "hour": 11}}, {"type": "Feature", "geometry": {"type": "Point", "coordinates": [6.5, 53.75]}, "properties": {"value": 6.685, "time": "2025-12-26T11:00:00", "date": "2025-12-26", "hour": 11}}, {"type": "Feature", "geometry": {"type": "Point", "coordinates": [6.75, 53.75]}, "properties": {"value": 6.359, "time": "2025-12-26T11:00:00", "date": "2025-12-26", "hour": 11}}, {"type": "Feature", "geometry": {"type": "Point", "coordinates": [7.0, 53.75]}, "properties": {"value": 6.608, "time": "2025-12-26T11:00:00", "date": "2025-12-26", "hour": 11}}, {"type": "Feature", "geometry": {"type": "Point", "coordinates": [7.25, 53.75]}, "properties": {"value": 6.331, "time": "2025-12-26T11:00:00", "date": "2025-12-26", "hour": 11}}, {"type": "Feature", "geometry": {"type": "Point", "coordinates": [7.5, 53.75]}, "properties": {"value": 6.894, "time": "2025-12-26T11:00:00", "date": "2025-12-26", "hour": 11}}, {"type": "Feature", "geometry": {"type": "Point", "coordinates": [7.75, 53.75]}, "properties": {"value": 6.986, "time": "2025-12-26T11:00:00", "date": "2025-12-26", "hour": 11}}, {"type": "Feature", "geometry": {"type": "Point", "coordinates": [8.0, 53.75]}, "properties": {"value": 5.891, "time": "2025-12-26T11:00:00", "date": "2025-12-26", "hour": 11}}, {"type": "Feature", "geometry": {"type": "Point", "coordinates": [8.25, 53.75]}, "properties": {"value": 4.848, "time": "2025-12-26T11:00:00", "date": "2025-12-26", "hour": 11}}, {"type": "Feature", "geometry": {"type": "Point", "coordinates": [8.5, 53.75]}, "properties": {"value": 4.096, "time": "2025-12-26T11:00:00", "date": "2025-12-26", "hour": 11}}, {"type": "Feature", "geometry": {"type": "Point", "coordinates": [8.75, 53.75]}, "properties": {"value": 4.096, "time": "2025-12-26T11:00:00", "date": "2025-12-26", "hour": 11}}, {"type": "Feature", "geometry": {"type": "Point", "coordinates": [14.25, 53.75]}, "properties": {"value": 0.934, "time": "2025-12-26T11:00:00", "date": "2025-12-26", "hour": 11}}, {"type": "Feature", "geometry": {"type": "Point", "coordinates": [14.5, 53.75]}, "properties": {"value": 0.934, "time": "2025-12-26T11:00:00", "date": "2025-12-26", "hour": 11}}, {"type": "Feature", "geometry": {"type": "Point", "coordinates": [5.0, 54.0]}, "properties": {"value": 9.39, "time": "2025-12-26T11:00:00", "date": "2025-12-26", "hour": 11}}, {"type": "Feature", "geometry": {"type": "Point", "coordinates": [5.25, 54.0]}, "properties": {"value": 9.064, "time": "2025-12-26T11:00:00", "date": "2025-12-26", "hour": 11}}, {"type": "Feature", "geometry": {"type": "Point", "coordinates": [5.5, 54.0]}, "properties": {"value": 8.751, "time": "2025-12-26T11:00:00", "date": "2025-12-26", "hour": 11}}, {"type": "Feature", "geometry": {"type": "Point", "coordinates": [5.75, 54.0]}, "properties": {"value": 8.59, "time": "2025-12-26T11:00:00", "date": "2025-12-26", "hour": 11}}, {"type": "Feature", "geometry": {"type": "Point", "coordinates": [6.0, 54.0]}, "properties": {"value": 8.493, "time": "2025-12-26T11:00:00", "date": "2025-12-26", "hour": 11}}, {"type": "Feature", "geometry": {"type": "Point", "coordinates": [6.25, 54.0]}, "properties": {"value": 8.364, "time": "2025-12-26T11:00:00", "date": "2025-12-26", "hour": 11}}, {"type": "Feature", "geometry": {"type": "Point", "coordinates": [6.5, 54.0]}, "properties": {"value": 7.986, "time": "2025-12-26T11:00:00", "date": "2025-12-26", "hour": 11}}, {"type": "Feature", "geometry": {"type": "Point", "coordinates": [6.75, 54.0]}, "properties": {"value": 7.763, "time": "2025-12-26T11:00:00", "date": "2025-12-26", "hour": 11}}, {"type": "Feature", "geometry": {"type": "Point", "coordinates": [7.0, 54.0]}, "properties": {"value": 7.506, "time": "2025-12-26T11:00:00", "date": "2025-12-26", "hour": 11}}, {"type": "Feature", "geometry": {"type": "Point", "coordinates": [7.25, 54.0]}, "properties": {"value": 7.318, "time": "2025-12-26T11:00:00", "date": "2025-12-26", "hour": 11}}, {"type": "Feature", "geometry": {"type": "Point", "coordinates": [7.5, 54.0]}, "properties": {"value": 7.519, "time": "2025-12-26T11:00:00", "date": "2025-12-26", "hour": 11}}, {"type": "Feature", "geometry": {"type": "Point", "coordinates": [7.75, 54.0]}, "properties": {"value": 7.432, "time": "2025-12-26T11:00:00", "date": "2025-12-26", "hour": 11}}, {"type": "Feature", "geometry": {"type": "Point", "coordinates": [8.0, 54.0]}, "properties": {"value": 7.03, "time": "2025-12-26T11:00:00", "date": "2025-12-26", "hour": 11}}, {"type": "Feature", "geometry": {"type": "Point", "coordinates": [8.25, 54.0]}, "properties": {"value": 6.242, "time": "2025-12-26T11:00:00", "date": "2025-12-26", "hour": 11}}, {"type": "Feature", "geometry": {"type": "Point", "coordinates": [8.5, 54.0]}, "properties": {"value": 4.937, "time": "2025-12-26T11:00:00", "date": "2025-12-26", "hour": 11}}, {"type": "Feature", "geometry": {"type": "Point", "coordinates": [11.25, 54.0]}, "properties": {"value": 5.122, "time": "2025-12-26T11:00:00", "date": "2025-12-26", "hour": 11}}, {"type": "Feature", "geometry": {"type": "Point", "coordinates": [14.0, 54.0]}, "properties": {"value": 3.376, "time": "2025-12-26T11:00:00", "date": "2025-12-26", "hour": 11}}, {"type": "Feature", "geometry": {"type": "Point", "coordinates": [14.25, 54.0]}, "properties": {"value": 4.446, "time": "2025-12-26T11:00:00", "date": "2025-12-26", "hour": 11}}, {"type": "Feature", "geometry": {"type": "Point", "coordinates": [14.5, 54.0]}, "properties": {"value": 3.948, "time": "2025-12-26T11:00:00", "date": "2025-12-26", "hour": 11}}, {"type": "Feature", "geometry": {"type": "Point", "coordinates": [14.75, 54.0]}, "properties": {"value": 4.721, "time": "2025-12-26T11:00:00", "date": "2025-12-26", "hour": 11}}, {"type": "Feature", "geometry": {"type": "Point", "coordinates": [5.0, 54.25]}, "properties": {"value": 9.611, "time": "2025-12-26T11:00:00", "date": "2025-12-26", "hour": 11}}, {"type": "Feature", "geometry": {"type": "Point", "coordinates": [5.25, 54.25]}, "properties": {"value": 9.363, "time": "2025-12-26T11:00:00", "date": "2025-12-26", "hour": 11}}, {"type": "Feature", "geometry": {"type": "Point", "coordinates": [5.5, 54.25]}, "properties": {"value": 9.181, "time": "2025-12-26T11:00:00", "date": "2025-12-26", "hour": 11}}, {"type": "Feature", "geometry": {"type": "Point", "coordinates": [5.75, 54.25]}, "properties": {"value": 9.034, "time": "2025-12-26T11:00:00", "date": "2025-12-26", "hour": 11}}, {"type": "Feature", "geometry": {"type": "Point", "coordinates": [6.0, 54.25]}, "properties": {"value": 8.907, "time": "2025-12-26T11:00:00", "date": "2025-12-26", "hour": 11}}, {"type": "Feature", "geometry": {"type": "Point", "coordinates": [6.25, 54.25]}, "properties": {"value": 8.875, "time": "2025-12-26T11:00:00", "date": "2025-12-26", "hour": 11}}, {"type": "Feature", "geometry": {"type": "Point", "coordinates": [6.5, 54.25]}, "properties": {"value": 8.87, "time": "2025-12-26T11:00:00", "date": "2025-12-26", "hour": 11}}, {"type": "Feature", "geometry": {"type": "Point", "coordinates": [6.75, 54.25]}, "properties": {"value": 8.635, "time": "2025-12-26T11:00:00", "date": "2025-12-26", "hour": 11}}, {"type": "Feature", "geometry": {"type": "Point", "coordinates": [7.0, 54.25]}, "properties": {"value": 8.38, "time": "2025-12-26T11:00:00", "date": "2025-12-26", "hour": 11}}, {"type": "Feature", "geometry": {"type": "Point", "coordinates": [7.25, 54.25]}, "properties": {"value": 7.845, "time": "2025-12-26T11:00:00", "date": "2025-12-26", "hour": 11}}, {"type": "Feature", "geometry": {"type": "Point", "coordinates": [7.5, 54.25]}, "properties": {"value": 7.526, "time": "2025-12-26T11:00:00", "date": "2025-12-26", "hour": 11}}, {"type": "Feature", "geometry": {"type": "Point", "coordinates": [7.75, 54.25]}, "properties": {"value": 7.333, "time": "2025-12-26T11:00:00", "date": "2025-12-26", "hour": 11}}, {"type": "Feature", "geometry": {"type": "Point", "coordinates": [8.0, 54.25]}, "properties": {"value": 7.068, "time": "2025-12-26T11:00:00", "date": "2025-12-26", "hour": 11}}, {"type": "Feature", "geometry": {"type": "Point", "coordinates": [8.25, 54.25]}, "properties": {"value": 5.934, "time": "2025-12-26T11:00:00", "date": "2025-12-26", "hour": 11}}, {"type": "Feature", "geometry": {"type": "Point", "coordinates": [8.5, 54.25]}, "properties": {"value": 4.685, "time": "2025-12-26T11:00:00", "date": "2025-12-26", "hour": 11}}, {"type": "Feature", "geometry": {"type": "Point", "coordinates": [10.75, 54.25]}, "properties": {"value": 5.437, "time": "2025-12-26T11:00:00", "date": "2025-12-26", "hour": 11}}, {"type": "Feature", "geometry": {"type": "Point", "coordinates": [11.25, 54.25]}, "properties": {"value": 5.213, "time": "2025-12-26T11:00:00", "date": "2025-12-26", "hour": 11}}, {"type": "Feature", "geometry": {"type": "Point", "coordinates": [11.75, 54.25]}, "properties": {"value": 5.469, "time": "2025-12-26T11:00:00", "date": "2025-12-26", "hour": 11}}, {"type": "Feature", "geometry": {"type": "Point", "coordinates": [12.25, 54.25]}, "properties": {"value": 5.571, "time": "2025-12-26T11:00:00", "date": "2025-12-26", "hour": 11}}, {"type": "Feature", "geometry": {"type": "Point", "coordinates": [13.75, 54.25]}, "properties": {"value": 3.253, "time": "2025-12-26T11:00:00", "date": "2025-12-26", "hour": 11}}, {"type": "Feature", "geometry": {"type": "Point", "coordinates": [14.0, 54.25]}, "properties": {"value": 4.088, "time": "2025-12-26T11:00:00", "date": "2025-12-26", "hour": 11}}, {"type": "Feature", "geometry": {"type": "Point", "coordinates": [14.25, 54.25]}, "properties": {"value": 4.856, "time": "2025-12-26T11:00:00", "date": "2025-12-26", "hour": 11}}, {"type": "Feature", "geometry": {"type": "Point", "coordinates": [14.5, 54.25]}, "properties": {"value": 5.434, "time": "2025-12-26T11:00:00", "date": "2025-12-26", "hour": 11}}, {"type": "Feature", "geometry": {"type": "Point", "coordinates": [14.75, 54.25]}, "properties": {"value": 5.612, "time": "2025-12-26T11:00:00", "date": "2025-12-26", "hour": 11}}, {"type": "Feature", "geometry": {"type": "Point", "coordinates": [15.0, 54.25]}, "properties": {"value": 5.983, "time": "2025-12-26T11:00:00", "date": "2025-12-26", "hour": 11}}, {"type": "Feature", "geometry": {"type": "Point", "coordinates": [5.0, 54.5]}, "properties": {"value": 9.654, "time": "2025-12-26T11:00:00", "date": "2025-12-26", "hour": 11}}, {"type": "Feature", "geometry": {"type": "Point", "coordinates": [5.25, 54.5]}, "properties": {"value": 9.607, "time": "2025-12-26T11:00:00", "date": "2025-12-26", "hour": 11}}, {"type": "Feature", "geometry": {"type": "Point", "coordinates": [5.5, 54.5]}, "properties": {"value": 9.477, "time": "2025-12-26T11:00:00", "date": "2025-12-26", "hour": 11}}, {"type": "Feature", "geometry": {"type": "Point", "coordinates": [5.75, 54.5]}, "properties": {"value": 9.325, "time": "2025-12-26T11:00:00", "date": "2025-12-26", "hour": 11}}, {"type": "Feature", "geometry": {"type": "Point", "coordinates": [6.0, 54.5]}, "properties": {"value": 9.165, "time": "2025-12-26T11:00:00", "date": "2025-12-26", "hour": 11}}, {"type": "Feature", "geometry": {"type": "Point", "coordinates": [6.25, 54.5]}, "properties": {"value": 9.063, "time": "2025-12-26T11:00:00", "date": "2025-12-26", "hour": 11}}, {"type": "Feature", "geometry": {"type": "Point", "coordinates": [6.5, 54.5]}, "properties": {"value": 9.106, "time": "2025-12-26T11:00:00", "date": "2025-12-26", "hour": 11}}, {"type": "Feature", "geometry": {"type": "Point", "coordinates": [6.75, 54.5]}, "properties": {"value": 8.931, "time": "2025-12-26T11:00:00", "date": "2025-12-26", "hour": 11}}, {"type": "Feature", "geometry": {"type": "Point", "coordinates": [7.0, 54.5]}, "properties": {"value": 8.478, "time": "2025-12-26T11:00:00", "date": "2025-12-26", "hour": 11}}, {"type": "Feature", "geometry": {"type": "Point", "coordinates": [7.25, 54.5]}, "properties": {"value": 7.731, "time": "2025-12-26T11:00:00", "date": "2025-12-26", "hour": 11}}, {"type": "Feature", "geometry": {"type": "Point", "coordinates": [7.5, 54.5]}, "properties": {"value": 6.981, "time": "2025-12-26T11:00:00", "date": "2025-12-26", "hour": 11}}, {"type": "Feature", "geometry": {"type": "Point", "coordinates": [7.75, 54.5]}, "properties": {"value": 6.704, "time": "2025-12-26T11:00:00", "date": "2025-12-26", "hour": 11}}, {"type": "Feature", "geometry": {"type": "Point", "coordinates": [8.0, 54.5]}, "properties": {"value": 5.901, "time": "2025-12-26T11:00:00", "date": "2025-12-26", "hour": 11}}, {"type": "Feature", "geometry": {"type": "Point", "coordinates": [8.25, 54.5]}, "properties": {"value": 4.62, "time": "2025-12-26T11:00:00", "date": "2025-12-26", "hour": 11}}, {"type": "Feature", "geometry": {"type": "Point", "coordinates": [8.5, 54.5]}, "properties": {"value": 3.574, "time": "2025-12-26T11:00:00", "date": "2025-12-26", "hour": 11}}, {"type": "Feature", "geometry": {"type": "Point", "coordinates": [10.5, 54.5]}, "properties": {"value": 5.53, "time": "2025-12-26T11:00:00", "date": "2025-12-26", "hour": 11}}, {"type": "Feature", "geometry": {"type": "Point", "coordinates": [10.75, 54.5]}, "properties": {"value": 5.328, "time": "2025-12-26T11:00:00", "date": "2025-12-26", "hour": 11}}, {"type": "Feature", "geometry": {"type": "Point", "coordinates": [11.0, 54.5]}, "properties": {"value": 5.139, "time": "2025-12-26T11:00:00", "date": "2025-12-26", "hour": 11}}, {"type": "Feature", "geometry": {"type": "Point", "coordinates": [11.25, 54.5]}, "properties": {"value": 5.06, "time": "2025-12-26T11:00:00", "date": "2025-12-26", "hour": 11}}, {"type": "Feature", "geometry": {"type": "Point", "coordinates": [11.5, 54.5]}, "properties": {"value": 5.155, "time": "2025-12-26T11:00:00", "date": "2025-12-26", "hour": 11}}, {"type": "Feature", "geometry": {"type": "Point", "coordinates": [11.75, 54.5]}, "properties": {"value": 5.523, "time": "2025-12-26T11:00:00", "date": "2025-12-26", "hour": 11}}, {"type": "Feature", "geometry": {"type": "Point", "coordinates": [12.0, 54.5]}, "properties": {"value": 5.705, "time": "2025-12-26T11:00:00", "date": "2025-12-26", "hour": 11}}, {"type": "Feature", "geometry": {"type": "Point", "coordinates": [12.25, 54.5]}, "properties": {"value": 5.774, "time": "2025-12-26T11:00:00", "date": "2025-12-26", "hour": 11}}, {"type": "Feature", "geometry": {"type": "Point", "coordinates": [13.0, 54.5]}, "properties": {"value": 5.655, "time": "2025-12-26T11:00:00", "date": "2025-12-26", "hour": 11}}, {"type": "Feature", "geometry": {"type": "Point", "coordinates": [13.25, 54.5]}, "properties": {"value": 4.774, "time": "2025-12-26T11:00:00", "date": "2025-12-26", "hour": 11}}, {"type": "Feature", "geometry": {"type": "Point", "coordinates": [13.5, 54.5]}, "properties": {"value": 4.289, "time": "2025-12-26T11:00:00", "date": "2025-12-26", "hour": 11}}, {"type": "Feature", "geometry": {"type": "Point", "coordinates": [13.75, 54.5]}, "properties": {"value": 4.353, "time": "2025-12-26T11:00:00", "date": "2025-12-26", "hour": 11}}, {"type": "Feature", "geometry": {"type": "Point", "coordinates": [14.0, 54.5]}, "properties": {"value": 5.093, "time": "2025-12-26T11:00:00", "date": "2025-12-26", "hour": 11}}, {"type": "Feature", "geometry": {"type": "Point", "coordinates": [14.25, 54.5]}, "properties": {"value": 5.782, "time": "2025-12-26T11:00:00", "date": "2025-12-26", "hour": 11}}, {"type": "Feature", "geometry": {"type": "Point", "coordinates": [14.5, 54.5]}, "properties": {"value": 6.421, "time": "2025-12-26T11:00:00", "date": "2025-12-26", "hour": 11}}, {"type": "Feature", "geometry": {"type": "Point", "coordinates": [14.75, 54.5]}, "properties": {"value": 6.673, "time": "2025-12-26T11:00:00", "date": "2025-12-26", "hour": 11}}, {"type": "Feature", "geometry": {"type": "Point", "coordinates": [15.0, 54.5]}, "properties": {"value": 6.935, "time": "2025-12-26T11:00:00", "date": "2025-12-26", "hour": 11}}, {"type": "Feature", "geometry": {"type": "Point", "coordinates": [5.0, 54.75]}, "properties": {"value": 9.679, "time": "2025-12-26T11:00:00", "date": "2025-12-26", "hour": 11}}, {"type": "Feature", "geometry": {"type": "Point", "coordinates": [5.25, 54.75]}, "properties": {"value": 9.632, "time": "2025-12-26T11:00:00", "date": "2025-12-26", "hour": 11}}, {"type": "Feature", "geometry": {"type": "Point", "coordinates": [5.5, 54.75]}, "properties": {"value": 9.566, "time": "2025-12-26T11:00:00", "date": "2025-12-26", "hour": 11}}, {"type": "Feature", "geometry": {"type": "Point", "coordinates": [5.75, 54.75]}, "properties": {"value": 9.53, "time": "2025-12-26T11:00:00", "date": "2025-12-26", "hour": 11}}, {"type": "Feature", "geometry": {"type": "Point", "coordinates": [6.0, 54.75]}, "properties": {"value": 9.341, "time": "2025-12-26T11:00:00", "date": "2025-12-26", "hour": 11}}, {"type": "Feature", "geometry": {"type": "Point", "coordinates": [6.25, 54.75]}, "properties": {"value": 9.239, "time": "2025-12-26T11:00:00", "date": "2025-12-26", "hour": 11}}, {"type": "Feature", "geometry": {"type": "Point", "coordinates": [6.5, 54.75]}, "properties": {"value": 9.036, "time": "2025-12-26T11:00:00", "date": "2025-12-26", "hour": 11}}, {"type": "Feature", "geometry": {"type": "Point", "coordinates": [6.75, 54.75]}, "properties": {"value": 8.434, "time": "2025-12-26T11:00:00", "date": "2025-12-26", "hour": 11}}, {"type": "Feature", "geometry": {"type": "Point", "coordinates": [7.0, 54.75]}, "properties": {"value": 7.887, "time": "2025-12-26T11:00:00", "date": "2025-12-26", "hour": 11}}, {"type": "Feature", "geometry": {"type": "Point", "coordinates": [7.25, 54.75]}, "properties": {"value": 7.143, "time": "2025-12-26T11:00:00", "date": "2025-12-26", "hour": 11}}, {"type": "Feature", "geometry": {"type": "Point", "coordinates": [7.5, 54.75]}, "properties": {"value": 6.475, "time": "2025-12-26T11:00:00", "date": "2025-12-26", "hour": 11}}, {"type": "Feature", "geometry": {"type": "Point", "coordinates": [7.75, 54.75]}, "properties": {"value": 5.799, "time": "2025-12-26T11:00:00", "date": "2025-12-26", "hour": 11}}, {"type": "Feature", "geometry": {"type": "Point", "coordinates": [8.0, 54.75]}, "properties": {"value": 4.965, "time": "2025-12-26T11:00:00", "date": "2025-12-26", "hour": 11}}, {"type": "Feature", "geometry": {"type": "Point", "coordinates": [8.25, 54.75]}, "properties": {"value": 3.672, "time": "2025-12-26T11:00:00", "date": "2025-12-26", "hour": 11}}, {"type": "Feature", "geometry": {"type": "Point", "coordinates": [8.5, 54.75]}, "properties": {"value": 2.753, "time": "2025-12-26T11:00:00", "date": "2025-12-26", "hour": 11}}, {"type": "Feature", "geometry": {"type": "Point", "coordinates": [10.25, 54.75]}, "properties": {"value": 5.647, "time": "2025-12-26T11:00:00", "date": "2025-12-26", "hour": 11}}, {"type": "Feature", "geometry": {"type": "Point", "coordinates": [10.5, 54.75]}, "properties": {"value": 5.221, "time": "2025-12-26T11:00:00", "date": "2025-12-26", "hour": 11}}, {"type": "Feature", "geometry": {"type": "Point", "coordinates": [10.75, 54.75]}, "properties": {"value": 4.946, "time": "2025-12-26T11:00:00", "date": "2025-12-26", "hour": 11}}, {"type": "Feature", "geometry": {"type": "Point", "coordinates": [11.0, 54.75]}, "properties": {"value": 4.75, "time": "2025-12-26T11:00:00", "date": "2025-12-26", "hour": 11}}, {"type": "Feature", "geometry": {"type": "Point", "coordinates": [11.25, 54.75]}, "properties": {"value": 4.654, "time": "2025-12-26T11:00:00", "date": "2025-12-26", "hour": 11}}, {"type": "Feature", "geometry": {"type": "Point", "coordinates": [11.5, 54.75]}, "properties": {"value": 4.617, "time": "2025-12-26T11:00:00", "date": "2025-12-26", "hour": 11}}, {"type": "Feature", "geometry": {"type": "Point", "coordinates": [12.0, 54.75]}, "properties": {"value": 5.438, "time": "2025-12-26T11:00:00", "date": "2025-12-26", "hour": 11}}, {"type": "Feature", "geometry": {"type": "Point", "coordinates": [12.25, 54.75]}, "properties": {"value": 5.93, "time": "2025-12-26T11:00:00", "date": "2025-12-26", "hour": 11}}, {"type": "Feature", "geometry": {"type": "Point", "coordinates": [12.5, 54.75]}, "properties": {"value": 6.082, "time": "2025-12-26T11:00:00", "date": "2025-12-26", "hour": 11}}, {"type": "Feature", "geometry": {"type": "Point", "coordinates": [12.75, 54.75]}, "properties": {"value": 6.039, "time": "2025-12-26T11:00:00", "date": "2025-12-26", "hour": 11}}, {"type": "Feature", "geometry": {"type": "Point", "coordinates": [13.0, 54.75]}, "properties": {"value": 5.812, "time": "2025-12-26T11:00:00", "date": "2025-12-26", "hour": 11}}, {"type": "Feature", "geometry": {"type": "Point", "coordinates": [13.25, 54.75]}, "properties": {"value": 5.866, "time": "2025-12-26T11:00:00", "date": "2025-12-26", "hour": 11}}, {"type": "Feature", "geometry": {"type": "Point", "coordinates": [13.5, 54.75]}, "properties": {"value": 5.763, "time": "2025-12-26T11:00:00", "date": "2025-12-26", "hour": 11}}, {"type": "Feature", "geometry": {"type": "Point", "coordinates": [13.75, 54.75]}, "properties": {"value": 5.826, "time": "2025-12-26T11:00:00", "date": "2025-12-26", "hour": 11}}, {"type": "Feature", "geometry": {"type": "Point", "coordinates": [14.0, 54.75]}, "properties": {"value": 5.986, "time": "2025-12-26T11:00:00", "date": "2025-12-26", "hour": 11}}, {"type": "Feature", "geometry": {"type": "Point", "coordinates": [14.25, 54.75]}, "properties": {"value": 6.179, "time": "2025-12-26T11:00:00", "date": "2025-12-26", "hour": 11}}, {"type": "Feature", "geometry": {"type": "Point", "coordinates": [14.5, 54.75]}, "properties": {"value": 6.817, "time": "2025-12-26T11:00:00", "date": "2025-12-26", "hour": 11}}, {"type": "Feature", "geometry": {"type": "Point", "coordinates": [14.75, 54.75]}, "properties": {"value": 7.063, "time": "2025-12-26T11:00:00", "date": "2025-12-26", "hour": 11}}, {"type": "Feature", "geometry": {"type": "Point", "coordinates": [15.0, 54.75]}, "properties": {"value": 7.245, "time": "2025-12-26T11:00:00", "date": "2025-12-26", "hour": 11}}, {"type": "Feature", "geometry": {"type": "Point", "coordinates": [5.0, 55.0]}, "properties": {"value": 9.525, "time": "2025-12-26T11:00:00", "date": "2025-12-26", "hour": 11}}, {"type": "Feature", "geometry": {"type": "Point", "coordinates": [5.25, 55.0]}, "properties": {"value": 9.539, "time": "2025-12-26T11:00:00", "date": "2025-12-26", "hour": 11}}, {"type": "Feature", "geometry": {"type": "Point", "coordinates": [5.5, 55.0]}, "properties": {"value": 9.568, "time": "2025-12-26T11:00:00", "date": "2025-12-26", "hour": 11}}, {"type": "Feature", "geometry": {"type": "Point", "coordinates": [5.75, 55.0]}, "properties": {"value": 9.532, "time": "2025-12-26T11:00:00", "date": "2025-12-26", "hour": 11}}, {"type": "Feature", "geometry": {"type": "Point", "coordinates": [6.0, 55.0]}, "properties": {"value": 9.436, "time": "2025-12-26T11:00:00", "date": "2025-12-26", "hour": 11}}, {"type": "Feature", "geometry": {"type": "Point", "coordinates": [6.25, 55.0]}, "properties": {"value": 9.126, "time": "2025-12-26T11:00:00", "date": "2025-12-26", "hour": 11}}, {"type": "Feature", "geometry": {"type": "Point", "coordinates": [6.5, 55.0]}, "properties": {"value": 8.623, "time": "2025-12-26T11:00:00", "date": "2025-12-26", "hour": 11}}, {"type": "Feature", "geometry": {"type": "Point", "coordinates": [6.75, 55.0]}, "properties": {"value": 8.006, "time": "2025-12-26T11:00:00", "date": "2025-12-26", "hour": 11}}, {"type": "Feature", "geometry": {"type": "Point", "coordinates": [7.0, 55.0]}, "properties": {"value": 7.35, "time": "2025-12-26T11:00:00", "date": "2025-12-26", "hour": 11}}, {"type": "Feature", "geometry": {"type": "Point", "coordinates": [7.25, 55.0]}, "properties": {"value": 6.876, "time": "2025-12-26T11:00:00", "date": "2025-12-26", "hour": 11}}, {"type": "Feature", "geometry": {"type": "Point", "coordinates": [7.5, 55.0]}, "properties": {"value": 6.284, "time": "2025-12-26T11:00:00", "date": "2025-12-26", "hour": 11}}, {"type": "Feature", "geometry": {"type": "Point", "coordinates": [7.75, 55.0]}, "properties": {"value": 5.676, "time": "2025-12-26T11:00:00", "date": "2025-12-26", "hour": 11}}, {"type": "Feature", "geometry": {"type": "Point", "coordinates": [8.0, 55.0]}, "properties": {"value": 5.122, "time": "2025-12-26T11:00:00", "date": "2025-12-26", "hour": 11}}, {"type": "Feature", "geometry": {"type": "Point", "coordinates": [8.25, 55.0]}, "properties": {"value": 4.069, "time": "2025-12-26T11:00:00", "date": "2025-12-26", "hour": 11}}, {"type": "Feature", "geometry": {"type": "Point", "coordinates": [8.5, 55.0]}, "properties": {"value": 3.238, "time": "2025-12-26T11:00:00", "date": "2025-12-26", "hour": 11}}, {"type": "Feature", "geometry": {"type": "Point", "coordinates": [10.25, 55.0]}, "properties": {"value": 5.754, "time": "2025-12-26T11:00:00", "date": "2025-12-26", "hour": 11}}, {"type": "Feature", "geometry": {"type": "Point", "coordinates": [10.5, 55.0]}, "properties": {"value": 5.124, "time": "2025-12-26T11:00:00", "date": "2025-12-26", "hour": 11}}, {"type": "Feature", "geometry": {"type": "Point", "coordinates": [10.75, 55.0]}, "properties": {"value": 4.505, "time": "2025-12-26T11:00:00", "date": "2025-12-26", "hour": 11}}, {"type": "Feature", "geometry": {"type": "Point", "coordinates": [11.0, 55.0]}, "properties": {"value": 4.595, "time": "2025-12-26T11:00:00", "date": "2025-12-26", "hour": 11}}, {"type": "Feature", "geometry": {"type": "Point", "coordinates": [11.25, 55.0]}, "properties": {"value": 4.561, "time": "2025-12-26T11:00:00", "date": "2025-12-26", "hour": 11}}, {"type": "Feature", "geometry": {"type": "Point", "coordinates": [11.5, 55.0]}, "properties": {"value": 4.547, "time": "2025-12-26T11:00:00", "date": "2025-12-26", "hour": 11}}, {"type": "Feature", "geometry": {"type": "Point", "coordinates": [11.75, 55.0]}, "properties": {"value": 4.416, "time": "2025-12-26T11:00:00", "date": "2025-12-26", "hour": 11}}, {"type": "Feature", "geometry": {"type": "Point", "coordinates": [12.0, 55.0]}, "properties": {"value": 5.006, "time": "2025-12-26T11:00:00", "date": "2025-12-26", "hour": 11}}, {"type": "Feature", "geometry": {"type": "Point", "coordinates": [12.25, 55.0]}, "properties": {"value": 5.693, "time": "2025-12-26T11:00:00", "date": "2025-12-26", "hour": 11}}, {"type": "Feature", "geometry": {"type": "Point", "coordinates": [12.5, 55.0]}, "properties": {"value": 6.038, "time": "2025-12-26T11:00:00", "date": "2025-12-26", "hour": 11}}, {"type": "Feature", "geometry": {"type": "Point", "coordinates": [12.75, 55.0]}, "properties": {"value": 6.175, "time": "2025-12-26T11:00:00", "date": "2025-12-26", "hour": 11}}, {"type": "Feature", "geometry": {"type": "Point", "coordinates": [13.0, 55.0]}, "properties": {"value": 6.266, "time": "2025-12-26T11:00:00", "date": "2025-12-26", "hour": 11}}, {"type": "Feature", "geometry": {"type": "Point", "coordinates": [13.25, 55.0]}, "properties": {"value": 6.319, "time": "2025-12-26T11:00:00", "date": "2025-12-26", "hour": 11}}, {"type": "Feature", "geometry": {"type": "Point", "coordinates": [13.5, 55.0]}, "properties": {"value": 6.339, "time": "2025-12-26T11:00:00", "date": "2025-12-26", "hour": 11}}, {"type": "Feature", "geometry": {"type": "Point", "coordinates": [13.75, 55.0]}, "properties": {"value": 6.4, "time": "2025-12-26T11:00:00", "date": "2025-12-26", "hour": 11}}, {"type": "Feature", "geometry": {"type": "Point", "coordinates": [14.0, 55.0]}, "properties": {"value": 6.533, "time": "2025-12-26T11:00:00", "date": "2025-12-26", "hour": 11}}, {"type": "Feature", "geometry": {"type": "Point", "coordinates": [14.25, 55.0]}, "properties": {"value": 6.643, "time": "2025-12-26T11:00:00", "date": "2025-12-26", "hour": 11}}, {"type": "Feature", "geometry": {"type": "Point", "coordinates": [14.5, 55.0]}, "properties": {"value": 6.684, "time": "2025-12-26T11:00:00", "date": "2025-12-26", "hour": 11}}, {"type": "Feature", "geometry": {"type": "Point", "coordinates": [14.75, 55.0]}, "properties": {"value": 6.88, "time": "2025-12-26T11:00:00", "date": "2025-12-26", "hour": 11}}, {"type": "Feature", "geometry": {"type": "Point", "coordinates": [15.0, 55.0]}, "properties": {"value": 7.058, "time": "2025-12-26T11:00:00", "date": "2025-12-26", "hour": 11}}, {"type": "Feature", "geometry": {"type": "Point", "coordinates": [5.25, 52.75]}, "properties": {"value": 3.24, "time": "2025-12-26T12:00:00", "date": "2025-12-26", "hour": 12}}, {"type": "Feature", "geometry": {"type": "Point", "coordinates": [5.5, 52.75]}, "properties": {"value": 3.249, "time": "2025-12-26T12:00:00", "date": "2025-12-26", "hour": 12}}, {"type": "Feature", "geometry": {"type": "Point", "coordinates": [5.0, 53.0]}, "properties": {"value": 4.743, "time": "2025-12-26T12:00:00", "date": "2025-12-26", "hour": 12}}, {"type": "Feature", "geometry": {"type": "Point", "coordinates": [5.25, 53.0]}, "properties": {"value": 3.781, "time": "2025-12-26T12:00:00", "date": "2025-12-26", "hour": 12}}, {"type": "Feature", "geometry": {"type": "Point", "coordinates": [5.5, 53.0]}, "properties": {"value": 3.103, "time": "2025-12-26T12:00:00", "date": "2025-12-26", "hour": 12}}, {"type": "Feature", "geometry": {"type": "Point", "coordinates": [5.0, 53.25]}, "properties": {"value": 5.694, "time": "2025-12-26T12:00:00", "date": "2025-12-26", "hour": 12}}, {"type": "Feature", "geometry": {"type": "Point", "coordinates": [5.25, 53.25]}, "properties": {"value": 4.494, "time": "2025-12-26T12:00:00", "date": "2025-12-26", "hour": 12}}, {"type": "Feature", "geometry": {"type": "Point", "coordinates": [5.5, 53.25]}, "properties": {"value": 3.771, "time": "2025-12-26T12:00:00", "date": "2025-12-26", "hour": 12}}, {"type": "Feature", "geometry": {"type": "Point", "coordinates": [5.0, 53.5]}, "properties": {"value": 7.802, "time": "2025-12-26T12:00:00", "date": "2025-12-26", "hour": 12}}, {"type": "Feature", "geometry": {"type": "Point", "coordinates": [5.25, 53.5]}, "properties": {"value": 7.132, "time": "2025-12-26T12:00:00", "date": "2025-12-26", "hour": 12}}, {"type": "Feature", "geometry": {"type": "Point", "coordinates": [5.5, 53.5]}, "properties": {"value": 6.946, "time": "2025-12-26T12:00:00", "date": "2025-12-26", "hour": 12}}, {"type": "Feature", "geometry": {"type": "Point", "coordinates": [5.75, 53.5]}, "properties": {"value": 6.46, "time": "2025-12-26T12:00:00", "date": "2025-12-26", "hour": 12}}, {"type": "Feature", "geometry": {"type": "Point", "coordinates": [6.0, 53.5]}, "properties": {"value": 5.762, "time": "2025-12-26T12:00:00", "date": "2025-12-26", "hour": 12}}, {"type": "Feature", "geometry": {"type": "Point", "coordinates": [6.25, 53.5]}, "properties": {"value": 4.952, "time": "2025-12-26T12:00:00", "date": "2025-12-26", "hour": 12}}, {"type": "Feature", "geometry": {"type": "Point", "coordinates": [6.5, 53.5]}, "properties": {"value": 4.86, "time": "2025-12-26T12:00:00", "date": "2025-12-26", "hour": 12}}, {"type": "Feature", "geometry": {"type": "Point", "coordinates": [6.75, 53.5]}, "properties": {"value": 4.695, "time": "2025-12-26T12:00:00", "date": "2025-12-26", "hour": 12}}, {"type": "Feature", "geometry": {"type": "Point", "coordinates": [5.0, 53.75]}, "properties": {"value": 8.826, "time": "2025-12-26T12:00:00", "date": "2025-12-26", "hour": 12}}, {"type": "Feature", "geometry": {"type": "Point", "coordinates": [5.25, 53.75]}, "properties": {"value": 8.378, "time": "2025-12-26T12:00:00", "date": "2025-12-26", "hour": 12}}, {"type": "Feature", "geometry": {"type": "Point", "coordinates": [5.5, 53.75]}, "properties": {"value": 8.065, "time": "2025-12-26T12:00:00", "date": "2025-12-26", "hour": 12}}, {"type": "Feature", "geometry": {"type": "Point", "coordinates": [5.75, 53.75]}, "properties": {"value": 7.845, "time": "2025-12-26T12:00:00", "date": "2025-12-26", "hour": 12}}, {"type": "Feature", "geometry": {"type": "Point", "coordinates": [6.0, 53.75]}, "properties": {"value": 7.324, "time": "2025-12-26T12:00:00", "date": "2025-12-26", "hour": 12}}, {"type": "Feature", "geometry": {"type": "Point", "coordinates": [6.25, 53.75]}, "properties": {"value": 7.106, "time": "2025-12-26T12:00:00", "date": "2025-12-26", "hour": 12}}, {"type": "Feature", "geometry": {"type": "Point", "coordinates": [6.5, 53.75]}, "properties": {"value": 6.685, "time": "2025-12-26T12:00:00", "date": "2025-12-26", "hour": 12}}, {"type": "Feature", "geometry": {"type": "Point", "coordinates": [6.75, 53.75]}, "properties": {"value": 6.359, "time": "2025-12-26T12:00:00", "date": "2025-12-26", "hour": 12}}, {"type": "Feature", "geometry": {"type": "Point", "coordinates": [7.0, 53.75]}, "properties": {"value": 6.608, "time": "2025-12-26T12:00:00", "date": "2025-12-26", "hour": 12}}, {"type": "Feature", "geometry": {"type": "Point", "coordinates": [7.25, 53.75]}, "properties": {"value": 6.331, "time": "2025-12-26T12:00:00", "date": "2025-12-26", "hour": 12}}, {"type": "Feature", "geometry": {"type": "Point", "coordinates": [7.5, 53.75]}, "properties": {"value": 6.894, "time": "2025-12-26T12:00:00", "date": "2025-12-26", "hour": 12}}, {"type": "Feature", "geometry": {"type": "Point", "coordinates": [7.75, 53.75]}, "properties": {"value": 6.986, "time": "2025-12-26T12:00:00", "date": "2025-12-26", "hour": 12}}, {"type": "Feature", "geometry": {"type": "Point", "coordinates": [8.0, 53.75]}, "properties": {"value": 5.891, "time": "2025-12-26T12:00:00", "date": "2025-12-26", "hour": 12}}, {"type": "Feature", "geometry": {"type": "Point", "coordinates": [8.25, 53.75]}, "properties": {"value": 4.848, "time": "2025-12-26T12:00:00", "date": "2025-12-26", "hour": 12}}, {"type": "Feature", "geometry": {"type": "Point", "coordinates": [8.5, 53.75]}, "properties": {"value": 4.096, "time": "2025-12-26T12:00:00", "date": "2025-12-26", "hour": 12}}, {"type": "Feature", "geometry": {"type": "Point", "coordinates": [8.75, 53.75]}, "properties": {"value": 4.096, "time": "2025-12-26T12:00:00", "date": "2025-12-26", "hour": 12}}, {"type": "Feature", "geometry": {"type": "Point", "coordinates": [14.25, 53.75]}, "properties": {"value": 0.934, "time": "2025-12-26T12:00:00", "date": "2025-12-26", "hour": 12}}, {"type": "Feature", "geometry": {"type": "Point", "coordinates": [14.5, 53.75]}, "properties": {"value": 0.934, "time": "2025-12-26T12:00:00", "date": "2025-12-26", "hour": 12}}, {"type": "Feature", "geometry": {"type": "Point", "coordinates": [5.0, 54.0]}, "properties": {"value": 9.39, "time": "2025-12-26T12:00:00", "date": "2025-12-26", "hour": 12}}, {"type": "Feature", "geometry": {"type": "Point", "coordinates": [5.25, 54.0]}, "properties": {"value": 9.064, "time": "2025-12-26T12:00:00", "date": "2025-12-26", "hour": 12}}, {"type": "Feature", "geometry": {"type": "Point", "coordinates": [5.5, 54.0]}, "properties": {"value": 8.751, "time": "2025-12-26T12:00:00", "date": "2025-12-26", "hour": 12}}, {"type": "Feature", "geometry": {"type": "Point", "coordinates": [5.75, 54.0]}, "properties": {"value": 8.59, "time": "2025-12-26T12:00:00", "date": "2025-12-26", "hour": 12}}, {"type": "Feature", "geometry": {"type": "Point", "coordinates": [6.0, 54.0]}, "properties": {"value": 8.493, "time": "2025-12-26T12:00:00", "date": "2025-12-26", "hour": 12}}, {"type": "Feature", "geometry": {"type": "Point", "coordinates": [6.25, 54.0]}, "properties": {"value": 8.364, "time": "2025-12-26T12:00:00", "date": "2025-12-26", "hour": 12}}, {"type": "Feature", "geometry": {"type": "Point", "coordinates": [6.5, 54.0]}, "properties": {"value": 7.986, "time": "2025-12-26T12:00:00", "date": "2025-12-26", "hour": 12}}, {"type": "Feature", "geometry": {"type": "Point", "coordinates": [6.75, 54.0]}, "properties": {"value": 7.763, "time": "2025-12-26T12:00:00", "date": "2025-12-26", "hour": 12}}, {"type": "Feature", "geometry": {"type": "Point", "coordinates": [7.0, 54.0]}, "properties": {"value": 7.506, "time": "2025-12-26T12:00:00", "date": "2025-12-26", "hour": 12}}, {"type": "Feature", "geometry": {"type": "Point", "coordinates": [7.25, 54.0]}, "properties": {"value": 7.318, "time": "2025-12-26T12:00:00", "date": "2025-12-26", "hour": 12}}, {"type": "Feature", "geometry": {"type": "Point", "coordinates": [7.5, 54.0]}, "properties": {"value": 7.519, "time": "2025-12-26T12:00:00", "date": "2025-12-26", "hour": 12}}, {"type": "Feature", "geometry": {"type": "Point", "coordinates": [7.75, 54.0]}, "properties": {"value": 7.432, "time": "2025-12-26T12:00:00", "date": "2025-12-26", "hour": 12}}, {"type": "Feature", "geometry": {"type": "Point", "coordinates": [8.0, 54.0]}, "properties": {"value": 7.03, "time": "2025-12-26T12:00:00", "date": "2025-12-26", "hour": 12}}, {"type": "Feature", "geometry": {"type": "Point", "coordinates": [8.25, 54.0]}, "properties": {"value": 6.242, "time": "2025-12-26T12:00:00", "date": "2025-12-26", "hour": 12}}, {"type": "Feature", "geometry": {"type": "Point", "coordinates": [8.5, 54.0]}, "properties": {"value": 4.937, "time": "2025-12-26T12:00:00", "date": "2025-12-26", "hour": 12}}, {"type": "Feature", "geometry": {"type": "Point", "coordinates": [11.25, 54.0]}, "properties": {"value": 5.122, "time": "2025-12-26T12:00:00", "date": "2025-12-26", "hour": 12}}, {"type": "Feature", "geometry": {"type": "Point", "coordinates": [14.0, 54.0]}, "properties": {"value": 3.376, "time": "2025-12-26T12:00:00", "date": "2025-12-26", "hour": 12}}, {"type": "Feature", "geometry": {"type": "Point", "coordinates": [14.25, 54.0]}, "properties": {"value": 4.446, "time": "2025-12-26T12:00:00", "date": "2025-12-26", "hour": 12}}, {"type": "Feature", "geometry": {"type": "Point", "coordinates": [14.5, 54.0]}, "properties": {"value": 3.948, "time": "2025-12-26T12:00:00", "date": "2025-12-26", "hour": 12}}, {"type": "Feature", "geometry": {"type": "Point", "coordinates": [14.75, 54.0]}, "properties": {"value": 4.721, "time": "2025-12-26T12:00:00", "date": "2025-12-26", "hour": 12}}, {"type": "Feature", "geometry": {"type": "Point", "coordinates": [5.0, 54.25]}, "properties": {"value": 9.611, "time": "2025-12-26T12:00:00", "date": "2025-12-26", "hour": 12}}, {"type": "Feature", "geometry": {"type": "Point", "coordinates": [5.25, 54.25]}, "properties": {"value": 9.363, "time": "2025-12-26T12:00:00", "date": "2025-12-26", "hour": 12}}, {"type": "Feature", "geometry": {"type": "Point", "coordinates": [5.5, 54.25]}, "properties": {"value": 9.181, "time": "2025-12-26T12:00:00", "date": "2025-12-26", "hour": 12}}, {"type": "Feature", "geometry": {"type": "Point", "coordinates": [5.75, 54.25]}, "properties": {"value": 9.034, "time": "2025-12-26T12:00:00", "date": "2025-12-26", "hour": 12}}, {"type": "Feature", "geometry": {"type": "Point", "coordinates": [6.0, 54.25]}, "properties": {"value": 8.907, "time": "2025-12-26T12:00:00", "date": "2025-12-26", "hour": 12}}, {"type": "Feature", "geometry": {"type": "Point", "coordinates": [6.25, 54.25]}, "properties": {"value": 8.875, "time": "2025-12-26T12:00:00", "date": "2025-12-26", "hour": 12}}, {"type": "Feature", "geometry": {"type": "Point", "coordinates": [6.5, 54.25]}, "properties": {"value": 8.87, "time": "2025-12-26T12:00:00", "date": "2025-12-26", "hour": 12}}, {"type": "Feature", "geometry": {"type": "Point", "coordinates": [6.75, 54.25]}, "properties": {"value": 8.635, "time": "2025-12-26T12:00:00", "date": "2025-12-26", "hour": 12}}, {"type": "Feature", "geometry": {"type": "Point", "coordinates": [7.0, 54.25]}, "properties": {"value": 8.38, "time": "2025-12-26T12:00:00", "date": "2025-12-26", "hour": 12}}, {"type": "Feature", "geometry": {"type": "Point", "coordinates": [7.25, 54.25]}, "properties": {"value": 7.845, "time": "2025-12-26T12:00:00", "date": "2025-12-26", "hour": 12}}, {"type": "Feature", "geometry": {"type": "Point", "coordinates": [7.5, 54.25]}, "properties": {"value": 7.526, "time": "2025-12-26T12:00:00", "date": "2025-12-26", "hour": 12}}, {"type": "Feature", "geometry": {"type": "Point", "coordinates": [7.75, 54.25]}, "properties": {"value": 7.333, "time": "2025-12-26T12:00:00", "date": "2025-12-26", "hour": 12}}, {"type": "Feature", "geometry": {"type": "Point", "coordinates": [8.0, 54.25]}, "properties": {"value": 7.068, "time": "2025-12-26T12:00:00", "date": "2025-12-26", "hour": 12}}, {"type": "Feature", "geometry": {"type": "Point", "coordinates": [8.25, 54.25]}, "properties": {"value": 5.934, "time": "2025-12-26T12:00:00", "date": "2025-12-26", "hour": 12}}, {"type": "Feature", "geometry": {"type": "Point", "coordinates": [8.5, 54.25]}, "properties": {"value": 4.685, "time": "2025-12-26T12:00:00", "date": "2025-12-26", "hour": 12}}, {"type": "Feature", "geometry": {"type": "Point", "coordinates": [10.75, 54.25]}, "properties": {"value": 5.437, "time": "2025-12-26T12:00:00", "date": "2025-12-26", "hour": 12}}, {"type": "Feature", "geometry": {"type": "Point", "coordinates": [11.25, 54.25]}, "properties": {"value": 5.213, "time": "2025-12-26T12:00:00", "date": "2025-12-26", "hour": 12}}, {"type": "Feature", "geometry": {"type": "Point", "coordinates": [11.75, 54.25]}, "properties": {"value": 5.469, "time": "2025-12-26T12:00:00", "date": "2025-12-26", "hour": 12}}, {"type": "Feature", "geometry": {"type": "Point", "coordinates": [12.25, 54.25]}, "properties": {"value": 5.571, "time": "2025-12-26T12:00:00", "date": "2025-12-26", "hour": 12}}, {"type": "Feature", "geometry": {"type": "Point", "coordinates": [13.75, 54.25]}, "properties": {"value": 3.253, "time": "2025-12-26T12:00:00", "date": "2025-12-26", "hour": 12}}, {"type": "Feature", "geometry": {"type": "Point", "coordinates": [14.0, 54.25]}, "properties": {"value": 4.088, "time": "2025-12-26T12:00:00", "date": "2025-12-26", "hour": 12}}, {"type": "Feature", "geometry": {"type": "Point", "coordinates": [14.25, 54.25]}, "properties": {"value": 4.856, "time": "2025-12-26T12:00:00", "date": "2025-12-26", "hour": 12}}, {"type": "Feature", "geometry": {"type": "Point", "coordinates": [14.5, 54.25]}, "properties": {"value": 5.434, "time": "2025-12-26T12:00:00", "date": "2025-12-26", "hour": 12}}, {"type": "Feature", "geometry": {"type": "Point", "coordinates": [14.75, 54.25]}, "properties": {"value": 5.612, "time": "2025-12-26T12:00:00", "date": "2025-12-26", "hour": 12}}, {"type": "Feature", "geometry": {"type": "Point", "coordinates": [15.0, 54.25]}, "properties": {"value": 5.983, "time": "2025-12-26T12:00:00", "date": "2025-12-26", "hour": 12}}, {"type": "Feature", "geometry": {"type": "Point", "coordinates": [5.0, 54.5]}, "properties": {"value": 9.654, "time": "2025-12-26T12:00:00", "date": "2025-12-26", "hour": 12}}, {"type": "Feature", "geometry": {"type": "Point", "coordinates": [5.25, 54.5]}, "properties": {"value": 9.607, "time": "2025-12-26T12:00:00", "date": "2025-12-26", "hour": 12}}, {"type": "Feature", "geometry": {"type": "Point", "coordinates": [5.5, 54.5]}, "properties": {"value": 9.477, "time": "2025-12-26T12:00:00", "date": "2025-12-26", "hour": 12}}, {"type": "Feature", "geometry": {"type": "Point", "coordinates": [5.75, 54.5]}, "properties": {"value": 9.325, "time": "2025-12-26T12:00:00", "date": "2025-12-26", "hour": 12}}, {"type": "Feature", "geometry": {"type": "Point", "coordinates": [6.0, 54.5]}, "properties": {"value": 9.165, "time": "2025-12-26T12:00:00", "date": "2025-12-26", "hour": 12}}, {"type": "Feature", "geometry": {"type": "Point", "coordinates": [6.25, 54.5]}, "properties": {"value": 9.063, "time": "2025-12-26T12:00:00", "date": "2025-12-26", "hour": 12}}, {"type": "Feature", "geometry": {"type": "Point", "coordinates": [6.5, 54.5]}, "properties": {"value": 9.106, "time": "2025-12-26T12:00:00", "date": "2025-12-26", "hour": 12}}, {"type": "Feature", "geometry": {"type": "Point", "coordinates": [6.75, 54.5]}, "properties": {"value": 8.931, "time": "2025-12-26T12:00:00", "date": "2025-12-26", "hour": 12}}, {"type": "Feature", "geometry": {"type": "Point", "coordinates": [7.0, 54.5]}, "properties": {"value": 8.478, "time": "2025-12-26T12:00:00", "date": "2025-12-26", "hour": 12}}, {"type": "Feature", "geometry": {"type": "Point", "coordinates": [7.25, 54.5]}, "properties": {"value": 7.731, "time": "2025-12-26T12:00:00", "date": "2025-12-26", "hour": 12}}, {"type": "Feature", "geometry": {"type": "Point", "coordinates": [7.5, 54.5]}, "properties": {"value": 6.981, "time": "2025-12-26T12:00:00", "date": "2025-12-26", "hour": 12}}, {"type": "Feature", "geometry": {"type": "Point", "coordinates": [7.75, 54.5]}, "properties": {"value": 6.704, "time": "2025-12-26T12:00:00", "date": "2025-12-26", "hour": 12}}, {"type": "Feature", "geometry": {"type": "Point", "coordinates": [8.0, 54.5]}, "properties": {"value": 5.901, "time": "2025-12-26T12:00:00", "date": "2025-12-26", "hour": 12}}, {"type": "Feature", "geometry": {"type": "Point", "coordinates": [8.25, 54.5]}, "properties": {"value": 4.62, "time": "2025-12-26T12:00:00", "date": "2025-12-26", "hour": 12}}, {"type": "Feature", "geometry": {"type": "Point", "coordinates": [8.5, 54.5]}, "properties": {"value": 3.574, "time": "2025-12-26T12:00:00", "date": "2025-12-26", "hour": 12}}, {"type": "Feature", "geometry": {"type": "Point", "coordinates": [10.5, 54.5]}, "properties": {"value": 5.53, "time": "2025-12-26T12:00:00", "date": "2025-12-26", "hour": 12}}, {"type": "Feature", "geometry": {"type": "Point", "coordinates": [10.75, 54.5]}, "properties": {"value": 5.328, "time": "2025-12-26T12:00:00", "date": "2025-12-26", "hour": 12}}, {"type": "Feature", "geometry": {"type": "Point", "coordinates": [11.0, 54.5]}, "properties": {"value": 5.139, "time": "2025-12-26T12:00:00", "date": "2025-12-26", "hour": 12}}, {"type": "Feature", "geometry": {"type": "Point", "coordinates": [11.25, 54.5]}, "properties": {"value": 5.06, "time": "2025-12-26T12:00:00", "date": "2025-12-26", "hour": 12}}, {"type": "Feature", "geometry": {"type": "Point", "coordinates": [11.5, 54.5]}, "properties": {"value": 5.155, "time": "2025-12-26T12:00:00", "date": "2025-12-26", "hour": 12}}, {"type": "Feature", "geometry": {"type": "Point", "coordinates": [11.75, 54.5]}, "properties": {"value": 5.523, "time": "2025-12-26T12:00:00", "date": "2025-12-26", "hour": 12}}, {"type": "Feature", "geometry": {"type": "Point", "coordinates": [12.0, 54.5]}, "properties": {"value": 5.705, "time": "2025-12-26T12:00:00", "date": "2025-12-26", "hour": 12}}, {"type": "Feature", "geometry": {"type": "Point", "coordinates": [12.25, 54.5]}, "properties": {"value": 5.774, "time": "2025-12-26T12:00:00", "date": "2025-12-26", "hour": 12}}, {"type": "Feature", "geometry": {"type": "Point", "coordinates": [13.0, 54.5]}, "properties": {"value": 5.655, "time": "2025-12-26T12:00:00", "date": "2025-12-26", "hour": 12}}, {"type": "Feature", "geometry": {"type": "Point", "coordinates": [13.25, 54.5]}, "properties": {"value": 4.774, "time": "2025-12-26T12:00:00", "date": "2025-12-26", "hour": 12}}, {"type": "Feature", "geometry": {"type": "Point", "coordinates": [13.5, 54.5]}, "properties": {"value": 4.289, "time": "2025-12-26T12:00:00", "date": "2025-12-26", "hour": 12}}, {"type": "Feature", "geometry": {"type": "Point", "coordinates": [13.75, 54.5]}, "properties": {"value": 4.353, "time": "2025-12-26T12:00:00", "date": "2025-12-26", "hour": 12}}, {"type": "Feature", "geometry": {"type": "Point", "coordinates": [14.0, 54.5]}, "properties": {"value": 5.093, "time": "2025-12-26T12:00:00", "date": "2025-12-26", "hour": 12}}, {"type": "Feature", "geometry": {"type": "Point", "coordinates": [14.25, 54.5]}, "properties": {"value": 5.782, "time": "2025-12-26T12:00:00", "date": "2025-12-26", "hour": 12}}, {"type": "Feature", "geometry": {"type": "Point", "coordinates": [14.5, 54.5]}, "properties": {"value": 6.421, "time": "2025-12-26T12:00:00", "date": "2025-12-26", "hour": 12}}, {"type": "Feature", "geometry": {"type": "Point", "coordinates": [14.75, 54.5]}, "properties": {"value": 6.673, "time": "2025-12-26T12:00:00", "date": "2025-12-26", "hour": 12}}, {"type": "Feature", "geometry": {"type": "Point", "coordinates": [15.0, 54.5]}, "properties": {"value": 6.935, "time": "2025-12-26T12:00:00", "date": "2025-12-26", "hour": 12}}, {"type": "Feature", "geometry": {"type": "Point", "coordinates": [5.0, 54.75]}, "properties": {"value": 9.679, "time": "2025-12-26T12:00:00", "date": "2025-12-26", "hour": 12}}, {"type": "Feature", "geometry": {"type": "Point", "coordinates": [5.25, 54.75]}, "properties": {"value": 9.632, "time": "2025-12-26T12:00:00", "date": "2025-12-26", "hour": 12}}, {"type": "Feature", "geometry": {"type": "Point", "coordinates": [5.5, 54.75]}, "properties": {"value": 9.566, "time": "2025-12-26T12:00:00", "date": "2025-12-26", "hour": 12}}, {"type": "Feature", "geometry": {"type": "Point", "coordinates": [5.75, 54.75]}, "properties": {"value": 9.53, "time": "2025-12-26T12:00:00", "date": "2025-12-26", "hour": 12}}, {"type": "Feature", "geometry": {"type": "Point", "coordinates": [6.0, 54.75]}, "properties": {"value": 9.341, "time": "2025-12-26T12:00:00", "date": "2025-12-26", "hour": 12}}, {"type": "Feature", "geometry": {"type": "Point", "coordinates": [6.25, 54.75]}, "properties": {"value": 9.239, "time": "2025-12-26T12:00:00", "date": "2025-12-26", "hour": 12}}, {"type": "Feature", "geometry": {"type": "Point", "coordinates": [6.5, 54.75]}, "properties": {"value": 9.036, "time": "2025-12-26T12:00:00", "date": "2025-12-26", "hour": 12}}, {"type": "Feature", "geometry": {"type": "Point", "coordinates": [6.75, 54.75]}, "properties": {"value": 8.434, "time": "2025-12-26T12:00:00", "date": "2025-12-26", "hour": 12}}, {"type": "Feature", "geometry": {"type": "Point", "coordinates": [7.0, 54.75]}, "properties": {"value": 7.887, "time": "2025-12-26T12:00:00", "date": "2025-12-26", "hour": 12}}, {"type": "Feature", "geometry": {"type": "Point", "coordinates": [7.25, 54.75]}, "properties": {"value": 7.143, "time": "2025-12-26T12:00:00", "date": "2025-12-26", "hour": 12}}, {"type": "Feature", "geometry": {"type": "Point", "coordinates": [7.5, 54.75]}, "properties": {"value": 6.475, "time": "2025-12-26T12:00:00", "date": "2025-12-26", "hour": 12}}, {"type": "Feature", "geometry": {"type": "Point", "coordinates": [7.75, 54.75]}, "properties": {"value": 5.799, "time": "2025-12-26T12:00:00", "date": "2025-12-26", "hour": 12}}, {"type": "Feature", "geometry": {"type": "Point", "coordinates": [8.0, 54.75]}, "properties": {"value": 4.965, "time": "2025-12-26T12:00:00", "date": "2025-12-26", "hour": 12}}, {"type": "Feature", "geometry": {"type": "Point", "coordinates": [8.25, 54.75]}, "properties": {"value": 3.672, "time": "2025-12-26T12:00:00", "date": "2025-12-26", "hour": 12}}, {"type": "Feature", "geometry": {"type": "Point", "coordinates": [8.5, 54.75]}, "properties": {"value": 2.753, "time": "2025-12-26T12:00:00", "date": "2025-12-26", "hour": 12}}, {"type": "Feature", "geometry": {"type": "Point", "coordinates": [10.25, 54.75]}, "properties": {"value": 5.647, "time": "2025-12-26T12:00:00", "date": "2025-12-26", "hour": 12}}, {"type": "Feature", "geometry": {"type": "Point", "coordinates": [10.5, 54.75]}, "properties": {"value": 5.221, "time": "2025-12-26T12:00:00", "date": "2025-12-26", "hour": 12}}, {"type": "Feature", "geometry": {"type": "Point", "coordinates": [10.75, 54.75]}, "properties": {"value": 4.946, "time": "2025-12-26T12:00:00", "date": "2025-12-26", "hour": 12}}, {"type": "Feature", "geometry": {"type": "Point", "coordinates": [11.0, 54.75]}, "properties": {"value": 4.75, "time": "2025-12-26T12:00:00", "date": "2025-12-26", "hour": 12}}, {"type": "Feature", "geometry": {"type": "Point", "coordinates": [11.25, 54.75]}, "properties": {"value": 4.654, "time": "2025-12-26T12:00:00", "date": "2025-12-26", "hour": 12}}, {"type": "Feature", "geometry": {"type": "Point", "coordinates": [11.5, 54.75]}, "properties": {"value": 4.617, "time": "2025-12-26T12:00:00", "date": "2025-12-26", "hour": 12}}, {"type": "Feature", "geometry": {"type": "Point", "coordinates": [12.0, 54.75]}, "properties": {"value": 5.438, "time": "2025-12-26T12:00:00", "date": "2025-12-26", "hour": 12}}, {"type": "Feature", "geometry": {"type": "Point", "coordinates": [12.25, 54.75]}, "properties": {"value": 5.93, "time": "2025-12-26T12:00:00", "date": "2025-12-26", "hour": 12}}, {"type": "Feature", "geometry": {"type": "Point", "coordinates": [12.5, 54.75]}, "properties": {"value": 6.082, "time": "2025-12-26T12:00:00", "date": "2025-12-26", "hour": 12}}, {"type": "Feature", "geometry": {"type": "Point", "coordinates": [12.75, 54.75]}, "properties": {"value": 6.039, "time": "2025-12-26T12:00:00", "date": "2025-12-26", "hour": 12}}, {"type": "Feature", "geometry": {"type": "Point", "coordinates": [13.0, 54.75]}, "properties": {"value": 5.812, "time": "2025-12-26T12:00:00", "date": "2025-12-26", "hour": 12}}, {"type": "Feature", "geometry": {"type": "Point", "coordinates": [13.25, 54.75]}, "properties": {"value": 5.866, "time": "2025-12-26T12:00:00", "date": "2025-12-26", "hour": 12}}, {"type": "Feature", "geometry": {"type": "Point", "coordinates": [13.5, 54.75]}, "properties": {"value": 5.763, "time": "2025-12-26T12:00:00", "date": "2025-12-26", "hour": 12}}, {"type": "Feature", "geometry": {"type": "Point", "coordinates": [13.75, 54.75]}, "properties": {"value": 5.826, "time": "2025-12-26T12:00:00", "date": "2025-12-26", "hour": 12}}, {"type": "Feature", "geometry": {"type": "Point", "coordinates": [14.0, 54.75]}, "properties": {"value": 5.986, "time": "2025-12-26T12:00:00", "date": "2025-12-26", "hour": 12}}, {"type": "Feature", "geometry": {"type": "Point", "coordinates": [14.25, 54.75]}, "properties": {"value": 6.179, "time": "2025-12-26T12:00:00", "date": "2025-12-26", "hour": 12}}, {"type": "Feature", "geometry": {"type": "Point", "coordinates": [14.5, 54.75]}, "properties": {"value": 6.817, "time": "2025-12-26T12:00:00", "date": "2025-12-26", "hour": 12}}, {"type": "Feature", "geometry": {"type": "Point", "coordinates": [14.75, 54.75]}, "properties": {"value": 7.063, "time": "2025-12-26T12:00:00", "date": "2025-12-26", "hour": 12}}, {"type": "Feature", "geometry": {"type": "Point", "coordinates": [15.0, 54.75]}, "properties": {"value": 7.245, "time": "2025-12-26T12:00:00", "date": "2025-12-26", "hour": 12}}, {"type": "Feature", "geometry": {"type": "Point", "coordinates": [5.0, 55.0]}, "properties": {"value": 9.525, "time": "2025-12-26T12:00:00", "date": "2025-12-26", "hour": 12}}, {"type": "Feature", "geometry": {"type": "Point", "coordinates": [5.25, 55.0]}, "properties": {"value": 9.539, "time": "2025-12-26T12:00:00", "date": "2025-12-26", "hour": 12}}, {"type": "Feature", "geometry": {"type": "Point", "coordinates": [5.5, 55.0]}, "properties": {"value": 9.568, "time": "2025-12-26T12:00:00", "date": "2025-12-26", "hour": 12}}, {"type": "Feature", "geometry": {"type": "Point", "coordinates": [5.75, 55.0]}, "properties": {"value": 9.532, "time": "2025-12-26T12:00:00", "date": "2025-12-26", "hour": 12}}, {"type": "Feature", "geometry": {"type": "Point", "coordinates": [6.0, 55.0]}, "properties": {"value": 9.436, "time": "2025-12-26T12:00:00", "date": "2025-12-26", "hour": 12}}, {"type": "Feature", "geometry": {"type": "Point", "coordinates": [6.25, 55.0]}, "properties": {"value": 9.126, "time": "2025-12-26T12:00:00", "date": "2025-12-26", "hour": 12}}, {"type": "Feature", "geometry": {"type": "Point", "coordinates": [6.5, 55.0]}, "properties": {"value": 8.623, "time": "2025-12-26T12:00:00", "date": "2025-12-26", "hour": 12}}, {"type": "Feature", "geometry": {"type": "Point", "coordinates": [6.75, 55.0]}, "properties": {"value": 8.006, "time": "2025-12-26T12:00:00", "date": "2025-12-26", "hour": 12}}, {"type": "Feature", "geometry": {"type": "Point", "coordinates": [7.0, 55.0]}, "properties": {"value": 7.35, "time": "2025-12-26T12:00:00", "date": "2025-12-26", "hour": 12}}, {"type": "Feature", "geometry": {"type": "Point", "coordinates": [7.25, 55.0]}, "properties": {"value": 6.876, "time": "2025-12-26T12:00:00", "date": "2025-12-26", "hour": 12}}, {"type": "Feature", "geometry": {"type": "Point", "coordinates": [7.5, 55.0]}, "properties": {"value": 6.284, "time": "2025-12-26T12:00:00", "date": "2025-12-26", "hour": 12}}, {"type": "Feature", "geometry": {"type": "Point", "coordinates": [7.75, 55.0]}, "properties": {"value": 5.676, "time": "2025-12-26T12:00:00", "date": "2025-12-26", "hour": 12}}, {"type": "Feature", "geometry": {"type": "Point", "coordinates": [8.0, 55.0]}, "properties": {"value": 5.122, "time": "2025-12-26T12:00:00", "date": "2025-12-26", "hour": 12}}, {"type": "Feature", "geometry": {"type": "Point", "coordinates": [8.25, 55.0]}, "properties": {"value": 4.069, "time": "2025-12-26T12:00:00", "date": "2025-12-26", "hour": 12}}, {"type": "Feature", "geometry": {"type": "Point", "coordinates": [8.5, 55.0]}, "properties": {"value": 3.238, "time": "2025-12-26T12:00:00", "date": "2025-12-26", "hour": 12}}, {"type": "Feature", "geometry": {"type": "Point", "coordinates": [10.25, 55.0]}, "properties": {"value": 5.754, "time": "2025-12-26T12:00:00", "date": "2025-12-26", "hour": 12}}, {"type": "Feature", "geometry": {"type": "Point", "coordinates": [10.5, 55.0]}, "properties": {"value": 5.124, "time": "2025-12-26T12:00:00", "date": "2025-12-26", "hour": 12}}, {"type": "Feature", "geometry": {"type": "Point", "coordinates": [10.75, 55.0]}, "properties": {"value": 4.505, "time": "2025-12-26T12:00:00", "date": "2025-12-26", "hour": 12}}, {"type": "Feature", "geometry": {"type": "Point", "coordinates": [11.0, 55.0]}, "properties": {"value": 4.595, "time": "2025-12-26T12:00:00", "date": "2025-12-26", "hour": 12}}, {"type": "Feature", "geometry": {"type": "Point", "coordinates": [11.25, 55.0]}, "properties": {"value": 4.561, "time": "2025-12-26T12:00:00", "date": "2025-12-26", "hour": 12}}, {"type": "Feature", "geometry": {"type": "Point", "coordinates": [11.5, 55.0]}, "properties": {"value": 4.547, "time": "2025-12-26T12:00:00", "date": "2025-12-26", "hour": 12}}, {"type": "Feature", "geometry": {"type": "Point", "coordinates": [11.75, 55.0]}, "properties": {"value": 4.416, "time": "2025-12-26T12:00:00", "date": "2025-12-26", "hour": 12}}, {"type": "Feature", "geometry": {"type": "Point", "coordinates": [12.0, 55.0]}, "properties": {"value": 5.006, "time": "2025-12-26T12:00:00", "date": "2025-12-26", "hour": 12}}, {"type": "Feature", "geometry": {"type": "Point", "coordinates": [12.25, 55.0]}, "properties": {"value": 5.693, "time": "2025-12-26T12:00:00", "date": "2025-12-26", "hour": 12}}, {"type": "Feature", "geometry": {"type": "Point", "coordinates": [12.5, 55.0]}, "properties": {"value": 6.038, "time": "2025-12-26T12:00:00", "date": "2025-12-26", "hour": 12}}, {"type": "Feature", "geometry": {"type": "Point", "coordinates": [12.75, 55.0]}, "properties": {"value": 6.175, "time": "2025-12-26T12:00:00", "date": "2025-12-26", "hour": 12}}, {"type": "Feature", "geometry": {"type": "Point", "coordinates": [13.0, 55.0]}, "properties": {"value": 6.266, "time": "2025-12-26T12:00:00", "date": "2025-12-26", "hour": 12}}, {"type": "Feature", "geometry": {"type": "Point", "coordinates": [13.25, 55.0]}, "properties": {"value": 6.319, "time": "2025-12-26T12:00:00", "date": "2025-12-26", "hour": 12}}, {"type": "Feature", "geometry": {"type": "Point", "coordinates": [13.5, 55.0]}, "properties": {"value": 6.339, "time": "2025-12-26T12:00:00", "date": "2025-12-26", "hour": 12}}, {"type": "Feature", "geometry": {"type": "Point", "coordinates": [13.75, 55.0]}, "properties": {"value": 6.4, "time": "2025-12-26T12:00:00", "date": "2025-12-26", "hour": 12}}, {"type": "Feature", "geometry": {"type": "Point", "coordinates": [14.0, 55.0]}, "properties": {"value": 6.533, "time": "2025-12-26T12:00:00", "date": "2025-12-26", "hour": 12}}, {"type": "Feature", "geometry": {"type": "Point", "coordinates": [14.25, 55.0]}, "properties": {"value": 6.643, "time": "2025-12-26T12:00:00", "date": "2025-12-26", "hour": 12}}, {"type": "Feature", "geometry": {"type": "Point", "coordinates": [14.5, 55.0]}, "properties": {"value": 6.684, "time": "2025-12-26T12:00:00", "date": "2025-12-26", "hour": 12}}, {"type": "Feature", "geometry": {"type": "Point", "coordinates": [14.75, 55.0]}, "properties": {"value": 6.88, "time": "2025-12-26T12:00:00", "date": "2025-12-26", "hour": 12}}, {"type": "Feature", "geometry": {"type": "Point", "coordinates": [15.0, 55.0]}, "properties": {"value": 7.058, "time": "2025-12-26T12:00:00", "date": "2025-12-26", "hour": 12}}, {"type": "Feature", "geometry": {"type": "Point", "coordinates": [5.25, 52.75]}, "properties": {"value": 3.24, "time": "2025-12-26T13:00:00", "date": "2025-12-26", "hour": 13}}, {"type": "Feature", "geometry": {"type": "Point", "coordinates": [5.5, 52.75]}, "properties": {"value": 3.249, "time": "2025-12-26T13:00:00", "date": "2025-12-26", "hour": 13}}, {"type": "Feature", "geometry": {"type": "Point", "coordinates": [5.0, 53.0]}, "properties": {"value": 4.743, "time": "2025-12-26T13:00:00", "date": "2025-12-26", "hour": 13}}, {"type": "Feature", "geometry": {"type": "Point", "coordinates": [5.25, 53.0]}, "properties": {"value": 3.781, "time": "2025-12-26T13:00:00", "date": "2025-12-26", "hour": 13}}, {"type": "Feature", "geometry": {"type": "Point", "coordinates": [5.5, 53.0]}, "properties": {"value": 3.103, "time": "2025-12-26T13:00:00", "date": "2025-12-26", "hour": 13}}, {"type": "Feature", "geometry": {"type": "Point", "coordinates": [5.0, 53.25]}, "properties": {"value": 5.694, "time": "2025-12-26T13:00:00", "date": "2025-12-26", "hour": 13}}, {"type": "Feature", "geometry": {"type": "Point", "coordinates": [5.25, 53.25]}, "properties": {"value": 4.494, "time": "2025-12-26T13:00:00", "date": "2025-12-26", "hour": 13}}, {"type": "Feature", "geometry": {"type": "Point", "coordinates": [5.5, 53.25]}, "properties": {"value": 3.771, "time": "2025-12-26T13:00:00", "date": "2025-12-26", "hour": 13}}, {"type": "Feature", "geometry": {"type": "Point", "coordinates": [5.0, 53.5]}, "properties": {"value": 7.802, "time": "2025-12-26T13:00:00", "date": "2025-12-26", "hour": 13}}, {"type": "Feature", "geometry": {"type": "Point", "coordinates": [5.25, 53.5]}, "properties": {"value": 7.132, "time": "2025-12-26T13:00:00", "date": "2025-12-26", "hour": 13}}, {"type": "Feature", "geometry": {"type": "Point", "coordinates": [5.5, 53.5]}, "properties": {"value": 6.946, "time": "2025-12-26T13:00:00", "date": "2025-12-26", "hour": 13}}, {"type": "Feature", "geometry": {"type": "Point", "coordinates": [5.75, 53.5]}, "properties": {"value": 6.46, "time": "2025-12-26T13:00:00", "date": "2025-12-26", "hour": 13}}, {"type": "Feature", "geometry": {"type": "Point", "coordinates": [6.0, 53.5]}, "properties": {"value": 5.762, "time": "2025-12-26T13:00:00", "date": "2025-12-26", "hour": 13}}, {"type": "Feature", "geometry": {"type": "Point", "coordinates": [6.25, 53.5]}, "properties": {"value": 4.952, "time": "2025-12-26T13:00:00", "date": "2025-12-26", "hour": 13}}, {"type": "Feature", "geometry": {"type": "Point", "coordinates": [6.5, 53.5]}, "properties": {"value": 4.86, "time": "2025-12-26T13:00:00", "date": "2025-12-26", "hour": 13}}, {"type": "Feature", "geometry": {"type": "Point", "coordinates": [6.75, 53.5]}, "properties": {"value": 4.695, "time": "2025-12-26T13:00:00", "date": "2025-12-26", "hour": 13}}, {"type": "Feature", "geometry": {"type": "Point", "coordinates": [5.0, 53.75]}, "properties": {"value": 8.826, "time": "2025-12-26T13:00:00", "date": "2025-12-26", "hour": 13}}, {"type": "Feature", "geometry": {"type": "Point", "coordinates": [5.25, 53.75]}, "properties": {"value": 8.378, "time": "2025-12-26T13:00:00", "date": "2025-12-26", "hour": 13}}, {"type": "Feature", "geometry": {"type": "Point", "coordinates": [5.5, 53.75]}, "properties": {"value": 8.065, "time": "2025-12-26T13:00:00", "date": "2025-12-26", "hour": 13}}, {"type": "Feature", "geometry": {"type": "Point", "coordinates": [5.75, 53.75]}, "properties": {"value": 7.845, "time": "2025-12-26T13:00:00", "date": "2025-12-26", "hour": 13}}, {"type": "Feature", "geometry": {"type": "Point", "coordinates": [6.0, 53.75]}, "properties": {"value": 7.324, "time": "2025-12-26T13:00:00", "date": "2025-12-26", "hour": 13}}, {"type": "Feature", "geometry": {"type": "Point", "coordinates": [6.25, 53.75]}, "properties": {"value": 7.106, "time": "2025-12-26T13:00:00", "date": "2025-12-26", "hour": 13}}, {"type": "Feature", "geometry": {"type": "Point", "coordinates": [6.5, 53.75]}, "properties": {"value": 6.685, "time": "2025-12-26T13:00:00", "date": "2025-12-26", "hour": 13}}, {"type": "Feature", "geometry": {"type": "Point", "coordinates": [6.75, 53.75]}, "properties": {"value": 6.359, "time": "2025-12-26T13:00:00", "date": "2025-12-26", "hour": 13}}, {"type": "Feature", "geometry": {"type": "Point", "coordinates": [7.0, 53.75]}, "properties": {"value": 6.608, "time": "2025-12-26T13:00:00", "date": "2025-12-26", "hour": 13}}, {"type": "Feature", "geometry": {"type": "Point", "coordinates": [7.25, 53.75]}, "properties": {"value": 6.331, "time": "2025-12-26T13:00:00", "date": "2025-12-26", "hour": 13}}, {"type": "Feature", "geometry": {"type": "Point", "coordinates": [7.5, 53.75]}, "properties": {"value": 6.894, "time": "2025-12-26T13:00:00", "date": "2025-12-26", "hour": 13}}, {"type": "Feature", "geometry": {"type": "Point", "coordinates": [7.75, 53.75]}, "properties": {"value": 6.986, "time": "2025-12-26T13:00:00", "date": "2025-12-26", "hour": 13}}, {"type": "Feature", "geometry": {"type": "Point", "coordinates": [8.0, 53.75]}, "properties": {"value": 5.891, "time": "2025-12-26T13:00:00", "date": "2025-12-26", "hour": 13}}, {"type": "Feature", "geometry": {"type": "Point", "coordinates": [8.25, 53.75]}, "properties": {"value": 4.848, "time": "2025-12-26T13:00:00", "date": "2025-12-26", "hour": 13}}, {"type": "Feature", "geometry": {"type": "Point", "coordinates": [8.5, 53.75]}, "properties": {"value": 4.096, "time": "2025-12-26T13:00:00", "date": "2025-12-26", "hour": 13}}, {"type": "Feature", "geometry": {"type": "Point", "coordinates": [8.75, 53.75]}, "properties": {"value": 4.096, "time": "2025-12-26T13:00:00", "date": "2025-12-26", "hour": 13}}, {"type": "Feature", "geometry": {"type": "Point", "coordinates": [14.25, 53.75]}, "properties": {"value": 0.934, "time": "2025-12-26T13:00:00", "date": "2025-12-26", "hour": 13}}, {"type": "Feature", "geometry": {"type": "Point", "coordinates": [14.5, 53.75]}, "properties": {"value": 0.934, "time": "2025-12-26T13:00:00", "date": "2025-12-26", "hour": 13}}, {"type": "Feature", "geometry": {"type": "Point", "coordinates": [5.0, 54.0]}, "properties": {"value": 9.39, "time": "2025-12-26T13:00:00", "date": "2025-12-26", "hour": 13}}, {"type": "Feature", "geometry": {"type": "Point", "coordinates": [5.25, 54.0]}, "properties": {"value": 9.064, "time": "2025-12-26T13:00:00", "date": "2025-12-26", "hour": 13}}, {"type": "Feature", "geometry": {"type": "Point", "coordinates": [5.5, 54.0]}, "properties": {"value": 8.751, "time": "2025-12-26T13:00:00", "date": "2025-12-26", "hour": 13}}, {"type": "Feature", "geometry": {"type": "Point", "coordinates": [5.75, 54.0]}, "properties": {"value": 8.59, "time": "2025-12-26T13:00:00", "date": "2025-12-26", "hour": 13}}, {"type": "Feature", "geometry": {"type": "Point", "coordinates": [6.0, 54.0]}, "properties": {"value": 8.493, "time": "2025-12-26T13:00:00", "date": "2025-12-26", "hour": 13}}, {"type": "Feature", "geometry": {"type": "Point", "coordinates": [6.25, 54.0]}, "properties": {"value": 8.364, "time": "2025-12-26T13:00:00", "date": "2025-12-26", "hour": 13}}, {"type": "Feature", "geometry": {"type": "Point", "coordinates": [6.5, 54.0]}, "properties": {"value": 7.986, "time": "2025-12-26T13:00:00", "date": "2025-12-26", "hour": 13}}, {"type": "Feature", "geometry": {"type": "Point", "coordinates": [6.75, 54.0]}, "properties": {"value": 7.763, "time": "2025-12-26T13:00:00", "date": "2025-12-26", "hour": 13}}, {"type": "Feature", "geometry": {"type": "Point", "coordinates": [7.0, 54.0]}, "properties": {"value": 7.506, "time": "2025-12-26T13:00:00", "date": "2025-12-26", "hour": 13}}, {"type": "Feature", "geometry": {"type": "Point", "coordinates": [7.25, 54.0]}, "properties": {"value": 7.318, "time": "2025-12-26T13:00:00", "date": "2025-12-26", "hour": 13}}, {"type": "Feature", "geometry": {"type": "Point", "coordinates": [7.5, 54.0]}, "properties": {"value": 7.519, "time": "2025-12-26T13:00:00", "date": "2025-12-26", "hour": 13}}, {"type": "Feature", "geometry": {"type": "Point", "coordinates": [7.75, 54.0]}, "properties": {"value": 7.432, "time": "2025-12-26T13:00:00", "date": "2025-12-26", "hour": 13}}, {"type": "Feature", "geometry": {"type": "Point", "coordinates": [8.0, 54.0]}, "properties": {"value": 7.03, "time": "2025-12-26T13:00:00", "date": "2025-12-26", "hour": 13}}, {"type": "Feature", "geometry": {"type": "Point", "coordinates": [8.25, 54.0]}, "properties": {"value": 6.242, "time": "2025-12-26T13:00:00", "date": "2025-12-26", "hour": 13}}, {"type": "Feature", "geometry": {"type": "Point", "coordinates": [8.5, 54.0]}, "properties": {"value": 4.937, "time": "2025-12-26T13:00:00", "date": "2025-12-26", "hour": 13}}, {"type": "Feature", "geometry": {"type": "Point", "coordinates": [11.25, 54.0]}, "properties": {"value": 5.122, "time": "2025-12-26T13:00:00", "date": "2025-12-26", "hour": 13}}, {"type": "Feature", "geometry": {"type": "Point", "coordinates": [14.0, 54.0]}, "properties": {"value": 3.376, "time": "2025-12-26T13:00:00", "date": "2025-12-26", "hour": 13}}, {"type": "Feature", "geometry": {"type": "Point", "coordinates": [14.25, 54.0]}, "properties": {"value": 4.446, "time": "2025-12-26T13:00:00", "date": "2025-12-26", "hour": 13}}, {"type": "Feature", "geometry": {"type": "Point", "coordinates": [14.5, 54.0]}, "properties": {"value": 3.948, "time": "2025-12-26T13:00:00", "date": "2025-12-26", "hour": 13}}, {"type": "Feature", "geometry": {"type": "Point", "coordinates": [14.75, 54.0]}, "properties": {"value": 4.721, "time": "2025-12-26T13:00:00", "date": "2025-12-26", "hour": 13}}, {"type": "Feature", "geometry": {"type": "Point", "coordinates": [5.0, 54.25]}, "properties": {"value": 9.611, "time": "2025-12-26T13:00:00", "date": "2025-12-26", "hour": 13}}, {"type": "Feature", "geometry": {"type": "Point", "coordinates": [5.25, 54.25]}, "properties": {"value": 9.363, "time": "2025-12-26T13:00:00", "date": "2025-12-26", "hour": 13}}, {"type": "Feature", "geometry": {"type": "Point", "coordinates": [5.5, 54.25]}, "properties": {"value": 9.181, "time": "2025-12-26T13:00:00", "date": "2025-12-26", "hour": 13}}, {"type": "Feature", "geometry": {"type": "Point", "coordinates": [5.75, 54.25]}, "properties": {"value": 9.034, "time": "2025-12-26T13:00:00", "date": "2025-12-26", "hour": 13}}, {"type": "Feature", "geometry": {"type": "Point", "coordinates": [6.0, 54.25]}, "properties": {"value": 8.907, "time": "2025-12-26T13:00:00", "date": "2025-12-26", "hour": 13}}, {"type": "Feature", "geometry": {"type": "Point", "coordinates": [6.25, 54.25]}, "properties": {"value": 8.875, "time": "2025-12-26T13:00:00", "date": "2025-12-26", "hour": 13}}, {"type": "Feature", "geometry": {"type": "Point", "coordinates": [6.5, 54.25]}, "properties": {"value": 8.87, "time": "2025-12-26T13:00:00", "date": "2025-12-26", "hour": 13}}, {"type": "Feature", "geometry": {"type": "Point", "coordinates": [6.75, 54.25]}, "properties": {"value": 8.635, "time": "2025-12-26T13:00:00", "date": "2025-12-26", "hour": 13}}, {"type": "Feature", "geometry": {"type": "Point", "coordinates": [7.0, 54.25]}, "properties": {"value": 8.38, "time": "2025-12-26T13:00:00", "date": "2025-12-26", "hour": 13}}, {"type": "Feature", "geometry": {"type": "Point", "coordinates": [7.25, 54.25]}, "properties": {"value": 7.845, "time": "2025-12-26T13:00:00", "date": "2025-12-26", "hour": 13}}, {"type": "Feature", "geometry": {"type": "Point", "coordinates": [7.5, 54.25]}, "properties": {"value": 7.526, "time": "2025-12-26T13:00:00", "date": "2025-12-26", "hour": 13}}, {"type": "Feature", "geometry": {"type": "Point", "coordinates": [7.75, 54.25]}, "properties": {"value": 7.333, "time": "2025-12-26T13:00:00", "date": "2025-12-26", "hour": 13}}, {"type": "Feature", "geometry": {"type": "Point", "coordinates": [8.0, 54.25]}, "properties": {"value": 7.068, "time": "2025-12-26T13:00:00", "date": "2025-12-26", "hour": 13}}, {"type": "Feature", "geometry": {"type": "Point", "coordinates": [8.25, 54.25]}, "properties": {"value": 5.934, "time": "2025-12-26T13:00:00", "date": "2025-12-26", "hour": 13}}, {"type": "Feature", "geometry": {"type": "Point", "coordinates": [8.5, 54.25]}, "properties": {"value": 4.685, "time": "2025-12-26T13:00:00", "date": "2025-12-26", "hour": 13}}, {"type": "Feature", "geometry": {"type": "Point", "coordinates": [10.75, 54.25]}, "properties": {"value": 5.437, "time": "2025-12-26T13:00:00", "date": "2025-12-26", "hour": 13}}, {"type": "Feature", "geometry": {"type": "Point", "coordinates": [11.25, 54.25]}, "properties": {"value": 5.213, "time": "2025-12-26T13:00:00", "date": "2025-12-26", "hour": 13}}, {"type": "Feature", "geometry": {"type": "Point", "coordinates": [11.75, 54.25]}, "properties": {"value": 5.469, "time": "2025-12-26T13:00:00", "date": "2025-12-26", "hour": 13}}, {"type": "Feature", "geometry": {"type": "Point", "coordinates": [12.25, 54.25]}, "properties": {"value": 5.571, "time": "2025-12-26T13:00:00", "date": "2025-12-26", "hour": 13}}, {"type": "Feature", "geometry": {"type": "Point", "coordinates": [13.75, 54.25]}, "properties": {"value": 3.253, "time": "2025-12-26T13:00:00", "date": "2025-12-26", "hour": 13}}, {"type": "Feature", "geometry": {"type": "Point", "coordinates": [14.0, 54.25]}, "properties": {"value": 4.088, "time": "2025-12-26T13:00:00", "date": "2025-12-26", "hour": 13}}, {"type": "Feature", "geometry": {"type": "Point", "coordinates": [14.25, 54.25]}, "properties": {"value": 4.856, "time": "2025-12-26T13:00:00", "date": "2025-12-26", "hour": 13}}, {"type": "Feature", "geometry": {"type": "Point", "coordinates": [14.5, 54.25]}, "properties": {"value": 5.434, "time": "2025-12-26T13:00:00", "date": "2025-12-26", "hour": 13}}, {"type": "Feature", "geometry": {"type": "Point", "coordinates": [14.75, 54.25]}, "properties": {"value": 5.612, "time": "2025-12-26T13:00:00", "date": "2025-12-26", "hour": 13}}, {"type": "Feature", "geometry": {"type": "Point", "coordinates": [15.0, 54.25]}, "properties": {"value": 5.983, "time": "2025-12-26T13:00:00", "date": "2025-12-26", "hour": 13}}, {"type": "Feature", "geometry": {"type": "Point", "coordinates": [5.0, 54.5]}, "properties": {"value": 9.654, "time": "2025-12-26T13:00:00", "date": "2025-12-26", "hour": 13}}, {"type": "Feature", "geometry": {"type": "Point", "coordinates": [5.25, 54.5]}, "properties": {"value": 9.607, "time": "2025-12-26T13:00:00", "date": "2025-12-26", "hour": 13}}, {"type": "Feature", "geometry": {"type": "Point", "coordinates": [5.5, 54.5]}, "properties": {"value": 9.477, "time": "2025-12-26T13:00:00", "date": "2025-12-26", "hour": 13}}, {"type": "Feature", "geometry": {"type": "Point", "coordinates": [5.75, 54.5]}, "properties": {"value": 9.325, "time": "2025-12-26T13:00:00", "date": "2025-12-26", "hour": 13}}, {"type": "Feature", "geometry": {"type": "Point", "coordinates": [6.0, 54.5]}, "properties": {"value": 9.165, "time": "2025-12-26T13:00:00", "date": "2025-12-26", "hour": 13}}, {"type": "Feature", "geometry": {"type": "Point", "coordinates": [6.25, 54.5]}, "properties": {"value": 9.063, "time": "2025-12-26T13:00:00", "date": "2025-12-26", "hour": 13}}, {"type": "Feature", "geometry": {"type": "Point", "coordinates": [6.5, 54.5]}, "properties": {"value": 9.106, "time": "2025-12-26T13:00:00", "date": "2025-12-26", "hour": 13}}, {"type": "Feature", "geometry": {"type": "Point", "coordinates": [6.75, 54.5]}, "properties": {"value": 8.931, "time": "2025-12-26T13:00:00", "date": "2025-12-26", "hour": 13}}, {"type": "Feature", "geometry": {"type": "Point", "coordinates": [7.0, 54.5]}, "properties": {"value": 8.478, "time": "2025-12-26T13:00:00", "date": "2025-12-26", "hour": 13}}, {"type": "Feature", "geometry": {"type": "Point", "coordinates": [7.25, 54.5]}, "properties": {"value": 7.731, "time": "2025-12-26T13:00:00", "date": "2025-12-26", "hour": 13}}, {"type": "Feature", "geometry": {"type": "Point", "coordinates": [7.5, 54.5]}, "properties": {"value": 6.981, "time": "2025-12-26T13:00:00", "date": "2025-12-26", "hour": 13}}, {"type": "Feature", "geometry": {"type": "Point", "coordinates": [7.75, 54.5]}, "properties": {"value": 6.704, "time": "2025-12-26T13:00:00", "date": "2025-12-26", "hour": 13}}, {"type": "Feature", "geometry": {"type": "Point", "coordinates": [8.0, 54.5]}, "properties": {"value": 5.901, "time": "2025-12-26T13:00:00", "date": "2025-12-26", "hour": 13}}, {"type": "Feature", "geometry": {"type": "Point", "coordinates": [8.25, 54.5]}, "properties": {"value": 4.62, "time": "2025-12-26T13:00:00", "date": "2025-12-26", "hour": 13}}, {"type": "Feature", "geometry": {"type": "Point", "coordinates": [8.5, 54.5]}, "properties": {"value": 3.574, "time": "2025-12-26T13:00:00", "date": "2025-12-26", "hour": 13}}, {"type": "Feature", "geometry": {"type": "Point", "coordinates": [10.5, 54.5]}, "properties": {"value": 5.53, "time": "2025-12-26T13:00:00", "date": "2025-12-26", "hour": 13}}, {"type": "Feature", "geometry": {"type": "Point", "coordinates": [10.75, 54.5]}, "properties": {"value": 5.328, "time": "2025-12-26T13:00:00", "date": "2025-12-26", "hour": 13}}, {"type": "Feature", "geometry": {"type": "Point", "coordinates": [11.0, 54.5]}, "properties": {"value": 5.139, "time": "2025-12-26T13:00:00", "date": "2025-12-26", "hour": 13}}, {"type": "Feature", "geometry": {"type": "Point", "coordinates": [11.25, 54.5]}, "properties": {"value": 5.06, "time": "2025-12-26T13:00:00", "date": "2025-12-26", "hour": 13}}, {"type": "Feature", "geometry": {"type": "Point", "coordinates": [11.5, 54.5]}, "properties": {"value": 5.155, "time": "2025-12-26T13:00:00", "date": "2025-12-26", "hour": 13}}, {"type": "Feature", "geometry": {"type": "Point", "coordinates": [11.75, 54.5]}, "properties": {"value": 5.523, "time": "2025-12-26T13:00:00", "date": "2025-12-26", "hour": 13}}, {"type": "Feature", "geometry": {"type": "Point", "coordinates": [12.0, 54.5]}, "properties": {"value": 5.705, "time": "2025-12-26T13:00:00", "date": "2025-12-26", "hour": 13}}, {"type": "Feature", "geometry": {"type": "Point", "coordinates": [12.25, 54.5]}, "properties": {"value": 5.774, "time": "2025-12-26T13:00:00", "date": "2025-12-26", "hour": 13}}, {"type": "Feature", "geometry": {"type": "Point", "coordinates": [13.0, 54.5]}, "properties": {"value": 5.655, "time": "2025-12-26T13:00:00", "date": "2025-12-26", "hour": 13}}, {"type": "Feature", "geometry": {"type": "Point", "coordinates": [13.25, 54.5]}, "properties": {"value": 4.774, "time": "2025-12-26T13:00:00", "date": "2025-12-26", "hour": 13}}, {"type": "Feature", "geometry": {"type": "Point", "coordinates": [13.5, 54.5]}, "properties": {"value": 4.289, "time": "2025-12-26T13:00:00", "date": "2025-12-26", "hour": 13}}, {"type": "Feature", "geometry": {"type": "Point", "coordinates": [13.75, 54.5]}, "properties": {"value": 4.353, "time": "2025-12-26T13:00:00", "date": "2025-12-26", "hour": 13}}, {"type": "Feature", "geometry": {"type": "Point", "coordinates": [14.0, 54.5]}, "properties": {"value": 5.093, "time": "2025-12-26T13:00:00", "date": "2025-12-26", "hour": 13}}, {"type": "Feature", "geometry": {"type": "Point", "coordinates": [14.25, 54.5]}, "properties": {"value": 5.782, "time": "2025-12-26T13:00:00", "date": "2025-12-26", "hour": 13}}, {"type": "Feature", "geometry": {"type": "Point", "coordinates": [14.5, 54.5]}, "properties": {"value": 6.421, "time": "2025-12-26T13:00:00", "date": "2025-12-26", "hour": 13}}, {"type": "Feature", "geometry": {"type": "Point", "coordinates": [14.75, 54.5]}, "properties": {"value": 6.673, "time": "2025-12-26T13:00:00", "date": "2025-12-26", "hour": 13}}, {"type": "Feature", "geometry": {"type": "Point", "coordinates": [15.0, 54.5]}, "properties": {"value": 6.935, "time": "2025-12-26T13:00:00", "date": "2025-12-26", "hour": 13}}, {"type": "Feature", "geometry": {"type": "Point", "coordinates": [5.0, 54.75]}, "properties": {"value": 9.679, "time": "2025-12-26T13:00:00", "date": "2025-12-26", "hour": 13}}, {"type": "Feature", "geometry": {"type": "Point", "coordinates": [5.25, 54.75]}, "properties": {"value": 9.632, "time": "2025-12-26T13:00:00", "date": "2025-12-26", "hour": 13}}, {"type": "Feature", "geometry": {"type": "Point", "coordinates": [5.5, 54.75]}, "properties": {"value": 9.566, "time": "2025-12-26T13:00:00", "date": "2025-12-26", "hour": 13}}, {"type": "Feature", "geometry": {"type": "Point", "coordinates": [5.75, 54.75]}, "properties": {"value": 9.53, "time": "2025-12-26T13:00:00", "date": "2025-12-26", "hour": 13}}, {"type": "Feature", "geometry": {"type": "Point", "coordinates": [6.0, 54.75]}, "properties": {"value": 9.341, "time": "2025-12-26T13:00:00", "date": "2025-12-26", "hour": 13}}, {"type": "Feature", "geometry": {"type": "Point", "coordinates": [6.25, 54.75]}, "properties": {"value": 9.239, "time": "2025-12-26T13:00:00", "date": "2025-12-26", "hour": 13}}, {"type": "Feature", "geometry": {"type": "Point", "coordinates": [6.5, 54.75]}, "properties": {"value": 9.036, "time": "2025-12-26T13:00:00", "date": "2025-12-26", "hour": 13}}, {"type": "Feature", "geometry": {"type": "Point", "coordinates": [6.75, 54.75]}, "properties": {"value": 8.434, "time": "2025-12-26T13:00:00", "date": "2025-12-26", "hour": 13}}, {"type": "Feature", "geometry": {"type": "Point", "coordinates": [7.0, 54.75]}, "properties": {"value": 7.887, "time": "2025-12-26T13:00:00", "date": "2025-12-26", "hour": 13}}, {"type": "Feature", "geometry": {"type": "Point", "coordinates": [7.25, 54.75]}, "properties": {"value": 7.143, "time": "2025-12-26T13:00:00", "date": "2025-12-26", "hour": 13}}, {"type": "Feature", "geometry": {"type": "Point", "coordinates": [7.5, 54.75]}, "properties": {"value": 6.475, "time": "2025-12-26T13:00:00", "date": "2025-12-26", "hour": 13}}, {"type": "Feature", "geometry": {"type": "Point", "coordinates": [7.75, 54.75]}, "properties": {"value": 5.799, "time": "2025-12-26T13:00:00", "date": "2025-12-26", "hour": 13}}, {"type": "Feature", "geometry": {"type": "Point", "coordinates": [8.0, 54.75]}, "properties": {"value": 4.965, "time": "2025-12-26T13:00:00", "date": "2025-12-26", "hour": 13}}, {"type": "Feature", "geometry": {"type": "Point", "coordinates": [8.25, 54.75]}, "properties": {"value": 3.672, "time": "2025-12-26T13:00:00", "date": "2025-12-26", "hour": 13}}, {"type": "Feature", "geometry": {"type": "Point", "coordinates": [8.5, 54.75]}, "properties": {"value": 2.753, "time": "2025-12-26T13:00:00", "date": "2025-12-26", "hour": 13}}, {"type": "Feature", "geometry": {"type": "Point", "coordinates": [10.25, 54.75]}, "properties": {"value": 5.647, "time": "2025-12-26T13:00:00", "date": "2025-12-26", "hour": 13}}, {"type": "Feature", "geometry": {"type": "Point", "coordinates": [10.5, 54.75]}, "properties": {"value": 5.221, "time": "2025-12-26T13:00:00", "date": "2025-12-26", "hour": 13}}, {"type": "Feature", "geometry": {"type": "Point", "coordinates": [10.75, 54.75]}, "properties": {"value": 4.946, "time": "2025-12-26T13:00:00", "date": "2025-12-26", "hour": 13}}, {"type": "Feature", "geometry": {"type": "Point", "coordinates": [11.0, 54.75]}, "properties": {"value": 4.75, "time": "2025-12-26T13:00:00", "date": "2025-12-26", "hour": 13}}, {"type": "Feature", "geometry": {"type": "Point", "coordinates": [11.25, 54.75]}, "properties": {"value": 4.654, "time": "2025-12-26T13:00:00", "date": "2025-12-26", "hour": 13}}, {"type": "Feature", "geometry": {"type": "Point", "coordinates": [11.5, 54.75]}, "properties": {"value": 4.617, "time": "2025-12-26T13:00:00", "date": "2025-12-26", "hour": 13}}, {"type": "Feature", "geometry": {"type": "Point", "coordinates": [12.0, 54.75]}, "properties": {"value": 5.438, "time": "2025-12-26T13:00:00", "date": "2025-12-26", "hour": 13}}, {"type": "Feature", "geometry": {"type": "Point", "coordinates": [12.25, 54.75]}, "properties": {"value": 5.93, "time": "2025-12-26T13:00:00", "date": "2025-12-26", "hour": 13}}, {"type": "Feature", "geometry": {"type": "Point", "coordinates": [12.5, 54.75]}, "properties": {"value": 6.082, "time": "2025-12-26T13:00:00", "date": "2025-12-26", "hour": 13}}, {"type": "Feature", "geometry": {"type": "Point", "coordinates": [12.75, 54.75]}, "properties": {"value": 6.039, "time": "2025-12-26T13:00:00", "date": "2025-12-26", "hour": 13}}, {"type": "Feature", "geometry": {"type": "Point", "coordinates": [13.0, 54.75]}, "properties": {"value": 5.812, "time": "2025-12-26T13:00:00", "date": "2025-12-26", "hour": 13}}, {"type": "Feature", "geometry": {"type": "Point", "coordinates": [13.25, 54.75]}, "properties": {"value": 5.866, "time": "2025-12-26T13:00:00", "date": "2025-12-26", "hour": 13}}, {"type": "Feature", "geometry": {"type": "Point", "coordinates": [13.5, 54.75]}, "properties": {"value": 5.763, "time": "2025-12-26T13:00:00", "date": "2025-12-26", "hour": 13}}, {"type": "Feature", "geometry": {"type": "Point", "coordinates": [13.75, 54.75]}, "properties": {"value": 5.826, "time": "2025-12-26T13:00:00", "date": "2025-12-26", "hour": 13}}, {"type": "Feature", "geometry": {"type": "Point", "coordinates": [14.0, 54.75]}, "properties": {"value": 5.986, "time": "2025-12-26T13:00:00", "date": "2025-12-26", "hour": 13}}, {"type": "Feature", "geometry": {"type": "Point", "coordinates": [14.25, 54.75]}, "properties": {"value": 6.179, "time": "2025-12-26T13:00:00", "date": "2025-12-26", "hour": 13}}, {"type": "Feature", "geometry": {"type": "Point", "coordinates": [14.5, 54.75]}, "properties": {"value": 6.817, "time": "2025-12-26T13:00:00", "date": "2025-12-26", "hour": 13}}, {"type": "Feature", "geometry": {"type": "Point", "coordinates": [14.75, 54.75]}, "properties": {"value": 7.063, "time": "2025-12-26T13:00:00", "date": "2025-12-26", "hour": 13}}, {"type": "Feature", "geometry": {"type": "Point", "coordinates": [15.0, 54.75]}, "properties": {"value": 7.245, "time": "2025-12-26T13:00:00", "date": "2025-12-26", "hour": 13}}, {"type": "Feature", "geometry": {"type": "Point", "coordinates": [5.0, 55.0]}, "properties": {"value": 9.525, "time": "2025-12-26T13:00:00", "date": "2025-12-26", "hour": 13}}, {"type": "Feature", "geometry": {"type": "Point", "coordinates": [5.25, 55.0]}, "properties": {"value": 9.539, "time": "2025-12-26T13:00:00", "date": "2025-12-26", "hour": 13}}, {"type": "Feature", "geometry": {"type": "Point", "coordinates": [5.5, 55.0]}, "properties": {"value": 9.568, "time": "2025-12-26T13:00:00", "date": "2025-12-26", "hour": 13}}, {"type": "Feature", "geometry": {"type": "Point", "coordinates": [5.75, 55.0]}, "properties": {"value": 9.532, "time": "2025-12-26T13:00:00", "date": "2025-12-26", "hour": 13}}, {"type": "Feature", "geometry": {"type": "Point", "coordinates": [6.0, 55.0]}, "properties": {"value": 9.436, "time": "2025-12-26T13:00:00", "date": "2025-12-26", "hour": 13}}, {"type": "Feature", "geometry": {"type": "Point", "coordinates": [6.25, 55.0]}, "properties": {"value": 9.126, "time": "2025-12-26T13:00:00", "date": "2025-12-26", "hour": 13}}, {"type": "Feature", "geometry": {"type": "Point", "coordinates": [6.5, 55.0]}, "properties": {"value": 8.623, "time": "2025-12-26T13:00:00", "date": "2025-12-26", "hour": 13}}, {"type": "Feature", "geometry": {"type": "Point", "coordinates": [6.75, 55.0]}, "properties": {"value": 8.006, "time": "2025-12-26T13:00:00", "date": "2025-12-26", "hour": 13}}, {"type": "Feature", "geometry": {"type": "Point", "coordinates": [7.0, 55.0]}, "properties": {"value": 7.35, "time": "2025-12-26T13:00:00", "date": "2025-12-26", "hour": 13}}, {"type": "Feature", "geometry": {"type": "Point", "coordinates": [7.25, 55.0]}, "properties": {"value": 6.876, "time": "2025-12-26T13:00:00", "date": "2025-12-26", "hour": 13}}, {"type": "Feature", "geometry": {"type": "Point", "coordinates": [7.5, 55.0]}, "properties": {"value": 6.284, "time": "2025-12-26T13:00:00", "date": "2025-12-26", "hour": 13}}, {"type": "Feature", "geometry": {"type": "Point", "coordinates": [7.75, 55.0]}, "properties": {"value": 5.676, "time": "2025-12-26T13:00:00", "date": "2025-12-26", "hour": 13}}, {"type": "Feature", "geometry": {"type": "Point", "coordinates": [8.0, 55.0]}, "properties": {"value": 5.122, "time": "2025-12-26T13:00:00", "date": "2025-12-26", "hour": 13}}, {"type": "Feature", "geometry": {"type": "Point", "coordinates": [8.25, 55.0]}, "properties": {"value": 4.069, "time": "2025-12-26T13:00:00", "date": "2025-12-26", "hour": 13}}, {"type": "Feature", "geometry": {"type": "Point", "coordinates": [8.5, 55.0]}, "properties": {"value": 3.238, "time": "2025-12-26T13:00:00", "date": "2025-12-26", "hour": 13}}, {"type": "Feature", "geometry": {"type": "Point", "coordinates": [10.25, 55.0]}, "properties": {"value": 5.754, "time": "2025-12-26T13:00:00", "date": "2025-12-26", "hour": 13}}, {"type": "Feature", "geometry": {"type": "Point", "coordinates": [10.5, 55.0]}, "properties": {"value": 5.124, "time": "2025-12-26T13:00:00", "date": "2025-12-26", "hour": 13}}, {"type": "Feature", "geometry": {"type": "Point", "coordinates": [10.75, 55.0]}, "properties": {"value": 4.505, "time": "2025-12-26T13:00:00", "date": "2025-12-26", "hour": 13}}, {"type": "Feature", "geometry": {"type": "Point", "coordinates": [11.0, 55.0]}, "properties": {"value": 4.595, "time": "2025-12-26T13:00:00", "date": "2025-12-26", "hour": 13}}, {"type": "Feature", "geometry": {"type": "Point", "coordinates": [11.25, 55.0]}, "properties": {"value": 4.561, "time": "2025-12-26T13:00:00", "date": "2025-12-26", "hour": 13}}, {"type": "Feature", "geometry": {"type": "Point", "coordinates": [11.5, 55.0]}, "properties": {"value": 4.547, "time": "2025-12-26T13:00:00", "date": "2025-12-26", "hour": 13}}, {"type": "Feature", "geometry": {"type": "Point", "coordinates": [11.75, 55.0]}, "properties": {"value": 4.416, "time": "2025-12-26T13:00:00", "date": "2025-12-26", "hour": 13}}, {"type": "Feature", "geometry": {"type": "Point", "coordinates": [12.0, 55.0]}, "properties": {"value": 5.006, "time": "2025-12-26T13:00:00", "date": "2025-12-26", "hour": 13}}, {"type": "Feature", "geometry": {"type": "Point", "coordinates": [12.25, 55.0]}, "properties": {"value": 5.693, "time": "2025-12-26T13:00:00", "date": "2025-12-26", "hour": 13}}, {"type": "Feature", "geometry": {"type": "Point", "coordinates": [12.5, 55.0]}, "properties": {"value": 6.038, "time": "2025-12-26T13:00:00", "date": "2025-12-26", "hour": 13}}, {"type": "Feature", "geometry": {"type": "Point", "coordinates": [12.75, 55.0]}, "properties": {"value": 6.175, "time": "2025-12-26T13:00:00", "date": "2025-12-26", "hour": 13}}, {"type": "Feature", "geometry": {"type": "Point", "coordinates": [13.0, 55.0]}, "properties": {"value": 6.266, "time": "2025-12-26T13:00:00", "date": "2025-12-26", "hour": 13}}, {"type": "Feature", "geometry": {"type": "Point", "coordinates": [13.25, 55.0]}, "properties": {"value": 6.319, "time": "2025-12-26T13:00:00", "date": "2025-12-26", "hour": 13}}, {"type": "Feature", "geometry": {"type": "Point", "coordinates": [13.5, 55.0]}, "properties": {"value": 6.339, "time": "2025-12-26T13:00:00", "date": "2025-12-26", "hour": 13}}, {"type": "Feature", "geometry": {"type": "Point", "coordinates": [13.75, 55.0]}, "properties": {"value": 6.4, "time": "2025-12-26T13:00:00", "date": "2025-12-26", "hour": 13}}, {"type": "Feature", "geometry": {"type": "Point", "coordinates": [14.0, 55.0]}, "properties": {"value": 6.533, "time": "2025-12-26T13:00:00", "date": "2025-12-26", "hour": 13}}, {"type": "Feature", "geometry": {"type": "Point", "coordinates": [14.25, 55.0]}, "properties": {"value": 6.643, "time": "2025-12-26T13:00:00", "date": "2025-12-26", "hour": 13}}, {"type": "Feature", "geometry": {"type": "Point", "coordinates": [14.5, 55.0]}, "properties": {"value": 6.684, "time": "2025-12-26T13:00:00", "date": "2025-12-26", "hour": 13}}, {"type": "Feature", "geometry": {"type": "Point", "coordinates": [14.75, 55.0]}, "properties": {"value": 6.88, "time": "2025-12-26T13:00:00", "date": "2025-12-26", "hour": 13}}, {"type": "Feature", "geometry": {"type": "Point", "coordinates": [15.0, 55.0]}, "properties": {"value": 7.058, "time": "2025-12-26T13:00:00", "date": "2025-12-26", "hour": 13}}, {"type": "Feature", "geometry": {"type": "Point", "coordinates": [5.25, 52.75]}, "properties": {"value": 3.24, "time": "2025-12-26T14:00:00", "date": "2025-12-26", "hour": 14}}, {"type": "Feature", "geometry": {"type": "Point", "coordinates": [5.5, 52.75]}, "properties": {"value": 3.249, "time": "2025-12-26T14:00:00", "date": "2025-12-26", "hour": 14}}, {"type": "Feature", "geometry": {"type": "Point", "coordinates": [5.0, 53.0]}, "properties": {"value": 4.743, "time": "2025-12-26T14:00:00", "date": "2025-12-26", "hour": 14}}, {"type": "Feature", "geometry": {"type": "Point", "coordinates": [5.25, 53.0]}, "properties": {"value": 3.781, "time": "2025-12-26T14:00:00", "date": "2025-12-26", "hour": 14}}, {"type": "Feature", "geometry": {"type": "Point", "coordinates": [5.5, 53.0]}, "properties": {"value": 3.103, "time": "2025-12-26T14:00:00", "date": "2025-12-26", "hour": 14}}, {"type": "Feature", "geometry": {"type": "Point", "coordinates": [5.0, 53.25]}, "properties": {"value": 5.694, "time": "2025-12-26T14:00:00", "date": "2025-12-26", "hour": 14}}, {"type": "Feature", "geometry": {"type": "Point", "coordinates": [5.25, 53.25]}, "properties": {"value": 4.494, "time": "2025-12-26T14:00:00", "date": "2025-12-26", "hour": 14}}, {"type": "Feature", "geometry": {"type": "Point", "coordinates": [5.5, 53.25]}, "properties": {"value": 3.771, "time": "2025-12-26T14:00:00", "date": "2025-12-26", "hour": 14}}, {"type": "Feature", "geometry": {"type": "Point", "coordinates": [5.0, 53.5]}, "properties": {"value": 7.802, "time": "2025-12-26T14:00:00", "date": "2025-12-26", "hour": 14}}, {"type": "Feature", "geometry": {"type": "Point", "coordinates": [5.25, 53.5]}, "properties": {"value": 7.132, "time": "2025-12-26T14:00:00", "date": "2025-12-26", "hour": 14}}, {"type": "Feature", "geometry": {"type": "Point", "coordinates": [5.5, 53.5]}, "properties": {"value": 6.946, "time": "2025-12-26T14:00:00", "date": "2025-12-26", "hour": 14}}, {"type": "Feature", "geometry": {"type": "Point", "coordinates": [5.75, 53.5]}, "properties": {"value": 6.46, "time": "2025-12-26T14:00:00", "date": "2025-12-26", "hour": 14}}, {"type": "Feature", "geometry": {"type": "Point", "coordinates": [6.0, 53.5]}, "properties": {"value": 5.762, "time": "2025-12-26T14:00:00", "date": "2025-12-26", "hour": 14}}, {"type": "Feature", "geometry": {"type": "Point", "coordinates": [6.25, 53.5]}, "properties": {"value": 4.952, "time": "2025-12-26T14:00:00", "date": "2025-12-26", "hour": 14}}, {"type": "Feature", "geometry": {"type": "Point", "coordinates": [6.5, 53.5]}, "properties": {"value": 4.86, "time": "2025-12-26T14:00:00", "date": "2025-12-26", "hour": 14}}, {"type": "Feature", "geometry": {"type": "Point", "coordinates": [6.75, 53.5]}, "properties": {"value": 4.695, "time": "2025-12-26T14:00:00", "date": "2025-12-26", "hour": 14}}, {"type": "Feature", "geometry": {"type": "Point", "coordinates": [5.0, 53.75]}, "properties": {"value": 8.826, "time": "2025-12-26T14:00:00", "date": "2025-12-26", "hour": 14}}, {"type": "Feature", "geometry": {"type": "Point", "coordinates": [5.25, 53.75]}, "properties": {"value": 8.378, "time": "2025-12-26T14:00:00", "date": "2025-12-26", "hour": 14}}, {"type": "Feature", "geometry": {"type": "Point", "coordinates": [5.5, 53.75]}, "properties": {"value": 8.065, "time": "2025-12-26T14:00:00", "date": "2025-12-26", "hour": 14}}, {"type": "Feature", "geometry": {"type": "Point", "coordinates": [5.75, 53.75]}, "properties": {"value": 7.845, "time": "2025-12-26T14:00:00", "date": "2025-12-26", "hour": 14}}, {"type": "Feature", "geometry": {"type": "Point", "coordinates": [6.0, 53.75]}, "properties": {"value": 7.324, "time": "2025-12-26T14:00:00", "date": "2025-12-26", "hour": 14}}, {"type": "Feature", "geometry": {"type": "Point", "coordinates": [6.25, 53.75]}, "properties": {"value": 7.106, "time": "2025-12-26T14:00:00", "date": "2025-12-26", "hour": 14}}, {"type": "Feature", "geometry": {"type": "Point", "coordinates": [6.5, 53.75]}, "properties": {"value": 6.685, "time": "2025-12-26T14:00:00", "date": "2025-12-26", "hour": 14}}, {"type": "Feature", "geometry": {"type": "Point", "coordinates": [6.75, 53.75]}, "properties": {"value": 6.359, "time": "2025-12-26T14:00:00", "date": "2025-12-26", "hour": 14}}, {"type": "Feature", "geometry": {"type": "Point", "coordinates": [7.0, 53.75]}, "properties": {"value": 6.608, "time": "2025-12-26T14:00:00", "date": "2025-12-26", "hour": 14}}, {"type": "Feature", "geometry": {"type": "Point", "coordinates": [7.25, 53.75]}, "properties": {"value": 6.331, "time": "2025-12-26T14:00:00", "date": "2025-12-26", "hour": 14}}, {"type": "Feature", "geometry": {"type": "Point", "coordinates": [7.5, 53.75]}, "properties": {"value": 6.894, "time": "2025-12-26T14:00:00", "date": "2025-12-26", "hour": 14}}, {"type": "Feature", "geometry": {"type": "Point", "coordinates": [7.75, 53.75]}, "properties": {"value": 6.986, "time": "2025-12-26T14:00:00", "date": "2025-12-26", "hour": 14}}, {"type": "Feature", "geometry": {"type": "Point", "coordinates": [8.0, 53.75]}, "properties": {"value": 5.891, "time": "2025-12-26T14:00:00", "date": "2025-12-26", "hour": 14}}, {"type": "Feature", "geometry": {"type": "Point", "coordinates": [8.25, 53.75]}, "properties": {"value": 4.848, "time": "2025-12-26T14:00:00", "date": "2025-12-26", "hour": 14}}, {"type": "Feature", "geometry": {"type": "Point", "coordinates": [8.5, 53.75]}, "properties": {"value": 4.096, "time": "2025-12-26T14:00:00", "date": "2025-12-26", "hour": 14}}, {"type": "Feature", "geometry": {"type": "Point", "coordinates": [8.75, 53.75]}, "properties": {"value": 4.096, "time": "2025-12-26T14:00:00", "date": "2025-12-26", "hour": 14}}, {"type": "Feature", "geometry": {"type": "Point", "coordinates": [14.25, 53.75]}, "properties": {"value": 0.934, "time": "2025-12-26T14:00:00", "date": "2025-12-26", "hour": 14}}, {"type": "Feature", "geometry": {"type": "Point", "coordinates": [14.5, 53.75]}, "properties": {"value": 0.934, "time": "2025-12-26T14:00:00", "date": "2025-12-26", "hour": 14}}, {"type": "Feature", "geometry": {"type": "Point", "coordinates": [5.0, 54.0]}, "properties": {"value": 9.39, "time": "2025-12-26T14:00:00", "date": "2025-12-26", "hour": 14}}, {"type": "Feature", "geometry": {"type": "Point", "coordinates": [5.25, 54.0]}, "properties": {"value": 9.064, "time": "2025-12-26T14:00:00", "date": "2025-12-26", "hour": 14}}, {"type": "Feature", "geometry": {"type": "Point", "coordinates": [5.5, 54.0]}, "properties": {"value": 8.751, "time": "2025-12-26T14:00:00", "date": "2025-12-26", "hour": 14}}, {"type": "Feature", "geometry": {"type": "Point", "coordinates": [5.75, 54.0]}, "properties": {"value": 8.59, "time": "2025-12-26T14:00:00", "date": "2025-12-26", "hour": 14}}, {"type": "Feature", "geometry": {"type": "Point", "coordinates": [6.0, 54.0]}, "properties": {"value": 8.493, "time": "2025-12-26T14:00:00", "date": "2025-12-26", "hour": 14}}, {"type": "Feature", "geometry": {"type": "Point", "coordinates": [6.25, 54.0]}, "properties": {"value": 8.364, "time": "2025-12-26T14:00:00", "date": "2025-12-26", "hour": 14}}, {"type": "Feature", "geometry": {"type": "Point", "coordinates": [6.5, 54.0]}, "properties": {"value": 7.986, "time": "2025-12-26T14:00:00", "date": "2025-12-26", "hour": 14}}, {"type": "Feature", "geometry": {"type": "Point", "coordinates": [6.75, 54.0]}, "properties": {"value": 7.763, "time": "2025-12-26T14:00:00", "date": "2025-12-26", "hour": 14}}, {"type": "Feature", "geometry": {"type": "Point", "coordinates": [7.0, 54.0]}, "properties": {"value": 7.506, "time": "2025-12-26T14:00:00", "date": "2025-12-26", "hour": 14}}, {"type": "Feature", "geometry": {"type": "Point", "coordinates": [7.25, 54.0]}, "properties": {"value": 7.318, "time": "2025-12-26T14:00:00", "date": "2025-12-26", "hour": 14}}, {"type": "Feature", "geometry": {"type": "Point", "coordinates": [7.5, 54.0]}, "properties": {"value": 7.519, "time": "2025-12-26T14:00:00", "date": "2025-12-26", "hour": 14}}, {"type": "Feature", "geometry": {"type": "Point", "coordinates": [7.75, 54.0]}, "properties": {"value": 7.432, "time": "2025-12-26T14:00:00", "date": "2025-12-26", "hour": 14}}, {"type": "Feature", "geometry": {"type": "Point", "coordinates": [8.0, 54.0]}, "properties": {"value": 7.03, "time": "2025-12-26T14:00:00", "date": "2025-12-26", "hour": 14}}, {"type": "Feature", "geometry": {"type": "Point", "coordinates": [8.25, 54.0]}, "properties": {"value": 6.242, "time": "2025-12-26T14:00:00", "date": "2025-12-26", "hour": 14}}, {"type": "Feature", "geometry": {"type": "Point", "coordinates": [8.5, 54.0]}, "properties": {"value": 4.937, "time": "2025-12-26T14:00:00", "date": "2025-12-26", "hour": 14}}, {"type": "Feature", "geometry": {"type": "Point", "coordinates": [11.25, 54.0]}, "properties": {"value": 5.122, "time": "2025-12-26T14:00:00", "date": "2025-12-26", "hour": 14}}, {"type": "Feature", "geometry": {"type": "Point", "coordinates": [14.0, 54.0]}, "properties": {"value": 3.376, "time": "2025-12-26T14:00:00", "date": "2025-12-26", "hour": 14}}, {"type": "Feature", "geometry": {"type": "Point", "coordinates": [14.25, 54.0]}, "properties": {"value": 4.446, "time": "2025-12-26T14:00:00", "date": "2025-12-26", "hour": 14}}, {"type": "Feature", "geometry": {"type": "Point", "coordinates": [14.5, 54.0]}, "properties": {"value": 3.948, "time": "2025-12-26T14:00:00", "date": "2025-12-26", "hour": 14}}, {"type": "Feature", "geometry": {"type": "Point", "coordinates": [14.75, 54.0]}, "properties": {"value": 4.721, "time": "2025-12-26T14:00:00", "date": "2025-12-26", "hour": 14}}, {"type": "Feature", "geometry": {"type": "Point", "coordinates": [5.0, 54.25]}, "properties": {"value": 9.611, "time": "2025-12-26T14:00:00", "date": "2025-12-26", "hour": 14}}, {"type": "Feature", "geometry": {"type": "Point", "coordinates": [5.25, 54.25]}, "properties": {"value": 9.363, "time": "2025-12-26T14:00:00", "date": "2025-12-26", "hour": 14}}, {"type": "Feature", "geometry": {"type": "Point", "coordinates": [5.5, 54.25]}, "properties": {"value": 9.181, "time": "2025-12-26T14:00:00", "date": "2025-12-26", "hour": 14}}, {"type": "Feature", "geometry": {"type": "Point", "coordinates": [5.75, 54.25]}, "properties": {"value": 9.034, "time": "2025-12-26T14:00:00", "date": "2025-12-26", "hour": 14}}, {"type": "Feature", "geometry": {"type": "Point", "coordinates": [6.0, 54.25]}, "properties": {"value": 8.907, "time": "2025-12-26T14:00:00", "date": "2025-12-26", "hour": 14}}, {"type": "Feature", "geometry": {"type": "Point", "coordinates": [6.25, 54.25]}, "properties": {"value": 8.875, "time": "2025-12-26T14:00:00", "date": "2025-12-26", "hour": 14}}, {"type": "Feature", "geometry": {"type": "Point", "coordinates": [6.5, 54.25]}, "properties": {"value": 8.87, "time": "2025-12-26T14:00:00", "date": "2025-12-26", "hour": 14}}, {"type": "Feature", "geometry": {"type": "Point", "coordinates": [6.75, 54.25]}, "properties": {"value": 8.635, "time": "2025-12-26T14:00:00", "date": "2025-12-26", "hour": 14}}, {"type": "Feature", "geometry": {"type": "Point", "coordinates": [7.0, 54.25]}, "properties": {"value": 8.38, "time": "2025-12-26T14:00:00", "date": "2025-12-26", "hour": 14}}, {"type": "Feature", "geometry": {"type": "Point", "coordinates": [7.25, 54.25]}, "properties": {"value": 7.845, "time": "2025-12-26T14:00:00", "date": "2025-12-26", "hour": 14}}, {"type": "Feature", "geometry": {"type": "Point", "coordinates": [7.5, 54.25]}, "properties": {"value": 7.526, "time": "2025-12-26T14:00:00", "date": "2025-12-26", "hour": 14}}, {"type": "Feature", "geometry": {"type": "Point", "coordinates": [7.75, 54.25]}, "properties": {"value": 7.333, "time": "2025-12-26T14:00:00", "date": "2025-12-26", "hour": 14}}, {"type": "Feature", "geometry": {"type": "Point", "coordinates": [8.0, 54.25]}, "properties": {"value": 7.068, "time": "2025-12-26T14:00:00", "date": "2025-12-26", "hour": 14}}, {"type": "Feature", "geometry": {"type": "Point", "coordinates": [8.25, 54.25]}, "properties": {"value": 5.934, "time": "2025-12-26T14:00:00", "date": "2025-12-26", "hour": 14}}, {"type": "Feature", "geometry": {"type": "Point", "coordinates": [8.5, 54.25]}, "properties": {"value": 4.685, "time": "2025-12-26T14:00:00", "date": "2025-12-26", "hour": 14}}, {"type": "Feature", "geometry": {"type": "Point", "coordinates": [10.75, 54.25]}, "properties": {"value": 5.437, "time": "2025-12-26T14:00:00", "date": "2025-12-26", "hour": 14}}, {"type": "Feature", "geometry": {"type": "Point", "coordinates": [11.25, 54.25]}, "properties": {"value": 5.213, "time": "2025-12-26T14:00:00", "date": "2025-12-26", "hour": 14}}, {"type": "Feature", "geometry": {"type": "Point", "coordinates": [11.75, 54.25]}, "properties": {"value": 5.469, "time": "2025-12-26T14:00:00", "date": "2025-12-26", "hour": 14}}, {"type": "Feature", "geometry": {"type": "Point", "coordinates": [12.25, 54.25]}, "properties": {"value": 5.571, "time": "2025-12-26T14:00:00", "date": "2025-12-26", "hour": 14}}, {"type": "Feature", "geometry": {"type": "Point", "coordinates": [13.75, 54.25]}, "properties": {"value": 3.253, "time": "2025-12-26T14:00:00", "date": "2025-12-26", "hour": 14}}, {"type": "Feature", "geometry": {"type": "Point", "coordinates": [14.0, 54.25]}, "properties": {"value": 4.088, "time": "2025-12-26T14:00:00", "date": "2025-12-26", "hour": 14}}, {"type": "Feature", "geometry": {"type": "Point", "coordinates": [14.25, 54.25]}, "properties": {"value": 4.856, "time": "2025-12-26T14:00:00", "date": "2025-12-26", "hour": 14}}, {"type": "Feature", "geometry": {"type": "Point", "coordinates": [14.5, 54.25]}, "properties": {"value": 5.434, "time": "2025-12-26T14:00:00", "date": "2025-12-26", "hour": 14}}, {"type": "Feature", "geometry": {"type": "Point", "coordinates": [14.75, 54.25]}, "properties": {"value": 5.612, "time": "2025-12-26T14:00:00", "date": "2025-12-26", "hour": 14}}, {"type": "Feature", "geometry": {"type": "Point", "coordinates": [15.0, 54.25]}, "properties": {"value": 5.983, "time": "2025-12-26T14:00:00", "date": "2025-12-26", "hour": 14}}, {"type": "Feature", "geometry": {"type": "Point", "coordinates": [5.0, 54.5]}, "properties": {"value": 9.654, "time": "2025-12-26T14:00:00", "date": "2025-12-26", "hour": 14}}, {"type": "Feature", "geometry": {"type": "Point", "coordinates": [5.25, 54.5]}, "properties": {"value": 9.607, "time": "2025-12-26T14:00:00", "date": "2025-12-26", "hour": 14}}, {"type": "Feature", "geometry": {"type": "Point", "coordinates": [5.5, 54.5]}, "properties": {"value": 9.477, "time": "2025-12-26T14:00:00", "date": "2025-12-26", "hour": 14}}, {"type": "Feature", "geometry": {"type": "Point", "coordinates": [5.75, 54.5]}, "properties": {"value": 9.325, "time": "2025-12-26T14:00:00", "date": "2025-12-26", "hour": 14}}, {"type": "Feature", "geometry": {"type": "Point", "coordinates": [6.0, 54.5]}, "properties": {"value": 9.165, "time": "2025-12-26T14:00:00", "date": "2025-12-26", "hour": 14}}, {"type": "Feature", "geometry": {"type": "Point", "coordinates": [6.25, 54.5]}, "properties": {"value": 9.063, "time": "2025-12-26T14:00:00", "date": "2025-12-26", "hour": 14}}, {"type": "Feature", "geometry": {"type": "Point", "coordinates": [6.5, 54.5]}, "properties": {"value": 9.106, "time": "2025-12-26T14:00:00", "date": "2025-12-26", "hour": 14}}, {"type": "Feature", "geometry": {"type": "Point", "coordinates": [6.75, 54.5]}, "properties": {"value": 8.931, "time": "2025-12-26T14:00:00", "date": "2025-12-26", "hour": 14}}, {"type": "Feature", "geometry": {"type": "Point", "coordinates": [7.0, 54.5]}, "properties": {"value": 8.478, "time": "2025-12-26T14:00:00", "date": "2025-12-26", "hour": 14}}, {"type": "Feature", "geometry": {"type": "Point", "coordinates": [7.25, 54.5]}, "properties": {"value": 7.731, "time": "2025-12-26T14:00:00", "date": "2025-12-26", "hour": 14}}, {"type": "Feature", "geometry": {"type": "Point", "coordinates": [7.5, 54.5]}, "properties": {"value": 6.981, "time": "2025-12-26T14:00:00", "date": "2025-12-26", "hour": 14}}, {"type": "Feature", "geometry": {"type": "Point", "coordinates": [7.75, 54.5]}, "properties": {"value": 6.704, "time": "2025-12-26T14:00:00", "date": "2025-12-26", "hour": 14}}, {"type": "Feature", "geometry": {"type": "Point", "coordinates": [8.0, 54.5]}, "properties": {"value": 5.901, "time": "2025-12-26T14:00:00", "date": "2025-12-26", "hour": 14}}, {"type": "Feature", "geometry": {"type": "Point", "coordinates": [8.25, 54.5]}, "properties": {"value": 4.62, "time": "2025-12-26T14:00:00", "date": "2025-12-26", "hour": 14}}, {"type": "Feature", "geometry": {"type": "Point", "coordinates": [8.5, 54.5]}, "properties": {"value": 3.574, "time": "2025-12-26T14:00:00", "date": "2025-12-26", "hour": 14}}, {"type": "Feature", "geometry": {"type": "Point", "coordinates": [10.5, 54.5]}, "properties": {"value": 5.53, "time": "2025-12-26T14:00:00", "date": "2025-12-26", "hour": 14}}, {"type": "Feature", "geometry": {"type": "Point", "coordinates": [10.75, 54.5]}, "properties": {"value": 5.328, "time": "2025-12-26T14:00:00", "date": "2025-12-26", "hour": 14}}, {"type": "Feature", "geometry": {"type": "Point", "coordinates": [11.0, 54.5]}, "properties": {"value": 5.139, "time": "2025-12-26T14:00:00", "date": "2025-12-26", "hour": 14}}, {"type": "Feature", "geometry": {"type": "Point", "coordinates": [11.25, 54.5]}, "properties": {"value": 5.06, "time": "2025-12-26T14:00:00", "date": "2025-12-26", "hour": 14}}, {"type": "Feature", "geometry": {"type": "Point", "coordinates": [11.5, 54.5]}, "properties": {"value": 5.155, "time": "2025-12-26T14:00:00", "date": "2025-12-26", "hour": 14}}, {"type": "Feature", "geometry": {"type": "Point", "coordinates": [11.75, 54.5]}, "properties": {"value": 5.523, "time": "2025-12-26T14:00:00", "date": "2025-12-26", "hour": 14}}, {"type": "Feature", "geometry": {"type": "Point", "coordinates": [12.0, 54.5]}, "properties": {"value": 5.705, "time": "2025-12-26T14:00:00", "date": "2025-12-26", "hour": 14}}, {"type": "Feature", "geometry": {"type": "Point", "coordinates": [12.25, 54.5]}, "properties": {"value": 5.774, "time": "2025-12-26T14:00:00", "date": "2025-12-26", "hour": 14}}, {"type": "Feature", "geometry": {"type": "Point", "coordinates": [13.0, 54.5]}, "properties": {"value": 5.655, "time": "2025-12-26T14:00:00", "date": "2025-12-26", "hour": 14}}, {"type": "Feature", "geometry": {"type": "Point", "coordinates": [13.25, 54.5]}, "properties": {"value": 4.774, "time": "2025-12-26T14:00:00", "date": "2025-12-26", "hour": 14}}, {"type": "Feature", "geometry": {"type": "Point", "coordinates": [13.5, 54.5]}, "properties": {"value": 4.289, "time": "2025-12-26T14:00:00", "date": "2025-12-26", "hour": 14}}, {"type": "Feature", "geometry": {"type": "Point", "coordinates": [13.75, 54.5]}, "properties": {"value": 4.353, "time": "2025-12-26T14:00:00", "date": "2025-12-26", "hour": 14}}, {"type": "Feature", "geometry": {"type": "Point", "coordinates": [14.0, 54.5]}, "properties": {"value": 5.093, "time": "2025-12-26T14:00:00", "date": "2025-12-26", "hour": 14}}, {"type": "Feature", "geometry": {"type": "Point", "coordinates": [14.25, 54.5]}, "properties": {"value": 5.782, "time": "2025-12-26T14:00:00", "date": "2025-12-26", "hour": 14}}, {"type": "Feature", "geometry": {"type": "Point", "coordinates": [14.5, 54.5]}, "properties": {"value": 6.421, "time": "2025-12-26T14:00:00", "date": "2025-12-26", "hour": 14}}, {"type": "Feature", "geometry": {"type": "Point", "coordinates": [14.75, 54.5]}, "properties": {"value": 6.673, "time": "2025-12-26T14:00:00", "date": "2025-12-26", "hour": 14}}, {"type": "Feature", "geometry": {"type": "Point", "coordinates": [15.0, 54.5]}, "properties": {"value": 6.935, "time": "2025-12-26T14:00:00", "date": "2025-12-26", "hour": 14}}, {"type": "Feature", "geometry": {"type": "Point", "coordinates": [5.0, 54.75]}, "properties": {"value": 9.679, "time": "2025-12-26T14:00:00", "date": "2025-12-26", "hour": 14}}, {"type": "Feature", "geometry": {"type": "Point", "coordinates": [5.25, 54.75]}, "properties": {"value": 9.632, "time": "2025-12-26T14:00:00", "date": "2025-12-26", "hour": 14}}, {"type": "Feature", "geometry": {"type": "Point", "coordinates": [5.5, 54.75]}, "properties": {"value": 9.566, "time": "2025-12-26T14:00:00", "date": "2025-12-26", "hour": 14}}, {"type": "Feature", "geometry": {"type": "Point", "coordinates": [5.75, 54.75]}, "properties": {"value": 9.53, "time": "2025-12-26T14:00:00", "date": "2025-12-26", "hour": 14}}, {"type": "Feature", "geometry": {"type": "Point", "coordinates": [6.0, 54.75]}, "properties": {"value": 9.341, "time": "2025-12-26T14:00:00", "date": "2025-12-26", "hour": 14}}, {"type": "Feature", "geometry": {"type": "Point", "coordinates": [6.25, 54.75]}, "properties": {"value": 9.239, "time": "2025-12-26T14:00:00", "date": "2025-12-26", "hour": 14}}, {"type": "Feature", "geometry": {"type": "Point", "coordinates": [6.5, 54.75]}, "properties": {"value": 9.036, "time": "2025-12-26T14:00:00", "date": "2025-12-26", "hour": 14}}, {"type": "Feature", "geometry": {"type": "Point", "coordinates": [6.75, 54.75]}, "properties": {"value": 8.434, "time": "2025-12-26T14:00:00", "date": "2025-12-26", "hour": 14}}, {"type": "Feature", "geometry": {"type": "Point", "coordinates": [7.0, 54.75]}, "properties": {"value": 7.887, "time": "2025-12-26T14:00:00", "date": "2025-12-26", "hour": 14}}, {"type": "Feature", "geometry": {"type": "Point", "coordinates": [7.25, 54.75]}, "properties": {"value": 7.143, "time": "2025-12-26T14:00:00", "date": "2025-12-26", "hour": 14}}, {"type": "Feature", "geometry": {"type": "Point", "coordinates": [7.5, 54.75]}, "properties": {"value": 6.475, "time": "2025-12-26T14:00:00", "date": "2025-12-26", "hour": 14}}, {"type": "Feature", "geometry": {"type": "Point", "coordinates": [7.75, 54.75]}, "properties": {"value": 5.799, "time": "2025-12-26T14:00:00", "date": "2025-12-26", "hour": 14}}, {"type": "Feature", "geometry": {"type": "Point", "coordinates": [8.0, 54.75]}, "properties": {"value": 4.965, "time": "2025-12-26T14:00:00", "date": "2025-12-26", "hour": 14}}, {"type": "Feature", "geometry": {"type": "Point", "coordinates": [8.25, 54.75]}, "properties": {"value": 3.672, "time": "2025-12-26T14:00:00", "date": "2025-12-26", "hour": 14}}, {"type": "Feature", "geometry": {"type": "Point", "coordinates": [8.5, 54.75]}, "properties": {"value": 2.753, "time": "2025-12-26T14:00:00", "date": "2025-12-26", "hour": 14}}, {"type": "Feature", "geometry": {"type": "Point", "coordinates": [10.25, 54.75]}, "properties": {"value": 5.647, "time": "2025-12-26T14:00:00", "date": "2025-12-26", "hour": 14}}, {"type": "Feature", "geometry": {"type": "Point", "coordinates": [10.5, 54.75]}, "properties": {"value": 5.221, "time": "2025-12-26T14:00:00", "date": "2025-12-26", "hour": 14}}, {"type": "Feature", "geometry": {"type": "Point", "coordinates": [10.75, 54.75]}, "properties": {"value": 4.946, "time": "2025-12-26T14:00:00", "date": "2025-12-26", "hour": 14}}, {"type": "Feature", "geometry": {"type": "Point", "coordinates": [11.0, 54.75]}, "properties": {"value": 4.75, "time": "2025-12-26T14:00:00", "date": "2025-12-26", "hour": 14}}, {"type": "Feature", "geometry": {"type": "Point", "coordinates": [11.25, 54.75]}, "properties": {"value": 4.654, "time": "2025-12-26T14:00:00", "date": "2025-12-26", "hour": 14}}, {"type": "Feature", "geometry": {"type": "Point", "coordinates": [11.5, 54.75]}, "properties": {"value": 4.617, "time": "2025-12-26T14:00:00", "date": "2025-12-26", "hour": 14}}, {"type": "Feature", "geometry": {"type": "Point", "coordinates": [12.0, 54.75]}, "properties": {"value": 5.438, "time": "2025-12-26T14:00:00", "date": "2025-12-26", "hour": 14}}, {"type": "Feature", "geometry": {"type": "Point", "coordinates": [12.25, 54.75]}, "properties": {"value": 5.93, "time": "2025-12-26T14:00:00", "date": "2025-12-26", "hour": 14}}, {"type": "Feature", "geometry": {"type": "Point", "coordinates": [12.5, 54.75]}, "properties": {"value": 6.082, "time": "2025-12-26T14:00:00", "date": "2025-12-26", "hour": 14}}, {"type": "Feature", "geometry": {"type": "Point", "coordinates": [12.75, 54.75]}, "properties": {"value": 6.039, "time": "2025-12-26T14:00:00", "date": "2025-12-26", "hour": 14}}, {"type": "Feature", "geometry": {"type": "Point", "coordinates": [13.0, 54.75]}, "properties": {"value": 5.812, "time": "2025-12-26T14:00:00", "date": "2025-12-26", "hour": 14}}, {"type": "Feature", "geometry": {"type": "Point", "coordinates": [13.25, 54.75]}, "properties": {"value": 5.866, "time": "2025-12-26T14:00:00", "date": "2025-12-26", "hour": 14}}, {"type": "Feature", "geometry": {"type": "Point", "coordinates": [13.5, 54.75]}, "properties": {"value": 5.763, "time": "2025-12-26T14:00:00", "date": "2025-12-26", "hour": 14}}, {"type": "Feature", "geometry": {"type": "Point", "coordinates": [13.75, 54.75]}, "properties": {"value": 5.826, "time": "2025-12-26T14:00:00", "date": "2025-12-26", "hour": 14}}, {"type": "Feature", "geometry": {"type": "Point", "coordinates": [14.0, 54.75]}, "properties": {"value": 5.986, "time": "2025-12-26T14:00:00", "date": "2025-12-26", "hour": 14}}, {"type": "Feature", "geometry": {"type": "Point", "coordinates": [14.25, 54.75]}, "properties": {"value": 6.179, "time": "2025-12-26T14:00:00", "date": "2025-12-26", "hour": 14}}, {"type": "Feature", "geometry": {"type": "Point", "coordinates": [14.5, 54.75]}, "properties": {"value": 6.817, "time": "2025-12-26T14:00:00", "date": "2025-12-26", "hour": 14}}, {"type": "Feature", "geometry": {"type": "Point", "coordinates": [14.75, 54.75]}, "properties": {"value": 7.063, "time": "2025-12-26T14:00:00", "date": "2025-12-26", "hour": 14}}, {"type": "Feature", "geometry": {"type": "Point", "coordinates": [15.0, 54.75]}, "properties": {"value": 7.245, "time": "2025-12-26T14:00:00", "date": "2025-12-26", "hour": 14}}, {"type": "Feature", "geometry": {"type": "Point", "coordinates": [5.0, 55.0]}, "properties": {"value": 9.525, "time": "2025-12-26T14:00:00", "date": "2025-12-26", "hour": 14}}, {"type": "Feature", "geometry": {"type": "Point", "coordinates": [5.25, 55.0]}, "properties": {"value": 9.539, "time": "2025-12-26T14:00:00", "date": "2025-12-26", "hour": 14}}, {"type": "Feature", "geometry": {"type": "Point", "coordinates": [5.5, 55.0]}, "properties": {"value": 9.568, "time": "2025-12-26T14:00:00", "date": "2025-12-26", "hour": 14}}, {"type": "Feature", "geometry": {"type": "Point", "coordinates": [5.75, 55.0]}, "properties": {"value": 9.532, "time": "2025-12-26T14:00:00", "date": "2025-12-26", "hour": 14}}, {"type": "Feature", "geometry": {"type": "Point", "coordinates": [6.0, 55.0]}, "properties": {"value": 9.436, "time": "2025-12-26T14:00:00", "date": "2025-12-26", "hour": 14}}, {"type": "Feature", "geometry": {"type": "Point", "coordinates": [6.25, 55.0]}, "properties": {"value": 9.126, "time": "2025-12-26T14:00:00", "date": "2025-12-26", "hour": 14}}, {"type": "Feature", "geometry": {"type": "Point", "coordinates": [6.5, 55.0]}, "properties": {"value": 8.623, "time": "2025-12-26T14:00:00", "date": "2025-12-26", "hour": 14}}, {"type": "Feature", "geometry": {"type": "Point", "coordinates": [6.75, 55.0]}, "properties": {"value": 8.006, "time": "2025-12-26T14:00:00", "date": "2025-12-26", "hour": 14}}, {"type": "Feature", "geometry": {"type": "Point", "coordinates": [7.0, 55.0]}, "properties": {"value": 7.35, "time": "2025-12-26T14:00:00", "date": "2025-12-26", "hour": 14}}, {"type": "Feature", "geometry": {"type": "Point", "coordinates": [7.25, 55.0]}, "properties": {"value": 6.876, "time": "2025-12-26T14:00:00", "date": "2025-12-26", "hour": 14}}, {"type": "Feature", "geometry": {"type": "Point", "coordinates": [7.5, 55.0]}, "properties": {"value": 6.284, "time": "2025-12-26T14:00:00", "date": "2025-12-26", "hour": 14}}, {"type": "Feature", "geometry": {"type": "Point", "coordinates": [7.75, 55.0]}, "properties": {"value": 5.676, "time": "2025-12-26T14:00:00", "date": "2025-12-26", "hour": 14}}, {"type": "Feature", "geometry": {"type": "Point", "coordinates": [8.0, 55.0]}, "properties": {"value": 5.122, "time": "2025-12-26T14:00:00", "date": "2025-12-26", "hour": 14}}, {"type": "Feature", "geometry": {"type": "Point", "coordinates": [8.25, 55.0]}, "properties": {"value": 4.069, "time": "2025-12-26T14:00:00", "date": "2025-12-26", "hour": 14}}, {"type": "Feature", "geometry": {"type": "Point", "coordinates": [8.5, 55.0]}, "properties": {"value": 3.238, "time": "2025-12-26T14:00:00", "date": "2025-12-26", "hour": 14}}, {"type": "Feature", "geometry": {"type": "Point", "coordinates": [10.25, 55.0]}, "properties": {"value": 5.754, "time": "2025-12-26T14:00:00", "date": "2025-12-26", "hour": 14}}, {"type": "Feature", "geometry": {"type": "Point", "coordinates": [10.5, 55.0]}, "properties": {"value": 5.124, "time": "2025-12-26T14:00:00", "date": "2025-12-26", "hour": 14}}, {"type": "Feature", "geometry": {"type": "Point", "coordinates": [10.75, 55.0]}, "properties": {"value": 4.505, "time": "2025-12-26T14:00:00", "date": "2025-12-26", "hour": 14}}, {"type": "Feature", "geometry": {"type": "Point", "coordinates": [11.0, 55.0]}, "properties": {"value": 4.595, "time": "2025-12-26T14:00:00", "date": "2025-12-26", "hour": 14}}, {"type": "Feature", "geometry": {"type": "Point", "coordinates": [11.25, 55.0]}, "properties": {"value": 4.561, "time": "2025-12-26T14:00:00", "date": "2025-12-26", "hour": 14}}, {"type": "Feature", "geometry": {"type": "Point", "coordinates": [11.5, 55.0]}, "properties": {"value": 4.547, "time": "2025-12-26T14:00:00", "date": "2025-12-26", "hour": 14}}, {"type": "Feature", "geometry": {"type": "Point", "coordinates": [11.75, 55.0]}, "properties": {"value": 4.416, "time": "2025-12-26T14:00:00", "date": "2025-12-26", "hour": 14}}, {"type": "Feature", "geometry": {"type": "Point", "coordinates": [12.0, 55.0]}, "properties": {"value": 5.006, "time": "2025-12-26T14:00:00", "date": "2025-12-26", "hour": 14}}, {"type": "Feature", "geometry": {"type": "Point", "coordinates": [12.25, 55.0]}, "properties": {"value": 5.693, "time": "2025-12-26T14:00:00", "date": "2025-12-26", "hour": 14}}, {"type": "Feature", "geometry": {"type": "Point", "coordinates": [12.5, 55.0]}, "properties": {"value": 6.038, "time": "2025-12-26T14:00:00", "date": "2025-12-26", "hour": 14}}, {"type": "Feature", "geometry": {"type": "Point", "coordinates": [12.75, 55.0]}, "properties": {"value": 6.175, "time": "2025-12-26T14:00:00", "date": "2025-12-26", "hour": 14}}, {"type": "Feature", "geometry": {"type": "Point", "coordinates": [13.0, 55.0]}, "properties": {"value": 6.266, "time": "2025-12-26T14:00:00", "date": "2025-12-26", "hour": 14}}, {"type": "Feature", "geometry": {"type": "Point", "coordinates": [13.25, 55.0]}, "properties": {"value": 6.319, "time": "2025-12-26T14:00:00", "date": "2025-12-26", "hour": 14}}, {"type": "Feature", "geometry": {"type": "Point", "coordinates": [13.5, 55.0]}, "properties": {"value": 6.339, "time": "2025-12-26T14:00:00", "date": "2025-12-26", "hour": 14}}, {"type": "Feature", "geometry": {"type": "Point", "coordinates": [13.75, 55.0]}, "properties": {"value": 6.4, "time": "2025-12-26T14:00:00", "date": "2025-12-26", "hour": 14}}, {"type": "Feature", "geometry": {"type": "Point", "coordinates": [14.0, 55.0]}, "properties": {"value": 6.533, "time": "2025-12-26T14:00:00", "date": "2025-12-26", "hour": 14}}, {"type": "Feature", "geometry": {"type": "Point", "coordinates": [14.25, 55.0]}, "properties": {"value": 6.643, "time": "2025-12-26T14:00:00", "date": "2025-12-26", "hour": 14}}, {"type": "Feature", "geometry": {"type": "Point", "coordinates": [14.5, 55.0]}, "properties": {"value": 6.684, "time": "2025-12-26T14:00:00", "date": "2025-12-26", "hour": 14}}, {"type": "Feature", "geometry": {"type": "Point", "coordinates": [14.75, 55.0]}, "properties": {"value": 6.88, "time": "2025-12-26T14:00:00", "date": "2025-12-26", "hour": 14}}, {"type": "Feature", "geometry": {"type": "Point", "coordinates": [15.0, 55.0]}, "properties": {"value": 7.058, "time": "2025-12-26T14:00:00", "date": "2025-12-26", "hour": 14}}, {"type": "Feature", "geometry": {"type": "Point", "coordinates": [5.25, 52.75]}, "properties": {"value": 3.24, "time": "2025-12-26T15:00:00", "date": "2025-12-26", "hour": 15}}, {"type": "Feature", "geometry": {"type": "Point", "coordinates": [5.5, 52.75]}, "properties": {"value": 3.249, "time": "2025-12-26T15:00:00", "date": "2025-12-26", "hour": 15}}, {"type": "Feature", "geometry": {"type": "Point", "coordinates": [5.0, 53.0]}, "properties": {"value": 4.743, "time": "2025-12-26T15:00:00", "date": "2025-12-26", "hour": 15}}, {"type": "Feature", "geometry": {"type": "Point", "coordinates": [5.25, 53.0]}, "properties": {"value": 3.781, "time": "2025-12-26T15:00:00", "date": "2025-12-26", "hour": 15}}, {"type": "Feature", "geometry": {"type": "Point", "coordinates": [5.5, 53.0]}, "properties": {"value": 3.103, "time": "2025-12-26T15:00:00", "date": "2025-12-26", "hour": 15}}, {"type": "Feature", "geometry": {"type": "Point", "coordinates": [5.0, 53.25]}, "properties": {"value": 5.694, "time": "2025-12-26T15:00:00", "date": "2025-12-26", "hour": 15}}, {"type": "Feature", "geometry": {"type": "Point", "coordinates": [5.25, 53.25]}, "properties": {"value": 4.494, "time": "2025-12-26T15:00:00", "date": "2025-12-26", "hour": 15}}, {"type": "Feature", "geometry": {"type": "Point", "coordinates": [5.5, 53.25]}, "properties": {"value": 3.771, "time": "2025-12-26T15:00:00", "date": "2025-12-26", "hour": 15}}, {"type": "Feature", "geometry": {"type": "Point", "coordinates": [5.0, 53.5]}, "properties": {"value": 7.802, "time": "2025-12-26T15:00:00", "date": "2025-12-26", "hour": 15}}, {"type": "Feature", "geometry": {"type": "Point", "coordinates": [5.25, 53.5]}, "properties": {"value": 7.132, "time": "2025-12-26T15:00:00", "date": "2025-12-26", "hour": 15}}, {"type": "Feature", "geometry": {"type": "Point", "coordinates": [5.5, 53.5]}, "properties": {"value": 6.946, "time": "2025-12-26T15:00:00", "date": "2025-12-26", "hour": 15}}, {"type": "Feature", "geometry": {"type": "Point", "coordinates": [5.75, 53.5]}, "properties": {"value": 6.46, "time": "2025-12-26T15:00:00", "date": "2025-12-26", "hour": 15}}, {"type": "Feature", "geometry": {"type": "Point", "coordinates": [6.0, 53.5]}, "properties": {"value": 5.762, "time": "2025-12-26T15:00:00", "date": "2025-12-26", "hour": 15}}, {"type": "Feature", "geometry": {"type": "Point", "coordinates": [6.25, 53.5]}, "properties": {"value": 4.952, "time": "2025-12-26T15:00:00", "date": "2025-12-26", "hour": 15}}, {"type": "Feature", "geometry": {"type": "Point", "coordinates": [6.5, 53.5]}, "properties": {"value": 4.86, "time": "2025-12-26T15:00:00", "date": "2025-12-26", "hour": 15}}, {"type": "Feature", "geometry": {"type": "Point", "coordinates": [6.75, 53.5]}, "properties": {"value": 4.695, "time": "2025-12-26T15:00:00", "date": "2025-12-26", "hour": 15}}, {"type": "Feature", "geometry": {"type": "Point", "coordinates": [5.0, 53.75]}, "properties": {"value": 8.826, "time": "2025-12-26T15:00:00", "date": "2025-12-26", "hour": 15}}, {"type": "Feature", "geometry": {"type": "Point", "coordinates": [5.25, 53.75]}, "properties": {"value": 8.378, "time": "2025-12-26T15:00:00", "date": "2025-12-26", "hour": 15}}, {"type": "Feature", "geometry": {"type": "Point", "coordinates": [5.5, 53.75]}, "properties": {"value": 8.065, "time": "2025-12-26T15:00:00", "date": "2025-12-26", "hour": 15}}, {"type": "Feature", "geometry": {"type": "Point", "coordinates": [5.75, 53.75]}, "properties": {"value": 7.845, "time": "2025-12-26T15:00:00", "date": "2025-12-26", "hour": 15}}, {"type": "Feature", "geometry": {"type": "Point", "coordinates": [6.0, 53.75]}, "properties": {"value": 7.324, "time": "2025-12-26T15:00:00", "date": "2025-12-26", "hour": 15}}, {"type": "Feature", "geometry": {"type": "Point", "coordinates": [6.25, 53.75]}, "properties": {"value": 7.106, "time": "2025-12-26T15:00:00", "date": "2025-12-26", "hour": 15}}, {"type": "Feature", "geometry": {"type": "Point", "coordinates": [6.5, 53.75]}, "properties": {"value": 6.685, "time": "2025-12-26T15:00:00", "date": "2025-12-26", "hour": 15}}, {"type": "Feature", "geometry": {"type": "Point", "coordinates": [6.75, 53.75]}, "properties": {"value": 6.359, "time": "2025-12-26T15:00:00", "date": "2025-12-26", "hour": 15}}, {"type": "Feature", "geometry": {"type": "Point", "coordinates": [7.0, 53.75]}, "properties": {"value": 6.608, "time": "2025-12-26T15:00:00", "date": "2025-12-26", "hour": 15}}, {"type": "Feature", "geometry": {"type": "Point", "coordinates": [7.25, 53.75]}, "properties": {"value": 6.331, "time": "2025-12-26T15:00:00", "date": "2025-12-26", "hour": 15}}, {"type": "Feature", "geometry": {"type": "Point", "coordinates": [7.5, 53.75]}, "properties": {"value": 6.894, "time": "2025-12-26T15:00:00", "date": "2025-12-26", "hour": 15}}, {"type": "Feature", "geometry": {"type": "Point", "coordinates": [7.75, 53.75]}, "properties": {"value": 6.986, "time": "2025-12-26T15:00:00", "date": "2025-12-26", "hour": 15}}, {"type": "Feature", "geometry": {"type": "Point", "coordinates": [8.0, 53.75]}, "properties": {"value": 5.891, "time": "2025-12-26T15:00:00", "date": "2025-12-26", "hour": 15}}, {"type": "Feature", "geometry": {"type": "Point", "coordinates": [8.25, 53.75]}, "properties": {"value": 4.848, "time": "2025-12-26T15:00:00", "date": "2025-12-26", "hour": 15}}, {"type": "Feature", "geometry": {"type": "Point", "coordinates": [8.5, 53.75]}, "properties": {"value": 4.096, "time": "2025-12-26T15:00:00", "date": "2025-12-26", "hour": 15}}, {"type": "Feature", "geometry": {"type": "Point", "coordinates": [8.75, 53.75]}, "properties": {"value": 4.096, "time": "2025-12-26T15:00:00", "date": "2025-12-26", "hour": 15}}, {"type": "Feature", "geometry": {"type": "Point", "coordinates": [14.25, 53.75]}, "properties": {"value": 0.934, "time": "2025-12-26T15:00:00", "date": "2025-12-26", "hour": 15}}, {"type": "Feature", "geometry": {"type": "Point", "coordinates": [14.5, 53.75]}, "properties": {"value": 0.934, "time": "2025-12-26T15:00:00", "date": "2025-12-26", "hour": 15}}, {"type": "Feature", "geometry": {"type": "Point", "coordinates": [5.0, 54.0]}, "properties": {"value": 9.39, "time": "2025-12-26T15:00:00", "date": "2025-12-26", "hour": 15}}, {"type": "Feature", "geometry": {"type": "Point", "coordinates": [5.25, 54.0]}, "properties": {"value": 9.064, "time": "2025-12-26T15:00:00", "date": "2025-12-26", "hour": 15}}, {"type": "Feature", "geometry": {"type": "Point", "coordinates": [5.5, 54.0]}, "properties": {"value": 8.751, "time": "2025-12-26T15:00:00", "date": "2025-12-26", "hour": 15}}, {"type": "Feature", "geometry": {"type": "Point", "coordinates": [5.75, 54.0]}, "properties": {"value": 8.59, "time": "2025-12-26T15:00:00", "date": "2025-12-26", "hour": 15}}, {"type": "Feature", "geometry": {"type": "Point", "coordinates": [6.0, 54.0]}, "properties": {"value": 8.493, "time": "2025-12-26T15:00:00", "date": "2025-12-26", "hour": 15}}, {"type": "Feature", "geometry": {"type": "Point", "coordinates": [6.25, 54.0]}, "properties": {"value": 8.364, "time": "2025-12-26T15:00:00", "date": "2025-12-26", "hour": 15}}, {"type": "Feature", "geometry": {"type": "Point", "coordinates": [6.5, 54.0]}, "properties": {"value": 7.986, "time": "2025-12-26T15:00:00", "date": "2025-12-26", "hour": 15}}, {"type": "Feature", "geometry": {"type": "Point", "coordinates": [6.75, 54.0]}, "properties": {"value": 7.763, "time": "2025-12-26T15:00:00", "date": "2025-12-26", "hour": 15}}, {"type": "Feature", "geometry": {"type": "Point", "coordinates": [7.0, 54.0]}, "properties": {"value": 7.506, "time": "2025-12-26T15:00:00", "date": "2025-12-26", "hour": 15}}, {"type": "Feature", "geometry": {"type": "Point", "coordinates": [7.25, 54.0]}, "properties": {"value": 7.318, "time": "2025-12-26T15:00:00", "date": "2025-12-26", "hour": 15}}, {"type": "Feature", "geometry": {"type": "Point", "coordinates": [7.5, 54.0]}, "properties": {"value": 7.519, "time": "2025-12-26T15:00:00", "date": "2025-12-26", "hour": 15}}, {"type": "Feature", "geometry": {"type": "Point", "coordinates": [7.75, 54.0]}, "properties": {"value": 7.432, "time": "2025-12-26T15:00:00", "date": "2025-12-26", "hour": 15}}, {"type": "Feature", "geometry": {"type": "Point", "coordinates": [8.0, 54.0]}, "properties": {"value": 7.03, "time": "2025-12-26T15:00:00", "date": "2025-12-26", "hour": 15}}, {"type": "Feature", "geometry": {"type": "Point", "coordinates": [8.25, 54.0]}, "properties": {"value": 6.242, "time": "2025-12-26T15:00:00", "date": "2025-12-26", "hour": 15}}, {"type": "Feature", "geometry": {"type": "Point", "coordinates": [8.5, 54.0]}, "properties": {"value": 4.937, "time": "2025-12-26T15:00:00", "date": "2025-12-26", "hour": 15}}, {"type": "Feature", "geometry": {"type": "Point", "coordinates": [11.25, 54.0]}, "properties": {"value": 5.122, "time": "2025-12-26T15:00:00", "date": "2025-12-26", "hour": 15}}, {"type": "Feature", "geometry": {"type": "Point", "coordinates": [14.0, 54.0]}, "properties": {"value": 3.376, "time": "2025-12-26T15:00:00", "date": "2025-12-26", "hour": 15}}, {"type": "Feature", "geometry": {"type": "Point", "coordinates": [14.25, 54.0]}, "properties": {"value": 4.446, "time": "2025-12-26T15:00:00", "date": "2025-12-26", "hour": 15}}, {"type": "Feature", "geometry": {"type": "Point", "coordinates": [14.5, 54.0]}, "properties": {"value": 3.948, "time": "2025-12-26T15:00:00", "date": "2025-12-26", "hour": 15}}, {"type": "Feature", "geometry": {"type": "Point", "coordinates": [14.75, 54.0]}, "properties": {"value": 4.721, "time": "2025-12-26T15:00:00", "date": "2025-12-26", "hour": 15}}, {"type": "Feature", "geometry": {"type": "Point", "coordinates": [5.0, 54.25]}, "properties": {"value": 9.611, "time": "2025-12-26T15:00:00", "date": "2025-12-26", "hour": 15}}, {"type": "Feature", "geometry": {"type": "Point", "coordinates": [5.25, 54.25]}, "properties": {"value": 9.363, "time": "2025-12-26T15:00:00", "date": "2025-12-26", "hour": 15}}, {"type": "Feature", "geometry": {"type": "Point", "coordinates": [5.5, 54.25]}, "properties": {"value": 9.181, "time": "2025-12-26T15:00:00", "date": "2025-12-26", "hour": 15}}, {"type": "Feature", "geometry": {"type": "Point", "coordinates": [5.75, 54.25]}, "properties": {"value": 9.034, "time": "2025-12-26T15:00:00", "date": "2025-12-26", "hour": 15}}, {"type": "Feature", "geometry": {"type": "Point", "coordinates": [6.0, 54.25]}, "properties": {"value": 8.907, "time": "2025-12-26T15:00:00", "date": "2025-12-26", "hour": 15}}, {"type": "Feature", "geometry": {"type": "Point", "coordinates": [6.25, 54.25]}, "properties": {"value": 8.875, "time": "2025-12-26T15:00:00", "date": "2025-12-26", "hour": 15}}, {"type": "Feature", "geometry": {"type": "Point", "coordinates": [6.5, 54.25]}, "properties": {"value": 8.87, "time": "2025-12-26T15:00:00", "date": "2025-12-26", "hour": 15}}, {"type": "Feature", "geometry": {"type": "Point", "coordinates": [6.75, 54.25]}, "properties": {"value": 8.635, "time": "2025-12-26T15:00:00", "date": "2025-12-26", "hour": 15}}, {"type": "Feature", "geometry": {"type": "Point", "coordinates": [7.0, 54.25]}, "properties": {"value": 8.38, "time": "2025-12-26T15:00:00", "date": "2025-12-26", "hour": 15}}, {"type": "Feature", "geometry": {"type": "Point", "coordinates": [7.25, 54.25]}, "properties": {"value": 7.845, "time": "2025-12-26T15:00:00", "date": "2025-12-26", "hour": 15}}, {"type": "Feature", "geometry": {"type": "Point", "coordinates": [7.5, 54.25]}, "properties": {"value": 7.526, "time": "2025-12-26T15:00:00", "date": "2025-12-26", "hour": 15}}, {"type": "Feature", "geometry": {"type": "Point", "coordinates": [7.75, 54.25]}, "properties": {"value": 7.333, "time": "2025-12-26T15:00:00", "date": "2025-12-26", "hour": 15}}, {"type": "Feature", "geometry": {"type": "Point", "coordinates": [8.0, 54.25]}, "properties": {"value": 7.068, "time": "2025-12-26T15:00:00", "date": "2025-12-26", "hour": 15}}, {"type": "Feature", "geometry": {"type": "Point", "coordinates": [8.25, 54.25]}, "properties": {"value": 5.934, "time": "2025-12-26T15:00:00", "date": "2025-12-26", "hour": 15}}, {"type": "Feature", "geometry": {"type": "Point", "coordinates": [8.5, 54.25]}, "properties": {"value": 4.685, "time": "2025-12-26T15:00:00", "date": "2025-12-26", "hour": 15}}, {"type": "Feature", "geometry": {"type": "Point", "coordinates": [10.75, 54.25]}, "properties": {"value": 5.437, "time": "2025-12-26T15:00:00", "date": "2025-12-26", "hour": 15}}, {"type": "Feature", "geometry": {"type": "Point", "coordinates": [11.25, 54.25]}, "properties": {"value": 5.213, "time": "2025-12-26T15:00:00", "date": "2025-12-26", "hour": 15}}, {"type": "Feature", "geometry": {"type": "Point", "coordinates": [11.75, 54.25]}, "properties": {"value": 5.469, "time": "2025-12-26T15:00:00", "date": "2025-12-26", "hour": 15}}, {"type": "Feature", "geometry": {"type": "Point", "coordinates": [12.25, 54.25]}, "properties": {"value": 5.571, "time": "2025-12-26T15:00:00", "date": "2025-12-26", "hour": 15}}, {"type": "Feature", "geometry": {"type": "Point", "coordinates": [13.75, 54.25]}, "properties": {"value": 3.253, "time": "2025-12-26T15:00:00", "date": "2025-12-26", "hour": 15}}, {"type": "Feature", "geometry": {"type": "Point", "coordinates": [14.0, 54.25]}, "properties": {"value": 4.088, "time": "2025-12-26T15:00:00", "date": "2025-12-26", "hour": 15}}, {"type": "Feature", "geometry": {"type": "Point", "coordinates": [14.25, 54.25]}, "properties": {"value": 4.856, "time": "2025-12-26T15:00:00", "date": "2025-12-26", "hour": 15}}, {"type": "Feature", "geometry": {"type": "Point", "coordinates": [14.5, 54.25]}, "properties": {"value": 5.434, "time": "2025-12-26T15:00:00", "date": "2025-12-26", "hour": 15}}, {"type": "Feature", "geometry": {"type": "Point", "coordinates": [14.75, 54.25]}, "properties": {"value": 5.612, "time": "2025-12-26T15:00:00", "date": "2025-12-26", "hour": 15}}, {"type": "Feature", "geometry": {"type": "Point", "coordinates": [15.0, 54.25]}, "properties": {"value": 5.983, "time": "2025-12-26T15:00:00", "date": "2025-12-26", "hour": 15}}, {"type": "Feature", "geometry": {"type": "Point", "coordinates": [5.0, 54.5]}, "properties": {"value": 9.654, "time": "2025-12-26T15:00:00", "date": "2025-12-26", "hour": 15}}, {"type": "Feature", "geometry": {"type": "Point", "coordinates": [5.25, 54.5]}, "properties": {"value": 9.607, "time": "2025-12-26T15:00:00", "date": "2025-12-26", "hour": 15}}, {"type": "Feature", "geometry": {"type": "Point", "coordinates": [5.5, 54.5]}, "properties": {"value": 9.477, "time": "2025-12-26T15:00:00", "date": "2025-12-26", "hour": 15}}, {"type": "Feature", "geometry": {"type": "Point", "coordinates": [5.75, 54.5]}, "properties": {"value": 9.325, "time": "2025-12-26T15:00:00", "date": "2025-12-26", "hour": 15}}, {"type": "Feature", "geometry": {"type": "Point", "coordinates": [6.0, 54.5]}, "properties": {"value": 9.165, "time": "2025-12-26T15:00:00", "date": "2025-12-26", "hour": 15}}, {"type": "Feature", "geometry": {"type": "Point", "coordinates": [6.25, 54.5]}, "properties": {"value": 9.063, "time": "2025-12-26T15:00:00", "date": "2025-12-26", "hour": 15}}, {"type": "Feature", "geometry": {"type": "Point", "coordinates": [6.5, 54.5]}, "properties": {"value": 9.106, "time": "2025-12-26T15:00:00", "date": "2025-12-26", "hour": 15}}, {"type": "Feature", "geometry": {"type": "Point", "coordinates": [6.75, 54.5]}, "properties": {"value": 8.931, "time": "2025-12-26T15:00:00", "date": "2025-12-26", "hour": 15}}, {"type": "Feature", "geometry": {"type": "Point", "coordinates": [7.0, 54.5]}, "properties": {"value": 8.478, "time": "2025-12-26T15:00:00", "date": "2025-12-26", "hour": 15}}, {"type": "Feature", "geometry": {"type": "Point", "coordinates": [7.25, 54.5]}, "properties": {"value": 7.731, "time": "2025-12-26T15:00:00", "date": "2025-12-26", "hour": 15}}, {"type": "Feature", "geometry": {"type": "Point", "coordinates": [7.5, 54.5]}, "properties": {"value": 6.981, "time": "2025-12-26T15:00:00", "date": "2025-12-26", "hour": 15}}, {"type": "Feature", "geometry": {"type": "Point", "coordinates": [7.75, 54.5]}, "properties": {"value": 6.704, "time": "2025-12-26T15:00:00", "date": "2025-12-26", "hour": 15}}, {"type": "Feature", "geometry": {"type": "Point", "coordinates": [8.0, 54.5]}, "properties": {"value": 5.901, "time": "2025-12-26T15:00:00", "date": "2025-12-26", "hour": 15}}, {"type": "Feature", "geometry": {"type": "Point", "coordinates": [8.25, 54.5]}, "properties": {"value": 4.62, "time": "2025-12-26T15:00:00", "date": "2025-12-26", "hour": 15}}, {"type": "Feature", "geometry": {"type": "Point", "coordinates": [8.5, 54.5]}, "properties": {"value": 3.574, "time": "2025-12-26T15:00:00", "date": "2025-12-26", "hour": 15}}, {"type": "Feature", "geometry": {"type": "Point", "coordinates": [10.5, 54.5]}, "properties": {"value": 5.53, "time": "2025-12-26T15:00:00", "date": "2025-12-26", "hour": 15}}, {"type": "Feature", "geometry": {"type": "Point", "coordinates": [10.75, 54.5]}, "properties": {"value": 5.328, "time": "2025-12-26T15:00:00", "date": "2025-12-26", "hour": 15}}, {"type": "Feature", "geometry": {"type": "Point", "coordinates": [11.0, 54.5]}, "properties": {"value": 5.139, "time": "2025-12-26T15:00:00", "date": "2025-12-26", "hour": 15}}, {"type": "Feature", "geometry": {"type": "Point", "coordinates": [11.25, 54.5]}, "properties": {"value": 5.06, "time": "2025-12-26T15:00:00", "date": "2025-12-26", "hour": 15}}, {"type": "Feature", "geometry": {"type": "Point", "coordinates": [11.5, 54.5]}, "properties": {"value": 5.155, "time": "2025-12-26T15:00:00", "date": "2025-12-26", "hour": 15}}, {"type": "Feature", "geometry": {"type": "Point", "coordinates": [11.75, 54.5]}, "properties": {"value": 5.523, "time": "2025-12-26T15:00:00", "date": "2025-12-26", "hour": 15}}, {"type": "Feature", "geometry": {"type": "Point", "coordinates": [12.0, 54.5]}, "properties": {"value": 5.705, "time": "2025-12-26T15:00:00", "date": "2025-12-26", "hour": 15}}, {"type": "Feature", "geometry": {"type": "Point", "coordinates": [12.25, 54.5]}, "properties": {"value": 5.774, "time": "2025-12-26T15:00:00", "date": "2025-12-26", "hour": 15}}, {"type": "Feature", "geometry": {"type": "Point", "coordinates": [13.0, 54.5]}, "properties": {"value": 5.655, "time": "2025-12-26T15:00:00", "date": "2025-12-26", "hour": 15}}, {"type": "Feature", "geometry": {"type": "Point", "coordinates": [13.25, 54.5]}, "properties": {"value": 4.774, "time": "2025-12-26T15:00:00", "date": "2025-12-26", "hour": 15}}, {"type": "Feature", "geometry": {"type": "Point", "coordinates": [13.5, 54.5]}, "properties": {"value": 4.289, "time": "2025-12-26T15:00:00", "date": "2025-12-26", "hour": 15}}, {"type": "Feature", "geometry": {"type": "Point", "coordinates": [13.75, 54.5]}, "properties": {"value": 4.353, "time": "2025-12-26T15:00:00", "date": "2025-12-26", "hour": 15}}, {"type": "Feature", "geometry": {"type": "Point", "coordinates": [14.0, 54.5]}, "properties": {"value": 5.093, "time": "2025-12-26T15:00:00", "date": "2025-12-26", "hour": 15}}, {"type": "Feature", "geometry": {"type": "Point", "coordinates": [14.25, 54.5]}, "properties": {"value": 5.782, "time": "2025-12-26T15:00:00", "date": "2025-12-26", "hour": 15}}, {"type": "Feature", "geometry": {"type": "Point", "coordinates": [14.5, 54.5]}, "properties": {"value": 6.421, "time": "2025-12-26T15:00:00", "date": "2025-12-26", "hour": 15}}, {"type": "Feature", "geometry": {"type": "Point", "coordinates": [14.75, 54.5]}, "properties": {"value": 6.673, "time": "2025-12-26T15:00:00", "date": "2025-12-26", "hour": 15}}, {"type": "Feature", "geometry": {"type": "Point", "coordinates": [15.0, 54.5]}, "properties": {"value": 6.935, "time": "2025-12-26T15:00:00", "date": "2025-12-26", "hour": 15}}, {"type": "Feature", "geometry": {"type": "Point", "coordinates": [5.0, 54.75]}, "properties": {"value": 9.679, "time": "2025-12-26T15:00:00", "date": "2025-12-26", "hour": 15}}, {"type": "Feature", "geometry": {"type": "Point", "coordinates": [5.25, 54.75]}, "properties": {"value": 9.632, "time": "2025-12-26T15:00:00", "date": "2025-12-26", "hour": 15}}, {"type": "Feature", "geometry": {"type": "Point", "coordinates": [5.5, 54.75]}, "properties": {"value": 9.566, "time": "2025-12-26T15:00:00", "date": "2025-12-26", "hour": 15}}, {"type": "Feature", "geometry": {"type": "Point", "coordinates": [5.75, 54.75]}, "properties": {"value": 9.53, "time": "2025-12-26T15:00:00", "date": "2025-12-26", "hour": 15}}, {"type": "Feature", "geometry": {"type": "Point", "coordinates": [6.0, 54.75]}, "properties": {"value": 9.341, "time": "2025-12-26T15:00:00", "date": "2025-12-26", "hour": 15}}, {"type": "Feature", "geometry": {"type": "Point", "coordinates": [6.25, 54.75]}, "properties": {"value": 9.239, "time": "2025-12-26T15:00:00", "date": "2025-12-26", "hour": 15}}, {"type": "Feature", "geometry": {"type": "Point", "coordinates": [6.5, 54.75]}, "properties": {"value": 9.036, "time": "2025-12-26T15:00:00", "date": "2025-12-26", "hour": 15}}, {"type": "Feature", "geometry": {"type": "Point", "coordinates": [6.75, 54.75]}, "properties": {"value": 8.434, "time": "2025-12-26T15:00:00", "date": "2025-12-26", "hour": 15}}, {"type": "Feature", "geometry": {"type": "Point", "coordinates": [7.0, 54.75]}, "properties": {"value": 7.887, "time": "2025-12-26T15:00:00", "date": "2025-12-26", "hour": 15}}, {"type": "Feature", "geometry": {"type": "Point", "coordinates": [7.25, 54.75]}, "properties": {"value": 7.143, "time": "2025-12-26T15:00:00", "date": "2025-12-26", "hour": 15}}, {"type": "Feature", "geometry": {"type": "Point", "coordinates": [7.5, 54.75]}, "properties": {"value": 6.475, "time": "2025-12-26T15:00:00", "date": "2025-12-26", "hour": 15}}, {"type": "Feature", "geometry": {"type": "Point", "coordinates": [7.75, 54.75]}, "properties": {"value": 5.799, "time": "2025-12-26T15:00:00", "date": "2025-12-26", "hour": 15}}, {"type": "Feature", "geometry": {"type": "Point", "coordinates": [8.0, 54.75]}, "properties": {"value": 4.965, "time": "2025-12-26T15:00:00", "date": "2025-12-26", "hour": 15}}, {"type": "Feature", "geometry": {"type": "Point", "coordinates": [8.25, 54.75]}, "properties": {"value": 3.672, "time": "2025-12-26T15:00:00", "date": "2025-12-26", "hour": 15}}, {"type": "Feature", "geometry": {"type": "Point", "coordinates": [8.5, 54.75]}, "properties": {"value": 2.753, "time": "2025-12-26T15:00:00", "date": "2025-12-26", "hour": 15}}, {"type": "Feature", "geometry": {"type": "Point", "coordinates": [10.25, 54.75]}, "properties": {"value": 5.647, "time": "2025-12-26T15:00:00", "date": "2025-12-26", "hour": 15}}, {"type": "Feature", "geometry": {"type": "Point", "coordinates": [10.5, 54.75]}, "properties": {"value": 5.221, "time": "2025-12-26T15:00:00", "date": "2025-12-26", "hour": 15}}, {"type": "Feature", "geometry": {"type": "Point", "coordinates": [10.75, 54.75]}, "properties": {"value": 4.946, "time": "2025-12-26T15:00:00", "date": "2025-12-26", "hour": 15}}, {"type": "Feature", "geometry": {"type": "Point", "coordinates": [11.0, 54.75]}, "properties": {"value": 4.75, "time": "2025-12-26T15:00:00", "date": "2025-12-26", "hour": 15}}, {"type": "Feature", "geometry": {"type": "Point", "coordinates": [11.25, 54.75]}, "properties": {"value": 4.654, "time": "2025-12-26T15:00:00", "date": "2025-12-26", "hour": 15}}, {"type": "Feature", "geometry": {"type": "Point", "coordinates": [11.5, 54.75]}, "properties": {"value": 4.617, "time": "2025-12-26T15:00:00", "date": "2025-12-26", "hour": 15}}, {"type": "Feature", "geometry": {"type": "Point", "coordinates": [12.0, 54.75]}, "properties": {"value": 5.438, "time": "2025-12-26T15:00:00", "date": "2025-12-26", "hour": 15}}, {"type": "Feature", "geometry": {"type": "Point", "coordinates": [12.25, 54.75]}, "properties": {"value": 5.93, "time": "2025-12-26T15:00:00", "date": "2025-12-26", "hour": 15}}, {"type": "Feature", "geometry": {"type": "Point", "coordinates": [12.5, 54.75]}, "properties": {"value": 6.082, "time": "2025-12-26T15:00:00", "date": "2025-12-26", "hour": 15}}, {"type": "Feature", "geometry": {"type": "Point", "coordinates": [12.75, 54.75]}, "properties": {"value": 6.039, "time": "2025-12-26T15:00:00", "date": "2025-12-26", "hour": 15}}, {"type": "Feature", "geometry": {"type": "Point", "coordinates": [13.0, 54.75]}, "properties": {"value": 5.812, "time": "2025-12-26T15:00:00", "date": "2025-12-26", "hour": 15}}, {"type": "Feature", "geometry": {"type": "Point", "coordinates": [13.25, 54.75]}, "properties": {"value": 5.866, "time": "2025-12-26T15:00:00", "date": "2025-12-26", "hour": 15}}, {"type": "Feature", "geometry": {"type": "Point", "coordinates": [13.5, 54.75]}, "properties": {"value": 5.763, "time": "2025-12-26T15:00:00", "date": "2025-12-26", "hour": 15}}, {"type": "Feature", "geometry": {"type": "Point", "coordinates": [13.75, 54.75]}, "properties": {"value": 5.826, "time": "2025-12-26T15:00:00", "date": "2025-12-26", "hour": 15}}, {"type": "Feature", "geometry": {"type": "Point", "coordinates": [14.0, 54.75]}, "properties": {"value": 5.986, "time": "2025-12-26T15:00:00", "date": "2025-12-26", "hour": 15}}, {"type": "Feature", "geometry": {"type": "Point", "coordinates": [14.25, 54.75]}, "properties": {"value": 6.179, "time": "2025-12-26T15:00:00", "date": "2025-12-26", "hour": 15}}, {"type": "Feature", "geometry": {"type": "Point", "coordinates": [14.5, 54.75]}, "properties": {"value": 6.817, "time": "2025-12-26T15:00:00", "date": "2025-12-26", "hour": 15}}, {"type": "Feature", "geometry": {"type": "Point", "coordinates": [14.75, 54.75]}, "properties": {"value": 7.063, "time": "2025-12-26T15:00:00", "date": "2025-12-26", "hour": 15}}, {"type": "Feature", "geometry": {"type": "Point", "coordinates": [15.0, 54.75]}, "properties": {"value": 7.245, "time": "2025-12-26T15:00:00", "date": "2025-12-26", "hour": 15}}, {"type": "Feature", "geometry": {"type": "Point", "coordinates": [5.0, 55.0]}, "properties": {"value": 9.525, "time": "2025-12-26T15:00:00", "date": "2025-12-26", "hour": 15}}, {"type": "Feature", "geometry": {"type": "Point", "coordinates": [5.25, 55.0]}, "properties": {"value": 9.539, "time": "2025-12-26T15:00:00", "date": "2025-12-26", "hour": 15}}, {"type": "Feature", "geometry": {"type": "Point", "coordinates": [5.5, 55.0]}, "properties": {"value": 9.568, "time": "2025-12-26T15:00:00", "date": "2025-12-26", "hour": 15}}, {"type": "Feature", "geometry": {"type": "Point", "coordinates": [5.75, 55.0]}, "properties": {"value": 9.532, "time": "2025-12-26T15:00:00", "date": "2025-12-26", "hour": 15}}, {"type": "Feature", "geometry": {"type": "Point", "coordinates": [6.0, 55.0]}, "properties": {"value": 9.436, "time": "2025-12-26T15:00:00", "date": "2025-12-26", "hour": 15}}, {"type": "Feature", "geometry": {"type": "Point", "coordinates": [6.25, 55.0]}, "properties": {"value": 9.126, "time": "2025-12-26T15:00:00", "date": "2025-12-26", "hour": 15}}, {"type": "Feature", "geometry": {"type": "Point", "coordinates": [6.5, 55.0]}, "properties": {"value": 8.623, "time": "2025-12-26T15:00:00", "date": "2025-12-26", "hour": 15}}, {"type": "Feature", "geometry": {"type": "Point", "coordinates": [6.75, 55.0]}, "properties": {"value": 8.006, "time": "2025-12-26T15:00:00", "date": "2025-12-26", "hour": 15}}, {"type": "Feature", "geometry": {"type": "Point", "coordinates": [7.0, 55.0]}, "properties": {"value": 7.35, "time": "2025-12-26T15:00:00", "date": "2025-12-26", "hour": 15}}, {"type": "Feature", "geometry": {"type": "Point", "coordinates": [7.25, 55.0]}, "properties": {"value": 6.876, "time": "2025-12-26T15:00:00", "date": "2025-12-26", "hour": 15}}, {"type": "Feature", "geometry": {"type": "Point", "coordinates": [7.5, 55.0]}, "properties": {"value": 6.284, "time": "2025-12-26T15:00:00", "date": "2025-12-26", "hour": 15}}, {"type": "Feature", "geometry": {"type": "Point", "coordinates": [7.75, 55.0]}, "properties": {"value": 5.676, "time": "2025-12-26T15:00:00", "date": "2025-12-26", "hour": 15}}, {"type": "Feature", "geometry": {"type": "Point", "coordinates": [8.0, 55.0]}, "properties": {"value": 5.122, "time": "2025-12-26T15:00:00", "date": "2025-12-26", "hour": 15}}, {"type": "Feature", "geometry": {"type": "Point", "coordinates": [8.25, 55.0]}, "properties": {"value": 4.069, "time": "2025-12-26T15:00:00", "date": "2025-12-26", "hour": 15}}, {"type": "Feature", "geometry": {"type": "Point", "coordinates": [8.5, 55.0]}, "properties": {"value": 3.238, "time": "2025-12-26T15:00:00", "date": "2025-12-26", "hour": 15}}, {"type": "Feature", "geometry": {"type": "Point", "coordinates": [10.25, 55.0]}, "properties": {"value": 5.754, "time": "2025-12-26T15:00:00", "date": "2025-12-26", "hour": 15}}, {"type": "Feature", "geometry": {"type": "Point", "coordinates": [10.5, 55.0]}, "properties": {"value": 5.124, "time": "2025-12-26T15:00:00", "date": "2025-12-26", "hour": 15}}, {"type": "Feature", "geometry": {"type": "Point", "coordinates": [10.75, 55.0]}, "properties": {"value": 4.505, "time": "2025-12-26T15:00:00", "date": "2025-12-26", "hour": 15}}, {"type": "Feature", "geometry": {"type": "Point", "coordinates": [11.0, 55.0]}, "properties": {"value": 4.595, "time": "2025-12-26T15:00:00", "date": "2025-12-26", "hour": 15}}, {"type": "Feature", "geometry": {"type": "Point", "coordinates": [11.25, 55.0]}, "properties": {"value": 4.561, "time": "2025-12-26T15:00:00", "date": "2025-12-26", "hour": 15}}, {"type": "Feature", "geometry": {"type": "Point", "coordinates": [11.5, 55.0]}, "properties": {"value": 4.547, "time": "2025-12-26T15:00:00", "date": "2025-12-26", "hour": 15}}, {"type": "Feature", "geometry": {"type": "Point", "coordinates": [11.75, 55.0]}, "properties": {"value": 4.416, "time": "2025-12-26T15:00:00", "date": "2025-12-26", "hour": 15}}, {"type": "Feature", "geometry": {"type": "Point", "coordinates": [12.0, 55.0]}, "properties": {"value": 5.006, "time": "2025-12-26T15:00:00", "date": "2025-12-26", "hour": 15}}, {"type": "Feature", "geometry": {"type": "Point", "coordinates": [12.25, 55.0]}, "properties": {"value": 5.693, "time": "2025-12-26T15:00:00", "date": "2025-12-26", "hour": 15}}, {"type": "Feature", "geometry": {"type": "Point", "coordinates": [12.5, 55.0]}, "properties": {"value": 6.038, "time": "2025-12-26T15:00:00", "date": "2025-12-26", "hour": 15}}, {"type": "Feature", "geometry": {"type": "Point", "coordinates": [12.75, 55.0]}, "properties": {"value": 6.175, "time": "2025-12-26T15:00:00", "date": "2025-12-26", "hour": 15}}, {"type": "Feature", "geometry": {"type": "Point", "coordinates": [13.0, 55.0]}, "properties": {"value": 6.266, "time": "2025-12-26T15:00:00", "date": "2025-12-26", "hour": 15}}, {"type": "Feature", "geometry": {"type": "Point", "coordinates": [13.25, 55.0]}, "properties": {"value": 6.319, "time": "2025-12-26T15:00:00", "date": "2025-12-26", "hour": 15}}, {"type": "Feature", "geometry": {"type": "Point", "coordinates": [13.5, 55.0]}, "properties": {"value": 6.339, "time": "2025-12-26T15:00:00", "date": "2025-12-26", "hour": 15}}, {"type": "Feature", "geometry": {"type": "Point", "coordinates": [13.75, 55.0]}, "properties": {"value": 6.4, "time": "2025-12-26T15:00:00", "date": "2025-12-26", "hour": 15}}, {"type": "Feature", "geometry": {"type": "Point", "coordinates": [14.0, 55.0]}, "properties": {"value": 6.533, "time": "2025-12-26T15:00:00", "date": "2025-12-26", "hour": 15}}, {"type": "Feature", "geometry": {"type": "Point", "coordinates": [14.25, 55.0]}, "properties": {"value": 6.643, "time": "2025-12-26T15:00:00", "date": "2025-12-26", "hour": 15}}, {"type": "Feature", "geometry": {"type": "Point", "coordinates": [14.5, 55.0]}, "properties": {"value": 6.684, "time": "2025-12-26T15:00:00", "date": "2025-12-26", "hour": 15}}, {"type": "Feature", "geometry": {"type": "Point", "coordinates": [14.75, 55.0]}, "properties": {"value": 6.88, "time": "2025-12-26T15:00:00", "date": "2025-12-26", "hour": 15}}, {"type": "Feature", "geometry": {"type": "Point", "coordinates": [15.0, 55.0]}, "properties": {"value": 7.058, "time": "2025-12-26T15:00:00", "date": "2025-12-26", "hour": 15}}, {"type": "Feature", "geometry": {"type": "Point", "coordinates": [5.25, 52.75]}, "properties": {"value": 3.24, "time": "2025-12-26T16:00:00", "date": "2025-12-26", "hour": 16}}, {"type": "Feature", "geometry": {"type": "Point", "coordinates": [5.5, 52.75]}, "properties": {"value": 3.249, "time": "2025-12-26T16:00:00", "date": "2025-12-26", "hour": 16}}, {"type": "Feature", "geometry": {"type": "Point", "coordinates": [5.0, 53.0]}, "properties": {"value": 4.743, "time": "2025-12-26T16:00:00", "date": "2025-12-26", "hour": 16}}, {"type": "Feature", "geometry": {"type": "Point", "coordinates": [5.25, 53.0]}, "properties": {"value": 3.781, "time": "2025-12-26T16:00:00", "date": "2025-12-26", "hour": 16}}, {"type": "Feature", "geometry": {"type": "Point", "coordinates": [5.5, 53.0]}, "properties": {"value": 3.103, "time": "2025-12-26T16:00:00", "date": "2025-12-26", "hour": 16}}, {"type": "Feature", "geometry": {"type": "Point", "coordinates": [5.0, 53.25]}, "properties": {"value": 5.694, "time": "2025-12-26T16:00:00", "date": "2025-12-26", "hour": 16}}, {"type": "Feature", "geometry": {"type": "Point", "coordinates": [5.25, 53.25]}, "properties": {"value": 4.494, "time": "2025-12-26T16:00:00", "date": "2025-12-26", "hour": 16}}, {"type": "Feature", "geometry": {"type": "Point", "coordinates": [5.5, 53.25]}, "properties": {"value": 3.771, "time": "2025-12-26T16:00:00", "date": "2025-12-26", "hour": 16}}, {"type": "Feature", "geometry": {"type": "Point", "coordinates": [5.0, 53.5]}, "properties": {"value": 7.802, "time": "2025-12-26T16:00:00", "date": "2025-12-26", "hour": 16}}, {"type": "Feature", "geometry": {"type": "Point", "coordinates": [5.25, 53.5]}, "properties": {"value": 7.132, "time": "2025-12-26T16:00:00", "date": "2025-12-26", "hour": 16}}, {"type": "Feature", "geometry": {"type": "Point", "coordinates": [5.5, 53.5]}, "properties": {"value": 6.946, "time": "2025-12-26T16:00:00", "date": "2025-12-26", "hour": 16}}, {"type": "Feature", "geometry": {"type": "Point", "coordinates": [5.75, 53.5]}, "properties": {"value": 6.46, "time": "2025-12-26T16:00:00", "date": "2025-12-26", "hour": 16}}, {"type": "Feature", "geometry": {"type": "Point", "coordinates": [6.0, 53.5]}, "properties": {"value": 5.762, "time": "2025-12-26T16:00:00", "date": "2025-12-26", "hour": 16}}, {"type": "Feature", "geometry": {"type": "Point", "coordinates": [6.25, 53.5]}, "properties": {"value": 4.952, "time": "2025-12-26T16:00:00", "date": "2025-12-26", "hour": 16}}, {"type": "Feature", "geometry": {"type": "Point", "coordinates": [6.5, 53.5]}, "properties": {"value": 4.86, "time": "2025-12-26T16:00:00", "date": "2025-12-26", "hour": 16}}, {"type": "Feature", "geometry": {"type": "Point", "coordinates": [6.75, 53.5]}, "properties": {"value": 4.695, "time": "2025-12-26T16:00:00", "date": "2025-12-26", "hour": 16}}, {"type": "Feature", "geometry": {"type": "Point", "coordinates": [5.0, 53.75]}, "properties": {"value": 8.826, "time": "2025-12-26T16:00:00", "date": "2025-12-26", "hour": 16}}, {"type": "Feature", "geometry": {"type": "Point", "coordinates": [5.25, 53.75]}, "properties": {"value": 8.378, "time": "2025-12-26T16:00:00", "date": "2025-12-26", "hour": 16}}, {"type": "Feature", "geometry": {"type": "Point", "coordinates": [5.5, 53.75]}, "properties": {"value": 8.065, "time": "2025-12-26T16:00:00", "date": "2025-12-26", "hour": 16}}, {"type": "Feature", "geometry": {"type": "Point", "coordinates": [5.75, 53.75]}, "properties": {"value": 7.845, "time": "2025-12-26T16:00:00", "date": "2025-12-26", "hour": 16}}, {"type": "Feature", "geometry": {"type": "Point", "coordinates": [6.0, 53.75]}, "properties": {"value": 7.324, "time": "2025-12-26T16:00:00", "date": "2025-12-26", "hour": 16}}, {"type": "Feature", "geometry": {"type": "Point", "coordinates": [6.25, 53.75]}, "properties": {"value": 7.106, "time": "2025-12-26T16:00:00", "date": "2025-12-26", "hour": 16}}, {"type": "Feature", "geometry": {"type": "Point", "coordinates": [6.5, 53.75]}, "properties": {"value": 6.685, "time": "2025-12-26T16:00:00", "date": "2025-12-26", "hour": 16}}, {"type": "Feature", "geometry": {"type": "Point", "coordinates": [6.75, 53.75]}, "properties": {"value": 6.359, "time": "2025-12-26T16:00:00", "date": "2025-12-26", "hour": 16}}, {"type": "Feature", "geometry": {"type": "Point", "coordinates": [7.0, 53.75]}, "properties": {"value": 6.608, "time": "2025-12-26T16:00:00", "date": "2025-12-26", "hour": 16}}, {"type": "Feature", "geometry": {"type": "Point", "coordinates": [7.25, 53.75]}, "properties": {"value": 6.331, "time": "2025-12-26T16:00:00", "date": "2025-12-26", "hour": 16}}, {"type": "Feature", "geometry": {"type": "Point", "coordinates": [7.5, 53.75]}, "properties": {"value": 6.894, "time": "2025-12-26T16:00:00", "date": "2025-12-26", "hour": 16}}, {"type": "Feature", "geometry": {"type": "Point", "coordinates": [7.75, 53.75]}, "properties": {"value": 6.986, "time": "2025-12-26T16:00:00", "date": "2025-12-26", "hour": 16}}, {"type": "Feature", "geometry": {"type": "Point", "coordinates": [8.0, 53.75]}, "properties": {"value": 5.891, "time": "2025-12-26T16:00:00", "date": "2025-12-26", "hour": 16}}, {"type": "Feature", "geometry": {"type": "Point", "coordinates": [8.25, 53.75]}, "properties": {"value": 4.848, "time": "2025-12-26T16:00:00", "date": "2025-12-26", "hour": 16}}, {"type": "Feature", "geometry": {"type": "Point", "coordinates": [8.5, 53.75]}, "properties": {"value": 4.096, "time": "2025-12-26T16:00:00", "date": "2025-12-26", "hour": 16}}, {"type": "Feature", "geometry": {"type": "Point", "coordinates": [8.75, 53.75]}, "properties": {"value": 4.096, "time": "2025-12-26T16:00:00", "date": "2025-12-26", "hour": 16}}, {"type": "Feature", "geometry": {"type": "Point", "coordinates": [14.25, 53.75]}, "properties": {"value": 0.934, "time": "2025-12-26T16:00:00", "date": "2025-12-26", "hour": 16}}, {"type": "Feature", "geometry": {"type": "Point", "coordinates": [14.5, 53.75]}, "properties": {"value": 0.934, "time": "2025-12-26T16:00:00", "date": "2025-12-26", "hour": 16}}, {"type": "Feature", "geometry": {"type": "Point", "coordinates": [5.0, 54.0]}, "properties": {"value": 9.39, "time": "2025-12-26T16:00:00", "date": "2025-12-26", "hour": 16}}, {"type": "Feature", "geometry": {"type": "Point", "coordinates": [5.25, 54.0]}, "properties": {"value": 9.064, "time": "2025-12-26T16:00:00", "date": "2025-12-26", "hour": 16}}, {"type": "Feature", "geometry": {"type": "Point", "coordinates": [5.5, 54.0]}, "properties": {"value": 8.751, "time": "2025-12-26T16:00:00", "date": "2025-12-26", "hour": 16}}, {"type": "Feature", "geometry": {"type": "Point", "coordinates": [5.75, 54.0]}, "properties": {"value": 8.59, "time": "2025-12-26T16:00:00", "date": "2025-12-26", "hour": 16}}, {"type": "Feature", "geometry": {"type": "Point", "coordinates": [6.0, 54.0]}, "properties": {"value": 8.493, "time": "2025-12-26T16:00:00", "date": "2025-12-26", "hour": 16}}, {"type": "Feature", "geometry": {"type": "Point", "coordinates": [6.25, 54.0]}, "properties": {"value": 8.364, "time": "2025-12-26T16:00:00", "date": "2025-12-26", "hour": 16}}, {"type": "Feature", "geometry": {"type": "Point", "coordinates": [6.5, 54.0]}, "properties": {"value": 7.986, "time": "2025-12-26T16:00:00", "date": "2025-12-26", "hour": 16}}, {"type": "Feature", "geometry": {"type": "Point", "coordinates": [6.75, 54.0]}, "properties": {"value": 7.763, "time": "2025-12-26T16:00:00", "date": "2025-12-26", "hour": 16}}, {"type": "Feature", "geometry": {"type": "Point", "coordinates": [7.0, 54.0]}, "properties": {"value": 7.506, "time": "2025-12-26T16:00:00", "date": "2025-12-26", "hour": 16}}, {"type": "Feature", "geometry": {"type": "Point", "coordinates": [7.25, 54.0]}, "properties": {"value": 7.318, "time": "2025-12-26T16:00:00", "date": "2025-12-26", "hour": 16}}, {"type": "Feature", "geometry": {"type": "Point", "coordinates": [7.5, 54.0]}, "properties": {"value": 7.519, "time": "2025-12-26T16:00:00", "date": "2025-12-26", "hour": 16}}, {"type": "Feature", "geometry": {"type": "Point", "coordinates": [7.75, 54.0]}, "properties": {"value": 7.432, "time": "2025-12-26T16:00:00", "date": "2025-12-26", "hour": 16}}, {"type": "Feature", "geometry": {"type": "Point", "coordinates": [8.0, 54.0]}, "properties": {"value": 7.03, "time": "2025-12-26T16:00:00", "date": "2025-12-26", "hour": 16}}, {"type": "Feature", "geometry": {"type": "Point", "coordinates": [8.25, 54.0]}, "properties": {"value": 6.242, "time": "2025-12-26T16:00:00", "date": "2025-12-26", "hour": 16}}, {"type": "Feature", "geometry": {"type": "Point", "coordinates": [8.5, 54.0]}, "properties": {"value": 4.937, "time": "2025-12-26T16:00:00", "date": "2025-12-26", "hour": 16}}, {"type": "Feature", "geometry": {"type": "Point", "coordinates": [11.25, 54.0]}, "properties": {"value": 5.122, "time": "2025-12-26T16:00:00", "date": "2025-12-26", "hour": 16}}, {"type": "Feature", "geometry": {"type": "Point", "coordinates": [14.0, 54.0]}, "properties": {"value": 3.376, "time": "2025-12-26T16:00:00", "date": "2025-12-26", "hour": 16}}, {"type": "Feature", "geometry": {"type": "Point", "coordinates": [14.25, 54.0]}, "properties": {"value": 4.446, "time": "2025-12-26T16:00:00", "date": "2025-12-26", "hour": 16}}, {"type": "Feature", "geometry": {"type": "Point", "coordinates": [14.5, 54.0]}, "properties": {"value": 3.948, "time": "2025-12-26T16:00:00", "date": "2025-12-26", "hour": 16}}, {"type": "Feature", "geometry": {"type": "Point", "coordinates": [14.75, 54.0]}, "properties": {"value": 4.721, "time": "2025-12-26T16:00:00", "date": "2025-12-26", "hour": 16}}, {"type": "Feature", "geometry": {"type": "Point", "coordinates": [5.0, 54.25]}, "properties": {"value": 9.611, "time": "2025-12-26T16:00:00", "date": "2025-12-26", "hour": 16}}, {"type": "Feature", "geometry": {"type": "Point", "coordinates": [5.25, 54.25]}, "properties": {"value": 9.363, "time": "2025-12-26T16:00:00", "date": "2025-12-26", "hour": 16}}, {"type": "Feature", "geometry": {"type": "Point", "coordinates": [5.5, 54.25]}, "properties": {"value": 9.181, "time": "2025-12-26T16:00:00", "date": "2025-12-26", "hour": 16}}, {"type": "Feature", "geometry": {"type": "Point", "coordinates": [5.75, 54.25]}, "properties": {"value": 9.034, "time": "2025-12-26T16:00:00", "date": "2025-12-26", "hour": 16}}, {"type": "Feature", "geometry": {"type": "Point", "coordinates": [6.0, 54.25]}, "properties": {"value": 8.907, "time": "2025-12-26T16:00:00", "date": "2025-12-26", "hour": 16}}, {"type": "Feature", "geometry": {"type": "Point", "coordinates": [6.25, 54.25]}, "properties": {"value": 8.875, "time": "2025-12-26T16:00:00", "date": "2025-12-26", "hour": 16}}, {"type": "Feature", "geometry": {"type": "Point", "coordinates": [6.5, 54.25]}, "properties": {"value": 8.87, "time": "2025-12-26T16:00:00", "date": "2025-12-26", "hour": 16}}, {"type": "Feature", "geometry": {"type": "Point", "coordinates": [6.75, 54.25]}, "properties": {"value": 8.635, "time": "2025-12-26T16:00:00", "date": "2025-12-26", "hour": 16}}, {"type": "Feature", "geometry": {"type": "Point", "coordinates": [7.0, 54.25]}, "properties": {"value": 8.38, "time": "2025-12-26T16:00:00", "date": "2025-12-26", "hour": 16}}, {"type": "Feature", "geometry": {"type": "Point", "coordinates": [7.25, 54.25]}, "properties": {"value": 7.845, "time": "2025-12-26T16:00:00", "date": "2025-12-26", "hour": 16}}, {"type": "Feature", "geometry": {"type": "Point", "coordinates": [7.5, 54.25]}, "properties": {"value": 7.526, "time": "2025-12-26T16:00:00", "date": "2025-12-26", "hour": 16}}, {"type": "Feature", "geometry": {"type": "Point", "coordinates": [7.75, 54.25]}, "properties": {"value": 7.333, "time": "2025-12-26T16:00:00", "date": "2025-12-26", "hour": 16}}, {"type": "Feature", "geometry": {"type": "Point", "coordinates": [8.0, 54.25]}, "properties": {"value": 7.068, "time": "2025-12-26T16:00:00", "date": "2025-12-26", "hour": 16}}, {"type": "Feature", "geometry": {"type": "Point", "coordinates": [8.25, 54.25]}, "properties": {"value": 5.934, "time": "2025-12-26T16:00:00", "date": "2025-12-26", "hour": 16}}, {"type": "Feature", "geometry": {"type": "Point", "coordinates": [8.5, 54.25]}, "properties": {"value": 4.685, "time": "2025-12-26T16:00:00", "date": "2025-12-26", "hour": 16}}, {"type": "Feature", "geometry": {"type": "Point", "coordinates": [10.75, 54.25]}, "properties": {"value": 5.437, "time": "2025-12-26T16:00:00", "date": "2025-12-26", "hour": 16}}, {"type": "Feature", "geometry": {"type": "Point", "coordinates": [11.25, 54.25]}, "properties": {"value": 5.213, "time": "2025-12-26T16:00:00", "date": "2025-12-26", "hour": 16}}, {"type": "Feature", "geometry": {"type": "Point", "coordinates": [11.75, 54.25]}, "properties": {"value": 5.469, "time": "2025-12-26T16:00:00", "date": "2025-12-26", "hour": 16}}, {"type": "Feature", "geometry": {"type": "Point", "coordinates": [12.25, 54.25]}, "properties": {"value": 5.571, "time": "2025-12-26T16:00:00", "date": "2025-12-26", "hour": 16}}, {"type": "Feature", "geometry": {"type": "Point", "coordinates": [13.75, 54.25]}, "properties": {"value": 3.253, "time": "2025-12-26T16:00:00", "date": "2025-12-26", "hour": 16}}, {"type": "Feature", "geometry": {"type": "Point", "coordinates": [14.0, 54.25]}, "properties": {"value": 4.088, "time": "2025-12-26T16:00:00", "date": "2025-12-26", "hour": 16}}, {"type": "Feature", "geometry": {"type": "Point", "coordinates": [14.25, 54.25]}, "properties": {"value": 4.856, "time": "2025-12-26T16:00:00", "date": "2025-12-26", "hour": 16}}, {"type": "Feature", "geometry": {"type": "Point", "coordinates": [14.5, 54.25]}, "properties": {"value": 5.434, "time": "2025-12-26T16:00:00", "date": "2025-12-26", "hour": 16}}, {"type": "Feature", "geometry": {"type": "Point", "coordinates": [14.75, 54.25]}, "properties": {"value": 5.612, "time": "2025-12-26T16:00:00", "date": "2025-12-26", "hour": 16}}, {"type": "Feature", "geometry": {"type": "Point", "coordinates": [15.0, 54.25]}, "properties": {"value": 5.983, "time": "2025-12-26T16:00:00", "date": "2025-12-26", "hour": 16}}, {"type": "Feature", "geometry": {"type": "Point", "coordinates": [5.0, 54.5]}, "properties": {"value": 9.654, "time": "2025-12-26T16:00:00", "date": "2025-12-26", "hour": 16}}, {"type": "Feature", "geometry": {"type": "Point", "coordinates": [5.25, 54.5]}, "properties": {"value": 9.607, "time": "2025-12-26T16:00:00", "date": "2025-12-26", "hour": 16}}, {"type": "Feature", "geometry": {"type": "Point", "coordinates": [5.5, 54.5]}, "properties": {"value": 9.477, "time": "2025-12-26T16:00:00", "date": "2025-12-26", "hour": 16}}, {"type": "Feature", "geometry": {"type": "Point", "coordinates": [5.75, 54.5]}, "properties": {"value": 9.325, "time": "2025-12-26T16:00:00", "date": "2025-12-26", "hour": 16}}, {"type": "Feature", "geometry": {"type": "Point", "coordinates": [6.0, 54.5]}, "properties": {"value": 9.165, "time": "2025-12-26T16:00:00", "date": "2025-12-26", "hour": 16}}, {"type": "Feature", "geometry": {"type": "Point", "coordinates": [6.25, 54.5]}, "properties": {"value": 9.063, "time": "2025-12-26T16:00:00", "date": "2025-12-26", "hour": 16}}, {"type": "Feature", "geometry": {"type": "Point", "coordinates": [6.5, 54.5]}, "properties": {"value": 9.106, "time": "2025-12-26T16:00:00", "date": "2025-12-26", "hour": 16}}, {"type": "Feature", "geometry": {"type": "Point", "coordinates": [6.75, 54.5]}, "properties": {"value": 8.931, "time": "2025-12-26T16:00:00", "date": "2025-12-26", "hour": 16}}, {"type": "Feature", "geometry": {"type": "Point", "coordinates": [7.0, 54.5]}, "properties": {"value": 8.478, "time": "2025-12-26T16:00:00", "date": "2025-12-26", "hour": 16}}, {"type": "Feature", "geometry": {"type": "Point", "coordinates": [7.25, 54.5]}, "properties": {"value": 7.731, "time": "2025-12-26T16:00:00", "date": "2025-12-26", "hour": 16}}, {"type": "Feature", "geometry": {"type": "Point", "coordinates": [7.5, 54.5]}, "properties": {"value": 6.981, "time": "2025-12-26T16:00:00", "date": "2025-12-26", "hour": 16}}, {"type": "Feature", "geometry": {"type": "Point", "coordinates": [7.75, 54.5]}, "properties": {"value": 6.704, "time": "2025-12-26T16:00:00", "date": "2025-12-26", "hour": 16}}, {"type": "Feature", "geometry": {"type": "Point", "coordinates": [8.0, 54.5]}, "properties": {"value": 5.901, "time": "2025-12-26T16:00:00", "date": "2025-12-26", "hour": 16}}, {"type": "Feature", "geometry": {"type": "Point", "coordinates": [8.25, 54.5]}, "properties": {"value": 4.62, "time": "2025-12-26T16:00:00", "date": "2025-12-26", "hour": 16}}, {"type": "Feature", "geometry": {"type": "Point", "coordinates": [8.5, 54.5]}, "properties": {"value": 3.574, "time": "2025-12-26T16:00:00", "date": "2025-12-26", "hour": 16}}, {"type": "Feature", "geometry": {"type": "Point", "coordinates": [10.5, 54.5]}, "properties": {"value": 5.53, "time": "2025-12-26T16:00:00", "date": "2025-12-26", "hour": 16}}, {"type": "Feature", "geometry": {"type": "Point", "coordinates": [10.75, 54.5]}, "properties": {"value": 5.328, "time": "2025-12-26T16:00:00", "date": "2025-12-26", "hour": 16}}, {"type": "Feature", "geometry": {"type": "Point", "coordinates": [11.0, 54.5]}, "properties": {"value": 5.139, "time": "2025-12-26T16:00:00", "date": "2025-12-26", "hour": 16}}, {"type": "Feature", "geometry": {"type": "Point", "coordinates": [11.25, 54.5]}, "properties": {"value": 5.06, "time": "2025-12-26T16:00:00", "date": "2025-12-26", "hour": 16}}, {"type": "Feature", "geometry": {"type": "Point", "coordinates": [11.5, 54.5]}, "properties": {"value": 5.155, "time": "2025-12-26T16:00:00", "date": "2025-12-26", "hour": 16}}, {"type": "Feature", "geometry": {"type": "Point", "coordinates": [11.75, 54.5]}, "properties": {"value": 5.523, "time": "2025-12-26T16:00:00", "date": "2025-12-26", "hour": 16}}, {"type": "Feature", "geometry": {"type": "Point", "coordinates": [12.0, 54.5]}, "properties": {"value": 5.705, "time": "2025-12-26T16:00:00", "date": "2025-12-26", "hour": 16}}, {"type": "Feature", "geometry": {"type": "Point", "coordinates": [12.25, 54.5]}, "properties": {"value": 5.774, "time": "2025-12-26T16:00:00", "date": "2025-12-26", "hour": 16}}, {"type": "Feature", "geometry": {"type": "Point", "coordinates": [13.0, 54.5]}, "properties": {"value": 5.655, "time": "2025-12-26T16:00:00", "date": "2025-12-26", "hour": 16}}, {"type": "Feature", "geometry": {"type": "Point", "coordinates": [13.25, 54.5]}, "properties": {"value": 4.774, "time": "2025-12-26T16:00:00", "date": "2025-12-26", "hour": 16}}, {"type": "Feature", "geometry": {"type": "Point", "coordinates": [13.5, 54.5]}, "properties": {"value": 4.289, "time": "2025-12-26T16:00:00", "date": "2025-12-26", "hour": 16}}, {"type": "Feature", "geometry": {"type": "Point", "coordinates": [13.75, 54.5]}, "properties": {"value": 4.353, "time": "2025-12-26T16:00:00", "date": "2025-12-26", "hour": 16}}, {"type": "Feature", "geometry": {"type": "Point", "coordinates": [14.0, 54.5]}, "properties": {"value": 5.093, "time": "2025-12-26T16:00:00", "date": "2025-12-26", "hour": 16}}, {"type": "Feature", "geometry": {"type": "Point", "coordinates": [14.25, 54.5]}, "properties": {"value": 5.782, "time": "2025-12-26T16:00:00", "date": "2025-12-26", "hour": 16}}, {"type": "Feature", "geometry": {"type": "Point", "coordinates": [14.5, 54.5]}, "properties": {"value": 6.421, "time": "2025-12-26T16:00:00", "date": "2025-12-26", "hour": 16}}, {"type": "Feature", "geometry": {"type": "Point", "coordinates": [14.75, 54.5]}, "properties": {"value": 6.673, "time": "2025-12-26T16:00:00", "date": "2025-12-26", "hour": 16}}, {"type": "Feature", "geometry": {"type": "Point", "coordinates": [15.0, 54.5]}, "properties": {"value": 6.935, "time": "2025-12-26T16:00:00", "date": "2025-12-26", "hour": 16}}, {"type": "Feature", "geometry": {"type": "Point", "coordinates": [5.0, 54.75]}, "properties": {"value": 9.679, "time": "2025-12-26T16:00:00", "date": "2025-12-26", "hour": 16}}, {"type": "Feature", "geometry": {"type": "Point", "coordinates": [5.25, 54.75]}, "properties": {"value": 9.632, "time": "2025-12-26T16:00:00", "date": "2025-12-26", "hour": 16}}, {"type": "Feature", "geometry": {"type": "Point", "coordinates": [5.5, 54.75]}, "properties": {"value": 9.566, "time": "2025-12-26T16:00:00", "date": "2025-12-26", "hour": 16}}, {"type": "Feature", "geometry": {"type": "Point", "coordinates": [5.75, 54.75]}, "properties": {"value": 9.53, "time": "2025-12-26T16:00:00", "date": "2025-12-26", "hour": 16}}, {"type": "Feature", "geometry": {"type": "Point", "coordinates": [6.0, 54.75]}, "properties": {"value": 9.341, "time": "2025-12-26T16:00:00", "date": "2025-12-26", "hour": 16}}, {"type": "Feature", "geometry": {"type": "Point", "coordinates": [6.25, 54.75]}, "properties": {"value": 9.239, "time": "2025-12-26T16:00:00", "date": "2025-12-26", "hour": 16}}, {"type": "Feature", "geometry": {"type": "Point", "coordinates": [6.5, 54.75]}, "properties": {"value": 9.036, "time": "2025-12-26T16:00:00", "date": "2025-12-26", "hour": 16}}, {"type": "Feature", "geometry": {"type": "Point", "coordinates": [6.75, 54.75]}, "properties": {"value": 8.434, "time": "2025-12-26T16:00:00", "date": "2025-12-26", "hour": 16}}, {"type": "Feature", "geometry": {"type": "Point", "coordinates": [7.0, 54.75]}, "properties": {"value": 7.887, "time": "2025-12-26T16:00:00", "date": "2025-12-26", "hour": 16}}, {"type": "Feature", "geometry": {"type": "Point", "coordinates": [7.25, 54.75]}, "properties": {"value": 7.143, "time": "2025-12-26T16:00:00", "date": "2025-12-26", "hour": 16}}, {"type": "Feature", "geometry": {"type": "Point", "coordinates": [7.5, 54.75]}, "properties": {"value": 6.475, "time": "2025-12-26T16:00:00", "date": "2025-12-26", "hour": 16}}, {"type": "Feature", "geometry": {"type": "Point", "coordinates": [7.75, 54.75]}, "properties": {"value": 5.799, "time": "2025-12-26T16:00:00", "date": "2025-12-26", "hour": 16}}, {"type": "Feature", "geometry": {"type": "Point", "coordinates": [8.0, 54.75]}, "properties": {"value": 4.965, "time": "2025-12-26T16:00:00", "date": "2025-12-26", "hour": 16}}, {"type": "Feature", "geometry": {"type": "Point", "coordinates": [8.25, 54.75]}, "properties": {"value": 3.672, "time": "2025-12-26T16:00:00", "date": "2025-12-26", "hour": 16}}, {"type": "Feature", "geometry": {"type": "Point", "coordinates": [8.5, 54.75]}, "properties": {"value": 2.753, "time": "2025-12-26T16:00:00", "date": "2025-12-26", "hour": 16}}, {"type": "Feature", "geometry": {"type": "Point", "coordinates": [10.25, 54.75]}, "properties": {"value": 5.647, "time": "2025-12-26T16:00:00", "date": "2025-12-26", "hour": 16}}, {"type": "Feature", "geometry": {"type": "Point", "coordinates": [10.5, 54.75]}, "properties": {"value": 5.221, "time": "2025-12-26T16:00:00", "date": "2025-12-26", "hour": 16}}, {"type": "Feature", "geometry": {"type": "Point", "coordinates": [10.75, 54.75]}, "properties": {"value": 4.946, "time": "2025-12-26T16:00:00", "date": "2025-12-26", "hour": 16}}, {"type": "Feature", "geometry": {"type": "Point", "coordinates": [11.0, 54.75]}, "properties": {"value": 4.75, "time": "2025-12-26T16:00:00", "date": "2025-12-26", "hour": 16}}, {"type": "Feature", "geometry": {"type": "Point", "coordinates": [11.25, 54.75]}, "properties": {"value": 4.654, "time": "2025-12-26T16:00:00", "date": "2025-12-26", "hour": 16}}, {"type": "Feature", "geometry": {"type": "Point", "coordinates": [11.5, 54.75]}, "properties": {"value": 4.617, "time": "2025-12-26T16:00:00", "date": "2025-12-26", "hour": 16}}, {"type": "Feature", "geometry": {"type": "Point", "coordinates": [12.0, 54.75]}, "properties": {"value": 5.438, "time": "2025-12-26T16:00:00", "date": "2025-12-26", "hour": 16}}, {"type": "Feature", "geometry": {"type": "Point", "coordinates": [12.25, 54.75]}, "properties": {"value": 5.93, "time": "2025-12-26T16:00:00", "date": "2025-12-26", "hour": 16}}, {"type": "Feature", "geometry": {"type": "Point", "coordinates": [12.5, 54.75]}, "properties": {"value": 6.082, "time": "2025-12-26T16:00:00", "date": "2025-12-26", "hour": 16}}, {"type": "Feature", "geometry": {"type": "Point", "coordinates": [12.75, 54.75]}, "properties": {"value": 6.039, "time": "2025-12-26T16:00:00", "date": "2025-12-26", "hour": 16}}, {"type": "Feature", "geometry": {"type": "Point", "coordinates": [13.0, 54.75]}, "properties": {"value": 5.812, "time": "2025-12-26T16:00:00", "date": "2025-12-26", "hour": 16}}, {"type": "Feature", "geometry": {"type": "Point", "coordinates": [13.25, 54.75]}, "properties": {"value": 5.866, "time": "2025-12-26T16:00:00", "date": "2025-12-26", "hour": 16}}, {"type": "Feature", "geometry": {"type": "Point", "coordinates": [13.5, 54.75]}, "properties": {"value": 5.763, "time": "2025-12-26T16:00:00", "date": "2025-12-26", "hour": 16}}, {"type": "Feature", "geometry": {"type": "Point", "coordinates": [13.75, 54.75]}, "properties": {"value": 5.826, "time": "2025-12-26T16:00:00", "date": "2025-12-26", "hour": 16}}, {"type": "Feature", "geometry": {"type": "Point", "coordinates": [14.0, 54.75]}, "properties": {"value": 5.986, "time": "2025-12-26T16:00:00", "date": "2025-12-26", "hour": 16}}, {"type": "Feature", "geometry": {"type": "Point", "coordinates": [14.25, 54.75]}, "properties": {"value": 6.179, "time": "2025-12-26T16:00:00", "date": "2025-12-26", "hour": 16}}, {"type": "Feature", "geometry": {"type": "Point", "coordinates": [14.5, 54.75]}, "properties": {"value": 6.817, "time": "2025-12-26T16:00:00", "date": "2025-12-26", "hour": 16}}, {"type": "Feature", "geometry": {"type": "Point", "coordinates": [14.75, 54.75]}, "properties": {"value": 7.063, "time": "2025-12-26T16:00:00", "date": "2025-12-26", "hour": 16}}, {"type": "Feature", "geometry": {"type": "Point", "coordinates": [15.0, 54.75]}, "properties": {"value": 7.245, "time": "2025-12-26T16:00:00", "date": "2025-12-26", "hour": 16}}, {"type": "Feature", "geometry": {"type": "Point", "coordinates": [5.0, 55.0]}, "properties": {"value": 9.525, "time": "2025-12-26T16:00:00", "date": "2025-12-26", "hour": 16}}, {"type": "Feature", "geometry": {"type": "Point", "coordinates": [5.25, 55.0]}, "properties": {"value": 9.539, "time": "2025-12-26T16:00:00", "date": "2025-12-26", "hour": 16}}, {"type": "Feature", "geometry": {"type": "Point", "coordinates": [5.5, 55.0]}, "properties": {"value": 9.568, "time": "2025-12-26T16:00:00", "date": "2025-12-26", "hour": 16}}, {"type": "Feature", "geometry": {"type": "Point", "coordinates": [5.75, 55.0]}, "properties": {"value": 9.532, "time": "2025-12-26T16:00:00", "date": "2025-12-26", "hour": 16}}, {"type": "Feature", "geometry": {"type": "Point", "coordinates": [6.0, 55.0]}, "properties": {"value": 9.436, "time": "2025-12-26T16:00:00", "date": "2025-12-26", "hour": 16}}, {"type": "Feature", "geometry": {"type": "Point", "coordinates": [6.25, 55.0]}, "properties": {"value": 9.126, "time": "2025-12-26T16:00:00", "date": "2025-12-26", "hour": 16}}, {"type": "Feature", "geometry": {"type": "Point", "coordinates": [6.5, 55.0]}, "properties": {"value": 8.623, "time": "2025-12-26T16:00:00", "date": "2025-12-26", "hour": 16}}, {"type": "Feature", "geometry": {"type": "Point", "coordinates": [6.75, 55.0]}, "properties": {"value": 8.006, "time": "2025-12-26T16:00:00", "date": "2025-12-26", "hour": 16}}, {"type": "Feature", "geometry": {"type": "Point", "coordinates": [7.0, 55.0]}, "properties": {"value": 7.35, "time": "2025-12-26T16:00:00", "date": "2025-12-26", "hour": 16}}, {"type": "Feature", "geometry": {"type": "Point", "coordinates": [7.25, 55.0]}, "properties": {"value": 6.876, "time": "2025-12-26T16:00:00", "date": "2025-12-26", "hour": 16}}, {"type": "Feature", "geometry": {"type": "Point", "coordinates": [7.5, 55.0]}, "properties": {"value": 6.284, "time": "2025-12-26T16:00:00", "date": "2025-12-26", "hour": 16}}, {"type": "Feature", "geometry": {"type": "Point", "coordinates": [7.75, 55.0]}, "properties": {"value": 5.676, "time": "2025-12-26T16:00:00", "date": "2025-12-26", "hour": 16}}, {"type": "Feature", "geometry": {"type": "Point", "coordinates": [8.0, 55.0]}, "properties": {"value": 5.122, "time": "2025-12-26T16:00:00", "date": "2025-12-26", "hour": 16}}, {"type": "Feature", "geometry": {"type": "Point", "coordinates": [8.25, 55.0]}, "properties": {"value": 4.069, "time": "2025-12-26T16:00:00", "date": "2025-12-26", "hour": 16}}, {"type": "Feature", "geometry": {"type": "Point", "coordinates": [8.5, 55.0]}, "properties": {"value": 3.238, "time": "2025-12-26T16:00:00", "date": "2025-12-26", "hour": 16}}, {"type": "Feature", "geometry": {"type": "Point", "coordinates": [10.25, 55.0]}, "properties": {"value": 5.754, "time": "2025-12-26T16:00:00", "date": "2025-12-26", "hour": 16}}, {"type": "Feature", "geometry": {"type": "Point", "coordinates": [10.5, 55.0]}, "properties": {"value": 5.124, "time": "2025-12-26T16:00:00", "date": "2025-12-26", "hour": 16}}, {"type": "Feature", "geometry": {"type": "Point", "coordinates": [10.75, 55.0]}, "properties": {"value": 4.505, "time": "2025-12-26T16:00:00", "date": "2025-12-26", "hour": 16}}, {"type": "Feature", "geometry": {"type": "Point", "coordinates": [11.0, 55.0]}, "properties": {"value": 4.595, "time": "2025-12-26T16:00:00", "date": "2025-12-26", "hour": 16}}, {"type": "Feature", "geometry": {"type": "Point", "coordinates": [11.25, 55.0]}, "properties": {"value": 4.561, "time": "2025-12-26T16:00:00", "date": "2025-12-26", "hour": 16}}, {"type": "Feature", "geometry": {"type": "Point", "coordinates": [11.5, 55.0]}, "properties": {"value": 4.547, "time": "2025-12-26T16:00:00", "date": "2025-12-26", "hour": 16}}, {"type": "Feature", "geometry": {"type": "Point", "coordinates": [11.75, 55.0]}, "properties": {"value": 4.416, "time": "2025-12-26T16:00:00", "date": "2025-12-26", "hour": 16}}, {"type": "Feature", "geometry": {"type": "Point", "coordinates": [12.0, 55.0]}, "properties": {"value": 5.006, "time": "2025-12-26T16:00:00", "date": "2025-12-26", "hour": 16}}, {"type": "Feature", "geometry": {"type": "Point", "coordinates": [12.25, 55.0]}, "properties": {"value": 5.693, "time": "2025-12-26T16:00:00", "date": "2025-12-26", "hour": 16}}, {"type": "Feature", "geometry": {"type": "Point", "coordinates": [12.5, 55.0]}, "properties": {"value": 6.038, "time": "2025-12-26T16:00:00", "date": "2025-12-26", "hour": 16}}, {"type": "Feature", "geometry": {"type": "Point", "coordinates": [12.75, 55.0]}, "properties": {"value": 6.175, "time": "2025-12-26T16:00:00", "date": "2025-12-26", "hour": 16}}, {"type": "Feature", "geometry": {"type": "Point", "coordinates": [13.0, 55.0]}, "properties": {"value": 6.266, "time": "2025-12-26T16:00:00", "date": "2025-12-26", "hour": 16}}, {"type": "Feature", "geometry": {"type": "Point", "coordinates": [13.25, 55.0]}, "properties": {"value": 6.319, "time": "2025-12-26T16:00:00", "date": "2025-12-26", "hour": 16}}, {"type": "Feature", "geometry": {"type": "Point", "coordinates": [13.5, 55.0]}, "properties": {"value": 6.339, "time": "2025-12-26T16:00:00", "date": "2025-12-26", "hour": 16}}, {"type": "Feature", "geometry": {"type": "Point", "coordinates": [13.75, 55.0]}, "properties": {"value": 6.4, "time": "2025-12-26T16:00:00", "date": "2025-12-26", "hour": 16}}, {"type": "Feature", "geometry": {"type": "Point", "coordinates": [14.0, 55.0]}, "properties": {"value": 6.533, "time": "2025-12-26T16:00:00", "date": "2025-12-26", "hour": 16}}, {"type": "Feature", "geometry": {"type": "Point", "coordinates": [14.25, 55.0]}, "properties": {"value": 6.643, "time": "2025-12-26T16:00:00", "date": "2025-12-26", "hour": 16}}, {"type": "Feature", "geometry": {"type": "Point", "coordinates": [14.5, 55.0]}, "properties": {"value": 6.684, "time": "2025-12-26T16:00:00", "date": "2025-12-26", "hour": 16}}, {"type": "Feature", "geometry": {"type": "Point", "coordinates": [14.75, 55.0]}, "properties": {"value": 6.88, "time": "2025-12-26T16:00:00", "date": "2025-12-26", "hour": 16}}, {"type": "Feature", "geometry": {"type": "Point", "coordinates": [15.0, 55.0]}, "properties": {"value": 7.058, "time": "2025-12-26T16:00:00", "date": "2025-12-26", "hour": 16}}, {"type": "Feature", "geometry": {"type": "Point", "coordinates": [5.25, 52.75]}, "properties": {"value": 3.24, "time": "2025-12-26T17:00:00", "date": "2025-12-26", "hour": 17}}, {"type": "Feature", "geometry": {"type": "Point", "coordinates": [5.5, 52.75]}, "properties": {"value": 3.249, "time": "2025-12-26T17:00:00", "date": "2025-12-26", "hour": 17}}, {"type": "Feature", "geometry": {"type": "Point", "coordinates": [5.0, 53.0]}, "properties": {"value": 4.743, "time": "2025-12-26T17:00:00", "date": "2025-12-26", "hour": 17}}, {"type": "Feature", "geometry": {"type": "Point", "coordinates": [5.25, 53.0]}, "properties": {"value": 3.781, "time": "2025-12-26T17:00:00", "date": "2025-12-26", "hour": 17}}, {"type": "Feature", "geometry": {"type": "Point", "coordinates": [5.5, 53.0]}, "properties": {"value": 3.103, "time": "2025-12-26T17:00:00", "date": "2025-12-26", "hour": 17}}, {"type": "Feature", "geometry": {"type": "Point", "coordinates": [5.0, 53.25]}, "properties": {"value": 5.694, "time": "2025-12-26T17:00:00", "date": "2025-12-26", "hour": 17}}, {"type": "Feature", "geometry": {"type": "Point", "coordinates": [5.25, 53.25]}, "properties": {"value": 4.494, "time": "2025-12-26T17:00:00", "date": "2025-12-26", "hour": 17}}, {"type": "Feature", "geometry": {"type": "Point", "coordinates": [5.5, 53.25]}, "properties": {"value": 3.771, "time": "2025-12-26T17:00:00", "date": "2025-12-26", "hour": 17}}, {"type": "Feature", "geometry": {"type": "Point", "coordinates": [5.0, 53.5]}, "properties": {"value": 7.802, "time": "2025-12-26T17:00:00", "date": "2025-12-26", "hour": 17}}, {"type": "Feature", "geometry": {"type": "Point", "coordinates": [5.25, 53.5]}, "properties": {"value": 7.132, "time": "2025-12-26T17:00:00", "date": "2025-12-26", "hour": 17}}, {"type": "Feature", "geometry": {"type": "Point", "coordinates": [5.5, 53.5]}, "properties": {"value": 6.946, "time": "2025-12-26T17:00:00", "date": "2025-12-26", "hour": 17}}, {"type": "Feature", "geometry": {"type": "Point", "coordinates": [5.75, 53.5]}, "properties": {"value": 6.46, "time": "2025-12-26T17:00:00", "date": "2025-12-26", "hour": 17}}, {"type": "Feature", "geometry": {"type": "Point", "coordinates": [6.0, 53.5]}, "properties": {"value": 5.762, "time": "2025-12-26T17:00:00", "date": "2025-12-26", "hour": 17}}, {"type": "Feature", "geometry": {"type": "Point", "coordinates": [6.25, 53.5]}, "properties": {"value": 4.952, "time": "2025-12-26T17:00:00", "date": "2025-12-26", "hour": 17}}, {"type": "Feature", "geometry": {"type": "Point", "coordinates": [6.5, 53.5]}, "properties": {"value": 4.86, "time": "2025-12-26T17:00:00", "date": "2025-12-26", "hour": 17}}, {"type": "Feature", "geometry": {"type": "Point", "coordinates": [6.75, 53.5]}, "properties": {"value": 4.695, "time": "2025-12-26T17:00:00", "date": "2025-12-26", "hour": 17}}, {"type": "Feature", "geometry": {"type": "Point", "coordinates": [5.0, 53.75]}, "properties": {"value": 8.826, "time": "2025-12-26T17:00:00", "date": "2025-12-26", "hour": 17}}, {"type": "Feature", "geometry": {"type": "Point", "coordinates": [5.25, 53.75]}, "properties": {"value": 8.378, "time": "2025-12-26T17:00:00", "date": "2025-12-26", "hour": 17}}, {"type": "Feature", "geometry": {"type": "Point", "coordinates": [5.5, 53.75]}, "properties": {"value": 8.065, "time": "2025-12-26T17:00:00", "date": "2025-12-26", "hour": 17}}, {"type": "Feature", "geometry": {"type": "Point", "coordinates": [5.75, 53.75]}, "properties": {"value": 7.845, "time": "2025-12-26T17:00:00", "date": "2025-12-26", "hour": 17}}, {"type": "Feature", "geometry": {"type": "Point", "coordinates": [6.0, 53.75]}, "properties": {"value": 7.324, "time": "2025-12-26T17:00:00", "date": "2025-12-26", "hour": 17}}, {"type": "Feature", "geometry": {"type": "Point", "coordinates": [6.25, 53.75]}, "properties": {"value": 7.106, "time": "2025-12-26T17:00:00", "date": "2025-12-26", "hour": 17}}, {"type": "Feature", "geometry": {"type": "Point", "coordinates": [6.5, 53.75]}, "properties": {"value": 6.685, "time": "2025-12-26T17:00:00", "date": "2025-12-26", "hour": 17}}, {"type": "Feature", "geometry": {"type": "Point", "coordinates": [6.75, 53.75]}, "properties": {"value": 6.359, "time": "2025-12-26T17:00:00", "date": "2025-12-26", "hour": 17}}, {"type": "Feature", "geometry": {"type": "Point", "coordinates": [7.0, 53.75]}, "properties": {"value": 6.608, "time": "2025-12-26T17:00:00", "date": "2025-12-26", "hour": 17}}, {"type": "Feature", "geometry": {"type": "Point", "coordinates": [7.25, 53.75]}, "properties": {"value": 6.331, "time": "2025-12-26T17:00:00", "date": "2025-12-26", "hour": 17}}, {"type": "Feature", "geometry": {"type": "Point", "coordinates": [7.5, 53.75]}, "properties": {"value": 6.894, "time": "2025-12-26T17:00:00", "date": "2025-12-26", "hour": 17}}, {"type": "Feature", "geometry": {"type": "Point", "coordinates": [7.75, 53.75]}, "properties": {"value": 6.986, "time": "2025-12-26T17:00:00", "date": "2025-12-26", "hour": 17}}, {"type": "Feature", "geometry": {"type": "Point", "coordinates": [8.0, 53.75]}, "properties": {"value": 5.891, "time": "2025-12-26T17:00:00", "date": "2025-12-26", "hour": 17}}, {"type": "Feature", "geometry": {"type": "Point", "coordinates": [8.25, 53.75]}, "properties": {"value": 4.848, "time": "2025-12-26T17:00:00", "date": "2025-12-26", "hour": 17}}, {"type": "Feature", "geometry": {"type": "Point", "coordinates": [8.5, 53.75]}, "properties": {"value": 4.096, "time": "2025-12-26T17:00:00", "date": "2025-12-26", "hour": 17}}, {"type": "Feature", "geometry": {"type": "Point", "coordinates": [8.75, 53.75]}, "properties": {"value": 4.096, "time": "2025-12-26T17:00:00", "date": "2025-12-26", "hour": 17}}, {"type": "Feature", "geometry": {"type": "Point", "coordinates": [14.25, 53.75]}, "properties": {"value": 0.934, "time": "2025-12-26T17:00:00", "date": "2025-12-26", "hour": 17}}, {"type": "Feature", "geometry": {"type": "Point", "coordinates": [14.5, 53.75]}, "properties": {"value": 0.934, "time": "2025-12-26T17:00:00", "date": "2025-12-26", "hour": 17}}, {"type": "Feature", "geometry": {"type": "Point", "coordinates": [5.0, 54.0]}, "properties": {"value": 9.39, "time": "2025-12-26T17:00:00", "date": "2025-12-26", "hour": 17}}, {"type": "Feature", "geometry": {"type": "Point", "coordinates": [5.25, 54.0]}, "properties": {"value": 9.064, "time": "2025-12-26T17:00:00", "date": "2025-12-26", "hour": 17}}, {"type": "Feature", "geometry": {"type": "Point", "coordinates": [5.5, 54.0]}, "properties": {"value": 8.751, "time": "2025-12-26T17:00:00", "date": "2025-12-26", "hour": 17}}, {"type": "Feature", "geometry": {"type": "Point", "coordinates": [5.75, 54.0]}, "properties": {"value": 8.59, "time": "2025-12-26T17:00:00", "date": "2025-12-26", "hour": 17}}, {"type": "Feature", "geometry": {"type": "Point", "coordinates": [6.0, 54.0]}, "properties": {"value": 8.493, "time": "2025-12-26T17:00:00", "date": "2025-12-26", "hour": 17}}, {"type": "Feature", "geometry": {"type": "Point", "coordinates": [6.25, 54.0]}, "properties": {"value": 8.364, "time": "2025-12-26T17:00:00", "date": "2025-12-26", "hour": 17}}, {"type": "Feature", "geometry": {"type": "Point", "coordinates": [6.5, 54.0]}, "properties": {"value": 7.986, "time": "2025-12-26T17:00:00", "date": "2025-12-26", "hour": 17}}, {"type": "Feature", "geometry": {"type": "Point", "coordinates": [6.75, 54.0]}, "properties": {"value": 7.763, "time": "2025-12-26T17:00:00", "date": "2025-12-26", "hour": 17}}, {"type": "Feature", "geometry": {"type": "Point", "coordinates": [7.0, 54.0]}, "properties": {"value": 7.506, "time": "2025-12-26T17:00:00", "date": "2025-12-26", "hour": 17}}, {"type": "Feature", "geometry": {"type": "Point", "coordinates": [7.25, 54.0]}, "properties": {"value": 7.318, "time": "2025-12-26T17:00:00", "date": "2025-12-26", "hour": 17}}, {"type": "Feature", "geometry": {"type": "Point", "coordinates": [7.5, 54.0]}, "properties": {"value": 7.519, "time": "2025-12-26T17:00:00", "date": "2025-12-26", "hour": 17}}, {"type": "Feature", "geometry": {"type": "Point", "coordinates": [7.75, 54.0]}, "properties": {"value": 7.432, "time": "2025-12-26T17:00:00", "date": "2025-12-26", "hour": 17}}, {"type": "Feature", "geometry": {"type": "Point", "coordinates": [8.0, 54.0]}, "properties": {"value": 7.03, "time": "2025-12-26T17:00:00", "date": "2025-12-26", "hour": 17}}, {"type": "Feature", "geometry": {"type": "Point", "coordinates": [8.25, 54.0]}, "properties": {"value": 6.242, "time": "2025-12-26T17:00:00", "date": "2025-12-26", "hour": 17}}, {"type": "Feature", "geometry": {"type": "Point", "coordinates": [8.5, 54.0]}, "properties": {"value": 4.937, "time": "2025-12-26T17:00:00", "date": "2025-12-26", "hour": 17}}, {"type": "Feature", "geometry": {"type": "Point", "coordinates": [11.25, 54.0]}, "properties": {"value": 5.122, "time": "2025-12-26T17:00:00", "date": "2025-12-26", "hour": 17}}, {"type": "Feature", "geometry": {"type": "Point", "coordinates": [14.0, 54.0]}, "properties": {"value": 3.376, "time": "2025-12-26T17:00:00", "date": "2025-12-26", "hour": 17}}, {"type": "Feature", "geometry": {"type": "Point", "coordinates": [14.25, 54.0]}, "properties": {"value": 4.446, "time": "2025-12-26T17:00:00", "date": "2025-12-26", "hour": 17}}, {"type": "Feature", "geometry": {"type": "Point", "coordinates": [14.5, 54.0]}, "properties": {"value": 3.948, "time": "2025-12-26T17:00:00", "date": "2025-12-26", "hour": 17}}, {"type": "Feature", "geometry": {"type": "Point", "coordinates": [14.75, 54.0]}, "properties": {"value": 4.721, "time": "2025-12-26T17:00:00", "date": "2025-12-26", "hour": 17}}, {"type": "Feature", "geometry": {"type": "Point", "coordinates": [5.0, 54.25]}, "properties": {"value": 9.611, "time": "2025-12-26T17:00:00", "date": "2025-12-26", "hour": 17}}, {"type": "Feature", "geometry": {"type": "Point", "coordinates": [5.25, 54.25]}, "properties": {"value": 9.363, "time": "2025-12-26T17:00:00", "date": "2025-12-26", "hour": 17}}, {"type": "Feature", "geometry": {"type": "Point", "coordinates": [5.5, 54.25]}, "properties": {"value": 9.181, "time": "2025-12-26T17:00:00", "date": "2025-12-26", "hour": 17}}, {"type": "Feature", "geometry": {"type": "Point", "coordinates": [5.75, 54.25]}, "properties": {"value": 9.034, "time": "2025-12-26T17:00:00", "date": "2025-12-26", "hour": 17}}, {"type": "Feature", "geometry": {"type": "Point", "coordinates": [6.0, 54.25]}, "properties": {"value": 8.907, "time": "2025-12-26T17:00:00", "date": "2025-12-26", "hour": 17}}, {"type": "Feature", "geometry": {"type": "Point", "coordinates": [6.25, 54.25]}, "properties": {"value": 8.875, "time": "2025-12-26T17:00:00", "date": "2025-12-26", "hour": 17}}, {"type": "Feature", "geometry": {"type": "Point", "coordinates": [6.5, 54.25]}, "properties": {"value": 8.87, "time": "2025-12-26T17:00:00", "date": "2025-12-26", "hour": 17}}, {"type": "Feature", "geometry": {"type": "Point", "coordinates": [6.75, 54.25]}, "properties": {"value": 8.635, "time": "2025-12-26T17:00:00", "date": "2025-12-26", "hour": 17}}, {"type": "Feature", "geometry": {"type": "Point", "coordinates": [7.0, 54.25]}, "properties": {"value": 8.38, "time": "2025-12-26T17:00:00", "date": "2025-12-26", "hour": 17}}, {"type": "Feature", "geometry": {"type": "Point", "coordinates": [7.25, 54.25]}, "properties": {"value": 7.845, "time": "2025-12-26T17:00:00", "date": "2025-12-26", "hour": 17}}, {"type": "Feature", "geometry": {"type": "Point", "coordinates": [7.5, 54.25]}, "properties": {"value": 7.526, "time": "2025-12-26T17:00:00", "date": "2025-12-26", "hour": 17}}, {"type": "Feature", "geometry": {"type": "Point", "coordinates": [7.75, 54.25]}, "properties": {"value": 7.333, "time": "2025-12-26T17:00:00", "date": "2025-12-26", "hour": 17}}, {"type": "Feature", "geometry": {"type": "Point", "coordinates": [8.0, 54.25]}, "properties": {"value": 7.068, "time": "2025-12-26T17:00:00", "date": "2025-12-26", "hour": 17}}, {"type": "Feature", "geometry": {"type": "Point", "coordinates": [8.25, 54.25]}, "properties": {"value": 5.934, "time": "2025-12-26T17:00:00", "date": "2025-12-26", "hour": 17}}, {"type": "Feature", "geometry": {"type": "Point", "coordinates": [8.5, 54.25]}, "properties": {"value": 4.685, "time": "2025-12-26T17:00:00", "date": "2025-12-26", "hour": 17}}, {"type": "Feature", "geometry": {"type": "Point", "coordinates": [10.75, 54.25]}, "properties": {"value": 5.437, "time": "2025-12-26T17:00:00", "date": "2025-12-26", "hour": 17}}, {"type": "Feature", "geometry": {"type": "Point", "coordinates": [11.25, 54.25]}, "properties": {"value": 5.213, "time": "2025-12-26T17:00:00", "date": "2025-12-26", "hour": 17}}, {"type": "Feature", "geometry": {"type": "Point", "coordinates": [11.75, 54.25]}, "properties": {"value": 5.469, "time": "2025-12-26T17:00:00", "date": "2025-12-26", "hour": 17}}, {"type": "Feature", "geometry": {"type": "Point", "coordinates": [12.25, 54.25]}, "properties": {"value": 5.571, "time": "2025-12-26T17:00:00", "date": "2025-12-26", "hour": 17}}, {"type": "Feature", "geometry": {"type": "Point", "coordinates": [13.75, 54.25]}, "properties": {"value": 3.253, "time": "2025-12-26T17:00:00", "date": "2025-12-26", "hour": 17}}, {"type": "Feature", "geometry": {"type": "Point", "coordinates": [14.0, 54.25]}, "properties": {"value": 4.088, "time": "2025-12-26T17:00:00", "date": "2025-12-26", "hour": 17}}, {"type": "Feature", "geometry": {"type": "Point", "coordinates": [14.25, 54.25]}, "properties": {"value": 4.856, "time": "2025-12-26T17:00:00", "date": "2025-12-26", "hour": 17}}, {"type": "Feature", "geometry": {"type": "Point", "coordinates": [14.5, 54.25]}, "properties": {"value": 5.434, "time": "2025-12-26T17:00:00", "date": "2025-12-26", "hour": 17}}, {"type": "Feature", "geometry": {"type": "Point", "coordinates": [14.75, 54.25]}, "properties": {"value": 5.612, "time": "2025-12-26T17:00:00", "date": "2025-12-26", "hour": 17}}, {"type": "Feature", "geometry": {"type": "Point", "coordinates": [15.0, 54.25]}, "properties": {"value": 5.983, "time": "2025-12-26T17:00:00", "date": "2025-12-26", "hour": 17}}, {"type": "Feature", "geometry": {"type": "Point", "coordinates": [5.0, 54.5]}, "properties": {"value": 9.654, "time": "2025-12-26T17:00:00", "date": "2025-12-26", "hour": 17}}, {"type": "Feature", "geometry": {"type": "Point", "coordinates": [5.25, 54.5]}, "properties": {"value": 9.607, "time": "2025-12-26T17:00:00", "date": "2025-12-26", "hour": 17}}, {"type": "Feature", "geometry": {"type": "Point", "coordinates": [5.5, 54.5]}, "properties": {"value": 9.477, "time": "2025-12-26T17:00:00", "date": "2025-12-26", "hour": 17}}, {"type": "Feature", "geometry": {"type": "Point", "coordinates": [5.75, 54.5]}, "properties": {"value": 9.325, "time": "2025-12-26T17:00:00", "date": "2025-12-26", "hour": 17}}, {"type": "Feature", "geometry": {"type": "Point", "coordinates": [6.0, 54.5]}, "properties": {"value": 9.165, "time": "2025-12-26T17:00:00", "date": "2025-12-26", "hour": 17}}, {"type": "Feature", "geometry": {"type": "Point", "coordinates": [6.25, 54.5]}, "properties": {"value": 9.063, "time": "2025-12-26T17:00:00", "date": "2025-12-26", "hour": 17}}, {"type": "Feature", "geometry": {"type": "Point", "coordinates": [6.5, 54.5]}, "properties": {"value": 9.106, "time": "2025-12-26T17:00:00", "date": "2025-12-26", "hour": 17}}, {"type": "Feature", "geometry": {"type": "Point", "coordinates": [6.75, 54.5]}, "properties": {"value": 8.931, "time": "2025-12-26T17:00:00", "date": "2025-12-26", "hour": 17}}, {"type": "Feature", "geometry": {"type": "Point", "coordinates": [7.0, 54.5]}, "properties": {"value": 8.478, "time": "2025-12-26T17:00:00", "date": "2025-12-26", "hour": 17}}, {"type": "Feature", "geometry": {"type": "Point", "coordinates": [7.25, 54.5]}, "properties": {"value": 7.731, "time": "2025-12-26T17:00:00", "date": "2025-12-26", "hour": 17}}, {"type": "Feature", "geometry": {"type": "Point", "coordinates": [7.5, 54.5]}, "properties": {"value": 6.981, "time": "2025-12-26T17:00:00", "date": "2025-12-26", "hour": 17}}, {"type": "Feature", "geometry": {"type": "Point", "coordinates": [7.75, 54.5]}, "properties": {"value": 6.704, "time": "2025-12-26T17:00:00", "date": "2025-12-26", "hour": 17}}, {"type": "Feature", "geometry": {"type": "Point", "coordinates": [8.0, 54.5]}, "properties": {"value": 5.901, "time": "2025-12-26T17:00:00", "date": "2025-12-26", "hour": 17}}, {"type": "Feature", "geometry": {"type": "Point", "coordinates": [8.25, 54.5]}, "properties": {"value": 4.62, "time": "2025-12-26T17:00:00", "date": "2025-12-26", "hour": 17}}, {"type": "Feature", "geometry": {"type": "Point", "coordinates": [8.5, 54.5]}, "properties": {"value": 3.574, "time": "2025-12-26T17:00:00", "date": "2025-12-26", "hour": 17}}, {"type": "Feature", "geometry": {"type": "Point", "coordinates": [10.5, 54.5]}, "properties": {"value": 5.53, "time": "2025-12-26T17:00:00", "date": "2025-12-26", "hour": 17}}, {"type": "Feature", "geometry": {"type": "Point", "coordinates": [10.75, 54.5]}, "properties": {"value": 5.328, "time": "2025-12-26T17:00:00", "date": "2025-12-26", "hour": 17}}, {"type": "Feature", "geometry": {"type": "Point", "coordinates": [11.0, 54.5]}, "properties": {"value": 5.139, "time": "2025-12-26T17:00:00", "date": "2025-12-26", "hour": 17}}, {"type": "Feature", "geometry": {"type": "Point", "coordinates": [11.25, 54.5]}, "properties": {"value": 5.06, "time": "2025-12-26T17:00:00", "date": "2025-12-26", "hour": 17}}, {"type": "Feature", "geometry": {"type": "Point", "coordinates": [11.5, 54.5]}, "properties": {"value": 5.155, "time": "2025-12-26T17:00:00", "date": "2025-12-26", "hour": 17}}, {"type": "Feature", "geometry": {"type": "Point", "coordinates": [11.75, 54.5]}, "properties": {"value": 5.523, "time": "2025-12-26T17:00:00", "date": "2025-12-26", "hour": 17}}, {"type": "Feature", "geometry": {"type": "Point", "coordinates": [12.0, 54.5]}, "properties": {"value": 5.705, "time": "2025-12-26T17:00:00", "date": "2025-12-26", "hour": 17}}, {"type": "Feature", "geometry": {"type": "Point", "coordinates": [12.25, 54.5]}, "properties": {"value": 5.774, "time": "2025-12-26T17:00:00", "date": "2025-12-26", "hour": 17}}, {"type": "Feature", "geometry": {"type": "Point", "coordinates": [13.0, 54.5]}, "properties": {"value": 5.655, "time": "2025-12-26T17:00:00", "date": "2025-12-26", "hour": 17}}, {"type": "Feature", "geometry": {"type": "Point", "coordinates": [13.25, 54.5]}, "properties": {"value": 4.774, "time": "2025-12-26T17:00:00", "date": "2025-12-26", "hour": 17}}, {"type": "Feature", "geometry": {"type": "Point", "coordinates": [13.5, 54.5]}, "properties": {"value": 4.289, "time": "2025-12-26T17:00:00", "date": "2025-12-26", "hour": 17}}, {"type": "Feature", "geometry": {"type": "Point", "coordinates": [13.75, 54.5]}, "properties": {"value": 4.353, "time": "2025-12-26T17:00:00", "date": "2025-12-26", "hour": 17}}, {"type": "Feature", "geometry": {"type": "Point", "coordinates": [14.0, 54.5]}, "properties": {"value": 5.093, "time": "2025-12-26T17:00:00", "date": "2025-12-26", "hour": 17}}, {"type": "Feature", "geometry": {"type": "Point", "coordinates": [14.25, 54.5]}, "properties": {"value": 5.782, "time": "2025-12-26T17:00:00", "date": "2025-12-26", "hour": 17}}, {"type": "Feature", "geometry": {"type": "Point", "coordinates": [14.5, 54.5]}, "properties": {"value": 6.421, "time": "2025-12-26T17:00:00", "date": "2025-12-26", "hour": 17}}, {"type": "Feature", "geometry": {"type": "Point", "coordinates": [14.75, 54.5]}, "properties": {"value": 6.673, "time": "2025-12-26T17:00:00", "date": "2025-12-26", "hour": 17}}, {"type": "Feature", "geometry": {"type": "Point", "coordinates": [15.0, 54.5]}, "properties": {"value": 6.935, "time": "2025-12-26T17:00:00", "date": "2025-12-26", "hour": 17}}, {"type": "Feature", "geometry": {"type": "Point", "coordinates": [5.0, 54.75]}, "properties": {"value": 9.679, "time": "2025-12-26T17:00:00", "date": "2025-12-26", "hour": 17}}, {"type": "Feature", "geometry": {"type": "Point", "coordinates": [5.25, 54.75]}, "properties": {"value": 9.632, "time": "2025-12-26T17:00:00", "date": "2025-12-26", "hour": 17}}, {"type": "Feature", "geometry": {"type": "Point", "coordinates": [5.5, 54.75]}, "properties": {"value": 9.566, "time": "2025-12-26T17:00:00", "date": "2025-12-26", "hour": 17}}, {"type": "Feature", "geometry": {"type": "Point", "coordinates": [5.75, 54.75]}, "properties": {"value": 9.53, "time": "2025-12-26T17:00:00", "date": "2025-12-26", "hour": 17}}, {"type": "Feature", "geometry": {"type": "Point", "coordinates": [6.0, 54.75]}, "properties": {"value": 9.341, "time": "2025-12-26T17:00:00", "date": "2025-12-26", "hour": 17}}, {"type": "Feature", "geometry": {"type": "Point", "coordinates": [6.25, 54.75]}, "properties": {"value": 9.239, "time": "2025-12-26T17:00:00", "date": "2025-12-26", "hour": 17}}, {"type": "Feature", "geometry": {"type": "Point", "coordinates": [6.5, 54.75]}, "properties": {"value": 9.036, "time": "2025-12-26T17:00:00", "date": "2025-12-26", "hour": 17}}, {"type": "Feature", "geometry": {"type": "Point", "coordinates": [6.75, 54.75]}, "properties": {"value": 8.434, "time": "2025-12-26T17:00:00", "date": "2025-12-26", "hour": 17}}, {"type": "Feature", "geometry": {"type": "Point", "coordinates": [7.0, 54.75]}, "properties": {"value": 7.887, "time": "2025-12-26T17:00:00", "date": "2025-12-26", "hour": 17}}, {"type": "Feature", "geometry": {"type": "Point", "coordinates": [7.25, 54.75]}, "properties": {"value": 7.143, "time": "2025-12-26T17:00:00", "date": "2025-12-26", "hour": 17}}, {"type": "Feature", "geometry": {"type": "Point", "coordinates": [7.5, 54.75]}, "properties": {"value": 6.475, "time": "2025-12-26T17:00:00", "date": "2025-12-26", "hour": 17}}, {"type": "Feature", "geometry": {"type": "Point", "coordinates": [7.75, 54.75]}, "properties": {"value": 5.799, "time": "2025-12-26T17:00:00", "date": "2025-12-26", "hour": 17}}, {"type": "Feature", "geometry": {"type": "Point", "coordinates": [8.0, 54.75]}, "properties": {"value": 4.965, "time": "2025-12-26T17:00:00", "date": "2025-12-26", "hour": 17}}, {"type": "Feature", "geometry": {"type": "Point", "coordinates": [8.25, 54.75]}, "properties": {"value": 3.672, "time": "2025-12-26T17:00:00", "date": "2025-12-26", "hour": 17}}, {"type": "Feature", "geometry": {"type": "Point", "coordinates": [8.5, 54.75]}, "properties": {"value": 2.753, "time": "2025-12-26T17:00:00", "date": "2025-12-26", "hour": 17}}, {"type": "Feature", "geometry": {"type": "Point", "coordinates": [10.25, 54.75]}, "properties": {"value": 5.647, "time": "2025-12-26T17:00:00", "date": "2025-12-26", "hour": 17}}, {"type": "Feature", "geometry": {"type": "Point", "coordinates": [10.5, 54.75]}, "properties": {"value": 5.221, "time": "2025-12-26T17:00:00", "date": "2025-12-26", "hour": 17}}, {"type": "Feature", "geometry": {"type": "Point", "coordinates": [10.75, 54.75]}, "properties": {"value": 4.946, "time": "2025-12-26T17:00:00", "date": "2025-12-26", "hour": 17}}, {"type": "Feature", "geometry": {"type": "Point", "coordinates": [11.0, 54.75]}, "properties": {"value": 4.75, "time": "2025-12-26T17:00:00", "date": "2025-12-26", "hour": 17}}, {"type": "Feature", "geometry": {"type": "Point", "coordinates": [11.25, 54.75]}, "properties": {"value": 4.654, "time": "2025-12-26T17:00:00", "date": "2025-12-26", "hour": 17}}, {"type": "Feature", "geometry": {"type": "Point", "coordinates": [11.5, 54.75]}, "properties": {"value": 4.617, "time": "2025-12-26T17:00:00", "date": "2025-12-26", "hour": 17}}, {"type": "Feature", "geometry": {"type": "Point", "coordinates": [12.0, 54.75]}, "properties": {"value": 5.438, "time": "2025-12-26T17:00:00", "date": "2025-12-26", "hour": 17}}, {"type": "Feature", "geometry": {"type": "Point", "coordinates": [12.25, 54.75]}, "properties": {"value": 5.93, "time": "2025-12-26T17:00:00", "date": "2025-12-26", "hour": 17}}, {"type": "Feature", "geometry": {"type": "Point", "coordinates": [12.5, 54.75]}, "properties": {"value": 6.082, "time": "2025-12-26T17:00:00", "date": "2025-12-26", "hour": 17}}, {"type": "Feature", "geometry": {"type": "Point", "coordinates": [12.75, 54.75]}, "properties": {"value": 6.039, "time": "2025-12-26T17:00:00", "date": "2025-12-26", "hour": 17}}, {"type": "Feature", "geometry": {"type": "Point", "coordinates": [13.0, 54.75]}, "properties": {"value": 5.812, "time": "2025-12-26T17:00:00", "date": "2025-12-26", "hour": 17}}, {"type": "Feature", "geometry": {"type": "Point", "coordinates": [13.25, 54.75]}, "properties": {"value": 5.866, "time": "2025-12-26T17:00:00", "date": "2025-12-26", "hour": 17}}, {"type": "Feature", "geometry": {"type": "Point", "coordinates": [13.5, 54.75]}, "properties": {"value": 5.763, "time": "2025-12-26T17:00:00", "date": "2025-12-26", "hour": 17}}, {"type": "Feature", "geometry": {"type": "Point", "coordinates": [13.75, 54.75]}, "properties": {"value": 5.826, "time": "2025-12-26T17:00:00", "date": "2025-12-26", "hour": 17}}, {"type": "Feature", "geometry": {"type": "Point", "coordinates": [14.0, 54.75]}, "properties": {"value": 5.986, "time": "2025-12-26T17:00:00", "date": "2025-12-26", "hour": 17}}, {"type": "Feature", "geometry": {"type": "Point", "coordinates": [14.25, 54.75]}, "properties": {"value": 6.179, "time": "2025-12-26T17:00:00", "date": "2025-12-26", "hour": 17}}, {"type": "Feature", "geometry": {"type": "Point", "coordinates": [14.5, 54.75]}, "properties": {"value": 6.817, "time": "2025-12-26T17:00:00", "date": "2025-12-26", "hour": 17}}, {"type": "Feature", "geometry": {"type": "Point", "coordinates": [14.75, 54.75]}, "properties": {"value": 7.063, "time": "2025-12-26T17:00:00", "date": "2025-12-26", "hour": 17}}, {"type": "Feature", "geometry": {"type": "Point", "coordinates": [15.0, 54.75]}, "properties": {"value": 7.245, "time": "2025-12-26T17:00:00", "date": "2025-12-26", "hour": 17}}, {"type": "Feature", "geometry": {"type": "Point", "coordinates": [5.0, 55.0]}, "properties": {"value": 9.525, "time": "2025-12-26T17:00:00", "date": "2025-12-26", "hour": 17}}, {"type": "Feature", "geometry": {"type": "Point", "coordinates": [5.25, 55.0]}, "properties": {"value": 9.539, "time": "2025-12-26T17:00:00", "date": "2025-12-26", "hour": 17}}, {"type": "Feature", "geometry": {"type": "Point", "coordinates": [5.5, 55.0]}, "properties": {"value": 9.568, "time": "2025-12-26T17:00:00", "date": "2025-12-26", "hour": 17}}, {"type": "Feature", "geometry": {"type": "Point", "coordinates": [5.75, 55.0]}, "properties": {"value": 9.532, "time": "2025-12-26T17:00:00", "date": "2025-12-26", "hour": 17}}, {"type": "Feature", "geometry": {"type": "Point", "coordinates": [6.0, 55.0]}, "properties": {"value": 9.436, "time": "2025-12-26T17:00:00", "date": "2025-12-26", "hour": 17}}, {"type": "Feature", "geometry": {"type": "Point", "coordinates": [6.25, 55.0]}, "properties": {"value": 9.126, "time": "2025-12-26T17:00:00", "date": "2025-12-26", "hour": 17}}, {"type": "Feature", "geometry": {"type": "Point", "coordinates": [6.5, 55.0]}, "properties": {"value": 8.623, "time": "2025-12-26T17:00:00", "date": "2025-12-26", "hour": 17}}, {"type": "Feature", "geometry": {"type": "Point", "coordinates": [6.75, 55.0]}, "properties": {"value": 8.006, "time": "2025-12-26T17:00:00", "date": "2025-12-26", "hour": 17}}, {"type": "Feature", "geometry": {"type": "Point", "coordinates": [7.0, 55.0]}, "properties": {"value": 7.35, "time": "2025-12-26T17:00:00", "date": "2025-12-26", "hour": 17}}, {"type": "Feature", "geometry": {"type": "Point", "coordinates": [7.25, 55.0]}, "properties": {"value": 6.876, "time": "2025-12-26T17:00:00", "date": "2025-12-26", "hour": 17}}, {"type": "Feature", "geometry": {"type": "Point", "coordinates": [7.5, 55.0]}, "properties": {"value": 6.284, "time": "2025-12-26T17:00:00", "date": "2025-12-26", "hour": 17}}, {"type": "Feature", "geometry": {"type": "Point", "coordinates": [7.75, 55.0]}, "properties": {"value": 5.676, "time": "2025-12-26T17:00:00", "date": "2025-12-26", "hour": 17}}, {"type": "Feature", "geometry": {"type": "Point", "coordinates": [8.0, 55.0]}, "properties": {"value": 5.122, "time": "2025-12-26T17:00:00", "date": "2025-12-26", "hour": 17}}, {"type": "Feature", "geometry": {"type": "Point", "coordinates": [8.25, 55.0]}, "properties": {"value": 4.069, "time": "2025-12-26T17:00:00", "date": "2025-12-26", "hour": 17}}, {"type": "Feature", "geometry": {"type": "Point", "coordinates": [8.5, 55.0]}, "properties": {"value": 3.238, "time": "2025-12-26T17:00:00", "date": "2025-12-26", "hour": 17}}, {"type": "Feature", "geometry": {"type": "Point", "coordinates": [10.25, 55.0]}, "properties": {"value": 5.754, "time": "2025-12-26T17:00:00", "date": "2025-12-26", "hour": 17}}, {"type": "Feature", "geometry": {"type": "Point", "coordinates": [10.5, 55.0]}, "properties": {"value": 5.124, "time": "2025-12-26T17:00:00", "date": "2025-12-26", "hour": 17}}, {"type": "Feature", "geometry": {"type": "Point", "coordinates": [10.75, 55.0]}, "properties": {"value": 4.505, "time": "2025-12-26T17:00:00", "date": "2025-12-26", "hour": 17}}, {"type": "Feature", "geometry": {"type": "Point", "coordinates": [11.0, 55.0]}, "properties": {"value": 4.595, "time": "2025-12-26T17:00:00", "date": "2025-12-26", "hour": 17}}, {"type": "Feature", "geometry": {"type": "Point", "coordinates": [11.25, 55.0]}, "properties": {"value": 4.561, "time": "2025-12-26T17:00:00", "date": "2025-12-26", "hour": 17}}, {"type": "Feature", "geometry": {"type": "Point", "coordinates": [11.5, 55.0]}, "properties": {"value": 4.547, "time": "2025-12-26T17:00:00", "date": "2025-12-26", "hour": 17}}, {"type": "Feature", "geometry": {"type": "Point", "coordinates": [11.75, 55.0]}, "properties": {"value": 4.416, "time": "2025-12-26T17:00:00", "date": "2025-12-26", "hour": 17}}, {"type": "Feature", "geometry": {"type": "Point", "coordinates": [12.0, 55.0]}, "properties": {"value": 5.006, "time": "2025-12-26T17:00:00", "date": "2025-12-26", "hour": 17}}, {"type": "Feature", "geometry": {"type": "Point", "coordinates": [12.25, 55.0]}, "properties": {"value": 5.693, "time": "2025-12-26T17:00:00", "date": "2025-12-26", "hour": 17}}, {"type": "Feature", "geometry": {"type": "Point", "coordinates": [12.5, 55.0]}, "properties": {"value": 6.038, "time": "2025-12-26T17:00:00", "date": "2025-12-26", "hour": 17}}, {"type": "Feature", "geometry": {"type": "Point", "coordinates": [12.75, 55.0]}, "properties": {"value": 6.175, "time": "2025-12-26T17:00:00", "date": "2025-12-26", "hour": 17}}, {"type": "Feature", "geometry": {"type": "Point", "coordinates": [13.0, 55.0]}, "properties": {"value": 6.266, "time": "2025-12-26T17:00:00", "date": "2025-12-26", "hour": 17}}, {"type": "Feature", "geometry": {"type": "Point", "coordinates": [13.25, 55.0]}, "properties": {"value": 6.319, "time": "2025-12-26T17:00:00", "date": "2025-12-26", "hour": 17}}, {"type": "Feature", "geometry": {"type": "Point", "coordinates": [13.5, 55.0]}, "properties": {"value": 6.339, "time": "2025-12-26T17:00:00", "date": "2025-12-26", "hour": 17}}, {"type": "Feature", "geometry": {"type": "Point", "coordinates": [13.75, 55.0]}, "properties": {"value": 6.4, "time": "2025-12-26T17:00:00", "date": "2025-12-26", "hour": 17}}, {"type": "Feature", "geometry": {"type": "Point", "coordinates": [14.0, 55.0]}, "properties": {"value": 6.533, "time": "2025-12-26T17:00:00", "date": "2025-12-26", "hour": 17}}, {"type": "Feature", "geometry": {"type": "Point", "coordinates": [14.25, 55.0]}, "properties": {"value": 6.643, "time": "2025-12-26T17:00:00", "date": "2025-12-26", "hour": 17}}, {"type": "Feature", "geometry": {"type": "Point", "coordinates": [14.5, 55.0]}, "properties": {"value": 6.684, "time": "2025-12-26T17:00:00", "date": "2025-12-26", "hour": 17}}, {"type": "Feature", "geometry": {"type": "Point", "coordinates": [14.75, 55.0]}, "properties": {"value": 6.88, "time": "2025-12-26T17:00:00", "date": "2025-12-26", "hour": 17}}, {"type": "Feature", "geometry": {"type": "Point", "coordinates": [15.0, 55.0]}, "properties": {"value": 7.058, "time": "2025-12-26T17:00:00", "date": "2025-12-26", "hour": 17}}, {"type": "Feature", "geometry": {"type": "Point", "coordinates": [5.25, 52.75]}, "properties": {"value": 3.24, "time": "2025-12-26T18:00:00", "date": "2025-12-26", "hour": 18}}, {"type": "Feature", "geometry": {"type": "Point", "coordinates": [5.5, 52.75]}, "properties": {"value": 3.249, "time": "2025-12-26T18:00:00", "date": "2025-12-26", "hour": 18}}, {"type": "Feature", "geometry": {"type": "Point", "coordinates": [5.0, 53.0]}, "properties": {"value": 4.743, "time": "2025-12-26T18:00:00", "date": "2025-12-26", "hour": 18}}, {"type": "Feature", "geometry": {"type": "Point", "coordinates": [5.25, 53.0]}, "properties": {"value": 3.781, "time": "2025-12-26T18:00:00", "date": "2025-12-26", "hour": 18}}, {"type": "Feature", "geometry": {"type": "Point", "coordinates": [5.5, 53.0]}, "properties": {"value": 3.103, "time": "2025-12-26T18:00:00", "date": "2025-12-26", "hour": 18}}, {"type": "Feature", "geometry": {"type": "Point", "coordinates": [5.0, 53.25]}, "properties": {"value": 5.694, "time": "2025-12-26T18:00:00", "date": "2025-12-26", "hour": 18}}, {"type": "Feature", "geometry": {"type": "Point", "coordinates": [5.25, 53.25]}, "properties": {"value": 4.494, "time": "2025-12-26T18:00:00", "date": "2025-12-26", "hour": 18}}, {"type": "Feature", "geometry": {"type": "Point", "coordinates": [5.5, 53.25]}, "properties": {"value": 3.771, "time": "2025-12-26T18:00:00", "date": "2025-12-26", "hour": 18}}, {"type": "Feature", "geometry": {"type": "Point", "coordinates": [5.0, 53.5]}, "properties": {"value": 7.802, "time": "2025-12-26T18:00:00", "date": "2025-12-26", "hour": 18}}, {"type": "Feature", "geometry": {"type": "Point", "coordinates": [5.25, 53.5]}, "properties": {"value": 7.132, "time": "2025-12-26T18:00:00", "date": "2025-12-26", "hour": 18}}, {"type": "Feature", "geometry": {"type": "Point", "coordinates": [5.5, 53.5]}, "properties": {"value": 6.946, "time": "2025-12-26T18:00:00", "date": "2025-12-26", "hour": 18}}, {"type": "Feature", "geometry": {"type": "Point", "coordinates": [5.75, 53.5]}, "properties": {"value": 6.46, "time": "2025-12-26T18:00:00", "date": "2025-12-26", "hour": 18}}, {"type": "Feature", "geometry": {"type": "Point", "coordinates": [6.0, 53.5]}, "properties": {"value": 5.762, "time": "2025-12-26T18:00:00", "date": "2025-12-26", "hour": 18}}, {"type": "Feature", "geometry": {"type": "Point", "coordinates": [6.25, 53.5]}, "properties": {"value": 4.952, "time": "2025-12-26T18:00:00", "date": "2025-12-26", "hour": 18}}, {"type": "Feature", "geometry": {"type": "Point", "coordinates": [6.5, 53.5]}, "properties": {"value": 4.86, "time": "2025-12-26T18:00:00", "date": "2025-12-26", "hour": 18}}, {"type": "Feature", "geometry": {"type": "Point", "coordinates": [6.75, 53.5]}, "properties": {"value": 4.695, "time": "2025-12-26T18:00:00", "date": "2025-12-26", "hour": 18}}, {"type": "Feature", "geometry": {"type": "Point", "coordinates": [5.0, 53.75]}, "properties": {"value": 8.826, "time": "2025-12-26T18:00:00", "date": "2025-12-26", "hour": 18}}, {"type": "Feature", "geometry": {"type": "Point", "coordinates": [5.25, 53.75]}, "properties": {"value": 8.378, "time": "2025-12-26T18:00:00", "date": "2025-12-26", "hour": 18}}, {"type": "Feature", "geometry": {"type": "Point", "coordinates": [5.5, 53.75]}, "properties": {"value": 8.065, "time": "2025-12-26T18:00:00", "date": "2025-12-26", "hour": 18}}, {"type": "Feature", "geometry": {"type": "Point", "coordinates": [5.75, 53.75]}, "properties": {"value": 7.845, "time": "2025-12-26T18:00:00", "date": "2025-12-26", "hour": 18}}, {"type": "Feature", "geometry": {"type": "Point", "coordinates": [6.0, 53.75]}, "properties": {"value": 7.324, "time": "2025-12-26T18:00:00", "date": "2025-12-26", "hour": 18}}, {"type": "Feature", "geometry": {"type": "Point", "coordinates": [6.25, 53.75]}, "properties": {"value": 7.106, "time": "2025-12-26T18:00:00", "date": "2025-12-26", "hour": 18}}, {"type": "Feature", "geometry": {"type": "Point", "coordinates": [6.5, 53.75]}, "properties": {"value": 6.685, "time": "2025-12-26T18:00:00", "date": "2025-12-26", "hour": 18}}, {"type": "Feature", "geometry": {"type": "Point", "coordinates": [6.75, 53.75]}, "properties": {"value": 6.359, "time": "2025-12-26T18:00:00", "date": "2025-12-26", "hour": 18}}, {"type": "Feature", "geometry": {"type": "Point", "coordinates": [7.0, 53.75]}, "properties": {"value": 6.608, "time": "2025-12-26T18:00:00", "date": "2025-12-26", "hour": 18}}, {"type": "Feature", "geometry": {"type": "Point", "coordinates": [7.25, 53.75]}, "properties": {"value": 6.331, "time": "2025-12-26T18:00:00", "date": "2025-12-26", "hour": 18}}, {"type": "Feature", "geometry": {"type": "Point", "coordinates": [7.5, 53.75]}, "properties": {"value": 6.894, "time": "2025-12-26T18:00:00", "date": "2025-12-26", "hour": 18}}, {"type": "Feature", "geometry": {"type": "Point", "coordinates": [7.75, 53.75]}, "properties": {"value": 6.986, "time": "2025-12-26T18:00:00", "date": "2025-12-26", "hour": 18}}, {"type": "Feature", "geometry": {"type": "Point", "coordinates": [8.0, 53.75]}, "properties": {"value": 5.891, "time": "2025-12-26T18:00:00", "date": "2025-12-26", "hour": 18}}, {"type": "Feature", "geometry": {"type": "Point", "coordinates": [8.25, 53.75]}, "properties": {"value": 4.848, "time": "2025-12-26T18:00:00", "date": "2025-12-26", "hour": 18}}, {"type": "Feature", "geometry": {"type": "Point", "coordinates": [8.5, 53.75]}, "properties": {"value": 4.096, "time": "2025-12-26T18:00:00", "date": "2025-12-26", "hour": 18}}, {"type": "Feature", "geometry": {"type": "Point", "coordinates": [8.75, 53.75]}, "properties": {"value": 4.096, "time": "2025-12-26T18:00:00", "date": "2025-12-26", "hour": 18}}, {"type": "Feature", "geometry": {"type": "Point", "coordinates": [14.25, 53.75]}, "properties": {"value": 0.934, "time": "2025-12-26T18:00:00", "date": "2025-12-26", "hour": 18}}, {"type": "Feature", "geometry": {"type": "Point", "coordinates": [14.5, 53.75]}, "properties": {"value": 0.934, "time": "2025-12-26T18:00:00", "date": "2025-12-26", "hour": 18}}, {"type": "Feature", "geometry": {"type": "Point", "coordinates": [5.0, 54.0]}, "properties": {"value": 9.39, "time": "2025-12-26T18:00:00", "date": "2025-12-26", "hour": 18}}, {"type": "Feature", "geometry": {"type": "Point", "coordinates": [5.25, 54.0]}, "properties": {"value": 9.064, "time": "2025-12-26T18:00:00", "date": "2025-12-26", "hour": 18}}, {"type": "Feature", "geometry": {"type": "Point", "coordinates": [5.5, 54.0]}, "properties": {"value": 8.751, "time": "2025-12-26T18:00:00", "date": "2025-12-26", "hour": 18}}, {"type": "Feature", "geometry": {"type": "Point", "coordinates": [5.75, 54.0]}, "properties": {"value": 8.59, "time": "2025-12-26T18:00:00", "date": "2025-12-26", "hour": 18}}, {"type": "Feature", "geometry": {"type": "Point", "coordinates": [6.0, 54.0]}, "properties": {"value": 8.493, "time": "2025-12-26T18:00:00", "date": "2025-12-26", "hour": 18}}, {"type": "Feature", "geometry": {"type": "Point", "coordinates": [6.25, 54.0]}, "properties": {"value": 8.364, "time": "2025-12-26T18:00:00", "date": "2025-12-26", "hour": 18}}, {"type": "Feature", "geometry": {"type": "Point", "coordinates": [6.5, 54.0]}, "properties": {"value": 7.986, "time": "2025-12-26T18:00:00", "date": "2025-12-26", "hour": 18}}, {"type": "Feature", "geometry": {"type": "Point", "coordinates": [6.75, 54.0]}, "properties": {"value": 7.763, "time": "2025-12-26T18:00:00", "date": "2025-12-26", "hour": 18}}, {"type": "Feature", "geometry": {"type": "Point", "coordinates": [7.0, 54.0]}, "properties": {"value": 7.506, "time": "2025-12-26T18:00:00", "date": "2025-12-26", "hour": 18}}, {"type": "Feature", "geometry": {"type": "Point", "coordinates": [7.25, 54.0]}, "properties": {"value": 7.318, "time": "2025-12-26T18:00:00", "date": "2025-12-26", "hour": 18}}, {"type": "Feature", "geometry": {"type": "Point", "coordinates": [7.5, 54.0]}, "properties": {"value": 7.519, "time": "2025-12-26T18:00:00", "date": "2025-12-26", "hour": 18}}, {"type": "Feature", "geometry": {"type": "Point", "coordinates": [7.75, 54.0]}, "properties": {"value": 7.432, "time": "2025-12-26T18:00:00", "date": "2025-12-26", "hour": 18}}, {"type": "Feature", "geometry": {"type": "Point", "coordinates": [8.0, 54.0]}, "properties": {"value": 7.03, "time": "2025-12-26T18:00:00", "date": "2025-12-26", "hour": 18}}, {"type": "Feature", "geometry": {"type": "Point", "coordinates": [8.25, 54.0]}, "properties": {"value": 6.242, "time": "2025-12-26T18:00:00", "date": "2025-12-26", "hour": 18}}, {"type": "Feature", "geometry": {"type": "Point", "coordinates": [8.5, 54.0]}, "properties": {"value": 4.937, "time": "2025-12-26T18:00:00", "date": "2025-12-26", "hour": 18}}, {"type": "Feature", "geometry": {"type": "Point", "coordinates": [11.25, 54.0]}, "properties": {"value": 5.122, "time": "2025-12-26T18:00:00", "date": "2025-12-26", "hour": 18}}, {"type": "Feature", "geometry": {"type": "Point", "coordinates": [14.0, 54.0]}, "properties": {"value": 3.376, "time": "2025-12-26T18:00:00", "date": "2025-12-26", "hour": 18}}, {"type": "Feature", "geometry": {"type": "Point", "coordinates": [14.25, 54.0]}, "properties": {"value": 4.446, "time": "2025-12-26T18:00:00", "date": "2025-12-26", "hour": 18}}, {"type": "Feature", "geometry": {"type": "Point", "coordinates": [14.5, 54.0]}, "properties": {"value": 3.948, "time": "2025-12-26T18:00:00", "date": "2025-12-26", "hour": 18}}, {"type": "Feature", "geometry": {"type": "Point", "coordinates": [14.75, 54.0]}, "properties": {"value": 4.721, "time": "2025-12-26T18:00:00", "date": "2025-12-26", "hour": 18}}, {"type": "Feature", "geometry": {"type": "Point", "coordinates": [5.0, 54.25]}, "properties": {"value": 9.611, "time": "2025-12-26T18:00:00", "date": "2025-12-26", "hour": 18}}, {"type": "Feature", "geometry": {"type": "Point", "coordinates": [5.25, 54.25]}, "properties": {"value": 9.363, "time": "2025-12-26T18:00:00", "date": "2025-12-26", "hour": 18}}, {"type": "Feature", "geometry": {"type": "Point", "coordinates": [5.5, 54.25]}, "properties": {"value": 9.181, "time": "2025-12-26T18:00:00", "date": "2025-12-26", "hour": 18}}, {"type": "Feature", "geometry": {"type": "Point", "coordinates": [5.75, 54.25]}, "properties": {"value": 9.034, "time": "2025-12-26T18:00:00", "date": "2025-12-26", "hour": 18}}, {"type": "Feature", "geometry": {"type": "Point", "coordinates": [6.0, 54.25]}, "properties": {"value": 8.907, "time": "2025-12-26T18:00:00", "date": "2025-12-26", "hour": 18}}, {"type": "Feature", "geometry": {"type": "Point", "coordinates": [6.25, 54.25]}, "properties": {"value": 8.875, "time": "2025-12-26T18:00:00", "date": "2025-12-26", "hour": 18}}, {"type": "Feature", "geometry": {"type": "Point", "coordinates": [6.5, 54.25]}, "properties": {"value": 8.87, "time": "2025-12-26T18:00:00", "date": "2025-12-26", "hour": 18}}, {"type": "Feature", "geometry": {"type": "Point", "coordinates": [6.75, 54.25]}, "properties": {"value": 8.635, "time": "2025-12-26T18:00:00", "date": "2025-12-26", "hour": 18}}, {"type": "Feature", "geometry": {"type": "Point", "coordinates": [7.0, 54.25]}, "properties": {"value": 8.38, "time": "2025-12-26T18:00:00", "date": "2025-12-26", "hour": 18}}, {"type": "Feature", "geometry": {"type": "Point", "coordinates": [7.25, 54.25]}, "properties": {"value": 7.845, "time": "2025-12-26T18:00:00", "date": "2025-12-26", "hour": 18}}, {"type": "Feature", "geometry": {"type": "Point", "coordinates": [7.5, 54.25]}, "properties": {"value": 7.526, "time": "2025-12-26T18:00:00", "date": "2025-12-26", "hour": 18}}, {"type": "Feature", "geometry": {"type": "Point", "coordinates": [7.75, 54.25]}, "properties": {"value": 7.333, "time": "2025-12-26T18:00:00", "date": "2025-12-26", "hour": 18}}, {"type": "Feature", "geometry": {"type": "Point", "coordinates": [8.0, 54.25]}, "properties": {"value": 7.068, "time": "2025-12-26T18:00:00", "date": "2025-12-26", "hour": 18}}, {"type": "Feature", "geometry": {"type": "Point", "coordinates": [8.25, 54.25]}, "properties": {"value": 5.934, "time": "2025-12-26T18:00:00", "date": "2025-12-26", "hour": 18}}, {"type": "Feature", "geometry": {"type": "Point", "coordinates": [8.5, 54.25]}, "properties": {"value": 4.685, "time": "2025-12-26T18:00:00", "date": "2025-12-26", "hour": 18}}, {"type": "Feature", "geometry": {"type": "Point", "coordinates": [10.75, 54.25]}, "properties": {"value": 5.437, "time": "2025-12-26T18:00:00", "date": "2025-12-26", "hour": 18}}, {"type": "Feature", "geometry": {"type": "Point", "coordinates": [11.25, 54.25]}, "properties": {"value": 5.213, "time": "2025-12-26T18:00:00", "date": "2025-12-26", "hour": 18}}, {"type": "Feature", "geometry": {"type": "Point", "coordinates": [11.75, 54.25]}, "properties": {"value": 5.469, "time": "2025-12-26T18:00:00", "date": "2025-12-26", "hour": 18}}, {"type": "Feature", "geometry": {"type": "Point", "coordinates": [12.25, 54.25]}, "properties": {"value": 5.571, "time": "2025-12-26T18:00:00", "date": "2025-12-26", "hour": 18}}, {"type": "Feature", "geometry": {"type": "Point", "coordinates": [13.75, 54.25]}, "properties": {"value": 3.253, "time": "2025-12-26T18:00:00", "date": "2025-12-26", "hour": 18}}, {"type": "Feature", "geometry": {"type": "Point", "coordinates": [14.0, 54.25]}, "properties": {"value": 4.088, "time": "2025-12-26T18:00:00", "date": "2025-12-26", "hour": 18}}, {"type": "Feature", "geometry": {"type": "Point", "coordinates": [14.25, 54.25]}, "properties": {"value": 4.856, "time": "2025-12-26T18:00:00", "date": "2025-12-26", "hour": 18}}, {"type": "Feature", "geometry": {"type": "Point", "coordinates": [14.5, 54.25]}, "properties": {"value": 5.434, "time": "2025-12-26T18:00:00", "date": "2025-12-26", "hour": 18}}, {"type": "Feature", "geometry": {"type": "Point", "coordinates": [14.75, 54.25]}, "properties": {"value": 5.612, "time": "2025-12-26T18:00:00", "date": "2025-12-26", "hour": 18}}, {"type": "Feature", "geometry": {"type": "Point", "coordinates": [15.0, 54.25]}, "properties": {"value": 5.983, "time": "2025-12-26T18:00:00", "date": "2025-12-26", "hour": 18}}, {"type": "Feature", "geometry": {"type": "Point", "coordinates": [5.0, 54.5]}, "properties": {"value": 9.654, "time": "2025-12-26T18:00:00", "date": "2025-12-26", "hour": 18}}, {"type": "Feature", "geometry": {"type": "Point", "coordinates": [5.25, 54.5]}, "properties": {"value": 9.607, "time": "2025-12-26T18:00:00", "date": "2025-12-26", "hour": 18}}, {"type": "Feature", "geometry": {"type": "Point", "coordinates": [5.5, 54.5]}, "properties": {"value": 9.477, "time": "2025-12-26T18:00:00", "date": "2025-12-26", "hour": 18}}, {"type": "Feature", "geometry": {"type": "Point", "coordinates": [5.75, 54.5]}, "properties": {"value": 9.325, "time": "2025-12-26T18:00:00", "date": "2025-12-26", "hour": 18}}, {"type": "Feature", "geometry": {"type": "Point", "coordinates": [6.0, 54.5]}, "properties": {"value": 9.165, "time": "2025-12-26T18:00:00", "date": "2025-12-26", "hour": 18}}, {"type": "Feature", "geometry": {"type": "Point", "coordinates": [6.25, 54.5]}, "properties": {"value": 9.063, "time": "2025-12-26T18:00:00", "date": "2025-12-26", "hour": 18}}, {"type": "Feature", "geometry": {"type": "Point", "coordinates": [6.5, 54.5]}, "properties": {"value": 9.106, "time": "2025-12-26T18:00:00", "date": "2025-12-26", "hour": 18}}, {"type": "Feature", "geometry": {"type": "Point", "coordinates": [6.75, 54.5]}, "properties": {"value": 8.931, "time": "2025-12-26T18:00:00", "date": "2025-12-26", "hour": 18}}, {"type": "Feature", "geometry": {"type": "Point", "coordinates": [7.0, 54.5]}, "properties": {"value": 8.478, "time": "2025-12-26T18:00:00", "date": "2025-12-26", "hour": 18}}, {"type": "Feature", "geometry": {"type": "Point", "coordinates": [7.25, 54.5]}, "properties": {"value": 7.731, "time": "2025-12-26T18:00:00", "date": "2025-12-26", "hour": 18}}, {"type": "Feature", "geometry": {"type": "Point", "coordinates": [7.5, 54.5]}, "properties": {"value": 6.981, "time": "2025-12-26T18:00:00", "date": "2025-12-26", "hour": 18}}, {"type": "Feature", "geometry": {"type": "Point", "coordinates": [7.75, 54.5]}, "properties": {"value": 6.704, "time": "2025-12-26T18:00:00", "date": "2025-12-26", "hour": 18}}, {"type": "Feature", "geometry": {"type": "Point", "coordinates": [8.0, 54.5]}, "properties": {"value": 5.901, "time": "2025-12-26T18:00:00", "date": "2025-12-26", "hour": 18}}, {"type": "Feature", "geometry": {"type": "Point", "coordinates": [8.25, 54.5]}, "properties": {"value": 4.62, "time": "2025-12-26T18:00:00", "date": "2025-12-26", "hour": 18}}, {"type": "Feature", "geometry": {"type": "Point", "coordinates": [8.5, 54.5]}, "properties": {"value": 3.574, "time": "2025-12-26T18:00:00", "date": "2025-12-26", "hour": 18}}, {"type": "Feature", "geometry": {"type": "Point", "coordinates": [10.5, 54.5]}, "properties": {"value": 5.53, "time": "2025-12-26T18:00:00", "date": "2025-12-26", "hour": 18}}, {"type": "Feature", "geometry": {"type": "Point", "coordinates": [10.75, 54.5]}, "properties": {"value": 5.328, "time": "2025-12-26T18:00:00", "date": "2025-12-26", "hour": 18}}, {"type": "Feature", "geometry": {"type": "Point", "coordinates": [11.0, 54.5]}, "properties": {"value": 5.139, "time": "2025-12-26T18:00:00", "date": "2025-12-26", "hour": 18}}, {"type": "Feature", "geometry": {"type": "Point", "coordinates": [11.25, 54.5]}, "properties": {"value": 5.06, "time": "2025-12-26T18:00:00", "date": "2025-12-26", "hour": 18}}, {"type": "Feature", "geometry": {"type": "Point", "coordinates": [11.5, 54.5]}, "properties": {"value": 5.155, "time": "2025-12-26T18:00:00", "date": "2025-12-26", "hour": 18}}, {"type": "Feature", "geometry": {"type": "Point", "coordinates": [11.75, 54.5]}, "properties": {"value": 5.523, "time": "2025-12-26T18:00:00", "date": "2025-12-26", "hour": 18}}, {"type": "Feature", "geometry": {"type": "Point", "coordinates": [12.0, 54.5]}, "properties": {"value": 5.705, "time": "2025-12-26T18:00:00", "date": "2025-12-26", "hour": 18}}, {"type": "Feature", "geometry": {"type": "Point", "coordinates": [12.25, 54.5]}, "properties": {"value": 5.774, "time": "2025-12-26T18:00:00", "date": "2025-12-26", "hour": 18}}, {"type": "Feature", "geometry": {"type": "Point", "coordinates": [13.0, 54.5]}, "properties": {"value": 5.655, "time": "2025-12-26T18:00:00", "date": "2025-12-26", "hour": 18}}, {"type": "Feature", "geometry": {"type": "Point", "coordinates": [13.25, 54.5]}, "properties": {"value": 4.774, "time": "2025-12-26T18:00:00", "date": "2025-12-26", "hour": 18}}, {"type": "Feature", "geometry": {"type": "Point", "coordinates": [13.5, 54.5]}, "properties": {"value": 4.289, "time": "2025-12-26T18:00:00", "date": "2025-12-26", "hour": 18}}, {"type": "Feature", "geometry": {"type": "Point", "coordinates": [13.75, 54.5]}, "properties": {"value": 4.353, "time": "2025-12-26T18:00:00", "date": "2025-12-26", "hour": 18}}, {"type": "Feature", "geometry": {"type": "Point", "coordinates": [14.0, 54.5]}, "properties": {"value": 5.093, "time": "2025-12-26T18:00:00", "date": "2025-12-26", "hour": 18}}, {"type": "Feature", "geometry": {"type": "Point", "coordinates": [14.25, 54.5]}, "properties": {"value": 5.782, "time": "2025-12-26T18:00:00", "date": "2025-12-26", "hour": 18}}, {"type": "Feature", "geometry": {"type": "Point", "coordinates": [14.5, 54.5]}, "properties": {"value": 6.421, "time": "2025-12-26T18:00:00", "date": "2025-12-26", "hour": 18}}, {"type": "Feature", "geometry": {"type": "Point", "coordinates": [14.75, 54.5]}, "properties": {"value": 6.673, "time": "2025-12-26T18:00:00", "date": "2025-12-26", "hour": 18}}, {"type": "Feature", "geometry": {"type": "Point", "coordinates": [15.0, 54.5]}, "properties": {"value": 6.935, "time": "2025-12-26T18:00:00", "date": "2025-12-26", "hour": 18}}, {"type": "Feature", "geometry": {"type": "Point", "coordinates": [5.0, 54.75]}, "properties": {"value": 9.679, "time": "2025-12-26T18:00:00", "date": "2025-12-26", "hour": 18}}, {"type": "Feature", "geometry": {"type": "Point", "coordinates": [5.25, 54.75]}, "properties": {"value": 9.632, "time": "2025-12-26T18:00:00", "date": "2025-12-26", "hour": 18}}, {"type": "Feature", "geometry": {"type": "Point", "coordinates": [5.5, 54.75]}, "properties": {"value": 9.566, "time": "2025-12-26T18:00:00", "date": "2025-12-26", "hour": 18}}, {"type": "Feature", "geometry": {"type": "Point", "coordinates": [5.75, 54.75]}, "properties": {"value": 9.53, "time": "2025-12-26T18:00:00", "date": "2025-12-26", "hour": 18}}, {"type": "Feature", "geometry": {"type": "Point", "coordinates": [6.0, 54.75]}, "properties": {"value": 9.341, "time": "2025-12-26T18:00:00", "date": "2025-12-26", "hour": 18}}, {"type": "Feature", "geometry": {"type": "Point", "coordinates": [6.25, 54.75]}, "properties": {"value": 9.239, "time": "2025-12-26T18:00:00", "date": "2025-12-26", "hour": 18}}, {"type": "Feature", "geometry": {"type": "Point", "coordinates": [6.5, 54.75]}, "properties": {"value": 9.036, "time": "2025-12-26T18:00:00", "date": "2025-12-26", "hour": 18}}, {"type": "Feature", "geometry": {"type": "Point", "coordinates": [6.75, 54.75]}, "properties": {"value": 8.434, "time": "2025-12-26T18:00:00", "date": "2025-12-26", "hour": 18}}, {"type": "Feature", "geometry": {"type": "Point", "coordinates": [7.0, 54.75]}, "properties": {"value": 7.887, "time": "2025-12-26T18:00:00", "date": "2025-12-26", "hour": 18}}, {"type": "Feature", "geometry": {"type": "Point", "coordinates": [7.25, 54.75]}, "properties": {"value": 7.143, "time": "2025-12-26T18:00:00", "date": "2025-12-26", "hour": 18}}, {"type": "Feature", "geometry": {"type": "Point", "coordinates": [7.5, 54.75]}, "properties": {"value": 6.475, "time": "2025-12-26T18:00:00", "date": "2025-12-26", "hour": 18}}, {"type": "Feature", "geometry": {"type": "Point", "coordinates": [7.75, 54.75]}, "properties": {"value": 5.799, "time": "2025-12-26T18:00:00", "date": "2025-12-26", "hour": 18}}, {"type": "Feature", "geometry": {"type": "Point", "coordinates": [8.0, 54.75]}, "properties": {"value": 4.965, "time": "2025-12-26T18:00:00", "date": "2025-12-26", "hour": 18}}, {"type": "Feature", "geometry": {"type": "Point", "coordinates": [8.25, 54.75]}, "properties": {"value": 3.672, "time": "2025-12-26T18:00:00", "date": "2025-12-26", "hour": 18}}, {"type": "Feature", "geometry": {"type": "Point", "coordinates": [8.5, 54.75]}, "properties": {"value": 2.753, "time": "2025-12-26T18:00:00", "date": "2025-12-26", "hour": 18}}, {"type": "Feature", "geometry": {"type": "Point", "coordinates": [10.25, 54.75]}, "properties": {"value": 5.647, "time": "2025-12-26T18:00:00", "date": "2025-12-26", "hour": 18}}, {"type": "Feature", "geometry": {"type": "Point", "coordinates": [10.5, 54.75]}, "properties": {"value": 5.221, "time": "2025-12-26T18:00:00", "date": "2025-12-26", "hour": 18}}, {"type": "Feature", "geometry": {"type": "Point", "coordinates": [10.75, 54.75]}, "properties": {"value": 4.946, "time": "2025-12-26T18:00:00", "date": "2025-12-26", "hour": 18}}, {"type": "Feature", "geometry": {"type": "Point", "coordinates": [11.0, 54.75]}, "properties": {"value": 4.75, "time": "2025-12-26T18:00:00", "date": "2025-12-26", "hour": 18}}, {"type": "Feature", "geometry": {"type": "Point", "coordinates": [11.25, 54.75]}, "properties": {"value": 4.654, "time": "2025-12-26T18:00:00", "date": "2025-12-26", "hour": 18}}, {"type": "Feature", "geometry": {"type": "Point", "coordinates": [11.5, 54.75]}, "properties": {"value": 4.617, "time": "2025-12-26T18:00:00", "date": "2025-12-26", "hour": 18}}, {"type": "Feature", "geometry": {"type": "Point", "coordinates": [12.0, 54.75]}, "properties": {"value": 5.438, "time": "2025-12-26T18:00:00", "date": "2025-12-26", "hour": 18}}, {"type": "Feature", "geometry": {"type": "Point", "coordinates": [12.25, 54.75]}, "properties": {"value": 5.93, "time": "2025-12-26T18:00:00", "date": "2025-12-26", "hour": 18}}, {"type": "Feature", "geometry": {"type": "Point", "coordinates": [12.5, 54.75]}, "properties": {"value": 6.082, "time": "2025-12-26T18:00:00", "date": "2025-12-26", "hour": 18}}, {"type": "Feature", "geometry": {"type": "Point", "coordinates": [12.75, 54.75]}, "properties": {"value": 6.039, "time": "2025-12-26T18:00:00", "date": "2025-12-26", "hour": 18}}, {"type": "Feature", "geometry": {"type": "Point", "coordinates": [13.0, 54.75]}, "properties": {"value": 5.812, "time": "2025-12-26T18:00:00", "date": "2025-12-26", "hour": 18}}, {"type": "Feature", "geometry": {"type": "Point", "coordinates": [13.25, 54.75]}, "properties": {"value": 5.866, "time": "2025-12-26T18:00:00", "date": "2025-12-26", "hour": 18}}, {"type": "Feature", "geometry": {"type": "Point", "coordinates": [13.5, 54.75]}, "properties": {"value": 5.763, "time": "2025-12-26T18:00:00", "date": "2025-12-26", "hour": 18}}, {"type": "Feature", "geometry": {"type": "Point", "coordinates": [13.75, 54.75]}, "properties": {"value": 5.826, "time": "2025-12-26T18:00:00", "date": "2025-12-26", "hour": 18}}, {"type": "Feature", "geometry": {"type": "Point", "coordinates": [14.0, 54.75]}, "properties": {"value": 5.986, "time": "2025-12-26T18:00:00", "date": "2025-12-26", "hour": 18}}, {"type": "Feature", "geometry": {"type": "Point", "coordinates": [14.25, 54.75]}, "properties": {"value": 6.179, "time": "2025-12-26T18:00:00", "date": "2025-12-26", "hour": 18}}, {"type": "Feature", "geometry": {"type": "Point", "coordinates": [14.5, 54.75]}, "properties": {"value": 6.817, "time": "2025-12-26T18:00:00", "date": "2025-12-26", "hour": 18}}, {"type": "Feature", "geometry": {"type": "Point", "coordinates": [14.75, 54.75]}, "properties": {"value": 7.063, "time": "2025-12-26T18:00:00", "date": "2025-12-26", "hour": 18}}, {"type": "Feature", "geometry": {"type": "Point", "coordinates": [15.0, 54.75]}, "properties": {"value": 7.245, "time": "2025-12-26T18:00:00", "date": "2025-12-26", "hour": 18}}, {"type": "Feature", "geometry": {"type": "Point", "coordinates": [5.0, 55.0]}, "properties": {"value": 9.525, "time": "2025-12-26T18:00:00", "date": "2025-12-26", "hour": 18}}, {"type": "Feature", "geometry": {"type": "Point", "coordinates": [5.25, 55.0]}, "properties": {"value": 9.539, "time": "2025-12-26T18:00:00", "date": "2025-12-26", "hour": 18}}, {"type": "Feature", "geometry": {"type": "Point", "coordinates": [5.5, 55.0]}, "properties": {"value": 9.568, "time": "2025-12-26T18:00:00", "date": "2025-12-26", "hour": 18}}, {"type": "Feature", "geometry": {"type": "Point", "coordinates": [5.75, 55.0]}, "properties": {"value": 9.532, "time": "2025-12-26T18:00:00", "date": "2025-12-26", "hour": 18}}, {"type": "Feature", "geometry": {"type": "Point", "coordinates": [6.0, 55.0]}, "properties": {"value": 9.436, "time": "2025-12-26T18:00:00", "date": "2025-12-26", "hour": 18}}, {"type": "Feature", "geometry": {"type": "Point", "coordinates": [6.25, 55.0]}, "properties": {"value": 9.126, "time": "2025-12-26T18:00:00", "date": "2025-12-26", "hour": 18}}, {"type": "Feature", "geometry": {"type": "Point", "coordinates": [6.5, 55.0]}, "properties": {"value": 8.623, "time": "2025-12-26T18:00:00", "date": "2025-12-26", "hour": 18}}, {"type": "Feature", "geometry": {"type": "Point", "coordinates": [6.75, 55.0]}, "properties": {"value": 8.006, "time": "2025-12-26T18:00:00", "date": "2025-12-26", "hour": 18}}, {"type": "Feature", "geometry": {"type": "Point", "coordinates": [7.0, 55.0]}, "properties": {"value": 7.35, "time": "2025-12-26T18:00:00", "date": "2025-12-26", "hour": 18}}, {"type": "Feature", "geometry": {"type": "Point", "coordinates": [7.25, 55.0]}, "properties": {"value": 6.876, "time": "2025-12-26T18:00:00", "date": "2025-12-26", "hour": 18}}, {"type": "Feature", "geometry": {"type": "Point", "coordinates": [7.5, 55.0]}, "properties": {"value": 6.284, "time": "2025-12-26T18:00:00", "date": "2025-12-26", "hour": 18}}, {"type": "Feature", "geometry": {"type": "Point", "coordinates": [7.75, 55.0]}, "properties": {"value": 5.676, "time": "2025-12-26T18:00:00", "date": "2025-12-26", "hour": 18}}, {"type": "Feature", "geometry": {"type": "Point", "coordinates": [8.0, 55.0]}, "properties": {"value": 5.122, "time": "2025-12-26T18:00:00", "date": "2025-12-26", "hour": 18}}, {"type": "Feature", "geometry": {"type": "Point", "coordinates": [8.25, 55.0]}, "properties": {"value": 4.069, "time": "2025-12-26T18:00:00", "date": "2025-12-26", "hour": 18}}, {"type": "Feature", "geometry": {"type": "Point", "coordinates": [8.5, 55.0]}, "properties": {"value": 3.238, "time": "2025-12-26T18:00:00", "date": "2025-12-26", "hour": 18}}, {"type": "Feature", "geometry": {"type": "Point", "coordinates": [10.25, 55.0]}, "properties": {"value": 5.754, "time": "2025-12-26T18:00:00", "date": "2025-12-26", "hour": 18}}, {"type": "Feature", "geometry": {"type": "Point", "coordinates": [10.5, 55.0]}, "properties": {"value": 5.124, "time": "2025-12-26T18:00:00", "date": "2025-12-26", "hour": 18}}, {"type": "Feature", "geometry": {"type": "Point", "coordinates": [10.75, 55.0]}, "properties": {"value": 4.505, "time": "2025-12-26T18:00:00", "date": "2025-12-26", "hour": 18}}, {"type": "Feature", "geometry": {"type": "Point", "coordinates": [11.0, 55.0]}, "properties": {"value": 4.595, "time": "2025-12-26T18:00:00", "date": "2025-12-26", "hour": 18}}, {"type": "Feature", "geometry": {"type": "Point", "coordinates": [11.25, 55.0]}, "properties": {"value": 4.561, "time": "2025-12-26T18:00:00", "date": "2025-12-26", "hour": 18}}, {"type": "Feature", "geometry": {"type": "Point", "coordinates": [11.5, 55.0]}, "properties": {"value": 4.547, "time": "2025-12-26T18:00:00", "date": "2025-12-26", "hour": 18}}, {"type": "Feature", "geometry": {"type": "Point", "coordinates": [11.75, 55.0]}, "properties": {"value": 4.416, "time": "2025-12-26T18:00:00", "date": "2025-12-26", "hour": 18}}, {"type": "Feature", "geometry": {"type": "Point", "coordinates": [12.0, 55.0]}, "properties": {"value": 5.006, "time": "2025-12-26T18:00:00", "date": "2025-12-26", "hour": 18}}, {"type": "Feature", "geometry": {"type": "Point", "coordinates": [12.25, 55.0]}, "properties": {"value": 5.693, "time": "2025-12-26T18:00:00", "date": "2025-12-26", "hour": 18}}, {"type": "Feature", "geometry": {"type": "Point", "coordinates": [12.5, 55.0]}, "properties": {"value": 6.038, "time": "2025-12-26T18:00:00", "date": "2025-12-26", "hour": 18}}, {"type": "Feature", "geometry": {"type": "Point", "coordinates": [12.75, 55.0]}, "properties": {"value": 6.175, "time": "2025-12-26T18:00:00", "date": "2025-12-26", "hour": 18}}, {"type": "Feature", "geometry": {"type": "Point", "coordinates": [13.0, 55.0]}, "properties": {"value": 6.266, "time": "2025-12-26T18:00:00", "date": "2025-12-26", "hour": 18}}, {"type": "Feature", "geometry": {"type": "Point", "coordinates": [13.25, 55.0]}, "properties": {"value": 6.319, "time": "2025-12-26T18:00:00", "date": "2025-12-26", "hour": 18}}, {"type": "Feature", "geometry": {"type": "Point", "coordinates": [13.5, 55.0]}, "properties": {"value": 6.339, "time": "2025-12-26T18:00:00", "date": "2025-12-26", "hour": 18}}, {"type": "Feature", "geometry": {"type": "Point", "coordinates": [13.75, 55.0]}, "properties": {"value": 6.4, "time": "2025-12-26T18:00:00", "date": "2025-12-26", "hour": 18}}, {"type": "Feature", "geometry": {"type": "Point", "coordinates": [14.0, 55.0]}, "properties": {"value": 6.533, "time": "2025-12-26T18:00:00", "date": "2025-12-26", "hour": 18}}, {"type": "Feature", "geometry": {"type": "Point", "coordinates": [14.25, 55.0]}, "properties": {"value": 6.643, "time": "2025-12-26T18:00:00", "date": "2025-12-26", "hour": 18}}, {"type": "Feature", "geometry": {"type": "Point", "coordinates": [14.5, 55.0]}, "properties": {"value": 6.684, "time": "2025-12-26T18:00:00", "date": "2025-12-26", "hour": 18}}, {"type": "Feature", "geometry": {"type": "Point", "coordinates": [14.75, 55.0]}, "properties": {"value": 6.88, "time": "2025-12-26T18:00:00", "date": "2025-12-26", "hour": 18}}, {"type": "Feature", "geometry": {"type": "Point", "coordinates": [15.0, 55.0]}, "properties": {"value": 7.058, "time": "2025-12-26T18:00:00", "date": "2025-12-26", "hour": 18}}, {"type": "Feature", "geometry": {"type": "Point", "coordinates": [5.25, 52.75]}, "properties": {"value": 3.24, "time": "2025-12-26T19:00:00", "date": "2025-12-26", "hour": 19}}, {"type": "Feature", "geometry": {"type": "Point", "coordinates": [5.5, 52.75]}, "properties": {"value": 3.249, "time": "2025-12-26T19:00:00", "date": "2025-12-26", "hour": 19}}, {"type": "Feature", "geometry": {"type": "Point", "coordinates": [5.0, 53.0]}, "properties": {"value": 4.743, "time": "2025-12-26T19:00:00", "date": "2025-12-26", "hour": 19}}, {"type": "Feature", "geometry": {"type": "Point", "coordinates": [5.25, 53.0]}, "properties": {"value": 3.781, "time": "2025-12-26T19:00:00", "date": "2025-12-26", "hour": 19}}, {"type": "Feature", "geometry": {"type": "Point", "coordinates": [5.5, 53.0]}, "properties": {"value": 3.103, "time": "2025-12-26T19:00:00", "date": "2025-12-26", "hour": 19}}, {"type": "Feature", "geometry": {"type": "Point", "coordinates": [5.0, 53.25]}, "properties": {"value": 5.694, "time": "2025-12-26T19:00:00", "date": "2025-12-26", "hour": 19}}, {"type": "Feature", "geometry": {"type": "Point", "coordinates": [5.25, 53.25]}, "properties": {"value": 4.494, "time": "2025-12-26T19:00:00", "date": "2025-12-26", "hour": 19}}, {"type": "Feature", "geometry": {"type": "Point", "coordinates": [5.5, 53.25]}, "properties": {"value": 3.771, "time": "2025-12-26T19:00:00", "date": "2025-12-26", "hour": 19}}, {"type": "Feature", "geometry": {"type": "Point", "coordinates": [5.0, 53.5]}, "properties": {"value": 7.802, "time": "2025-12-26T19:00:00", "date": "2025-12-26", "hour": 19}}, {"type": "Feature", "geometry": {"type": "Point", "coordinates": [5.25, 53.5]}, "properties": {"value": 7.132, "time": "2025-12-26T19:00:00", "date": "2025-12-26", "hour": 19}}, {"type": "Feature", "geometry": {"type": "Point", "coordinates": [5.5, 53.5]}, "properties": {"value": 6.946, "time": "2025-12-26T19:00:00", "date": "2025-12-26", "hour": 19}}, {"type": "Feature", "geometry": {"type": "Point", "coordinates": [5.75, 53.5]}, "properties": {"value": 6.46, "time": "2025-12-26T19:00:00", "date": "2025-12-26", "hour": 19}}, {"type": "Feature", "geometry": {"type": "Point", "coordinates": [6.0, 53.5]}, "properties": {"value": 5.762, "time": "2025-12-26T19:00:00", "date": "2025-12-26", "hour": 19}}, {"type": "Feature", "geometry": {"type": "Point", "coordinates": [6.25, 53.5]}, "properties": {"value": 4.952, "time": "2025-12-26T19:00:00", "date": "2025-12-26", "hour": 19}}, {"type": "Feature", "geometry": {"type": "Point", "coordinates": [6.5, 53.5]}, "properties": {"value": 4.86, "time": "2025-12-26T19:00:00", "date": "2025-12-26", "hour": 19}}, {"type": "Feature", "geometry": {"type": "Point", "coordinates": [6.75, 53.5]}, "properties": {"value": 4.695, "time": "2025-12-26T19:00:00", "date": "2025-12-26", "hour": 19}}, {"type": "Feature", "geometry": {"type": "Point", "coordinates": [5.0, 53.75]}, "properties": {"value": 8.826, "time": "2025-12-26T19:00:00", "date": "2025-12-26", "hour": 19}}, {"type": "Feature", "geometry": {"type": "Point", "coordinates": [5.25, 53.75]}, "properties": {"value": 8.378, "time": "2025-12-26T19:00:00", "date": "2025-12-26", "hour": 19}}, {"type": "Feature", "geometry": {"type": "Point", "coordinates": [5.5, 53.75]}, "properties": {"value": 8.065, "time": "2025-12-26T19:00:00", "date": "2025-12-26", "hour": 19}}, {"type": "Feature", "geometry": {"type": "Point", "coordinates": [5.75, 53.75]}, "properties": {"value": 7.845, "time": "2025-12-26T19:00:00", "date": "2025-12-26", "hour": 19}}, {"type": "Feature", "geometry": {"type": "Point", "coordinates": [6.0, 53.75]}, "properties": {"value": 7.324, "time": "2025-12-26T19:00:00", "date": "2025-12-26", "hour": 19}}, {"type": "Feature", "geometry": {"type": "Point", "coordinates": [6.25, 53.75]}, "properties": {"value": 7.106, "time": "2025-12-26T19:00:00", "date": "2025-12-26", "hour": 19}}, {"type": "Feature", "geometry": {"type": "Point", "coordinates": [6.5, 53.75]}, "properties": {"value": 6.685, "time": "2025-12-26T19:00:00", "date": "2025-12-26", "hour": 19}}, {"type": "Feature", "geometry": {"type": "Point", "coordinates": [6.75, 53.75]}, "properties": {"value": 6.359, "time": "2025-12-26T19:00:00", "date": "2025-12-26", "hour": 19}}, {"type": "Feature", "geometry": {"type": "Point", "coordinates": [7.0, 53.75]}, "properties": {"value": 6.608, "time": "2025-12-26T19:00:00", "date": "2025-12-26", "hour": 19}}, {"type": "Feature", "geometry": {"type": "Point", "coordinates": [7.25, 53.75]}, "properties": {"value": 6.331, "time": "2025-12-26T19:00:00", "date": "2025-12-26", "hour": 19}}, {"type": "Feature", "geometry": {"type": "Point", "coordinates": [7.5, 53.75]}, "properties": {"value": 6.894, "time": "2025-12-26T19:00:00", "date": "2025-12-26", "hour": 19}}, {"type": "Feature", "geometry": {"type": "Point", "coordinates": [7.75, 53.75]}, "properties": {"value": 6.986, "time": "2025-12-26T19:00:00", "date": "2025-12-26", "hour": 19}}, {"type": "Feature", "geometry": {"type": "Point", "coordinates": [8.0, 53.75]}, "properties": {"value": 5.891, "time": "2025-12-26T19:00:00", "date": "2025-12-26", "hour": 19}}, {"type": "Feature", "geometry": {"type": "Point", "coordinates": [8.25, 53.75]}, "properties": {"value": 4.848, "time": "2025-12-26T19:00:00", "date": "2025-12-26", "hour": 19}}, {"type": "Feature", "geometry": {"type": "Point", "coordinates": [8.5, 53.75]}, "properties": {"value": 4.096, "time": "2025-12-26T19:00:00", "date": "2025-12-26", "hour": 19}}, {"type": "Feature", "geometry": {"type": "Point", "coordinates": [8.75, 53.75]}, "properties": {"value": 4.096, "time": "2025-12-26T19:00:00", "date": "2025-12-26", "hour": 19}}, {"type": "Feature", "geometry": {"type": "Point", "coordinates": [14.25, 53.75]}, "properties": {"value": 0.934, "time": "2025-12-26T19:00:00", "date": "2025-12-26", "hour": 19}}, {"type": "Feature", "geometry": {"type": "Point", "coordinates": [14.5, 53.75]}, "properties": {"value": 0.934, "time": "2025-12-26T19:00:00", "date": "2025-12-26", "hour": 19}}, {"type": "Feature", "geometry": {"type": "Point", "coordinates": [5.0, 54.0]}, "properties": {"value": 9.39, "time": "2025-12-26T19:00:00", "date": "2025-12-26", "hour": 19}}, {"type": "Feature", "geometry": {"type": "Point", "coordinates": [5.25, 54.0]}, "properties": {"value": 9.064, "time": "2025-12-26T19:00:00", "date": "2025-12-26", "hour": 19}}, {"type": "Feature", "geometry": {"type": "Point", "coordinates": [5.5, 54.0]}, "properties": {"value": 8.751, "time": "2025-12-26T19:00:00", "date": "2025-12-26", "hour": 19}}, {"type": "Feature", "geometry": {"type": "Point", "coordinates": [5.75, 54.0]}, "properties": {"value": 8.59, "time": "2025-12-26T19:00:00", "date": "2025-12-26", "hour": 19}}, {"type": "Feature", "geometry": {"type": "Point", "coordinates": [6.0, 54.0]}, "properties": {"value": 8.493, "time": "2025-12-26T19:00:00", "date": "2025-12-26", "hour": 19}}, {"type": "Feature", "geometry": {"type": "Point", "coordinates": [6.25, 54.0]}, "properties": {"value": 8.364, "time": "2025-12-26T19:00:00", "date": "2025-12-26", "hour": 19}}, {"type": "Feature", "geometry": {"type": "Point", "coordinates": [6.5, 54.0]}, "properties": {"value": 7.986, "time": "2025-12-26T19:00:00", "date": "2025-12-26", "hour": 19}}, {"type": "Feature", "geometry": {"type": "Point", "coordinates": [6.75, 54.0]}, "properties": {"value": 7.763, "time": "2025-12-26T19:00:00", "date": "2025-12-26", "hour": 19}}, {"type": "Feature", "geometry": {"type": "Point", "coordinates": [7.0, 54.0]}, "properties": {"value": 7.506, "time": "2025-12-26T19:00:00", "date": "2025-12-26", "hour": 19}}, {"type": "Feature", "geometry": {"type": "Point", "coordinates": [7.25, 54.0]}, "properties": {"value": 7.318, "time": "2025-12-26T19:00:00", "date": "2025-12-26", "hour": 19}}, {"type": "Feature", "geometry": {"type": "Point", "coordinates": [7.5, 54.0]}, "properties": {"value": 7.519, "time": "2025-12-26T19:00:00", "date": "2025-12-26", "hour": 19}}, {"type": "Feature", "geometry": {"type": "Point", "coordinates": [7.75, 54.0]}, "properties": {"value": 7.432, "time": "2025-12-26T19:00:00", "date": "2025-12-26", "hour": 19}}, {"type": "Feature", "geometry": {"type": "Point", "coordinates": [8.0, 54.0]}, "properties": {"value": 7.03, "time": "2025-12-26T19:00:00", "date": "2025-12-26", "hour": 19}}, {"type": "Feature", "geometry": {"type": "Point", "coordinates": [8.25, 54.0]}, "properties": {"value": 6.242, "time": "2025-12-26T19:00:00", "date": "2025-12-26", "hour": 19}}, {"type": "Feature", "geometry": {"type": "Point", "coordinates": [8.5, 54.0]}, "properties": {"value": 4.937, "time": "2025-12-26T19:00:00", "date": "2025-12-26", "hour": 19}}, {"type": "Feature", "geometry": {"type": "Point", "coordinates": [11.25, 54.0]}, "properties": {"value": 5.122, "time": "2025-12-26T19:00:00", "date": "2025-12-26", "hour": 19}}, {"type": "Feature", "geometry": {"type": "Point", "coordinates": [14.0, 54.0]}, "properties": {"value": 3.376, "time": "2025-12-26T19:00:00", "date": "2025-12-26", "hour": 19}}, {"type": "Feature", "geometry": {"type": "Point", "coordinates": [14.25, 54.0]}, "properties": {"value": 4.446, "time": "2025-12-26T19:00:00", "date": "2025-12-26", "hour": 19}}, {"type": "Feature", "geometry": {"type": "Point", "coordinates": [14.5, 54.0]}, "properties": {"value": 3.948, "time": "2025-12-26T19:00:00", "date": "2025-12-26", "hour": 19}}, {"type": "Feature", "geometry": {"type": "Point", "coordinates": [14.75, 54.0]}, "properties": {"value": 4.721, "time": "2025-12-26T19:00:00", "date": "2025-12-26", "hour": 19}}, {"type": "Feature", "geometry": {"type": "Point", "coordinates": [5.0, 54.25]}, "properties": {"value": 9.611, "time": "2025-12-26T19:00:00", "date": "2025-12-26", "hour": 19}}, {"type": "Feature", "geometry": {"type": "Point", "coordinates": [5.25, 54.25]}, "properties": {"value": 9.363, "time": "2025-12-26T19:00:00", "date": "2025-12-26", "hour": 19}}, {"type": "Feature", "geometry": {"type": "Point", "coordinates": [5.5, 54.25]}, "properties": {"value": 9.181, "time": "2025-12-26T19:00:00", "date": "2025-12-26", "hour": 19}}, {"type": "Feature", "geometry": {"type": "Point", "coordinates": [5.75, 54.25]}, "properties": {"value": 9.034, "time": "2025-12-26T19:00:00", "date": "2025-12-26", "hour": 19}}, {"type": "Feature", "geometry": {"type": "Point", "coordinates": [6.0, 54.25]}, "properties": {"value": 8.907, "time": "2025-12-26T19:00:00", "date": "2025-12-26", "hour": 19}}, {"type": "Feature", "geometry": {"type": "Point", "coordinates": [6.25, 54.25]}, "properties": {"value": 8.875, "time": "2025-12-26T19:00:00", "date": "2025-12-26", "hour": 19}}, {"type": "Feature", "geometry": {"type": "Point", "coordinates": [6.5, 54.25]}, "properties": {"value": 8.87, "time": "2025-12-26T19:00:00", "date": "2025-12-26", "hour": 19}}, {"type": "Feature", "geometry": {"type": "Point", "coordinates": [6.75, 54.25]}, "properties": {"value": 8.635, "time": "2025-12-26T19:00:00", "date": "2025-12-26", "hour": 19}}, {"type": "Feature", "geometry": {"type": "Point", "coordinates": [7.0, 54.25]}, "properties": {"value": 8.38, "time": "2025-12-26T19:00:00", "date": "2025-12-26", "hour": 19}}, {"type": "Feature", "geometry": {"type": "Point", "coordinates": [7.25, 54.25]}, "properties": {"value": 7.845, "time": "2025-12-26T19:00:00", "date": "2025-12-26", "hour": 19}}, {"type": "Feature", "geometry": {"type": "Point", "coordinates": [7.5, 54.25]}, "properties": {"value": 7.526, "time": "2025-12-26T19:00:00", "date": "2025-12-26", "hour": 19}}, {"type": "Feature", "geometry": {"type": "Point", "coordinates": [7.75, 54.25]}, "properties": {"value": 7.333, "time": "2025-12-26T19:00:00", "date": "2025-12-26", "hour": 19}}, {"type": "Feature", "geometry": {"type": "Point", "coordinates": [8.0, 54.25]}, "properties": {"value": 7.068, "time": "2025-12-26T19:00:00", "date": "2025-12-26", "hour": 19}}, {"type": "Feature", "geometry": {"type": "Point", "coordinates": [8.25, 54.25]}, "properties": {"value": 5.934, "time": "2025-12-26T19:00:00", "date": "2025-12-26", "hour": 19}}, {"type": "Feature", "geometry": {"type": "Point", "coordinates": [8.5, 54.25]}, "properties": {"value": 4.685, "time": "2025-12-26T19:00:00", "date": "2025-12-26", "hour": 19}}, {"type": "Feature", "geometry": {"type": "Point", "coordinates": [10.75, 54.25]}, "properties": {"value": 5.437, "time": "2025-12-26T19:00:00", "date": "2025-12-26", "hour": 19}}, {"type": "Feature", "geometry": {"type": "Point", "coordinates": [11.25, 54.25]}, "properties": {"value": 5.213, "time": "2025-12-26T19:00:00", "date": "2025-12-26", "hour": 19}}, {"type": "Feature", "geometry": {"type": "Point", "coordinates": [11.75, 54.25]}, "properties": {"value": 5.469, "time": "2025-12-26T19:00:00", "date": "2025-12-26", "hour": 19}}, {"type": "Feature", "geometry": {"type": "Point", "coordinates": [12.25, 54.25]}, "properties": {"value": 5.571, "time": "2025-12-26T19:00:00", "date": "2025-12-26", "hour": 19}}, {"type": "Feature", "geometry": {"type": "Point", "coordinates": [13.75, 54.25]}, "properties": {"value": 3.253, "time": "2025-12-26T19:00:00", "date": "2025-12-26", "hour": 19}}, {"type": "Feature", "geometry": {"type": "Point", "coordinates": [14.0, 54.25]}, "properties": {"value": 4.088, "time": "2025-12-26T19:00:00", "date": "2025-12-26", "hour": 19}}, {"type": "Feature", "geometry": {"type": "Point", "coordinates": [14.25, 54.25]}, "properties": {"value": 4.856, "time": "2025-12-26T19:00:00", "date": "2025-12-26", "hour": 19}}, {"type": "Feature", "geometry": {"type": "Point", "coordinates": [14.5, 54.25]}, "properties": {"value": 5.434, "time": "2025-12-26T19:00:00", "date": "2025-12-26", "hour": 19}}, {"type": "Feature", "geometry": {"type": "Point", "coordinates": [14.75, 54.25]}, "properties": {"value": 5.612, "time": "2025-12-26T19:00:00", "date": "2025-12-26", "hour": 19}}, {"type": "Feature", "geometry": {"type": "Point", "coordinates": [15.0, 54.25]}, "properties": {"value": 5.983, "time": "2025-12-26T19:00:00", "date": "2025-12-26", "hour": 19}}, {"type": "Feature", "geometry": {"type": "Point", "coordinates": [5.0, 54.5]}, "properties": {"value": 9.654, "time": "2025-12-26T19:00:00", "date": "2025-12-26", "hour": 19}}, {"type": "Feature", "geometry": {"type": "Point", "coordinates": [5.25, 54.5]}, "properties": {"value": 9.607, "time": "2025-12-26T19:00:00", "date": "2025-12-26", "hour": 19}}, {"type": "Feature", "geometry": {"type": "Point", "coordinates": [5.5, 54.5]}, "properties": {"value": 9.477, "time": "2025-12-26T19:00:00", "date": "2025-12-26", "hour": 19}}, {"type": "Feature", "geometry": {"type": "Point", "coordinates": [5.75, 54.5]}, "properties": {"value": 9.325, "time": "2025-12-26T19:00:00", "date": "2025-12-26", "hour": 19}}, {"type": "Feature", "geometry": {"type": "Point", "coordinates": [6.0, 54.5]}, "properties": {"value": 9.165, "time": "2025-12-26T19:00:00", "date": "2025-12-26", "hour": 19}}, {"type": "Feature", "geometry": {"type": "Point", "coordinates": [6.25, 54.5]}, "properties": {"value": 9.063, "time": "2025-12-26T19:00:00", "date": "2025-12-26", "hour": 19}}, {"type": "Feature", "geometry": {"type": "Point", "coordinates": [6.5, 54.5]}, "properties": {"value": 9.106, "time": "2025-12-26T19:00:00", "date": "2025-12-26", "hour": 19}}, {"type": "Feature", "geometry": {"type": "Point", "coordinates": [6.75, 54.5]}, "properties": {"value": 8.931, "time": "2025-12-26T19:00:00", "date": "2025-12-26", "hour": 19}}, {"type": "Feature", "geometry": {"type": "Point", "coordinates": [7.0, 54.5]}, "properties": {"value": 8.478, "time": "2025-12-26T19:00:00", "date": "2025-12-26", "hour": 19}}, {"type": "Feature", "geometry": {"type": "Point", "coordinates": [7.25, 54.5]}, "properties": {"value": 7.731, "time": "2025-12-26T19:00:00", "date": "2025-12-26", "hour": 19}}, {"type": "Feature", "geometry": {"type": "Point", "coordinates": [7.5, 54.5]}, "properties": {"value": 6.981, "time": "2025-12-26T19:00:00", "date": "2025-12-26", "hour": 19}}, {"type": "Feature", "geometry": {"type": "Point", "coordinates": [7.75, 54.5]}, "properties": {"value": 6.704, "time": "2025-12-26T19:00:00", "date": "2025-12-26", "hour": 19}}, {"type": "Feature", "geometry": {"type": "Point", "coordinates": [8.0, 54.5]}, "properties": {"value": 5.901, "time": "2025-12-26T19:00:00", "date": "2025-12-26", "hour": 19}}, {"type": "Feature", "geometry": {"type": "Point", "coordinates": [8.25, 54.5]}, "properties": {"value": 4.62, "time": "2025-12-26T19:00:00", "date": "2025-12-26", "hour": 19}}, {"type": "Feature", "geometry": {"type": "Point", "coordinates": [8.5, 54.5]}, "properties": {"value": 3.574, "time": "2025-12-26T19:00:00", "date": "2025-12-26", "hour": 19}}, {"type": "Feature", "geometry": {"type": "Point", "coordinates": [10.5, 54.5]}, "properties": {"value": 5.53, "time": "2025-12-26T19:00:00", "date": "2025-12-26", "hour": 19}}, {"type": "Feature", "geometry": {"type": "Point", "coordinates": [10.75, 54.5]}, "properties": {"value": 5.328, "time": "2025-12-26T19:00:00", "date": "2025-12-26", "hour": 19}}, {"type": "Feature", "geometry": {"type": "Point", "coordinates": [11.0, 54.5]}, "properties": {"value": 5.139, "time": "2025-12-26T19:00:00", "date": "2025-12-26", "hour": 19}}, {"type": "Feature", "geometry": {"type": "Point", "coordinates": [11.25, 54.5]}, "properties": {"value": 5.06, "time": "2025-12-26T19:00:00", "date": "2025-12-26", "hour": 19}}, {"type": "Feature", "geometry": {"type": "Point", "coordinates": [11.5, 54.5]}, "properties": {"value": 5.155, "time": "2025-12-26T19:00:00", "date": "2025-12-26", "hour": 19}}, {"type": "Feature", "geometry": {"type": "Point", "coordinates": [11.75, 54.5]}, "properties": {"value": 5.523, "time": "2025-12-26T19:00:00", "date": "2025-12-26", "hour": 19}}, {"type": "Feature", "geometry": {"type": "Point", "coordinates": [12.0, 54.5]}, "properties": {"value": 5.705, "time": "2025-12-26T19:00:00", "date": "2025-12-26", "hour": 19}}, {"type": "Feature", "geometry": {"type": "Point", "coordinates": [12.25, 54.5]}, "properties": {"value": 5.774, "time": "2025-12-26T19:00:00", "date": "2025-12-26", "hour": 19}}, {"type": "Feature", "geometry": {"type": "Point", "coordinates": [13.0, 54.5]}, "properties": {"value": 5.655, "time": "2025-12-26T19:00:00", "date": "2025-12-26", "hour": 19}}, {"type": "Feature", "geometry": {"type": "Point", "coordinates": [13.25, 54.5]}, "properties": {"value": 4.774, "time": "2025-12-26T19:00:00", "date": "2025-12-26", "hour": 19}}, {"type": "Feature", "geometry": {"type": "Point", "coordinates": [13.5, 54.5]}, "properties": {"value": 4.289, "time": "2025-12-26T19:00:00", "date": "2025-12-26", "hour": 19}}, {"type": "Feature", "geometry": {"type": "Point", "coordinates": [13.75, 54.5]}, "properties": {"value": 4.353, "time": "2025-12-26T19:00:00", "date": "2025-12-26", "hour": 19}}, {"type": "Feature", "geometry": {"type": "Point", "coordinates": [14.0, 54.5]}, "properties": {"value": 5.093, "time": "2025-12-26T19:00:00", "date": "2025-12-26", "hour": 19}}, {"type": "Feature", "geometry": {"type": "Point", "coordinates": [14.25, 54.5]}, "properties": {"value": 5.782, "time": "2025-12-26T19:00:00", "date": "2025-12-26", "hour": 19}}, {"type": "Feature", "geometry": {"type": "Point", "coordinates": [14.5, 54.5]}, "properties": {"value": 6.421, "time": "2025-12-26T19:00:00", "date": "2025-12-26", "hour": 19}}, {"type": "Feature", "geometry": {"type": "Point", "coordinates": [14.75, 54.5]}, "properties": {"value": 6.673, "time": "2025-12-26T19:00:00", "date": "2025-12-26", "hour": 19}}, {"type": "Feature", "geometry": {"type": "Point", "coordinates": [15.0, 54.5]}, "properties": {"value": 6.935, "time": "2025-12-26T19:00:00", "date": "2025-12-26", "hour": 19}}, {"type": "Feature", "geometry": {"type": "Point", "coordinates": [5.0, 54.75]}, "properties": {"value": 9.679, "time": "2025-12-26T19:00:00", "date": "2025-12-26", "hour": 19}}, {"type": "Feature", "geometry": {"type": "Point", "coordinates": [5.25, 54.75]}, "properties": {"value": 9.632, "time": "2025-12-26T19:00:00", "date": "2025-12-26", "hour": 19}}, {"type": "Feature", "geometry": {"type": "Point", "coordinates": [5.5, 54.75]}, "properties": {"value": 9.566, "time": "2025-12-26T19:00:00", "date": "2025-12-26", "hour": 19}}, {"type": "Feature", "geometry": {"type": "Point", "coordinates": [5.75, 54.75]}, "properties": {"value": 9.53, "time": "2025-12-26T19:00:00", "date": "2025-12-26", "hour": 19}}, {"type": "Feature", "geometry": {"type": "Point", "coordinates": [6.0, 54.75]}, "properties": {"value": 9.341, "time": "2025-12-26T19:00:00", "date": "2025-12-26", "hour": 19}}, {"type": "Feature", "geometry": {"type": "Point", "coordinates": [6.25, 54.75]}, "properties": {"value": 9.239, "time": "2025-12-26T19:00:00", "date": "2025-12-26", "hour": 19}}, {"type": "Feature", "geometry": {"type": "Point", "coordinates": [6.5, 54.75]}, "properties": {"value": 9.036, "time": "2025-12-26T19:00:00", "date": "2025-12-26", "hour": 19}}, {"type": "Feature", "geometry": {"type": "Point", "coordinates": [6.75, 54.75]}, "properties": {"value": 8.434, "time": "2025-12-26T19:00:00", "date": "2025-12-26", "hour": 19}}, {"type": "Feature", "geometry": {"type": "Point", "coordinates": [7.0, 54.75]}, "properties": {"value": 7.887, "time": "2025-12-26T19:00:00", "date": "2025-12-26", "hour": 19}}, {"type": "Feature", "geometry": {"type": "Point", "coordinates": [7.25, 54.75]}, "properties": {"value": 7.143, "time": "2025-12-26T19:00:00", "date": "2025-12-26", "hour": 19}}, {"type": "Feature", "geometry": {"type": "Point", "coordinates": [7.5, 54.75]}, "properties": {"value": 6.475, "time": "2025-12-26T19:00:00", "date": "2025-12-26", "hour": 19}}, {"type": "Feature", "geometry": {"type": "Point", "coordinates": [7.75, 54.75]}, "properties": {"value": 5.799, "time": "2025-12-26T19:00:00", "date": "2025-12-26", "hour": 19}}, {"type": "Feature", "geometry": {"type": "Point", "coordinates": [8.0, 54.75]}, "properties": {"value": 4.965, "time": "2025-12-26T19:00:00", "date": "2025-12-26", "hour": 19}}, {"type": "Feature", "geometry": {"type": "Point", "coordinates": [8.25, 54.75]}, "properties": {"value": 3.672, "time": "2025-12-26T19:00:00", "date": "2025-12-26", "hour": 19}}, {"type": "Feature", "geometry": {"type": "Point", "coordinates": [8.5, 54.75]}, "properties": {"value": 2.753, "time": "2025-12-26T19:00:00", "date": "2025-12-26", "hour": 19}}, {"type": "Feature", "geometry": {"type": "Point", "coordinates": [10.25, 54.75]}, "properties": {"value": 5.647, "time": "2025-12-26T19:00:00", "date": "2025-12-26", "hour": 19}}, {"type": "Feature", "geometry": {"type": "Point", "coordinates": [10.5, 54.75]}, "properties": {"value": 5.221, "time": "2025-12-26T19:00:00", "date": "2025-12-26", "hour": 19}}, {"type": "Feature", "geometry": {"type": "Point", "coordinates": [10.75, 54.75]}, "properties": {"value": 4.946, "time": "2025-12-26T19:00:00", "date": "2025-12-26", "hour": 19}}, {"type": "Feature", "geometry": {"type": "Point", "coordinates": [11.0, 54.75]}, "properties": {"value": 4.75, "time": "2025-12-26T19:00:00", "date": "2025-12-26", "hour": 19}}, {"type": "Feature", "geometry": {"type": "Point", "coordinates": [11.25, 54.75]}, "properties": {"value": 4.654, "time": "2025-12-26T19:00:00", "date": "2025-12-26", "hour": 19}}, {"type": "Feature", "geometry": {"type": "Point", "coordinates": [11.5, 54.75]}, "properties": {"value": 4.617, "time": "2025-12-26T19:00:00", "date": "2025-12-26", "hour": 19}}, {"type": "Feature", "geometry": {"type": "Point", "coordinates": [12.0, 54.75]}, "properties": {"value": 5.438, "time": "2025-12-26T19:00:00", "date": "2025-12-26", "hour": 19}}, {"type": "Feature", "geometry": {"type": "Point", "coordinates": [12.25, 54.75]}, "properties": {"value": 5.93, "time": "2025-12-26T19:00:00", "date": "2025-12-26", "hour": 19}}, {"type": "Feature", "geometry": {"type": "Point", "coordinates": [12.5, 54.75]}, "properties": {"value": 6.082, "time": "2025-12-26T19:00:00", "date": "2025-12-26", "hour": 19}}, {"type": "Feature", "geometry": {"type": "Point", "coordinates": [12.75, 54.75]}, "properties": {"value": 6.039, "time": "2025-12-26T19:00:00", "date": "2025-12-26", "hour": 19}}, {"type": "Feature", "geometry": {"type": "Point", "coordinates": [13.0, 54.75]}, "properties": {"value": 5.812, "time": "2025-12-26T19:00:00", "date": "2025-12-26", "hour": 19}}, {"type": "Feature", "geometry": {"type": "Point", "coordinates": [13.25, 54.75]}, "properties": {"value": 5.866, "time": "2025-12-26T19:00:00", "date": "2025-12-26", "hour": 19}}, {"type": "Feature", "geometry": {"type": "Point", "coordinates": [13.5, 54.75]}, "properties": {"value": 5.763, "time": "2025-12-26T19:00:00", "date": "2025-12-26", "hour": 19}}, {"type": "Feature", "geometry": {"type": "Point", "coordinates": [13.75, 54.75]}, "properties": {"value": 5.826, "time": "2025-12-26T19:00:00", "date": "2025-12-26", "hour": 19}}, {"type": "Feature", "geometry": {"type": "Point", "coordinates": [14.0, 54.75]}, "properties": {"value": 5.986, "time": "2025-12-26T19:00:00", "date": "2025-12-26", "hour": 19}}, {"type": "Feature", "geometry": {"type": "Point", "coordinates": [14.25, 54.75]}, "properties": {"value": 6.179, "time": "2025-12-26T19:00:00", "date": "2025-12-26", "hour": 19}}, {"type": "Feature", "geometry": {"type": "Point", "coordinates": [14.5, 54.75]}, "properties": {"value": 6.817, "time": "2025-12-26T19:00:00", "date": "2025-12-26", "hour": 19}}, {"type": "Feature", "geometry": {"type": "Point", "coordinates": [14.75, 54.75]}, "properties": {"value": 7.063, "time": "2025-12-26T19:00:00", "date": "2025-12-26", "hour": 19}}, {"type": "Feature", "geometry": {"type": "Point", "coordinates": [15.0, 54.75]}, "properties": {"value": 7.245, "time": "2025-12-26T19:00:00", "date": "2025-12-26", "hour": 19}}, {"type": "Feature", "geometry": {"type": "Point", "coordinates": [5.0, 55.0]}, "properties": {"value": 9.525, "time": "2025-12-26T19:00:00", "date": "2025-12-26", "hour": 19}}, {"type": "Feature", "geometry": {"type": "Point", "coordinates": [5.25, 55.0]}, "properties": {"value": 9.539, "time": "2025-12-26T19:00:00", "date": "2025-12-26", "hour": 19}}, {"type": "Feature", "geometry": {"type": "Point", "coordinates": [5.5, 55.0]}, "properties": {"value": 9.568, "time": "2025-12-26T19:00:00", "date": "2025-12-26", "hour": 19}}, {"type": "Feature", "geometry": {"type": "Point", "coordinates": [5.75, 55.0]}, "properties": {"value": 9.532, "time": "2025-12-26T19:00:00", "date": "2025-12-26", "hour": 19}}, {"type": "Feature", "geometry": {"type": "Point", "coordinates": [6.0, 55.0]}, "properties": {"value": 9.436, "time": "2025-12-26T19:00:00", "date": "2025-12-26", "hour": 19}}, {"type": "Feature", "geometry": {"type": "Point", "coordinates": [6.25, 55.0]}, "properties": {"value": 9.126, "time": "2025-12-26T19:00:00", "date": "2025-12-26", "hour": 19}}, {"type": "Feature", "geometry": {"type": "Point", "coordinates": [6.5, 55.0]}, "properties": {"value": 8.623, "time": "2025-12-26T19:00:00", "date": "2025-12-26", "hour": 19}}, {"type": "Feature", "geometry": {"type": "Point", "coordinates": [6.75, 55.0]}, "properties": {"value": 8.006, "time": "2025-12-26T19:00:00", "date": "2025-12-26", "hour": 19}}, {"type": "Feature", "geometry": {"type": "Point", "coordinates": [7.0, 55.0]}, "properties": {"value": 7.35, "time": "2025-12-26T19:00:00", "date": "2025-12-26", "hour": 19}}, {"type": "Feature", "geometry": {"type": "Point", "coordinates": [7.25, 55.0]}, "properties": {"value": 6.876, "time": "2025-12-26T19:00:00", "date": "2025-12-26", "hour": 19}}, {"type": "Feature", "geometry": {"type": "Point", "coordinates": [7.5, 55.0]}, "properties": {"value": 6.284, "time": "2025-12-26T19:00:00", "date": "2025-12-26", "hour": 19}}, {"type": "Feature", "geometry": {"type": "Point", "coordinates": [7.75, 55.0]}, "properties": {"value": 5.676, "time": "2025-12-26T19:00:00", "date": "2025-12-26", "hour": 19}}, {"type": "Feature", "geometry": {"type": "Point", "coordinates": [8.0, 55.0]}, "properties": {"value": 5.122, "time": "2025-12-26T19:00:00", "date": "2025-12-26", "hour": 19}}, {"type": "Feature", "geometry": {"type": "Point", "coordinates": [8.25, 55.0]}, "properties": {"value": 4.069, "time": "2025-12-26T19:00:00", "date": "2025-12-26", "hour": 19}}, {"type": "Feature", "geometry": {"type": "Point", "coordinates": [8.5, 55.0]}, "properties": {"value": 3.238, "time": "2025-12-26T19:00:00", "date": "2025-12-26", "hour": 19}}, {"type": "Feature", "geometry": {"type": "Point", "coordinates": [10.25, 55.0]}, "properties": {"value": 5.754, "time": "2025-12-26T19:00:00", "date": "2025-12-26", "hour": 19}}, {"type": "Feature", "geometry": {"type": "Point", "coordinates": [10.5, 55.0]}, "properties": {"value": 5.124, "time": "2025-12-26T19:00:00", "date": "2025-12-26", "hour": 19}}, {"type": "Feature", "geometry": {"type": "Point", "coordinates": [10.75, 55.0]}, "properties": {"value": 4.505, "time": "2025-12-26T19:00:00", "date": "2025-12-26", "hour": 19}}, {"type": "Feature", "geometry": {"type": "Point", "coordinates": [11.0, 55.0]}, "properties": {"value": 4.595, "time": "2025-12-26T19:00:00", "date": "2025-12-26", "hour": 19}}, {"type": "Feature", "geometry": {"type": "Point", "coordinates": [11.25, 55.0]}, "properties": {"value": 4.561, "time": "2025-12-26T19:00:00", "date": "2025-12-26", "hour": 19}}, {"type": "Feature", "geometry": {"type": "Point", "coordinates": [11.5, 55.0]}, "properties": {"value": 4.547, "time": "2025-12-26T19:00:00", "date": "2025-12-26", "hour": 19}}, {"type": "Feature", "geometry": {"type": "Point", "coordinates": [11.75, 55.0]}, "properties": {"value": 4.416, "time": "2025-12-26T19:00:00", "date": "2025-12-26", "hour": 19}}, {"type": "Feature", "geometry": {"type": "Point", "coordinates": [12.0, 55.0]}, "properties": {"value": 5.006, "time": "2025-12-26T19:00:00", "date": "2025-12-26", "hour": 19}}, {"type": "Feature", "geometry": {"type": "Point", "coordinates": [12.25, 55.0]}, "properties": {"value": 5.693, "time": "2025-12-26T19:00:00", "date": "2025-12-26", "hour": 19}}, {"type": "Feature", "geometry": {"type": "Point", "coordinates": [12.5, 55.0]}, "properties": {"value": 6.038, "time": "2025-12-26T19:00:00", "date": "2025-12-26", "hour": 19}}, {"type": "Feature", "geometry": {"type": "Point", "coordinates": [12.75, 55.0]}, "properties": {"value": 6.175, "time": "2025-12-26T19:00:00", "date": "2025-12-26", "hour": 19}}, {"type": "Feature", "geometry": {"type": "Point", "coordinates": [13.0, 55.0]}, "properties": {"value": 6.266, "time": "2025-12-26T19:00:00", "date": "2025-12-26", "hour": 19}}, {"type": "Feature", "geometry": {"type": "Point", "coordinates": [13.25, 55.0]}, "properties": {"value": 6.319, "time": "2025-12-26T19:00:00", "date": "2025-12-26", "hour": 19}}, {"type": "Feature", "geometry": {"type": "Point", "coordinates": [13.5, 55.0]}, "properties": {"value": 6.339, "time": "2025-12-26T19:00:00", "date": "2025-12-26", "hour": 19}}, {"type": "Feature", "geometry": {"type": "Point", "coordinates": [13.75, 55.0]}, "properties": {"value": 6.4, "time": "2025-12-26T19:00:00", "date": "2025-12-26", "hour": 19}}, {"type": "Feature", "geometry": {"type": "Point", "coordinates": [14.0, 55.0]}, "properties": {"value": 6.533, "time": "2025-12-26T19:00:00", "date": "2025-12-26", "hour": 19}}, {"type": "Feature", "geometry": {"type": "Point", "coordinates": [14.25, 55.0]}, "properties": {"value": 6.643, "time": "2025-12-26T19:00:00", "date": "2025-12-26", "hour": 19}}, {"type": "Feature", "geometry": {"type": "Point", "coordinates": [14.5, 55.0]}, "properties": {"value": 6.684, "time": "2025-12-26T19:00:00", "date": "2025-12-26", "hour": 19}}, {"type": "Feature", "geometry": {"type": "Point", "coordinates": [14.75, 55.0]}, "properties": {"value": 6.88, "time": "2025-12-26T19:00:00", "date": "2025-12-26", "hour": 19}}, {"type": "Feature", "geometry": {"type": "Point", "coordinates": [15.0, 55.0]}, "properties": {"value": 7.058, "time": "2025-12-26T19:00:00", "date": "2025-12-26", "hour": 19}}, {"type": "Feature", "geometry": {"type": "Point", "coordinates": [5.25, 52.75]}, "properties": {"value": 3.24, "time": "2025-12-26T20:00:00", "date": "2025-12-26", "hour": 20}}, {"type": "Feature", "geometry": {"type": "Point", "coordinates": [5.5, 52.75]}, "properties": {"value": 3.249, "time": "2025-12-26T20:00:00", "date": "2025-12-26", "hour": 20}}, {"type": "Feature", "geometry": {"type": "Point", "coordinates": [5.0, 53.0]}, "properties": {"value": 4.743, "time": "2025-12-26T20:00:00", "date": "2025-12-26", "hour": 20}}, {"type": "Feature", "geometry": {"type": "Point", "coordinates": [5.25, 53.0]}, "properties": {"value": 3.781, "time": "2025-12-26T20:00:00", "date": "2025-12-26", "hour": 20}}, {"type": "Feature", "geometry": {"type": "Point", "coordinates": [5.5, 53.0]}, "properties": {"value": 3.103, "time": "2025-12-26T20:00:00", "date": "2025-12-26", "hour": 20}}, {"type": "Feature", "geometry": {"type": "Point", "coordinates": [5.0, 53.25]}, "properties": {"value": 5.694, "time": "2025-12-26T20:00:00", "date": "2025-12-26", "hour": 20}}, {"type": "Feature", "geometry": {"type": "Point", "coordinates": [5.25, 53.25]}, "properties": {"value": 4.494, "time": "2025-12-26T20:00:00", "date": "2025-12-26", "hour": 20}}, {"type": "Feature", "geometry": {"type": "Point", "coordinates": [5.5, 53.25]}, "properties": {"value": 3.771, "time": "2025-12-26T20:00:00", "date": "2025-12-26", "hour": 20}}, {"type": "Feature", "geometry": {"type": "Point", "coordinates": [5.0, 53.5]}, "properties": {"value": 7.802, "time": "2025-12-26T20:00:00", "date": "2025-12-26", "hour": 20}}, {"type": "Feature", "geometry": {"type": "Point", "coordinates": [5.25, 53.5]}, "properties": {"value": 7.132, "time": "2025-12-26T20:00:00", "date": "2025-12-26", "hour": 20}}, {"type": "Feature", "geometry": {"type": "Point", "coordinates": [5.5, 53.5]}, "properties": {"value": 6.946, "time": "2025-12-26T20:00:00", "date": "2025-12-26", "hour": 20}}, {"type": "Feature", "geometry": {"type": "Point", "coordinates": [5.75, 53.5]}, "properties": {"value": 6.46, "time": "2025-12-26T20:00:00", "date": "2025-12-26", "hour": 20}}, {"type": "Feature", "geometry": {"type": "Point", "coordinates": [6.0, 53.5]}, "properties": {"value": 5.762, "time": "2025-12-26T20:00:00", "date": "2025-12-26", "hour": 20}}, {"type": "Feature", "geometry": {"type": "Point", "coordinates": [6.25, 53.5]}, "properties": {"value": 4.952, "time": "2025-12-26T20:00:00", "date": "2025-12-26", "hour": 20}}, {"type": "Feature", "geometry": {"type": "Point", "coordinates": [6.5, 53.5]}, "properties": {"value": 4.86, "time": "2025-12-26T20:00:00", "date": "2025-12-26", "hour": 20}}, {"type": "Feature", "geometry": {"type": "Point", "coordinates": [6.75, 53.5]}, "properties": {"value": 4.695, "time": "2025-12-26T20:00:00", "date": "2025-12-26", "hour": 20}}, {"type": "Feature", "geometry": {"type": "Point", "coordinates": [5.0, 53.75]}, "properties": {"value": 8.826, "time": "2025-12-26T20:00:00", "date": "2025-12-26", "hour": 20}}, {"type": "Feature", "geometry": {"type": "Point", "coordinates": [5.25, 53.75]}, "properties": {"value": 8.378, "time": "2025-12-26T20:00:00", "date": "2025-12-26", "hour": 20}}, {"type": "Feature", "geometry": {"type": "Point", "coordinates": [5.5, 53.75]}, "properties": {"value": 8.065, "time": "2025-12-26T20:00:00", "date": "2025-12-26", "hour": 20}}, {"type": "Feature", "geometry": {"type": "Point", "coordinates": [5.75, 53.75]}, "properties": {"value": 7.845, "time": "2025-12-26T20:00:00", "date": "2025-12-26", "hour": 20}}, {"type": "Feature", "geometry": {"type": "Point", "coordinates": [6.0, 53.75]}, "properties": {"value": 7.324, "time": "2025-12-26T20:00:00", "date": "2025-12-26", "hour": 20}}, {"type": "Feature", "geometry": {"type": "Point", "coordinates": [6.25, 53.75]}, "properties": {"value": 7.106, "time": "2025-12-26T20:00:00", "date": "2025-12-26", "hour": 20}}, {"type": "Feature", "geometry": {"type": "Point", "coordinates": [6.5, 53.75]}, "properties": {"value": 6.685, "time": "2025-12-26T20:00:00", "date": "2025-12-26", "hour": 20}}, {"type": "Feature", "geometry": {"type": "Point", "coordinates": [6.75, 53.75]}, "properties": {"value": 6.359, "time": "2025-12-26T20:00:00", "date": "2025-12-26", "hour": 20}}, {"type": "Feature", "geometry": {"type": "Point", "coordinates": [7.0, 53.75]}, "properties": {"value": 6.608, "time": "2025-12-26T20:00:00", "date": "2025-12-26", "hour": 20}}, {"type": "Feature", "geometry": {"type": "Point", "coordinates": [7.25, 53.75]}, "properties": {"value": 6.331, "time": "2025-12-26T20:00:00", "date": "2025-12-26", "hour": 20}}, {"type": "Feature", "geometry": {"type": "Point", "coordinates": [7.5, 53.75]}, "properties": {"value": 6.894, "time": "2025-12-26T20:00:00", "date": "2025-12-26", "hour": 20}}, {"type": "Feature", "geometry": {"type": "Point", "coordinates": [7.75, 53.75]}, "properties": {"value": 6.986, "time": "2025-12-26T20:00:00", "date": "2025-12-26", "hour": 20}}, {"type": "Feature", "geometry": {"type": "Point", "coordinates": [8.0, 53.75]}, "properties": {"value": 5.891, "time": "2025-12-26T20:00:00", "date": "2025-12-26", "hour": 20}}, {"type": "Feature", "geometry": {"type": "Point", "coordinates": [8.25, 53.75]}, "properties": {"value": 4.848, "time": "2025-12-26T20:00:00", "date": "2025-12-26", "hour": 20}}, {"type": "Feature", "geometry": {"type": "Point", "coordinates": [8.5, 53.75]}, "properties": {"value": 4.096, "time": "2025-12-26T20:00:00", "date": "2025-12-26", "hour": 20}}, {"type": "Feature", "geometry": {"type": "Point", "coordinates": [8.75, 53.75]}, "properties": {"value": 4.096, "time": "2025-12-26T20:00:00", "date": "2025-12-26", "hour": 20}}, {"type": "Feature", "geometry": {"type": "Point", "coordinates": [14.25, 53.75]}, "properties": {"value": 0.934, "time": "2025-12-26T20:00:00", "date": "2025-12-26", "hour": 20}}, {"type": "Feature", "geometry": {"type": "Point", "coordinates": [14.5, 53.75]}, "properties": {"value": 0.934, "time": "2025-12-26T20:00:00", "date": "2025-12-26", "hour": 20}}, {"type": "Feature", "geometry": {"type": "Point", "coordinates": [5.0, 54.0]}, "properties": {"value": 9.39, "time": "2025-12-26T20:00:00", "date": "2025-12-26", "hour": 20}}, {"type": "Feature", "geometry": {"type": "Point", "coordinates": [5.25, 54.0]}, "properties": {"value": 9.064, "time": "2025-12-26T20:00:00", "date": "2025-12-26", "hour": 20}}, {"type": "Feature", "geometry": {"type": "Point", "coordinates": [5.5, 54.0]}, "properties": {"value": 8.751, "time": "2025-12-26T20:00:00", "date": "2025-12-26", "hour": 20}}, {"type": "Feature", "geometry": {"type": "Point", "coordinates": [5.75, 54.0]}, "properties": {"value": 8.59, "time": "2025-12-26T20:00:00", "date": "2025-12-26", "hour": 20}}, {"type": "Feature", "geometry": {"type": "Point", "coordinates": [6.0, 54.0]}, "properties": {"value": 8.493, "time": "2025-12-26T20:00:00", "date": "2025-12-26", "hour": 20}}, {"type": "Feature", "geometry": {"type": "Point", "coordinates": [6.25, 54.0]}, "properties": {"value": 8.364, "time": "2025-12-26T20:00:00", "date": "2025-12-26", "hour": 20}}, {"type": "Feature", "geometry": {"type": "Point", "coordinates": [6.5, 54.0]}, "properties": {"value": 7.986, "time": "2025-12-26T20:00:00", "date": "2025-12-26", "hour": 20}}, {"type": "Feature", "geometry": {"type": "Point", "coordinates": [6.75, 54.0]}, "properties": {"value": 7.763, "time": "2025-12-26T20:00:00", "date": "2025-12-26", "hour": 20}}, {"type": "Feature", "geometry": {"type": "Point", "coordinates": [7.0, 54.0]}, "properties": {"value": 7.506, "time": "2025-12-26T20:00:00", "date": "2025-12-26", "hour": 20}}, {"type": "Feature", "geometry": {"type": "Point", "coordinates": [7.25, 54.0]}, "properties": {"value": 7.318, "time": "2025-12-26T20:00:00", "date": "2025-12-26", "hour": 20}}, {"type": "Feature", "geometry": {"type": "Point", "coordinates": [7.5, 54.0]}, "properties": {"value": 7.519, "time": "2025-12-26T20:00:00", "date": "2025-12-26", "hour": 20}}, {"type": "Feature", "geometry": {"type": "Point", "coordinates": [7.75, 54.0]}, "properties": {"value": 7.432, "time": "2025-12-26T20:00:00", "date": "2025-12-26", "hour": 20}}, {"type": "Feature", "geometry": {"type": "Point", "coordinates": [8.0, 54.0]}, "properties": {"value": 7.03, "time": "2025-12-26T20:00:00", "date": "2025-12-26", "hour": 20}}, {"type": "Feature", "geometry": {"type": "Point", "coordinates": [8.25, 54.0]}, "properties": {"value": 6.242, "time": "2025-12-26T20:00:00", "date": "2025-12-26", "hour": 20}}, {"type": "Feature", "geometry": {"type": "Point", "coordinates": [8.5, 54.0]}, "properties": {"value": 4.937, "time": "2025-12-26T20:00:00", "date": "2025-12-26", "hour": 20}}, {"type": "Feature", "geometry": {"type": "Point", "coordinates": [11.25, 54.0]}, "properties": {"value": 5.122, "time": "2025-12-26T20:00:00", "date": "2025-12-26", "hour": 20}}, {"type": "Feature", "geometry": {"type": "Point", "coordinates": [14.0, 54.0]}, "properties": {"value": 3.376, "time": "2025-12-26T20:00:00", "date": "2025-12-26", "hour": 20}}, {"type": "Feature", "geometry": {"type": "Point", "coordinates": [14.25, 54.0]}, "properties": {"value": 4.446, "time": "2025-12-26T20:00:00", "date": "2025-12-26", "hour": 20}}, {"type": "Feature", "geometry": {"type": "Point", "coordinates": [14.5, 54.0]}, "properties": {"value": 3.948, "time": "2025-12-26T20:00:00", "date": "2025-12-26", "hour": 20}}, {"type": "Feature", "geometry": {"type": "Point", "coordinates": [14.75, 54.0]}, "properties": {"value": 4.721, "time": "2025-12-26T20:00:00", "date": "2025-12-26", "hour": 20}}, {"type": "Feature", "geometry": {"type": "Point", "coordinates": [5.0, 54.25]}, "properties": {"value": 9.611, "time": "2025-12-26T20:00:00", "date": "2025-12-26", "hour": 20}}, {"type": "Feature", "geometry": {"type": "Point", "coordinates": [5.25, 54.25]}, "properties": {"value": 9.363, "time": "2025-12-26T20:00:00", "date": "2025-12-26", "hour": 20}}, {"type": "Feature", "geometry": {"type": "Point", "coordinates": [5.5, 54.25]}, "properties": {"value": 9.181, "time": "2025-12-26T20:00:00", "date": "2025-12-26", "hour": 20}}, {"type": "Feature", "geometry": {"type": "Point", "coordinates": [5.75, 54.25]}, "properties": {"value": 9.034, "time": "2025-12-26T20:00:00", "date": "2025-12-26", "hour": 20}}, {"type": "Feature", "geometry": {"type": "Point", "coordinates": [6.0, 54.25]}, "properties": {"value": 8.907, "time": "2025-12-26T20:00:00", "date": "2025-12-26", "hour": 20}}, {"type": "Feature", "geometry": {"type": "Point", "coordinates": [6.25, 54.25]}, "properties": {"value": 8.875, "time": "2025-12-26T20:00:00", "date": "2025-12-26", "hour": 20}}, {"type": "Feature", "geometry": {"type": "Point", "coordinates": [6.5, 54.25]}, "properties": {"value": 8.87, "time": "2025-12-26T20:00:00", "date": "2025-12-26", "hour": 20}}, {"type": "Feature", "geometry": {"type": "Point", "coordinates": [6.75, 54.25]}, "properties": {"value": 8.635, "time": "2025-12-26T20:00:00", "date": "2025-12-26", "hour": 20}}, {"type": "Feature", "geometry": {"type": "Point", "coordinates": [7.0, 54.25]}, "properties": {"value": 8.38, "time": "2025-12-26T20:00:00", "date": "2025-12-26", "hour": 20}}, {"type": "Feature", "geometry": {"type": "Point", "coordinates": [7.25, 54.25]}, "properties": {"value": 7.845, "time": "2025-12-26T20:00:00", "date": "2025-12-26", "hour": 20}}, {"type": "Feature", "geometry": {"type": "Point", "coordinates": [7.5, 54.25]}, "properties": {"value": 7.526, "time": "2025-12-26T20:00:00", "date": "2025-12-26", "hour": 20}}, {"type": "Feature", "geometry": {"type": "Point", "coordinates": [7.75, 54.25]}, "properties": {"value": 7.333, "time": "2025-12-26T20:00:00", "date": "2025-12-26", "hour": 20}}, {"type": "Feature", "geometry": {"type": "Point", "coordinates": [8.0, 54.25]}, "properties": {"value": 7.068, "time": "2025-12-26T20:00:00", "date": "2025-12-26", "hour": 20}}, {"type": "Feature", "geometry": {"type": "Point", "coordinates": [8.25, 54.25]}, "properties": {"value": 5.934, "time": "2025-12-26T20:00:00", "date": "2025-12-26", "hour": 20}}, {"type": "Feature", "geometry": {"type": "Point", "coordinates": [8.5, 54.25]}, "properties": {"value": 4.685, "time": "2025-12-26T20:00:00", "date": "2025-12-26", "hour": 20}}, {"type": "Feature", "geometry": {"type": "Point", "coordinates": [10.75, 54.25]}, "properties": {"value": 5.437, "time": "2025-12-26T20:00:00", "date": "2025-12-26", "hour": 20}}, {"type": "Feature", "geometry": {"type": "Point", "coordinates": [11.25, 54.25]}, "properties": {"value": 5.213, "time": "2025-12-26T20:00:00", "date": "2025-12-26", "hour": 20}}, {"type": "Feature", "geometry": {"type": "Point", "coordinates": [11.75, 54.25]}, "properties": {"value": 5.469, "time": "2025-12-26T20:00:00", "date": "2025-12-26", "hour": 20}}, {"type": "Feature", "geometry": {"type": "Point", "coordinates": [12.25, 54.25]}, "properties": {"value": 5.571, "time": "2025-12-26T20:00:00", "date": "2025-12-26", "hour": 20}}, {"type": "Feature", "geometry": {"type": "Point", "coordinates": [13.75, 54.25]}, "properties": {"value": 3.253, "time": "2025-12-26T20:00:00", "date": "2025-12-26", "hour": 20}}, {"type": "Feature", "geometry": {"type": "Point", "coordinates": [14.0, 54.25]}, "properties": {"value": 4.088, "time": "2025-12-26T20:00:00", "date": "2025-12-26", "hour": 20}}, {"type": "Feature", "geometry": {"type": "Point", "coordinates": [14.25, 54.25]}, "properties": {"value": 4.856, "time": "2025-12-26T20:00:00", "date": "2025-12-26", "hour": 20}}, {"type": "Feature", "geometry": {"type": "Point", "coordinates": [14.5, 54.25]}, "properties": {"value": 5.434, "time": "2025-12-26T20:00:00", "date": "2025-12-26", "hour": 20}}, {"type": "Feature", "geometry": {"type": "Point", "coordinates": [14.75, 54.25]}, "properties": {"value": 5.612, "time": "2025-12-26T20:00:00", "date": "2025-12-26", "hour": 20}}, {"type": "Feature", "geometry": {"type": "Point", "coordinates": [15.0, 54.25]}, "properties": {"value": 5.983, "time": "2025-12-26T20:00:00", "date": "2025-12-26", "hour": 20}}, {"type": "Feature", "geometry": {"type": "Point", "coordinates": [5.0, 54.5]}, "properties": {"value": 9.654, "time": "2025-12-26T20:00:00", "date": "2025-12-26", "hour": 20}}, {"type": "Feature", "geometry": {"type": "Point", "coordinates": [5.25, 54.5]}, "properties": {"value": 9.607, "time": "2025-12-26T20:00:00", "date": "2025-12-26", "hour": 20}}, {"type": "Feature", "geometry": {"type": "Point", "coordinates": [5.5, 54.5]}, "properties": {"value": 9.477, "time": "2025-12-26T20:00:00", "date": "2025-12-26", "hour": 20}}, {"type": "Feature", "geometry": {"type": "Point", "coordinates": [5.75, 54.5]}, "properties": {"value": 9.325, "time": "2025-12-26T20:00:00", "date": "2025-12-26", "hour": 20}}, {"type": "Feature", "geometry": {"type": "Point", "coordinates": [6.0, 54.5]}, "properties": {"value": 9.165, "time": "2025-12-26T20:00:00", "date": "2025-12-26", "hour": 20}}, {"type": "Feature", "geometry": {"type": "Point", "coordinates": [6.25, 54.5]}, "properties": {"value": 9.063, "time": "2025-12-26T20:00:00", "date": "2025-12-26", "hour": 20}}, {"type": "Feature", "geometry": {"type": "Point", "coordinates": [6.5, 54.5]}, "properties": {"value": 9.106, "time": "2025-12-26T20:00:00", "date": "2025-12-26", "hour": 20}}, {"type": "Feature", "geometry": {"type": "Point", "coordinates": [6.75, 54.5]}, "properties": {"value": 8.931, "time": "2025-12-26T20:00:00", "date": "2025-12-26", "hour": 20}}, {"type": "Feature", "geometry": {"type": "Point", "coordinates": [7.0, 54.5]}, "properties": {"value": 8.478, "time": "2025-12-26T20:00:00", "date": "2025-12-26", "hour": 20}}, {"type": "Feature", "geometry": {"type": "Point", "coordinates": [7.25, 54.5]}, "properties": {"value": 7.731, "time": "2025-12-26T20:00:00", "date": "2025-12-26", "hour": 20}}, {"type": "Feature", "geometry": {"type": "Point", "coordinates": [7.5, 54.5]}, "properties": {"value": 6.981, "time": "2025-12-26T20:00:00", "date": "2025-12-26", "hour": 20}}, {"type": "Feature", "geometry": {"type": "Point", "coordinates": [7.75, 54.5]}, "properties": {"value": 6.704, "time": "2025-12-26T20:00:00", "date": "2025-12-26", "hour": 20}}, {"type": "Feature", "geometry": {"type": "Point", "coordinates": [8.0, 54.5]}, "properties": {"value": 5.901, "time": "2025-12-26T20:00:00", "date": "2025-12-26", "hour": 20}}, {"type": "Feature", "geometry": {"type": "Point", "coordinates": [8.25, 54.5]}, "properties": {"value": 4.62, "time": "2025-12-26T20:00:00", "date": "2025-12-26", "hour": 20}}, {"type": "Feature", "geometry": {"type": "Point", "coordinates": [8.5, 54.5]}, "properties": {"value": 3.574, "time": "2025-12-26T20:00:00", "date": "2025-12-26", "hour": 20}}, {"type": "Feature", "geometry": {"type": "Point", "coordinates": [10.5, 54.5]}, "properties": {"value": 5.53, "time": "2025-12-26T20:00:00", "date": "2025-12-26", "hour": 20}}, {"type": "Feature", "geometry": {"type": "Point", "coordinates": [10.75, 54.5]}, "properties": {"value": 5.328, "time": "2025-12-26T20:00:00", "date": "2025-12-26", "hour": 20}}, {"type": "Feature", "geometry": {"type": "Point", "coordinates": [11.0, 54.5]}, "properties": {"value": 5.139, "time": "2025-12-26T20:00:00", "date": "2025-12-26", "hour": 20}}, {"type": "Feature", "geometry": {"type": "Point", "coordinates": [11.25, 54.5]}, "properties": {"value": 5.06, "time": "2025-12-26T20:00:00", "date": "2025-12-26", "hour": 20}}, {"type": "Feature", "geometry": {"type": "Point", "coordinates": [11.5, 54.5]}, "properties": {"value": 5.155, "time": "2025-12-26T20:00:00", "date": "2025-12-26", "hour": 20}}, {"type": "Feature", "geometry": {"type": "Point", "coordinates": [11.75, 54.5]}, "properties": {"value": 5.523, "time": "2025-12-26T20:00:00", "date": "2025-12-26", "hour": 20}}, {"type": "Feature", "geometry": {"type": "Point", "coordinates": [12.0, 54.5]}, "properties": {"value": 5.705, "time": "2025-12-26T20:00:00", "date": "2025-12-26", "hour": 20}}, {"type": "Feature", "geometry": {"type": "Point", "coordinates": [12.25, 54.5]}, "properties": {"value": 5.774, "time": "2025-12-26T20:00:00", "date": "2025-12-26", "hour": 20}}, {"type": "Feature", "geometry": {"type": "Point", "coordinates": [13.0, 54.5]}, "properties": {"value": 5.655, "time": "2025-12-26T20:00:00", "date": "2025-12-26", "hour": 20}}, {"type": "Feature", "geometry": {"type": "Point", "coordinates": [13.25, 54.5]}, "properties": {"value": 4.774, "time": "2025-12-26T20:00:00", "date": "2025-12-26", "hour": 20}}, {"type": "Feature", "geometry": {"type": "Point", "coordinates": [13.5, 54.5]}, "properties": {"value": 4.289, "time": "2025-12-26T20:00:00", "date": "2025-12-26", "hour": 20}}, {"type": "Feature", "geometry": {"type": "Point", "coordinates": [13.75, 54.5]}, "properties": {"value": 4.353, "time": "2025-12-26T20:00:00", "date": "2025-12-26", "hour": 20}}, {"type": "Feature", "geometry": {"type": "Point", "coordinates": [14.0, 54.5]}, "properties": {"value": 5.093, "time": "2025-12-26T20:00:00", "date": "2025-12-26", "hour": 20}}, {"type": "Feature", "geometry": {"type": "Point", "coordinates": [14.25, 54.5]}, "properties": {"value": 5.782, "time": "2025-12-26T20:00:00", "date": "2025-12-26", "hour": 20}}, {"type": "Feature", "geometry": {"type": "Point", "coordinates": [14.5, 54.5]}, "properties": {"value": 6.421, "time": "2025-12-26T20:00:00", "date": "2025-12-26", "hour": 20}}, {"type": "Feature", "geometry": {"type": "Point", "coordinates": [14.75, 54.5]}, "properties": {"value": 6.673, "time": "2025-12-26T20:00:00", "date": "2025-12-26", "hour": 20}}, {"type": "Feature", "geometry": {"type": "Point", "coordinates": [15.0, 54.5]}, "properties": {"value": 6.935, "time": "2025-12-26T20:00:00", "date": "2025-12-26", "hour": 20}}, {"type": "Feature", "geometry": {"type": "Point", "coordinates": [5.0, 54.75]}, "properties": {"value": 9.679, "time": "2025-12-26T20:00:00", "date": "2025-12-26", "hour": 20}}, {"type": "Feature", "geometry": {"type": "Point", "coordinates": [5.25, 54.75]}, "properties": {"value": 9.632, "time": "2025-12-26T20:00:00", "date": "2025-12-26", "hour": 20}}, {"type": "Feature", "geometry": {"type": "Point", "coordinates": [5.5, 54.75]}, "properties": {"value": 9.566, "time": "2025-12-26T20:00:00", "date": "2025-12-26", "hour": 20}}, {"type": "Feature", "geometry": {"type": "Point", "coordinates": [5.75, 54.75]}, "properties": {"value": 9.53, "time": "2025-12-26T20:00:00", "date": "2025-12-26", "hour": 20}}, {"type": "Feature", "geometry": {"type": "Point", "coordinates": [6.0, 54.75]}, "properties": {"value": 9.341, "time": "2025-12-26T20:00:00", "date": "2025-12-26", "hour": 20}}, {"type": "Feature", "geometry": {"type": "Point", "coordinates": [6.25, 54.75]}, "properties": {"value": 9.239, "time": "2025-12-26T20:00:00", "date": "2025-12-26", "hour": 20}}, {"type": "Feature", "geometry": {"type": "Point", "coordinates": [6.5, 54.75]}, "properties": {"value": 9.036, "time": "2025-12-26T20:00:00", "date": "2025-12-26", "hour": 20}}, {"type": "Feature", "geometry": {"type": "Point", "coordinates": [6.75, 54.75]}, "properties": {"value": 8.434, "time": "2025-12-26T20:00:00", "date": "2025-12-26", "hour": 20}}, {"type": "Feature", "geometry": {"type": "Point", "coordinates": [7.0, 54.75]}, "properties": {"value": 7.887, "time": "2025-12-26T20:00:00", "date": "2025-12-26", "hour": 20}}, {"type": "Feature", "geometry": {"type": "Point", "coordinates": [7.25, 54.75]}, "properties": {"value": 7.143, "time": "2025-12-26T20:00:00", "date": "2025-12-26", "hour": 20}}, {"type": "Feature", "geometry": {"type": "Point", "coordinates": [7.5, 54.75]}, "properties": {"value": 6.475, "time": "2025-12-26T20:00:00", "date": "2025-12-26", "hour": 20}}, {"type": "Feature", "geometry": {"type": "Point", "coordinates": [7.75, 54.75]}, "properties": {"value": 5.799, "time": "2025-12-26T20:00:00", "date": "2025-12-26", "hour": 20}}, {"type": "Feature", "geometry": {"type": "Point", "coordinates": [8.0, 54.75]}, "properties": {"value": 4.965, "time": "2025-12-26T20:00:00", "date": "2025-12-26", "hour": 20}}, {"type": "Feature", "geometry": {"type": "Point", "coordinates": [8.25, 54.75]}, "properties": {"value": 3.672, "time": "2025-12-26T20:00:00", "date": "2025-12-26", "hour": 20}}, {"type": "Feature", "geometry": {"type": "Point", "coordinates": [8.5, 54.75]}, "properties": {"value": 2.753, "time": "2025-12-26T20:00:00", "date": "2025-12-26", "hour": 20}}, {"type": "Feature", "geometry": {"type": "Point", "coordinates": [10.25, 54.75]}, "properties": {"value": 5.647, "time": "2025-12-26T20:00:00", "date": "2025-12-26", "hour": 20}}, {"type": "Feature", "geometry": {"type": "Point", "coordinates": [10.5, 54.75]}, "properties": {"value": 5.221, "time": "2025-12-26T20:00:00", "date": "2025-12-26", "hour": 20}}, {"type": "Feature", "geometry": {"type": "Point", "coordinates": [10.75, 54.75]}, "properties": {"value": 4.946, "time": "2025-12-26T20:00:00", "date": "2025-12-26", "hour": 20}}, {"type": "Feature", "geometry": {"type": "Point", "coordinates": [11.0, 54.75]}, "properties": {"value": 4.75, "time": "2025-12-26T20:00:00", "date": "2025-12-26", "hour": 20}}, {"type": "Feature", "geometry": {"type": "Point", "coordinates": [11.25, 54.75]}, "properties": {"value": 4.654, "time": "2025-12-26T20:00:00", "date": "2025-12-26", "hour": 20}}, {"type": "Feature", "geometry": {"type": "Point", "coordinates": [11.5, 54.75]}, "properties": {"value": 4.617, "time": "2025-12-26T20:00:00", "date": "2025-12-26", "hour": 20}}, {"type": "Feature", "geometry": {"type": "Point", "coordinates": [12.0, 54.75]}, "properties": {"value": 5.438, "time": "2025-12-26T20:00:00", "date": "2025-12-26", "hour": 20}}, {"type": "Feature", "geometry": {"type": "Point", "coordinates": [12.25, 54.75]}, "properties": {"value": 5.93, "time": "2025-12-26T20:00:00", "date": "2025-12-26", "hour": 20}}, {"type": "Feature", "geometry": {"type": "Point", "coordinates": [12.5, 54.75]}, "properties": {"value": 6.082, "time": "2025-12-26T20:00:00", "date": "2025-12-26", "hour": 20}}, {"type": "Feature", "geometry": {"type": "Point", "coordinates": [12.75, 54.75]}, "properties": {"value": 6.039, "time": "2025-12-26T20:00:00", "date": "2025-12-26", "hour": 20}}, {"type": "Feature", "geometry": {"type": "Point", "coordinates": [13.0, 54.75]}, "properties": {"value": 5.812, "time": "2025-12-26T20:00:00", "date": "2025-12-26", "hour": 20}}, {"type": "Feature", "geometry": {"type": "Point", "coordinates": [13.25, 54.75]}, "properties": {"value": 5.866, "time": "2025-12-26T20:00:00", "date": "2025-12-26", "hour": 20}}, {"type": "Feature", "geometry": {"type": "Point", "coordinates": [13.5, 54.75]}, "properties": {"value": 5.763, "time": "2025-12-26T20:00:00", "date": "2025-12-26", "hour": 20}}, {"type": "Feature", "geometry": {"type": "Point", "coordinates": [13.75, 54.75]}, "properties": {"value": 5.826, "time": "2025-12-26T20:00:00", "date": "2025-12-26", "hour": 20}}, {"type": "Feature", "geometry": {"type": "Point", "coordinates": [14.0, 54.75]}, "properties": {"value": 5.986, "time": "2025-12-26T20:00:00", "date": "2025-12-26", "hour": 20}}, {"type": "Feature", "geometry": {"type": "Point", "coordinates": [14.25, 54.75]}, "properties": {"value": 6.179, "time": "2025-12-26T20:00:00", "date": "2025-12-26", "hour": 20}}, {"type": "Feature", "geometry": {"type": "Point", "coordinates": [14.5, 54.75]}, "properties": {"value": 6.817, "time": "2025-12-26T20:00:00", "date": "2025-12-26", "hour": 20}}, {"type": "Feature", "geometry": {"type": "Point", "coordinates": [14.75, 54.75]}, "properties": {"value": 7.063, "time": "2025-12-26T20:00:00", "date": "2025-12-26", "hour": 20}}, {"type": "Feature", "geometry": {"type": "Point", "coordinates": [15.0, 54.75]}, "properties": {"value": 7.245, "time": "2025-12-26T20:00:00", "date": "2025-12-26", "hour": 20}}, {"type": "Feature", "geometry": {"type": "Point", "coordinates": [5.0, 55.0]}, "properties": {"value": 9.525, "time": "2025-12-26T20:00:00", "date": "2025-12-26", "hour": 20}}, {"type": "Feature", "geometry": {"type": "Point", "coordinates": [5.25, 55.0]}, "properties": {"value": 9.539, "time": "2025-12-26T20:00:00", "date": "2025-12-26", "hour": 20}}, {"type": "Feature", "geometry": {"type": "Point", "coordinates": [5.5, 55.0]}, "properties": {"value": 9.568, "time": "2025-12-26T20:00:00", "date": "2025-12-26", "hour": 20}}, {"type": "Feature", "geometry": {"type": "Point", "coordinates": [5.75, 55.0]}, "properties": {"value": 9.532, "time": "2025-12-26T20:00:00", "date": "2025-12-26", "hour": 20}}, {"type": "Feature", "geometry": {"type": "Point", "coordinates": [6.0, 55.0]}, "properties": {"value": 9.436, "time": "2025-12-26T20:00:00", "date": "2025-12-26", "hour": 20}}, {"type": "Feature", "geometry": {"type": "Point", "coordinates": [6.25, 55.0]}, "properties": {"value": 9.126, "time": "2025-12-26T20:00:00", "date": "2025-12-26", "hour": 20}}, {"type": "Feature", "geometry": {"type": "Point", "coordinates": [6.5, 55.0]}, "properties": {"value": 8.623, "time": "2025-12-26T20:00:00", "date": "2025-12-26", "hour": 20}}, {"type": "Feature", "geometry": {"type": "Point", "coordinates": [6.75, 55.0]}, "properties": {"value": 8.006, "time": "2025-12-26T20:00:00", "date": "2025-12-26", "hour": 20}}, {"type": "Feature", "geometry": {"type": "Point", "coordinates": [7.0, 55.0]}, "properties": {"value": 7.35, "time": "2025-12-26T20:00:00", "date": "2025-12-26", "hour": 20}}, {"type": "Feature", "geometry": {"type": "Point", "coordinates": [7.25, 55.0]}, "properties": {"value": 6.876, "time": "2025-12-26T20:00:00", "date": "2025-12-26", "hour": 20}}, {"type": "Feature", "geometry": {"type": "Point", "coordinates": [7.5, 55.0]}, "properties": {"value": 6.284, "time": "2025-12-26T20:00:00", "date": "2025-12-26", "hour": 20}}, {"type": "Feature", "geometry": {"type": "Point", "coordinates": [7.75, 55.0]}, "properties": {"value": 5.676, "time": "2025-12-26T20:00:00", "date": "2025-12-26", "hour": 20}}, {"type": "Feature", "geometry": {"type": "Point", "coordinates": [8.0, 55.0]}, "properties": {"value": 5.122, "time": "2025-12-26T20:00:00", "date": "2025-12-26", "hour": 20}}, {"type": "Feature", "geometry": {"type": "Point", "coordinates": [8.25, 55.0]}, "properties": {"value": 4.069, "time": "2025-12-26T20:00:00", "date": "2025-12-26", "hour": 20}}, {"type": "Feature", "geometry": {"type": "Point", "coordinates": [8.5, 55.0]}, "properties": {"value": 3.238, "time": "2025-12-26T20:00:00", "date": "2025-12-26", "hour": 20}}, {"type": "Feature", "geometry": {"type": "Point", "coordinates": [10.25, 55.0]}, "properties": {"value": 5.754, "time": "2025-12-26T20:00:00", "date": "2025-12-26", "hour": 20}}, {"type": "Feature", "geometry": {"type": "Point", "coordinates": [10.5, 55.0]}, "properties": {"value": 5.124, "time": "2025-12-26T20:00:00", "date": "2025-12-26", "hour": 20}}, {"type": "Feature", "geometry": {"type": "Point", "coordinates": [10.75, 55.0]}, "properties": {"value": 4.505, "time": "2025-12-26T20:00:00", "date": "2025-12-26", "hour": 20}}, {"type": "Feature", "geometry": {"type": "Point", "coordinates": [11.0, 55.0]}, "properties": {"value": 4.595, "time": "2025-12-26T20:00:00", "date": "2025-12-26", "hour": 20}}, {"type": "Feature", "geometry": {"type": "Point", "coordinates": [11.25, 55.0]}, "properties": {"value": 4.561, "time": "2025-12-26T20:00:00", "date": "2025-12-26", "hour": 20}}, {"type": "Feature", "geometry": {"type": "Point", "coordinates": [11.5, 55.0]}, "properties": {"value": 4.547, "time": "2025-12-26T20:00:00", "date": "2025-12-26", "hour": 20}}, {"type": "Feature", "geometry": {"type": "Point", "coordinates": [11.75, 55.0]}, "properties": {"value": 4.416, "time": "2025-12-26T20:00:00", "date": "2025-12-26", "hour": 20}}, {"type": "Feature", "geometry": {"type": "Point", "coordinates": [12.0, 55.0]}, "properties": {"value": 5.006, "time": "2025-12-26T20:00:00", "date": "2025-12-26", "hour": 20}}, {"type": "Feature", "geometry": {"type": "Point", "coordinates": [12.25, 55.0]}, "properties": {"value": 5.693, "time": "2025-12-26T20:00:00", "date": "2025-12-26", "hour": 20}}, {"type": "Feature", "geometry": {"type": "Point", "coordinates": [12.5, 55.0]}, "properties": {"value": 6.038, "time": "2025-12-26T20:00:00", "date": "2025-12-26", "hour": 20}}, {"type": "Feature", "geometry": {"type": "Point", "coordinates": [12.75, 55.0]}, "properties": {"value": 6.175, "time": "2025-12-26T20:00:00", "date": "2025-12-26", "hour": 20}}, {"type": "Feature", "geometry": {"type": "Point", "coordinates": [13.0, 55.0]}, "properties": {"value": 6.266, "time": "2025-12-26T20:00:00", "date": "2025-12-26", "hour": 20}}, {"type": "Feature", "geometry": {"type": "Point", "coordinates": [13.25, 55.0]}, "properties": {"value": 6.319, "time": "2025-12-26T20:00:00", "date": "2025-12-26", "hour": 20}}, {"type": "Feature", "geometry": {"type": "Point", "coordinates": [13.5, 55.0]}, "properties": {"value": 6.339, "time": "2025-12-26T20:00:00", "date": "2025-12-26", "hour": 20}}, {"type": "Feature", "geometry": {"type": "Point", "coordinates": [13.75, 55.0]}, "properties": {"value": 6.4, "time": "2025-12-26T20:00:00", "date": "2025-12-26", "hour": 20}}, {"type": "Feature", "geometry": {"type": "Point", "coordinates": [14.0, 55.0]}, "properties": {"value": 6.533, "time": "2025-12-26T20:00:00", "date": "2025-12-26", "hour": 20}}, {"type": "Feature", "geometry": {"type": "Point", "coordinates": [14.25, 55.0]}, "properties": {"value": 6.643, "time": "2025-12-26T20:00:00", "date": "2025-12-26", "hour": 20}}, {"type": "Feature", "geometry": {"type": "Point", "coordinates": [14.5, 55.0]}, "properties": {"value": 6.684, "time": "2025-12-26T20:00:00", "date": "2025-12-26", "hour": 20}}, {"type": "Feature", "geometry": {"type": "Point", "coordinates": [14.75, 55.0]}, "properties": {"value": 6.88, "time": "2025-12-26T20:00:00", "date": "2025-12-26", "hour": 20}}, {"type": "Feature", "geometry": {"type": "Point", "coordinates": [15.0, 55.0]}, "properties": {"value": 7.058, "time": "2025-12-26T20:00:00", "date": "2025-12-26", "hour": 20}}, {"type": "Feature", "geometry": {"type": "Point", "coordinates": [5.25, 52.75]}, "properties": {"value": 3.24, "time": "2025-12-26T21:00:00", "date": "2025-12-26", "hour": 21}}, {"type": "Feature", "geometry": {"type": "Point", "coordinates": [5.5, 52.75]}, "properties": {"value": 3.249, "time": "2025-12-26T21:00:00", "date": "2025-12-26", "hour": 21}}, {"type": "Feature", "geometry": {"type": "Point", "coordinates": [5.0, 53.0]}, "properties": {"value": 4.743, "time": "2025-12-26T21:00:00", "date": "2025-12-26", "hour": 21}}, {"type": "Feature", "geometry": {"type": "Point", "coordinates": [5.25, 53.0]}, "properties": {"value": 3.781, "time": "2025-12-26T21:00:00", "date": "2025-12-26", "hour": 21}}, {"type": "Feature", "geometry": {"type": "Point", "coordinates": [5.5, 53.0]}, "properties": {"value": 3.103, "time": "2025-12-26T21:00:00", "date": "2025-12-26", "hour": 21}}, {"type": "Feature", "geometry": {"type": "Point", "coordinates": [5.0, 53.25]}, "properties": {"value": 5.694, "time": "2025-12-26T21:00:00", "date": "2025-12-26", "hour": 21}}, {"type": "Feature", "geometry": {"type": "Point", "coordinates": [5.25, 53.25]}, "properties": {"value": 4.494, "time": "2025-12-26T21:00:00", "date": "2025-12-26", "hour": 21}}, {"type": "Feature", "geometry": {"type": "Point", "coordinates": [5.5, 53.25]}, "properties": {"value": 3.771, "time": "2025-12-26T21:00:00", "date": "2025-12-26", "hour": 21}}, {"type": "Feature", "geometry": {"type": "Point", "coordinates": [5.0, 53.5]}, "properties": {"value": 7.802, "time": "2025-12-26T21:00:00", "date": "2025-12-26", "hour": 21}}, {"type": "Feature", "geometry": {"type": "Point", "coordinates": [5.25, 53.5]}, "properties": {"value": 7.132, "time": "2025-12-26T21:00:00", "date": "2025-12-26", "hour": 21}}, {"type": "Feature", "geometry": {"type": "Point", "coordinates": [5.5, 53.5]}, "properties": {"value": 6.946, "time": "2025-12-26T21:00:00", "date": "2025-12-26", "hour": 21}}, {"type": "Feature", "geometry": {"type": "Point", "coordinates": [5.75, 53.5]}, "properties": {"value": 6.46, "time": "2025-12-26T21:00:00", "date": "2025-12-26", "hour": 21}}, {"type": "Feature", "geometry": {"type": "Point", "coordinates": [6.0, 53.5]}, "properties": {"value": 5.762, "time": "2025-12-26T21:00:00", "date": "2025-12-26", "hour": 21}}, {"type": "Feature", "geometry": {"type": "Point", "coordinates": [6.25, 53.5]}, "properties": {"value": 4.952, "time": "2025-12-26T21:00:00", "date": "2025-12-26", "hour": 21}}, {"type": "Feature", "geometry": {"type": "Point", "coordinates": [6.5, 53.5]}, "properties": {"value": 4.86, "time": "2025-12-26T21:00:00", "date": "2025-12-26", "hour": 21}}, {"type": "Feature", "geometry": {"type": "Point", "coordinates": [6.75, 53.5]}, "properties": {"value": 4.695, "time": "2025-12-26T21:00:00", "date": "2025-12-26", "hour": 21}}, {"type": "Feature", "geometry": {"type": "Point", "coordinates": [5.0, 53.75]}, "properties": {"value": 8.826, "time": "2025-12-26T21:00:00", "date": "2025-12-26", "hour": 21}}, {"type": "Feature", "geometry": {"type": "Point", "coordinates": [5.25, 53.75]}, "properties": {"value": 8.378, "time": "2025-12-26T21:00:00", "date": "2025-12-26", "hour": 21}}, {"type": "Feature", "geometry": {"type": "Point", "coordinates": [5.5, 53.75]}, "properties": {"value": 8.065, "time": "2025-12-26T21:00:00", "date": "2025-12-26", "hour": 21}}, {"type": "Feature", "geometry": {"type": "Point", "coordinates": [5.75, 53.75]}, "properties": {"value": 7.845, "time": "2025-12-26T21:00:00", "date": "2025-12-26", "hour": 21}}, {"type": "Feature", "geometry": {"type": "Point", "coordinates": [6.0, 53.75]}, "properties": {"value": 7.324, "time": "2025-12-26T21:00:00", "date": "2025-12-26", "hour": 21}}, {"type": "Feature", "geometry": {"type": "Point", "coordinates": [6.25, 53.75]}, "properties": {"value": 7.106, "time": "2025-12-26T21:00:00", "date": "2025-12-26", "hour": 21}}, {"type": "Feature", "geometry": {"type": "Point", "coordinates": [6.5, 53.75]}, "properties": {"value": 6.685, "time": "2025-12-26T21:00:00", "date": "2025-12-26", "hour": 21}}, {"type": "Feature", "geometry": {"type": "Point", "coordinates": [6.75, 53.75]}, "properties": {"value": 6.359, "time": "2025-12-26T21:00:00", "date": "2025-12-26", "hour": 21}}, {"type": "Feature", "geometry": {"type": "Point", "coordinates": [7.0, 53.75]}, "properties": {"value": 6.608, "time": "2025-12-26T21:00:00", "date": "2025-12-26", "hour": 21}}, {"type": "Feature", "geometry": {"type": "Point", "coordinates": [7.25, 53.75]}, "properties": {"value": 6.331, "time": "2025-12-26T21:00:00", "date": "2025-12-26", "hour": 21}}, {"type": "Feature", "geometry": {"type": "Point", "coordinates": [7.5, 53.75]}, "properties": {"value": 6.894, "time": "2025-12-26T21:00:00", "date": "2025-12-26", "hour": 21}}, {"type": "Feature", "geometry": {"type": "Point", "coordinates": [7.75, 53.75]}, "properties": {"value": 6.986, "time": "2025-12-26T21:00:00", "date": "2025-12-26", "hour": 21}}, {"type": "Feature", "geometry": {"type": "Point", "coordinates": [8.0, 53.75]}, "properties": {"value": 5.891, "time": "2025-12-26T21:00:00", "date": "2025-12-26", "hour": 21}}, {"type": "Feature", "geometry": {"type": "Point", "coordinates": [8.25, 53.75]}, "properties": {"value": 4.848, "time": "2025-12-26T21:00:00", "date": "2025-12-26", "hour": 21}}, {"type": "Feature", "geometry": {"type": "Point", "coordinates": [8.5, 53.75]}, "properties": {"value": 4.096, "time": "2025-12-26T21:00:00", "date": "2025-12-26", "hour": 21}}, {"type": "Feature", "geometry": {"type": "Point", "coordinates": [8.75, 53.75]}, "properties": {"value": 4.096, "time": "2025-12-26T21:00:00", "date": "2025-12-26", "hour": 21}}, {"type": "Feature", "geometry": {"type": "Point", "coordinates": [14.25, 53.75]}, "properties": {"value": 0.934, "time": "2025-12-26T21:00:00", "date": "2025-12-26", "hour": 21}}, {"type": "Feature", "geometry": {"type": "Point", "coordinates": [14.5, 53.75]}, "properties": {"value": 0.934, "time": "2025-12-26T21:00:00", "date": "2025-12-26", "hour": 21}}, {"type": "Feature", "geometry": {"type": "Point", "coordinates": [5.0, 54.0]}, "properties": {"value": 9.39, "time": "2025-12-26T21:00:00", "date": "2025-12-26", "hour": 21}}, {"type": "Feature", "geometry": {"type": "Point", "coordinates": [5.25, 54.0]}, "properties": {"value": 9.064, "time": "2025-12-26T21:00:00", "date": "2025-12-26", "hour": 21}}, {"type": "Feature", "geometry": {"type": "Point", "coordinates": [5.5, 54.0]}, "properties": {"value": 8.751, "time": "2025-12-26T21:00:00", "date": "2025-12-26", "hour": 21}}, {"type": "Feature", "geometry": {"type": "Point", "coordinates": [5.75, 54.0]}, "properties": {"value": 8.59, "time": "2025-12-26T21:00:00", "date": "2025-12-26", "hour": 21}}, {"type": "Feature", "geometry": {"type": "Point", "coordinates": [6.0, 54.0]}, "properties": {"value": 8.493, "time": "2025-12-26T21:00:00", "date": "2025-12-26", "hour": 21}}, {"type": "Feature", "geometry": {"type": "Point", "coordinates": [6.25, 54.0]}, "properties": {"value": 8.364, "time": "2025-12-26T21:00:00", "date": "2025-12-26", "hour": 21}}, {"type": "Feature", "geometry": {"type": "Point", "coordinates": [6.5, 54.0]}, "properties": {"value": 7.986, "time": "2025-12-26T21:00:00", "date": "2025-12-26", "hour": 21}}, {"type": "Feature", "geometry": {"type": "Point", "coordinates": [6.75, 54.0]}, "properties": {"value": 7.763, "time": "2025-12-26T21:00:00", "date": "2025-12-26", "hour": 21}}, {"type": "Feature", "geometry": {"type": "Point", "coordinates": [7.0, 54.0]}, "properties": {"value": 7.506, "time": "2025-12-26T21:00:00", "date": "2025-12-26", "hour": 21}}, {"type": "Feature", "geometry": {"type": "Point", "coordinates": [7.25, 54.0]}, "properties": {"value": 7.318, "time": "2025-12-26T21:00:00", "date": "2025-12-26", "hour": 21}}, {"type": "Feature", "geometry": {"type": "Point", "coordinates": [7.5, 54.0]}, "properties": {"value": 7.519, "time": "2025-12-26T21:00:00", "date": "2025-12-26", "hour": 21}}, {"type": "Feature", "geometry": {"type": "Point", "coordinates": [7.75, 54.0]}, "properties": {"value": 7.432, "time": "2025-12-26T21:00:00", "date": "2025-12-26", "hour": 21}}, {"type": "Feature", "geometry": {"type": "Point", "coordinates": [8.0, 54.0]}, "properties": {"value": 7.03, "time": "2025-12-26T21:00:00", "date": "2025-12-26", "hour": 21}}, {"type": "Feature", "geometry": {"type": "Point", "coordinates": [8.25, 54.0]}, "properties": {"value": 6.242, "time": "2025-12-26T21:00:00", "date": "2025-12-26", "hour": 21}}, {"type": "Feature", "geometry": {"type": "Point", "coordinates": [8.5, 54.0]}, "properties": {"value": 4.937, "time": "2025-12-26T21:00:00", "date": "2025-12-26", "hour": 21}}, {"type": "Feature", "geometry": {"type": "Point", "coordinates": [11.25, 54.0]}, "properties": {"value": 5.122, "time": "2025-12-26T21:00:00", "date": "2025-12-26", "hour": 21}}, {"type": "Feature", "geometry": {"type": "Point", "coordinates": [14.0, 54.0]}, "properties": {"value": 3.376, "time": "2025-12-26T21:00:00", "date": "2025-12-26", "hour": 21}}, {"type": "Feature", "geometry": {"type": "Point", "coordinates": [14.25, 54.0]}, "properties": {"value": 4.446, "time": "2025-12-26T21:00:00", "date": "2025-12-26", "hour": 21}}, {"type": "Feature", "geometry": {"type": "Point", "coordinates": [14.5, 54.0]}, "properties": {"value": 3.948, "time": "2025-12-26T21:00:00", "date": "2025-12-26", "hour": 21}}, {"type": "Feature", "geometry": {"type": "Point", "coordinates": [14.75, 54.0]}, "properties": {"value": 4.721, "time": "2025-12-26T21:00:00", "date": "2025-12-26", "hour": 21}}, {"type": "Feature", "geometry": {"type": "Point", "coordinates": [5.0, 54.25]}, "properties": {"value": 9.611, "time": "2025-12-26T21:00:00", "date": "2025-12-26", "hour": 21}}, {"type": "Feature", "geometry": {"type": "Point", "coordinates": [5.25, 54.25]}, "properties": {"value": 9.363, "time": "2025-12-26T21:00:00", "date": "2025-12-26", "hour": 21}}, {"type": "Feature", "geometry": {"type": "Point", "coordinates": [5.5, 54.25]}, "properties": {"value": 9.181, "time": "2025-12-26T21:00:00", "date": "2025-12-26", "hour": 21}}, {"type": "Feature", "geometry": {"type": "Point", "coordinates": [5.75, 54.25]}, "properties": {"value": 9.034, "time": "2025-12-26T21:00:00", "date": "2025-12-26", "hour": 21}}, {"type": "Feature", "geometry": {"type": "Point", "coordinates": [6.0, 54.25]}, "properties": {"value": 8.907, "time": "2025-12-26T21:00:00", "date": "2025-12-26", "hour": 21}}, {"type": "Feature", "geometry": {"type": "Point", "coordinates": [6.25, 54.25]}, "properties": {"value": 8.875, "time": "2025-12-26T21:00:00", "date": "2025-12-26", "hour": 21}}, {"type": "Feature", "geometry": {"type": "Point", "coordinates": [6.5, 54.25]}, "properties": {"value": 8.87, "time": "2025-12-26T21:00:00", "date": "2025-12-26", "hour": 21}}, {"type": "Feature", "geometry": {"type": "Point", "coordinates": [6.75, 54.25]}, "properties": {"value": 8.635, "time": "2025-12-26T21:00:00", "date": "2025-12-26", "hour": 21}}, {"type": "Feature", "geometry": {"type": "Point", "coordinates": [7.0, 54.25]}, "properties": {"value": 8.38, "time": "2025-12-26T21:00:00", "date": "2025-12-26", "hour": 21}}, {"type": "Feature", "geometry": {"type": "Point", "coordinates": [7.25, 54.25]}, "properties": {"value": 7.845, "time": "2025-12-26T21:00:00", "date": "2025-12-26", "hour": 21}}, {"type": "Feature", "geometry": {"type": "Point", "coordinates": [7.5, 54.25]}, "properties": {"value": 7.526, "time": "2025-12-26T21:00:00", "date": "2025-12-26", "hour": 21}}, {"type": "Feature", "geometry": {"type": "Point", "coordinates": [7.75, 54.25]}, "properties": {"value": 7.333, "time": "2025-12-26T21:00:00", "date": "2025-12-26", "hour": 21}}, {"type": "Feature", "geometry": {"type": "Point", "coordinates": [8.0, 54.25]}, "properties": {"value": 7.068, "time": "2025-12-26T21:00:00", "date": "2025-12-26", "hour": 21}}, {"type": "Feature", "geometry": {"type": "Point", "coordinates": [8.25, 54.25]}, "properties": {"value": 5.934, "time": "2025-12-26T21:00:00", "date": "2025-12-26", "hour": 21}}, {"type": "Feature", "geometry": {"type": "Point", "coordinates": [8.5, 54.25]}, "properties": {"value": 4.685, "time": "2025-12-26T21:00:00", "date": "2025-12-26", "hour": 21}}, {"type": "Feature", "geometry": {"type": "Point", "coordinates": [10.75, 54.25]}, "properties": {"value": 5.437, "time": "2025-12-26T21:00:00", "date": "2025-12-26", "hour": 21}}, {"type": "Feature", "geometry": {"type": "Point", "coordinates": [11.25, 54.25]}, "properties": {"value": 5.213, "time": "2025-12-26T21:00:00", "date": "2025-12-26", "hour": 21}}, {"type": "Feature", "geometry": {"type": "Point", "coordinates": [11.75, 54.25]}, "properties": {"value": 5.469, "time": "2025-12-26T21:00:00", "date": "2025-12-26", "hour": 21}}, {"type": "Feature", "geometry": {"type": "Point", "coordinates": [12.25, 54.25]}, "properties": {"value": 5.571, "time": "2025-12-26T21:00:00", "date": "2025-12-26", "hour": 21}}, {"type": "Feature", "geometry": {"type": "Point", "coordinates": [13.75, 54.25]}, "properties": {"value": 3.253, "time": "2025-12-26T21:00:00", "date": "2025-12-26", "hour": 21}}, {"type": "Feature", "geometry": {"type": "Point", "coordinates": [14.0, 54.25]}, "properties": {"value": 4.088, "time": "2025-12-26T21:00:00", "date": "2025-12-26", "hour": 21}}, {"type": "Feature", "geometry": {"type": "Point", "coordinates": [14.25, 54.25]}, "properties": {"value": 4.856, "time": "2025-12-26T21:00:00", "date": "2025-12-26", "hour": 21}}, {"type": "Feature", "geometry": {"type": "Point", "coordinates": [14.5, 54.25]}, "properties": {"value": 5.434, "time": "2025-12-26T21:00:00", "date": "2025-12-26", "hour": 21}}, {"type": "Feature", "geometry": {"type": "Point", "coordinates": [14.75, 54.25]}, "properties": {"value": 5.612, "time": "2025-12-26T21:00:00", "date": "2025-12-26", "hour": 21}}, {"type": "Feature", "geometry": {"type": "Point", "coordinates": [15.0, 54.25]}, "properties": {"value": 5.983, "time": "2025-12-26T21:00:00", "date": "2025-12-26", "hour": 21}}, {"type": "Feature", "geometry": {"type": "Point", "coordinates": [5.0, 54.5]}, "properties": {"value": 9.654, "time": "2025-12-26T21:00:00", "date": "2025-12-26", "hour": 21}}, {"type": "Feature", "geometry": {"type": "Point", "coordinates": [5.25, 54.5]}, "properties": {"value": 9.607, "time": "2025-12-26T21:00:00", "date": "2025-12-26", "hour": 21}}, {"type": "Feature", "geometry": {"type": "Point", "coordinates": [5.5, 54.5]}, "properties": {"value": 9.477, "time": "2025-12-26T21:00:00", "date": "2025-12-26", "hour": 21}}, {"type": "Feature", "geometry": {"type": "Point", "coordinates": [5.75, 54.5]}, "properties": {"value": 9.325, "time": "2025-12-26T21:00:00", "date": "2025-12-26", "hour": 21}}, {"type": "Feature", "geometry": {"type": "Point", "coordinates": [6.0, 54.5]}, "properties": {"value": 9.165, "time": "2025-12-26T21:00:00", "date": "2025-12-26", "hour": 21}}, {"type": "Feature", "geometry": {"type": "Point", "coordinates": [6.25, 54.5]}, "properties": {"value": 9.063, "time": "2025-12-26T21:00:00", "date": "2025-12-26", "hour": 21}}, {"type": "Feature", "geometry": {"type": "Point", "coordinates": [6.5, 54.5]}, "properties": {"value": 9.106, "time": "2025-12-26T21:00:00", "date": "2025-12-26", "hour": 21}}, {"type": "Feature", "geometry": {"type": "Point", "coordinates": [6.75, 54.5]}, "properties": {"value": 8.931, "time": "2025-12-26T21:00:00", "date": "2025-12-26", "hour": 21}}, {"type": "Feature", "geometry": {"type": "Point", "coordinates": [7.0, 54.5]}, "properties": {"value": 8.478, "time": "2025-12-26T21:00:00", "date": "2025-12-26", "hour": 21}}, {"type": "Feature", "geometry": {"type": "Point", "coordinates": [7.25, 54.5]}, "properties": {"value": 7.731, "time": "2025-12-26T21:00:00", "date": "2025-12-26", "hour": 21}}, {"type": "Feature", "geometry": {"type": "Point", "coordinates": [7.5, 54.5]}, "properties": {"value": 6.981, "time": "2025-12-26T21:00:00", "date": "2025-12-26", "hour": 21}}, {"type": "Feature", "geometry": {"type": "Point", "coordinates": [7.75, 54.5]}, "properties": {"value": 6.704, "time": "2025-12-26T21:00:00", "date": "2025-12-26", "hour": 21}}, {"type": "Feature", "geometry": {"type": "Point", "coordinates": [8.0, 54.5]}, "properties": {"value": 5.901, "time": "2025-12-26T21:00:00", "date": "2025-12-26", "hour": 21}}, {"type": "Feature", "geometry": {"type": "Point", "coordinates": [8.25, 54.5]}, "properties": {"value": 4.62, "time": "2025-12-26T21:00:00", "date": "2025-12-26", "hour": 21}}, {"type": "Feature", "geometry": {"type": "Point", "coordinates": [8.5, 54.5]}, "properties": {"value": 3.574, "time": "2025-12-26T21:00:00", "date": "2025-12-26", "hour": 21}}, {"type": "Feature", "geometry": {"type": "Point", "coordinates": [10.5, 54.5]}, "properties": {"value": 5.53, "time": "2025-12-26T21:00:00", "date": "2025-12-26", "hour": 21}}, {"type": "Feature", "geometry": {"type": "Point", "coordinates": [10.75, 54.5]}, "properties": {"value": 5.328, "time": "2025-12-26T21:00:00", "date": "2025-12-26", "hour": 21}}, {"type": "Feature", "geometry": {"type": "Point", "coordinates": [11.0, 54.5]}, "properties": {"value": 5.139, "time": "2025-12-26T21:00:00", "date": "2025-12-26", "hour": 21}}, {"type": "Feature", "geometry": {"type": "Point", "coordinates": [11.25, 54.5]}, "properties": {"value": 5.06, "time": "2025-12-26T21:00:00", "date": "2025-12-26", "hour": 21}}, {"type": "Feature", "geometry": {"type": "Point", "coordinates": [11.5, 54.5]}, "properties": {"value": 5.155, "time": "2025-12-26T21:00:00", "date": "2025-12-26", "hour": 21}}, {"type": "Feature", "geometry": {"type": "Point", "coordinates": [11.75, 54.5]}, "properties": {"value": 5.523, "time": "2025-12-26T21:00:00", "date": "2025-12-26", "hour": 21}}, {"type": "Feature", "geometry": {"type": "Point", "coordinates": [12.0, 54.5]}, "properties": {"value": 5.705, "time": "2025-12-26T21:00:00", "date": "2025-12-26", "hour": 21}}, {"type": "Feature", "geometry": {"type": "Point", "coordinates": [12.25, 54.5]}, "properties": {"value": 5.774, "time": "2025-12-26T21:00:00", "date": "2025-12-26", "hour": 21}}, {"type": "Feature", "geometry": {"type": "Point", "coordinates": [13.0, 54.5]}, "properties": {"value": 5.655, "time": "2025-12-26T21:00:00", "date": "2025-12-26", "hour": 21}}, {"type": "Feature", "geometry": {"type": "Point", "coordinates": [13.25, 54.5]}, "properties": {"value": 4.774, "time": "2025-12-26T21:00:00", "date": "2025-12-26", "hour": 21}}, {"type": "Feature", "geometry": {"type": "Point", "coordinates": [13.5, 54.5]}, "properties": {"value": 4.289, "time": "2025-12-26T21:00:00", "date": "2025-12-26", "hour": 21}}, {"type": "Feature", "geometry": {"type": "Point", "coordinates": [13.75, 54.5]}, "properties": {"value": 4.353, "time": "2025-12-26T21:00:00", "date": "2025-12-26", "hour": 21}}, {"type": "Feature", "geometry": {"type": "Point", "coordinates": [14.0, 54.5]}, "properties": {"value": 5.093, "time": "2025-12-26T21:00:00", "date": "2025-12-26", "hour": 21}}, {"type": "Feature", "geometry": {"type": "Point", "coordinates": [14.25, 54.5]}, "properties": {"value": 5.782, "time": "2025-12-26T21:00:00", "date": "2025-12-26", "hour": 21}}, {"type": "Feature", "geometry": {"type": "Point", "coordinates": [14.5, 54.5]}, "properties": {"value": 6.421, "time": "2025-12-26T21:00:00", "date": "2025-12-26", "hour": 21}}, {"type": "Feature", "geometry": {"type": "Point", "coordinates": [14.75, 54.5]}, "properties": {"value": 6.673, "time": "2025-12-26T21:00:00", "date": "2025-12-26", "hour": 21}}, {"type": "Feature", "geometry": {"type": "Point", "coordinates": [15.0, 54.5]}, "properties": {"value": 6.935, "time": "2025-12-26T21:00:00", "date": "2025-12-26", "hour": 21}}, {"type": "Feature", "geometry": {"type": "Point", "coordinates": [5.0, 54.75]}, "properties": {"value": 9.679, "time": "2025-12-26T21:00:00", "date": "2025-12-26", "hour": 21}}, {"type": "Feature", "geometry": {"type": "Point", "coordinates": [5.25, 54.75]}, "properties": {"value": 9.632, "time": "2025-12-26T21:00:00", "date": "2025-12-26", "hour": 21}}, {"type": "Feature", "geometry": {"type": "Point", "coordinates": [5.5, 54.75]}, "properties": {"value": 9.566, "time": "2025-12-26T21:00:00", "date": "2025-12-26", "hour": 21}}, {"type": "Feature", "geometry": {"type": "Point", "coordinates": [5.75, 54.75]}, "properties": {"value": 9.53, "time": "2025-12-26T21:00:00", "date": "2025-12-26", "hour": 21}}, {"type": "Feature", "geometry": {"type": "Point", "coordinates": [6.0, 54.75]}, "properties": {"value": 9.341, "time": "2025-12-26T21:00:00", "date": "2025-12-26", "hour": 21}}, {"type": "Feature", "geometry": {"type": "Point", "coordinates": [6.25, 54.75]}, "properties": {"value": 9.239, "time": "2025-12-26T21:00:00", "date": "2025-12-26", "hour": 21}}, {"type": "Feature", "geometry": {"type": "Point", "coordinates": [6.5, 54.75]}, "properties": {"value": 9.036, "time": "2025-12-26T21:00:00", "date": "2025-12-26", "hour": 21}}, {"type": "Feature", "geometry": {"type": "Point", "coordinates": [6.75, 54.75]}, "properties": {"value": 8.434, "time": "2025-12-26T21:00:00", "date": "2025-12-26", "hour": 21}}, {"type": "Feature", "geometry": {"type": "Point", "coordinates": [7.0, 54.75]}, "properties": {"value": 7.887, "time": "2025-12-26T21:00:00", "date": "2025-12-26", "hour": 21}}, {"type": "Feature", "geometry": {"type": "Point", "coordinates": [7.25, 54.75]}, "properties": {"value": 7.143, "time": "2025-12-26T21:00:00", "date": "2025-12-26", "hour": 21}}, {"type": "Feature", "geometry": {"type": "Point", "coordinates": [7.5, 54.75]}, "properties": {"value": 6.475, "time": "2025-12-26T21:00:00", "date": "2025-12-26", "hour": 21}}, {"type": "Feature", "geometry": {"type": "Point", "coordinates": [7.75, 54.75]}, "properties": {"value": 5.799, "time": "2025-12-26T21:00:00", "date": "2025-12-26", "hour": 21}}, {"type": "Feature", "geometry": {"type": "Point", "coordinates": [8.0, 54.75]}, "properties": {"value": 4.965, "time": "2025-12-26T21:00:00", "date": "2025-12-26", "hour": 21}}, {"type": "Feature", "geometry": {"type": "Point", "coordinates": [8.25, 54.75]}, "properties": {"value": 3.672, "time": "2025-12-26T21:00:00", "date": "2025-12-26", "hour": 21}}, {"type": "Feature", "geometry": {"type": "Point", "coordinates": [8.5, 54.75]}, "properties": {"value": 2.753, "time": "2025-12-26T21:00:00", "date": "2025-12-26", "hour": 21}}, {"type": "Feature", "geometry": {"type": "Point", "coordinates": [10.25, 54.75]}, "properties": {"value": 5.647, "time": "2025-12-26T21:00:00", "date": "2025-12-26", "hour": 21}}, {"type": "Feature", "geometry": {"type": "Point", "coordinates": [10.5, 54.75]}, "properties": {"value": 5.221, "time": "2025-12-26T21:00:00", "date": "2025-12-26", "hour": 21}}, {"type": "Feature", "geometry": {"type": "Point", "coordinates": [10.75, 54.75]}, "properties": {"value": 4.946, "time": "2025-12-26T21:00:00", "date": "2025-12-26", "hour": 21}}, {"type": "Feature", "geometry": {"type": "Point", "coordinates": [11.0, 54.75]}, "properties": {"value": 4.75, "time": "2025-12-26T21:00:00", "date": "2025-12-26", "hour": 21}}, {"type": "Feature", "geometry": {"type": "Point", "coordinates": [11.25, 54.75]}, "properties": {"value": 4.654, "time": "2025-12-26T21:00:00", "date": "2025-12-26", "hour": 21}}, {"type": "Feature", "geometry": {"type": "Point", "coordinates": [11.5, 54.75]}, "properties": {"value": 4.617, "time": "2025-12-26T21:00:00", "date": "2025-12-26", "hour": 21}}, {"type": "Feature", "geometry": {"type": "Point", "coordinates": [12.0, 54.75]}, "properties": {"value": 5.438, "time": "2025-12-26T21:00:00", "date": "2025-12-26", "hour": 21}}, {"type": "Feature", "geometry": {"type": "Point", "coordinates": [12.25, 54.75]}, "properties": {"value": 5.93, "time": "2025-12-26T21:00:00", "date": "2025-12-26", "hour": 21}}, {"type": "Feature", "geometry": {"type": "Point", "coordinates": [12.5, 54.75]}, "properties": {"value": 6.082, "time": "2025-12-26T21:00:00", "date": "2025-12-26", "hour": 21}}, {"type": "Feature", "geometry": {"type": "Point", "coordinates": [12.75, 54.75]}, "properties": {"value": 6.039, "time": "2025-12-26T21:00:00", "date": "2025-12-26", "hour": 21}}, {"type": "Feature", "geometry": {"type": "Point", "coordinates": [13.0, 54.75]}, "properties": {"value": 5.812, "time": "2025-12-26T21:00:00", "date": "2025-12-26", "hour": 21}}, {"type": "Feature", "geometry": {"type": "Point", "coordinates": [13.25, 54.75]}, "properties": {"value": 5.866, "time": "2025-12-26T21:00:00", "date": "2025-12-26", "hour": 21}}, {"type": "Feature", "geometry": {"type": "Point", "coordinates": [13.5, 54.75]}, "properties": {"value": 5.763, "time": "2025-12-26T21:00:00", "date": "2025-12-26", "hour": 21}}, {"type": "Feature", "geometry": {"type": "Point", "coordinates": [13.75, 54.75]}, "properties": {"value": 5.826, "time": "2025-12-26T21:00:00", "date": "2025-12-26", "hour": 21}}, {"type": "Feature", "geometry": {"type": "Point", "coordinates": [14.0, 54.75]}, "properties": {"value": 5.986, "time": "2025-12-26T21:00:00", "date": "2025-12-26", "hour": 21}}, {"type": "Feature", "geometry": {"type": "Point", "coordinates": [14.25, 54.75]}, "properties": {"value": 6.179, "time": "2025-12-26T21:00:00", "date": "2025-12-26", "hour": 21}}, {"type": "Feature", "geometry": {"type": "Point", "coordinates": [14.5, 54.75]}, "properties": {"value": 6.817, "time": "2025-12-26T21:00:00", "date": "2025-12-26", "hour": 21}}, {"type": "Feature", "geometry": {"type": "Point", "coordinates": [14.75, 54.75]}, "properties": {"value": 7.063, "time": "2025-12-26T21:00:00", "date": "2025-12-26", "hour": 21}}, {"type": "Feature", "geometry": {"type": "Point", "coordinates": [15.0, 54.75]}, "properties": {"value": 7.245, "time": "2025-12-26T21:00:00", "date": "2025-12-26", "hour": 21}}, {"type": "Feature", "geometry": {"type": "Point", "coordinates": [5.0, 55.0]}, "properties": {"value": 9.525, "time": "2025-12-26T21:00:00", "date": "2025-12-26", "hour": 21}}, {"type": "Feature", "geometry": {"type": "Point", "coordinates": [5.25, 55.0]}, "properties": {"value": 9.539, "time": "2025-12-26T21:00:00", "date": "2025-12-26", "hour": 21}}, {"type": "Feature", "geometry": {"type": "Point", "coordinates": [5.5, 55.0]}, "properties": {"value": 9.568, "time": "2025-12-26T21:00:00", "date": "2025-12-26", "hour": 21}}, {"type": "Feature", "geometry": {"type": "Point", "coordinates": [5.75, 55.0]}, "properties": {"value": 9.532, "time": "2025-12-26T21:00:00", "date": "2025-12-26", "hour": 21}}, {"type": "Feature", "geometry": {"type": "Point", "coordinates": [6.0, 55.0]}, "properties": {"value": 9.436, "time": "2025-12-26T21:00:00", "date": "2025-12-26", "hour": 21}}, {"type": "Feature", "geometry": {"type": "Point", "coordinates": [6.25, 55.0]}, "properties": {"value": 9.126, "time": "2025-12-26T21:00:00", "date": "2025-12-26", "hour": 21}}, {"type": "Feature", "geometry": {"type": "Point", "coordinates": [6.5, 55.0]}, "properties": {"value": 8.623, "time": "2025-12-26T21:00:00", "date": "2025-12-26", "hour": 21}}, {"type": "Feature", "geometry": {"type": "Point", "coordinates": [6.75, 55.0]}, "properties": {"value": 8.006, "time": "2025-12-26T21:00:00", "date": "2025-12-26", "hour": 21}}, {"type": "Feature", "geometry": {"type": "Point", "coordinates": [7.0, 55.0]}, "properties": {"value": 7.35, "time": "2025-12-26T21:00:00", "date": "2025-12-26", "hour": 21}}, {"type": "Feature", "geometry": {"type": "Point", "coordinates": [7.25, 55.0]}, "properties": {"value": 6.876, "time": "2025-12-26T21:00:00", "date": "2025-12-26", "hour": 21}}, {"type": "Feature", "geometry": {"type": "Point", "coordinates": [7.5, 55.0]}, "properties": {"value": 6.284, "time": "2025-12-26T21:00:00", "date": "2025-12-26", "hour": 21}}, {"type": "Feature", "geometry": {"type": "Point", "coordinates": [7.75, 55.0]}, "properties": {"value": 5.676, "time": "2025-12-26T21:00:00", "date": "2025-12-26", "hour": 21}}, {"type": "Feature", "geometry": {"type": "Point", "coordinates": [8.0, 55.0]}, "properties": {"value": 5.122, "time": "2025-12-26T21:00:00", "date": "2025-12-26", "hour": 21}}, {"type": "Feature", "geometry": {"type": "Point", "coordinates": [8.25, 55.0]}, "properties": {"value": 4.069, "time": "2025-12-26T21:00:00", "date": "2025-12-26", "hour": 21}}, {"type": "Feature", "geometry": {"type": "Point", "coordinates": [8.5, 55.0]}, "properties": {"value": 3.238, "time": "2025-12-26T21:00:00", "date": "2025-12-26", "hour": 21}}, {"type": "Feature", "geometry": {"type": "Point", "coordinates": [10.25, 55.0]}, "properties": {"value": 5.754, "time": "2025-12-26T21:00:00", "date": "2025-12-26", "hour": 21}}, {"type": "Feature", "geometry": {"type": "Point", "coordinates": [10.5, 55.0]}, "properties": {"value": 5.124, "time": "2025-12-26T21:00:00", "date": "2025-12-26", "hour": 21}}, {"type": "Feature", "geometry": {"type": "Point", "coordinates": [10.75, 55.0]}, "properties": {"value": 4.505, "time": "2025-12-26T21:00:00", "date": "2025-12-26", "hour": 21}}, {"type": "Feature", "geometry": {"type": "Point", "coordinates": [11.0, 55.0]}, "properties": {"value": 4.595, "time": "2025-12-26T21:00:00", "date": "2025-12-26", "hour": 21}}, {"type": "Feature", "geometry": {"type": "Point", "coordinates": [11.25, 55.0]}, "properties": {"value": 4.561, "time": "2025-12-26T21:00:00", "date": "2025-12-26", "hour": 21}}, {"type": "Feature", "geometry": {"type": "Point", "coordinates": [11.5, 55.0]}, "properties": {"value": 4.547, "time": "2025-12-26T21:00:00", "date": "2025-12-26", "hour": 21}}, {"type": "Feature", "geometry": {"type": "Point", "coordinates": [11.75, 55.0]}, "properties": {"value": 4.416, "time": "2025-12-26T21:00:00", "date": "2025-12-26", "hour": 21}}, {"type": "Feature", "geometry": {"type": "Point", "coordinates": [12.0, 55.0]}, "properties": {"value": 5.006, "time": "2025-12-26T21:00:00", "date": "2025-12-26", "hour": 21}}, {"type": "Feature", "geometry": {"type": "Point", "coordinates": [12.25, 55.0]}, "properties": {"value": 5.693, "time": "2025-12-26T21:00:00", "date": "2025-12-26", "hour": 21}}, {"type": "Feature", "geometry": {"type": "Point", "coordinates": [12.5, 55.0]}, "properties": {"value": 6.038, "time": "2025-12-26T21:00:00", "date": "2025-12-26", "hour": 21}}, {"type": "Feature", "geometry": {"type": "Point", "coordinates": [12.75, 55.0]}, "properties": {"value": 6.175, "time": "2025-12-26T21:00:00", "date": "2025-12-26", "hour": 21}}, {"type": "Feature", "geometry": {"type": "Point", "coordinates": [13.0, 55.0]}, "properties": {"value": 6.266, "time": "2025-12-26T21:00:00", "date": "2025-12-26", "hour": 21}}, {"type": "Feature", "geometry": {"type": "Point", "coordinates": [13.25, 55.0]}, "properties": {"value": 6.319, "time": "2025-12-26T21:00:00", "date": "2025-12-26", "hour": 21}}, {"type": "Feature", "geometry": {"type": "Point", "coordinates": [13.5, 55.0]}, "properties": {"value": 6.339, "time": "2025-12-26T21:00:00", "date": "2025-12-26", "hour": 21}}, {"type": "Feature", "geometry": {"type": "Point", "coordinates": [13.75, 55.0]}, "properties": {"value": 6.4, "time": "2025-12-26T21:00:00", "date": "2025-12-26", "hour": 21}}, {"type": "Feature", "geometry": {"type": "Point", "coordinates": [14.0, 55.0]}, "properties": {"value": 6.533, "time": "2025-12-26T21:00:00", "date": "2025-12-26", "hour": 21}}, {"type": "Feature", "geometry": {"type": "Point", "coordinates": [14.25, 55.0]}, "properties": {"value": 6.643, "time": "2025-12-26T21:00:00", "date": "2025-12-26", "hour": 21}}, {"type": "Feature", "geometry": {"type": "Point", "coordinates": [14.5, 55.0]}, "properties": {"value": 6.684, "time": "2025-12-26T21:00:00", "date": "2025-12-26", "hour": 21}}, {"type": "Feature", "geometry": {"type": "Point", "coordinates": [14.75, 55.0]}, "properties": {"value": 6.88, "time": "2025-12-26T21:00:00", "date": "2025-12-26", "hour": 21}}, {"type": "Feature", "geometry": {"type": "Point", "coordinates": [15.0, 55.0]}, "properties": {"value": 7.058, "time": "2025-12-26T21:00:00", "date": "2025-12-26", "hour": 21}}, {"type": "Feature", "geometry": {"type": "Point", "coordinates": [5.25, 52.75]}, "properties": {"value": 2.962, "time": "2025-12-26T22:00:00", "date": "2025-12-26", "hour": 22}}, {"type": "Feature", "geometry": {"type": "Point", "coordinates": [5.5, 52.75]}, "properties": {"value": 2.972, "time": "2025-12-26T22:00:00", "date": "2025-12-26", "hour": 22}}, {"type": "Feature", "geometry": {"type": "Point", "coordinates": [5.0, 53.0]}, "properties": {"value": 4.366, "time": "2025-12-26T22:00:00", "date": "2025-12-26", "hour": 22}}, {"type": "Feature", "geometry": {"type": "Point", "coordinates": [5.25, 53.0]}, "properties": {"value": 3.428, "time": "2025-12-26T22:00:00", "date": "2025-12-26", "hour": 22}}, {"type": "Feature", "geometry": {"type": "Point", "coordinates": [5.5, 53.0]}, "properties": {"value": 2.806, "time": "2025-12-26T22:00:00", "date": "2025-12-26", "hour": 22}}, {"type": "Feature", "geometry": {"type": "Point", "coordinates": [5.0, 53.25]}, "properties": {"value": 4.904, "time": "2025-12-26T22:00:00", "date": "2025-12-26", "hour": 22}}, {"type": "Feature", "geometry": {"type": "Point", "coordinates": [5.25, 53.25]}, "properties": {"value": 3.785, "time": "2025-12-26T22:00:00", "date": "2025-12-26", "hour": 22}}, {"type": "Feature", "geometry": {"type": "Point", "coordinates": [5.5, 53.25]}, "properties": {"value": 3.112, "time": "2025-12-26T22:00:00", "date": "2025-12-26", "hour": 22}}, {"type": "Feature", "geometry": {"type": "Point", "coordinates": [5.0, 53.5]}, "properties": {"value": 7.141, "time": "2025-12-26T22:00:00", "date": "2025-12-26", "hour": 22}}, {"type": "Feature", "geometry": {"type": "Point", "coordinates": [5.25, 53.5]}, "properties": {"value": 6.458, "time": "2025-12-26T22:00:00", "date": "2025-12-26", "hour": 22}}, {"type": "Feature", "geometry": {"type": "Point", "coordinates": [5.5, 53.5]}, "properties": {"value": 6.308, "time": "2025-12-26T22:00:00", "date": "2025-12-26", "hour": 22}}, {"type": "Feature", "geometry": {"type": "Point", "coordinates": [5.75, 53.5]}, "properties": {"value": 5.928, "time": "2025-12-26T22:00:00", "date": "2025-12-26", "hour": 22}}, {"type": "Feature", "geometry": {"type": "Point", "coordinates": [6.0, 53.5]}, "properties": {"value": 5.39, "time": "2025-12-26T22:00:00", "date": "2025-12-26", "hour": 22}}, {"type": "Feature", "geometry": {"type": "Point", "coordinates": [6.25, 53.5]}, "properties": {"value": 4.768, "time": "2025-12-26T22:00:00", "date": "2025-12-26", "hour": 22}}, {"type": "Feature", "geometry": {"type": "Point", "coordinates": [6.5, 53.5]}, "properties": {"value": 4.543, "time": "2025-12-26T22:00:00", "date": "2025-12-26", "hour": 22}}, {"type": "Feature", "geometry": {"type": "Point", "coordinates": [6.75, 53.5]}, "properties": {"value": 4.145, "time": "2025-12-26T22:00:00", "date": "2025-12-26", "hour": 22}}, {"type": "Feature", "geometry": {"type": "Point", "coordinates": [5.0, 53.75]}, "properties": {"value": 8.267, "time": "2025-12-26T22:00:00", "date": "2025-12-26", "hour": 22}}, {"type": "Feature", "geometry": {"type": "Point", "coordinates": [5.25, 53.75]}, "properties": {"value": 7.856, "time": "2025-12-26T22:00:00", "date": "2025-12-26", "hour": 22}}, {"type": "Feature", "geometry": {"type": "Point", "coordinates": [5.5, 53.75]}, "properties": {"value": 7.618, "time": "2025-12-26T22:00:00", "date": "2025-12-26", "hour": 22}}, {"type": "Feature", "geometry": {"type": "Point", "coordinates": [5.75, 53.75]}, "properties": {"value": 7.514, "time": "2025-12-26T22:00:00", "date": "2025-12-26", "hour": 22}}, {"type": "Feature", "geometry": {"type": "Point", "coordinates": [6.0, 53.75]}, "properties": {"value": 7.105, "time": "2025-12-26T22:00:00", "date": "2025-12-26", "hour": 22}}, {"type": "Feature", "geometry": {"type": "Point", "coordinates": [6.25, 53.75]}, "properties": {"value": 6.89, "time": "2025-12-26T22:00:00", "date": "2025-12-26", "hour": 22}}, {"type": "Feature", "geometry": {"type": "Point", "coordinates": [6.5, 53.75]}, "properties": {"value": 6.44, "time": "2025-12-26T22:00:00", "date": "2025-12-26", "hour": 22}}, {"type": "Feature", "geometry": {"type": "Point", "coordinates": [6.75, 53.75]}, "properties": {"value": 6.004, "time": "2025-12-26T22:00:00", "date": "2025-12-26", "hour": 22}}, {"type": "Feature", "geometry": {"type": "Point", "coordinates": [7.0, 53.75]}, "properties": {"value": 6.486, "time": "2025-12-26T22:00:00", "date": "2025-12-26", "hour": 22}}, {"type": "Feature", "geometry": {"type": "Point", "coordinates": [7.25, 53.75]}, "properties": {"value": 6.365, "time": "2025-12-26T22:00:00", "date": "2025-12-26", "hour": 22}}, {"type": "Feature", "geometry": {"type": "Point", "coordinates": [7.5, 53.75]}, "properties": {"value": 6.504, "time": "2025-12-26T22:00:00", "date": "2025-12-26", "hour": 22}}, {"type": "Feature", "geometry": {"type": "Point", "coordinates": [7.75, 53.75]}, "properties": {"value": 6.527, "time": "2025-12-26T22:00:00", "date": "2025-12-26", "hour": 22}}, {"type": "Feature", "geometry": {"type": "Point", "coordinates": [8.0, 53.75]}, "properties": {"value": 5.505, "time": "2025-12-26T22:00:00", "date": "2025-12-26", "hour": 22}}, {"type": "Feature", "geometry": {"type": "Point", "coordinates": [8.25, 53.75]}, "properties": {"value": 4.414, "time": "2025-12-26T22:00:00", "date": "2025-12-26", "hour": 22}}, {"type": "Feature", "geometry": {"type": "Point", "coordinates": [8.5, 53.75]}, "properties": {"value": 3.563, "time": "2025-12-26T22:00:00", "date": "2025-12-26", "hour": 22}}, {"type": "Feature", "geometry": {"type": "Point", "coordinates": [8.75, 53.75]}, "properties": {"value": 3.563, "time": "2025-12-26T22:00:00", "date": "2025-12-26", "hour": 22}}, {"type": "Feature", "geometry": {"type": "Point", "coordinates": [14.25, 53.75]}, "properties": {"value": 2.093, "time": "2025-12-26T22:00:00", "date": "2025-12-26", "hour": 22}}, {"type": "Feature", "geometry": {"type": "Point", "coordinates": [14.5, 53.75]}, "properties": {"value": 2.093, "time": "2025-12-26T22:00:00", "date": "2025-12-26", "hour": 22}}, {"type": "Feature", "geometry": {"type": "Point", "coordinates": [5.0, 54.0]}, "properties": {"value": 8.826, "time": "2025-12-26T22:00:00", "date": "2025-12-26", "hour": 22}}, {"type": "Feature", "geometry": {"type": "Point", "coordinates": [5.25, 54.0]}, "properties": {"value": 8.596, "time": "2025-12-26T22:00:00", "date": "2025-12-26", "hour": 22}}, {"type": "Feature", "geometry": {"type": "Point", "coordinates": [5.5, 54.0]}, "properties": {"value": 8.361, "time": "2025-12-26T22:00:00", "date": "2025-12-26", "hour": 22}}, {"type": "Feature", "geometry": {"type": "Point", "coordinates": [5.75, 54.0]}, "properties": {"value": 8.333, "time": "2025-12-26T22:00:00", "date": "2025-12-26", "hour": 22}}, {"type": "Feature", "geometry": {"type": "Point", "coordinates": [6.0, 54.0]}, "properties": {"value": 8.353, "time": "2025-12-26T22:00:00", "date": "2025-12-26", "hour": 22}}, {"type": "Feature", "geometry": {"type": "Point", "coordinates": [6.25, 54.0]}, "properties": {"value": 8.281, "time": "2025-12-26T22:00:00", "date": "2025-12-26", "hour": 22}}, {"type": "Feature", "geometry": {"type": "Point", "coordinates": [6.5, 54.0]}, "properties": {"value": 7.904, "time": "2025-12-26T22:00:00", "date": "2025-12-26", "hour": 22}}, {"type": "Feature", "geometry": {"type": "Point", "coordinates": [6.75, 54.0]}, "properties": {"value": 7.828, "time": "2025-12-26T22:00:00", "date": "2025-12-26", "hour": 22}}, {"type": "Feature", "geometry": {"type": "Point", "coordinates": [7.0, 54.0]}, "properties": {"value": 7.83, "time": "2025-12-26T22:00:00", "date": "2025-12-26", "hour": 22}}, {"type": "Feature", "geometry": {"type": "Point", "coordinates": [7.25, 54.0]}, "properties": {"value": 7.764, "time": "2025-12-26T22:00:00", "date": "2025-12-26", "hour": 22}}, {"type": "Feature", "geometry": {"type": "Point", "coordinates": [7.5, 54.0]}, "properties": {"value": 7.778, "time": "2025-12-26T22:00:00", "date": "2025-12-26", "hour": 22}}, {"type": "Feature", "geometry": {"type": "Point", "coordinates": [7.75, 54.0]}, "properties": {"value": 7.435, "time": "2025-12-26T22:00:00", "date": "2025-12-26", "hour": 22}}, {"type": "Feature", "geometry": {"type": "Point", "coordinates": [8.0, 54.0]}, "properties": {"value": 6.649, "time": "2025-12-26T22:00:00", "date": "2025-12-26", "hour": 22}}, {"type": "Feature", "geometry": {"type": "Point", "coordinates": [8.25, 54.0]}, "properties": {"value": 5.824, "time": "2025-12-26T22:00:00", "date": "2025-12-26", "hour": 22}}, {"type": "Feature", "geometry": {"type": "Point", "coordinates": [8.5, 54.0]}, "properties": {"value": 4.56, "time": "2025-12-26T22:00:00", "date": "2025-12-26", "hour": 22}}, {"type": "Feature", "geometry": {"type": "Point", "coordinates": [11.25, 54.0]}, "properties": {"value": 5.51, "time": "2025-12-26T22:00:00", "date": "2025-12-26", "hour": 22}}, {"type": "Feature", "geometry": {"type": "Point", "coordinates": [14.0, 54.0]}, "properties": {"value": 3.425, "time": "2025-12-26T22:00:00", "date": "2025-12-26", "hour": 22}}, {"type": "Feature", "geometry": {"type": "Point", "coordinates": [14.25, 54.0]}, "properties": {"value": 4.862, "time": "2025-12-26T22:00:00", "date": "2025-12-26", "hour": 22}}, {"type": "Feature", "geometry": {"type": "Point", "coordinates": [14.5, 54.0]}, "properties": {"value": 4.47, "time": "2025-12-26T22:00:00", "date": "2025-12-26", "hour": 22}}, {"type": "Feature", "geometry": {"type": "Point", "coordinates": [14.75, 54.0]}, "properties": {"value": 4.953, "time": "2025-12-26T22:00:00", "date": "2025-12-26", "hour": 22}}, {"type": "Feature", "geometry": {"type": "Point", "coordinates": [5.0, 54.25]}, "properties": {"value": 9.182, "time": "2025-12-26T22:00:00", "date": "2025-12-26", "hour": 22}}, {"type": "Feature", "geometry": {"type": "Point", "coordinates": [5.25, 54.25]}, "properties": {"value": 8.983, "time": "2025-12-26T22:00:00", "date": "2025-12-26", "hour": 22}}, {"type": "Feature", "geometry": {"type": "Point", "coordinates": [5.5, 54.25]}, "properties": {"value": 8.903, "time": "2025-12-26T22:00:00", "date": "2025-12-26", "hour": 22}}, {"type": "Feature", "geometry": {"type": "Point", "coordinates": [5.75, 54.25]}, "properties": {"value": 8.889, "time": "2025-12-26T22:00:00", "date": "2025-12-26", "hour": 22}}, {"type": "Feature", "geometry": {"type": "Point", "coordinates": [6.0, 54.25]}, "properties": {"value": 8.86, "time": "2025-12-26T22:00:00", "date": "2025-12-26", "hour": 22}}, {"type": "Feature", "geometry": {"type": "Point", "coordinates": [6.25, 54.25]}, "properties": {"value": 8.897, "time": "2025-12-26T22:00:00", "date": "2025-12-26", "hour": 22}}, {"type": "Feature", "geometry": {"type": "Point", "coordinates": [6.5, 54.25]}, "properties": {"value": 8.907, "time": "2025-12-26T22:00:00", "date": "2025-12-26", "hour": 22}}, {"type": "Feature", "geometry": {"type": "Point", "coordinates": [6.75, 54.25]}, "properties": {"value": 8.797, "time": "2025-12-26T22:00:00", "date": "2025-12-26", "hour": 22}}, {"type": "Feature", "geometry": {"type": "Point", "coordinates": [7.0, 54.25]}, "properties": {"value": 8.702, "time": "2025-12-26T22:00:00", "date": "2025-12-26", "hour": 22}}, {"type": "Feature", "geometry": {"type": "Point", "coordinates": [7.25, 54.25]}, "properties": {"value": 8.532, "time": "2025-12-26T22:00:00", "date": "2025-12-26", "hour": 22}}, {"type": "Feature", "geometry": {"type": "Point", "coordinates": [7.5, 54.25]}, "properties": {"value": 8.367, "time": "2025-12-26T22:00:00", "date": "2025-12-26", "hour": 22}}, {"type": "Feature", "geometry": {"type": "Point", "coordinates": [7.75, 54.25]}, "properties": {"value": 7.901, "time": "2025-12-26T22:00:00", "date": "2025-12-26", "hour": 22}}, {"type": "Feature", "geometry": {"type": "Point", "coordinates": [8.0, 54.25]}, "properties": {"value": 7.167, "time": "2025-12-26T22:00:00", "date": "2025-12-26", "hour": 22}}, {"type": "Feature", "geometry": {"type": "Point", "coordinates": [8.25, 54.25]}, "properties": {"value": 6.078, "time": "2025-12-26T22:00:00", "date": "2025-12-26", "hour": 22}}, {"type": "Feature", "geometry": {"type": "Point", "coordinates": [8.5, 54.25]}, "properties": {"value": 4.873, "time": "2025-12-26T22:00:00", "date": "2025-12-26", "hour": 22}}, {"type": "Feature", "geometry": {"type": "Point", "coordinates": [10.75, 54.25]}, "properties": {"value": 5.303, "time": "2025-12-26T22:00:00", "date": "2025-12-26", "hour": 22}}, {"type": "Feature", "geometry": {"type": "Point", "coordinates": [11.25, 54.25]}, "properties": {"value": 5.593, "time": "2025-12-26T22:00:00", "date": "2025-12-26", "hour": 22}}, {"type": "Feature", "geometry": {"type": "Point", "coordinates": [11.75, 54.25]}, "properties": {"value": 6.083, "time": "2025-12-26T22:00:00", "date": "2025-12-26", "hour": 22}}, {"type": "Feature", "geometry": {"type": "Point", "coordinates": [12.25, 54.25]}, "properties": {"value": 5.943, "time": "2025-12-26T22:00:00", "date": "2025-12-26", "hour": 22}}, {"type": "Feature", "geometry": {"type": "Point", "coordinates": [13.75, 54.25]}, "properties": {"value": 3.565, "time": "2025-12-26T22:00:00", "date": "2025-12-26", "hour": 22}}, {"type": "Feature", "geometry": {"type": "Point", "coordinates": [14.0, 54.25]}, "properties": {"value": 4.099, "time": "2025-12-26T22:00:00", "date": "2025-12-26", "hour": 22}}, {"type": "Feature", "geometry": {"type": "Point", "coordinates": [14.25, 54.25]}, "properties": {"value": 5.053, "time": "2025-12-26T22:00:00", "date": "2025-12-26", "hour": 22}}, {"type": "Feature", "geometry": {"type": "Point", "coordinates": [14.5, 54.25]}, "properties": {"value": 5.661, "time": "2025-12-26T22:00:00", "date": "2025-12-26", "hour": 22}}, {"type": "Feature", "geometry": {"type": "Point", "coordinates": [14.75, 54.25]}, "properties": {"value": 5.761, "time": "2025-12-26T22:00:00", "date": "2025-12-26", "hour": 22}}, {"type": "Feature", "geometry": {"type": "Point", "coordinates": [15.0, 54.25]}, "properties": {"value": 6.185, "time": "2025-12-26T22:00:00", "date": "2025-12-26", "hour": 22}}, {"type": "Feature", "geometry": {"type": "Point", "coordinates": [5.0, 54.5]}, "properties": {"value": 9.375, "time": "2025-12-26T22:00:00", "date": "2025-12-26", "hour": 22}}, {"type": "Feature", "geometry": {"type": "Point", "coordinates": [5.25, 54.5]}, "properties": {"value": 9.337, "time": "2025-12-26T22:00:00", "date": "2025-12-26", "hour": 22}}, {"type": "Feature", "geometry": {"type": "Point", "coordinates": [5.5, 54.5]}, "properties": {"value": 9.299, "time": "2025-12-26T22:00:00", "date": "2025-12-26", "hour": 22}}, {"type": "Feature", "geometry": {"type": "Point", "coordinates": [5.75, 54.5]}, "properties": {"value": 9.248, "time": "2025-12-26T22:00:00", "date": "2025-12-26", "hour": 22}}, {"type": "Feature", "geometry": {"type": "Point", "coordinates": [6.0, 54.5]}, "properties": {"value": 9.242, "time": "2025-12-26T22:00:00", "date": "2025-12-26", "hour": 22}}, {"type": "Feature", "geometry": {"type": "Point", "coordinates": [6.25, 54.5]}, "properties": {"value": 9.199, "time": "2025-12-26T22:00:00", "date": "2025-12-26", "hour": 22}}, {"type": "Feature", "geometry": {"type": "Point", "coordinates": [6.5, 54.5]}, "properties": {"value": 9.214, "time": "2025-12-26T22:00:00", "date": "2025-12-26", "hour": 22}}, {"type": "Feature", "geometry": {"type": "Point", "coordinates": [6.75, 54.5]}, "properties": {"value": 9.106, "time": "2025-12-26T22:00:00", "date": "2025-12-26", "hour": 22}}, {"type": "Feature", "geometry": {"type": "Point", "coordinates": [7.0, 54.5]}, "properties": {"value": 8.844, "time": "2025-12-26T22:00:00", "date": "2025-12-26", "hour": 22}}, {"type": "Feature", "geometry": {"type": "Point", "coordinates": [7.25, 54.5]}, "properties": {"value": 8.348, "time": "2025-12-26T22:00:00", "date": "2025-12-26", "hour": 22}}, {"type": "Feature", "geometry": {"type": "Point", "coordinates": [7.5, 54.5]}, "properties": {"value": 8.045, "time": "2025-12-26T22:00:00", "date": "2025-12-26", "hour": 22}}, {"type": "Feature", "geometry": {"type": "Point", "coordinates": [7.75, 54.5]}, "properties": {"value": 7.423, "time": "2025-12-26T22:00:00", "date": "2025-12-26", "hour": 22}}, {"type": "Feature", "geometry": {"type": "Point", "coordinates": [8.0, 54.5]}, "properties": {"value": 6.644, "time": "2025-12-26T22:00:00", "date": "2025-12-26", "hour": 22}}, {"type": "Feature", "geometry": {"type": "Point", "coordinates": [8.25, 54.5]}, "properties": {"value": 5.416, "time": "2025-12-26T22:00:00", "date": "2025-12-26", "hour": 22}}, {"type": "Feature", "geometry": {"type": "Point", "coordinates": [8.5, 54.5]}, "properties": {"value": 4.504, "time": "2025-12-26T22:00:00", "date": "2025-12-26", "hour": 22}}, {"type": "Feature", "geometry": {"type": "Point", "coordinates": [10.5, 54.5]}, "properties": {"value": 5.623, "time": "2025-12-26T22:00:00", "date": "2025-12-26", "hour": 22}}, {"type": "Feature", "geometry": {"type": "Point", "coordinates": [10.75, 54.5]}, "properties": {"value": 5.394, "time": "2025-12-26T22:00:00", "date": "2025-12-26", "hour": 22}}, {"type": "Feature", "geometry": {"type": "Point", "coordinates": [11.0, 54.5]}, "properties": {"value": 5.209, "time": "2025-12-26T22:00:00", "date": "2025-12-26", "hour": 22}}, {"type": "Feature", "geometry": {"type": "Point", "coordinates": [11.25, 54.5]}, "properties": {"value": 5.401, "time": "2025-12-26T22:00:00", "date": "2025-12-26", "hour": 22}}, {"type": "Feature", "geometry": {"type": "Point", "coordinates": [11.5, 54.5]}, "properties": {"value": 5.624, "time": "2025-12-26T22:00:00", "date": "2025-12-26", "hour": 22}}, {"type": "Feature", "geometry": {"type": "Point", "coordinates": [11.75, 54.5]}, "properties": {"value": 6.095, "time": "2025-12-26T22:00:00", "date": "2025-12-26", "hour": 22}}, {"type": "Feature", "geometry": {"type": "Point", "coordinates": [12.0, 54.5]}, "properties": {"value": 6.105, "time": "2025-12-26T22:00:00", "date": "2025-12-26", "hour": 22}}, {"type": "Feature", "geometry": {"type": "Point", "coordinates": [12.25, 54.5]}, "properties": {"value": 6.066, "time": "2025-12-26T22:00:00", "date": "2025-12-26", "hour": 22}}, {"type": "Feature", "geometry": {"type": "Point", "coordinates": [13.0, 54.5]}, "properties": {"value": 6.08, "time": "2025-12-26T22:00:00", "date": "2025-12-26", "hour": 22}}, {"type": "Feature", "geometry": {"type": "Point", "coordinates": [13.25, 54.5]}, "properties": {"value": 5.26, "time": "2025-12-26T22:00:00", "date": "2025-12-26", "hour": 22}}, {"type": "Feature", "geometry": {"type": "Point", "coordinates": [13.5, 54.5]}, "properties": {"value": 4.762, "time": "2025-12-26T22:00:00", "date": "2025-12-26", "hour": 22}}, {"type": "Feature", "geometry": {"type": "Point", "coordinates": [13.75, 54.5]}, "properties": {"value": 4.905, "time": "2025-12-26T22:00:00", "date": "2025-12-26", "hour": 22}}, {"type": "Feature", "geometry": {"type": "Point", "coordinates": [14.0, 54.5]}, "properties": {"value": 5.43, "time": "2025-12-26T22:00:00", "date": "2025-12-26", "hour": 22}}, {"type": "Feature", "geometry": {"type": "Point", "coordinates": [14.25, 54.5]}, "properties": {"value": 6.082, "time": "2025-12-26T22:00:00", "date": "2025-12-26", "hour": 22}}, {"type": "Feature", "geometry": {"type": "Point", "coordinates": [14.5, 54.5]}, "properties": {"value": 6.679, "time": "2025-12-26T22:00:00", "date": "2025-12-26", "hour": 22}}, {"type": "Feature", "geometry": {"type": "Point", "coordinates": [14.75, 54.5]}, "properties": {"value": 6.75, "time": "2025-12-26T22:00:00", "date": "2025-12-26", "hour": 22}}, {"type": "Feature", "geometry": {"type": "Point", "coordinates": [15.0, 54.5]}, "properties": {"value": 7.074, "time": "2025-12-26T22:00:00", "date": "2025-12-26", "hour": 22}}, {"type": "Feature", "geometry": {"type": "Point", "coordinates": [5.0, 54.75]}, "properties": {"value": 9.447, "time": "2025-12-26T22:00:00", "date": "2025-12-26", "hour": 22}}, {"type": "Feature", "geometry": {"type": "Point", "coordinates": [5.25, 54.75]}, "properties": {"value": 9.41, "time": "2025-12-26T22:00:00", "date": "2025-12-26", "hour": 22}}, {"type": "Feature", "geometry": {"type": "Point", "coordinates": [5.5, 54.75]}, "properties": {"value": 9.412, "time": "2025-12-26T22:00:00", "date": "2025-12-26", "hour": 22}}, {"type": "Feature", "geometry": {"type": "Point", "coordinates": [5.75, 54.75]}, "properties": {"value": 9.416, "time": "2025-12-26T22:00:00", "date": "2025-12-26", "hour": 22}}, {"type": "Feature", "geometry": {"type": "Point", "coordinates": [6.0, 54.75]}, "properties": {"value": 9.446, "time": "2025-12-26T22:00:00", "date": "2025-12-26", "hour": 22}}, {"type": "Feature", "geometry": {"type": "Point", "coordinates": [6.25, 54.75]}, "properties": {"value": 9.402, "time": "2025-12-26T22:00:00", "date": "2025-12-26", "hour": 22}}, {"type": "Feature", "geometry": {"type": "Point", "coordinates": [6.5, 54.75]}, "properties": {"value": 9.305, "time": "2025-12-26T22:00:00", "date": "2025-12-26", "hour": 22}}, {"type": "Feature", "geometry": {"type": "Point", "coordinates": [6.75, 54.75]}, "properties": {"value": 9.036, "time": "2025-12-26T22:00:00", "date": "2025-12-26", "hour": 22}}, {"type": "Feature", "geometry": {"type": "Point", "coordinates": [7.0, 54.75]}, "properties": {"value": 8.728, "time": "2025-12-26T22:00:00", "date": "2025-12-26", "hour": 22}}, {"type": "Feature", "geometry": {"type": "Point", "coordinates": [7.25, 54.75]}, "properties": {"value": 8.216, "time": "2025-12-26T22:00:00", "date": "2025-12-26", "hour": 22}}, {"type": "Feature", "geometry": {"type": "Point", "coordinates": [7.5, 54.75]}, "properties": {"value": 7.605, "time": "2025-12-26T22:00:00", "date": "2025-12-26", "hour": 22}}, {"type": "Feature", "geometry": {"type": "Point", "coordinates": [7.75, 54.75]}, "properties": {"value": 7.026, "time": "2025-12-26T22:00:00", "date": "2025-12-26", "hour": 22}}, {"type": "Feature", "geometry": {"type": "Point", "coordinates": [8.0, 54.75]}, "properties": {"value": 6.244, "time": "2025-12-26T22:00:00", "date": "2025-12-26", "hour": 22}}, {"type": "Feature", "geometry": {"type": "Point", "coordinates": [8.25, 54.75]}, "properties": {"value": 4.975, "time": "2025-12-26T22:00:00", "date": "2025-12-26", "hour": 22}}, {"type": "Feature", "geometry": {"type": "Point", "coordinates": [8.5, 54.75]}, "properties": {"value": 3.971, "time": "2025-12-26T22:00:00", "date": "2025-12-26", "hour": 22}}, {"type": "Feature", "geometry": {"type": "Point", "coordinates": [10.25, 54.75]}, "properties": {"value": 5.926, "time": "2025-12-26T22:00:00", "date": "2025-12-26", "hour": 22}}, {"type": "Feature", "geometry": {"type": "Point", "coordinates": [10.5, 54.75]}, "properties": {"value": 5.618, "time": "2025-12-26T22:00:00", "date": "2025-12-26", "hour": 22}}, {"type": "Feature", "geometry": {"type": "Point", "coordinates": [10.75, 54.75]}, "properties": {"value": 5.362, "time": "2025-12-26T22:00:00", "date": "2025-12-26", "hour": 22}}, {"type": "Feature", "geometry": {"type": "Point", "coordinates": [11.0, 54.75]}, "properties": {"value": 5.149, "time": "2025-12-26T22:00:00", "date": "2025-12-26", "hour": 22}}, {"type": "Feature", "geometry": {"type": "Point", "coordinates": [11.25, 54.75]}, "properties": {"value": 4.972, "time": "2025-12-26T22:00:00", "date": "2025-12-26", "hour": 22}}, {"type": "Feature", "geometry": {"type": "Point", "coordinates": [11.5, 54.75]}, "properties": {"value": 4.888, "time": "2025-12-26T22:00:00", "date": "2025-12-26", "hour": 22}}, {"type": "Feature", "geometry": {"type": "Point", "coordinates": [12.0, 54.75]}, "properties": {"value": 5.656, "time": "2025-12-26T22:00:00", "date": "2025-12-26", "hour": 22}}, {"type": "Feature", "geometry": {"type": "Point", "coordinates": [12.25, 54.75]}, "properties": {"value": 6.094, "time": "2025-12-26T22:00:00", "date": "2025-12-26", "hour": 22}}, {"type": "Feature", "geometry": {"type": "Point", "coordinates": [12.5, 54.75]}, "properties": {"value": 6.451, "time": "2025-12-26T22:00:00", "date": "2025-12-26", "hour": 22}}, {"type": "Feature", "geometry": {"type": "Point", "coordinates": [12.75, 54.75]}, "properties": {"value": 6.484, "time": "2025-12-26T22:00:00", "date": "2025-12-26", "hour": 22}}, {"type": "Feature", "geometry": {"type": "Point", "coordinates": [13.0, 54.75]}, "properties": {"value": 6.248, "time": "2025-12-26T22:00:00", "date": "2025-12-26", "hour": 22}}, {"type": "Feature", "geometry": {"type": "Point", "coordinates": [13.25, 54.75]}, "properties": {"value": 6.358, "time": "2025-12-26T22:00:00", "date": "2025-12-26", "hour": 22}}, {"type": "Feature", "geometry": {"type": "Point", "coordinates": [13.5, 54.75]}, "properties": {"value": 6.165, "time": "2025-12-26T22:00:00", "date": "2025-12-26", "hour": 22}}, {"type": "Feature", "geometry": {"type": "Point", "coordinates": [13.75, 54.75]}, "properties": {"value": 6.308, "time": "2025-12-26T22:00:00", "date": "2025-12-26", "hour": 22}}, {"type": "Feature", "geometry": {"type": "Point", "coordinates": [14.0, 54.75]}, "properties": {"value": 6.562, "time": "2025-12-26T22:00:00", "date": "2025-12-26", "hour": 22}}, {"type": "Feature", "geometry": {"type": "Point", "coordinates": [14.25, 54.75]}, "properties": {"value": 6.602, "time": "2025-12-26T22:00:00", "date": "2025-12-26", "hour": 22}}, {"type": "Feature", "geometry": {"type": "Point", "coordinates": [14.5, 54.75]}, "properties": {"value": 7.152, "time": "2025-12-26T22:00:00", "date": "2025-12-26", "hour": 22}}, {"type": "Feature", "geometry": {"type": "Point", "coordinates": [14.75, 54.75]}, "properties": {"value": 7.197, "time": "2025-12-26T22:00:00", "date": "2025-12-26", "hour": 22}}, {"type": "Feature", "geometry": {"type": "Point", "coordinates": [15.0, 54.75]}, "properties": {"value": 7.225, "time": "2025-12-26T22:00:00", "date": "2025-12-26", "hour": 22}}, {"type": "Feature", "geometry": {"type": "Point", "coordinates": [5.0, 55.0]}, "properties": {"value": 9.349, "time": "2025-12-26T22:00:00", "date": "2025-12-26", "hour": 22}}, {"type": "Feature", "geometry": {"type": "Point", "coordinates": [5.25, 55.0]}, "properties": {"value": 9.379, "time": "2025-12-26T22:00:00", "date": "2025-12-26", "hour": 22}}, {"type": "Feature", "geometry": {"type": "Point", "coordinates": [5.5, 55.0]}, "properties": {"value": 9.385, "time": "2025-12-26T22:00:00", "date": "2025-12-26", "hour": 22}}, {"type": "Feature", "geometry": {"type": "Point", "coordinates": [5.75, 55.0]}, "properties": {"value": 9.39, "time": "2025-12-26T22:00:00", "date": "2025-12-26", "hour": 22}}, {"type": "Feature", "geometry": {"type": "Point", "coordinates": [6.0, 55.0]}, "properties": {"value": 9.397, "time": "2025-12-26T22:00:00", "date": "2025-12-26", "hour": 22}}, {"type": "Feature", "geometry": {"type": "Point", "coordinates": [6.25, 55.0]}, "properties": {"value": 9.368, "time": "2025-12-26T22:00:00", "date": "2025-12-26", "hour": 22}}, {"type": "Feature", "geometry": {"type": "Point", "coordinates": [6.5, 55.0]}, "properties": {"value": 9.252, "time": "2025-12-26T22:00:00", "date": "2025-12-26", "hour": 22}}, {"type": "Feature", "geometry": {"type": "Point", "coordinates": [6.75, 55.0]}, "properties": {"value": 8.983, "time": "2025-12-26T22:00:00", "date": "2025-12-26", "hour": 22}}, {"type": "Feature", "geometry": {"type": "Point", "coordinates": [7.0, 55.0]}, "properties": {"value": 8.602, "time": "2025-12-26T22:00:00", "date": "2025-12-26", "hour": 22}}, {"type": "Feature", "geometry": {"type": "Point", "coordinates": [7.25, 55.0]}, "properties": {"value": 8.129, "time": "2025-12-26T22:00:00", "date": "2025-12-26", "hour": 22}}, {"type": "Feature", "geometry": {"type": "Point", "coordinates": [7.5, 55.0]}, "properties": {"value": 7.473, "time": "2025-12-26T22:00:00", "date": "2025-12-26", "hour": 22}}, {"type": "Feature", "geometry": {"type": "Point", "coordinates": [7.75, 55.0]}, "properties": {"value": 6.987, "time": "2025-12-26T22:00:00", "date": "2025-12-26", "hour": 22}}, {"type": "Feature", "geometry": {"type": "Point", "coordinates": [8.0, 55.0]}, "properties": {"value": 6.407, "time": "2025-12-26T22:00:00", "date": "2025-12-26", "hour": 22}}, {"type": "Feature", "geometry": {"type": "Point", "coordinates": [8.25, 55.0]}, "properties": {"value": 5.097, "time": "2025-12-26T22:00:00", "date": "2025-12-26", "hour": 22}}, {"type": "Feature", "geometry": {"type": "Point", "coordinates": [8.5, 55.0]}, "properties": {"value": 4.104, "time": "2025-12-26T22:00:00", "date": "2025-12-26", "hour": 22}}, {"type": "Feature", "geometry": {"type": "Point", "coordinates": [10.25, 55.0]}, "properties": {"value": 5.941, "time": "2025-12-26T22:00:00", "date": "2025-12-26", "hour": 22}}, {"type": "Feature", "geometry": {"type": "Point", "coordinates": [10.5, 55.0]}, "properties": {"value": 5.514, "time": "2025-12-26T22:00:00", "date": "2025-12-26", "hour": 22}}, {"type": "Feature", "geometry": {"type": "Point", "coordinates": [10.75, 55.0]}, "properties": {"value": 5.094, "time": "2025-12-26T22:00:00", "date": "2025-12-26", "hour": 22}}, {"type": "Feature", "geometry": {"type": "Point", "coordinates": [11.0, 55.0]}, "properties": {"value": 5.088, "time": "2025-12-26T22:00:00", "date": "2025-12-26", "hour": 22}}, {"type": "Feature", "geometry": {"type": "Point", "coordinates": [11.25, 55.0]}, "properties": {"value": 4.934, "time": "2025-12-26T22:00:00", "date": "2025-12-26", "hour": 22}}, {"type": "Feature", "geometry": {"type": "Point", "coordinates": [11.5, 55.0]}, "properties": {"value": 4.852, "time": "2025-12-26T22:00:00", "date": "2025-12-26", "hour": 22}}, {"type": "Feature", "geometry": {"type": "Point", "coordinates": [11.75, 55.0]}, "properties": {"value": 4.65, "time": "2025-12-26T22:00:00", "date": "2025-12-26", "hour": 22}}, {"type": "Feature", "geometry": {"type": "Point", "coordinates": [12.0, 55.0]}, "properties": {"value": 5.018, "time": "2025-12-26T22:00:00", "date": "2025-12-26", "hour": 22}}, {"type": "Feature", "geometry": {"type": "Point", "coordinates": [12.25, 55.0]}, "properties": {"value": 5.59, "time": "2025-12-26T22:00:00", "date": "2025-12-26", "hour": 22}}, {"type": "Feature", "geometry": {"type": "Point", "coordinates": [12.5, 55.0]}, "properties": {"value": 6.379, "time": "2025-12-26T22:00:00", "date": "2025-12-26", "hour": 22}}, {"type": "Feature", "geometry": {"type": "Point", "coordinates": [12.75, 55.0]}, "properties": {"value": 6.601, "time": "2025-12-26T22:00:00", "date": "2025-12-26", "hour": 22}}, {"type": "Feature", "geometry": {"type": "Point", "coordinates": [13.0, 55.0]}, "properties": {"value": 6.74, "time": "2025-12-26T22:00:00", "date": "2025-12-26", "hour": 22}}, {"type": "Feature", "geometry": {"type": "Point", "coordinates": [13.25, 55.0]}, "properties": {"value": 6.848, "time": "2025-12-26T22:00:00", "date": "2025-12-26", "hour": 22}}, {"type": "Feature", "geometry": {"type": "Point", "coordinates": [13.5, 55.0]}, "properties": {"value": 6.925, "time": "2025-12-26T22:00:00", "date": "2025-12-26", "hour": 22}}, {"type": "Feature", "geometry": {"type": "Point", "coordinates": [13.75, 55.0]}, "properties": {"value": 6.987, "time": "2025-12-26T22:00:00", "date": "2025-12-26", "hour": 22}}, {"type": "Feature", "geometry": {"type": "Point", "coordinates": [14.0, 55.0]}, "properties": {"value": 7.033, "time": "2025-12-26T22:00:00", "date": "2025-12-26", "hour": 22}}, {"type": "Feature", "geometry": {"type": "Point", "coordinates": [14.25, 55.0]}, "properties": {"value": 6.974, "time": "2025-12-26T22:00:00", "date": "2025-12-26", "hour": 22}}, {"type": "Feature", "geometry": {"type": "Point", "coordinates": [14.5, 55.0]}, "properties": {"value": 6.893, "time": "2025-12-26T22:00:00", "date": "2025-12-26", "hour": 22}}, {"type": "Feature", "geometry": {"type": "Point", "coordinates": [14.75, 55.0]}, "properties": {"value": 6.942, "time": "2025-12-26T22:00:00", "date": "2025-12-26", "hour": 22}}, {"type": "Feature", "geometry": {"type": "Point", "coordinates": [15.0, 55.0]}, "properties": {"value": 7.005, "time": "2025-12-26T22:00:00", "date": "2025-12-26", "hour": 22}}, {"type": "Feature", "geometry": {"type": "Point", "coordinates": [5.25, 52.75]}, "properties": {"value": 2.962, "time": "2025-12-26T23:00:00", "date": "2025-12-26", "hour": 23}}, {"type": "Feature", "geometry": {"type": "Point", "coordinates": [5.5, 52.75]}, "properties": {"value": 2.972, "time": "2025-12-26T23:00:00", "date": "2025-12-26", "hour": 23}}, {"type": "Feature", "geometry": {"type": "Point", "coordinates": [5.0, 53.0]}, "properties": {"value": 4.366, "time": "2025-12-26T23:00:00", "date": "2025-12-26", "hour": 23}}, {"type": "Feature", "geometry": {"type": "Point", "coordinates": [5.25, 53.0]}, "properties": {"value": 3.428, "time": "2025-12-26T23:00:00", "date": "2025-12-26", "hour": 23}}, {"type": "Feature", "geometry": {"type": "Point", "coordinates": [5.5, 53.0]}, "properties": {"value": 2.806, "time": "2025-12-26T23:00:00", "date": "2025-12-26", "hour": 23}}, {"type": "Feature", "geometry": {"type": "Point", "coordinates": [5.0, 53.25]}, "properties": {"value": 4.904, "time": "2025-12-26T23:00:00", "date": "2025-12-26", "hour": 23}}, {"type": "Feature", "geometry": {"type": "Point", "coordinates": [5.25, 53.25]}, "properties": {"value": 3.785, "time": "2025-12-26T23:00:00", "date": "2025-12-26", "hour": 23}}, {"type": "Feature", "geometry": {"type": "Point", "coordinates": [5.5, 53.25]}, "properties": {"value": 3.112, "time": "2025-12-26T23:00:00", "date": "2025-12-26", "hour": 23}}, {"type": "Feature", "geometry": {"type": "Point", "coordinates": [5.0, 53.5]}, "properties": {"value": 7.141, "time": "2025-12-26T23:00:00", "date": "2025-12-26", "hour": 23}}, {"type": "Feature", "geometry": {"type": "Point", "coordinates": [5.25, 53.5]}, "properties": {"value": 6.458, "time": "2025-12-26T23:00:00", "date": "2025-12-26", "hour": 23}}, {"type": "Feature", "geometry": {"type": "Point", "coordinates": [5.5, 53.5]}, "properties": {"value": 6.308, "time": "2025-12-26T23:00:00", "date": "2025-12-26", "hour": 23}}, {"type": "Feature", "geometry": {"type": "Point", "coordinates": [5.75, 53.5]}, "properties": {"value": 5.928, "time": "2025-12-26T23:00:00", "date": "2025-12-26", "hour": 23}}, {"type": "Feature", "geometry": {"type": "Point", "coordinates": [6.0, 53.5]}, "properties": {"value": 5.39, "time": "2025-12-26T23:00:00", "date": "2025-12-26", "hour": 23}}, {"type": "Feature", "geometry": {"type": "Point", "coordinates": [6.25, 53.5]}, "properties": {"value": 4.768, "time": "2025-12-26T23:00:00", "date": "2025-12-26", "hour": 23}}, {"type": "Feature", "geometry": {"type": "Point", "coordinates": [6.5, 53.5]}, "properties": {"value": 4.543, "time": "2025-12-26T23:00:00", "date": "2025-12-26", "hour": 23}}, {"type": "Feature", "geometry": {"type": "Point", "coordinates": [6.75, 53.5]}, "properties": {"value": 4.145, "time": "2025-12-26T23:00:00", "date": "2025-12-26", "hour": 23}}, {"type": "Feature", "geometry": {"type": "Point", "coordinates": [5.0, 53.75]}, "properties": {"value": 8.267, "time": "2025-12-26T23:00:00", "date": "2025-12-26", "hour": 23}}, {"type": "Feature", "geometry": {"type": "Point", "coordinates": [5.25, 53.75]}, "properties": {"value": 7.856, "time": "2025-12-26T23:00:00", "date": "2025-12-26", "hour": 23}}, {"type": "Feature", "geometry": {"type": "Point", "coordinates": [5.5, 53.75]}, "properties": {"value": 7.618, "time": "2025-12-26T23:00:00", "date": "2025-12-26", "hour": 23}}, {"type": "Feature", "geometry": {"type": "Point", "coordinates": [5.75, 53.75]}, "properties": {"value": 7.514, "time": "2025-12-26T23:00:00", "date": "2025-12-26", "hour": 23}}, {"type": "Feature", "geometry": {"type": "Point", "coordinates": [6.0, 53.75]}, "properties": {"value": 7.105, "time": "2025-12-26T23:00:00", "date": "2025-12-26", "hour": 23}}, {"type": "Feature", "geometry": {"type": "Point", "coordinates": [6.25, 53.75]}, "properties": {"value": 6.89, "time": "2025-12-26T23:00:00", "date": "2025-12-26", "hour": 23}}, {"type": "Feature", "geometry": {"type": "Point", "coordinates": [6.5, 53.75]}, "properties": {"value": 6.44, "time": "2025-12-26T23:00:00", "date": "2025-12-26", "hour": 23}}, {"type": "Feature", "geometry": {"type": "Point", "coordinates": [6.75, 53.75]}, "properties": {"value": 6.004, "time": "2025-12-26T23:00:00", "date": "2025-12-26", "hour": 23}}, {"type": "Feature", "geometry": {"type": "Point", "coordinates": [7.0, 53.75]}, "properties": {"value": 6.486, "time": "2025-12-26T23:00:00", "date": "2025-12-26", "hour": 23}}, {"type": "Feature", "geometry": {"type": "Point", "coordinates": [7.25, 53.75]}, "properties": {"value": 6.365, "time": "2025-12-26T23:00:00", "date": "2025-12-26", "hour": 23}}, {"type": "Feature", "geometry": {"type": "Point", "coordinates": [7.5, 53.75]}, "properties": {"value": 6.504, "time": "2025-12-26T23:00:00", "date": "2025-12-26", "hour": 23}}, {"type": "Feature", "geometry": {"type": "Point", "coordinates": [7.75, 53.75]}, "properties": {"value": 6.527, "time": "2025-12-26T23:00:00", "date": "2025-12-26", "hour": 23}}, {"type": "Feature", "geometry": {"type": "Point", "coordinates": [8.0, 53.75]}, "properties": {"value": 5.505, "time": "2025-12-26T23:00:00", "date": "2025-12-26", "hour": 23}}, {"type": "Feature", "geometry": {"type": "Point", "coordinates": [8.25, 53.75]}, "properties": {"value": 4.414, "time": "2025-12-26T23:00:00", "date": "2025-12-26", "hour": 23}}, {"type": "Feature", "geometry": {"type": "Point", "coordinates": [8.5, 53.75]}, "properties": {"value": 3.563, "time": "2025-12-26T23:00:00", "date": "2025-12-26", "hour": 23}}, {"type": "Feature", "geometry": {"type": "Point", "coordinates": [8.75, 53.75]}, "properties": {"value": 3.563, "time": "2025-12-26T23:00:00", "date": "2025-12-26", "hour": 23}}, {"type": "Feature", "geometry": {"type": "Point", "coordinates": [14.25, 53.75]}, "properties": {"value": 2.093, "time": "2025-12-26T23:00:00", "date": "2025-12-26", "hour": 23}}, {"type": "Feature", "geometry": {"type": "Point", "coordinates": [14.5, 53.75]}, "properties": {"value": 2.093, "time": "2025-12-26T23:00:00", "date": "2025-12-26", "hour": 23}}, {"type": "Feature", "geometry": {"type": "Point", "coordinates": [5.0, 54.0]}, "properties": {"value": 8.826, "time": "2025-12-26T23:00:00", "date": "2025-12-26", "hour": 23}}, {"type": "Feature", "geometry": {"type": "Point", "coordinates": [5.25, 54.0]}, "properties": {"value": 8.596, "time": "2025-12-26T23:00:00", "date": "2025-12-26", "hour": 23}}, {"type": "Feature", "geometry": {"type": "Point", "coordinates": [5.5, 54.0]}, "properties": {"value": 8.361, "time": "2025-12-26T23:00:00", "date": "2025-12-26", "hour": 23}}, {"type": "Feature", "geometry": {"type": "Point", "coordinates": [5.75, 54.0]}, "properties": {"value": 8.333, "time": "2025-12-26T23:00:00", "date": "2025-12-26", "hour": 23}}, {"type": "Feature", "geometry": {"type": "Point", "coordinates": [6.0, 54.0]}, "properties": {"value": 8.353, "time": "2025-12-26T23:00:00", "date": "2025-12-26", "hour": 23}}, {"type": "Feature", "geometry": {"type": "Point", "coordinates": [6.25, 54.0]}, "properties": {"value": 8.281, "time": "2025-12-26T23:00:00", "date": "2025-12-26", "hour": 23}}, {"type": "Feature", "geometry": {"type": "Point", "coordinates": [6.5, 54.0]}, "properties": {"value": 7.904, "time": "2025-12-26T23:00:00", "date": "2025-12-26", "hour": 23}}, {"type": "Feature", "geometry": {"type": "Point", "coordinates": [6.75, 54.0]}, "properties": {"value": 7.828, "time": "2025-12-26T23:00:00", "date": "2025-12-26", "hour": 23}}, {"type": "Feature", "geometry": {"type": "Point", "coordinates": [7.0, 54.0]}, "properties": {"value": 7.83, "time": "2025-12-26T23:00:00", "date": "2025-12-26", "hour": 23}}, {"type": "Feature", "geometry": {"type": "Point", "coordinates": [7.25, 54.0]}, "properties": {"value": 7.764, "time": "2025-12-26T23:00:00", "date": "2025-12-26", "hour": 23}}, {"type": "Feature", "geometry": {"type": "Point", "coordinates": [7.5, 54.0]}, "properties": {"value": 7.778, "time": "2025-12-26T23:00:00", "date": "2025-12-26", "hour": 23}}, {"type": "Feature", "geometry": {"type": "Point", "coordinates": [7.75, 54.0]}, "properties": {"value": 7.435, "time": "2025-12-26T23:00:00", "date": "2025-12-26", "hour": 23}}, {"type": "Feature", "geometry": {"type": "Point", "coordinates": [8.0, 54.0]}, "properties": {"value": 6.649, "time": "2025-12-26T23:00:00", "date": "2025-12-26", "hour": 23}}, {"type": "Feature", "geometry": {"type": "Point", "coordinates": [8.25, 54.0]}, "properties": {"value": 5.824, "time": "2025-12-26T23:00:00", "date": "2025-12-26", "hour": 23}}, {"type": "Feature", "geometry": {"type": "Point", "coordinates": [8.5, 54.0]}, "properties": {"value": 4.56, "time": "2025-12-26T23:00:00", "date": "2025-12-26", "hour": 23}}, {"type": "Feature", "geometry": {"type": "Point", "coordinates": [11.25, 54.0]}, "properties": {"value": 5.51, "time": "2025-12-26T23:00:00", "date": "2025-12-26", "hour": 23}}, {"type": "Feature", "geometry": {"type": "Point", "coordinates": [14.0, 54.0]}, "properties": {"value": 3.425, "time": "2025-12-26T23:00:00", "date": "2025-12-26", "hour": 23}}, {"type": "Feature", "geometry": {"type": "Point", "coordinates": [14.25, 54.0]}, "properties": {"value": 4.862, "time": "2025-12-26T23:00:00", "date": "2025-12-26", "hour": 23}}, {"type": "Feature", "geometry": {"type": "Point", "coordinates": [14.5, 54.0]}, "properties": {"value": 4.47, "time": "2025-12-26T23:00:00", "date": "2025-12-26", "hour": 23}}, {"type": "Feature", "geometry": {"type": "Point", "coordinates": [14.75, 54.0]}, "properties": {"value": 4.953, "time": "2025-12-26T23:00:00", "date": "2025-12-26", "hour": 23}}, {"type": "Feature", "geometry": {"type": "Point", "coordinates": [5.0, 54.25]}, "properties": {"value": 9.182, "time": "2025-12-26T23:00:00", "date": "2025-12-26", "hour": 23}}, {"type": "Feature", "geometry": {"type": "Point", "coordinates": [5.25, 54.25]}, "properties": {"value": 8.983, "time": "2025-12-26T23:00:00", "date": "2025-12-26", "hour": 23}}, {"type": "Feature", "geometry": {"type": "Point", "coordinates": [5.5, 54.25]}, "properties": {"value": 8.903, "time": "2025-12-26T23:00:00", "date": "2025-12-26", "hour": 23}}, {"type": "Feature", "geometry": {"type": "Point", "coordinates": [5.75, 54.25]}, "properties": {"value": 8.889, "time": "2025-12-26T23:00:00", "date": "2025-12-26", "hour": 23}}, {"type": "Feature", "geometry": {"type": "Point", "coordinates": [6.0, 54.25]}, "properties": {"value": 8.86, "time": "2025-12-26T23:00:00", "date": "2025-12-26", "hour": 23}}, {"type": "Feature", "geometry": {"type": "Point", "coordinates": [6.25, 54.25]}, "properties": {"value": 8.897, "time": "2025-12-26T23:00:00", "date": "2025-12-26", "hour": 23}}, {"type": "Feature", "geometry": {"type": "Point", "coordinates": [6.5, 54.25]}, "properties": {"value": 8.907, "time": "2025-12-26T23:00:00", "date": "2025-12-26", "hour": 23}}, {"type": "Feature", "geometry": {"type": "Point", "coordinates": [6.75, 54.25]}, "properties": {"value": 8.797, "time": "2025-12-26T23:00:00", "date": "2025-12-26", "hour": 23}}, {"type": "Feature", "geometry": {"type": "Point", "coordinates": [7.0, 54.25]}, "properties": {"value": 8.702, "time": "2025-12-26T23:00:00", "date": "2025-12-26", "hour": 23}}, {"type": "Feature", "geometry": {"type": "Point", "coordinates": [7.25, 54.25]}, "properties": {"value": 8.532, "time": "2025-12-26T23:00:00", "date": "2025-12-26", "hour": 23}}, {"type": "Feature", "geometry": {"type": "Point", "coordinates": [7.5, 54.25]}, "properties": {"value": 8.367, "time": "2025-12-26T23:00:00", "date": "2025-12-26", "hour": 23}}, {"type": "Feature", "geometry": {"type": "Point", "coordinates": [7.75, 54.25]}, "properties": {"value": 7.901, "time": "2025-12-26T23:00:00", "date": "2025-12-26", "hour": 23}}, {"type": "Feature", "geometry": {"type": "Point", "coordinates": [8.0, 54.25]}, "properties": {"value": 7.167, "time": "2025-12-26T23:00:00", "date": "2025-12-26", "hour": 23}}, {"type": "Feature", "geometry": {"type": "Point", "coordinates": [8.25, 54.25]}, "properties": {"value": 6.078, "time": "2025-12-26T23:00:00", "date": "2025-12-26", "hour": 23}}, {"type": "Feature", "geometry": {"type": "Point", "coordinates": [8.5, 54.25]}, "properties": {"value": 4.873, "time": "2025-12-26T23:00:00", "date": "2025-12-26", "hour": 23}}, {"type": "Feature", "geometry": {"type": "Point", "coordinates": [10.75, 54.25]}, "properties": {"value": 5.303, "time": "2025-12-26T23:00:00", "date": "2025-12-26", "hour": 23}}, {"type": "Feature", "geometry": {"type": "Point", "coordinates": [11.25, 54.25]}, "properties": {"value": 5.593, "time": "2025-12-26T23:00:00", "date": "2025-12-26", "hour": 23}}, {"type": "Feature", "geometry": {"type": "Point", "coordinates": [11.75, 54.25]}, "properties": {"value": 6.083, "time": "2025-12-26T23:00:00", "date": "2025-12-26", "hour": 23}}, {"type": "Feature", "geometry": {"type": "Point", "coordinates": [12.25, 54.25]}, "properties": {"value": 5.943, "time": "2025-12-26T23:00:00", "date": "2025-12-26", "hour": 23}}, {"type": "Feature", "geometry": {"type": "Point", "coordinates": [13.75, 54.25]}, "properties": {"value": 3.565, "time": "2025-12-26T23:00:00", "date": "2025-12-26", "hour": 23}}, {"type": "Feature", "geometry": {"type": "Point", "coordinates": [14.0, 54.25]}, "properties": {"value": 4.099, "time": "2025-12-26T23:00:00", "date": "2025-12-26", "hour": 23}}, {"type": "Feature", "geometry": {"type": "Point", "coordinates": [14.25, 54.25]}, "properties": {"value": 5.053, "time": "2025-12-26T23:00:00", "date": "2025-12-26", "hour": 23}}, {"type": "Feature", "geometry": {"type": "Point", "coordinates": [14.5, 54.25]}, "properties": {"value": 5.661, "time": "2025-12-26T23:00:00", "date": "2025-12-26", "hour": 23}}, {"type": "Feature", "geometry": {"type": "Point", "coordinates": [14.75, 54.25]}, "properties": {"value": 5.761, "time": "2025-12-26T23:00:00", "date": "2025-12-26", "hour": 23}}, {"type": "Feature", "geometry": {"type": "Point", "coordinates": [15.0, 54.25]}, "properties": {"value": 6.185, "time": "2025-12-26T23:00:00", "date": "2025-12-26", "hour": 23}}, {"type": "Feature", "geometry": {"type": "Point", "coordinates": [5.0, 54.5]}, "properties": {"value": 9.375, "time": "2025-12-26T23:00:00", "date": "2025-12-26", "hour": 23}}, {"type": "Feature", "geometry": {"type": "Point", "coordinates": [5.25, 54.5]}, "properties": {"value": 9.337, "time": "2025-12-26T23:00:00", "date": "2025-12-26", "hour": 23}}, {"type": "Feature", "geometry": {"type": "Point", "coordinates": [5.5, 54.5]}, "properties": {"value": 9.299, "time": "2025-12-26T23:00:00", "date": "2025-12-26", "hour": 23}}, {"type": "Feature", "geometry": {"type": "Point", "coordinates": [5.75, 54.5]}, "properties": {"value": 9.248, "time": "2025-12-26T23:00:00", "date": "2025-12-26", "hour": 23}}, {"type": "Feature", "geometry": {"type": "Point", "coordinates": [6.0, 54.5]}, "properties": {"value": 9.242, "time": "2025-12-26T23:00:00", "date": "2025-12-26", "hour": 23}}, {"type": "Feature", "geometry": {"type": "Point", "coordinates": [6.25, 54.5]}, "properties": {"value": 9.199, "time": "2025-12-26T23:00:00", "date": "2025-12-26", "hour": 23}}, {"type": "Feature", "geometry": {"type": "Point", "coordinates": [6.5, 54.5]}, "properties": {"value": 9.214, "time": "2025-12-26T23:00:00", "date": "2025-12-26", "hour": 23}}, {"type": "Feature", "geometry": {"type": "Point", "coordinates": [6.75, 54.5]}, "properties": {"value": 9.106, "time": "2025-12-26T23:00:00", "date": "2025-12-26", "hour": 23}}, {"type": "Feature", "geometry": {"type": "Point", "coordinates": [7.0, 54.5]}, "properties": {"value": 8.844, "time": "2025-12-26T23:00:00", "date": "2025-12-26", "hour": 23}}, {"type": "Feature", "geometry": {"type": "Point", "coordinates": [7.25, 54.5]}, "properties": {"value": 8.348, "time": "2025-12-26T23:00:00", "date": "2025-12-26", "hour": 23}}, {"type": "Feature", "geometry": {"type": "Point", "coordinates": [7.5, 54.5]}, "properties": {"value": 8.045, "time": "2025-12-26T23:00:00", "date": "2025-12-26", "hour": 23}}, {"type": "Feature", "geometry": {"type": "Point", "coordinates": [7.75, 54.5]}, "properties": {"value": 7.423, "time": "2025-12-26T23:00:00", "date": "2025-12-26", "hour": 23}}, {"type": "Feature", "geometry": {"type": "Point", "coordinates": [8.0, 54.5]}, "properties": {"value": 6.644, "time": "2025-12-26T23:00:00", "date": "2025-12-26", "hour": 23}}, {"type": "Feature", "geometry": {"type": "Point", "coordinates": [8.25, 54.5]}, "properties": {"value": 5.416, "time": "2025-12-26T23:00:00", "date": "2025-12-26", "hour": 23}}, {"type": "Feature", "geometry": {"type": "Point", "coordinates": [8.5, 54.5]}, "properties": {"value": 4.504, "time": "2025-12-26T23:00:00", "date": "2025-12-26", "hour": 23}}, {"type": "Feature", "geometry": {"type": "Point", "coordinates": [10.5, 54.5]}, "properties": {"value": 5.623, "time": "2025-12-26T23:00:00", "date": "2025-12-26", "hour": 23}}, {"type": "Feature", "geometry": {"type": "Point", "coordinates": [10.75, 54.5]}, "properties": {"value": 5.394, "time": "2025-12-26T23:00:00", "date": "2025-12-26", "hour": 23}}, {"type": "Feature", "geometry": {"type": "Point", "coordinates": [11.0, 54.5]}, "properties": {"value": 5.209, "time": "2025-12-26T23:00:00", "date": "2025-12-26", "hour": 23}}, {"type": "Feature", "geometry": {"type": "Point", "coordinates": [11.25, 54.5]}, "properties": {"value": 5.401, "time": "2025-12-26T23:00:00", "date": "2025-12-26", "hour": 23}}, {"type": "Feature", "geometry": {"type": "Point", "coordinates": [11.5, 54.5]}, "properties": {"value": 5.624, "time": "2025-12-26T23:00:00", "date": "2025-12-26", "hour": 23}}, {"type": "Feature", "geometry": {"type": "Point", "coordinates": [11.75, 54.5]}, "properties": {"value": 6.095, "time": "2025-12-26T23:00:00", "date": "2025-12-26", "hour": 23}}, {"type": "Feature", "geometry": {"type": "Point", "coordinates": [12.0, 54.5]}, "properties": {"value": 6.105, "time": "2025-12-26T23:00:00", "date": "2025-12-26", "hour": 23}}, {"type": "Feature", "geometry": {"type": "Point", "coordinates": [12.25, 54.5]}, "properties": {"value": 6.066, "time": "2025-12-26T23:00:00", "date": "2025-12-26", "hour": 23}}, {"type": "Feature", "geometry": {"type": "Point", "coordinates": [13.0, 54.5]}, "properties": {"value": 6.08, "time": "2025-12-26T23:00:00", "date": "2025-12-26", "hour": 23}}, {"type": "Feature", "geometry": {"type": "Point", "coordinates": [13.25, 54.5]}, "properties": {"value": 5.26, "time": "2025-12-26T23:00:00", "date": "2025-12-26", "hour": 23}}, {"type": "Feature", "geometry": {"type": "Point", "coordinates": [13.5, 54.5]}, "properties": {"value": 4.762, "time": "2025-12-26T23:00:00", "date": "2025-12-26", "hour": 23}}, {"type": "Feature", "geometry": {"type": "Point", "coordinates": [13.75, 54.5]}, "properties": {"value": 4.905, "time": "2025-12-26T23:00:00", "date": "2025-12-26", "hour": 23}}, {"type": "Feature", "geometry": {"type": "Point", "coordinates": [14.0, 54.5]}, "properties": {"value": 5.43, "time": "2025-12-26T23:00:00", "date": "2025-12-26", "hour": 23}}, {"type": "Feature", "geometry": {"type": "Point", "coordinates": [14.25, 54.5]}, "properties": {"value": 6.082, "time": "2025-12-26T23:00:00", "date": "2025-12-26", "hour": 23}}, {"type": "Feature", "geometry": {"type": "Point", "coordinates": [14.5, 54.5]}, "properties": {"value": 6.679, "time": "2025-12-26T23:00:00", "date": "2025-12-26", "hour": 23}}, {"type": "Feature", "geometry": {"type": "Point", "coordinates": [14.75, 54.5]}, "properties": {"value": 6.75, "time": "2025-12-26T23:00:00", "date": "2025-12-26", "hour": 23}}, {"type": "Feature", "geometry": {"type": "Point", "coordinates": [15.0, 54.5]}, "properties": {"value": 7.074, "time": "2025-12-26T23:00:00", "date": "2025-12-26", "hour": 23}}, {"type": "Feature", "geometry": {"type": "Point", "coordinates": [5.0, 54.75]}, "properties": {"value": 9.447, "time": "2025-12-26T23:00:00", "date": "2025-12-26", "hour": 23}}, {"type": "Feature", "geometry": {"type": "Point", "coordinates": [5.25, 54.75]}, "properties": {"value": 9.41, "time": "2025-12-26T23:00:00", "date": "2025-12-26", "hour": 23}}, {"type": "Feature", "geometry": {"type": "Point", "coordinates": [5.5, 54.75]}, "properties": {"value": 9.412, "time": "2025-12-26T23:00:00", "date": "2025-12-26", "hour": 23}}, {"type": "Feature", "geometry": {"type": "Point", "coordinates": [5.75, 54.75]}, "properties": {"value": 9.416, "time": "2025-12-26T23:00:00", "date": "2025-12-26", "hour": 23}}, {"type": "Feature", "geometry": {"type": "Point", "coordinates": [6.0, 54.75]}, "properties": {"value": 9.446, "time": "2025-12-26T23:00:00", "date": "2025-12-26", "hour": 23}}, {"type": "Feature", "geometry": {"type": "Point", "coordinates": [6.25, 54.75]}, "properties": {"value": 9.402, "time": "2025-12-26T23:00:00", "date": "2025-12-26", "hour": 23}}, {"type": "Feature", "geometry": {"type": "Point", "coordinates": [6.5, 54.75]}, "properties": {"value": 9.305, "time": "2025-12-26T23:00:00", "date": "2025-12-26", "hour": 23}}, {"type": "Feature", "geometry": {"type": "Point", "coordinates": [6.75, 54.75]}, "properties": {"value": 9.036, "time": "2025-12-26T23:00:00", "date": "2025-12-26", "hour": 23}}, {"type": "Feature", "geometry": {"type": "Point", "coordinates": [7.0, 54.75]}, "properties": {"value": 8.728, "time": "2025-12-26T23:00:00", "date": "2025-12-26", "hour": 23}}, {"type": "Feature", "geometry": {"type": "Point", "coordinates": [7.25, 54.75]}, "properties": {"value": 8.216, "time": "2025-12-26T23:00:00", "date": "2025-12-26", "hour": 23}}, {"type": "Feature", "geometry": {"type": "Point", "coordinates": [7.5, 54.75]}, "properties": {"value": 7.605, "time": "2025-12-26T23:00:00", "date": "2025-12-26", "hour": 23}}, {"type": "Feature", "geometry": {"type": "Point", "coordinates": [7.75, 54.75]}, "properties": {"value": 7.026, "time": "2025-12-26T23:00:00", "date": "2025-12-26", "hour": 23}}, {"type": "Feature", "geometry": {"type": "Point", "coordinates": [8.0, 54.75]}, "properties": {"value": 6.244, "time": "2025-12-26T23:00:00", "date": "2025-12-26", "hour": 23}}, {"type": "Feature", "geometry": {"type": "Point", "coordinates": [8.25, 54.75]}, "properties": {"value": 4.975, "time": "2025-12-26T23:00:00", "date": "2025-12-26", "hour": 23}}, {"type": "Feature", "geometry": {"type": "Point", "coordinates": [8.5, 54.75]}, "properties": {"value": 3.971, "time": "2025-12-26T23:00:00", "date": "2025-12-26", "hour": 23}}, {"type": "Feature", "geometry": {"type": "Point", "coordinates": [10.25, 54.75]}, "properties": {"value": 5.926, "time": "2025-12-26T23:00:00", "date": "2025-12-26", "hour": 23}}, {"type": "Feature", "geometry": {"type": "Point", "coordinates": [10.5, 54.75]}, "properties": {"value": 5.618, "time": "2025-12-26T23:00:00", "date": "2025-12-26", "hour": 23}}, {"type": "Feature", "geometry": {"type": "Point", "coordinates": [10.75, 54.75]}, "properties": {"value": 5.362, "time": "2025-12-26T23:00:00", "date": "2025-12-26", "hour": 23}}, {"type": "Feature", "geometry": {"type": "Point", "coordinates": [11.0, 54.75]}, "properties": {"value": 5.149, "time": "2025-12-26T23:00:00", "date": "2025-12-26", "hour": 23}}, {"type": "Feature", "geometry": {"type": "Point", "coordinates": [11.25, 54.75]}, "properties": {"value": 4.972, "time": "2025-12-26T23:00:00", "date": "2025-12-26", "hour": 23}}, {"type": "Feature", "geometry": {"type": "Point", "coordinates": [11.5, 54.75]}, "properties": {"value": 4.888, "time": "2025-12-26T23:00:00", "date": "2025-12-26", "hour": 23}}, {"type": "Feature", "geometry": {"type": "Point", "coordinates": [12.0, 54.75]}, "properties": {"value": 5.656, "time": "2025-12-26T23:00:00", "date": "2025-12-26", "hour": 23}}, {"type": "Feature", "geometry": {"type": "Point", "coordinates": [12.25, 54.75]}, "properties": {"value": 6.094, "time": "2025-12-26T23:00:00", "date": "2025-12-26", "hour": 23}}, {"type": "Feature", "geometry": {"type": "Point", "coordinates": [12.5, 54.75]}, "properties": {"value": 6.451, "time": "2025-12-26T23:00:00", "date": "2025-12-26", "hour": 23}}, {"type": "Feature", "geometry": {"type": "Point", "coordinates": [12.75, 54.75]}, "properties": {"value": 6.484, "time": "2025-12-26T23:00:00", "date": "2025-12-26", "hour": 23}}, {"type": "Feature", "geometry": {"type": "Point", "coordinates": [13.0, 54.75]}, "properties": {"value": 6.248, "time": "2025-12-26T23:00:00", "date": "2025-12-26", "hour": 23}}, {"type": "Feature", "geometry": {"type": "Point", "coordinates": [13.25, 54.75]}, "properties": {"value": 6.358, "time": "2025-12-26T23:00:00", "date": "2025-12-26", "hour": 23}}, {"type": "Feature", "geometry": {"type": "Point", "coordinates": [13.5, 54.75]}, "properties": {"value": 6.165, "time": "2025-12-26T23:00:00", "date": "2025-12-26", "hour": 23}}, {"type": "Feature", "geometry": {"type": "Point", "coordinates": [13.75, 54.75]}, "properties": {"value": 6.308, "time": "2025-12-26T23:00:00", "date": "2025-12-26", "hour": 23}}, {"type": "Feature", "geometry": {"type": "Point", "coordinates": [14.0, 54.75]}, "properties": {"value": 6.562, "time": "2025-12-26T23:00:00", "date": "2025-12-26", "hour": 23}}, {"type": "Feature", "geometry": {"type": "Point", "coordinates": [14.25, 54.75]}, "properties": {"value": 6.602, "time": "2025-12-26T23:00:00", "date": "2025-12-26", "hour": 23}}, {"type": "Feature", "geometry": {"type": "Point", "coordinates": [14.5, 54.75]}, "properties": {"value": 7.152, "time": "2025-12-26T23:00:00", "date": "2025-12-26", "hour": 23}}, {"type": "Feature", "geometry": {"type": "Point", "coordinates": [14.75, 54.75]}, "properties": {"value": 7.197, "time": "2025-12-26T23:00:00", "date": "2025-12-26", "hour": 23}}, {"type": "Feature", "geometry": {"type": "Point", "coordinates": [15.0, 54.75]}, "properties": {"value": 7.225, "time": "2025-12-26T23:00:00", "date": "2025-12-26", "hour": 23}}, {"type": "Feature", "geometry": {"type": "Point", "coordinates": [5.0, 55.0]}, "properties": {"value": 9.349, "time": "2025-12-26T23:00:00", "date": "2025-12-26", "hour": 23}}, {"type": "Feature", "geometry": {"type": "Point", "coordinates": [5.25, 55.0]}, "properties": {"value": 9.379, "time": "2025-12-26T23:00:00", "date": "2025-12-26", "hour": 23}}, {"type": "Feature", "geometry": {"type": "Point", "coordinates": [5.5, 55.0]}, "properties": {"value": 9.385, "time": "2025-12-26T23:00:00", "date": "2025-12-26", "hour": 23}}, {"type": "Feature", "geometry": {"type": "Point", "coordinates": [5.75, 55.0]}, "properties": {"value": 9.39, "time": "2025-12-26T23:00:00", "date": "2025-12-26", "hour": 23}}, {"type": "Feature", "geometry": {"type": "Point", "coordinates": [6.0, 55.0]}, "properties": {"value": 9.397, "time": "2025-12-26T23:00:00", "date": "2025-12-26", "hour": 23}}, {"type": "Feature", "geometry": {"type": "Point", "coordinates": [6.25, 55.0]}, "properties": {"value": 9.368, "time": "2025-12-26T23:00:00", "date": "2025-12-26", "hour": 23}}, {"type": "Feature", "geometry": {"type": "Point", "coordinates": [6.5, 55.0]}, "properties": {"value": 9.252, "time": "2025-12-26T23:00:00", "date": "2025-12-26", "hour": 23}}, {"type": "Feature", "geometry": {"type": "Point", "coordinates": [6.75, 55.0]}, "properties": {"value": 8.983, "time": "2025-12-26T23:00:00", "date": "2025-12-26", "hour": 23}}, {"type": "Feature", "geometry": {"type": "Point", "coordinates": [7.0, 55.0]}, "properties": {"value": 8.602, "time": "2025-12-26T23:00:00", "date": "2025-12-26", "hour": 23}}, {"type": "Feature", "geometry": {"type": "Point", "coordinates": [7.25, 55.0]}, "properties": {"value": 8.129, "time": "2025-12-26T23:00:00", "date": "2025-12-26", "hour": 23}}, {"type": "Feature", "geometry": {"type": "Point", "coordinates": [7.5, 55.0]}, "properties": {"value": 7.473, "time": "2025-12-26T23:00:00", "date": "2025-12-26", "hour": 23}}, {"type": "Feature", "geometry": {"type": "Point", "coordinates": [7.75, 55.0]}, "properties": {"value": 6.987, "time": "2025-12-26T23:00:00", "date": "2025-12-26", "hour": 23}}, {"type": "Feature", "geometry": {"type": "Point", "coordinates": [8.0, 55.0]}, "properties": {"value": 6.407, "time": "2025-12-26T23:00:00", "date": "2025-12-26", "hour": 23}}, {"type": "Feature", "geometry": {"type": "Point", "coordinates": [8.25, 55.0]}, "properties": {"value": 5.097, "time": "2025-12-26T23:00:00", "date": "2025-12-26", "hour": 23}}, {"type": "Feature", "geometry": {"type": "Point", "coordinates": [8.5, 55.0]}, "properties": {"value": 4.104, "time": "2025-12-26T23:00:00", "date": "2025-12-26", "hour": 23}}, {"type": "Feature", "geometry": {"type": "Point", "coordinates": [10.25, 55.0]}, "properties": {"value": 5.941, "time": "2025-12-26T23:00:00", "date": "2025-12-26", "hour": 23}}, {"type": "Feature", "geometry": {"type": "Point", "coordinates": [10.5, 55.0]}, "properties": {"value": 5.514, "time": "2025-12-26T23:00:00", "date": "2025-12-26", "hour": 23}}, {"type": "Feature", "geometry": {"type": "Point", "coordinates": [10.75, 55.0]}, "properties": {"value": 5.094, "time": "2025-12-26T23:00:00", "date": "2025-12-26", "hour": 23}}, {"type": "Feature", "geometry": {"type": "Point", "coordinates": [11.0, 55.0]}, "properties": {"value": 5.088, "time": "2025-12-26T23:00:00", "date": "2025-12-26", "hour": 23}}, {"type": "Feature", "geometry": {"type": "Point", "coordinates": [11.25, 55.0]}, "properties": {"value": 4.934, "time": "2025-12-26T23:00:00", "date": "2025-12-26", "hour": 23}}, {"type": "Feature", "geometry": {"type": "Point", "coordinates": [11.5, 55.0]}, "properties": {"value": 4.852, "time": "2025-12-26T23:00:00", "date": "2025-12-26", "hour": 23}}, {"type": "Feature", "geometry": {"type": "Point", "coordinates": [11.75, 55.0]}, "properties": {"value": 4.65, "time": "2025-12-26T23:00:00", "date": "2025-12-26", "hour": 23}}, {"type": "Feature", "geometry": {"type": "Point", "coordinates": [12.0, 55.0]}, "properties": {"value": 5.018, "time": "2025-12-26T23:00:00", "date": "2025-12-26", "hour": 23}}, {"type": "Feature", "geometry": {"type": "Point", "coordinates": [12.25, 55.0]}, "properties": {"value": 5.59, "time": "2025-12-26T23:00:00", "date": "2025-12-26", "hour": 23}}, {"type": "Feature", "geometry": {"type": "Point", "coordinates": [12.5, 55.0]}, "properties": {"value": 6.379, "time": "2025-12-26T23:00:00", "date": "2025-12-26", "hour": 23}}, {"type": "Feature", "geometry": {"type": "Point", "coordinates": [12.75, 55.0]}, "properties": {"value": 6.601, "time": "2025-12-26T23:00:00", "date": "2025-12-26", "hour": 23}}, {"type": "Feature", "geometry": {"type": "Point", "coordinates": [13.0, 55.0]}, "properties": {"value": 6.74, "time": "2025-12-26T23:00:00", "date": "2025-12-26", "hour": 23}}, {"type": "Feature", "geometry": {"type": "Point", "coordinates": [13.25, 55.0]}, "properties": {"value": 6.848, "time": "2025-12-26T23:00:00", "date": "2025-12-26", "hour": 23}}, {"type": "Feature", "geometry": {"type": "Point", "coordinates": [13.5, 55.0]}, "properties": {"value": 6.925, "time": "2025-12-26T23:00:00", "date": "2025-12-26", "hour": 23}}, {"type": "Feature", "geometry": {"type": "Point", "coordinates": [13.75, 55.0]}, "properties": {"value": 6.987, "time": "2025-12-26T23:00:00", "date": "2025-12-26", "hour": 23}}, {"type": "Feature", "geometry": {"type": "Point", "coordinates": [14.0, 55.0]}, "properties": {"value": 7.033, "time": "2025-12-26T23:00:00", "date": "2025-12-26", "hour": 23}}, {"type": "Feature", "geometry": {"type": "Point", "coordinates": [14.25, 55.0]}, "properties": {"value": 6.974, "time": "2025-12-26T23:00:00", "date": "2025-12-26", "hour": 23}}, {"type": "Feature", "geometry": {"type": "Point", "coordinates": [14.5, 55.0]}, "properties": {"value": 6.893, "time": "2025-12-26T23:00:00", "date": "2025-12-26", "hour": 23}}, {"type": "Feature", "geometry": {"type": "Point", "coordinates": [14.75, 55.0]}, "properties": {"value": 6.942, "time": "2025-12-26T23:00:00", "date": "2025-12-26", "hour": 23}}, {"type": "Feature", "geometry": {"type": "Point", "coordinates": [15.0, 55.0]}, "properties": {"value": 7.005, "time": "2025-12-26T23:00:00", "date": "2025-12-26", "hour": 23}}]}