{"type": "FeatureCollection", "metadata": {"variable": "swh", "name": "Significant Wave Height", "unit": "m", "date": "2025-12-20", "hours": 24, "timestamps": ["2025-12-20T00:00:00", "2025-12-20T01:00:00", "2025-12-20T02:00:00", "2025-12-20T03:00:00", "2025-12-20T04:00:00", "2025-12-20T05:00:00", "2025-12-20T06:00:00", "2025-12-20T07:00:00", "2025-12-20T08:00:00", "2025-12-20T09:00:00", "2025-12-20T10:00:00", "2025-12-20T11:00:00", "2025-12-20T12:00:00", "2025-12-20T13:00:00", "2025-12-20T14:00:00", "2025-12-20T15:00:00", "2025-12-20T16:00:00", "2025-12-20T17:00:00", "2025-12-20T18:00:00", "2025-12-20T19:00:00", "2025-12-20T20:00:00", "2025-12-20T21:00:00", "2025-12-20T22:00:00", "2025-12-20T23:00:00"], "color_scale": {"vmin": 0, "vmax": 4, "colors": ["#3288bd", "#66c2a5", "#abdda4", "#e6f598", "#fee08b", "#fdae61", "#f46d43", "#d53e4f"]}}, "features": [{"type": "Feature", "geometry": {"type": "Point", "coordinates": [5.0, 53.0]}, "properties": {"value": 0.982, "time": "2025-12-20T00:00:00", "date": "2025-12-20", "hour": 0}}, {"type": "Feature", "geometry": {"type": "Point", "coordinates": [5.0, 53.5]}, "properties": {"value": 1.241, "time": "2025-12-20T00:00:00", "date": "2025-12-20", "hour": 0}}, {"type": "Feature", "geometry": {"type": "Point", "coordinates": [5.5, 53.5]}, "properties": {"value": 1.157, "time": "2025-12-20T00:00:00", "date": "2025-12-20", "hour": 0}}, {"type": "Feature", "geometry": {"type": "Point", "coordinates": [6.0, 53.5]}, "properties": {"value": 1.098, "time": "2025-12-20T00:00:00", "date": "2025-12-20", "hour": 0}}, {"type": "Feature", "geometry": {"type": "Point", "coordinates": [7.0, 53.5]}, "properties": {"value": 0.876, "time": "2025-12-20T00:00:00", "date": "2025-12-20", "hour": 0}}, {"type": "Feature", "geometry": {"type": "Point", "coordinates": [7.5, 53.5]}, "properties": {"value": 0.639, "time": "2025-12-20T00:00:00", "date": "2025-12-20", "hour": 0}}, {"type": "Feature", "geometry": {"type": "Point", "coordinates": [8.5, 53.5]}, "properties": {"value": 0.327, "time": "2025-12-20T00:00:00", "date": "2025-12-20", "hour": 0}}, {"type": "Feature", "geometry": {"type": "Point", "coordinates": [5.0, 54.0]}, "properties": {"value": 1.657, "time": "2025-12-20T00:00:00", "date": "2025-12-20", "hour": 0}}, {"type": "Feature", "geometry": {"type": "Point", "coordinates": [5.5, 54.0]}, "properties": {"value": 1.612, "time": "2025-12-20T00:00:00", "date": "2025-12-20", "hour": 0}}, {"type": "Feature", "geometry": {"type": "Point", "coordinates": [6.0, 54.0]}, "properties": {"value": 1.546, "time": "2025-12-20T00:00:00", "date": "2025-12-20", "hour": 0}}, {"type": "Feature", "geometry": {"type": "Point", "coordinates": [6.5, 54.0]}, "properties": {"value": 1.483, "time": "2025-12-20T00:00:00", "date": "2025-12-20", "hour": 0}}, {"type": "Feature", "geometry": {"type": "Point", "coordinates": [7.0, 54.0]}, "properties": {"value": 1.416, "time": "2025-12-20T00:00:00", "date": "2025-12-20", "hour": 0}}, {"type": "Feature", "geometry": {"type": "Point", "coordinates": [7.5, 54.0]}, "properties": {"value": 1.345, "time": "2025-12-20T00:00:00", "date": "2025-12-20", "hour": 0}}, {"type": "Feature", "geometry": {"type": "Point", "coordinates": [8.0, 54.0]}, "properties": {"value": 1.262, "time": "2025-12-20T00:00:00", "date": "2025-12-20", "hour": 0}}, {"type": "Feature", "geometry": {"type": "Point", "coordinates": [8.5, 54.0]}, "properties": {"value": 1.111, "time": "2025-12-20T00:00:00", "date": "2025-12-20", "hour": 0}}, {"type": "Feature", "geometry": {"type": "Point", "coordinates": [11.0, 54.0]}, "properties": {"value": 0.153, "time": "2025-12-20T00:00:00", "date": "2025-12-20", "hour": 0}}, {"type": "Feature", "geometry": {"type": "Point", "coordinates": [14.0, 54.0]}, "properties": {"value": 0.174, "time": "2025-12-20T00:00:00", "date": "2025-12-20", "hour": 0}}, {"type": "Feature", "geometry": {"type": "Point", "coordinates": [14.5, 54.0]}, "properties": {"value": 0.231, "time": "2025-12-20T00:00:00", "date": "2025-12-20", "hour": 0}}, {"type": "Feature", "geometry": {"type": "Point", "coordinates": [15.0, 54.0]}, "properties": {"value": 0.257, "time": "2025-12-20T00:00:00", "date": "2025-12-20", "hour": 0}}, {"type": "Feature", "geometry": {"type": "Point", "coordinates": [5.0, 54.5]}, "properties": {"value": 1.911, "time": "2025-12-20T00:00:00", "date": "2025-12-20", "hour": 0}}, {"type": "Feature", "geometry": {"type": "Point", "coordinates": [5.5, 54.5]}, "properties": {"value": 1.884, "time": "2025-12-20T00:00:00", "date": "2025-12-20", "hour": 0}}, {"type": "Feature", "geometry": {"type": "Point", "coordinates": [6.0, 54.5]}, "properties": {"value": 1.866, "time": "2025-12-20T00:00:00", "date": "2025-12-20", "hour": 0}}, {"type": "Feature", "geometry": {"type": "Point", "coordinates": [6.5, 54.5]}, "properties": {"value": 1.834, "time": "2025-12-20T00:00:00", "date": "2025-12-20", "hour": 0}}, {"type": "Feature", "geometry": {"type": "Point", "coordinates": [7.0, 54.5]}, "properties": {"value": 1.787, "time": "2025-12-20T00:00:00", "date": "2025-12-20", "hour": 0}}, {"type": "Feature", "geometry": {"type": "Point", "coordinates": [7.5, 54.5]}, "properties": {"value": 1.692, "time": "2025-12-20T00:00:00", "date": "2025-12-20", "hour": 0}}, {"type": "Feature", "geometry": {"type": "Point", "coordinates": [8.0, 54.5]}, "properties": {"value": 1.529, "time": "2025-12-20T00:00:00", "date": "2025-12-20", "hour": 0}}, {"type": "Feature", "geometry": {"type": "Point", "coordinates": [8.5, 54.5]}, "properties": {"value": 1.215, "time": "2025-12-20T00:00:00", "date": "2025-12-20", "hour": 0}}, {"type": "Feature", "geometry": {"type": "Point", "coordinates": [11.0, 54.5]}, "properties": {"value": 0.518, "time": "2025-12-20T00:00:00", "date": "2025-12-20", "hour": 0}}, {"type": "Feature", "geometry": {"type": "Point", "coordinates": [11.5, 54.5]}, "properties": {"value": 0.515, "time": "2025-12-20T00:00:00", "date": "2025-12-20", "hour": 0}}, {"type": "Feature", "geometry": {"type": "Point", "coordinates": [12.0, 54.5]}, "properties": {"value": 0.385, "time": "2025-12-20T00:00:00", "date": "2025-12-20", "hour": 0}}, {"type": "Feature", "geometry": {"type": "Point", "coordinates": [12.5, 54.5]}, "properties": {"value": 0.38, "time": "2025-12-20T00:00:00", "date": "2025-12-20", "hour": 0}}, {"type": "Feature", "geometry": {"type": "Point", "coordinates": [13.0, 54.5]}, "properties": {"value": 0.331, "time": "2025-12-20T00:00:00", "date": "2025-12-20", "hour": 0}}, {"type": "Feature", "geometry": {"type": "Point", "coordinates": [13.5, 54.5]}, "properties": {"value": 0.365, "time": "2025-12-20T00:00:00", "date": "2025-12-20", "hour": 0}}, {"type": "Feature", "geometry": {"type": "Point", "coordinates": [14.0, 54.5]}, "properties": {"value": 0.449, "time": "2025-12-20T00:00:00", "date": "2025-12-20", "hour": 0}}, {"type": "Feature", "geometry": {"type": "Point", "coordinates": [14.5, 54.5]}, "properties": {"value": 0.514, "time": "2025-12-20T00:00:00", "date": "2025-12-20", "hour": 0}}, {"type": "Feature", "geometry": {"type": "Point", "coordinates": [15.0, 54.5]}, "properties": {"value": 0.546, "time": "2025-12-20T00:00:00", "date": "2025-12-20", "hour": 0}}, {"type": "Feature", "geometry": {"type": "Point", "coordinates": [5.0, 55.0]}, "properties": {"value": 2.121, "time": "2025-12-20T00:00:00", "date": "2025-12-20", "hour": 0}}, {"type": "Feature", "geometry": {"type": "Point", "coordinates": [5.5, 55.0]}, "properties": {"value": 2.135, "time": "2025-12-20T00:00:00", "date": "2025-12-20", "hour": 0}}, {"type": "Feature", "geometry": {"type": "Point", "coordinates": [6.0, 55.0]}, "properties": {"value": 2.138, "time": "2025-12-20T00:00:00", "date": "2025-12-20", "hour": 0}}, {"type": "Feature", "geometry": {"type": "Point", "coordinates": [6.5, 55.0]}, "properties": {"value": 2.12, "time": "2025-12-20T00:00:00", "date": "2025-12-20", "hour": 0}}, {"type": "Feature", "geometry": {"type": "Point", "coordinates": [7.0, 55.0]}, "properties": {"value": 2.064, "time": "2025-12-20T00:00:00", "date": "2025-12-20", "hour": 0}}, {"type": "Feature", "geometry": {"type": "Point", "coordinates": [7.5, 55.0]}, "properties": {"value": 1.947, "time": "2025-12-20T00:00:00", "date": "2025-12-20", "hour": 0}}, {"type": "Feature", "geometry": {"type": "Point", "coordinates": [8.0, 55.0]}, "properties": {"value": 1.753, "time": "2025-12-20T00:00:00", "date": "2025-12-20", "hour": 0}}, {"type": "Feature", "geometry": {"type": "Point", "coordinates": [8.5, 55.0]}, "properties": {"value": 1.418, "time": "2025-12-20T00:00:00", "date": "2025-12-20", "hour": 0}}, {"type": "Feature", "geometry": {"type": "Point", "coordinates": [10.0, 55.0]}, "properties": {"value": 0.311, "time": "2025-12-20T00:00:00", "date": "2025-12-20", "hour": 0}}, {"type": "Feature", "geometry": {"type": "Point", "coordinates": [10.5, 55.0]}, "properties": {"value": 0.468, "time": "2025-12-20T00:00:00", "date": "2025-12-20", "hour": 0}}, {"type": "Feature", "geometry": {"type": "Point", "coordinates": [11.0, 55.0]}, "properties": {"value": 0.544, "time": "2025-12-20T00:00:00", "date": "2025-12-20", "hour": 0}}, {"type": "Feature", "geometry": {"type": "Point", "coordinates": [11.5, 55.0]}, "properties": {"value": 0.548, "time": "2025-12-20T00:00:00", "date": "2025-12-20", "hour": 0}}, {"type": "Feature", "geometry": {"type": "Point", "coordinates": [12.5, 55.0]}, "properties": {"value": 0.56, "time": "2025-12-20T00:00:00", "date": "2025-12-20", "hour": 0}}, {"type": "Feature", "geometry": {"type": "Point", "coordinates": [13.0, 55.0]}, "properties": {"value": 0.637, "time": "2025-12-20T00:00:00", "date": "2025-12-20", "hour": 0}}, {"type": "Feature", "geometry": {"type": "Point", "coordinates": [13.5, 55.0]}, "properties": {"value": 0.681, "time": "2025-12-20T00:00:00", "date": "2025-12-20", "hour": 0}}, {"type": "Feature", "geometry": {"type": "Point", "coordinates": [14.0, 55.0]}, "properties": {"value": 0.724, "time": "2025-12-20T00:00:00", "date": "2025-12-20", "hour": 0}}, {"type": "Feature", "geometry": {"type": "Point", "coordinates": [14.5, 55.0]}, "properties": {"value": 0.75, "time": "2025-12-20T00:00:00", "date": "2025-12-20", "hour": 0}}, {"type": "Feature", "geometry": {"type": "Point", "coordinates": [15.0, 55.0]}, "properties": {"value": 0.718, "time": "2025-12-20T00:00:00", "date": "2025-12-20", "hour": 0}}, {"type": "Feature", "geometry": {"type": "Point", "coordinates": [5.0, 53.0]}, "properties": {"value": 0.925, "time": "2025-12-20T01:00:00", "date": "2025-12-20", "hour": 1}}, {"type": "Feature", "geometry": {"type": "Point", "coordinates": [5.0, 53.5]}, "properties": {"value": 1.177, "time": "2025-12-20T01:00:00", "date": "2025-12-20", "hour": 1}}, {"type": "Feature", "geometry": {"type": "Point", "coordinates": [5.5, 53.5]}, "properties": {"value": 1.096, "time": "2025-12-20T01:00:00", "date": "2025-12-20", "hour": 1}}, {"type": "Feature", "geometry": {"type": "Point", "coordinates": [6.0, 53.5]}, "properties": {"value": 1.044, "time": "2025-12-20T01:00:00", "date": "2025-12-20", "hour": 1}}, {"type": "Feature", "geometry": {"type": "Point", "coordinates": [7.0, 53.5]}, "properties": {"value": 0.843, "time": "2025-12-20T01:00:00", "date": "2025-12-20", "hour": 1}}, {"type": "Feature", "geometry": {"type": "Point", "coordinates": [7.5, 53.5]}, "properties": {"value": 0.621, "time": "2025-12-20T01:00:00", "date": "2025-12-20", "hour": 1}}, {"type": "Feature", "geometry": {"type": "Point", "coordinates": [8.5, 53.5]}, "properties": {"value": 0.327, "time": "2025-12-20T01:00:00", "date": "2025-12-20", "hour": 1}}, {"type": "Feature", "geometry": {"type": "Point", "coordinates": [5.0, 54.0]}, "properties": {"value": 1.595, "time": "2025-12-20T01:00:00", "date": "2025-12-20", "hour": 1}}, {"type": "Feature", "geometry": {"type": "Point", "coordinates": [5.5, 54.0]}, "properties": {"value": 1.553, "time": "2025-12-20T01:00:00", "date": "2025-12-20", "hour": 1}}, {"type": "Feature", "geometry": {"type": "Point", "coordinates": [6.0, 54.0]}, "properties": {"value": 1.486, "time": "2025-12-20T01:00:00", "date": "2025-12-20", "hour": 1}}, {"type": "Feature", "geometry": {"type": "Point", "coordinates": [6.5, 54.0]}, "properties": {"value": 1.427, "time": "2025-12-20T01:00:00", "date": "2025-12-20", "hour": 1}}, {"type": "Feature", "geometry": {"type": "Point", "coordinates": [7.0, 54.0]}, "properties": {"value": 1.369, "time": "2025-12-20T01:00:00", "date": "2025-12-20", "hour": 1}}, {"type": "Feature", "geometry": {"type": "Point", "coordinates": [7.5, 54.0]}, "properties": {"value": 1.311, "time": "2025-12-20T01:00:00", "date": "2025-12-20", "hour": 1}}, {"type": "Feature", "geometry": {"type": "Point", "coordinates": [8.0, 54.0]}, "properties": {"value": 1.24, "time": "2025-12-20T01:00:00", "date": "2025-12-20", "hour": 1}}, {"type": "Feature", "geometry": {"type": "Point", "coordinates": [8.5, 54.0]}, "properties": {"value": 1.099, "time": "2025-12-20T01:00:00", "date": "2025-12-20", "hour": 1}}, {"type": "Feature", "geometry": {"type": "Point", "coordinates": [11.0, 54.0]}, "properties": {"value": 0.163, "time": "2025-12-20T01:00:00", "date": "2025-12-20", "hour": 1}}, {"type": "Feature", "geometry": {"type": "Point", "coordinates": [14.0, 54.0]}, "properties": {"value": 0.166, "time": "2025-12-20T01:00:00", "date": "2025-12-20", "hour": 1}}, {"type": "Feature", "geometry": {"type": "Point", "coordinates": [14.5, 54.0]}, "properties": {"value": 0.216, "time": "2025-12-20T01:00:00", "date": "2025-12-20", "hour": 1}}, {"type": "Feature", "geometry": {"type": "Point", "coordinates": [15.0, 54.0]}, "properties": {"value": 0.239, "time": "2025-12-20T01:00:00", "date": "2025-12-20", "hour": 1}}, {"type": "Feature", "geometry": {"type": "Point", "coordinates": [5.0, 54.5]}, "properties": {"value": 1.848, "time": "2025-12-20T01:00:00", "date": "2025-12-20", "hour": 1}}, {"type": "Feature", "geometry": {"type": "Point", "coordinates": [5.5, 54.5]}, "properties": {"value": 1.829, "time": "2025-12-20T01:00:00", "date": "2025-12-20", "hour": 1}}, {"type": "Feature", "geometry": {"type": "Point", "coordinates": [6.0, 54.5]}, "properties": {"value": 1.809, "time": "2025-12-20T01:00:00", "date": "2025-12-20", "hour": 1}}, {"type": "Feature", "geometry": {"type": "Point", "coordinates": [6.5, 54.5]}, "properties": {"value": 1.777, "time": "2025-12-20T01:00:00", "date": "2025-12-20", "hour": 1}}, {"type": "Feature", "geometry": {"type": "Point", "coordinates": [7.0, 54.5]}, "properties": {"value": 1.733, "time": "2025-12-20T01:00:00", "date": "2025-12-20", "hour": 1}}, {"type": "Feature", "geometry": {"type": "Point", "coordinates": [7.5, 54.5]}, "properties": {"value": 1.645, "time": "2025-12-20T01:00:00", "date": "2025-12-20", "hour": 1}}, {"type": "Feature", "geometry": {"type": "Point", "coordinates": [8.0, 54.5]}, "properties": {"value": 1.489, "time": "2025-12-20T01:00:00", "date": "2025-12-20", "hour": 1}}, {"type": "Feature", "geometry": {"type": "Point", "coordinates": [8.5, 54.5]}, "properties": {"value": 1.186, "time": "2025-12-20T01:00:00", "date": "2025-12-20", "hour": 1}}, {"type": "Feature", "geometry": {"type": "Point", "coordinates": [11.0, 54.5]}, "properties": {"value": 0.541, "time": "2025-12-20T01:00:00", "date": "2025-12-20", "hour": 1}}, {"type": "Feature", "geometry": {"type": "Point", "coordinates": [11.5, 54.5]}, "properties": {"value": 0.547, "time": "2025-12-20T01:00:00", "date": "2025-12-20", "hour": 1}}, {"type": "Feature", "geometry": {"type": "Point", "coordinates": [12.0, 54.5]}, "properties": {"value": 0.41, "time": "2025-12-20T01:00:00", "date": "2025-12-20", "hour": 1}}, {"type": "Feature", "geometry": {"type": "Point", "coordinates": [12.5, 54.5]}, "properties": {"value": 0.41, "time": "2025-12-20T01:00:00", "date": "2025-12-20", "hour": 1}}, {"type": "Feature", "geometry": {"type": "Point", "coordinates": [13.0, 54.5]}, "properties": {"value": 0.354, "time": "2025-12-20T01:00:00", "date": "2025-12-20", "hour": 1}}, {"type": "Feature", "geometry": {"type": "Point", "coordinates": [13.5, 54.5]}, "properties": {"value": 0.389, "time": "2025-12-20T01:00:00", "date": "2025-12-20", "hour": 1}}, {"type": "Feature", "geometry": {"type": "Point", "coordinates": [14.0, 54.5]}, "properties": {"value": 0.465, "time": "2025-12-20T01:00:00", "date": "2025-12-20", "hour": 1}}, {"type": "Feature", "geometry": {"type": "Point", "coordinates": [14.5, 54.5]}, "properties": {"value": 0.519, "time": "2025-12-20T01:00:00", "date": "2025-12-20", "hour": 1}}, {"type": "Feature", "geometry": {"type": "Point", "coordinates": [15.0, 54.5]}, "properties": {"value": 0.541, "time": "2025-12-20T01:00:00", "date": "2025-12-20", "hour": 1}}, {"type": "Feature", "geometry": {"type": "Point", "coordinates": [5.0, 55.0]}, "properties": {"value": 2.055, "time": "2025-12-20T01:00:00", "date": "2025-12-20", "hour": 1}}, {"type": "Feature", "geometry": {"type": "Point", "coordinates": [5.5, 55.0]}, "properties": {"value": 2.078, "time": "2025-12-20T01:00:00", "date": "2025-12-20", "hour": 1}}, {"type": "Feature", "geometry": {"type": "Point", "coordinates": [6.0, 55.0]}, "properties": {"value": 2.083, "time": "2025-12-20T01:00:00", "date": "2025-12-20", "hour": 1}}, {"type": "Feature", "geometry": {"type": "Point", "coordinates": [6.5, 55.0]}, "properties": {"value": 2.066, "time": "2025-12-20T01:00:00", "date": "2025-12-20", "hour": 1}}, {"type": "Feature", "geometry": {"type": "Point", "coordinates": [7.0, 55.0]}, "properties": {"value": 2.012, "time": "2025-12-20T01:00:00", "date": "2025-12-20", "hour": 1}}, {"type": "Feature", "geometry": {"type": "Point", "coordinates": [7.5, 55.0]}, "properties": {"value": 1.905, "time": "2025-12-20T01:00:00", "date": "2025-12-20", "hour": 1}}, {"type": "Feature", "geometry": {"type": "Point", "coordinates": [8.0, 55.0]}, "properties": {"value": 1.72, "time": "2025-12-20T01:00:00", "date": "2025-12-20", "hour": 1}}, {"type": "Feature", "geometry": {"type": "Point", "coordinates": [8.5, 55.0]}, "properties": {"value": 1.391, "time": "2025-12-20T01:00:00", "date": "2025-12-20", "hour": 1}}, {"type": "Feature", "geometry": {"type": "Point", "coordinates": [10.0, 55.0]}, "properties": {"value": 0.303, "time": "2025-12-20T01:00:00", "date": "2025-12-20", "hour": 1}}, {"type": "Feature", "geometry": {"type": "Point", "coordinates": [10.5, 55.0]}, "properties": {"value": 0.471, "time": "2025-12-20T01:00:00", "date": "2025-12-20", "hour": 1}}, {"type": "Feature", "geometry": {"type": "Point", "coordinates": [11.0, 55.0]}, "properties": {"value": 0.561, "time": "2025-12-20T01:00:00", "date": "2025-12-20", "hour": 1}}, {"type": "Feature", "geometry": {"type": "Point", "coordinates": [11.5, 55.0]}, "properties": {"value": 0.572, "time": "2025-12-20T01:00:00", "date": "2025-12-20", "hour": 1}}, {"type": "Feature", "geometry": {"type": "Point", "coordinates": [12.5, 55.0]}, "properties": {"value": 0.608, "time": "2025-12-20T01:00:00", "date": "2025-12-20", "hour": 1}}, {"type": "Feature", "geometry": {"type": "Point", "coordinates": [13.0, 55.0]}, "properties": {"value": 0.688, "time": "2025-12-20T01:00:00", "date": "2025-12-20", "hour": 1}}, {"type": "Feature", "geometry": {"type": "Point", "coordinates": [13.5, 55.0]}, "properties": {"value": 0.728, "time": "2025-12-20T01:00:00", "date": "2025-12-20", "hour": 1}}, {"type": "Feature", "geometry": {"type": "Point", "coordinates": [14.0, 55.0]}, "properties": {"value": 0.757, "time": "2025-12-20T01:00:00", "date": "2025-12-20", "hour": 1}}, {"type": "Feature", "geometry": {"type": "Point", "coordinates": [14.5, 55.0]}, "properties": {"value": 0.765, "time": "2025-12-20T01:00:00", "date": "2025-12-20", "hour": 1}}, {"type": "Feature", "geometry": {"type": "Point", "coordinates": [15.0, 55.0]}, "properties": {"value": 0.716, "time": "2025-12-20T01:00:00", "date": "2025-12-20", "hour": 1}}, {"type": "Feature", "geometry": {"type": "Point", "coordinates": [5.0, 53.0]}, "properties": {"value": 0.873, "time": "2025-12-20T02:00:00", "date": "2025-12-20", "hour": 2}}, {"type": "Feature", "geometry": {"type": "Point", "coordinates": [5.0, 53.5]}, "properties": {"value": 1.113, "time": "2025-12-20T02:00:00", "date": "2025-12-20", "hour": 2}}, {"type": "Feature", "geometry": {"type": "Point", "coordinates": [5.5, 53.5]}, "properties": {"value": 1.039, "time": "2025-12-20T02:00:00", "date": "2025-12-20", "hour": 2}}, {"type": "Feature", "geometry": {"type": "Point", "coordinates": [6.0, 53.5]}, "properties": {"value": 0.993, "time": "2025-12-20T02:00:00", "date": "2025-12-20", "hour": 2}}, {"type": "Feature", "geometry": {"type": "Point", "coordinates": [7.0, 53.5]}, "properties": {"value": 0.812, "time": "2025-12-20T02:00:00", "date": "2025-12-20", "hour": 2}}, {"type": "Feature", "geometry": {"type": "Point", "coordinates": [7.5, 53.5]}, "properties": {"value": 0.601, "time": "2025-12-20T02:00:00", "date": "2025-12-20", "hour": 2}}, {"type": "Feature", "geometry": {"type": "Point", "coordinates": [8.5, 53.5]}, "properties": {"value": 0.322, "time": "2025-12-20T02:00:00", "date": "2025-12-20", "hour": 2}}, {"type": "Feature", "geometry": {"type": "Point", "coordinates": [5.0, 54.0]}, "properties": {"value": 1.524, "time": "2025-12-20T02:00:00", "date": "2025-12-20", "hour": 2}}, {"type": "Feature", "geometry": {"type": "Point", "coordinates": [5.5, 54.0]}, "properties": {"value": 1.485, "time": "2025-12-20T02:00:00", "date": "2025-12-20", "hour": 2}}, {"type": "Feature", "geometry": {"type": "Point", "coordinates": [6.0, 54.0]}, "properties": {"value": 1.422, "time": "2025-12-20T02:00:00", "date": "2025-12-20", "hour": 2}}, {"type": "Feature", "geometry": {"type": "Point", "coordinates": [6.5, 54.0]}, "properties": {"value": 1.37, "time": "2025-12-20T02:00:00", "date": "2025-12-20", "hour": 2}}, {"type": "Feature", "geometry": {"type": "Point", "coordinates": [7.0, 54.0]}, "properties": {"value": 1.323, "time": "2025-12-20T02:00:00", "date": "2025-12-20", "hour": 2}}, {"type": "Feature", "geometry": {"type": "Point", "coordinates": [7.5, 54.0]}, "properties": {"value": 1.276, "time": "2025-12-20T02:00:00", "date": "2025-12-20", "hour": 2}}, {"type": "Feature", "geometry": {"type": "Point", "coordinates": [8.0, 54.0]}, "properties": {"value": 1.217, "time": "2025-12-20T02:00:00", "date": "2025-12-20", "hour": 2}}, {"type": "Feature", "geometry": {"type": "Point", "coordinates": [8.5, 54.0]}, "properties": {"value": 1.084, "time": "2025-12-20T02:00:00", "date": "2025-12-20", "hour": 2}}, {"type": "Feature", "geometry": {"type": "Point", "coordinates": [11.0, 54.0]}, "properties": {"value": 0.157, "time": "2025-12-20T02:00:00", "date": "2025-12-20", "hour": 2}}, {"type": "Feature", "geometry": {"type": "Point", "coordinates": [14.0, 54.0]}, "properties": {"value": 0.159, "time": "2025-12-20T02:00:00", "date": "2025-12-20", "hour": 2}}, {"type": "Feature", "geometry": {"type": "Point", "coordinates": [14.5, 54.0]}, "properties": {"value": 0.202, "time": "2025-12-20T02:00:00", "date": "2025-12-20", "hour": 2}}, {"type": "Feature", "geometry": {"type": "Point", "coordinates": [15.0, 54.0]}, "properties": {"value": 0.222, "time": "2025-12-20T02:00:00", "date": "2025-12-20", "hour": 2}}, {"type": "Feature", "geometry": {"type": "Point", "coordinates": [5.0, 54.5]}, "properties": {"value": 1.775, "time": "2025-12-20T02:00:00", "date": "2025-12-20", "hour": 2}}, {"type": "Feature", "geometry": {"type": "Point", "coordinates": [5.5, 54.5]}, "properties": {"value": 1.764, "time": "2025-12-20T02:00:00", "date": "2025-12-20", "hour": 2}}, {"type": "Feature", "geometry": {"type": "Point", "coordinates": [6.0, 54.5]}, "properties": {"value": 1.744, "time": "2025-12-20T02:00:00", "date": "2025-12-20", "hour": 2}}, {"type": "Feature", "geometry": {"type": "Point", "coordinates": [6.5, 54.5]}, "properties": {"value": 1.717, "time": "2025-12-20T02:00:00", "date": "2025-12-20", "hour": 2}}, {"type": "Feature", "geometry": {"type": "Point", "coordinates": [7.0, 54.5]}, "properties": {"value": 1.675, "time": "2025-12-20T02:00:00", "date": "2025-12-20", "hour": 2}}, {"type": "Feature", "geometry": {"type": "Point", "coordinates": [7.5, 54.5]}, "properties": {"value": 1.6, "time": "2025-12-20T02:00:00", "date": "2025-12-20", "hour": 2}}, {"type": "Feature", "geometry": {"type": "Point", "coordinates": [8.0, 54.5]}, "properties": {"value": 1.453, "time": "2025-12-20T02:00:00", "date": "2025-12-20", "hour": 2}}, {"type": "Feature", "geometry": {"type": "Point", "coordinates": [8.5, 54.5]}, "properties": {"value": 1.16, "time": "2025-12-20T02:00:00", "date": "2025-12-20", "hour": 2}}, {"type": "Feature", "geometry": {"type": "Point", "coordinates": [11.0, 54.5]}, "properties": {"value": 0.558, "time": "2025-12-20T02:00:00", "date": "2025-12-20", "hour": 2}}, {"type": "Feature", "geometry": {"type": "Point", "coordinates": [11.5, 54.5]}, "properties": {"value": 0.568, "time": "2025-12-20T02:00:00", "date": "2025-12-20", "hour": 2}}, {"type": "Feature", "geometry": {"type": "Point", "coordinates": [12.0, 54.5]}, "properties": {"value": 0.428, "time": "2025-12-20T02:00:00", "date": "2025-12-20", "hour": 2}}, {"type": "Feature", "geometry": {"type": "Point", "coordinates": [12.5, 54.5]}, "properties": {"value": 0.43, "time": "2025-12-20T02:00:00", "date": "2025-12-20", "hour": 2}}, {"type": "Feature", "geometry": {"type": "Point", "coordinates": [13.0, 54.5]}, "properties": {"value": 0.371, "time": "2025-12-20T02:00:00", "date": "2025-12-20", "hour": 2}}, {"type": "Feature", "geometry": {"type": "Point", "coordinates": [13.5, 54.5]}, "properties": {"value": 0.408, "time": "2025-12-20T02:00:00", "date": "2025-12-20", "hour": 2}}, {"type": "Feature", "geometry": {"type": "Point", "coordinates": [14.0, 54.5]}, "properties": {"value": 0.48, "time": "2025-12-20T02:00:00", "date": "2025-12-20", "hour": 2}}, {"type": "Feature", "geometry": {"type": "Point", "coordinates": [14.5, 54.5]}, "properties": {"value": 0.528, "time": "2025-12-20T02:00:00", "date": "2025-12-20", "hour": 2}}, {"type": "Feature", "geometry": {"type": "Point", "coordinates": [15.0, 54.5]}, "properties": {"value": 0.542, "time": "2025-12-20T02:00:00", "date": "2025-12-20", "hour": 2}}, {"type": "Feature", "geometry": {"type": "Point", "coordinates": [5.0, 55.0]}, "properties": {"value": 1.984, "time": "2025-12-20T02:00:00", "date": "2025-12-20", "hour": 2}}, {"type": "Feature", "geometry": {"type": "Point", "coordinates": [5.5, 55.0]}, "properties": {"value": 2.011, "time": "2025-12-20T02:00:00", "date": "2025-12-20", "hour": 2}}, {"type": "Feature", "geometry": {"type": "Point", "coordinates": [6.0, 55.0]}, "properties": {"value": 2.02, "time": "2025-12-20T02:00:00", "date": "2025-12-20", "hour": 2}}, {"type": "Feature", "geometry": {"type": "Point", "coordinates": [6.5, 55.0]}, "properties": {"value": 2.006, "time": "2025-12-20T02:00:00", "date": "2025-12-20", "hour": 2}}, {"type": "Feature", "geometry": {"type": "Point", "coordinates": [7.0, 55.0]}, "properties": {"value": 1.956, "time": "2025-12-20T02:00:00", "date": "2025-12-20", "hour": 2}}, {"type": "Feature", "geometry": {"type": "Point", "coordinates": [7.5, 55.0]}, "properties": {"value": 1.859, "time": "2025-12-20T02:00:00", "date": "2025-12-20", "hour": 2}}, {"type": "Feature", "geometry": {"type": "Point", "coordinates": [8.0, 55.0]}, "properties": {"value": 1.684, "time": "2025-12-20T02:00:00", "date": "2025-12-20", "hour": 2}}, {"type": "Feature", "geometry": {"type": "Point", "coordinates": [8.5, 55.0]}, "properties": {"value": 1.362, "time": "2025-12-20T02:00:00", "date": "2025-12-20", "hour": 2}}, {"type": "Feature", "geometry": {"type": "Point", "coordinates": [10.0, 55.0]}, "properties": {"value": 0.296, "time": "2025-12-20T02:00:00", "date": "2025-12-20", "hour": 2}}, {"type": "Feature", "geometry": {"type": "Point", "coordinates": [10.5, 55.0]}, "properties": {"value": 0.474, "time": "2025-12-20T02:00:00", "date": "2025-12-20", "hour": 2}}, {"type": "Feature", "geometry": {"type": "Point", "coordinates": [11.0, 55.0]}, "properties": {"value": 0.574, "time": "2025-12-20T02:00:00", "date": "2025-12-20", "hour": 2}}, {"type": "Feature", "geometry": {"type": "Point", "coordinates": [11.5, 55.0]}, "properties": {"value": 0.591, "time": "2025-12-20T02:00:00", "date": "2025-12-20", "hour": 2}}, {"type": "Feature", "geometry": {"type": "Point", "coordinates": [12.5, 55.0]}, "properties": {"value": 0.645, "time": "2025-12-20T02:00:00", "date": "2025-12-20", "hour": 2}}, {"type": "Feature", "geometry": {"type": "Point", "coordinates": [13.0, 55.0]}, "properties": {"value": 0.732, "time": "2025-12-20T02:00:00", "date": "2025-12-20", "hour": 2}}, {"type": "Feature", "geometry": {"type": "Point", "coordinates": [13.5, 55.0]}, "properties": {"value": 0.773, "time": "2025-12-20T02:00:00", "date": "2025-12-20", "hour": 2}}, {"type": "Feature", "geometry": {"type": "Point", "coordinates": [14.0, 55.0]}, "properties": {"value": 0.799, "time": "2025-12-20T02:00:00", "date": "2025-12-20", "hour": 2}}, {"type": "Feature", "geometry": {"type": "Point", "coordinates": [14.5, 55.0]}, "properties": {"value": 0.798, "time": "2025-12-20T02:00:00", "date": "2025-12-20", "hour": 2}}, {"type": "Feature", "geometry": {"type": "Point", "coordinates": [15.0, 55.0]}, "properties": {"value": 0.734, "time": "2025-12-20T02:00:00", "date": "2025-12-20", "hour": 2}}, {"type": "Feature", "geometry": {"type": "Point", "coordinates": [5.0, 53.0]}, "properties": {"value": 0.83, "time": "2025-12-20T03:00:00", "date": "2025-12-20", "hour": 3}}, {"type": "Feature", "geometry": {"type": "Point", "coordinates": [5.0, 53.5]}, "properties": {"value": 1.056, "time": "2025-12-20T03:00:00", "date": "2025-12-20", "hour": 3}}, {"type": "Feature", "geometry": {"type": "Point", "coordinates": [5.5, 53.5]}, "properties": {"value": 0.989, "time": "2025-12-20T03:00:00", "date": "2025-12-20", "hour": 3}}, {"type": "Feature", "geometry": {"type": "Point", "coordinates": [6.0, 53.5]}, "properties": {"value": 0.95, "time": "2025-12-20T03:00:00", "date": "2025-12-20", "hour": 3}}, {"type": "Feature", "geometry": {"type": "Point", "coordinates": [7.0, 53.5]}, "properties": {"value": 0.785, "time": "2025-12-20T03:00:00", "date": "2025-12-20", "hour": 3}}, {"type": "Feature", "geometry": {"type": "Point", "coordinates": [7.5, 53.5]}, "properties": {"value": 0.583, "time": "2025-12-20T03:00:00", "date": "2025-12-20", "hour": 3}}, {"type": "Feature", "geometry": {"type": "Point", "coordinates": [8.5, 53.5]}, "properties": {"value": 0.318, "time": "2025-12-20T03:00:00", "date": "2025-12-20", "hour": 3}}, {"type": "Feature", "geometry": {"type": "Point", "coordinates": [5.0, 54.0]}, "properties": {"value": 1.447, "time": "2025-12-20T03:00:00", "date": "2025-12-20", "hour": 3}}, {"type": "Feature", "geometry": {"type": "Point", "coordinates": [5.5, 54.0]}, "properties": {"value": 1.411, "time": "2025-12-20T03:00:00", "date": "2025-12-20", "hour": 3}}, {"type": "Feature", "geometry": {"type": "Point", "coordinates": [6.0, 54.0]}, "properties": {"value": 1.356, "time": "2025-12-20T03:00:00", "date": "2025-12-20", "hour": 3}}, {"type": "Feature", "geometry": {"type": "Point", "coordinates": [6.5, 54.0]}, "properties": {"value": 1.314, "time": "2025-12-20T03:00:00", "date": "2025-12-20", "hour": 3}}, {"type": "Feature", "geometry": {"type": "Point", "coordinates": [7.0, 54.0]}, "properties": {"value": 1.277, "time": "2025-12-20T03:00:00", "date": "2025-12-20", "hour": 3}}, {"type": "Feature", "geometry": {"type": "Point", "coordinates": [7.5, 54.0]}, "properties": {"value": 1.238, "time": "2025-12-20T03:00:00", "date": "2025-12-20", "hour": 3}}, {"type": "Feature", "geometry": {"type": "Point", "coordinates": [8.0, 54.0]}, "properties": {"value": 1.185, "time": "2025-12-20T03:00:00", "date": "2025-12-20", "hour": 3}}, {"type": "Feature", "geometry": {"type": "Point", "coordinates": [8.5, 54.0]}, "properties": {"value": 1.062, "time": "2025-12-20T03:00:00", "date": "2025-12-20", "hour": 3}}, {"type": "Feature", "geometry": {"type": "Point", "coordinates": [11.0, 54.0]}, "properties": {"value": 0.159, "time": "2025-12-20T03:00:00", "date": "2025-12-20", "hour": 3}}, {"type": "Feature", "geometry": {"type": "Point", "coordinates": [14.0, 54.0]}, "properties": {"value": 0.156, "time": "2025-12-20T03:00:00", "date": "2025-12-20", "hour": 3}}, {"type": "Feature", "geometry": {"type": "Point", "coordinates": [14.5, 54.0]}, "properties": {"value": 0.197, "time": "2025-12-20T03:00:00", "date": "2025-12-20", "hour": 3}}, {"type": "Feature", "geometry": {"type": "Point", "coordinates": [15.0, 54.0]}, "properties": {"value": 0.215, "time": "2025-12-20T03:00:00", "date": "2025-12-20", "hour": 3}}, {"type": "Feature", "geometry": {"type": "Point", "coordinates": [5.0, 54.5]}, "properties": {"value": 1.693, "time": "2025-12-20T03:00:00", "date": "2025-12-20", "hour": 3}}, {"type": "Feature", "geometry": {"type": "Point", "coordinates": [5.5, 54.5]}, "properties": {"value": 1.686, "time": "2025-12-20T03:00:00", "date": "2025-12-20", "hour": 3}}, {"type": "Feature", "geometry": {"type": "Point", "coordinates": [6.0, 54.5]}, "properties": {"value": 1.668, "time": "2025-12-20T03:00:00", "date": "2025-12-20", "hour": 3}}, {"type": "Feature", "geometry": {"type": "Point", "coordinates": [6.5, 54.5]}, "properties": {"value": 1.647, "time": "2025-12-20T03:00:00", "date": "2025-12-20", "hour": 3}}, {"type": "Feature", "geometry": {"type": "Point", "coordinates": [7.0, 54.5]}, "properties": {"value": 1.612, "time": "2025-12-20T03:00:00", "date": "2025-12-20", "hour": 3}}, {"type": "Feature", "geometry": {"type": "Point", "coordinates": [7.5, 54.5]}, "properties": {"value": 1.545, "time": "2025-12-20T03:00:00", "date": "2025-12-20", "hour": 3}}, {"type": "Feature", "geometry": {"type": "Point", "coordinates": [8.0, 54.5]}, "properties": {"value": 1.41, "time": "2025-12-20T03:00:00", "date": "2025-12-20", "hour": 3}}, {"type": "Feature", "geometry": {"type": "Point", "coordinates": [8.5, 54.5]}, "properties": {"value": 1.129, "time": "2025-12-20T03:00:00", "date": "2025-12-20", "hour": 3}}, {"type": "Feature", "geometry": {"type": "Point", "coordinates": [11.0, 54.5]}, "properties": {"value": 0.567, "time": "2025-12-20T03:00:00", "date": "2025-12-20", "hour": 3}}, {"type": "Feature", "geometry": {"type": "Point", "coordinates": [11.5, 54.5]}, "properties": {"value": 0.581, "time": "2025-12-20T03:00:00", "date": "2025-12-20", "hour": 3}}, {"type": "Feature", "geometry": {"type": "Point", "coordinates": [12.0, 54.5]}, "properties": {"value": 0.44, "time": "2025-12-20T03:00:00", "date": "2025-12-20", "hour": 3}}, {"type": "Feature", "geometry": {"type": "Point", "coordinates": [12.5, 54.5]}, "properties": {"value": 0.441, "time": "2025-12-20T03:00:00", "date": "2025-12-20", "hour": 3}}, {"type": "Feature", "geometry": {"type": "Point", "coordinates": [13.0, 54.5]}, "properties": {"value": 0.379, "time": "2025-12-20T03:00:00", "date": "2025-12-20", "hour": 3}}, {"type": "Feature", "geometry": {"type": "Point", "coordinates": [13.5, 54.5]}, "properties": {"value": 0.416, "time": "2025-12-20T03:00:00", "date": "2025-12-20", "hour": 3}}, {"type": "Feature", "geometry": {"type": "Point", "coordinates": [14.0, 54.5]}, "properties": {"value": 0.489, "time": "2025-12-20T03:00:00", "date": "2025-12-20", "hour": 3}}, {"type": "Feature", "geometry": {"type": "Point", "coordinates": [14.5, 54.5]}, "properties": {"value": 0.542, "time": "2025-12-20T03:00:00", "date": "2025-12-20", "hour": 3}}, {"type": "Feature", "geometry": {"type": "Point", "coordinates": [15.0, 54.5]}, "properties": {"value": 0.557, "time": "2025-12-20T03:00:00", "date": "2025-12-20", "hour": 3}}, {"type": "Feature", "geometry": {"type": "Point", "coordinates": [5.0, 55.0]}, "properties": {"value": 1.901, "time": "2025-12-20T03:00:00", "date": "2025-12-20", "hour": 3}}, {"type": "Feature", "geometry": {"type": "Point", "coordinates": [5.5, 55.0]}, "properties": {"value": 1.928, "time": "2025-12-20T03:00:00", "date": "2025-12-20", "hour": 3}}, {"type": "Feature", "geometry": {"type": "Point", "coordinates": [6.0, 55.0]}, "properties": {"value": 1.938, "time": "2025-12-20T03:00:00", "date": "2025-12-20", "hour": 3}}, {"type": "Feature", "geometry": {"type": "Point", "coordinates": [6.5, 55.0]}, "properties": {"value": 1.927, "time": "2025-12-20T03:00:00", "date": "2025-12-20", "hour": 3}}, {"type": "Feature", "geometry": {"type": "Point", "coordinates": [7.0, 55.0]}, "properties": {"value": 1.883, "time": "2025-12-20T03:00:00", "date": "2025-12-20", "hour": 3}}, {"type": "Feature", "geometry": {"type": "Point", "coordinates": [7.5, 55.0]}, "properties": {"value": 1.8, "time": "2025-12-20T03:00:00", "date": "2025-12-20", "hour": 3}}, {"type": "Feature", "geometry": {"type": "Point", "coordinates": [8.0, 55.0]}, "properties": {"value": 1.638, "time": "2025-12-20T03:00:00", "date": "2025-12-20", "hour": 3}}, {"type": "Feature", "geometry": {"type": "Point", "coordinates": [8.5, 55.0]}, "properties": {"value": 1.328, "time": "2025-12-20T03:00:00", "date": "2025-12-20", "hour": 3}}, {"type": "Feature", "geometry": {"type": "Point", "coordinates": [10.0, 55.0]}, "properties": {"value": 0.292, "time": "2025-12-20T03:00:00", "date": "2025-12-20", "hour": 3}}, {"type": "Feature", "geometry": {"type": "Point", "coordinates": [10.5, 55.0]}, "properties": {"value": 0.48, "time": "2025-12-20T03:00:00", "date": "2025-12-20", "hour": 3}}, {"type": "Feature", "geometry": {"type": "Point", "coordinates": [11.0, 55.0]}, "properties": {"value": 0.587, "time": "2025-12-20T03:00:00", "date": "2025-12-20", "hour": 3}}, {"type": "Feature", "geometry": {"type": "Point", "coordinates": [11.5, 55.0]}, "properties": {"value": 0.607, "time": "2025-12-20T03:00:00", "date": "2025-12-20", "hour": 3}}, {"type": "Feature", "geometry": {"type": "Point", "coordinates": [12.5, 55.0]}, "properties": {"value": 0.666, "time": "2025-12-20T03:00:00", "date": "2025-12-20", "hour": 3}}, {"type": "Feature", "geometry": {"type": "Point", "coordinates": [13.0, 55.0]}, "properties": {"value": 0.759, "time": "2025-12-20T03:00:00", "date": "2025-12-20", "hour": 3}}, {"type": "Feature", "geometry": {"type": "Point", "coordinates": [13.5, 55.0]}, "properties": {"value": 0.806, "time": "2025-12-20T03:00:00", "date": "2025-12-20", "hour": 3}}, {"type": "Feature", "geometry": {"type": "Point", "coordinates": [14.0, 55.0]}, "properties": {"value": 0.84, "time": "2025-12-20T03:00:00", "date": "2025-12-20", "hour": 3}}, {"type": "Feature", "geometry": {"type": "Point", "coordinates": [14.5, 55.0]}, "properties": {"value": 0.841, "time": "2025-12-20T03:00:00", "date": "2025-12-20", "hour": 3}}, {"type": "Feature", "geometry": {"type": "Point", "coordinates": [15.0, 55.0]}, "properties": {"value": 0.771, "time": "2025-12-20T03:00:00", "date": "2025-12-20", "hour": 3}}, {"type": "Feature", "geometry": {"type": "Point", "coordinates": [5.0, 53.0]}, "properties": {"value": 0.791, "time": "2025-12-20T04:00:00", "date": "2025-12-20", "hour": 4}}, {"type": "Feature", "geometry": {"type": "Point", "coordinates": [5.0, 53.5]}, "properties": {"value": 1.005, "time": "2025-12-20T04:00:00", "date": "2025-12-20", "hour": 4}}, {"type": "Feature", "geometry": {"type": "Point", "coordinates": [5.5, 53.5]}, "properties": {"value": 0.948, "time": "2025-12-20T04:00:00", "date": "2025-12-20", "hour": 4}}, {"type": "Feature", "geometry": {"type": "Point", "coordinates": [6.0, 53.5]}, "properties": {"value": 0.916, "time": "2025-12-20T04:00:00", "date": "2025-12-20", "hour": 4}}, {"type": "Feature", "geometry": {"type": "Point", "coordinates": [7.0, 53.5]}, "properties": {"value": 0.762, "time": "2025-12-20T04:00:00", "date": "2025-12-20", "hour": 4}}, {"type": "Feature", "geometry": {"type": "Point", "coordinates": [7.5, 53.5]}, "properties": {"value": 0.564, "time": "2025-12-20T04:00:00", "date": "2025-12-20", "hour": 4}}, {"type": "Feature", "geometry": {"type": "Point", "coordinates": [8.5, 53.5]}, "properties": {"value": 0.312, "time": "2025-12-20T04:00:00", "date": "2025-12-20", "hour": 4}}, {"type": "Feature", "geometry": {"type": "Point", "coordinates": [5.0, 54.0]}, "properties": {"value": 1.375, "time": "2025-12-20T04:00:00", "date": "2025-12-20", "hour": 4}}, {"type": "Feature", "geometry": {"type": "Point", "coordinates": [5.5, 54.0]}, "properties": {"value": 1.344, "time": "2025-12-20T04:00:00", "date": "2025-12-20", "hour": 4}}, {"type": "Feature", "geometry": {"type": "Point", "coordinates": [6.0, 54.0]}, "properties": {"value": 1.297, "time": "2025-12-20T04:00:00", "date": "2025-12-20", "hour": 4}}, {"type": "Feature", "geometry": {"type": "Point", "coordinates": [6.5, 54.0]}, "properties": {"value": 1.264, "time": "2025-12-20T04:00:00", "date": "2025-12-20", "hour": 4}}, {"type": "Feature", "geometry": {"type": "Point", "coordinates": [7.0, 54.0]}, "properties": {"value": 1.234, "time": "2025-12-20T04:00:00", "date": "2025-12-20", "hour": 4}}, {"type": "Feature", "geometry": {"type": "Point", "coordinates": [7.5, 54.0]}, "properties": {"value": 1.2, "time": "2025-12-20T04:00:00", "date": "2025-12-20", "hour": 4}}, {"type": "Feature", "geometry": {"type": "Point", "coordinates": [8.0, 54.0]}, "properties": {"value": 1.152, "time": "2025-12-20T04:00:00", "date": "2025-12-20", "hour": 4}}, {"type": "Feature", "geometry": {"type": "Point", "coordinates": [8.5, 54.0]}, "properties": {"value": 1.034, "time": "2025-12-20T04:00:00", "date": "2025-12-20", "hour": 4}}, {"type": "Feature", "geometry": {"type": "Point", "coordinates": [11.0, 54.0]}, "properties": {"value": 0.152, "time": "2025-12-20T04:00:00", "date": "2025-12-20", "hour": 4}}, {"type": "Feature", "geometry": {"type": "Point", "coordinates": [14.0, 54.0]}, "properties": {"value": 0.156, "time": "2025-12-20T04:00:00", "date": "2025-12-20", "hour": 4}}, {"type": "Feature", "geometry": {"type": "Point", "coordinates": [14.5, 54.0]}, "properties": {"value": 0.196, "time": "2025-12-20T04:00:00", "date": "2025-12-20", "hour": 4}}, {"type": "Feature", "geometry": {"type": "Point", "coordinates": [15.0, 54.0]}, "properties": {"value": 0.214, "time": "2025-12-20T04:00:00", "date": "2025-12-20", "hour": 4}}, {"type": "Feature", "geometry": {"type": "Point", "coordinates": [5.0, 54.5]}, "properties": {"value": 1.61, "time": "2025-12-20T04:00:00", "date": "2025-12-20", "hour": 4}}, {"type": "Feature", "geometry": {"type": "Point", "coordinates": [5.5, 54.5]}, "properties": {"value": 1.607, "time": "2025-12-20T04:00:00", "date": "2025-12-20", "hour": 4}}, {"type": "Feature", "geometry": {"type": "Point", "coordinates": [6.0, 54.5]}, "properties": {"value": 1.593, "time": "2025-12-20T04:00:00", "date": "2025-12-20", "hour": 4}}, {"type": "Feature", "geometry": {"type": "Point", "coordinates": [6.5, 54.5]}, "properties": {"value": 1.577, "time": "2025-12-20T04:00:00", "date": "2025-12-20", "hour": 4}}, {"type": "Feature", "geometry": {"type": "Point", "coordinates": [7.0, 54.5]}, "properties": {"value": 1.547, "time": "2025-12-20T04:00:00", "date": "2025-12-20", "hour": 4}}, {"type": "Feature", "geometry": {"type": "Point", "coordinates": [7.5, 54.5]}, "properties": {"value": 1.487, "time": "2025-12-20T04:00:00", "date": "2025-12-20", "hour": 4}}, {"type": "Feature", "geometry": {"type": "Point", "coordinates": [8.0, 54.5]}, "properties": {"value": 1.361, "time": "2025-12-20T04:00:00", "date": "2025-12-20", "hour": 4}}, {"type": "Feature", "geometry": {"type": "Point", "coordinates": [8.5, 54.5]}, "properties": {"value": 1.092, "time": "2025-12-20T04:00:00", "date": "2025-12-20", "hour": 4}}, {"type": "Feature", "geometry": {"type": "Point", "coordinates": [11.0, 54.5]}, "properties": {"value": 0.559, "time": "2025-12-20T04:00:00", "date": "2025-12-20", "hour": 4}}, {"type": "Feature", "geometry": {"type": "Point", "coordinates": [11.5, 54.5]}, "properties": {"value": 0.577, "time": "2025-12-20T04:00:00", "date": "2025-12-20", "hour": 4}}, {"type": "Feature", "geometry": {"type": "Point", "coordinates": [12.0, 54.5]}, "properties": {"value": 0.44, "time": "2025-12-20T04:00:00", "date": "2025-12-20", "hour": 4}}, {"type": "Feature", "geometry": {"type": "Point", "coordinates": [12.5, 54.5]}, "properties": {"value": 0.438, "time": "2025-12-20T04:00:00", "date": "2025-12-20", "hour": 4}}, {"type": "Feature", "geometry": {"type": "Point", "coordinates": [13.0, 54.5]}, "properties": {"value": 0.377, "time": "2025-12-20T04:00:00", "date": "2025-12-20", "hour": 4}}, {"type": "Feature", "geometry": {"type": "Point", "coordinates": [13.5, 54.5]}, "properties": {"value": 0.41, "time": "2025-12-20T04:00:00", "date": "2025-12-20", "hour": 4}}, {"type": "Feature", "geometry": {"type": "Point", "coordinates": [14.0, 54.5]}, "properties": {"value": 0.486, "time": "2025-12-20T04:00:00", "date": "2025-12-20", "hour": 4}}, {"type": "Feature", "geometry": {"type": "Point", "coordinates": [14.5, 54.5]}, "properties": {"value": 0.548, "time": "2025-12-20T04:00:00", "date": "2025-12-20", "hour": 4}}, {"type": "Feature", "geometry": {"type": "Point", "coordinates": [15.0, 54.5]}, "properties": {"value": 0.572, "time": "2025-12-20T04:00:00", "date": "2025-12-20", "hour": 4}}, {"type": "Feature", "geometry": {"type": "Point", "coordinates": [5.0, 55.0]}, "properties": {"value": 1.814, "time": "2025-12-20T04:00:00", "date": "2025-12-20", "hour": 4}}, {"type": "Feature", "geometry": {"type": "Point", "coordinates": [5.5, 55.0]}, "properties": {"value": 1.84, "time": "2025-12-20T04:00:00", "date": "2025-12-20", "hour": 4}}, {"type": "Feature", "geometry": {"type": "Point", "coordinates": [6.0, 55.0]}, "properties": {"value": 1.852, "time": "2025-12-20T04:00:00", "date": "2025-12-20", "hour": 4}}, {"type": "Feature", "geometry": {"type": "Point", "coordinates": [6.5, 55.0]}, "properties": {"value": 1.843, "time": "2025-12-20T04:00:00", "date": "2025-12-20", "hour": 4}}, {"type": "Feature", "geometry": {"type": "Point", "coordinates": [7.0, 55.0]}, "properties": {"value": 1.802, "time": "2025-12-20T04:00:00", "date": "2025-12-20", "hour": 4}}, {"type": "Feature", "geometry": {"type": "Point", "coordinates": [7.5, 55.0]}, "properties": {"value": 1.728, "time": "2025-12-20T04:00:00", "date": "2025-12-20", "hour": 4}}, {"type": "Feature", "geometry": {"type": "Point", "coordinates": [8.0, 55.0]}, "properties": {"value": 1.581, "time": "2025-12-20T04:00:00", "date": "2025-12-20", "hour": 4}}, {"type": "Feature", "geometry": {"type": "Point", "coordinates": [8.5, 55.0]}, "properties": {"value": 1.284, "time": "2025-12-20T04:00:00", "date": "2025-12-20", "hour": 4}}, {"type": "Feature", "geometry": {"type": "Point", "coordinates": [10.0, 55.0]}, "properties": {"value": 0.281, "time": "2025-12-20T04:00:00", "date": "2025-12-20", "hour": 4}}, {"type": "Feature", "geometry": {"type": "Point", "coordinates": [10.5, 55.0]}, "properties": {"value": 0.47, "time": "2025-12-20T04:00:00", "date": "2025-12-20", "hour": 4}}, {"type": "Feature", "geometry": {"type": "Point", "coordinates": [11.0, 55.0]}, "properties": {"value": 0.581, "time": "2025-12-20T04:00:00", "date": "2025-12-20", "hour": 4}}, {"type": "Feature", "geometry": {"type": "Point", "coordinates": [11.5, 55.0]}, "properties": {"value": 0.603, "time": "2025-12-20T04:00:00", "date": "2025-12-20", "hour": 4}}, {"type": "Feature", "geometry": {"type": "Point", "coordinates": [12.5, 55.0]}, "properties": {"value": 0.658, "time": "2025-12-20T04:00:00", "date": "2025-12-20", "hour": 4}}, {"type": "Feature", "geometry": {"type": "Point", "coordinates": [13.0, 55.0]}, "properties": {"value": 0.755, "time": "2025-12-20T04:00:00", "date": "2025-12-20", "hour": 4}}, {"type": "Feature", "geometry": {"type": "Point", "coordinates": [13.5, 55.0]}, "properties": {"value": 0.808, "time": "2025-12-20T04:00:00", "date": "2025-12-20", "hour": 4}}, {"type": "Feature", "geometry": {"type": "Point", "coordinates": [14.0, 55.0]}, "properties": {"value": 0.856, "time": "2025-12-20T04:00:00", "date": "2025-12-20", "hour": 4}}, {"type": "Feature", "geometry": {"type": "Point", "coordinates": [14.5, 55.0]}, "properties": {"value": 0.872, "time": "2025-12-20T04:00:00", "date": "2025-12-20", "hour": 4}}, {"type": "Feature", "geometry": {"type": "Point", "coordinates": [15.0, 55.0]}, "properties": {"value": 0.811, "time": "2025-12-20T04:00:00", "date": "2025-12-20", "hour": 4}}, {"type": "Feature", "geometry": {"type": "Point", "coordinates": [5.0, 53.0]}, "properties": {"value": 0.759, "time": "2025-12-20T05:00:00", "date": "2025-12-20", "hour": 5}}, {"type": "Feature", "geometry": {"type": "Point", "coordinates": [5.0, 53.5]}, "properties": {"value": 0.963, "time": "2025-12-20T05:00:00", "date": "2025-12-20", "hour": 5}}, {"type": "Feature", "geometry": {"type": "Point", "coordinates": [5.5, 53.5]}, "properties": {"value": 0.916, "time": "2025-12-20T05:00:00", "date": "2025-12-20", "hour": 5}}, {"type": "Feature", "geometry": {"type": "Point", "coordinates": [6.0, 53.5]}, "properties": {"value": 0.89, "time": "2025-12-20T05:00:00", "date": "2025-12-20", "hour": 5}}, {"type": "Feature", "geometry": {"type": "Point", "coordinates": [7.0, 53.5]}, "properties": {"value": 0.741, "time": "2025-12-20T05:00:00", "date": "2025-12-20", "hour": 5}}, {"type": "Feature", "geometry": {"type": "Point", "coordinates": [7.5, 53.5]}, "properties": {"value": 0.547, "time": "2025-12-20T05:00:00", "date": "2025-12-20", "hour": 5}}, {"type": "Feature", "geometry": {"type": "Point", "coordinates": [8.5, 53.5]}, "properties": {"value": 0.306, "time": "2025-12-20T05:00:00", "date": "2025-12-20", "hour": 5}}, {"type": "Feature", "geometry": {"type": "Point", "coordinates": [5.0, 54.0]}, "properties": {"value": 1.316, "time": "2025-12-20T05:00:00", "date": "2025-12-20", "hour": 5}}, {"type": "Feature", "geometry": {"type": "Point", "coordinates": [5.5, 54.0]}, "properties": {"value": 1.291, "time": "2025-12-20T05:00:00", "date": "2025-12-20", "hour": 5}}, {"type": "Feature", "geometry": {"type": "Point", "coordinates": [6.0, 54.0]}, "properties": {"value": 1.253, "time": "2025-12-20T05:00:00", "date": "2025-12-20", "hour": 5}}, {"type": "Feature", "geometry": {"type": "Point", "coordinates": [6.5, 54.0]}, "properties": {"value": 1.226, "time": "2025-12-20T05:00:00", "date": "2025-12-20", "hour": 5}}, {"type": "Feature", "geometry": {"type": "Point", "coordinates": [7.0, 54.0]}, "properties": {"value": 1.202, "time": "2025-12-20T05:00:00", "date": "2025-12-20", "hour": 5}}, {"type": "Feature", "geometry": {"type": "Point", "coordinates": [7.5, 54.0]}, "properties": {"value": 1.171, "time": "2025-12-20T05:00:00", "date": "2025-12-20", "hour": 5}}, {"type": "Feature", "geometry": {"type": "Point", "coordinates": [8.0, 54.0]}, "properties": {"value": 1.124, "time": "2025-12-20T05:00:00", "date": "2025-12-20", "hour": 5}}, {"type": "Feature", "geometry": {"type": "Point", "coordinates": [8.5, 54.0]}, "properties": {"value": 1.007, "time": "2025-12-20T05:00:00", "date": "2025-12-20", "hour": 5}}, {"type": "Feature", "geometry": {"type": "Point", "coordinates": [11.0, 54.0]}, "properties": {"value": 0.145, "time": "2025-12-20T05:00:00", "date": "2025-12-20", "hour": 5}}, {"type": "Feature", "geometry": {"type": "Point", "coordinates": [14.0, 54.0]}, "properties": {"value": 0.16, "time": "2025-12-20T05:00:00", "date": "2025-12-20", "hour": 5}}, {"type": "Feature", "geometry": {"type": "Point", "coordinates": [14.5, 54.0]}, "properties": {"value": 0.197, "time": "2025-12-20T05:00:00", "date": "2025-12-20", "hour": 5}}, {"type": "Feature", "geometry": {"type": "Point", "coordinates": [15.0, 54.0]}, "properties": {"value": 0.214, "time": "2025-12-20T05:00:00", "date": "2025-12-20", "hour": 5}}, {"type": "Feature", "geometry": {"type": "Point", "coordinates": [5.0, 54.5]}, "properties": {"value": 1.538, "time": "2025-12-20T05:00:00", "date": "2025-12-20", "hour": 5}}, {"type": "Feature", "geometry": {"type": "Point", "coordinates": [5.5, 54.5]}, "properties": {"value": 1.54, "time": "2025-12-20T05:00:00", "date": "2025-12-20", "hour": 5}}, {"type": "Feature", "geometry": {"type": "Point", "coordinates": [6.0, 54.5]}, "properties": {"value": 1.532, "time": "2025-12-20T05:00:00", "date": "2025-12-20", "hour": 5}}, {"type": "Feature", "geometry": {"type": "Point", "coordinates": [6.5, 54.5]}, "properties": {"value": 1.52, "time": "2025-12-20T05:00:00", "date": "2025-12-20", "hour": 5}}, {"type": "Feature", "geometry": {"type": "Point", "coordinates": [7.0, 54.5]}, "properties": {"value": 1.495, "time": "2025-12-20T05:00:00", "date": "2025-12-20", "hour": 5}}, {"type": "Feature", "geometry": {"type": "Point", "coordinates": [7.5, 54.5]}, "properties": {"value": 1.44, "time": "2025-12-20T05:00:00", "date": "2025-12-20", "hour": 5}}, {"type": "Feature", "geometry": {"type": "Point", "coordinates": [8.0, 54.5]}, "properties": {"value": 1.321, "time": "2025-12-20T05:00:00", "date": "2025-12-20", "hour": 5}}, {"type": "Feature", "geometry": {"type": "Point", "coordinates": [8.5, 54.5]}, "properties": {"value": 1.057, "time": "2025-12-20T05:00:00", "date": "2025-12-20", "hour": 5}}, {"type": "Feature", "geometry": {"type": "Point", "coordinates": [11.0, 54.5]}, "properties": {"value": 0.542, "time": "2025-12-20T05:00:00", "date": "2025-12-20", "hour": 5}}, {"type": "Feature", "geometry": {"type": "Point", "coordinates": [11.5, 54.5]}, "properties": {"value": 0.556, "time": "2025-12-20T05:00:00", "date": "2025-12-20", "hour": 5}}, {"type": "Feature", "geometry": {"type": "Point", "coordinates": [12.0, 54.5]}, "properties": {"value": 0.43, "time": "2025-12-20T05:00:00", "date": "2025-12-20", "hour": 5}}, {"type": "Feature", "geometry": {"type": "Point", "coordinates": [12.5, 54.5]}, "properties": {"value": 0.427, "time": "2025-12-20T05:00:00", "date": "2025-12-20", "hour": 5}}, {"type": "Feature", "geometry": {"type": "Point", "coordinates": [13.0, 54.5]}, "properties": {"value": 0.371, "time": "2025-12-20T05:00:00", "date": "2025-12-20", "hour": 5}}, {"type": "Feature", "geometry": {"type": "Point", "coordinates": [13.5, 54.5]}, "properties": {"value": 0.4, "time": "2025-12-20T05:00:00", "date": "2025-12-20", "hour": 5}}, {"type": "Feature", "geometry": {"type": "Point", "coordinates": [14.0, 54.5]}, "properties": {"value": 0.478, "time": "2025-12-20T05:00:00", "date": "2025-12-20", "hour": 5}}, {"type": "Feature", "geometry": {"type": "Point", "coordinates": [14.5, 54.5]}, "properties": {"value": 0.553, "time": "2025-12-20T05:00:00", "date": "2025-12-20", "hour": 5}}, {"type": "Feature", "geometry": {"type": "Point", "coordinates": [15.0, 54.5]}, "properties": {"value": 0.586, "time": "2025-12-20T05:00:00", "date": "2025-12-20", "hour": 5}}, {"type": "Feature", "geometry": {"type": "Point", "coordinates": [5.0, 55.0]}, "properties": {"value": 1.734, "time": "2025-12-20T05:00:00", "date": "2025-12-20", "hour": 5}}, {"type": "Feature", "geometry": {"type": "Point", "coordinates": [5.5, 55.0]}, "properties": {"value": 1.759, "time": "2025-12-20T05:00:00", "date": "2025-12-20", "hour": 5}}, {"type": "Feature", "geometry": {"type": "Point", "coordinates": [6.0, 55.0]}, "properties": {"value": 1.774, "time": "2025-12-20T05:00:00", "date": "2025-12-20", "hour": 5}}, {"type": "Feature", "geometry": {"type": "Point", "coordinates": [6.5, 55.0]}, "properties": {"value": 1.768, "time": "2025-12-20T05:00:00", "date": "2025-12-20", "hour": 5}}, {"type": "Feature", "geometry": {"type": "Point", "coordinates": [7.0, 55.0]}, "properties": {"value": 1.731, "time": "2025-12-20T05:00:00", "date": "2025-12-20", "hour": 5}}, {"type": "Feature", "geometry": {"type": "Point", "coordinates": [7.5, 55.0]}, "properties": {"value": 1.66, "time": "2025-12-20T05:00:00", "date": "2025-12-20", "hour": 5}}, {"type": "Feature", "geometry": {"type": "Point", "coordinates": [8.0, 55.0]}, "properties": {"value": 1.522, "time": "2025-12-20T05:00:00", "date": "2025-12-20", "hour": 5}}, {"type": "Feature", "geometry": {"type": "Point", "coordinates": [8.5, 55.0]}, "properties": {"value": 1.237, "time": "2025-12-20T05:00:00", "date": "2025-12-20", "hour": 5}}, {"type": "Feature", "geometry": {"type": "Point", "coordinates": [10.0, 55.0]}, "properties": {"value": 0.265, "time": "2025-12-20T05:00:00", "date": "2025-12-20", "hour": 5}}, {"type": "Feature", "geometry": {"type": "Point", "coordinates": [10.5, 55.0]}, "properties": {"value": 0.452, "time": "2025-12-20T05:00:00", "date": "2025-12-20", "hour": 5}}, {"type": "Feature", "geometry": {"type": "Point", "coordinates": [11.0, 55.0]}, "properties": {"value": 0.558, "time": "2025-12-20T05:00:00", "date": "2025-12-20", "hour": 5}}, {"type": "Feature", "geometry": {"type": "Point", "coordinates": [11.5, 55.0]}, "properties": {"value": 0.58, "time": "2025-12-20T05:00:00", "date": "2025-12-20", "hour": 5}}, {"type": "Feature", "geometry": {"type": "Point", "coordinates": [12.5, 55.0]}, "properties": {"value": 0.633, "time": "2025-12-20T05:00:00", "date": "2025-12-20", "hour": 5}}, {"type": "Feature", "geometry": {"type": "Point", "coordinates": [13.0, 55.0]}, "properties": {"value": 0.731, "time": "2025-12-20T05:00:00", "date": "2025-12-20", "hour": 5}}, {"type": "Feature", "geometry": {"type": "Point", "coordinates": [13.5, 55.0]}, "properties": {"value": 0.786, "time": "2025-12-20T05:00:00", "date": "2025-12-20", "hour": 5}}, {"type": "Feature", "geometry": {"type": "Point", "coordinates": [14.0, 55.0]}, "properties": {"value": 0.848, "time": "2025-12-20T05:00:00", "date": "2025-12-20", "hour": 5}}, {"type": "Feature", "geometry": {"type": "Point", "coordinates": [14.5, 55.0]}, "properties": {"value": 0.877, "time": "2025-12-20T05:00:00", "date": "2025-12-20", "hour": 5}}, {"type": "Feature", "geometry": {"type": "Point", "coordinates": [15.0, 55.0]}, "properties": {"value": 0.831, "time": "2025-12-20T05:00:00", "date": "2025-12-20", "hour": 5}}, {"type": "Feature", "geometry": {"type": "Point", "coordinates": [5.0, 53.0]}, "properties": {"value": 0.731, "time": "2025-12-20T06:00:00", "date": "2025-12-20", "hour": 6}}, {"type": "Feature", "geometry": {"type": "Point", "coordinates": [5.0, 53.5]}, "properties": {"value": 0.932, "time": "2025-12-20T06:00:00", "date": "2025-12-20", "hour": 6}}, {"type": "Feature", "geometry": {"type": "Point", "coordinates": [5.5, 53.5]}, "properties": {"value": 0.892, "time": "2025-12-20T06:00:00", "date": "2025-12-20", "hour": 6}}, {"type": "Feature", "geometry": {"type": "Point", "coordinates": [6.0, 53.5]}, "properties": {"value": 0.872, "time": "2025-12-20T06:00:00", "date": "2025-12-20", "hour": 6}}, {"type": "Feature", "geometry": {"type": "Point", "coordinates": [7.0, 53.5]}, "properties": {"value": 0.722, "time": "2025-12-20T06:00:00", "date": "2025-12-20", "hour": 6}}, {"type": "Feature", "geometry": {"type": "Point", "coordinates": [7.5, 53.5]}, "properties": {"value": 0.531, "time": "2025-12-20T06:00:00", "date": "2025-12-20", "hour": 6}}, {"type": "Feature", "geometry": {"type": "Point", "coordinates": [8.5, 53.5]}, "properties": {"value": 0.301, "time": "2025-12-20T06:00:00", "date": "2025-12-20", "hour": 6}}, {"type": "Feature", "geometry": {"type": "Point", "coordinates": [5.0, 54.0]}, "properties": {"value": 1.273, "time": "2025-12-20T06:00:00", "date": "2025-12-20", "hour": 6}}, {"type": "Feature", "geometry": {"type": "Point", "coordinates": [5.5, 54.0]}, "properties": {"value": 1.254, "time": "2025-12-20T06:00:00", "date": "2025-12-20", "hour": 6}}, {"type": "Feature", "geometry": {"type": "Point", "coordinates": [6.0, 54.0]}, "properties": {"value": 1.222, "time": "2025-12-20T06:00:00", "date": "2025-12-20", "hour": 6}}, {"type": "Feature", "geometry": {"type": "Point", "coordinates": [6.5, 54.0]}, "properties": {"value": 1.199, "time": "2025-12-20T06:00:00", "date": "2025-12-20", "hour": 6}}, {"type": "Feature", "geometry": {"type": "Point", "coordinates": [7.0, 54.0]}, "properties": {"value": 1.175, "time": "2025-12-20T06:00:00", "date": "2025-12-20", "hour": 6}}, {"type": "Feature", "geometry": {"type": "Point", "coordinates": [7.5, 54.0]}, "properties": {"value": 1.144, "time": "2025-12-20T06:00:00", "date": "2025-12-20", "hour": 6}}, {"type": "Feature", "geometry": {"type": "Point", "coordinates": [8.0, 54.0]}, "properties": {"value": 1.095, "time": "2025-12-20T06:00:00", "date": "2025-12-20", "hour": 6}}, {"type": "Feature", "geometry": {"type": "Point", "coordinates": [8.5, 54.0]}, "properties": {"value": 0.977, "time": "2025-12-20T06:00:00", "date": "2025-12-20", "hour": 6}}, {"type": "Feature", "geometry": {"type": "Point", "coordinates": [11.0, 54.0]}, "properties": {"value": 0.139, "time": "2025-12-20T06:00:00", "date": "2025-12-20", "hour": 6}}, {"type": "Feature", "geometry": {"type": "Point", "coordinates": [14.0, 54.0]}, "properties": {"value": 0.159, "time": "2025-12-20T06:00:00", "date": "2025-12-20", "hour": 6}}, {"type": "Feature", "geometry": {"type": "Point", "coordinates": [14.5, 54.0]}, "properties": {"value": 0.198, "time": "2025-12-20T06:00:00", "date": "2025-12-20", "hour": 6}}, {"type": "Feature", "geometry": {"type": "Point", "coordinates": [15.0, 54.0]}, "properties": {"value": 0.216, "time": "2025-12-20T06:00:00", "date": "2025-12-20", "hour": 6}}, {"type": "Feature", "geometry": {"type": "Point", "coordinates": [5.0, 54.5]}, "properties": {"value": 1.478, "time": "2025-12-20T06:00:00", "date": "2025-12-20", "hour": 6}}, {"type": "Feature", "geometry": {"type": "Point", "coordinates": [5.5, 54.5]}, "properties": {"value": 1.486, "time": "2025-12-20T06:00:00", "date": "2025-12-20", "hour": 6}}, {"type": "Feature", "geometry": {"type": "Point", "coordinates": [6.0, 54.5]}, "properties": {"value": 1.484, "time": "2025-12-20T06:00:00", "date": "2025-12-20", "hour": 6}}, {"type": "Feature", "geometry": {"type": "Point", "coordinates": [6.5, 54.5]}, "properties": {"value": 1.475, "time": "2025-12-20T06:00:00", "date": "2025-12-20", "hour": 6}}, {"type": "Feature", "geometry": {"type": "Point", "coordinates": [7.0, 54.5]}, "properties": {"value": 1.454, "time": "2025-12-20T06:00:00", "date": "2025-12-20", "hour": 6}}, {"type": "Feature", "geometry": {"type": "Point", "coordinates": [7.5, 54.5]}, "properties": {"value": 1.403, "time": "2025-12-20T06:00:00", "date": "2025-12-20", "hour": 6}}, {"type": "Feature", "geometry": {"type": "Point", "coordinates": [8.0, 54.5]}, "properties": {"value": 1.288, "time": "2025-12-20T06:00:00", "date": "2025-12-20", "hour": 6}}, {"type": "Feature", "geometry": {"type": "Point", "coordinates": [8.5, 54.5]}, "properties": {"value": 1.026, "time": "2025-12-20T06:00:00", "date": "2025-12-20", "hour": 6}}, {"type": "Feature", "geometry": {"type": "Point", "coordinates": [11.0, 54.5]}, "properties": {"value": 0.511, "time": "2025-12-20T06:00:00", "date": "2025-12-20", "hour": 6}}, {"type": "Feature", "geometry": {"type": "Point", "coordinates": [11.5, 54.5]}, "properties": {"value": 0.526, "time": "2025-12-20T06:00:00", "date": "2025-12-20", "hour": 6}}, {"type": "Feature", "geometry": {"type": "Point", "coordinates": [12.0, 54.5]}, "properties": {"value": 0.413, "time": "2025-12-20T06:00:00", "date": "2025-12-20", "hour": 6}}, {"type": "Feature", "geometry": {"type": "Point", "coordinates": [12.5, 54.5]}, "properties": {"value": 0.409, "time": "2025-12-20T06:00:00", "date": "2025-12-20", "hour": 6}}, {"type": "Feature", "geometry": {"type": "Point", "coordinates": [13.0, 54.5]}, "properties": {"value": 0.358, "time": "2025-12-20T06:00:00", "date": "2025-12-20", "hour": 6}}, {"type": "Feature", "geometry": {"type": "Point", "coordinates": [13.5, 54.5]}, "properties": {"value": 0.386, "time": "2025-12-20T06:00:00", "date": "2025-12-20", "hour": 6}}, {"type": "Feature", "geometry": {"type": "Point", "coordinates": [14.0, 54.5]}, "properties": {"value": 0.467, "time": "2025-12-20T06:00:00", "date": "2025-12-20", "hour": 6}}, {"type": "Feature", "geometry": {"type": "Point", "coordinates": [14.5, 54.5]}, "properties": {"value": 0.546, "time": "2025-12-20T06:00:00", "date": "2025-12-20", "hour": 6}}, {"type": "Feature", "geometry": {"type": "Point", "coordinates": [15.0, 54.5]}, "properties": {"value": 0.587, "time": "2025-12-20T06:00:00", "date": "2025-12-20", "hour": 6}}, {"type": "Feature", "geometry": {"type": "Point", "coordinates": [5.0, 55.0]}, "properties": {"value": 1.66, "time": "2025-12-20T06:00:00", "date": "2025-12-20", "hour": 6}}, {"type": "Feature", "geometry": {"type": "Point", "coordinates": [5.5, 55.0]}, "properties": {"value": 1.687, "time": "2025-12-20T06:00:00", "date": "2025-12-20", "hour": 6}}, {"type": "Feature", "geometry": {"type": "Point", "coordinates": [6.0, 55.0]}, "properties": {"value": 1.705, "time": "2025-12-20T06:00:00", "date": "2025-12-20", "hour": 6}}, {"type": "Feature", "geometry": {"type": "Point", "coordinates": [6.5, 55.0]}, "properties": {"value": 1.704, "time": "2025-12-20T06:00:00", "date": "2025-12-20", "hour": 6}}, {"type": "Feature", "geometry": {"type": "Point", "coordinates": [7.0, 55.0]}, "properties": {"value": 1.673, "time": "2025-12-20T06:00:00", "date": "2025-12-20", "hour": 6}}, {"type": "Feature", "geometry": {"type": "Point", "coordinates": [7.5, 55.0]}, "properties": {"value": 1.601, "time": "2025-12-20T06:00:00", "date": "2025-12-20", "hour": 6}}, {"type": "Feature", "geometry": {"type": "Point", "coordinates": [8.0, 55.0]}, "properties": {"value": 1.467, "time": "2025-12-20T06:00:00", "date": "2025-12-20", "hour": 6}}, {"type": "Feature", "geometry": {"type": "Point", "coordinates": [8.5, 55.0]}, "properties": {"value": 1.191, "time": "2025-12-20T06:00:00", "date": "2025-12-20", "hour": 6}}, {"type": "Feature", "geometry": {"type": "Point", "coordinates": [10.0, 55.0]}, "properties": {"value": 0.247, "time": "2025-12-20T06:00:00", "date": "2025-12-20", "hour": 6}}, {"type": "Feature", "geometry": {"type": "Point", "coordinates": [10.5, 55.0]}, "properties": {"value": 0.426, "time": "2025-12-20T06:00:00", "date": "2025-12-20", "hour": 6}}, {"type": "Feature", "geometry": {"type": "Point", "coordinates": [11.0, 55.0]}, "properties": {"value": 0.527, "time": "2025-12-20T06:00:00", "date": "2025-12-20", "hour": 6}}, {"type": "Feature", "geometry": {"type": "Point", "coordinates": [11.5, 55.0]}, "properties": {"value": 0.549, "time": "2025-12-20T06:00:00", "date": "2025-12-20", "hour": 6}}, {"type": "Feature", "geometry": {"type": "Point", "coordinates": [12.5, 55.0]}, "properties": {"value": 0.603, "time": "2025-12-20T06:00:00", "date": "2025-12-20", "hour": 6}}, {"type": "Feature", "geometry": {"type": "Point", "coordinates": [13.0, 55.0]}, "properties": {"value": 0.703, "time": "2025-12-20T06:00:00", "date": "2025-12-20", "hour": 6}}, {"type": "Feature", "geometry": {"type": "Point", "coordinates": [13.5, 55.0]}, "properties": {"value": 0.759, "time": "2025-12-20T06:00:00", "date": "2025-12-20", "hour": 6}}, {"type": "Feature", "geometry": {"type": "Point", "coordinates": [14.0, 55.0]}, "properties": {"value": 0.826, "time": "2025-12-20T06:00:00", "date": "2025-12-20", "hour": 6}}, {"type": "Feature", "geometry": {"type": "Point", "coordinates": [14.5, 55.0]}, "properties": {"value": 0.866, "time": "2025-12-20T06:00:00", "date": "2025-12-20", "hour": 6}}, {"type": "Feature", "geometry": {"type": "Point", "coordinates": [15.0, 55.0]}, "properties": {"value": 0.828, "time": "2025-12-20T06:00:00", "date": "2025-12-20", "hour": 6}}, {"type": "Feature", "geometry": {"type": "Point", "coordinates": [5.0, 53.0]}, "properties": {"value": 0.702, "time": "2025-12-20T07:00:00", "date": "2025-12-20", "hour": 7}}, {"type": "Feature", "geometry": {"type": "Point", "coordinates": [5.0, 53.5]}, "properties": {"value": 0.905, "time": "2025-12-20T07:00:00", "date": "2025-12-20", "hour": 7}}, {"type": "Feature", "geometry": {"type": "Point", "coordinates": [5.5, 53.5]}, "properties": {"value": 0.869, "time": "2025-12-20T07:00:00", "date": "2025-12-20", "hour": 7}}, {"type": "Feature", "geometry": {"type": "Point", "coordinates": [6.0, 53.5]}, "properties": {"value": 0.853, "time": "2025-12-20T07:00:00", "date": "2025-12-20", "hour": 7}}, {"type": "Feature", "geometry": {"type": "Point", "coordinates": [7.0, 53.5]}, "properties": {"value": 0.702, "time": "2025-12-20T07:00:00", "date": "2025-12-20", "hour": 7}}, {"type": "Feature", "geometry": {"type": "Point", "coordinates": [7.5, 53.5]}, "properties": {"value": 0.516, "time": "2025-12-20T07:00:00", "date": "2025-12-20", "hour": 7}}, {"type": "Feature", "geometry": {"type": "Point", "coordinates": [8.5, 53.5]}, "properties": {"value": 0.296, "time": "2025-12-20T07:00:00", "date": "2025-12-20", "hour": 7}}, {"type": "Feature", "geometry": {"type": "Point", "coordinates": [5.0, 54.0]}, "properties": {"value": 1.236, "time": "2025-12-20T07:00:00", "date": "2025-12-20", "hour": 7}}, {"type": "Feature", "geometry": {"type": "Point", "coordinates": [5.5, 54.0]}, "properties": {"value": 1.222, "time": "2025-12-20T07:00:00", "date": "2025-12-20", "hour": 7}}, {"type": "Feature", "geometry": {"type": "Point", "coordinates": [6.0, 54.0]}, "properties": {"value": 1.191, "time": "2025-12-20T07:00:00", "date": "2025-12-20", "hour": 7}}, {"type": "Feature", "geometry": {"type": "Point", "coordinates": [6.5, 54.0]}, "properties": {"value": 1.169, "time": "2025-12-20T07:00:00", "date": "2025-12-20", "hour": 7}}, {"type": "Feature", "geometry": {"type": "Point", "coordinates": [7.0, 54.0]}, "properties": {"value": 1.146, "time": "2025-12-20T07:00:00", "date": "2025-12-20", "hour": 7}}, {"type": "Feature", "geometry": {"type": "Point", "coordinates": [7.5, 54.0]}, "properties": {"value": 1.114, "time": "2025-12-20T07:00:00", "date": "2025-12-20", "hour": 7}}, {"type": "Feature", "geometry": {"type": "Point", "coordinates": [8.0, 54.0]}, "properties": {"value": 1.063, "time": "2025-12-20T07:00:00", "date": "2025-12-20", "hour": 7}}, {"type": "Feature", "geometry": {"type": "Point", "coordinates": [8.5, 54.0]}, "properties": {"value": 0.945, "time": "2025-12-20T07:00:00", "date": "2025-12-20", "hour": 7}}, {"type": "Feature", "geometry": {"type": "Point", "coordinates": [11.0, 54.0]}, "properties": {"value": 0.134, "time": "2025-12-20T07:00:00", "date": "2025-12-20", "hour": 7}}, {"type": "Feature", "geometry": {"type": "Point", "coordinates": [14.0, 54.0]}, "properties": {"value": 0.157, "time": "2025-12-20T07:00:00", "date": "2025-12-20", "hour": 7}}, {"type": "Feature", "geometry": {"type": "Point", "coordinates": [14.5, 54.0]}, "properties": {"value": 0.198, "time": "2025-12-20T07:00:00", "date": "2025-12-20", "hour": 7}}, {"type": "Feature", "geometry": {"type": "Point", "coordinates": [15.0, 54.0]}, "properties": {"value": 0.217, "time": "2025-12-20T07:00:00", "date": "2025-12-20", "hour": 7}}, {"type": "Feature", "geometry": {"type": "Point", "coordinates": [5.0, 54.5]}, "properties": {"value": 1.425, "time": "2025-12-20T07:00:00", "date": "2025-12-20", "hour": 7}}, {"type": "Feature", "geometry": {"type": "Point", "coordinates": [5.5, 54.5]}, "properties": {"value": 1.437, "time": "2025-12-20T07:00:00", "date": "2025-12-20", "hour": 7}}, {"type": "Feature", "geometry": {"type": "Point", "coordinates": [6.0, 54.5]}, "properties": {"value": 1.439, "time": "2025-12-20T07:00:00", "date": "2025-12-20", "hour": 7}}, {"type": "Feature", "geometry": {"type": "Point", "coordinates": [6.5, 54.5]}, "properties": {"value": 1.435, "time": "2025-12-20T07:00:00", "date": "2025-12-20", "hour": 7}}, {"type": "Feature", "geometry": {"type": "Point", "coordinates": [7.0, 54.5]}, "properties": {"value": 1.417, "time": "2025-12-20T07:00:00", "date": "2025-12-20", "hour": 7}}, {"type": "Feature", "geometry": {"type": "Point", "coordinates": [7.5, 54.5]}, "properties": {"value": 1.368, "time": "2025-12-20T07:00:00", "date": "2025-12-20", "hour": 7}}, {"type": "Feature", "geometry": {"type": "Point", "coordinates": [8.0, 54.5]}, "properties": {"value": 1.251, "time": "2025-12-20T07:00:00", "date": "2025-12-20", "hour": 7}}, {"type": "Feature", "geometry": {"type": "Point", "coordinates": [8.5, 54.5]}, "properties": {"value": 0.994, "time": "2025-12-20T07:00:00", "date": "2025-12-20", "hour": 7}}, {"type": "Feature", "geometry": {"type": "Point", "coordinates": [11.0, 54.5]}, "properties": {"value": 0.471, "time": "2025-12-20T07:00:00", "date": "2025-12-20", "hour": 7}}, {"type": "Feature", "geometry": {"type": "Point", "coordinates": [11.5, 54.5]}, "properties": {"value": 0.491, "time": "2025-12-20T07:00:00", "date": "2025-12-20", "hour": 7}}, {"type": "Feature", "geometry": {"type": "Point", "coordinates": [12.0, 54.5]}, "properties": {"value": 0.392, "time": "2025-12-20T07:00:00", "date": "2025-12-20", "hour": 7}}, {"type": "Feature", "geometry": {"type": "Point", "coordinates": [12.5, 54.5]}, "properties": {"value": 0.391, "time": "2025-12-20T07:00:00", "date": "2025-12-20", "hour": 7}}, {"type": "Feature", "geometry": {"type": "Point", "coordinates": [13.0, 54.5]}, "properties": {"value": 0.347, "time": "2025-12-20T07:00:00", "date": "2025-12-20", "hour": 7}}, {"type": "Feature", "geometry": {"type": "Point", "coordinates": [13.5, 54.5]}, "properties": {"value": 0.373, "time": "2025-12-20T07:00:00", "date": "2025-12-20", "hour": 7}}, {"type": "Feature", "geometry": {"type": "Point", "coordinates": [14.0, 54.5]}, "properties": {"value": 0.455, "time": "2025-12-20T07:00:00", "date": "2025-12-20", "hour": 7}}, {"type": "Feature", "geometry": {"type": "Point", "coordinates": [14.5, 54.5]}, "properties": {"value": 0.534, "time": "2025-12-20T07:00:00", "date": "2025-12-20", "hour": 7}}, {"type": "Feature", "geometry": {"type": "Point", "coordinates": [15.0, 54.5]}, "properties": {"value": 0.579, "time": "2025-12-20T07:00:00", "date": "2025-12-20", "hour": 7}}, {"type": "Feature", "geometry": {"type": "Point", "coordinates": [5.0, 55.0]}, "properties": {"value": 1.591, "time": "2025-12-20T07:00:00", "date": "2025-12-20", "hour": 7}}, {"type": "Feature", "geometry": {"type": "Point", "coordinates": [5.5, 55.0]}, "properties": {"value": 1.621, "time": "2025-12-20T07:00:00", "date": "2025-12-20", "hour": 7}}, {"type": "Feature", "geometry": {"type": "Point", "coordinates": [6.0, 55.0]}, "properties": {"value": 1.643, "time": "2025-12-20T07:00:00", "date": "2025-12-20", "hour": 7}}, {"type": "Feature", "geometry": {"type": "Point", "coordinates": [6.5, 55.0]}, "properties": {"value": 1.647, "time": "2025-12-20T07:00:00", "date": "2025-12-20", "hour": 7}}, {"type": "Feature", "geometry": {"type": "Point", "coordinates": [7.0, 55.0]}, "properties": {"value": 1.619, "time": "2025-12-20T07:00:00", "date": "2025-12-20", "hour": 7}}, {"type": "Feature", "geometry": {"type": "Point", "coordinates": [7.5, 55.0]}, "properties": {"value": 1.549, "time": "2025-12-20T07:00:00", "date": "2025-12-20", "hour": 7}}, {"type": "Feature", "geometry": {"type": "Point", "coordinates": [8.0, 55.0]}, "properties": {"value": 1.418, "time": "2025-12-20T07:00:00", "date": "2025-12-20", "hour": 7}}, {"type": "Feature", "geometry": {"type": "Point", "coordinates": [8.5, 55.0]}, "properties": {"value": 1.149, "time": "2025-12-20T07:00:00", "date": "2025-12-20", "hour": 7}}, {"type": "Feature", "geometry": {"type": "Point", "coordinates": [10.0, 55.0]}, "properties": {"value": 0.229, "time": "2025-12-20T07:00:00", "date": "2025-12-20", "hour": 7}}, {"type": "Feature", "geometry": {"type": "Point", "coordinates": [10.5, 55.0]}, "properties": {"value": 0.398, "time": "2025-12-20T07:00:00", "date": "2025-12-20", "hour": 7}}, {"type": "Feature", "geometry": {"type": "Point", "coordinates": [11.0, 55.0]}, "properties": {"value": 0.494, "time": "2025-12-20T07:00:00", "date": "2025-12-20", "hour": 7}}, {"type": "Feature", "geometry": {"type": "Point", "coordinates": [11.5, 55.0]}, "properties": {"value": 0.516, "time": "2025-12-20T07:00:00", "date": "2025-12-20", "hour": 7}}, {"type": "Feature", "geometry": {"type": "Point", "coordinates": [12.5, 55.0]}, "properties": {"value": 0.575, "time": "2025-12-20T07:00:00", "date": "2025-12-20", "hour": 7}}, {"type": "Feature", "geometry": {"type": "Point", "coordinates": [13.0, 55.0]}, "properties": {"value": 0.673, "time": "2025-12-20T07:00:00", "date": "2025-12-20", "hour": 7}}, {"type": "Feature", "geometry": {"type": "Point", "coordinates": [13.5, 55.0]}, "properties": {"value": 0.728, "time": "2025-12-20T07:00:00", "date": "2025-12-20", "hour": 7}}, {"type": "Feature", "geometry": {"type": "Point", "coordinates": [14.0, 55.0]}, "properties": {"value": 0.793, "time": "2025-12-20T07:00:00", "date": "2025-12-20", "hour": 7}}, {"type": "Feature", "geometry": {"type": "Point", "coordinates": [14.5, 55.0]}, "properties": {"value": 0.845, "time": "2025-12-20T07:00:00", "date": "2025-12-20", "hour": 7}}, {"type": "Feature", "geometry": {"type": "Point", "coordinates": [15.0, 55.0]}, "properties": {"value": 0.817, "time": "2025-12-20T07:00:00", "date": "2025-12-20", "hour": 7}}, {"type": "Feature", "geometry": {"type": "Point", "coordinates": [5.0, 53.0]}, "properties": {"value": 0.671, "time": "2025-12-20T08:00:00", "date": "2025-12-20", "hour": 8}}, {"type": "Feature", "geometry": {"type": "Point", "coordinates": [5.0, 53.5]}, "properties": {"value": 0.867, "time": "2025-12-20T08:00:00", "date": "2025-12-20", "hour": 8}}, {"type": "Feature", "geometry": {"type": "Point", "coordinates": [5.5, 53.5]}, "properties": {"value": 0.837, "time": "2025-12-20T08:00:00", "date": "2025-12-20", "hour": 8}}, {"type": "Feature", "geometry": {"type": "Point", "coordinates": [6.0, 53.5]}, "properties": {"value": 0.825, "time": "2025-12-20T08:00:00", "date": "2025-12-20", "hour": 8}}, {"type": "Feature", "geometry": {"type": "Point", "coordinates": [7.0, 53.5]}, "properties": {"value": 0.682, "time": "2025-12-20T08:00:00", "date": "2025-12-20", "hour": 8}}, {"type": "Feature", "geometry": {"type": "Point", "coordinates": [7.5, 53.5]}, "properties": {"value": 0.502, "time": "2025-12-20T08:00:00", "date": "2025-12-20", "hour": 8}}, {"type": "Feature", "geometry": {"type": "Point", "coordinates": [8.5, 53.5]}, "properties": {"value": 0.293, "time": "2025-12-20T08:00:00", "date": "2025-12-20", "hour": 8}}, {"type": "Feature", "geometry": {"type": "Point", "coordinates": [5.0, 54.0]}, "properties": {"value": 1.188, "time": "2025-12-20T08:00:00", "date": "2025-12-20", "hour": 8}}, {"type": "Feature", "geometry": {"type": "Point", "coordinates": [5.5, 54.0]}, "properties": {"value": 1.181, "time": "2025-12-20T08:00:00", "date": "2025-12-20", "hour": 8}}, {"type": "Feature", "geometry": {"type": "Point", "coordinates": [6.0, 54.0]}, "properties": {"value": 1.152, "time": "2025-12-20T08:00:00", "date": "2025-12-20", "hour": 8}}, {"type": "Feature", "geometry": {"type": "Point", "coordinates": [6.5, 54.0]}, "properties": {"value": 1.133, "time": "2025-12-20T08:00:00", "date": "2025-12-20", "hour": 8}}, {"type": "Feature", "geometry": {"type": "Point", "coordinates": [7.0, 54.0]}, "properties": {"value": 1.112, "time": "2025-12-20T08:00:00", "date": "2025-12-20", "hour": 8}}, {"type": "Feature", "geometry": {"type": "Point", "coordinates": [7.5, 54.0]}, "properties": {"value": 1.081, "time": "2025-12-20T08:00:00", "date": "2025-12-20", "hour": 8}}, {"type": "Feature", "geometry": {"type": "Point", "coordinates": [8.0, 54.0]}, "properties": {"value": 1.031, "time": "2025-12-20T08:00:00", "date": "2025-12-20", "hour": 8}}, {"type": "Feature", "geometry": {"type": "Point", "coordinates": [8.5, 54.0]}, "properties": {"value": 0.916, "time": "2025-12-20T08:00:00", "date": "2025-12-20", "hour": 8}}, {"type": "Feature", "geometry": {"type": "Point", "coordinates": [11.0, 54.0]}, "properties": {"value": 0.128, "time": "2025-12-20T08:00:00", "date": "2025-12-20", "hour": 8}}, {"type": "Feature", "geometry": {"type": "Point", "coordinates": [14.0, 54.0]}, "properties": {"value": 0.156, "time": "2025-12-20T08:00:00", "date": "2025-12-20", "hour": 8}}, {"type": "Feature", "geometry": {"type": "Point", "coordinates": [14.5, 54.0]}, "properties": {"value": 0.199, "time": "2025-12-20T08:00:00", "date": "2025-12-20", "hour": 8}}, {"type": "Feature", "geometry": {"type": "Point", "coordinates": [15.0, 54.0]}, "properties": {"value": 0.219, "time": "2025-12-20T08:00:00", "date": "2025-12-20", "hour": 8}}, {"type": "Feature", "geometry": {"type": "Point", "coordinates": [5.0, 54.5]}, "properties": {"value": 1.372, "time": "2025-12-20T08:00:00", "date": "2025-12-20", "hour": 8}}, {"type": "Feature", "geometry": {"type": "Point", "coordinates": [5.5, 54.5]}, "properties": {"value": 1.387, "time": "2025-12-20T08:00:00", "date": "2025-12-20", "hour": 8}}, {"type": "Feature", "geometry": {"type": "Point", "coordinates": [6.0, 54.5]}, "properties": {"value": 1.389, "time": "2025-12-20T08:00:00", "date": "2025-12-20", "hour": 8}}, {"type": "Feature", "geometry": {"type": "Point", "coordinates": [6.5, 54.5]}, "properties": {"value": 1.389, "time": "2025-12-20T08:00:00", "date": "2025-12-20", "hour": 8}}, {"type": "Feature", "geometry": {"type": "Point", "coordinates": [7.0, 54.5]}, "properties": {"value": 1.374, "time": "2025-12-20T08:00:00", "date": "2025-12-20", "hour": 8}}, {"type": "Feature", "geometry": {"type": "Point", "coordinates": [7.5, 54.5]}, "properties": {"value": 1.328, "time": "2025-12-20T08:00:00", "date": "2025-12-20", "hour": 8}}, {"type": "Feature", "geometry": {"type": "Point", "coordinates": [8.0, 54.5]}, "properties": {"value": 1.21, "time": "2025-12-20T08:00:00", "date": "2025-12-20", "hour": 8}}, {"type": "Feature", "geometry": {"type": "Point", "coordinates": [8.5, 54.5]}, "properties": {"value": 0.961, "time": "2025-12-20T08:00:00", "date": "2025-12-20", "hour": 8}}, {"type": "Feature", "geometry": {"type": "Point", "coordinates": [11.0, 54.5]}, "properties": {"value": 0.432, "time": "2025-12-20T08:00:00", "date": "2025-12-20", "hour": 8}}, {"type": "Feature", "geometry": {"type": "Point", "coordinates": [11.5, 54.5]}, "properties": {"value": 0.454, "time": "2025-12-20T08:00:00", "date": "2025-12-20", "hour": 8}}, {"type": "Feature", "geometry": {"type": "Point", "coordinates": [12.0, 54.5]}, "properties": {"value": 0.37, "time": "2025-12-20T08:00:00", "date": "2025-12-20", "hour": 8}}, {"type": "Feature", "geometry": {"type": "Point", "coordinates": [12.5, 54.5]}, "properties": {"value": 0.372, "time": "2025-12-20T08:00:00", "date": "2025-12-20", "hour": 8}}, {"type": "Feature", "geometry": {"type": "Point", "coordinates": [13.0, 54.5]}, "properties": {"value": 0.333, "time": "2025-12-20T08:00:00", "date": "2025-12-20", "hour": 8}}, {"type": "Feature", "geometry": {"type": "Point", "coordinates": [13.5, 54.5]}, "properties": {"value": 0.358, "time": "2025-12-20T08:00:00", "date": "2025-12-20", "hour": 8}}, {"type": "Feature", "geometry": {"type": "Point", "coordinates": [14.0, 54.5]}, "properties": {"value": 0.44, "time": "2025-12-20T08:00:00", "date": "2025-12-20", "hour": 8}}, {"type": "Feature", "geometry": {"type": "Point", "coordinates": [14.5, 54.5]}, "properties": {"value": 0.518, "time": "2025-12-20T08:00:00", "date": "2025-12-20", "hour": 8}}, {"type": "Feature", "geometry": {"type": "Point", "coordinates": [15.0, 54.5]}, "properties": {"value": 0.569, "time": "2025-12-20T08:00:00", "date": "2025-12-20", "hour": 8}}, {"type": "Feature", "geometry": {"type": "Point", "coordinates": [5.0, 55.0]}, "properties": {"value": 1.53, "time": "2025-12-20T08:00:00", "date": "2025-12-20", "hour": 8}}, {"type": "Feature", "geometry": {"type": "Point", "coordinates": [5.5, 55.0]}, "properties": {"value": 1.561, "time": "2025-12-20T08:00:00", "date": "2025-12-20", "hour": 8}}, {"type": "Feature", "geometry": {"type": "Point", "coordinates": [6.0, 55.0]}, "properties": {"value": 1.585, "time": "2025-12-20T08:00:00", "date": "2025-12-20", "hour": 8}}, {"type": "Feature", "geometry": {"type": "Point", "coordinates": [6.5, 55.0]}, "properties": {"value": 1.59, "time": "2025-12-20T08:00:00", "date": "2025-12-20", "hour": 8}}, {"type": "Feature", "geometry": {"type": "Point", "coordinates": [7.0, 55.0]}, "properties": {"value": 1.566, "time": "2025-12-20T08:00:00", "date": "2025-12-20", "hour": 8}}, {"type": "Feature", "geometry": {"type": "Point", "coordinates": [7.5, 55.0]}, "properties": {"value": 1.5, "time": "2025-12-20T08:00:00", "date": "2025-12-20", "hour": 8}}, {"type": "Feature", "geometry": {"type": "Point", "coordinates": [8.0, 55.0]}, "properties": {"value": 1.371, "time": "2025-12-20T08:00:00", "date": "2025-12-20", "hour": 8}}, {"type": "Feature", "geometry": {"type": "Point", "coordinates": [8.5, 55.0]}, "properties": {"value": 1.11, "time": "2025-12-20T08:00:00", "date": "2025-12-20", "hour": 8}}, {"type": "Feature", "geometry": {"type": "Point", "coordinates": [10.0, 55.0]}, "properties": {"value": 0.214, "time": "2025-12-20T08:00:00", "date": "2025-12-20", "hour": 8}}, {"type": "Feature", "geometry": {"type": "Point", "coordinates": [10.5, 55.0]}, "properties": {"value": 0.372, "time": "2025-12-20T08:00:00", "date": "2025-12-20", "hour": 8}}, {"type": "Feature", "geometry": {"type": "Point", "coordinates": [11.0, 55.0]}, "properties": {"value": 0.462, "time": "2025-12-20T08:00:00", "date": "2025-12-20", "hour": 8}}, {"type": "Feature", "geometry": {"type": "Point", "coordinates": [11.5, 55.0]}, "properties": {"value": 0.488, "time": "2025-12-20T08:00:00", "date": "2025-12-20", "hour": 8}}, {"type": "Feature", "geometry": {"type": "Point", "coordinates": [12.5, 55.0]}, "properties": {"value": 0.549, "time": "2025-12-20T08:00:00", "date": "2025-12-20", "hour": 8}}, {"type": "Feature", "geometry": {"type": "Point", "coordinates": [13.0, 55.0]}, "properties": {"value": 0.641, "time": "2025-12-20T08:00:00", "date": "2025-12-20", "hour": 8}}, {"type": "Feature", "geometry": {"type": "Point", "coordinates": [13.5, 55.0]}, "properties": {"value": 0.695, "time": "2025-12-20T08:00:00", "date": "2025-12-20", "hour": 8}}, {"type": "Feature", "geometry": {"type": "Point", "coordinates": [14.0, 55.0]}, "properties": {"value": 0.763, "time": "2025-12-20T08:00:00", "date": "2025-12-20", "hour": 8}}, {"type": "Feature", "geometry": {"type": "Point", "coordinates": [14.5, 55.0]}, "properties": {"value": 0.82, "time": "2025-12-20T08:00:00", "date": "2025-12-20", "hour": 8}}, {"type": "Feature", "geometry": {"type": "Point", "coordinates": [15.0, 55.0]}, "properties": {"value": 0.807, "time": "2025-12-20T08:00:00", "date": "2025-12-20", "hour": 8}}, {"type": "Feature", "geometry": {"type": "Point", "coordinates": [5.0, 53.0]}, "properties": {"value": 0.645, "time": "2025-12-20T09:00:00", "date": "2025-12-20", "hour": 9}}, {"type": "Feature", "geometry": {"type": "Point", "coordinates": [5.0, 53.5]}, "properties": {"value": 0.825, "time": "2025-12-20T09:00:00", "date": "2025-12-20", "hour": 9}}, {"type": "Feature", "geometry": {"type": "Point", "coordinates": [5.5, 53.5]}, "properties": {"value": 0.8, "time": "2025-12-20T09:00:00", "date": "2025-12-20", "hour": 9}}, {"type": "Feature", "geometry": {"type": "Point", "coordinates": [6.0, 53.5]}, "properties": {"value": 0.791, "time": "2025-12-20T09:00:00", "date": "2025-12-20", "hour": 9}}, {"type": "Feature", "geometry": {"type": "Point", "coordinates": [7.0, 53.5]}, "properties": {"value": 0.662, "time": "2025-12-20T09:00:00", "date": "2025-12-20", "hour": 9}}, {"type": "Feature", "geometry": {"type": "Point", "coordinates": [7.5, 53.5]}, "properties": {"value": 0.49, "time": "2025-12-20T09:00:00", "date": "2025-12-20", "hour": 9}}, {"type": "Feature", "geometry": {"type": "Point", "coordinates": [8.5, 53.5]}, "properties": {"value": 0.289, "time": "2025-12-20T09:00:00", "date": "2025-12-20", "hour": 9}}, {"type": "Feature", "geometry": {"type": "Point", "coordinates": [5.0, 54.0]}, "properties": {"value": 1.125, "time": "2025-12-20T09:00:00", "date": "2025-12-20", "hour": 9}}, {"type": "Feature", "geometry": {"type": "Point", "coordinates": [5.5, 54.0]}, "properties": {"value": 1.126, "time": "2025-12-20T09:00:00", "date": "2025-12-20", "hour": 9}}, {"type": "Feature", "geometry": {"type": "Point", "coordinates": [6.0, 54.0]}, "properties": {"value": 1.106, "time": "2025-12-20T09:00:00", "date": "2025-12-20", "hour": 9}}, {"type": "Feature", "geometry": {"type": "Point", "coordinates": [6.5, 54.0]}, "properties": {"value": 1.092, "time": "2025-12-20T09:00:00", "date": "2025-12-20", "hour": 9}}, {"type": "Feature", "geometry": {"type": "Point", "coordinates": [7.0, 54.0]}, "properties": {"value": 1.075, "time": "2025-12-20T09:00:00", "date": "2025-12-20", "hour": 9}}, {"type": "Feature", "geometry": {"type": "Point", "coordinates": [7.5, 54.0]}, "properties": {"value": 1.048, "time": "2025-12-20T09:00:00", "date": "2025-12-20", "hour": 9}}, {"type": "Feature", "geometry": {"type": "Point", "coordinates": [8.0, 54.0]}, "properties": {"value": 1.002, "time": "2025-12-20T09:00:00", "date": "2025-12-20", "hour": 9}}, {"type": "Feature", "geometry": {"type": "Point", "coordinates": [8.5, 54.0]}, "properties": {"value": 0.891, "time": "2025-12-20T09:00:00", "date": "2025-12-20", "hour": 9}}, {"type": "Feature", "geometry": {"type": "Point", "coordinates": [11.0, 54.0]}, "properties": {"value": 0.128, "time": "2025-12-20T09:00:00", "date": "2025-12-20", "hour": 9}}, {"type": "Feature", "geometry": {"type": "Point", "coordinates": [14.0, 54.0]}, "properties": {"value": 0.156, "time": "2025-12-20T09:00:00", "date": "2025-12-20", "hour": 9}}, {"type": "Feature", "geometry": {"type": "Point", "coordinates": [14.5, 54.0]}, "properties": {"value": 0.201, "time": "2025-12-20T09:00:00", "date": "2025-12-20", "hour": 9}}, {"type": "Feature", "geometry": {"type": "Point", "coordinates": [15.0, 54.0]}, "properties": {"value": 0.222, "time": "2025-12-20T09:00:00", "date": "2025-12-20", "hour": 9}}, {"type": "Feature", "geometry": {"type": "Point", "coordinates": [5.0, 54.5]}, "properties": {"value": 1.311, "time": "2025-12-20T09:00:00", "date": "2025-12-20", "hour": 9}}, {"type": "Feature", "geometry": {"type": "Point", "coordinates": [5.5, 54.5]}, "properties": {"value": 1.329, "time": "2025-12-20T09:00:00", "date": "2025-12-20", "hour": 9}}, {"type": "Feature", "geometry": {"type": "Point", "coordinates": [6.0, 54.5]}, "properties": {"value": 1.335, "time": "2025-12-20T09:00:00", "date": "2025-12-20", "hour": 9}}, {"type": "Feature", "geometry": {"type": "Point", "coordinates": [6.5, 54.5]}, "properties": {"value": 1.338, "time": "2025-12-20T09:00:00", "date": "2025-12-20", "hour": 9}}, {"type": "Feature", "geometry": {"type": "Point", "coordinates": [7.0, 54.5]}, "properties": {"value": 1.326, "time": "2025-12-20T09:00:00", "date": "2025-12-20", "hour": 9}}, {"type": "Feature", "geometry": {"type": "Point", "coordinates": [7.5, 54.5]}, "properties": {"value": 1.282, "time": "2025-12-20T09:00:00", "date": "2025-12-20", "hour": 9}}, {"type": "Feature", "geometry": {"type": "Point", "coordinates": [8.0, 54.5]}, "properties": {"value": 1.168, "time": "2025-12-20T09:00:00", "date": "2025-12-20", "hour": 9}}, {"type": "Feature", "geometry": {"type": "Point", "coordinates": [8.5, 54.5]}, "properties": {"value": 0.928, "time": "2025-12-20T09:00:00", "date": "2025-12-20", "hour": 9}}, {"type": "Feature", "geometry": {"type": "Point", "coordinates": [11.0, 54.5]}, "properties": {"value": 0.395, "time": "2025-12-20T09:00:00", "date": "2025-12-20", "hour": 9}}, {"type": "Feature", "geometry": {"type": "Point", "coordinates": [11.5, 54.5]}, "properties": {"value": 0.417, "time": "2025-12-20T09:00:00", "date": "2025-12-20", "hour": 9}}, {"type": "Feature", "geometry": {"type": "Point", "coordinates": [12.0, 54.5]}, "properties": {"value": 0.347, "time": "2025-12-20T09:00:00", "date": "2025-12-20", "hour": 9}}, {"type": "Feature", "geometry": {"type": "Point", "coordinates": [12.5, 54.5]}, "properties": {"value": 0.35, "time": "2025-12-20T09:00:00", "date": "2025-12-20", "hour": 9}}, {"type": "Feature", "geometry": {"type": "Point", "coordinates": [13.0, 54.5]}, "properties": {"value": 0.318, "time": "2025-12-20T09:00:00", "date": "2025-12-20", "hour": 9}}, {"type": "Feature", "geometry": {"type": "Point", "coordinates": [13.5, 54.5]}, "properties": {"value": 0.34, "time": "2025-12-20T09:00:00", "date": "2025-12-20", "hour": 9}}, {"type": "Feature", "geometry": {"type": "Point", "coordinates": [14.0, 54.5]}, "properties": {"value": 0.423, "time": "2025-12-20T09:00:00", "date": "2025-12-20", "hour": 9}}, {"type": "Feature", "geometry": {"type": "Point", "coordinates": [14.5, 54.5]}, "properties": {"value": 0.503, "time": "2025-12-20T09:00:00", "date": "2025-12-20", "hour": 9}}, {"type": "Feature", "geometry": {"type": "Point", "coordinates": [15.0, 54.5]}, "properties": {"value": 0.556, "time": "2025-12-20T09:00:00", "date": "2025-12-20", "hour": 9}}, {"type": "Feature", "geometry": {"type": "Point", "coordinates": [5.0, 55.0]}, "properties": {"value": 1.473, "time": "2025-12-20T09:00:00", "date": "2025-12-20", "hour": 9}}, {"type": "Feature", "geometry": {"type": "Point", "coordinates": [5.5, 55.0]}, "properties": {"value": 1.503, "time": "2025-12-20T09:00:00", "date": "2025-12-20", "hour": 9}}, {"type": "Feature", "geometry": {"type": "Point", "coordinates": [6.0, 55.0]}, "properties": {"value": 1.527, "time": "2025-12-20T09:00:00", "date": "2025-12-20", "hour": 9}}, {"type": "Feature", "geometry": {"type": "Point", "coordinates": [6.5, 55.0]}, "properties": {"value": 1.533, "time": "2025-12-20T09:00:00", "date": "2025-12-20", "hour": 9}}, {"type": "Feature", "geometry": {"type": "Point", "coordinates": [7.0, 55.0]}, "properties": {"value": 1.509, "time": "2025-12-20T09:00:00", "date": "2025-12-20", "hour": 9}}, {"type": "Feature", "geometry": {"type": "Point", "coordinates": [7.5, 55.0]}, "properties": {"value": 1.447, "time": "2025-12-20T09:00:00", "date": "2025-12-20", "hour": 9}}, {"type": "Feature", "geometry": {"type": "Point", "coordinates": [8.0, 55.0]}, "properties": {"value": 1.323, "time": "2025-12-20T09:00:00", "date": "2025-12-20", "hour": 9}}, {"type": "Feature", "geometry": {"type": "Point", "coordinates": [8.5, 55.0]}, "properties": {"value": 1.07, "time": "2025-12-20T09:00:00", "date": "2025-12-20", "hour": 9}}, {"type": "Feature", "geometry": {"type": "Point", "coordinates": [10.0, 55.0]}, "properties": {"value": 0.198, "time": "2025-12-20T09:00:00", "date": "2025-12-20", "hour": 9}}, {"type": "Feature", "geometry": {"type": "Point", "coordinates": [10.5, 55.0]}, "properties": {"value": 0.344, "time": "2025-12-20T09:00:00", "date": "2025-12-20", "hour": 9}}, {"type": "Feature", "geometry": {"type": "Point", "coordinates": [11.0, 55.0]}, "properties": {"value": 0.428, "time": "2025-12-20T09:00:00", "date": "2025-12-20", "hour": 9}}, {"type": "Feature", "geometry": {"type": "Point", "coordinates": [11.5, 55.0]}, "properties": {"value": 0.455, "time": "2025-12-20T09:00:00", "date": "2025-12-20", "hour": 9}}, {"type": "Feature", "geometry": {"type": "Point", "coordinates": [12.5, 55.0]}, "properties": {"value": 0.515, "time": "2025-12-20T09:00:00", "date": "2025-12-20", "hour": 9}}, {"type": "Feature", "geometry": {"type": "Point", "coordinates": [13.0, 55.0]}, "properties": {"value": 0.603, "time": "2025-12-20T09:00:00", "date": "2025-12-20", "hour": 9}}, {"type": "Feature", "geometry": {"type": "Point", "coordinates": [13.5, 55.0]}, "properties": {"value": 0.66, "time": "2025-12-20T09:00:00", "date": "2025-12-20", "hour": 9}}, {"type": "Feature", "geometry": {"type": "Point", "coordinates": [14.0, 55.0]}, "properties": {"value": 0.733, "time": "2025-12-20T09:00:00", "date": "2025-12-20", "hour": 9}}, {"type": "Feature", "geometry": {"type": "Point", "coordinates": [14.5, 55.0]}, "properties": {"value": 0.794, "time": "2025-12-20T09:00:00", "date": "2025-12-20", "hour": 9}}, {"type": "Feature", "geometry": {"type": "Point", "coordinates": [15.0, 55.0]}, "properties": {"value": 0.786, "time": "2025-12-20T09:00:00", "date": "2025-12-20", "hour": 9}}, {"type": "Feature", "geometry": {"type": "Point", "coordinates": [5.0, 53.0]}, "properties": {"value": 0.616, "time": "2025-12-20T10:00:00", "date": "2025-12-20", "hour": 10}}, {"type": "Feature", "geometry": {"type": "Point", "coordinates": [5.0, 53.5]}, "properties": {"value": 0.788, "time": "2025-12-20T10:00:00", "date": "2025-12-20", "hour": 10}}, {"type": "Feature", "geometry": {"type": "Point", "coordinates": [5.5, 53.5]}, "properties": {"value": 0.769, "time": "2025-12-20T10:00:00", "date": "2025-12-20", "hour": 10}}, {"type": "Feature", "geometry": {"type": "Point", "coordinates": [6.0, 53.5]}, "properties": {"value": 0.761, "time": "2025-12-20T10:00:00", "date": "2025-12-20", "hour": 10}}, {"type": "Feature", "geometry": {"type": "Point", "coordinates": [7.0, 53.5]}, "properties": {"value": 0.637, "time": "2025-12-20T10:00:00", "date": "2025-12-20", "hour": 10}}, {"type": "Feature", "geometry": {"type": "Point", "coordinates": [7.5, 53.5]}, "properties": {"value": 0.475, "time": "2025-12-20T10:00:00", "date": "2025-12-20", "hour": 10}}, {"type": "Feature", "geometry": {"type": "Point", "coordinates": [8.5, 53.5]}, "properties": {"value": 0.28, "time": "2025-12-20T10:00:00", "date": "2025-12-20", "hour": 10}}, {"type": "Feature", "geometry": {"type": "Point", "coordinates": [5.0, 54.0]}, "properties": {"value": 1.066, "time": "2025-12-20T10:00:00", "date": "2025-12-20", "hour": 10}}, {"type": "Feature", "geometry": {"type": "Point", "coordinates": [5.5, 54.0]}, "properties": {"value": 1.073, "time": "2025-12-20T10:00:00", "date": "2025-12-20", "hour": 10}}, {"type": "Feature", "geometry": {"type": "Point", "coordinates": [6.0, 54.0]}, "properties": {"value": 1.06, "time": "2025-12-20T10:00:00", "date": "2025-12-20", "hour": 10}}, {"type": "Feature", "geometry": {"type": "Point", "coordinates": [6.5, 54.0]}, "properties": {"value": 1.05, "time": "2025-12-20T10:00:00", "date": "2025-12-20", "hour": 10}}, {"type": "Feature", "geometry": {"type": "Point", "coordinates": [7.0, 54.0]}, "properties": {"value": 1.034, "time": "2025-12-20T10:00:00", "date": "2025-12-20", "hour": 10}}, {"type": "Feature", "geometry": {"type": "Point", "coordinates": [7.5, 54.0]}, "properties": {"value": 1.008, "time": "2025-12-20T10:00:00", "date": "2025-12-20", "hour": 10}}, {"type": "Feature", "geometry": {"type": "Point", "coordinates": [8.0, 54.0]}, "properties": {"value": 0.963, "time": "2025-12-20T10:00:00", "date": "2025-12-20", "hour": 10}}, {"type": "Feature", "geometry": {"type": "Point", "coordinates": [8.5, 54.0]}, "properties": {"value": 0.858, "time": "2025-12-20T10:00:00", "date": "2025-12-20", "hour": 10}}, {"type": "Feature", "geometry": {"type": "Point", "coordinates": [11.0, 54.0]}, "properties": {"value": 0.117, "time": "2025-12-20T10:00:00", "date": "2025-12-20", "hour": 10}}, {"type": "Feature", "geometry": {"type": "Point", "coordinates": [14.0, 54.0]}, "properties": {"value": 0.141, "time": "2025-12-20T10:00:00", "date": "2025-12-20", "hour": 10}}, {"type": "Feature", "geometry": {"type": "Point", "coordinates": [14.5, 54.0]}, "properties": {"value": 0.19, "time": "2025-12-20T10:00:00", "date": "2025-12-20", "hour": 10}}, {"type": "Feature", "geometry": {"type": "Point", "coordinates": [15.0, 54.0]}, "properties": {"value": 0.212, "time": "2025-12-20T10:00:00", "date": "2025-12-20", "hour": 10}}, {"type": "Feature", "geometry": {"type": "Point", "coordinates": [5.0, 54.5]}, "properties": {"value": 1.244, "time": "2025-12-20T10:00:00", "date": "2025-12-20", "hour": 10}}, {"type": "Feature", "geometry": {"type": "Point", "coordinates": [5.5, 54.5]}, "properties": {"value": 1.265, "time": "2025-12-20T10:00:00", "date": "2025-12-20", "hour": 10}}, {"type": "Feature", "geometry": {"type": "Point", "coordinates": [6.0, 54.5]}, "properties": {"value": 1.276, "time": "2025-12-20T10:00:00", "date": "2025-12-20", "hour": 10}}, {"type": "Feature", "geometry": {"type": "Point", "coordinates": [6.5, 54.5]}, "properties": {"value": 1.283, "time": "2025-12-20T10:00:00", "date": "2025-12-20", "hour": 10}}, {"type": "Feature", "geometry": {"type": "Point", "coordinates": [7.0, 54.5]}, "properties": {"value": 1.273, "time": "2025-12-20T10:00:00", "date": "2025-12-20", "hour": 10}}, {"type": "Feature", "geometry": {"type": "Point", "coordinates": [7.5, 54.5]}, "properties": {"value": 1.231, "time": "2025-12-20T10:00:00", "date": "2025-12-20", "hour": 10}}, {"type": "Feature", "geometry": {"type": "Point", "coordinates": [8.0, 54.5]}, "properties": {"value": 1.12, "time": "2025-12-20T10:00:00", "date": "2025-12-20", "hour": 10}}, {"type": "Feature", "geometry": {"type": "Point", "coordinates": [8.5, 54.5]}, "properties": {"value": 0.894, "time": "2025-12-20T10:00:00", "date": "2025-12-20", "hour": 10}}, {"type": "Feature", "geometry": {"type": "Point", "coordinates": [11.0, 54.5]}, "properties": {"value": 0.35, "time": "2025-12-20T10:00:00", "date": "2025-12-20", "hour": 10}}, {"type": "Feature", "geometry": {"type": "Point", "coordinates": [11.5, 54.5]}, "properties": {"value": 0.374, "time": "2025-12-20T10:00:00", "date": "2025-12-20", "hour": 10}}, {"type": "Feature", "geometry": {"type": "Point", "coordinates": [12.0, 54.5]}, "properties": {"value": 0.319, "time": "2025-12-20T10:00:00", "date": "2025-12-20", "hour": 10}}, {"type": "Feature", "geometry": {"type": "Point", "coordinates": [12.5, 54.5]}, "properties": {"value": 0.319, "time": "2025-12-20T10:00:00", "date": "2025-12-20", "hour": 10}}, {"type": "Feature", "geometry": {"type": "Point", "coordinates": [13.0, 54.5]}, "properties": {"value": 0.291, "time": "2025-12-20T10:00:00", "date": "2025-12-20", "hour": 10}}, {"type": "Feature", "geometry": {"type": "Point", "coordinates": [13.5, 54.5]}, "properties": {"value": 0.307, "time": "2025-12-20T10:00:00", "date": "2025-12-20", "hour": 10}}, {"type": "Feature", "geometry": {"type": "Point", "coordinates": [14.0, 54.5]}, "properties": {"value": 0.386, "time": "2025-12-20T10:00:00", "date": "2025-12-20", "hour": 10}}, {"type": "Feature", "geometry": {"type": "Point", "coordinates": [14.5, 54.5]}, "properties": {"value": 0.47, "time": "2025-12-20T10:00:00", "date": "2025-12-20", "hour": 10}}, {"type": "Feature", "geometry": {"type": "Point", "coordinates": [15.0, 54.5]}, "properties": {"value": 0.529, "time": "2025-12-20T10:00:00", "date": "2025-12-20", "hour": 10}}, {"type": "Feature", "geometry": {"type": "Point", "coordinates": [5.0, 55.0]}, "properties": {"value": 1.41, "time": "2025-12-20T10:00:00", "date": "2025-12-20", "hour": 10}}, {"type": "Feature", "geometry": {"type": "Point", "coordinates": [5.5, 55.0]}, "properties": {"value": 1.444, "time": "2025-12-20T10:00:00", "date": "2025-12-20", "hour": 10}}, {"type": "Feature", "geometry": {"type": "Point", "coordinates": [6.0, 55.0]}, "properties": {"value": 1.469, "time": "2025-12-20T10:00:00", "date": "2025-12-20", "hour": 10}}, {"type": "Feature", "geometry": {"type": "Point", "coordinates": [6.5, 55.0]}, "properties": {"value": 1.476, "time": "2025-12-20T10:00:00", "date": "2025-12-20", "hour": 10}}, {"type": "Feature", "geometry": {"type": "Point", "coordinates": [7.0, 55.0]}, "properties": {"value": 1.453, "time": "2025-12-20T10:00:00", "date": "2025-12-20", "hour": 10}}, {"type": "Feature", "geometry": {"type": "Point", "coordinates": [7.5, 55.0]}, "properties": {"value": 1.392, "time": "2025-12-20T10:00:00", "date": "2025-12-20", "hour": 10}}, {"type": "Feature", "geometry": {"type": "Point", "coordinates": [8.0, 55.0]}, "properties": {"value": 1.272, "time": "2025-12-20T10:00:00", "date": "2025-12-20", "hour": 10}}, {"type": "Feature", "geometry": {"type": "Point", "coordinates": [8.5, 55.0]}, "properties": {"value": 1.03, "time": "2025-12-20T10:00:00", "date": "2025-12-20", "hour": 10}}, {"type": "Feature", "geometry": {"type": "Point", "coordinates": [10.0, 55.0]}, "properties": {"value": 0.183, "time": "2025-12-20T10:00:00", "date": "2025-12-20", "hour": 10}}, {"type": "Feature", "geometry": {"type": "Point", "coordinates": [10.5, 55.0]}, "properties": {"value": 0.31, "time": "2025-12-20T10:00:00", "date": "2025-12-20", "hour": 10}}, {"type": "Feature", "geometry": {"type": "Point", "coordinates": [11.0, 55.0]}, "properties": {"value": 0.384, "time": "2025-12-20T10:00:00", "date": "2025-12-20", "hour": 10}}, {"type": "Feature", "geometry": {"type": "Point", "coordinates": [11.5, 55.0]}, "properties": {"value": 0.41, "time": "2025-12-20T10:00:00", "date": "2025-12-20", "hour": 10}}, {"type": "Feature", "geometry": {"type": "Point", "coordinates": [12.5, 55.0]}, "properties": {"value": 0.47, "time": "2025-12-20T10:00:00", "date": "2025-12-20", "hour": 10}}, {"type": "Feature", "geometry": {"type": "Point", "coordinates": [13.0, 55.0]}, "properties": {"value": 0.554, "time": "2025-12-20T10:00:00", "date": "2025-12-20", "hour": 10}}, {"type": "Feature", "geometry": {"type": "Point", "coordinates": [13.5, 55.0]}, "properties": {"value": 0.611, "time": "2025-12-20T10:00:00", "date": "2025-12-20", "hour": 10}}, {"type": "Feature", "geometry": {"type": "Point", "coordinates": [14.0, 55.0]}, "properties": {"value": 0.686, "time": "2025-12-20T10:00:00", "date": "2025-12-20", "hour": 10}}, {"type": "Feature", "geometry": {"type": "Point", "coordinates": [14.5, 55.0]}, "properties": {"value": 0.747, "time": "2025-12-20T10:00:00", "date": "2025-12-20", "hour": 10}}, {"type": "Feature", "geometry": {"type": "Point", "coordinates": [15.0, 55.0]}, "properties": {"value": 0.747, "time": "2025-12-20T10:00:00", "date": "2025-12-20", "hour": 10}}, {"type": "Feature", "geometry": {"type": "Point", "coordinates": [5.0, 53.0]}, "properties": {"value": 0.588, "time": "2025-12-20T11:00:00", "date": "2025-12-20", "hour": 11}}, {"type": "Feature", "geometry": {"type": "Point", "coordinates": [5.0, 53.5]}, "properties": {"value": 0.757, "time": "2025-12-20T11:00:00", "date": "2025-12-20", "hour": 11}}, {"type": "Feature", "geometry": {"type": "Point", "coordinates": [5.5, 53.5]}, "properties": {"value": 0.74, "time": "2025-12-20T11:00:00", "date": "2025-12-20", "hour": 11}}, {"type": "Feature", "geometry": {"type": "Point", "coordinates": [6.0, 53.5]}, "properties": {"value": 0.733, "time": "2025-12-20T11:00:00", "date": "2025-12-20", "hour": 11}}, {"type": "Feature", "geometry": {"type": "Point", "coordinates": [7.0, 53.5]}, "properties": {"value": 0.615, "time": "2025-12-20T11:00:00", "date": "2025-12-20", "hour": 11}}, {"type": "Feature", "geometry": {"type": "Point", "coordinates": [7.5, 53.5]}, "properties": {"value": 0.464, "time": "2025-12-20T11:00:00", "date": "2025-12-20", "hour": 11}}, {"type": "Feature", "geometry": {"type": "Point", "coordinates": [8.5, 53.5]}, "properties": {"value": 0.276, "time": "2025-12-20T11:00:00", "date": "2025-12-20", "hour": 11}}, {"type": "Feature", "geometry": {"type": "Point", "coordinates": [5.0, 54.0]}, "properties": {"value": 1.019, "time": "2025-12-20T11:00:00", "date": "2025-12-20", "hour": 11}}, {"type": "Feature", "geometry": {"type": "Point", "coordinates": [5.5, 54.0]}, "properties": {"value": 1.031, "time": "2025-12-20T11:00:00", "date": "2025-12-20", "hour": 11}}, {"type": "Feature", "geometry": {"type": "Point", "coordinates": [6.0, 54.0]}, "properties": {"value": 1.023, "time": "2025-12-20T11:00:00", "date": "2025-12-20", "hour": 11}}, {"type": "Feature", "geometry": {"type": "Point", "coordinates": [6.5, 54.0]}, "properties": {"value": 1.014, "time": "2025-12-20T11:00:00", "date": "2025-12-20", "hour": 11}}, {"type": "Feature", "geometry": {"type": "Point", "coordinates": [7.0, 54.0]}, "properties": {"value": 0.999, "time": "2025-12-20T11:00:00", "date": "2025-12-20", "hour": 11}}, {"type": "Feature", "geometry": {"type": "Point", "coordinates": [7.5, 54.0]}, "properties": {"value": 0.972, "time": "2025-12-20T11:00:00", "date": "2025-12-20", "hour": 11}}, {"type": "Feature", "geometry": {"type": "Point", "coordinates": [8.0, 54.0]}, "properties": {"value": 0.927, "time": "2025-12-20T11:00:00", "date": "2025-12-20", "hour": 11}}, {"type": "Feature", "geometry": {"type": "Point", "coordinates": [8.5, 54.0]}, "properties": {"value": 0.827, "time": "2025-12-20T11:00:00", "date": "2025-12-20", "hour": 11}}, {"type": "Feature", "geometry": {"type": "Point", "coordinates": [11.0, 54.0]}, "properties": {"value": 0.116, "time": "2025-12-20T11:00:00", "date": "2025-12-20", "hour": 11}}, {"type": "Feature", "geometry": {"type": "Point", "coordinates": [14.0, 54.0]}, "properties": {"value": 0.136, "time": "2025-12-20T11:00:00", "date": "2025-12-20", "hour": 11}}, {"type": "Feature", "geometry": {"type": "Point", "coordinates": [14.5, 54.0]}, "properties": {"value": 0.187, "time": "2025-12-20T11:00:00", "date": "2025-12-20", "hour": 11}}, {"type": "Feature", "geometry": {"type": "Point", "coordinates": [15.0, 54.0]}, "properties": {"value": 0.211, "time": "2025-12-20T11:00:00", "date": "2025-12-20", "hour": 11}}, {"type": "Feature", "geometry": {"type": "Point", "coordinates": [5.0, 54.5]}, "properties": {"value": 1.185, "time": "2025-12-20T11:00:00", "date": "2025-12-20", "hour": 11}}, {"type": "Feature", "geometry": {"type": "Point", "coordinates": [5.5, 54.5]}, "properties": {"value": 1.209, "time": "2025-12-20T11:00:00", "date": "2025-12-20", "hour": 11}}, {"type": "Feature", "geometry": {"type": "Point", "coordinates": [6.0, 54.5]}, "properties": {"value": 1.224, "time": "2025-12-20T11:00:00", "date": "2025-12-20", "hour": 11}}, {"type": "Feature", "geometry": {"type": "Point", "coordinates": [6.5, 54.5]}, "properties": {"value": 1.234, "time": "2025-12-20T11:00:00", "date": "2025-12-20", "hour": 11}}, {"type": "Feature", "geometry": {"type": "Point", "coordinates": [7.0, 54.5]}, "properties": {"value": 1.227, "time": "2025-12-20T11:00:00", "date": "2025-12-20", "hour": 11}}, {"type": "Feature", "geometry": {"type": "Point", "coordinates": [7.5, 54.5]}, "properties": {"value": 1.187, "time": "2025-12-20T11:00:00", "date": "2025-12-20", "hour": 11}}, {"type": "Feature", "geometry": {"type": "Point", "coordinates": [8.0, 54.5]}, "properties": {"value": 1.078, "time": "2025-12-20T11:00:00", "date": "2025-12-20", "hour": 11}}, {"type": "Feature", "geometry": {"type": "Point", "coordinates": [8.5, 54.5]}, "properties": {"value": 0.863, "time": "2025-12-20T11:00:00", "date": "2025-12-20", "hour": 11}}, {"type": "Feature", "geometry": {"type": "Point", "coordinates": [11.0, 54.5]}, "properties": {"value": 0.314, "time": "2025-12-20T11:00:00", "date": "2025-12-20", "hour": 11}}, {"type": "Feature", "geometry": {"type": "Point", "coordinates": [11.5, 54.5]}, "properties": {"value": 0.339, "time": "2025-12-20T11:00:00", "date": "2025-12-20", "hour": 11}}, {"type": "Feature", "geometry": {"type": "Point", "coordinates": [12.0, 54.5]}, "properties": {"value": 0.299, "time": "2025-12-20T11:00:00", "date": "2025-12-20", "hour": 11}}, {"type": "Feature", "geometry": {"type": "Point", "coordinates": [12.5, 54.5]}, "properties": {"value": 0.3, "time": "2025-12-20T11:00:00", "date": "2025-12-20", "hour": 11}}, {"type": "Feature", "geometry": {"type": "Point", "coordinates": [13.0, 54.5]}, "properties": {"value": 0.278, "time": "2025-12-20T11:00:00", "date": "2025-12-20", "hour": 11}}, {"type": "Feature", "geometry": {"type": "Point", "coordinates": [13.5, 54.5]}, "properties": {"value": 0.287, "time": "2025-12-20T11:00:00", "date": "2025-12-20", "hour": 11}}, {"type": "Feature", "geometry": {"type": "Point", "coordinates": [14.0, 54.5]}, "properties": {"value": 0.362, "time": "2025-12-20T11:00:00", "date": "2025-12-20", "hour": 11}}, {"type": "Feature", "geometry": {"type": "Point", "coordinates": [14.5, 54.5]}, "properties": {"value": 0.446, "time": "2025-12-20T11:00:00", "date": "2025-12-20", "hour": 11}}, {"type": "Feature", "geometry": {"type": "Point", "coordinates": [15.0, 54.5]}, "properties": {"value": 0.509, "time": "2025-12-20T11:00:00", "date": "2025-12-20", "hour": 11}}, {"type": "Feature", "geometry": {"type": "Point", "coordinates": [5.0, 55.0]}, "properties": {"value": 1.346, "time": "2025-12-20T11:00:00", "date": "2025-12-20", "hour": 11}}, {"type": "Feature", "geometry": {"type": "Point", "coordinates": [5.5, 55.0]}, "properties": {"value": 1.382, "time": "2025-12-20T11:00:00", "date": "2025-12-20", "hour": 11}}, {"type": "Feature", "geometry": {"type": "Point", "coordinates": [6.0, 55.0]}, "properties": {"value": 1.409, "time": "2025-12-20T11:00:00", "date": "2025-12-20", "hour": 11}}, {"type": "Feature", "geometry": {"type": "Point", "coordinates": [6.5, 55.0]}, "properties": {"value": 1.418, "time": "2025-12-20T11:00:00", "date": "2025-12-20", "hour": 11}}, {"type": "Feature", "geometry": {"type": "Point", "coordinates": [7.0, 55.0]}, "properties": {"value": 1.398, "time": "2025-12-20T11:00:00", "date": "2025-12-20", "hour": 11}}, {"type": "Feature", "geometry": {"type": "Point", "coordinates": [7.5, 55.0]}, "properties": {"value": 1.343, "time": "2025-12-20T11:00:00", "date": "2025-12-20", "hour": 11}}, {"type": "Feature", "geometry": {"type": "Point", "coordinates": [8.0, 55.0]}, "properties": {"value": 1.226, "time": "2025-12-20T11:00:00", "date": "2025-12-20", "hour": 11}}, {"type": "Feature", "geometry": {"type": "Point", "coordinates": [8.5, 55.0]}, "properties": {"value": 0.993, "time": "2025-12-20T11:00:00", "date": "2025-12-20", "hour": 11}}, {"type": "Feature", "geometry": {"type": "Point", "coordinates": [10.0, 55.0]}, "properties": {"value": 0.173, "time": "2025-12-20T11:00:00", "date": "2025-12-20", "hour": 11}}, {"type": "Feature", "geometry": {"type": "Point", "coordinates": [10.5, 55.0]}, "properties": {"value": 0.286, "time": "2025-12-20T11:00:00", "date": "2025-12-20", "hour": 11}}, {"type": "Feature", "geometry": {"type": "Point", "coordinates": [11.0, 55.0]}, "properties": {"value": 0.353, "time": "2025-12-20T11:00:00", "date": "2025-12-20", "hour": 11}}, {"type": "Feature", "geometry": {"type": "Point", "coordinates": [11.5, 55.0]}, "properties": {"value": 0.377, "time": "2025-12-20T11:00:00", "date": "2025-12-20", "hour": 11}}, {"type": "Feature", "geometry": {"type": "Point", "coordinates": [12.5, 55.0]}, "properties": {"value": 0.44, "time": "2025-12-20T11:00:00", "date": "2025-12-20", "hour": 11}}, {"type": "Feature", "geometry": {"type": "Point", "coordinates": [13.0, 55.0]}, "properties": {"value": 0.521, "time": "2025-12-20T11:00:00", "date": "2025-12-20", "hour": 11}}, {"type": "Feature", "geometry": {"type": "Point", "coordinates": [13.5, 55.0]}, "properties": {"value": 0.576, "time": "2025-12-20T11:00:00", "date": "2025-12-20", "hour": 11}}, {"type": "Feature", "geometry": {"type": "Point", "coordinates": [14.0, 55.0]}, "properties": {"value": 0.648, "time": "2025-12-20T11:00:00", "date": "2025-12-20", "hour": 11}}, {"type": "Feature", "geometry": {"type": "Point", "coordinates": [14.5, 55.0]}, "properties": {"value": 0.712, "time": "2025-12-20T11:00:00", "date": "2025-12-20", "hour": 11}}, {"type": "Feature", "geometry": {"type": "Point", "coordinates": [15.0, 55.0]}, "properties": {"value": 0.723, "time": "2025-12-20T11:00:00", "date": "2025-12-20", "hour": 11}}, {"type": "Feature", "geometry": {"type": "Point", "coordinates": [5.0, 53.0]}, "properties": {"value": 0.565, "time": "2025-12-20T12:00:00", "date": "2025-12-20", "hour": 12}}, {"type": "Feature", "geometry": {"type": "Point", "coordinates": [5.0, 53.5]}, "properties": {"value": 0.731, "time": "2025-12-20T12:00:00", "date": "2025-12-20", "hour": 12}}, {"type": "Feature", "geometry": {"type": "Point", "coordinates": [5.5, 53.5]}, "properties": {"value": 0.711, "time": "2025-12-20T12:00:00", "date": "2025-12-20", "hour": 12}}, {"type": "Feature", "geometry": {"type": "Point", "coordinates": [6.0, 53.5]}, "properties": {"value": 0.704, "time": "2025-12-20T12:00:00", "date": "2025-12-20", "hour": 12}}, {"type": "Feature", "geometry": {"type": "Point", "coordinates": [7.0, 53.5]}, "properties": {"value": 0.595, "time": "2025-12-20T12:00:00", "date": "2025-12-20", "hour": 12}}, {"type": "Feature", "geometry": {"type": "Point", "coordinates": [7.5, 53.5]}, "properties": {"value": 0.454, "time": "2025-12-20T12:00:00", "date": "2025-12-20", "hour": 12}}, {"type": "Feature", "geometry": {"type": "Point", "coordinates": [8.5, 53.5]}, "properties": {"value": 0.271, "time": "2025-12-20T12:00:00", "date": "2025-12-20", "hour": 12}}, {"type": "Feature", "geometry": {"type": "Point", "coordinates": [5.0, 54.0]}, "properties": {"value": 0.982, "time": "2025-12-20T12:00:00", "date": "2025-12-20", "hour": 12}}, {"type": "Feature", "geometry": {"type": "Point", "coordinates": [5.5, 54.0]}, "properties": {"value": 0.996, "time": "2025-12-20T12:00:00", "date": "2025-12-20", "hour": 12}}, {"type": "Feature", "geometry": {"type": "Point", "coordinates": [6.0, 54.0]}, "properties": {"value": 0.989, "time": "2025-12-20T12:00:00", "date": "2025-12-20", "hour": 12}}, {"type": "Feature", "geometry": {"type": "Point", "coordinates": [6.5, 54.0]}, "properties": {"value": 0.981, "time": "2025-12-20T12:00:00", "date": "2025-12-20", "hour": 12}}, {"type": "Feature", "geometry": {"type": "Point", "coordinates": [7.0, 54.0]}, "properties": {"value": 0.965, "time": "2025-12-20T12:00:00", "date": "2025-12-20", "hour": 12}}, {"type": "Feature", "geometry": {"type": "Point", "coordinates": [7.5, 54.0]}, "properties": {"value": 0.939, "time": "2025-12-20T12:00:00", "date": "2025-12-20", "hour": 12}}, {"type": "Feature", "geometry": {"type": "Point", "coordinates": [8.0, 54.0]}, "properties": {"value": 0.894, "time": "2025-12-20T12:00:00", "date": "2025-12-20", "hour": 12}}, {"type": "Feature", "geometry": {"type": "Point", "coordinates": [8.5, 54.0]}, "properties": {"value": 0.799, "time": "2025-12-20T12:00:00", "date": "2025-12-20", "hour": 12}}, {"type": "Feature", "geometry": {"type": "Point", "coordinates": [11.0, 54.0]}, "properties": {"value": 0.106, "time": "2025-12-20T12:00:00", "date": "2025-12-20", "hour": 12}}, {"type": "Feature", "geometry": {"type": "Point", "coordinates": [14.0, 54.0]}, "properties": {"value": 0.137, "time": "2025-12-20T12:00:00", "date": "2025-12-20", "hour": 12}}, {"type": "Feature", "geometry": {"type": "Point", "coordinates": [14.5, 54.0]}, "properties": {"value": 0.186, "time": "2025-12-20T12:00:00", "date": "2025-12-20", "hour": 12}}, {"type": "Feature", "geometry": {"type": "Point", "coordinates": [15.0, 54.0]}, "properties": {"value": 0.208, "time": "2025-12-20T12:00:00", "date": "2025-12-20", "hour": 12}}, {"type": "Feature", "geometry": {"type": "Point", "coordinates": [5.0, 54.5]}, "properties": {"value": 1.134, "time": "2025-12-20T12:00:00", "date": "2025-12-20", "hour": 12}}, {"type": "Feature", "geometry": {"type": "Point", "coordinates": [5.5, 54.5]}, "properties": {"value": 1.162, "time": "2025-12-20T12:00:00", "date": "2025-12-20", "hour": 12}}, {"type": "Feature", "geometry": {"type": "Point", "coordinates": [6.0, 54.5]}, "properties": {"value": 1.18, "time": "2025-12-20T12:00:00", "date": "2025-12-20", "hour": 12}}, {"type": "Feature", "geometry": {"type": "Point", "coordinates": [6.5, 54.5]}, "properties": {"value": 1.192, "time": "2025-12-20T12:00:00", "date": "2025-12-20", "hour": 12}}, {"type": "Feature", "geometry": {"type": "Point", "coordinates": [7.0, 54.5]}, "properties": {"value": 1.187, "time": "2025-12-20T12:00:00", "date": "2025-12-20", "hour": 12}}, {"type": "Feature", "geometry": {"type": "Point", "coordinates": [7.5, 54.5]}, "properties": {"value": 1.149, "time": "2025-12-20T12:00:00", "date": "2025-12-20", "hour": 12}}, {"type": "Feature", "geometry": {"type": "Point", "coordinates": [8.0, 54.5]}, "properties": {"value": 1.042, "time": "2025-12-20T12:00:00", "date": "2025-12-20", "hour": 12}}, {"type": "Feature", "geometry": {"type": "Point", "coordinates": [8.5, 54.5]}, "properties": {"value": 0.835, "time": "2025-12-20T12:00:00", "date": "2025-12-20", "hour": 12}}, {"type": "Feature", "geometry": {"type": "Point", "coordinates": [11.0, 54.5]}, "properties": {"value": 0.29, "time": "2025-12-20T12:00:00", "date": "2025-12-20", "hour": 12}}, {"type": "Feature", "geometry": {"type": "Point", "coordinates": [11.5, 54.5]}, "properties": {"value": 0.317, "time": "2025-12-20T12:00:00", "date": "2025-12-20", "hour": 12}}, {"type": "Feature", "geometry": {"type": "Point", "coordinates": [12.0, 54.5]}, "properties": {"value": 0.282, "time": "2025-12-20T12:00:00", "date": "2025-12-20", "hour": 12}}, {"type": "Feature", "geometry": {"type": "Point", "coordinates": [12.5, 54.5]}, "properties": {"value": 0.288, "time": "2025-12-20T12:00:00", "date": "2025-12-20", "hour": 12}}, {"type": "Feature", "geometry": {"type": "Point", "coordinates": [13.0, 54.5]}, "properties": {"value": 0.269, "time": "2025-12-20T12:00:00", "date": "2025-12-20", "hour": 12}}, {"type": "Feature", "geometry": {"type": "Point", "coordinates": [13.5, 54.5]}, "properties": {"value": 0.28, "time": "2025-12-20T12:00:00", "date": "2025-12-20", "hour": 12}}, {"type": "Feature", "geometry": {"type": "Point", "coordinates": [14.0, 54.5]}, "properties": {"value": 0.355, "time": "2025-12-20T12:00:00", "date": "2025-12-20", "hour": 12}}, {"type": "Feature", "geometry": {"type": "Point", "coordinates": [14.5, 54.5]}, "properties": {"value": 0.438, "time": "2025-12-20T12:00:00", "date": "2025-12-20", "hour": 12}}, {"type": "Feature", "geometry": {"type": "Point", "coordinates": [15.0, 54.5]}, "properties": {"value": 0.504, "time": "2025-12-20T12:00:00", "date": "2025-12-20", "hour": 12}}, {"type": "Feature", "geometry": {"type": "Point", "coordinates": [5.0, 55.0]}, "properties": {"value": 1.286, "time": "2025-12-20T12:00:00", "date": "2025-12-20", "hour": 12}}, {"type": "Feature", "geometry": {"type": "Point", "coordinates": [5.5, 55.0]}, "properties": {"value": 1.322, "time": "2025-12-20T12:00:00", "date": "2025-12-20", "hour": 12}}, {"type": "Feature", "geometry": {"type": "Point", "coordinates": [6.0, 55.0]}, "properties": {"value": 1.351, "time": "2025-12-20T12:00:00", "date": "2025-12-20", "hour": 12}}, {"type": "Feature", "geometry": {"type": "Point", "coordinates": [6.5, 55.0]}, "properties": {"value": 1.363, "time": "2025-12-20T12:00:00", "date": "2025-12-20", "hour": 12}}, {"type": "Feature", "geometry": {"type": "Point", "coordinates": [7.0, 55.0]}, "properties": {"value": 1.347, "time": "2025-12-20T12:00:00", "date": "2025-12-20", "hour": 12}}, {"type": "Feature", "geometry": {"type": "Point", "coordinates": [7.5, 55.0]}, "properties": {"value": 1.299, "time": "2025-12-20T12:00:00", "date": "2025-12-20", "hour": 12}}, {"type": "Feature", "geometry": {"type": "Point", "coordinates": [8.0, 55.0]}, "properties": {"value": 1.186, "time": "2025-12-20T12:00:00", "date": "2025-12-20", "hour": 12}}, {"type": "Feature", "geometry": {"type": "Point", "coordinates": [8.5, 55.0]}, "properties": {"value": 0.962, "time": "2025-12-20T12:00:00", "date": "2025-12-20", "hour": 12}}, {"type": "Feature", "geometry": {"type": "Point", "coordinates": [10.0, 55.0]}, "properties": {"value": 0.169, "time": "2025-12-20T12:00:00", "date": "2025-12-20", "hour": 12}}, {"type": "Feature", "geometry": {"type": "Point", "coordinates": [10.5, 55.0]}, "properties": {"value": 0.273, "time": "2025-12-20T12:00:00", "date": "2025-12-20", "hour": 12}}, {"type": "Feature", "geometry": {"type": "Point", "coordinates": [11.0, 55.0]}, "properties": {"value": 0.336, "time": "2025-12-20T12:00:00", "date": "2025-12-20", "hour": 12}}, {"type": "Feature", "geometry": {"type": "Point", "coordinates": [11.5, 55.0]}, "properties": {"value": 0.358, "time": "2025-12-20T12:00:00", "date": "2025-12-20", "hour": 12}}, {"type": "Feature", "geometry": {"type": "Point", "coordinates": [12.5, 55.0]}, "properties": {"value": 0.426, "time": "2025-12-20T12:00:00", "date": "2025-12-20", "hour": 12}}, {"type": "Feature", "geometry": {"type": "Point", "coordinates": [13.0, 55.0]}, "properties": {"value": 0.509, "time": "2025-12-20T12:00:00", "date": "2025-12-20", "hour": 12}}, {"type": "Feature", "geometry": {"type": "Point", "coordinates": [13.5, 55.0]}, "properties": {"value": 0.568, "time": "2025-12-20T12:00:00", "date": "2025-12-20", "hour": 12}}, {"type": "Feature", "geometry": {"type": "Point", "coordinates": [14.0, 55.0]}, "properties": {"value": 0.636, "time": "2025-12-20T12:00:00", "date": "2025-12-20", "hour": 12}}, {"type": "Feature", "geometry": {"type": "Point", "coordinates": [14.5, 55.0]}, "properties": {"value": 0.693, "time": "2025-12-20T12:00:00", "date": "2025-12-20", "hour": 12}}, {"type": "Feature", "geometry": {"type": "Point", "coordinates": [15.0, 55.0]}, "properties": {"value": 0.717, "time": "2025-12-20T12:00:00", "date": "2025-12-20", "hour": 12}}, {"type": "Feature", "geometry": {"type": "Point", "coordinates": [5.0, 53.0]}, "properties": {"value": 0.549, "time": "2025-12-20T13:00:00", "date": "2025-12-20", "hour": 13}}, {"type": "Feature", "geometry": {"type": "Point", "coordinates": [5.0, 53.5]}, "properties": {"value": 0.71, "time": "2025-12-20T13:00:00", "date": "2025-12-20", "hour": 13}}, {"type": "Feature", "geometry": {"type": "Point", "coordinates": [5.5, 53.5]}, "properties": {"value": 0.686, "time": "2025-12-20T13:00:00", "date": "2025-12-20", "hour": 13}}, {"type": "Feature", "geometry": {"type": "Point", "coordinates": [6.0, 53.5]}, "properties": {"value": 0.68, "time": "2025-12-20T13:00:00", "date": "2025-12-20", "hour": 13}}, {"type": "Feature", "geometry": {"type": "Point", "coordinates": [7.0, 53.5]}, "properties": {"value": 0.579, "time": "2025-12-20T13:00:00", "date": "2025-12-20", "hour": 13}}, {"type": "Feature", "geometry": {"type": "Point", "coordinates": [7.5, 53.5]}, "properties": {"value": 0.445, "time": "2025-12-20T13:00:00", "date": "2025-12-20", "hour": 13}}, {"type": "Feature", "geometry": {"type": "Point", "coordinates": [8.5, 53.5]}, "properties": {"value": 0.265, "time": "2025-12-20T13:00:00", "date": "2025-12-20", "hour": 13}}, {"type": "Feature", "geometry": {"type": "Point", "coordinates": [5.0, 54.0]}, "properties": {"value": 0.95, "time": "2025-12-20T13:00:00", "date": "2025-12-20", "hour": 13}}, {"type": "Feature", "geometry": {"type": "Point", "coordinates": [5.5, 54.0]}, "properties": {"value": 0.963, "time": "2025-12-20T13:00:00", "date": "2025-12-20", "hour": 13}}, {"type": "Feature", "geometry": {"type": "Point", "coordinates": [6.0, 54.0]}, "properties": {"value": 0.955, "time": "2025-12-20T13:00:00", "date": "2025-12-20", "hour": 13}}, {"type": "Feature", "geometry": {"type": "Point", "coordinates": [6.5, 54.0]}, "properties": {"value": 0.947, "time": "2025-12-20T13:00:00", "date": "2025-12-20", "hour": 13}}, {"type": "Feature", "geometry": {"type": "Point", "coordinates": [7.0, 54.0]}, "properties": {"value": 0.932, "time": "2025-12-20T13:00:00", "date": "2025-12-20", "hour": 13}}, {"type": "Feature", "geometry": {"type": "Point", "coordinates": [7.5, 54.0]}, "properties": {"value": 0.908, "time": "2025-12-20T13:00:00", "date": "2025-12-20", "hour": 13}}, {"type": "Feature", "geometry": {"type": "Point", "coordinates": [8.0, 54.0]}, "properties": {"value": 0.864, "time": "2025-12-20T13:00:00", "date": "2025-12-20", "hour": 13}}, {"type": "Feature", "geometry": {"type": "Point", "coordinates": [8.5, 54.0]}, "properties": {"value": 0.774, "time": "2025-12-20T13:00:00", "date": "2025-12-20", "hour": 13}}, {"type": "Feature", "geometry": {"type": "Point", "coordinates": [11.0, 54.0]}, "properties": {"value": 0.097, "time": "2025-12-20T13:00:00", "date": "2025-12-20", "hour": 13}}, {"type": "Feature", "geometry": {"type": "Point", "coordinates": [14.0, 54.0]}, "properties": {"value": 0.129, "time": "2025-12-20T13:00:00", "date": "2025-12-20", "hour": 13}}, {"type": "Feature", "geometry": {"type": "Point", "coordinates": [14.5, 54.0]}, "properties": {"value": 0.18, "time": "2025-12-20T13:00:00", "date": "2025-12-20", "hour": 13}}, {"type": "Feature", "geometry": {"type": "Point", "coordinates": [15.0, 54.0]}, "properties": {"value": 0.204, "time": "2025-12-20T13:00:00", "date": "2025-12-20", "hour": 13}}, {"type": "Feature", "geometry": {"type": "Point", "coordinates": [5.0, 54.5]}, "properties": {"value": 1.09, "time": "2025-12-20T13:00:00", "date": "2025-12-20", "hour": 13}}, {"type": "Feature", "geometry": {"type": "Point", "coordinates": [5.5, 54.5]}, "properties": {"value": 1.12, "time": "2025-12-20T13:00:00", "date": "2025-12-20", "hour": 13}}, {"type": "Feature", "geometry": {"type": "Point", "coordinates": [6.0, 54.5]}, "properties": {"value": 1.14, "time": "2025-12-20T13:00:00", "date": "2025-12-20", "hour": 13}}, {"type": "Feature", "geometry": {"type": "Point", "coordinates": [6.5, 54.5]}, "properties": {"value": 1.152, "time": "2025-12-20T13:00:00", "date": "2025-12-20", "hour": 13}}, {"type": "Feature", "geometry": {"type": "Point", "coordinates": [7.0, 54.5]}, "properties": {"value": 1.148, "time": "2025-12-20T13:00:00", "date": "2025-12-20", "hour": 13}}, {"type": "Feature", "geometry": {"type": "Point", "coordinates": [7.5, 54.5]}, "properties": {"value": 1.11, "time": "2025-12-20T13:00:00", "date": "2025-12-20", "hour": 13}}, {"type": "Feature", "geometry": {"type": "Point", "coordinates": [8.0, 54.5]}, "properties": {"value": 1.007, "time": "2025-12-20T13:00:00", "date": "2025-12-20", "hour": 13}}, {"type": "Feature", "geometry": {"type": "Point", "coordinates": [8.5, 54.5]}, "properties": {"value": 0.807, "time": "2025-12-20T13:00:00", "date": "2025-12-20", "hour": 13}}, {"type": "Feature", "geometry": {"type": "Point", "coordinates": [11.0, 54.5]}, "properties": {"value": 0.266, "time": "2025-12-20T13:00:00", "date": "2025-12-20", "hour": 13}}, {"type": "Feature", "geometry": {"type": "Point", "coordinates": [11.5, 54.5]}, "properties": {"value": 0.293, "time": "2025-12-20T13:00:00", "date": "2025-12-20", "hour": 13}}, {"type": "Feature", "geometry": {"type": "Point", "coordinates": [12.0, 54.5]}, "properties": {"value": 0.262, "time": "2025-12-20T13:00:00", "date": "2025-12-20", "hour": 13}}, {"type": "Feature", "geometry": {"type": "Point", "coordinates": [12.5, 54.5]}, "properties": {"value": 0.269, "time": "2025-12-20T13:00:00", "date": "2025-12-20", "hour": 13}}, {"type": "Feature", "geometry": {"type": "Point", "coordinates": [13.0, 54.5]}, "properties": {"value": 0.255, "time": "2025-12-20T13:00:00", "date": "2025-12-20", "hour": 13}}, {"type": "Feature", "geometry": {"type": "Point", "coordinates": [13.5, 54.5]}, "properties": {"value": 0.265, "time": "2025-12-20T13:00:00", "date": "2025-12-20", "hour": 13}}, {"type": "Feature", "geometry": {"type": "Point", "coordinates": [14.0, 54.5]}, "properties": {"value": 0.336, "time": "2025-12-20T13:00:00", "date": "2025-12-20", "hour": 13}}, {"type": "Feature", "geometry": {"type": "Point", "coordinates": [14.5, 54.5]}, "properties": {"value": 0.421, "time": "2025-12-20T13:00:00", "date": "2025-12-20", "hour": 13}}, {"type": "Feature", "geometry": {"type": "Point", "coordinates": [15.0, 54.5]}, "properties": {"value": 0.491, "time": "2025-12-20T13:00:00", "date": "2025-12-20", "hour": 13}}, {"type": "Feature", "geometry": {"type": "Point", "coordinates": [5.0, 55.0]}, "properties": {"value": 1.231, "time": "2025-12-20T13:00:00", "date": "2025-12-20", "hour": 13}}, {"type": "Feature", "geometry": {"type": "Point", "coordinates": [5.5, 55.0]}, "properties": {"value": 1.268, "time": "2025-12-20T13:00:00", "date": "2025-12-20", "hour": 13}}, {"type": "Feature", "geometry": {"type": "Point", "coordinates": [6.0, 55.0]}, "properties": {"value": 1.297, "time": "2025-12-20T13:00:00", "date": "2025-12-20", "hour": 13}}, {"type": "Feature", "geometry": {"type": "Point", "coordinates": [6.5, 55.0]}, "properties": {"value": 1.311, "time": "2025-12-20T13:00:00", "date": "2025-12-20", "hour": 13}}, {"type": "Feature", "geometry": {"type": "Point", "coordinates": [7.0, 55.0]}, "properties": {"value": 1.297, "time": "2025-12-20T13:00:00", "date": "2025-12-20", "hour": 13}}, {"type": "Feature", "geometry": {"type": "Point", "coordinates": [7.5, 55.0]}, "properties": {"value": 1.254, "time": "2025-12-20T13:00:00", "date": "2025-12-20", "hour": 13}}, {"type": "Feature", "geometry": {"type": "Point", "coordinates": [8.0, 55.0]}, "properties": {"value": 1.147, "time": "2025-12-20T13:00:00", "date": "2025-12-20", "hour": 13}}, {"type": "Feature", "geometry": {"type": "Point", "coordinates": [8.5, 55.0]}, "properties": {"value": 0.931, "time": "2025-12-20T13:00:00", "date": "2025-12-20", "hour": 13}}, {"type": "Feature", "geometry": {"type": "Point", "coordinates": [10.0, 55.0]}, "properties": {"value": 0.161, "time": "2025-12-20T13:00:00", "date": "2025-12-20", "hour": 13}}, {"type": "Feature", "geometry": {"type": "Point", "coordinates": [10.5, 55.0]}, "properties": {"value": 0.257, "time": "2025-12-20T13:00:00", "date": "2025-12-20", "hour": 13}}, {"type": "Feature", "geometry": {"type": "Point", "coordinates": [11.0, 55.0]}, "properties": {"value": 0.316, "time": "2025-12-20T13:00:00", "date": "2025-12-20", "hour": 13}}, {"type": "Feature", "geometry": {"type": "Point", "coordinates": [11.5, 55.0]}, "properties": {"value": 0.335, "time": "2025-12-20T13:00:00", "date": "2025-12-20", "hour": 13}}, {"type": "Feature", "geometry": {"type": "Point", "coordinates": [12.5, 55.0]}, "properties": {"value": 0.401, "time": "2025-12-20T13:00:00", "date": "2025-12-20", "hour": 13}}, {"type": "Feature", "geometry": {"type": "Point", "coordinates": [13.0, 55.0]}, "properties": {"value": 0.485, "time": "2025-12-20T13:00:00", "date": "2025-12-20", "hour": 13}}, {"type": "Feature", "geometry": {"type": "Point", "coordinates": [13.5, 55.0]}, "properties": {"value": 0.549, "time": "2025-12-20T13:00:00", "date": "2025-12-20", "hour": 13}}, {"type": "Feature", "geometry": {"type": "Point", "coordinates": [14.0, 55.0]}, "properties": {"value": 0.62, "time": "2025-12-20T13:00:00", "date": "2025-12-20", "hour": 13}}, {"type": "Feature", "geometry": {"type": "Point", "coordinates": [14.5, 55.0]}, "properties": {"value": 0.673, "time": "2025-12-20T13:00:00", "date": "2025-12-20", "hour": 13}}, {"type": "Feature", "geometry": {"type": "Point", "coordinates": [15.0, 55.0]}, "properties": {"value": 0.704, "time": "2025-12-20T13:00:00", "date": "2025-12-20", "hour": 13}}, {"type": "Feature", "geometry": {"type": "Point", "coordinates": [5.0, 53.0]}, "properties": {"value": 0.536, "time": "2025-12-20T14:00:00", "date": "2025-12-20", "hour": 14}}, {"type": "Feature", "geometry": {"type": "Point", "coordinates": [5.0, 53.5]}, "properties": {"value": 0.69, "time": "2025-12-20T14:00:00", "date": "2025-12-20", "hour": 14}}, {"type": "Feature", "geometry": {"type": "Point", "coordinates": [5.5, 53.5]}, "properties": {"value": 0.663, "time": "2025-12-20T14:00:00", "date": "2025-12-20", "hour": 14}}, {"type": "Feature", "geometry": {"type": "Point", "coordinates": [6.0, 53.5]}, "properties": {"value": 0.656, "time": "2025-12-20T14:00:00", "date": "2025-12-20", "hour": 14}}, {"type": "Feature", "geometry": {"type": "Point", "coordinates": [7.0, 53.5]}, "properties": {"value": 0.563, "time": "2025-12-20T14:00:00", "date": "2025-12-20", "hour": 14}}, {"type": "Feature", "geometry": {"type": "Point", "coordinates": [7.5, 53.5]}, "properties": {"value": 0.437, "time": "2025-12-20T14:00:00", "date": "2025-12-20", "hour": 14}}, {"type": "Feature", "geometry": {"type": "Point", "coordinates": [8.5, 53.5]}, "properties": {"value": 0.266, "time": "2025-12-20T14:00:00", "date": "2025-12-20", "hour": 14}}, {"type": "Feature", "geometry": {"type": "Point", "coordinates": [5.0, 54.0]}, "properties": {"value": 0.923, "time": "2025-12-20T14:00:00", "date": "2025-12-20", "hour": 14}}, {"type": "Feature", "geometry": {"type": "Point", "coordinates": [5.5, 54.0]}, "properties": {"value": 0.93, "time": "2025-12-20T14:00:00", "date": "2025-12-20", "hour": 14}}, {"type": "Feature", "geometry": {"type": "Point", "coordinates": [6.0, 54.0]}, "properties": {"value": 0.922, "time": "2025-12-20T14:00:00", "date": "2025-12-20", "hour": 14}}, {"type": "Feature", "geometry": {"type": "Point", "coordinates": [6.5, 54.0]}, "properties": {"value": 0.915, "time": "2025-12-20T14:00:00", "date": "2025-12-20", "hour": 14}}, {"type": "Feature", "geometry": {"type": "Point", "coordinates": [7.0, 54.0]}, "properties": {"value": 0.902, "time": "2025-12-20T14:00:00", "date": "2025-12-20", "hour": 14}}, {"type": "Feature", "geometry": {"type": "Point", "coordinates": [7.5, 54.0]}, "properties": {"value": 0.88, "time": "2025-12-20T14:00:00", "date": "2025-12-20", "hour": 14}}, {"type": "Feature", "geometry": {"type": "Point", "coordinates": [8.0, 54.0]}, "properties": {"value": 0.839, "time": "2025-12-20T14:00:00", "date": "2025-12-20", "hour": 14}}, {"type": "Feature", "geometry": {"type": "Point", "coordinates": [8.5, 54.0]}, "properties": {"value": 0.751, "time": "2025-12-20T14:00:00", "date": "2025-12-20", "hour": 14}}, {"type": "Feature", "geometry": {"type": "Point", "coordinates": [11.0, 54.0]}, "properties": {"value": 0.096, "time": "2025-12-20T14:00:00", "date": "2025-12-20", "hour": 14}}, {"type": "Feature", "geometry": {"type": "Point", "coordinates": [14.0, 54.0]}, "properties": {"value": 0.12, "time": "2025-12-20T14:00:00", "date": "2025-12-20", "hour": 14}}, {"type": "Feature", "geometry": {"type": "Point", "coordinates": [14.5, 54.0]}, "properties": {"value": 0.172, "time": "2025-12-20T14:00:00", "date": "2025-12-20", "hour": 14}}, {"type": "Feature", "geometry": {"type": "Point", "coordinates": [15.0, 54.0]}, "properties": {"value": 0.196, "time": "2025-12-20T14:00:00", "date": "2025-12-20", "hour": 14}}, {"type": "Feature", "geometry": {"type": "Point", "coordinates": [5.0, 54.5]}, "properties": {"value": 1.054, "time": "2025-12-20T14:00:00", "date": "2025-12-20", "hour": 14}}, {"type": "Feature", "geometry": {"type": "Point", "coordinates": [5.5, 54.5]}, "properties": {"value": 1.084, "time": "2025-12-20T14:00:00", "date": "2025-12-20", "hour": 14}}, {"type": "Feature", "geometry": {"type": "Point", "coordinates": [6.0, 54.5]}, "properties": {"value": 1.104, "time": "2025-12-20T14:00:00", "date": "2025-12-20", "hour": 14}}, {"type": "Feature", "geometry": {"type": "Point", "coordinates": [6.5, 54.5]}, "properties": {"value": 1.116, "time": "2025-12-20T14:00:00", "date": "2025-12-20", "hour": 14}}, {"type": "Feature", "geometry": {"type": "Point", "coordinates": [7.0, 54.5]}, "properties": {"value": 1.111, "time": "2025-12-20T14:00:00", "date": "2025-12-20", "hour": 14}}, {"type": "Feature", "geometry": {"type": "Point", "coordinates": [7.5, 54.5]}, "properties": {"value": 1.075, "time": "2025-12-20T14:00:00", "date": "2025-12-20", "hour": 14}}, {"type": "Feature", "geometry": {"type": "Point", "coordinates": [8.0, 54.5]}, "properties": {"value": 0.975, "time": "2025-12-20T14:00:00", "date": "2025-12-20", "hour": 14}}, {"type": "Feature", "geometry": {"type": "Point", "coordinates": [8.5, 54.5]}, "properties": {"value": 0.781, "time": "2025-12-20T14:00:00", "date": "2025-12-20", "hour": 14}}, {"type": "Feature", "geometry": {"type": "Point", "coordinates": [11.0, 54.5]}, "properties": {"value": 0.241, "time": "2025-12-20T14:00:00", "date": "2025-12-20", "hour": 14}}, {"type": "Feature", "geometry": {"type": "Point", "coordinates": [11.5, 54.5]}, "properties": {"value": 0.267, "time": "2025-12-20T14:00:00", "date": "2025-12-20", "hour": 14}}, {"type": "Feature", "geometry": {"type": "Point", "coordinates": [12.0, 54.5]}, "properties": {"value": 0.241, "time": "2025-12-20T14:00:00", "date": "2025-12-20", "hour": 14}}, {"type": "Feature", "geometry": {"type": "Point", "coordinates": [12.5, 54.5]}, "properties": {"value": 0.247, "time": "2025-12-20T14:00:00", "date": "2025-12-20", "hour": 14}}, {"type": "Feature", "geometry": {"type": "Point", "coordinates": [13.0, 54.5]}, "properties": {"value": 0.236, "time": "2025-12-20T14:00:00", "date": "2025-12-20", "hour": 14}}, {"type": "Feature", "geometry": {"type": "Point", "coordinates": [13.5, 54.5]}, "properties": {"value": 0.245, "time": "2025-12-20T14:00:00", "date": "2025-12-20", "hour": 14}}, {"type": "Feature", "geometry": {"type": "Point", "coordinates": [14.0, 54.5]}, "properties": {"value": 0.309, "time": "2025-12-20T14:00:00", "date": "2025-12-20", "hour": 14}}, {"type": "Feature", "geometry": {"type": "Point", "coordinates": [14.5, 54.5]}, "properties": {"value": 0.395, "time": "2025-12-20T14:00:00", "date": "2025-12-20", "hour": 14}}, {"type": "Feature", "geometry": {"type": "Point", "coordinates": [15.0, 54.5]}, "properties": {"value": 0.468, "time": "2025-12-20T14:00:00", "date": "2025-12-20", "hour": 14}}, {"type": "Feature", "geometry": {"type": "Point", "coordinates": [5.0, 55.0]}, "properties": {"value": 1.183, "time": "2025-12-20T14:00:00", "date": "2025-12-20", "hour": 14}}, {"type": "Feature", "geometry": {"type": "Point", "coordinates": [5.5, 55.0]}, "properties": {"value": 1.22, "time": "2025-12-20T14:00:00", "date": "2025-12-20", "hour": 14}}, {"type": "Feature", "geometry": {"type": "Point", "coordinates": [6.0, 55.0]}, "properties": {"value": 1.25, "time": "2025-12-20T14:00:00", "date": "2025-12-20", "hour": 14}}, {"type": "Feature", "geometry": {"type": "Point", "coordinates": [6.5, 55.0]}, "properties": {"value": 1.264, "time": "2025-12-20T14:00:00", "date": "2025-12-20", "hour": 14}}, {"type": "Feature", "geometry": {"type": "Point", "coordinates": [7.0, 55.0]}, "properties": {"value": 1.253, "time": "2025-12-20T14:00:00", "date": "2025-12-20", "hour": 14}}, {"type": "Feature", "geometry": {"type": "Point", "coordinates": [7.5, 55.0]}, "properties": {"value": 1.212, "time": "2025-12-20T14:00:00", "date": "2025-12-20", "hour": 14}}, {"type": "Feature", "geometry": {"type": "Point", "coordinates": [8.0, 55.0]}, "properties": {"value": 1.11, "time": "2025-12-20T14:00:00", "date": "2025-12-20", "hour": 14}}, {"type": "Feature", "geometry": {"type": "Point", "coordinates": [8.5, 55.0]}, "properties": {"value": 0.9, "time": "2025-12-20T14:00:00", "date": "2025-12-20", "hour": 14}}, {"type": "Feature", "geometry": {"type": "Point", "coordinates": [10.0, 55.0]}, "properties": {"value": 0.152, "time": "2025-12-20T14:00:00", "date": "2025-12-20", "hour": 14}}, {"type": "Feature", "geometry": {"type": "Point", "coordinates": [10.5, 55.0]}, "properties": {"value": 0.234, "time": "2025-12-20T14:00:00", "date": "2025-12-20", "hour": 14}}, {"type": "Feature", "geometry": {"type": "Point", "coordinates": [11.0, 55.0]}, "properties": {"value": 0.287, "time": "2025-12-20T14:00:00", "date": "2025-12-20", "hour": 14}}, {"type": "Feature", "geometry": {"type": "Point", "coordinates": [11.5, 55.0]}, "properties": {"value": 0.304, "time": "2025-12-20T14:00:00", "date": "2025-12-20", "hour": 14}}, {"type": "Feature", "geometry": {"type": "Point", "coordinates": [12.5, 55.0]}, "properties": {"value": 0.37, "time": "2025-12-20T14:00:00", "date": "2025-12-20", "hour": 14}}, {"type": "Feature", "geometry": {"type": "Point", "coordinates": [13.0, 55.0]}, "properties": {"value": 0.456, "time": "2025-12-20T14:00:00", "date": "2025-12-20", "hour": 14}}, {"type": "Feature", "geometry": {"type": "Point", "coordinates": [13.5, 55.0]}, "properties": {"value": 0.523, "time": "2025-12-20T14:00:00", "date": "2025-12-20", "hour": 14}}, {"type": "Feature", "geometry": {"type": "Point", "coordinates": [14.0, 55.0]}, "properties": {"value": 0.596, "time": "2025-12-20T14:00:00", "date": "2025-12-20", "hour": 14}}, {"type": "Feature", "geometry": {"type": "Point", "coordinates": [14.5, 55.0]}, "properties": {"value": 0.651, "time": "2025-12-20T14:00:00", "date": "2025-12-20", "hour": 14}}, {"type": "Feature", "geometry": {"type": "Point", "coordinates": [15.0, 55.0]}, "properties": {"value": 0.683, "time": "2025-12-20T14:00:00", "date": "2025-12-20", "hour": 14}}, {"type": "Feature", "geometry": {"type": "Point", "coordinates": [5.0, 53.0]}, "properties": {"value": 0.526, "time": "2025-12-20T15:00:00", "date": "2025-12-20", "hour": 15}}, {"type": "Feature", "geometry": {"type": "Point", "coordinates": [5.0, 53.5]}, "properties": {"value": 0.666, "time": "2025-12-20T15:00:00", "date": "2025-12-20", "hour": 15}}, {"type": "Feature", "geometry": {"type": "Point", "coordinates": [5.5, 53.5]}, "properties": {"value": 0.639, "time": "2025-12-20T15:00:00", "date": "2025-12-20", "hour": 15}}, {"type": "Feature", "geometry": {"type": "Point", "coordinates": [6.0, 53.5]}, "properties": {"value": 0.635, "time": "2025-12-20T15:00:00", "date": "2025-12-20", "hour": 15}}, {"type": "Feature", "geometry": {"type": "Point", "coordinates": [7.0, 53.5]}, "properties": {"value": 0.55, "time": "2025-12-20T15:00:00", "date": "2025-12-20", "hour": 15}}, {"type": "Feature", "geometry": {"type": "Point", "coordinates": [7.5, 53.5]}, "properties": {"value": 0.43, "time": "2025-12-20T15:00:00", "date": "2025-12-20", "hour": 15}}, {"type": "Feature", "geometry": {"type": "Point", "coordinates": [8.5, 53.5]}, "properties": {"value": 0.274, "time": "2025-12-20T15:00:00", "date": "2025-12-20", "hour": 15}}, {"type": "Feature", "geometry": {"type": "Point", "coordinates": [5.0, 54.0]}, "properties": {"value": 0.891, "time": "2025-12-20T15:00:00", "date": "2025-12-20", "hour": 15}}, {"type": "Feature", "geometry": {"type": "Point", "coordinates": [5.5, 54.0]}, "properties": {"value": 0.893, "time": "2025-12-20T15:00:00", "date": "2025-12-20", "hour": 15}}, {"type": "Feature", "geometry": {"type": "Point", "coordinates": [6.0, 54.0]}, "properties": {"value": 0.887, "time": "2025-12-20T15:00:00", "date": "2025-12-20", "hour": 15}}, {"type": "Feature", "geometry": {"type": "Point", "coordinates": [6.5, 54.0]}, "properties": {"value": 0.882, "time": "2025-12-20T15:00:00", "date": "2025-12-20", "hour": 15}}, {"type": "Feature", "geometry": {"type": "Point", "coordinates": [7.0, 54.0]}, "properties": {"value": 0.873, "time": "2025-12-20T15:00:00", "date": "2025-12-20", "hour": 15}}, {"type": "Feature", "geometry": {"type": "Point", "coordinates": [7.5, 54.0]}, "properties": {"value": 0.855, "time": "2025-12-20T15:00:00", "date": "2025-12-20", "hour": 15}}, {"type": "Feature", "geometry": {"type": "Point", "coordinates": [8.0, 54.0]}, "properties": {"value": 0.817, "time": "2025-12-20T15:00:00", "date": "2025-12-20", "hour": 15}}, {"type": "Feature", "geometry": {"type": "Point", "coordinates": [8.5, 54.0]}, "properties": {"value": 0.731, "time": "2025-12-20T15:00:00", "date": "2025-12-20", "hour": 15}}, {"type": "Feature", "geometry": {"type": "Point", "coordinates": [11.0, 54.0]}, "properties": {"value": 0.088, "time": "2025-12-20T15:00:00", "date": "2025-12-20", "hour": 15}}, {"type": "Feature", "geometry": {"type": "Point", "coordinates": [14.0, 54.0]}, "properties": {"value": 0.113, "time": "2025-12-20T15:00:00", "date": "2025-12-20", "hour": 15}}, {"type": "Feature", "geometry": {"type": "Point", "coordinates": [14.5, 54.0]}, "properties": {"value": 0.164, "time": "2025-12-20T15:00:00", "date": "2025-12-20", "hour": 15}}, {"type": "Feature", "geometry": {"type": "Point", "coordinates": [15.0, 54.0]}, "properties": {"value": 0.188, "time": "2025-12-20T15:00:00", "date": "2025-12-20", "hour": 15}}, {"type": "Feature", "geometry": {"type": "Point", "coordinates": [5.0, 54.5]}, "properties": {"value": 1.02, "time": "2025-12-20T15:00:00", "date": "2025-12-20", "hour": 15}}, {"type": "Feature", "geometry": {"type": "Point", "coordinates": [5.5, 54.5]}, "properties": {"value": 1.046, "time": "2025-12-20T15:00:00", "date": "2025-12-20", "hour": 15}}, {"type": "Feature", "geometry": {"type": "Point", "coordinates": [6.0, 54.5]}, "properties": {"value": 1.065, "time": "2025-12-20T15:00:00", "date": "2025-12-20", "hour": 15}}, {"type": "Feature", "geometry": {"type": "Point", "coordinates": [6.5, 54.5]}, "properties": {"value": 1.077, "time": "2025-12-20T15:00:00", "date": "2025-12-20", "hour": 15}}, {"type": "Feature", "geometry": {"type": "Point", "coordinates": [7.0, 54.5]}, "properties": {"value": 1.073, "time": "2025-12-20T15:00:00", "date": "2025-12-20", "hour": 15}}, {"type": "Feature", "geometry": {"type": "Point", "coordinates": [7.5, 54.5]}, "properties": {"value": 1.039, "time": "2025-12-20T15:00:00", "date": "2025-12-20", "hour": 15}}, {"type": "Feature", "geometry": {"type": "Point", "coordinates": [8.0, 54.5]}, "properties": {"value": 0.943, "time": "2025-12-20T15:00:00", "date": "2025-12-20", "hour": 15}}, {"type": "Feature", "geometry": {"type": "Point", "coordinates": [8.5, 54.5]}, "properties": {"value": 0.757, "time": "2025-12-20T15:00:00", "date": "2025-12-20", "hour": 15}}, {"type": "Feature", "geometry": {"type": "Point", "coordinates": [11.0, 54.5]}, "properties": {"value": 0.215, "time": "2025-12-20T15:00:00", "date": "2025-12-20", "hour": 15}}, {"type": "Feature", "geometry": {"type": "Point", "coordinates": [11.5, 54.5]}, "properties": {"value": 0.241, "time": "2025-12-20T15:00:00", "date": "2025-12-20", "hour": 15}}, {"type": "Feature", "geometry": {"type": "Point", "coordinates": [12.0, 54.5]}, "properties": {"value": 0.222, "time": "2025-12-20T15:00:00", "date": "2025-12-20", "hour": 15}}, {"type": "Feature", "geometry": {"type": "Point", "coordinates": [12.5, 54.5]}, "properties": {"value": 0.224, "time": "2025-12-20T15:00:00", "date": "2025-12-20", "hour": 15}}, {"type": "Feature", "geometry": {"type": "Point", "coordinates": [13.0, 54.5]}, "properties": {"value": 0.216, "time": "2025-12-20T15:00:00", "date": "2025-12-20", "hour": 15}}, {"type": "Feature", "geometry": {"type": "Point", "coordinates": [13.5, 54.5]}, "properties": {"value": 0.222, "time": "2025-12-20T15:00:00", "date": "2025-12-20", "hour": 15}}, {"type": "Feature", "geometry": {"type": "Point", "coordinates": [14.0, 54.5]}, "properties": {"value": 0.283, "time": "2025-12-20T15:00:00", "date": "2025-12-20", "hour": 15}}, {"type": "Feature", "geometry": {"type": "Point", "coordinates": [14.5, 54.5]}, "properties": {"value": 0.367, "time": "2025-12-20T15:00:00", "date": "2025-12-20", "hour": 15}}, {"type": "Feature", "geometry": {"type": "Point", "coordinates": [15.0, 54.5]}, "properties": {"value": 0.442, "time": "2025-12-20T15:00:00", "date": "2025-12-20", "hour": 15}}, {"type": "Feature", "geometry": {"type": "Point", "coordinates": [5.0, 55.0]}, "properties": {"value": 1.139, "time": "2025-12-20T15:00:00", "date": "2025-12-20", "hour": 15}}, {"type": "Feature", "geometry": {"type": "Point", "coordinates": [5.5, 55.0]}, "properties": {"value": 1.176, "time": "2025-12-20T15:00:00", "date": "2025-12-20", "hour": 15}}, {"type": "Feature", "geometry": {"type": "Point", "coordinates": [6.0, 55.0]}, "properties": {"value": 1.206, "time": "2025-12-20T15:00:00", "date": "2025-12-20", "hour": 15}}, {"type": "Feature", "geometry": {"type": "Point", "coordinates": [6.5, 55.0]}, "properties": {"value": 1.22, "time": "2025-12-20T15:00:00", "date": "2025-12-20", "hour": 15}}, {"type": "Feature", "geometry": {"type": "Point", "coordinates": [7.0, 55.0]}, "properties": {"value": 1.21, "time": "2025-12-20T15:00:00", "date": "2025-12-20", "hour": 15}}, {"type": "Feature", "geometry": {"type": "Point", "coordinates": [7.5, 55.0]}, "properties": {"value": 1.172, "time": "2025-12-20T15:00:00", "date": "2025-12-20", "hour": 15}}, {"type": "Feature", "geometry": {"type": "Point", "coordinates": [8.0, 55.0]}, "properties": {"value": 1.075, "time": "2025-12-20T15:00:00", "date": "2025-12-20", "hour": 15}}, {"type": "Feature", "geometry": {"type": "Point", "coordinates": [8.5, 55.0]}, "properties": {"value": 0.872, "time": "2025-12-20T15:00:00", "date": "2025-12-20", "hour": 15}}, {"type": "Feature", "geometry": {"type": "Point", "coordinates": [10.0, 55.0]}, "properties": {"value": 0.143, "time": "2025-12-20T15:00:00", "date": "2025-12-20", "hour": 15}}, {"type": "Feature", "geometry": {"type": "Point", "coordinates": [10.5, 55.0]}, "properties": {"value": 0.212, "time": "2025-12-20T15:00:00", "date": "2025-12-20", "hour": 15}}, {"type": "Feature", "geometry": {"type": "Point", "coordinates": [11.0, 55.0]}, "properties": {"value": 0.256, "time": "2025-12-20T15:00:00", "date": "2025-12-20", "hour": 15}}, {"type": "Feature", "geometry": {"type": "Point", "coordinates": [11.5, 55.0]}, "properties": {"value": 0.271, "time": "2025-12-20T15:00:00", "date": "2025-12-20", "hour": 15}}, {"type": "Feature", "geometry": {"type": "Point", "coordinates": [12.5, 55.0]}, "properties": {"value": 0.335, "time": "2025-12-20T15:00:00", "date": "2025-12-20", "hour": 15}}, {"type": "Feature", "geometry": {"type": "Point", "coordinates": [13.0, 55.0]}, "properties": {"value": 0.422, "time": "2025-12-20T15:00:00", "date": "2025-12-20", "hour": 15}}, {"type": "Feature", "geometry": {"type": "Point", "coordinates": [13.5, 55.0]}, "properties": {"value": 0.49, "time": "2025-12-20T15:00:00", "date": "2025-12-20", "hour": 15}}, {"type": "Feature", "geometry": {"type": "Point", "coordinates": [14.0, 55.0]}, "properties": {"value": 0.566, "time": "2025-12-20T15:00:00", "date": "2025-12-20", "hour": 15}}, {"type": "Feature", "geometry": {"type": "Point", "coordinates": [14.5, 55.0]}, "properties": {"value": 0.625, "time": "2025-12-20T15:00:00", "date": "2025-12-20", "hour": 15}}, {"type": "Feature", "geometry": {"type": "Point", "coordinates": [15.0, 55.0]}, "properties": {"value": 0.658, "time": "2025-12-20T15:00:00", "date": "2025-12-20", "hour": 15}}, {"type": "Feature", "geometry": {"type": "Point", "coordinates": [5.0, 53.0]}, "properties": {"value": 0.532, "time": "2025-12-20T16:00:00", "date": "2025-12-20", "hour": 16}}, {"type": "Feature", "geometry": {"type": "Point", "coordinates": [5.0, 53.5]}, "properties": {"value": 0.651, "time": "2025-12-20T16:00:00", "date": "2025-12-20", "hour": 16}}, {"type": "Feature", "geometry": {"type": "Point", "coordinates": [5.5, 53.5]}, "properties": {"value": 0.626, "time": "2025-12-20T16:00:00", "date": "2025-12-20", "hour": 16}}, {"type": "Feature", "geometry": {"type": "Point", "coordinates": [6.0, 53.5]}, "properties": {"value": 0.625, "time": "2025-12-20T16:00:00", "date": "2025-12-20", "hour": 16}}, {"type": "Feature", "geometry": {"type": "Point", "coordinates": [7.0, 53.5]}, "properties": {"value": 0.546, "time": "2025-12-20T16:00:00", "date": "2025-12-20", "hour": 16}}, {"type": "Feature", "geometry": {"type": "Point", "coordinates": [7.5, 53.5]}, "properties": {"value": 0.428, "time": "2025-12-20T16:00:00", "date": "2025-12-20", "hour": 16}}, {"type": "Feature", "geometry": {"type": "Point", "coordinates": [8.5, 53.5]}, "properties": {"value": 0.274, "time": "2025-12-20T16:00:00", "date": "2025-12-20", "hour": 16}}, {"type": "Feature", "geometry": {"type": "Point", "coordinates": [5.0, 54.0]}, "properties": {"value": 0.858, "time": "2025-12-20T16:00:00", "date": "2025-12-20", "hour": 16}}, {"type": "Feature", "geometry": {"type": "Point", "coordinates": [5.5, 54.0]}, "properties": {"value": 0.859, "time": "2025-12-20T16:00:00", "date": "2025-12-20", "hour": 16}}, {"type": "Feature", "geometry": {"type": "Point", "coordinates": [6.0, 54.0]}, "properties": {"value": 0.855, "time": "2025-12-20T16:00:00", "date": "2025-12-20", "hour": 16}}, {"type": "Feature", "geometry": {"type": "Point", "coordinates": [6.5, 54.0]}, "properties": {"value": 0.853, "time": "2025-12-20T16:00:00", "date": "2025-12-20", "hour": 16}}, {"type": "Feature", "geometry": {"type": "Point", "coordinates": [7.0, 54.0]}, "properties": {"value": 0.849, "time": "2025-12-20T16:00:00", "date": "2025-12-20", "hour": 16}}, {"type": "Feature", "geometry": {"type": "Point", "coordinates": [7.5, 54.0]}, "properties": {"value": 0.836, "time": "2025-12-20T16:00:00", "date": "2025-12-20", "hour": 16}}, {"type": "Feature", "geometry": {"type": "Point", "coordinates": [8.0, 54.0]}, "properties": {"value": 0.8, "time": "2025-12-20T16:00:00", "date": "2025-12-20", "hour": 16}}, {"type": "Feature", "geometry": {"type": "Point", "coordinates": [8.5, 54.0]}, "properties": {"value": 0.714, "time": "2025-12-20T16:00:00", "date": "2025-12-20", "hour": 16}}, {"type": "Feature", "geometry": {"type": "Point", "coordinates": [11.0, 54.0]}, "properties": {"value": 0.082, "time": "2025-12-20T16:00:00", "date": "2025-12-20", "hour": 16}}, {"type": "Feature", "geometry": {"type": "Point", "coordinates": [14.0, 54.0]}, "properties": {"value": 0.107, "time": "2025-12-20T16:00:00", "date": "2025-12-20", "hour": 16}}, {"type": "Feature", "geometry": {"type": "Point", "coordinates": [14.5, 54.0]}, "properties": {"value": 0.157, "time": "2025-12-20T16:00:00", "date": "2025-12-20", "hour": 16}}, {"type": "Feature", "geometry": {"type": "Point", "coordinates": [15.0, 54.0]}, "properties": {"value": 0.18, "time": "2025-12-20T16:00:00", "date": "2025-12-20", "hour": 16}}, {"type": "Feature", "geometry": {"type": "Point", "coordinates": [5.0, 54.5]}, "properties": {"value": 0.986, "time": "2025-12-20T16:00:00", "date": "2025-12-20", "hour": 16}}, {"type": "Feature", "geometry": {"type": "Point", "coordinates": [5.5, 54.5]}, "properties": {"value": 1.008, "time": "2025-12-20T16:00:00", "date": "2025-12-20", "hour": 16}}, {"type": "Feature", "geometry": {"type": "Point", "coordinates": [6.0, 54.5]}, "properties": {"value": 1.026, "time": "2025-12-20T16:00:00", "date": "2025-12-20", "hour": 16}}, {"type": "Feature", "geometry": {"type": "Point", "coordinates": [6.5, 54.5]}, "properties": {"value": 1.038, "time": "2025-12-20T16:00:00", "date": "2025-12-20", "hour": 16}}, {"type": "Feature", "geometry": {"type": "Point", "coordinates": [7.0, 54.5]}, "properties": {"value": 1.036, "time": "2025-12-20T16:00:00", "date": "2025-12-20", "hour": 16}}, {"type": "Feature", "geometry": {"type": "Point", "coordinates": [7.5, 54.5]}, "properties": {"value": 1.005, "time": "2025-12-20T16:00:00", "date": "2025-12-20", "hour": 16}}, {"type": "Feature", "geometry": {"type": "Point", "coordinates": [8.0, 54.5]}, "properties": {"value": 0.914, "time": "2025-12-20T16:00:00", "date": "2025-12-20", "hour": 16}}, {"type": "Feature", "geometry": {"type": "Point", "coordinates": [8.5, 54.5]}, "properties": {"value": 0.733, "time": "2025-12-20T16:00:00", "date": "2025-12-20", "hour": 16}}, {"type": "Feature", "geometry": {"type": "Point", "coordinates": [11.0, 54.5]}, "properties": {"value": 0.194, "time": "2025-12-20T16:00:00", "date": "2025-12-20", "hour": 16}}, {"type": "Feature", "geometry": {"type": "Point", "coordinates": [11.5, 54.5]}, "properties": {"value": 0.221, "time": "2025-12-20T16:00:00", "date": "2025-12-20", "hour": 16}}, {"type": "Feature", "geometry": {"type": "Point", "coordinates": [12.0, 54.5]}, "properties": {"value": 0.206, "time": "2025-12-20T16:00:00", "date": "2025-12-20", "hour": 16}}, {"type": "Feature", "geometry": {"type": "Point", "coordinates": [12.5, 54.5]}, "properties": {"value": 0.206, "time": "2025-12-20T16:00:00", "date": "2025-12-20", "hour": 16}}, {"type": "Feature", "geometry": {"type": "Point", "coordinates": [13.0, 54.5]}, "properties": {"value": 0.2, "time": "2025-12-20T16:00:00", "date": "2025-12-20", "hour": 16}}, {"type": "Feature", "geometry": {"type": "Point", "coordinates": [13.5, 54.5]}, "properties": {"value": 0.207, "time": "2025-12-20T16:00:00", "date": "2025-12-20", "hour": 16}}, {"type": "Feature", "geometry": {"type": "Point", "coordinates": [14.0, 54.5]}, "properties": {"value": 0.264, "time": "2025-12-20T16:00:00", "date": "2025-12-20", "hour": 16}}, {"type": "Feature", "geometry": {"type": "Point", "coordinates": [14.5, 54.5]}, "properties": {"value": 0.344, "time": "2025-12-20T16:00:00", "date": "2025-12-20", "hour": 16}}, {"type": "Feature", "geometry": {"type": "Point", "coordinates": [15.0, 54.5]}, "properties": {"value": 0.42, "time": "2025-12-20T16:00:00", "date": "2025-12-20", "hour": 16}}, {"type": "Feature", "geometry": {"type": "Point", "coordinates": [5.0, 55.0]}, "properties": {"value": 1.1, "time": "2025-12-20T16:00:00", "date": "2025-12-20", "hour": 16}}, {"type": "Feature", "geometry": {"type": "Point", "coordinates": [5.5, 55.0]}, "properties": {"value": 1.135, "time": "2025-12-20T16:00:00", "date": "2025-12-20", "hour": 16}}, {"type": "Feature", "geometry": {"type": "Point", "coordinates": [6.0, 55.0]}, "properties": {"value": 1.163, "time": "2025-12-20T16:00:00", "date": "2025-12-20", "hour": 16}}, {"type": "Feature", "geometry": {"type": "Point", "coordinates": [6.5, 55.0]}, "properties": {"value": 1.178, "time": "2025-12-20T16:00:00", "date": "2025-12-20", "hour": 16}}, {"type": "Feature", "geometry": {"type": "Point", "coordinates": [7.0, 55.0]}, "properties": {"value": 1.169, "time": "2025-12-20T16:00:00", "date": "2025-12-20", "hour": 16}}, {"type": "Feature", "geometry": {"type": "Point", "coordinates": [7.5, 55.0]}, "properties": {"value": 1.134, "time": "2025-12-20T16:00:00", "date": "2025-12-20", "hour": 16}}, {"type": "Feature", "geometry": {"type": "Point", "coordinates": [8.0, 55.0]}, "properties": {"value": 1.041, "time": "2025-12-20T16:00:00", "date": "2025-12-20", "hour": 16}}, {"type": "Feature", "geometry": {"type": "Point", "coordinates": [8.5, 55.0]}, "properties": {"value": 0.845, "time": "2025-12-20T16:00:00", "date": "2025-12-20", "hour": 16}}, {"type": "Feature", "geometry": {"type": "Point", "coordinates": [10.0, 55.0]}, "properties": {"value": 0.133, "time": "2025-12-20T16:00:00", "date": "2025-12-20", "hour": 16}}, {"type": "Feature", "geometry": {"type": "Point", "coordinates": [10.5, 55.0]}, "properties": {"value": 0.194, "time": "2025-12-20T16:00:00", "date": "2025-12-20", "hour": 16}}, {"type": "Feature", "geometry": {"type": "Point", "coordinates": [11.0, 55.0]}, "properties": {"value": 0.233, "time": "2025-12-20T16:00:00", "date": "2025-12-20", "hour": 16}}, {"type": "Feature", "geometry": {"type": "Point", "coordinates": [11.5, 55.0]}, "properties": {"value": 0.247, "time": "2025-12-20T16:00:00", "date": "2025-12-20", "hour": 16}}, {"type": "Feature", "geometry": {"type": "Point", "coordinates": [12.5, 55.0]}, "properties": {"value": 0.304, "time": "2025-12-20T16:00:00", "date": "2025-12-20", "hour": 16}}, {"type": "Feature", "geometry": {"type": "Point", "coordinates": [13.0, 55.0]}, "properties": {"value": 0.39, "time": "2025-12-20T16:00:00", "date": "2025-12-20", "hour": 16}}, {"type": "Feature", "geometry": {"type": "Point", "coordinates": [13.5, 55.0]}, "properties": {"value": 0.459, "time": "2025-12-20T16:00:00", "date": "2025-12-20", "hour": 16}}, {"type": "Feature", "geometry": {"type": "Point", "coordinates": [14.0, 55.0]}, "properties": {"value": 0.54, "time": "2025-12-20T16:00:00", "date": "2025-12-20", "hour": 16}}, {"type": "Feature", "geometry": {"type": "Point", "coordinates": [14.5, 55.0]}, "properties": {"value": 0.606, "time": "2025-12-20T16:00:00", "date": "2025-12-20", "hour": 16}}, {"type": "Feature", "geometry": {"type": "Point", "coordinates": [15.0, 55.0]}, "properties": {"value": 0.641, "time": "2025-12-20T16:00:00", "date": "2025-12-20", "hour": 16}}, {"type": "Feature", "geometry": {"type": "Point", "coordinates": [5.0, 53.0]}, "properties": {"value": 0.556, "time": "2025-12-20T17:00:00", "date": "2025-12-20", "hour": 17}}, {"type": "Feature", "geometry": {"type": "Point", "coordinates": [5.0, 53.5]}, "properties": {"value": 0.651, "time": "2025-12-20T17:00:00", "date": "2025-12-20", "hour": 17}}, {"type": "Feature", "geometry": {"type": "Point", "coordinates": [5.5, 53.5]}, "properties": {"value": 0.635, "time": "2025-12-20T17:00:00", "date": "2025-12-20", "hour": 17}}, {"type": "Feature", "geometry": {"type": "Point", "coordinates": [6.0, 53.5]}, "properties": {"value": 0.644, "time": "2025-12-20T17:00:00", "date": "2025-12-20", "hour": 17}}, {"type": "Feature", "geometry": {"type": "Point", "coordinates": [7.0, 53.5]}, "properties": {"value": 0.557, "time": "2025-12-20T17:00:00", "date": "2025-12-20", "hour": 17}}, {"type": "Feature", "geometry": {"type": "Point", "coordinates": [7.5, 53.5]}, "properties": {"value": 0.432, "time": "2025-12-20T17:00:00", "date": "2025-12-20", "hour": 17}}, {"type": "Feature", "geometry": {"type": "Point", "coordinates": [8.5, 53.5]}, "properties": {"value": 0.286, "time": "2025-12-20T17:00:00", "date": "2025-12-20", "hour": 17}}, {"type": "Feature", "geometry": {"type": "Point", "coordinates": [5.0, 54.0]}, "properties": {"value": 0.83, "time": "2025-12-20T17:00:00", "date": "2025-12-20", "hour": 17}}, {"type": "Feature", "geometry": {"type": "Point", "coordinates": [5.5, 54.0]}, "properties": {"value": 0.836, "time": "2025-12-20T17:00:00", "date": "2025-12-20", "hour": 17}}, {"type": "Feature", "geometry": {"type": "Point", "coordinates": [6.0, 54.0]}, "properties": {"value": 0.838, "time": "2025-12-20T17:00:00", "date": "2025-12-20", "hour": 17}}, {"type": "Feature", "geometry": {"type": "Point", "coordinates": [6.5, 54.0]}, "properties": {"value": 0.84, "time": "2025-12-20T17:00:00", "date": "2025-12-20", "hour": 17}}, {"type": "Feature", "geometry": {"type": "Point", "coordinates": [7.0, 54.0]}, "properties": {"value": 0.84, "time": "2025-12-20T17:00:00", "date": "2025-12-20", "hour": 17}}, {"type": "Feature", "geometry": {"type": "Point", "coordinates": [7.5, 54.0]}, "properties": {"value": 0.832, "time": "2025-12-20T17:00:00", "date": "2025-12-20", "hour": 17}}, {"type": "Feature", "geometry": {"type": "Point", "coordinates": [8.0, 54.0]}, "properties": {"value": 0.797, "time": "2025-12-20T17:00:00", "date": "2025-12-20", "hour": 17}}, {"type": "Feature", "geometry": {"type": "Point", "coordinates": [8.5, 54.0]}, "properties": {"value": 0.706, "time": "2025-12-20T17:00:00", "date": "2025-12-20", "hour": 17}}, {"type": "Feature", "geometry": {"type": "Point", "coordinates": [11.0, 54.0]}, "properties": {"value": 0.095, "time": "2025-12-20T17:00:00", "date": "2025-12-20", "hour": 17}}, {"type": "Feature", "geometry": {"type": "Point", "coordinates": [14.0, 54.0]}, "properties": {"value": 0.102, "time": "2025-12-20T17:00:00", "date": "2025-12-20", "hour": 17}}, {"type": "Feature", "geometry": {"type": "Point", "coordinates": [14.5, 54.0]}, "properties": {"value": 0.15, "time": "2025-12-20T17:00:00", "date": "2025-12-20", "hour": 17}}, {"type": "Feature", "geometry": {"type": "Point", "coordinates": [15.0, 54.0]}, "properties": {"value": 0.173, "time": "2025-12-20T17:00:00", "date": "2025-12-20", "hour": 17}}, {"type": "Feature", "geometry": {"type": "Point", "coordinates": [5.0, 54.5]}, "properties": {"value": 0.952, "time": "2025-12-20T17:00:00", "date": "2025-12-20", "hour": 17}}, {"type": "Feature", "geometry": {"type": "Point", "coordinates": [5.5, 54.5]}, "properties": {"value": 0.972, "time": "2025-12-20T17:00:00", "date": "2025-12-20", "hour": 17}}, {"type": "Feature", "geometry": {"type": "Point", "coordinates": [6.0, 54.5]}, "properties": {"value": 0.991, "time": "2025-12-20T17:00:00", "date": "2025-12-20", "hour": 17}}, {"type": "Feature", "geometry": {"type": "Point", "coordinates": [6.5, 54.5]}, "properties": {"value": 1.005, "time": "2025-12-20T17:00:00", "date": "2025-12-20", "hour": 17}}, {"type": "Feature", "geometry": {"type": "Point", "coordinates": [7.0, 54.5]}, "properties": {"value": 1.006, "time": "2025-12-20T17:00:00", "date": "2025-12-20", "hour": 17}}, {"type": "Feature", "geometry": {"type": "Point", "coordinates": [7.5, 54.5]}, "properties": {"value": 0.98, "time": "2025-12-20T17:00:00", "date": "2025-12-20", "hour": 17}}, {"type": "Feature", "geometry": {"type": "Point", "coordinates": [8.0, 54.5]}, "properties": {"value": 0.893, "time": "2025-12-20T17:00:00", "date": "2025-12-20", "hour": 17}}, {"type": "Feature", "geometry": {"type": "Point", "coordinates": [8.5, 54.5]}, "properties": {"value": 0.713, "time": "2025-12-20T17:00:00", "date": "2025-12-20", "hour": 17}}, {"type": "Feature", "geometry": {"type": "Point", "coordinates": [11.0, 54.5]}, "properties": {"value": 0.178, "time": "2025-12-20T17:00:00", "date": "2025-12-20", "hour": 17}}, {"type": "Feature", "geometry": {"type": "Point", "coordinates": [11.5, 54.5]}, "properties": {"value": 0.201, "time": "2025-12-20T17:00:00", "date": "2025-12-20", "hour": 17}}, {"type": "Feature", "geometry": {"type": "Point", "coordinates": [12.0, 54.5]}, "properties": {"value": 0.19, "time": "2025-12-20T17:00:00", "date": "2025-12-20", "hour": 17}}, {"type": "Feature", "geometry": {"type": "Point", "coordinates": [12.5, 54.5]}, "properties": {"value": 0.189, "time": "2025-12-20T17:00:00", "date": "2025-12-20", "hour": 17}}, {"type": "Feature", "geometry": {"type": "Point", "coordinates": [13.0, 54.5]}, "properties": {"value": 0.184, "time": "2025-12-20T17:00:00", "date": "2025-12-20", "hour": 17}}, {"type": "Feature", "geometry": {"type": "Point", "coordinates": [13.5, 54.5]}, "properties": {"value": 0.192, "time": "2025-12-20T17:00:00", "date": "2025-12-20", "hour": 17}}, {"type": "Feature", "geometry": {"type": "Point", "coordinates": [14.0, 54.5]}, "properties": {"value": 0.246, "time": "2025-12-20T17:00:00", "date": "2025-12-20", "hour": 17}}, {"type": "Feature", "geometry": {"type": "Point", "coordinates": [14.5, 54.5]}, "properties": {"value": 0.324, "time": "2025-12-20T17:00:00", "date": "2025-12-20", "hour": 17}}, {"type": "Feature", "geometry": {"type": "Point", "coordinates": [15.0, 54.5]}, "properties": {"value": 0.399, "time": "2025-12-20T17:00:00", "date": "2025-12-20", "hour": 17}}, {"type": "Feature", "geometry": {"type": "Point", "coordinates": [5.0, 55.0]}, "properties": {"value": 1.062, "time": "2025-12-20T17:00:00", "date": "2025-12-20", "hour": 17}}, {"type": "Feature", "geometry": {"type": "Point", "coordinates": [5.5, 55.0]}, "properties": {"value": 1.095, "time": "2025-12-20T17:00:00", "date": "2025-12-20", "hour": 17}}, {"type": "Feature", "geometry": {"type": "Point", "coordinates": [6.0, 55.0]}, "properties": {"value": 1.122, "time": "2025-12-20T17:00:00", "date": "2025-12-20", "hour": 17}}, {"type": "Feature", "geometry": {"type": "Point", "coordinates": [6.5, 55.0]}, "properties": {"value": 1.137, "time": "2025-12-20T17:00:00", "date": "2025-12-20", "hour": 17}}, {"type": "Feature", "geometry": {"type": "Point", "coordinates": [7.0, 55.0]}, "properties": {"value": 1.129, "time": "2025-12-20T17:00:00", "date": "2025-12-20", "hour": 17}}, {"type": "Feature", "geometry": {"type": "Point", "coordinates": [7.5, 55.0]}, "properties": {"value": 1.098, "time": "2025-12-20T17:00:00", "date": "2025-12-20", "hour": 17}}, {"type": "Feature", "geometry": {"type": "Point", "coordinates": [8.0, 55.0]}, "properties": {"value": 1.009, "time": "2025-12-20T17:00:00", "date": "2025-12-20", "hour": 17}}, {"type": "Feature", "geometry": {"type": "Point", "coordinates": [8.5, 55.0]}, "properties": {"value": 0.82, "time": "2025-12-20T17:00:00", "date": "2025-12-20", "hour": 17}}, {"type": "Feature", "geometry": {"type": "Point", "coordinates": [10.0, 55.0]}, "properties": {"value": 0.125, "time": "2025-12-20T17:00:00", "date": "2025-12-20", "hour": 17}}, {"type": "Feature", "geometry": {"type": "Point", "coordinates": [10.5, 55.0]}, "properties": {"value": 0.179, "time": "2025-12-20T17:00:00", "date": "2025-12-20", "hour": 17}}, {"type": "Feature", "geometry": {"type": "Point", "coordinates": [11.0, 55.0]}, "properties": {"value": 0.213, "time": "2025-12-20T17:00:00", "date": "2025-12-20", "hour": 17}}, {"type": "Feature", "geometry": {"type": "Point", "coordinates": [11.5, 55.0]}, "properties": {"value": 0.224, "time": "2025-12-20T17:00:00", "date": "2025-12-20", "hour": 17}}, {"type": "Feature", "geometry": {"type": "Point", "coordinates": [12.5, 55.0]}, "properties": {"value": 0.274, "time": "2025-12-20T17:00:00", "date": "2025-12-20", "hour": 17}}, {"type": "Feature", "geometry": {"type": "Point", "coordinates": [13.0, 55.0]}, "properties": {"value": 0.356, "time": "2025-12-20T17:00:00", "date": "2025-12-20", "hour": 17}}, {"type": "Feature", "geometry": {"type": "Point", "coordinates": [13.5, 55.0]}, "properties": {"value": 0.426, "time": "2025-12-20T17:00:00", "date": "2025-12-20", "hour": 17}}, {"type": "Feature", "geometry": {"type": "Point", "coordinates": [14.0, 55.0]}, "properties": {"value": 0.51, "time": "2025-12-20T17:00:00", "date": "2025-12-20", "hour": 17}}, {"type": "Feature", "geometry": {"type": "Point", "coordinates": [14.5, 55.0]}, "properties": {"value": 0.586, "time": "2025-12-20T17:00:00", "date": "2025-12-20", "hour": 17}}, {"type": "Feature", "geometry": {"type": "Point", "coordinates": [15.0, 55.0]}, "properties": {"value": 0.624, "time": "2025-12-20T17:00:00", "date": "2025-12-20", "hour": 17}}, {"type": "Feature", "geometry": {"type": "Point", "coordinates": [5.0, 53.0]}, "properties": {"value": 0.598, "time": "2025-12-20T18:00:00", "date": "2025-12-20", "hour": 18}}, {"type": "Feature", "geometry": {"type": "Point", "coordinates": [5.0, 53.5]}, "properties": {"value": 0.67, "time": "2025-12-20T18:00:00", "date": "2025-12-20", "hour": 18}}, {"type": "Feature", "geometry": {"type": "Point", "coordinates": [5.5, 53.5]}, "properties": {"value": 0.66, "time": "2025-12-20T18:00:00", "date": "2025-12-20", "hour": 18}}, {"type": "Feature", "geometry": {"type": "Point", "coordinates": [6.0, 53.5]}, "properties": {"value": 0.682, "time": "2025-12-20T18:00:00", "date": "2025-12-20", "hour": 18}}, {"type": "Feature", "geometry": {"type": "Point", "coordinates": [7.0, 53.5]}, "properties": {"value": 0.577, "time": "2025-12-20T18:00:00", "date": "2025-12-20", "hour": 18}}, {"type": "Feature", "geometry": {"type": "Point", "coordinates": [7.5, 53.5]}, "properties": {"value": 0.437, "time": "2025-12-20T18:00:00", "date": "2025-12-20", "hour": 18}}, {"type": "Feature", "geometry": {"type": "Point", "coordinates": [8.5, 53.5]}, "properties": {"value": 0.29, "time": "2025-12-20T18:00:00", "date": "2025-12-20", "hour": 18}}, {"type": "Feature", "geometry": {"type": "Point", "coordinates": [5.0, 54.0]}, "properties": {"value": 0.819, "time": "2025-12-20T18:00:00", "date": "2025-12-20", "hour": 18}}, {"type": "Feature", "geometry": {"type": "Point", "coordinates": [5.5, 54.0]}, "properties": {"value": 0.832, "time": "2025-12-20T18:00:00", "date": "2025-12-20", "hour": 18}}, {"type": "Feature", "geometry": {"type": "Point", "coordinates": [6.0, 54.0]}, "properties": {"value": 0.842, "time": "2025-12-20T18:00:00", "date": "2025-12-20", "hour": 18}}, {"type": "Feature", "geometry": {"type": "Point", "coordinates": [6.5, 54.0]}, "properties": {"value": 0.852, "time": "2025-12-20T18:00:00", "date": "2025-12-20", "hour": 18}}, {"type": "Feature", "geometry": {"type": "Point", "coordinates": [7.0, 54.0]}, "properties": {"value": 0.858, "time": "2025-12-20T18:00:00", "date": "2025-12-20", "hour": 18}}, {"type": "Feature", "geometry": {"type": "Point", "coordinates": [7.5, 54.0]}, "properties": {"value": 0.848, "time": "2025-12-20T18:00:00", "date": "2025-12-20", "hour": 18}}, {"type": "Feature", "geometry": {"type": "Point", "coordinates": [8.0, 54.0]}, "properties": {"value": 0.808, "time": "2025-12-20T18:00:00", "date": "2025-12-20", "hour": 18}}, {"type": "Feature", "geometry": {"type": "Point", "coordinates": [8.5, 54.0]}, "properties": {"value": 0.704, "time": "2025-12-20T18:00:00", "date": "2025-12-20", "hour": 18}}, {"type": "Feature", "geometry": {"type": "Point", "coordinates": [11.0, 54.0]}, "properties": {"value": 0.091, "time": "2025-12-20T18:00:00", "date": "2025-12-20", "hour": 18}}, {"type": "Feature", "geometry": {"type": "Point", "coordinates": [14.0, 54.0]}, "properties": {"value": 0.096, "time": "2025-12-20T18:00:00", "date": "2025-12-20", "hour": 18}}, {"type": "Feature", "geometry": {"type": "Point", "coordinates": [14.5, 54.0]}, "properties": {"value": 0.143, "time": "2025-12-20T18:00:00", "date": "2025-12-20", "hour": 18}}, {"type": "Feature", "geometry": {"type": "Point", "coordinates": [15.0, 54.0]}, "properties": {"value": 0.165, "time": "2025-12-20T18:00:00", "date": "2025-12-20", "hour": 18}}, {"type": "Feature", "geometry": {"type": "Point", "coordinates": [5.0, 54.5]}, "properties": {"value": 0.926, "time": "2025-12-20T18:00:00", "date": "2025-12-20", "hour": 18}}, {"type": "Feature", "geometry": {"type": "Point", "coordinates": [5.5, 54.5]}, "properties": {"value": 0.945, "time": "2025-12-20T18:00:00", "date": "2025-12-20", "hour": 18}}, {"type": "Feature", "geometry": {"type": "Point", "coordinates": [6.0, 54.5]}, "properties": {"value": 0.967, "time": "2025-12-20T18:00:00", "date": "2025-12-20", "hour": 18}}, {"type": "Feature", "geometry": {"type": "Point", "coordinates": [6.5, 54.5]}, "properties": {"value": 0.984, "time": "2025-12-20T18:00:00", "date": "2025-12-20", "hour": 18}}, {"type": "Feature", "geometry": {"type": "Point", "coordinates": [7.0, 54.5]}, "properties": {"value": 0.99, "time": "2025-12-20T18:00:00", "date": "2025-12-20", "hour": 18}}, {"type": "Feature", "geometry": {"type": "Point", "coordinates": [7.5, 54.5]}, "properties": {"value": 0.97, "time": "2025-12-20T18:00:00", "date": "2025-12-20", "hour": 18}}, {"type": "Feature", "geometry": {"type": "Point", "coordinates": [8.0, 54.5]}, "properties": {"value": 0.884, "time": "2025-12-20T18:00:00", "date": "2025-12-20", "hour": 18}}, {"type": "Feature", "geometry": {"type": "Point", "coordinates": [8.5, 54.5]}, "properties": {"value": 0.699, "time": "2025-12-20T18:00:00", "date": "2025-12-20", "hour": 18}}, {"type": "Feature", "geometry": {"type": "Point", "coordinates": [11.0, 54.5]}, "properties": {"value": 0.176, "time": "2025-12-20T18:00:00", "date": "2025-12-20", "hour": 18}}, {"type": "Feature", "geometry": {"type": "Point", "coordinates": [11.5, 54.5]}, "properties": {"value": 0.192, "time": "2025-12-20T18:00:00", "date": "2025-12-20", "hour": 18}}, {"type": "Feature", "geometry": {"type": "Point", "coordinates": [12.0, 54.5]}, "properties": {"value": 0.179, "time": "2025-12-20T18:00:00", "date": "2025-12-20", "hour": 18}}, {"type": "Feature", "geometry": {"type": "Point", "coordinates": [12.5, 54.5]}, "properties": {"value": 0.176, "time": "2025-12-20T18:00:00", "date": "2025-12-20", "hour": 18}}, {"type": "Feature", "geometry": {"type": "Point", "coordinates": [13.0, 54.5]}, "properties": {"value": 0.171, "time": "2025-12-20T18:00:00", "date": "2025-12-20", "hour": 18}}, {"type": "Feature", "geometry": {"type": "Point", "coordinates": [13.5, 54.5]}, "properties": {"value": 0.187, "time": "2025-12-20T18:00:00", "date": "2025-12-20", "hour": 18}}, {"type": "Feature", "geometry": {"type": "Point", "coordinates": [14.0, 54.5]}, "properties": {"value": 0.232, "time": "2025-12-20T18:00:00", "date": "2025-12-20", "hour": 18}}, {"type": "Feature", "geometry": {"type": "Point", "coordinates": [14.5, 54.5]}, "properties": {"value": 0.307, "time": "2025-12-20T18:00:00", "date": "2025-12-20", "hour": 18}}, {"type": "Feature", "geometry": {"type": "Point", "coordinates": [15.0, 54.5]}, "properties": {"value": 0.384, "time": "2025-12-20T18:00:00", "date": "2025-12-20", "hour": 18}}, {"type": "Feature", "geometry": {"type": "Point", "coordinates": [5.0, 55.0]}, "properties": {"value": 1.027, "time": "2025-12-20T18:00:00", "date": "2025-12-20", "hour": 18}}, {"type": "Feature", "geometry": {"type": "Point", "coordinates": [5.5, 55.0]}, "properties": {"value": 1.058, "time": "2025-12-20T18:00:00", "date": "2025-12-20", "hour": 18}}, {"type": "Feature", "geometry": {"type": "Point", "coordinates": [6.0, 55.0]}, "properties": {"value": 1.084, "time": "2025-12-20T18:00:00", "date": "2025-12-20", "hour": 18}}, {"type": "Feature", "geometry": {"type": "Point", "coordinates": [6.5, 55.0]}, "properties": {"value": 1.1, "time": "2025-12-20T18:00:00", "date": "2025-12-20", "hour": 18}}, {"type": "Feature", "geometry": {"type": "Point", "coordinates": [7.0, 55.0]}, "properties": {"value": 1.096, "time": "2025-12-20T18:00:00", "date": "2025-12-20", "hour": 18}}, {"type": "Feature", "geometry": {"type": "Point", "coordinates": [7.5, 55.0]}, "properties": {"value": 1.069, "time": "2025-12-20T18:00:00", "date": "2025-12-20", "hour": 18}}, {"type": "Feature", "geometry": {"type": "Point", "coordinates": [8.0, 55.0]}, "properties": {"value": 0.983, "time": "2025-12-20T18:00:00", "date": "2025-12-20", "hour": 18}}, {"type": "Feature", "geometry": {"type": "Point", "coordinates": [8.5, 55.0]}, "properties": {"value": 0.799, "time": "2025-12-20T18:00:00", "date": "2025-12-20", "hour": 18}}, {"type": "Feature", "geometry": {"type": "Point", "coordinates": [10.0, 55.0]}, "properties": {"value": 0.115, "time": "2025-12-20T18:00:00", "date": "2025-12-20", "hour": 18}}, {"type": "Feature", "geometry": {"type": "Point", "coordinates": [10.5, 55.0]}, "properties": {"value": 0.166, "time": "2025-12-20T18:00:00", "date": "2025-12-20", "hour": 18}}, {"type": "Feature", "geometry": {"type": "Point", "coordinates": [11.0, 55.0]}, "properties": {"value": 0.197, "time": "2025-12-20T18:00:00", "date": "2025-12-20", "hour": 18}}, {"type": "Feature", "geometry": {"type": "Point", "coordinates": [11.5, 55.0]}, "properties": {"value": 0.206, "time": "2025-12-20T18:00:00", "date": "2025-12-20", "hour": 18}}, {"type": "Feature", "geometry": {"type": "Point", "coordinates": [12.5, 55.0]}, "properties": {"value": 0.249, "time": "2025-12-20T18:00:00", "date": "2025-12-20", "hour": 18}}, {"type": "Feature", "geometry": {"type": "Point", "coordinates": [13.0, 55.0]}, "properties": {"value": 0.327, "time": "2025-12-20T18:00:00", "date": "2025-12-20", "hour": 18}}, {"type": "Feature", "geometry": {"type": "Point", "coordinates": [13.5, 55.0]}, "properties": {"value": 0.396, "time": "2025-12-20T18:00:00", "date": "2025-12-20", "hour": 18}}, {"type": "Feature", "geometry": {"type": "Point", "coordinates": [14.0, 55.0]}, "properties": {"value": 0.481, "time": "2025-12-20T18:00:00", "date": "2025-12-20", "hour": 18}}, {"type": "Feature", "geometry": {"type": "Point", "coordinates": [14.5, 55.0]}, "properties": {"value": 0.561, "time": "2025-12-20T18:00:00", "date": "2025-12-20", "hour": 18}}, {"type": "Feature", "geometry": {"type": "Point", "coordinates": [15.0, 55.0]}, "properties": {"value": 0.606, "time": "2025-12-20T18:00:00", "date": "2025-12-20", "hour": 18}}, {"type": "Feature", "geometry": {"type": "Point", "coordinates": [5.0, 53.0]}, "properties": {"value": 0.661, "time": "2025-12-20T19:00:00", "date": "2025-12-20", "hour": 19}}, {"type": "Feature", "geometry": {"type": "Point", "coordinates": [5.0, 53.5]}, "properties": {"value": 0.716, "time": "2025-12-20T19:00:00", "date": "2025-12-20", "hour": 19}}, {"type": "Feature", "geometry": {"type": "Point", "coordinates": [5.5, 53.5]}, "properties": {"value": 0.704, "time": "2025-12-20T19:00:00", "date": "2025-12-20", "hour": 19}}, {"type": "Feature", "geometry": {"type": "Point", "coordinates": [6.0, 53.5]}, "properties": {"value": 0.739, "time": "2025-12-20T19:00:00", "date": "2025-12-20", "hour": 19}}, {"type": "Feature", "geometry": {"type": "Point", "coordinates": [7.0, 53.5]}, "properties": {"value": 0.601, "time": "2025-12-20T19:00:00", "date": "2025-12-20", "hour": 19}}, {"type": "Feature", "geometry": {"type": "Point", "coordinates": [7.5, 53.5]}, "properties": {"value": 0.445, "time": "2025-12-20T19:00:00", "date": "2025-12-20", "hour": 19}}, {"type": "Feature", "geometry": {"type": "Point", "coordinates": [8.5, 53.5]}, "properties": {"value": 0.302, "time": "2025-12-20T19:00:00", "date": "2025-12-20", "hour": 19}}, {"type": "Feature", "geometry": {"type": "Point", "coordinates": [5.0, 54.0]}, "properties": {"value": 0.837, "time": "2025-12-20T19:00:00", "date": "2025-12-20", "hour": 19}}, {"type": "Feature", "geometry": {"type": "Point", "coordinates": [5.5, 54.0]}, "properties": {"value": 0.858, "time": "2025-12-20T19:00:00", "date": "2025-12-20", "hour": 19}}, {"type": "Feature", "geometry": {"type": "Point", "coordinates": [6.0, 54.0]}, "properties": {"value": 0.879, "time": "2025-12-20T19:00:00", "date": "2025-12-20", "hour": 19}}, {"type": "Feature", "geometry": {"type": "Point", "coordinates": [6.5, 54.0]}, "properties": {"value": 0.896, "time": "2025-12-20T19:00:00", "date": "2025-12-20", "hour": 19}}, {"type": "Feature", "geometry": {"type": "Point", "coordinates": [7.0, 54.0]}, "properties": {"value": 0.902, "time": "2025-12-20T19:00:00", "date": "2025-12-20", "hour": 19}}, {"type": "Feature", "geometry": {"type": "Point", "coordinates": [7.5, 54.0]}, "properties": {"value": 0.888, "time": "2025-12-20T19:00:00", "date": "2025-12-20", "hour": 19}}, {"type": "Feature", "geometry": {"type": "Point", "coordinates": [8.0, 54.0]}, "properties": {"value": 0.837, "time": "2025-12-20T19:00:00", "date": "2025-12-20", "hour": 19}}, {"type": "Feature", "geometry": {"type": "Point", "coordinates": [8.5, 54.0]}, "properties": {"value": 0.71, "time": "2025-12-20T19:00:00", "date": "2025-12-20", "hour": 19}}, {"type": "Feature", "geometry": {"type": "Point", "coordinates": [11.0, 54.0]}, "properties": {"value": 0.121, "time": "2025-12-20T19:00:00", "date": "2025-12-20", "hour": 19}}, {"type": "Feature", "geometry": {"type": "Point", "coordinates": [14.0, 54.0]}, "properties": {"value": 0.09, "time": "2025-12-20T19:00:00", "date": "2025-12-20", "hour": 19}}, {"type": "Feature", "geometry": {"type": "Point", "coordinates": [14.5, 54.0]}, "properties": {"value": 0.137, "time": "2025-12-20T19:00:00", "date": "2025-12-20", "hour": 19}}, {"type": "Feature", "geometry": {"type": "Point", "coordinates": [15.0, 54.0]}, "properties": {"value": 0.158, "time": "2025-12-20T19:00:00", "date": "2025-12-20", "hour": 19}}, {"type": "Feature", "geometry": {"type": "Point", "coordinates": [5.0, 54.5]}, "properties": {"value": 0.915, "time": "2025-12-20T19:00:00", "date": "2025-12-20", "hour": 19}}, {"type": "Feature", "geometry": {"type": "Point", "coordinates": [5.5, 54.5]}, "properties": {"value": 0.935, "time": "2025-12-20T19:00:00", "date": "2025-12-20", "hour": 19}}, {"type": "Feature", "geometry": {"type": "Point", "coordinates": [6.0, 54.5]}, "properties": {"value": 0.96, "time": "2025-12-20T19:00:00", "date": "2025-12-20", "hour": 19}}, {"type": "Feature", "geometry": {"type": "Point", "coordinates": [6.5, 54.5]}, "properties": {"value": 0.983, "time": "2025-12-20T19:00:00", "date": "2025-12-20", "hour": 19}}, {"type": "Feature", "geometry": {"type": "Point", "coordinates": [7.0, 54.5]}, "properties": {"value": 0.996, "time": "2025-12-20T19:00:00", "date": "2025-12-20", "hour": 19}}, {"type": "Feature", "geometry": {"type": "Point", "coordinates": [7.5, 54.5]}, "properties": {"value": 0.979, "time": "2025-12-20T19:00:00", "date": "2025-12-20", "hour": 19}}, {"type": "Feature", "geometry": {"type": "Point", "coordinates": [8.0, 54.5]}, "properties": {"value": 0.889, "time": "2025-12-20T19:00:00", "date": "2025-12-20", "hour": 19}}, {"type": "Feature", "geometry": {"type": "Point", "coordinates": [8.5, 54.5]}, "properties": {"value": 0.69, "time": "2025-12-20T19:00:00", "date": "2025-12-20", "hour": 19}}, {"type": "Feature", "geometry": {"type": "Point", "coordinates": [11.0, 54.5]}, "properties": {"value": 0.179, "time": "2025-12-20T19:00:00", "date": "2025-12-20", "hour": 19}}, {"type": "Feature", "geometry": {"type": "Point", "coordinates": [11.5, 54.5]}, "properties": {"value": 0.188, "time": "2025-12-20T19:00:00", "date": "2025-12-20", "hour": 19}}, {"type": "Feature", "geometry": {"type": "Point", "coordinates": [12.0, 54.5]}, "properties": {"value": 0.174, "time": "2025-12-20T19:00:00", "date": "2025-12-20", "hour": 19}}, {"type": "Feature", "geometry": {"type": "Point", "coordinates": [12.5, 54.5]}, "properties": {"value": 0.168, "time": "2025-12-20T19:00:00", "date": "2025-12-20", "hour": 19}}, {"type": "Feature", "geometry": {"type": "Point", "coordinates": [13.0, 54.5]}, "properties": {"value": 0.161, "time": "2025-12-20T19:00:00", "date": "2025-12-20", "hour": 19}}, {"type": "Feature", "geometry": {"type": "Point", "coordinates": [13.5, 54.5]}, "properties": {"value": 0.184, "time": "2025-12-20T19:00:00", "date": "2025-12-20", "hour": 19}}, {"type": "Feature", "geometry": {"type": "Point", "coordinates": [14.0, 54.5]}, "properties": {"value": 0.225, "time": "2025-12-20T19:00:00", "date": "2025-12-20", "hour": 19}}, {"type": "Feature", "geometry": {"type": "Point", "coordinates": [14.5, 54.5]}, "properties": {"value": 0.295, "time": "2025-12-20T19:00:00", "date": "2025-12-20", "hour": 19}}, {"type": "Feature", "geometry": {"type": "Point", "coordinates": [15.0, 54.5]}, "properties": {"value": 0.369, "time": "2025-12-20T19:00:00", "date": "2025-12-20", "hour": 19}}, {"type": "Feature", "geometry": {"type": "Point", "coordinates": [5.0, 55.0]}, "properties": {"value": 0.999, "time": "2025-12-20T19:00:00", "date": "2025-12-20", "hour": 19}}, {"type": "Feature", "geometry": {"type": "Point", "coordinates": [5.5, 55.0]}, "properties": {"value": 1.027, "time": "2025-12-20T19:00:00", "date": "2025-12-20", "hour": 19}}, {"type": "Feature", "geometry": {"type": "Point", "coordinates": [6.0, 55.0]}, "properties": {"value": 1.054, "time": "2025-12-20T19:00:00", "date": "2025-12-20", "hour": 19}}, {"type": "Feature", "geometry": {"type": "Point", "coordinates": [6.5, 55.0]}, "properties": {"value": 1.073, "time": "2025-12-20T19:00:00", "date": "2025-12-20", "hour": 19}}, {"type": "Feature", "geometry": {"type": "Point", "coordinates": [7.0, 55.0]}, "properties": {"value": 1.072, "time": "2025-12-20T19:00:00", "date": "2025-12-20", "hour": 19}}, {"type": "Feature", "geometry": {"type": "Point", "coordinates": [7.5, 55.0]}, "properties": {"value": 1.05, "time": "2025-12-20T19:00:00", "date": "2025-12-20", "hour": 19}}, {"type": "Feature", "geometry": {"type": "Point", "coordinates": [8.0, 55.0]}, "properties": {"value": 0.965, "time": "2025-12-20T19:00:00", "date": "2025-12-20", "hour": 19}}, {"type": "Feature", "geometry": {"type": "Point", "coordinates": [8.5, 55.0]}, "properties": {"value": 0.783, "time": "2025-12-20T19:00:00", "date": "2025-12-20", "hour": 19}}, {"type": "Feature", "geometry": {"type": "Point", "coordinates": [10.0, 55.0]}, "properties": {"value": 0.117, "time": "2025-12-20T19:00:00", "date": "2025-12-20", "hour": 19}}, {"type": "Feature", "geometry": {"type": "Point", "coordinates": [10.5, 55.0]}, "properties": {"value": 0.159, "time": "2025-12-20T19:00:00", "date": "2025-12-20", "hour": 19}}, {"type": "Feature", "geometry": {"type": "Point", "coordinates": [11.0, 55.0]}, "properties": {"value": 0.186, "time": "2025-12-20T19:00:00", "date": "2025-12-20", "hour": 19}}, {"type": "Feature", "geometry": {"type": "Point", "coordinates": [11.5, 55.0]}, "properties": {"value": 0.193, "time": "2025-12-20T19:00:00", "date": "2025-12-20", "hour": 19}}, {"type": "Feature", "geometry": {"type": "Point", "coordinates": [12.5, 55.0]}, "properties": {"value": 0.23, "time": "2025-12-20T19:00:00", "date": "2025-12-20", "hour": 19}}, {"type": "Feature", "geometry": {"type": "Point", "coordinates": [13.0, 55.0]}, "properties": {"value": 0.303, "time": "2025-12-20T19:00:00", "date": "2025-12-20", "hour": 19}}, {"type": "Feature", "geometry": {"type": "Point", "coordinates": [13.5, 55.0]}, "properties": {"value": 0.367, "time": "2025-12-20T19:00:00", "date": "2025-12-20", "hour": 19}}, {"type": "Feature", "geometry": {"type": "Point", "coordinates": [14.0, 55.0]}, "properties": {"value": 0.449, "time": "2025-12-20T19:00:00", "date": "2025-12-20", "hour": 19}}, {"type": "Feature", "geometry": {"type": "Point", "coordinates": [14.5, 55.0]}, "properties": {"value": 0.527, "time": "2025-12-20T19:00:00", "date": "2025-12-20", "hour": 19}}, {"type": "Feature", "geometry": {"type": "Point", "coordinates": [15.0, 55.0]}, "properties": {"value": 0.572, "time": "2025-12-20T19:00:00", "date": "2025-12-20", "hour": 19}}, {"type": "Feature", "geometry": {"type": "Point", "coordinates": [5.0, 53.0]}, "properties": {"value": 0.732, "time": "2025-12-20T20:00:00", "date": "2025-12-20", "hour": 20}}, {"type": "Feature", "geometry": {"type": "Point", "coordinates": [5.0, 53.5]}, "properties": {"value": 0.782, "time": "2025-12-20T20:00:00", "date": "2025-12-20", "hour": 20}}, {"type": "Feature", "geometry": {"type": "Point", "coordinates": [5.5, 53.5]}, "properties": {"value": 0.763, "time": "2025-12-20T20:00:00", "date": "2025-12-20", "hour": 20}}, {"type": "Feature", "geometry": {"type": "Point", "coordinates": [6.0, 53.5]}, "properties": {"value": 0.796, "time": "2025-12-20T20:00:00", "date": "2025-12-20", "hour": 20}}, {"type": "Feature", "geometry": {"type": "Point", "coordinates": [7.0, 53.5]}, "properties": {"value": 0.627, "time": "2025-12-20T20:00:00", "date": "2025-12-20", "hour": 20}}, {"type": "Feature", "geometry": {"type": "Point", "coordinates": [7.5, 53.5]}, "properties": {"value": 0.454, "time": "2025-12-20T20:00:00", "date": "2025-12-20", "hour": 20}}, {"type": "Feature", "geometry": {"type": "Point", "coordinates": [8.5, 53.5]}, "properties": {"value": 0.315, "time": "2025-12-20T20:00:00", "date": "2025-12-20", "hour": 20}}, {"type": "Feature", "geometry": {"type": "Point", "coordinates": [5.0, 54.0]}, "properties": {"value": 0.882, "time": "2025-12-20T20:00:00", "date": "2025-12-20", "hour": 20}}, {"type": "Feature", "geometry": {"type": "Point", "coordinates": [5.5, 54.0]}, "properties": {"value": 0.907, "time": "2025-12-20T20:00:00", "date": "2025-12-20", "hour": 20}}, {"type": "Feature", "geometry": {"type": "Point", "coordinates": [6.0, 54.0]}, "properties": {"value": 0.939, "time": "2025-12-20T20:00:00", "date": "2025-12-20", "hour": 20}}, {"type": "Feature", "geometry": {"type": "Point", "coordinates": [6.5, 54.0]}, "properties": {"value": 0.961, "time": "2025-12-20T20:00:00", "date": "2025-12-20", "hour": 20}}, {"type": "Feature", "geometry": {"type": "Point", "coordinates": [7.0, 54.0]}, "properties": {"value": 0.97, "time": "2025-12-20T20:00:00", "date": "2025-12-20", "hour": 20}}, {"type": "Feature", "geometry": {"type": "Point", "coordinates": [7.5, 54.0]}, "properties": {"value": 0.952, "time": "2025-12-20T20:00:00", "date": "2025-12-20", "hour": 20}}, {"type": "Feature", "geometry": {"type": "Point", "coordinates": [8.0, 54.0]}, "properties": {"value": 0.886, "time": "2025-12-20T20:00:00", "date": "2025-12-20", "hour": 20}}, {"type": "Feature", "geometry": {"type": "Point", "coordinates": [8.5, 54.0]}, "properties": {"value": 0.724, "time": "2025-12-20T20:00:00", "date": "2025-12-20", "hour": 20}}, {"type": "Feature", "geometry": {"type": "Point", "coordinates": [11.0, 54.0]}, "properties": {"value": 0.138, "time": "2025-12-20T20:00:00", "date": "2025-12-20", "hour": 20}}, {"type": "Feature", "geometry": {"type": "Point", "coordinates": [14.0, 54.0]}, "properties": {"value": 0.104, "time": "2025-12-20T20:00:00", "date": "2025-12-20", "hour": 20}}, {"type": "Feature", "geometry": {"type": "Point", "coordinates": [14.5, 54.0]}, "properties": {"value": 0.15, "time": "2025-12-20T20:00:00", "date": "2025-12-20", "hour": 20}}, {"type": "Feature", "geometry": {"type": "Point", "coordinates": [15.0, 54.0]}, "properties": {"value": 0.171, "time": "2025-12-20T20:00:00", "date": "2025-12-20", "hour": 20}}, {"type": "Feature", "geometry": {"type": "Point", "coordinates": [5.0, 54.5]}, "properties": {"value": 0.927, "time": "2025-12-20T20:00:00", "date": "2025-12-20", "hour": 20}}, {"type": "Feature", "geometry": {"type": "Point", "coordinates": [5.5, 54.5]}, "properties": {"value": 0.945, "time": "2025-12-20T20:00:00", "date": "2025-12-20", "hour": 20}}, {"type": "Feature", "geometry": {"type": "Point", "coordinates": [6.0, 54.5]}, "properties": {"value": 0.974, "time": "2025-12-20T20:00:00", "date": "2025-12-20", "hour": 20}}, {"type": "Feature", "geometry": {"type": "Point", "coordinates": [6.5, 54.5]}, "properties": {"value": 1.01, "time": "2025-12-20T20:00:00", "date": "2025-12-20", "hour": 20}}, {"type": "Feature", "geometry": {"type": "Point", "coordinates": [7.0, 54.5]}, "properties": {"value": 1.028, "time": "2025-12-20T20:00:00", "date": "2025-12-20", "hour": 20}}, {"type": "Feature", "geometry": {"type": "Point", "coordinates": [7.5, 54.5]}, "properties": {"value": 1.012, "time": "2025-12-20T20:00:00", "date": "2025-12-20", "hour": 20}}, {"type": "Feature", "geometry": {"type": "Point", "coordinates": [8.0, 54.5]}, "properties": {"value": 0.906, "time": "2025-12-20T20:00:00", "date": "2025-12-20", "hour": 20}}, {"type": "Feature", "geometry": {"type": "Point", "coordinates": [8.5, 54.5]}, "properties": {"value": 0.683, "time": "2025-12-20T20:00:00", "date": "2025-12-20", "hour": 20}}, {"type": "Feature", "geometry": {"type": "Point", "coordinates": [11.0, 54.5]}, "properties": {"value": 0.19, "time": "2025-12-20T20:00:00", "date": "2025-12-20", "hour": 20}}, {"type": "Feature", "geometry": {"type": "Point", "coordinates": [11.5, 54.5]}, "properties": {"value": 0.188, "time": "2025-12-20T20:00:00", "date": "2025-12-20", "hour": 20}}, {"type": "Feature", "geometry": {"type": "Point", "coordinates": [12.0, 54.5]}, "properties": {"value": 0.168, "time": "2025-12-20T20:00:00", "date": "2025-12-20", "hour": 20}}, {"type": "Feature", "geometry": {"type": "Point", "coordinates": [12.5, 54.5]}, "properties": {"value": 0.161, "time": "2025-12-20T20:00:00", "date": "2025-12-20", "hour": 20}}, {"type": "Feature", "geometry": {"type": "Point", "coordinates": [13.0, 54.5]}, "properties": {"value": 0.153, "time": "2025-12-20T20:00:00", "date": "2025-12-20", "hour": 20}}, {"type": "Feature", "geometry": {"type": "Point", "coordinates": [13.5, 54.5]}, "properties": {"value": 0.181, "time": "2025-12-20T20:00:00", "date": "2025-12-20", "hour": 20}}, {"type": "Feature", "geometry": {"type": "Point", "coordinates": [14.0, 54.5]}, "properties": {"value": 0.219, "time": "2025-12-20T20:00:00", "date": "2025-12-20", "hour": 20}}, {"type": "Feature", "geometry": {"type": "Point", "coordinates": [14.5, 54.5]}, "properties": {"value": 0.281, "time": "2025-12-20T20:00:00", "date": "2025-12-20", "hour": 20}}, {"type": "Feature", "geometry": {"type": "Point", "coordinates": [15.0, 54.5]}, "properties": {"value": 0.352, "time": "2025-12-20T20:00:00", "date": "2025-12-20", "hour": 20}}, {"type": "Feature", "geometry": {"type": "Point", "coordinates": [5.0, 55.0]}, "properties": {"value": 0.982, "time": "2025-12-20T20:00:00", "date": "2025-12-20", "hour": 20}}, {"type": "Feature", "geometry": {"type": "Point", "coordinates": [5.5, 55.0]}, "properties": {"value": 1.009, "time": "2025-12-20T20:00:00", "date": "2025-12-20", "hour": 20}}, {"type": "Feature", "geometry": {"type": "Point", "coordinates": [6.0, 55.0]}, "properties": {"value": 1.038, "time": "2025-12-20T20:00:00", "date": "2025-12-20", "hour": 20}}, {"type": "Feature", "geometry": {"type": "Point", "coordinates": [6.5, 55.0]}, "properties": {"value": 1.06, "time": "2025-12-20T20:00:00", "date": "2025-12-20", "hour": 20}}, {"type": "Feature", "geometry": {"type": "Point", "coordinates": [7.0, 55.0]}, "properties": {"value": 1.063, "time": "2025-12-20T20:00:00", "date": "2025-12-20", "hour": 20}}, {"type": "Feature", "geometry": {"type": "Point", "coordinates": [7.5, 55.0]}, "properties": {"value": 1.045, "time": "2025-12-20T20:00:00", "date": "2025-12-20", "hour": 20}}, {"type": "Feature", "geometry": {"type": "Point", "coordinates": [8.0, 55.0]}, "properties": {"value": 0.953, "time": "2025-12-20T20:00:00", "date": "2025-12-20", "hour": 20}}, {"type": "Feature", "geometry": {"type": "Point", "coordinates": [8.5, 55.0]}, "properties": {"value": 0.767, "time": "2025-12-20T20:00:00", "date": "2025-12-20", "hour": 20}}, {"type": "Feature", "geometry": {"type": "Point", "coordinates": [10.0, 55.0]}, "properties": {"value": 0.126, "time": "2025-12-20T20:00:00", "date": "2025-12-20", "hour": 20}}, {"type": "Feature", "geometry": {"type": "Point", "coordinates": [10.5, 55.0]}, "properties": {"value": 0.161, "time": "2025-12-20T20:00:00", "date": "2025-12-20", "hour": 20}}, {"type": "Feature", "geometry": {"type": "Point", "coordinates": [11.0, 55.0]}, "properties": {"value": 0.179, "time": "2025-12-20T20:00:00", "date": "2025-12-20", "hour": 20}}, {"type": "Feature", "geometry": {"type": "Point", "coordinates": [11.5, 55.0]}, "properties": {"value": 0.181, "time": "2025-12-20T20:00:00", "date": "2025-12-20", "hour": 20}}, {"type": "Feature", "geometry": {"type": "Point", "coordinates": [12.5, 55.0]}, "properties": {"value": 0.217, "time": "2025-12-20T20:00:00", "date": "2025-12-20", "hour": 20}}, {"type": "Feature", "geometry": {"type": "Point", "coordinates": [13.0, 55.0]}, "properties": {"value": 0.282, "time": "2025-12-20T20:00:00", "date": "2025-12-20", "hour": 20}}, {"type": "Feature", "geometry": {"type": "Point", "coordinates": [13.5, 55.0]}, "properties": {"value": 0.34, "time": "2025-12-20T20:00:00", "date": "2025-12-20", "hour": 20}}, {"type": "Feature", "geometry": {"type": "Point", "coordinates": [14.0, 55.0]}, "properties": {"value": 0.413, "time": "2025-12-20T20:00:00", "date": "2025-12-20", "hour": 20}}, {"type": "Feature", "geometry": {"type": "Point", "coordinates": [14.5, 55.0]}, "properties": {"value": 0.487, "time": "2025-12-20T20:00:00", "date": "2025-12-20", "hour": 20}}, {"type": "Feature", "geometry": {"type": "Point", "coordinates": [15.0, 55.0]}, "properties": {"value": 0.533, "time": "2025-12-20T20:00:00", "date": "2025-12-20", "hour": 20}}, {"type": "Feature", "geometry": {"type": "Point", "coordinates": [5.0, 53.0]}, "properties": {"value": 0.796, "time": "2025-12-20T21:00:00", "date": "2025-12-20", "hour": 21}}, {"type": "Feature", "geometry": {"type": "Point", "coordinates": [5.0, 53.5]}, "properties": {"value": 0.862, "time": "2025-12-20T21:00:00", "date": "2025-12-20", "hour": 21}}, {"type": "Feature", "geometry": {"type": "Point", "coordinates": [5.5, 53.5]}, "properties": {"value": 0.831, "time": "2025-12-20T21:00:00", "date": "2025-12-20", "hour": 21}}, {"type": "Feature", "geometry": {"type": "Point", "coordinates": [6.0, 53.5]}, "properties": {"value": 0.862, "time": "2025-12-20T21:00:00", "date": "2025-12-20", "hour": 21}}, {"type": "Feature", "geometry": {"type": "Point", "coordinates": [7.0, 53.5]}, "properties": {"value": 0.657, "time": "2025-12-20T21:00:00", "date": "2025-12-20", "hour": 21}}, {"type": "Feature", "geometry": {"type": "Point", "coordinates": [7.5, 53.5]}, "properties": {"value": 0.464, "time": "2025-12-20T21:00:00", "date": "2025-12-20", "hour": 21}}, {"type": "Feature", "geometry": {"type": "Point", "coordinates": [8.5, 53.5]}, "properties": {"value": 0.322, "time": "2025-12-20T21:00:00", "date": "2025-12-20", "hour": 21}}, {"type": "Feature", "geometry": {"type": "Point", "coordinates": [5.0, 54.0]}, "properties": {"value": 0.948, "time": "2025-12-20T21:00:00", "date": "2025-12-20", "hour": 21}}, {"type": "Feature", "geometry": {"type": "Point", "coordinates": [5.5, 54.0]}, "properties": {"value": 0.98, "time": "2025-12-20T21:00:00", "date": "2025-12-20", "hour": 21}}, {"type": "Feature", "geometry": {"type": "Point", "coordinates": [6.0, 54.0]}, "properties": {"value": 1.019, "time": "2025-12-20T21:00:00", "date": "2025-12-20", "hour": 21}}, {"type": "Feature", "geometry": {"type": "Point", "coordinates": [6.5, 54.0]}, "properties": {"value": 1.037, "time": "2025-12-20T21:00:00", "date": "2025-12-20", "hour": 21}}, {"type": "Feature", "geometry": {"type": "Point", "coordinates": [7.0, 54.0]}, "properties": {"value": 1.038, "time": "2025-12-20T21:00:00", "date": "2025-12-20", "hour": 21}}, {"type": "Feature", "geometry": {"type": "Point", "coordinates": [7.5, 54.0]}, "properties": {"value": 1.014, "time": "2025-12-20T21:00:00", "date": "2025-12-20", "hour": 21}}, {"type": "Feature", "geometry": {"type": "Point", "coordinates": [8.0, 54.0]}, "properties": {"value": 0.938, "time": "2025-12-20T21:00:00", "date": "2025-12-20", "hour": 21}}, {"type": "Feature", "geometry": {"type": "Point", "coordinates": [8.5, 54.0]}, "properties": {"value": 0.741, "time": "2025-12-20T21:00:00", "date": "2025-12-20", "hour": 21}}, {"type": "Feature", "geometry": {"type": "Point", "coordinates": [11.0, 54.0]}, "properties": {"value": 0.147, "time": "2025-12-20T21:00:00", "date": "2025-12-20", "hour": 21}}, {"type": "Feature", "geometry": {"type": "Point", "coordinates": [14.0, 54.0]}, "properties": {"value": 0.1, "time": "2025-12-20T21:00:00", "date": "2025-12-20", "hour": 21}}, {"type": "Feature", "geometry": {"type": "Point", "coordinates": [14.5, 54.0]}, "properties": {"value": 0.143, "time": "2025-12-20T21:00:00", "date": "2025-12-20", "hour": 21}}, {"type": "Feature", "geometry": {"type": "Point", "coordinates": [15.0, 54.0]}, "properties": {"value": 0.164, "time": "2025-12-20T21:00:00", "date": "2025-12-20", "hour": 21}}, {"type": "Feature", "geometry": {"type": "Point", "coordinates": [5.0, 54.5]}, "properties": {"value": 0.958, "time": "2025-12-20T21:00:00", "date": "2025-12-20", "hour": 21}}, {"type": "Feature", "geometry": {"type": "Point", "coordinates": [5.5, 54.5]}, "properties": {"value": 0.974, "time": "2025-12-20T21:00:00", "date": "2025-12-20", "hour": 21}}, {"type": "Feature", "geometry": {"type": "Point", "coordinates": [6.0, 54.5]}, "properties": {"value": 1.009, "time": "2025-12-20T21:00:00", "date": "2025-12-20", "hour": 21}}, {"type": "Feature", "geometry": {"type": "Point", "coordinates": [6.5, 54.5]}, "properties": {"value": 1.057, "time": "2025-12-20T21:00:00", "date": "2025-12-20", "hour": 21}}, {"type": "Feature", "geometry": {"type": "Point", "coordinates": [7.0, 54.5]}, "properties": {"value": 1.076, "time": "2025-12-20T21:00:00", "date": "2025-12-20", "hour": 21}}, {"type": "Feature", "geometry": {"type": "Point", "coordinates": [7.5, 54.5]}, "properties": {"value": 1.048, "time": "2025-12-20T21:00:00", "date": "2025-12-20", "hour": 21}}, {"type": "Feature", "geometry": {"type": "Point", "coordinates": [8.0, 54.5]}, "properties": {"value": 0.926, "time": "2025-12-20T21:00:00", "date": "2025-12-20", "hour": 21}}, {"type": "Feature", "geometry": {"type": "Point", "coordinates": [8.5, 54.5]}, "properties": {"value": 0.678, "time": "2025-12-20T21:00:00", "date": "2025-12-20", "hour": 21}}, {"type": "Feature", "geometry": {"type": "Point", "coordinates": [11.0, 54.5]}, "properties": {"value": 0.203, "time": "2025-12-20T21:00:00", "date": "2025-12-20", "hour": 21}}, {"type": "Feature", "geometry": {"type": "Point", "coordinates": [11.5, 54.5]}, "properties": {"value": 0.183, "time": "2025-12-20T21:00:00", "date": "2025-12-20", "hour": 21}}, {"type": "Feature", "geometry": {"type": "Point", "coordinates": [12.0, 54.5]}, "properties": {"value": 0.164, "time": "2025-12-20T21:00:00", "date": "2025-12-20", "hour": 21}}, {"type": "Feature", "geometry": {"type": "Point", "coordinates": [12.5, 54.5]}, "properties": {"value": 0.153, "time": "2025-12-20T21:00:00", "date": "2025-12-20", "hour": 21}}, {"type": "Feature", "geometry": {"type": "Point", "coordinates": [13.0, 54.5]}, "properties": {"value": 0.144, "time": "2025-12-20T21:00:00", "date": "2025-12-20", "hour": 21}}, {"type": "Feature", "geometry": {"type": "Point", "coordinates": [13.5, 54.5]}, "properties": {"value": 0.173, "time": "2025-12-20T21:00:00", "date": "2025-12-20", "hour": 21}}, {"type": "Feature", "geometry": {"type": "Point", "coordinates": [14.0, 54.5]}, "properties": {"value": 0.208, "time": "2025-12-20T21:00:00", "date": "2025-12-20", "hour": 21}}, {"type": "Feature", "geometry": {"type": "Point", "coordinates": [14.5, 54.5]}, "properties": {"value": 0.265, "time": "2025-12-20T21:00:00", "date": "2025-12-20", "hour": 21}}, {"type": "Feature", "geometry": {"type": "Point", "coordinates": [15.0, 54.5]}, "properties": {"value": 0.334, "time": "2025-12-20T21:00:00", "date": "2025-12-20", "hour": 21}}, {"type": "Feature", "geometry": {"type": "Point", "coordinates": [5.0, 55.0]}, "properties": {"value": 0.983, "time": "2025-12-20T21:00:00", "date": "2025-12-20", "hour": 21}}, {"type": "Feature", "geometry": {"type": "Point", "coordinates": [5.5, 55.0]}, "properties": {"value": 1.011, "time": "2025-12-20T21:00:00", "date": "2025-12-20", "hour": 21}}, {"type": "Feature", "geometry": {"type": "Point", "coordinates": [6.0, 55.0]}, "properties": {"value": 1.041, "time": "2025-12-20T21:00:00", "date": "2025-12-20", "hour": 21}}, {"type": "Feature", "geometry": {"type": "Point", "coordinates": [6.5, 55.0]}, "properties": {"value": 1.066, "time": "2025-12-20T21:00:00", "date": "2025-12-20", "hour": 21}}, {"type": "Feature", "geometry": {"type": "Point", "coordinates": [7.0, 55.0]}, "properties": {"value": 1.07, "time": "2025-12-20T21:00:00", "date": "2025-12-20", "hour": 21}}, {"type": "Feature", "geometry": {"type": "Point", "coordinates": [7.5, 55.0]}, "properties": {"value": 1.048, "time": "2025-12-20T21:00:00", "date": "2025-12-20", "hour": 21}}, {"type": "Feature", "geometry": {"type": "Point", "coordinates": [8.0, 55.0]}, "properties": {"value": 0.943, "time": "2025-12-20T21:00:00", "date": "2025-12-20", "hour": 21}}, {"type": "Feature", "geometry": {"type": "Point", "coordinates": [8.5, 55.0]}, "properties": {"value": 0.752, "time": "2025-12-20T21:00:00", "date": "2025-12-20", "hour": 21}}, {"type": "Feature", "geometry": {"type": "Point", "coordinates": [10.0, 55.0]}, "properties": {"value": 0.136, "time": "2025-12-20T21:00:00", "date": "2025-12-20", "hour": 21}}, {"type": "Feature", "geometry": {"type": "Point", "coordinates": [10.5, 55.0]}, "properties": {"value": 0.16, "time": "2025-12-20T21:00:00", "date": "2025-12-20", "hour": 21}}, {"type": "Feature", "geometry": {"type": "Point", "coordinates": [11.0, 55.0]}, "properties": {"value": 0.169, "time": "2025-12-20T21:00:00", "date": "2025-12-20", "hour": 21}}, {"type": "Feature", "geometry": {"type": "Point", "coordinates": [11.5, 55.0]}, "properties": {"value": 0.173, "time": "2025-12-20T21:00:00", "date": "2025-12-20", "hour": 21}}, {"type": "Feature", "geometry": {"type": "Point", "coordinates": [12.5, 55.0]}, "properties": {"value": 0.204, "time": "2025-12-20T21:00:00", "date": "2025-12-20", "hour": 21}}, {"type": "Feature", "geometry": {"type": "Point", "coordinates": [13.0, 55.0]}, "properties": {"value": 0.261, "time": "2025-12-20T21:00:00", "date": "2025-12-20", "hour": 21}}, {"type": "Feature", "geometry": {"type": "Point", "coordinates": [13.5, 55.0]}, "properties": {"value": 0.311, "time": "2025-12-20T21:00:00", "date": "2025-12-20", "hour": 21}}, {"type": "Feature", "geometry": {"type": "Point", "coordinates": [14.0, 55.0]}, "properties": {"value": 0.376, "time": "2025-12-20T21:00:00", "date": "2025-12-20", "hour": 21}}, {"type": "Feature", "geometry": {"type": "Point", "coordinates": [14.5, 55.0]}, "properties": {"value": 0.448, "time": "2025-12-20T21:00:00", "date": "2025-12-20", "hour": 21}}, {"type": "Feature", "geometry": {"type": "Point", "coordinates": [15.0, 55.0]}, "properties": {"value": 0.494, "time": "2025-12-20T21:00:00", "date": "2025-12-20", "hour": 21}}, {"type": "Feature", "geometry": {"type": "Point", "coordinates": [5.0, 53.0]}, "properties": {"value": 0.786, "time": "2025-12-20T22:00:00", "date": "2025-12-20", "hour": 22}}, {"type": "Feature", "geometry": {"type": "Point", "coordinates": [5.0, 53.5]}, "properties": {"value": 0.915, "time": "2025-12-20T22:00:00", "date": "2025-12-20", "hour": 22}}, {"type": "Feature", "geometry": {"type": "Point", "coordinates": [5.5, 53.5]}, "properties": {"value": 0.883, "time": "2025-12-20T22:00:00", "date": "2025-12-20", "hour": 22}}, {"type": "Feature", "geometry": {"type": "Point", "coordinates": [6.0, 53.5]}, "properties": {"value": 0.943, "time": "2025-12-20T22:00:00", "date": "2025-12-20", "hour": 22}}, {"type": "Feature", "geometry": {"type": "Point", "coordinates": [7.0, 53.5]}, "properties": {"value": 0.697, "time": "2025-12-20T22:00:00", "date": "2025-12-20", "hour": 22}}, {"type": "Feature", "geometry": {"type": "Point", "coordinates": [7.5, 53.5]}, "properties": {"value": 0.478, "time": "2025-12-20T22:00:00", "date": "2025-12-20", "hour": 22}}, {"type": "Feature", "geometry": {"type": "Point", "coordinates": [8.5, 53.5]}, "properties": {"value": 0.318, "time": "2025-12-20T22:00:00", "date": "2025-12-20", "hour": 22}}, {"type": "Feature", "geometry": {"type": "Point", "coordinates": [5.0, 54.0]}, "properties": {"value": 1.047, "time": "2025-12-20T22:00:00", "date": "2025-12-20", "hour": 22}}, {"type": "Feature", "geometry": {"type": "Point", "coordinates": [5.5, 54.0]}, "properties": {"value": 1.095, "time": "2025-12-20T22:00:00", "date": "2025-12-20", "hour": 22}}, {"type": "Feature", "geometry": {"type": "Point", "coordinates": [6.0, 54.0]}, "properties": {"value": 1.129, "time": "2025-12-20T22:00:00", "date": "2025-12-20", "hour": 22}}, {"type": "Feature", "geometry": {"type": "Point", "coordinates": [6.5, 54.0]}, "properties": {"value": 1.138, "time": "2025-12-20T22:00:00", "date": "2025-12-20", "hour": 22}}, {"type": "Feature", "geometry": {"type": "Point", "coordinates": [7.0, 54.0]}, "properties": {"value": 1.122, "time": "2025-12-20T22:00:00", "date": "2025-12-20", "hour": 22}}, {"type": "Feature", "geometry": {"type": "Point", "coordinates": [7.5, 54.0]}, "properties": {"value": 1.075, "time": "2025-12-20T22:00:00", "date": "2025-12-20", "hour": 22}}, {"type": "Feature", "geometry": {"type": "Point", "coordinates": [8.0, 54.0]}, "properties": {"value": 0.976, "time": "2025-12-20T22:00:00", "date": "2025-12-20", "hour": 22}}, {"type": "Feature", "geometry": {"type": "Point", "coordinates": [8.5, 54.0]}, "properties": {"value": 0.746, "time": "2025-12-20T22:00:00", "date": "2025-12-20", "hour": 22}}, {"type": "Feature", "geometry": {"type": "Point", "coordinates": [11.0, 54.0]}, "properties": {"value": 0.139, "time": "2025-12-20T22:00:00", "date": "2025-12-20", "hour": 22}}, {"type": "Feature", "geometry": {"type": "Point", "coordinates": [14.0, 54.0]}, "properties": {"value": 0.059, "time": "2025-12-20T22:00:00", "date": "2025-12-20", "hour": 22}}, {"type": "Feature", "geometry": {"type": "Point", "coordinates": [14.5, 54.0]}, "properties": {"value": 0.114, "time": "2025-12-20T22:00:00", "date": "2025-12-20", "hour": 22}}, {"type": "Feature", "geometry": {"type": "Point", "coordinates": [15.0, 54.0]}, "properties": {"value": 0.14, "time": "2025-12-20T22:00:00", "date": "2025-12-20", "hour": 22}}, {"type": "Feature", "geometry": {"type": "Point", "coordinates": [5.0, 54.5]}, "properties": {"value": 1.004, "time": "2025-12-20T22:00:00", "date": "2025-12-20", "hour": 22}}, {"type": "Feature", "geometry": {"type": "Point", "coordinates": [5.5, 54.5]}, "properties": {"value": 1.032, "time": "2025-12-20T22:00:00", "date": "2025-12-20", "hour": 22}}, {"type": "Feature", "geometry": {"type": "Point", "coordinates": [6.0, 54.5]}, "properties": {"value": 1.079, "time": "2025-12-20T22:00:00", "date": "2025-12-20", "hour": 22}}, {"type": "Feature", "geometry": {"type": "Point", "coordinates": [6.5, 54.5]}, "properties": {"value": 1.132, "time": "2025-12-20T22:00:00", "date": "2025-12-20", "hour": 22}}, {"type": "Feature", "geometry": {"type": "Point", "coordinates": [7.0, 54.5]}, "properties": {"value": 1.141, "time": "2025-12-20T22:00:00", "date": "2025-12-20", "hour": 22}}, {"type": "Feature", "geometry": {"type": "Point", "coordinates": [7.5, 54.5]}, "properties": {"value": 1.093, "time": "2025-12-20T22:00:00", "date": "2025-12-20", "hour": 22}}, {"type": "Feature", "geometry": {"type": "Point", "coordinates": [8.0, 54.5]}, "properties": {"value": 0.947, "time": "2025-12-20T22:00:00", "date": "2025-12-20", "hour": 22}}, {"type": "Feature", "geometry": {"type": "Point", "coordinates": [8.5, 54.5]}, "properties": {"value": 0.668, "time": "2025-12-20T22:00:00", "date": "2025-12-20", "hour": 22}}, {"type": "Feature", "geometry": {"type": "Point", "coordinates": [11.0, 54.5]}, "properties": {"value": 0.205, "time": "2025-12-20T22:00:00", "date": "2025-12-20", "hour": 22}}, {"type": "Feature", "geometry": {"type": "Point", "coordinates": [11.5, 54.5]}, "properties": {"value": 0.178, "time": "2025-12-20T22:00:00", "date": "2025-12-20", "hour": 22}}, {"type": "Feature", "geometry": {"type": "Point", "coordinates": [12.0, 54.5]}, "properties": {"value": 0.15, "time": "2025-12-20T22:00:00", "date": "2025-12-20", "hour": 22}}, {"type": "Feature", "geometry": {"type": "Point", "coordinates": [12.5, 54.5]}, "properties": {"value": 0.134, "time": "2025-12-20T22:00:00", "date": "2025-12-20", "hour": 22}}, {"type": "Feature", "geometry": {"type": "Point", "coordinates": [13.0, 54.5]}, "properties": {"value": 0.113, "time": "2025-12-20T22:00:00", "date": "2025-12-20", "hour": 22}}, {"type": "Feature", "geometry": {"type": "Point", "coordinates": [13.5, 54.5]}, "properties": {"value": 0.152, "time": "2025-12-20T22:00:00", "date": "2025-12-20", "hour": 22}}, {"type": "Feature", "geometry": {"type": "Point", "coordinates": [14.0, 54.5]}, "properties": {"value": 0.186, "time": "2025-12-20T22:00:00", "date": "2025-12-20", "hour": 22}}, {"type": "Feature", "geometry": {"type": "Point", "coordinates": [14.5, 54.5]}, "properties": {"value": 0.242, "time": "2025-12-20T22:00:00", "date": "2025-12-20", "hour": 22}}, {"type": "Feature", "geometry": {"type": "Point", "coordinates": [15.0, 54.5]}, "properties": {"value": 0.308, "time": "2025-12-20T22:00:00", "date": "2025-12-20", "hour": 22}}, {"type": "Feature", "geometry": {"type": "Point", "coordinates": [5.0, 55.0]}, "properties": {"value": 1.001, "time": "2025-12-20T22:00:00", "date": "2025-12-20", "hour": 22}}, {"type": "Feature", "geometry": {"type": "Point", "coordinates": [5.5, 55.0]}, "properties": {"value": 1.034, "time": "2025-12-20T22:00:00", "date": "2025-12-20", "hour": 22}}, {"type": "Feature", "geometry": {"type": "Point", "coordinates": [6.0, 55.0]}, "properties": {"value": 1.067, "time": "2025-12-20T22:00:00", "date": "2025-12-20", "hour": 22}}, {"type": "Feature", "geometry": {"type": "Point", "coordinates": [6.5, 55.0]}, "properties": {"value": 1.09, "time": "2025-12-20T22:00:00", "date": "2025-12-20", "hour": 22}}, {"type": "Feature", "geometry": {"type": "Point", "coordinates": [7.0, 55.0]}, "properties": {"value": 1.087, "time": "2025-12-20T22:00:00", "date": "2025-12-20", "hour": 22}}, {"type": "Feature", "geometry": {"type": "Point", "coordinates": [7.5, 55.0]}, "properties": {"value": 1.057, "time": "2025-12-20T22:00:00", "date": "2025-12-20", "hour": 22}}, {"type": "Feature", "geometry": {"type": "Point", "coordinates": [8.0, 55.0]}, "properties": {"value": 0.936, "time": "2025-12-20T22:00:00", "date": "2025-12-20", "hour": 22}}, {"type": "Feature", "geometry": {"type": "Point", "coordinates": [8.5, 55.0]}, "properties": {"value": 0.736, "time": "2025-12-20T22:00:00", "date": "2025-12-20", "hour": 22}}, {"type": "Feature", "geometry": {"type": "Point", "coordinates": [10.0, 55.0]}, "properties": {"value": 0.122, "time": "2025-12-20T22:00:00", "date": "2025-12-20", "hour": 22}}, {"type": "Feature", "geometry": {"type": "Point", "coordinates": [10.5, 55.0]}, "properties": {"value": 0.15, "time": "2025-12-20T22:00:00", "date": "2025-12-20", "hour": 22}}, {"type": "Feature", "geometry": {"type": "Point", "coordinates": [11.0, 55.0]}, "properties": {"value": 0.155, "time": "2025-12-20T22:00:00", "date": "2025-12-20", "hour": 22}}, {"type": "Feature", "geometry": {"type": "Point", "coordinates": [11.5, 55.0]}, "properties": {"value": 0.155, "time": "2025-12-20T22:00:00", "date": "2025-12-20", "hour": 22}}, {"type": "Feature", "geometry": {"type": "Point", "coordinates": [12.5, 55.0]}, "properties": {"value": 0.18, "time": "2025-12-20T22:00:00", "date": "2025-12-20", "hour": 22}}, {"type": "Feature", "geometry": {"type": "Point", "coordinates": [13.0, 55.0]}, "properties": {"value": 0.231, "time": "2025-12-20T22:00:00", "date": "2025-12-20", "hour": 22}}, {"type": "Feature", "geometry": {"type": "Point", "coordinates": [13.5, 55.0]}, "properties": {"value": 0.276, "time": "2025-12-20T22:00:00", "date": "2025-12-20", "hour": 22}}, {"type": "Feature", "geometry": {"type": "Point", "coordinates": [14.0, 55.0]}, "properties": {"value": 0.337, "time": "2025-12-20T22:00:00", "date": "2025-12-20", "hour": 22}}, {"type": "Feature", "geometry": {"type": "Point", "coordinates": [14.5, 55.0]}, "properties": {"value": 0.407, "time": "2025-12-20T22:00:00", "date": "2025-12-20", "hour": 22}}, {"type": "Feature", "geometry": {"type": "Point", "coordinates": [15.0, 55.0]}, "properties": {"value": 0.453, "time": "2025-12-20T22:00:00", "date": "2025-12-20", "hour": 22}}, {"type": "Feature", "geometry": {"type": "Point", "coordinates": [5.0, 53.0]}, "properties": {"value": 0.775, "time": "2025-12-20T23:00:00", "date": "2025-12-20", "hour": 23}}, {"type": "Feature", "geometry": {"type": "Point", "coordinates": [5.0, 53.5]}, "properties": {"value": 0.952, "time": "2025-12-20T23:00:00", "date": "2025-12-20", "hour": 23}}, {"type": "Feature", "geometry": {"type": "Point", "coordinates": [5.5, 53.5]}, "properties": {"value": 0.917, "time": "2025-12-20T23:00:00", "date": "2025-12-20", "hour": 23}}, {"type": "Feature", "geometry": {"type": "Point", "coordinates": [6.0, 53.5]}, "properties": {"value": 0.995, "time": "2025-12-20T23:00:00", "date": "2025-12-20", "hour": 23}}, {"type": "Feature", "geometry": {"type": "Point", "coordinates": [7.0, 53.5]}, "properties": {"value": 0.736, "time": "2025-12-20T23:00:00", "date": "2025-12-20", "hour": 23}}, {"type": "Feature", "geometry": {"type": "Point", "coordinates": [7.5, 53.5]}, "properties": {"value": 0.507, "time": "2025-12-20T23:00:00", "date": "2025-12-20", "hour": 23}}, {"type": "Feature", "geometry": {"type": "Point", "coordinates": [8.5, 53.5]}, "properties": {"value": 0.325, "time": "2025-12-20T23:00:00", "date": "2025-12-20", "hour": 23}}, {"type": "Feature", "geometry": {"type": "Point", "coordinates": [5.0, 54.0]}, "properties": {"value": 1.167, "time": "2025-12-20T23:00:00", "date": "2025-12-20", "hour": 23}}, {"type": "Feature", "geometry": {"type": "Point", "coordinates": [5.5, 54.0]}, "properties": {"value": 1.215, "time": "2025-12-20T23:00:00", "date": "2025-12-20", "hour": 23}}, {"type": "Feature", "geometry": {"type": "Point", "coordinates": [6.0, 54.0]}, "properties": {"value": 1.234, "time": "2025-12-20T23:00:00", "date": "2025-12-20", "hour": 23}}, {"type": "Feature", "geometry": {"type": "Point", "coordinates": [6.5, 54.0]}, "properties": {"value": 1.23, "time": "2025-12-20T23:00:00", "date": "2025-12-20", "hour": 23}}, {"type": "Feature", "geometry": {"type": "Point", "coordinates": [7.0, 54.0]}, "properties": {"value": 1.199, "time": "2025-12-20T23:00:00", "date": "2025-12-20", "hour": 23}}, {"type": "Feature", "geometry": {"type": "Point", "coordinates": [7.5, 54.0]}, "properties": {"value": 1.13, "time": "2025-12-20T23:00:00", "date": "2025-12-20", "hour": 23}}, {"type": "Feature", "geometry": {"type": "Point", "coordinates": [8.0, 54.0]}, "properties": {"value": 1.002, "time": "2025-12-20T23:00:00", "date": "2025-12-20", "hour": 23}}, {"type": "Feature", "geometry": {"type": "Point", "coordinates": [8.5, 54.0]}, "properties": {"value": 0.749, "time": "2025-12-20T23:00:00", "date": "2025-12-20", "hour": 23}}, {"type": "Feature", "geometry": {"type": "Point", "coordinates": [11.0, 54.0]}, "properties": {"value": 0.149, "time": "2025-12-20T23:00:00", "date": "2025-12-20", "hour": 23}}, {"type": "Feature", "geometry": {"type": "Point", "coordinates": [14.0, 54.0]}, "properties": {"value": 0.088, "time": "2025-12-20T23:00:00", "date": "2025-12-20", "hour": 23}}, {"type": "Feature", "geometry": {"type": "Point", "coordinates": [14.5, 54.0]}, "properties": {"value": 0.119, "time": "2025-12-20T23:00:00", "date": "2025-12-20", "hour": 23}}, {"type": "Feature", "geometry": {"type": "Point", "coordinates": [15.0, 54.0]}, "properties": {"value": 0.134, "time": "2025-12-20T23:00:00", "date": "2025-12-20", "hour": 23}}, {"type": "Feature", "geometry": {"type": "Point", "coordinates": [5.0, 54.5]}, "properties": {"value": 1.073, "time": "2025-12-20T23:00:00", "date": "2025-12-20", "hour": 23}}, {"type": "Feature", "geometry": {"type": "Point", "coordinates": [5.5, 54.5]}, "properties": {"value": 1.119, "time": "2025-12-20T23:00:00", "date": "2025-12-20", "hour": 23}}, {"type": "Feature", "geometry": {"type": "Point", "coordinates": [6.0, 54.5]}, "properties": {"value": 1.169, "time": "2025-12-20T23:00:00", "date": "2025-12-20", "hour": 23}}, {"type": "Feature", "geometry": {"type": "Point", "coordinates": [6.5, 54.5]}, "properties": {"value": 1.211, "time": "2025-12-20T23:00:00", "date": "2025-12-20", "hour": 23}}, {"type": "Feature", "geometry": {"type": "Point", "coordinates": [7.0, 54.5]}, "properties": {"value": 1.209, "time": "2025-12-20T23:00:00", "date": "2025-12-20", "hour": 23}}, {"type": "Feature", "geometry": {"type": "Point", "coordinates": [7.5, 54.5]}, "properties": {"value": 1.143, "time": "2025-12-20T23:00:00", "date": "2025-12-20", "hour": 23}}, {"type": "Feature", "geometry": {"type": "Point", "coordinates": [8.0, 54.5]}, "properties": {"value": 0.974, "time": "2025-12-20T23:00:00", "date": "2025-12-20", "hour": 23}}, {"type": "Feature", "geometry": {"type": "Point", "coordinates": [8.5, 54.5]}, "properties": {"value": 0.666, "time": "2025-12-20T23:00:00", "date": "2025-12-20", "hour": 23}}, {"type": "Feature", "geometry": {"type": "Point", "coordinates": [11.0, 54.5]}, "properties": {"value": 0.233, "time": "2025-12-20T23:00:00", "date": "2025-12-20", "hour": 23}}, {"type": "Feature", "geometry": {"type": "Point", "coordinates": [11.5, 54.5]}, "properties": {"value": 0.195, "time": "2025-12-20T23:00:00", "date": "2025-12-20", "hour": 23}}, {"type": "Feature", "geometry": {"type": "Point", "coordinates": [12.0, 54.5]}, "properties": {"value": 0.164, "time": "2025-12-20T23:00:00", "date": "2025-12-20", "hour": 23}}, {"type": "Feature", "geometry": {"type": "Point", "coordinates": [12.5, 54.5]}, "properties": {"value": 0.142, "time": "2025-12-20T23:00:00", "date": "2025-12-20", "hour": 23}}, {"type": "Feature", "geometry": {"type": "Point", "coordinates": [13.0, 54.5]}, "properties": {"value": 0.108, "time": "2025-12-20T23:00:00", "date": "2025-12-20", "hour": 23}}, {"type": "Feature", "geometry": {"type": "Point", "coordinates": [13.5, 54.5]}, "properties": {"value": 0.141, "time": "2025-12-20T23:00:00", "date": "2025-12-20", "hour": 23}}, {"type": "Feature", "geometry": {"type": "Point", "coordinates": [14.0, 54.5]}, "properties": {"value": 0.174, "time": "2025-12-20T23:00:00", "date": "2025-12-20", "hour": 23}}, {"type": "Feature", "geometry": {"type": "Point", "coordinates": [14.5, 54.5]}, "properties": {"value": 0.227, "time": "2025-12-20T23:00:00", "date": "2025-12-20", "hour": 23}}, {"type": "Feature", "geometry": {"type": "Point", "coordinates": [15.0, 54.5]}, "properties": {"value": 0.289, "time": "2025-12-20T23:00:00", "date": "2025-12-20", "hour": 23}}, {"type": "Feature", "geometry": {"type": "Point", "coordinates": [5.0, 55.0]}, "properties": {"value": 1.035, "time": "2025-12-20T23:00:00", "date": "2025-12-20", "hour": 23}}, {"type": "Feature", "geometry": {"type": "Point", "coordinates": [5.5, 55.0]}, "properties": {"value": 1.071, "time": "2025-12-20T23:00:00", "date": "2025-12-20", "hour": 23}}, {"type": "Feature", "geometry": {"type": "Point", "coordinates": [6.0, 55.0]}, "properties": {"value": 1.103, "time": "2025-12-20T23:00:00", "date": "2025-12-20", "hour": 23}}, {"type": "Feature", "geometry": {"type": "Point", "coordinates": [6.5, 55.0]}, "properties": {"value": 1.124, "time": "2025-12-20T23:00:00", "date": "2025-12-20", "hour": 23}}, {"type": "Feature", "geometry": {"type": "Point", "coordinates": [7.0, 55.0]}, "properties": {"value": 1.118, "time": "2025-12-20T23:00:00", "date": "2025-12-20", "hour": 23}}, {"type": "Feature", "geometry": {"type": "Point", "coordinates": [7.5, 55.0]}, "properties": {"value": 1.079, "time": "2025-12-20T23:00:00", "date": "2025-12-20", "hour": 23}}, {"type": "Feature", "geometry": {"type": "Point", "coordinates": [8.0, 55.0]}, "properties": {"value": 0.94, "time": "2025-12-20T23:00:00", "date": "2025-12-20", "hour": 23}}, {"type": "Feature", "geometry": {"type": "Point", "coordinates": [8.5, 55.0]}, "properties": {"value": 0.73, "time": "2025-12-20T23:00:00", "date": "2025-12-20", "hour": 23}}, {"type": "Feature", "geometry": {"type": "Point", "coordinates": [10.0, 55.0]}, "properties": {"value": 0.125, "time": "2025-12-20T23:00:00", "date": "2025-12-20", "hour": 23}}, {"type": "Feature", "geometry": {"type": "Point", "coordinates": [10.5, 55.0]}, "properties": {"value": 0.155, "time": "2025-12-20T23:00:00", "date": "2025-12-20", "hour": 23}}, {"type": "Feature", "geometry": {"type": "Point", "coordinates": [11.0, 55.0]}, "properties": {"value": 0.154, "time": "2025-12-20T23:00:00", "date": "2025-12-20", "hour": 23}}, {"type": "Feature", "geometry": {"type": "Point", "coordinates": [11.5, 55.0]}, "properties": {"value": 0.148, "time": "2025-12-20T23:00:00", "date": "2025-12-20", "hour": 23}}, {"type": "Feature", "geometry": {"type": "Point", "coordinates": [12.5, 55.0]}, "properties": {"value": 0.166, "time": "2025-12-20T23:00:00", "date": "2025-12-20", "hour": 23}}, {"type": "Feature", "geometry": {"type": "Point", "coordinates": [13.0, 55.0]}, "properties": {"value": 0.209, "time": "2025-12-20T23:00:00", "date": "2025-12-20", "hour": 23}}, {"type": "Feature", "geometry": {"type": "Point", "coordinates": [13.5, 55.0]}, "properties": {"value": 0.25, "time": "2025-12-20T23:00:00", "date": "2025-12-20", "hour": 23}}, {"type": "Feature", "geometry": {"type": "Point", "coordinates": [14.0, 55.0]}, "properties": {"value": 0.305, "time": "2025-12-20T23:00:00", "date": "2025-12-20", "hour": 23}}, {"type": "Feature", "geometry": {"type": "Point", "coordinates": [14.5, 55.0]}, "properties": {"value": 0.369, "time": "2025-12-20T23:00:00", "date": "2025-12-20", "hour": 23}}, {"type": "Feature", "geometry": {"type": "Point", "coordinates": [15.0, 55.0]}, "properties": {"value": 0.412, "time": "2025-12-20T23:00:00", "date": "2025-12-20", "hour": 23}}]}