{"type": "FeatureCollection", "metadata": {"variable": "swh", "name": "Significant Wave Height", "unit": "m", "date": "2025-12-16", "hours": 24, "timestamps": ["2025-12-16T00:00:00", "2025-12-16T01:00:00", "2025-12-16T02:00:00", "2025-12-16T03:00:00", "2025-12-16T04:00:00", "2025-12-16T05:00:00", "2025-12-16T06:00:00", "2025-12-16T07:00:00", "2025-12-16T08:00:00", "2025-12-16T09:00:00", "2025-12-16T10:00:00", "2025-12-16T11:00:00", "2025-12-16T12:00:00", "2025-12-16T13:00:00", "2025-12-16T14:00:00", "2025-12-16T15:00:00", "2025-12-16T16:00:00", "2025-12-16T17:00:00", "2025-12-16T18:00:00", "2025-12-16T19:00:00", "2025-12-16T20:00:00", "2025-12-16T21:00:00", "2025-12-16T22:00:00", "2025-12-16T23:00:00"], "color_scale": {"vmin": 0, "vmax": 4, "colors": ["#3288bd", "#66c2a5", "#abdda4", "#e6f598", "#fee08b", "#fdae61", "#f46d43", "#d53e4f"]}}, "features": [{"type": "Feature", "geometry": {"type": "Point", "coordinates": [5.0, 53.0]}, "properties": {"value": 0.908, "time": "2025-12-16T00:00:00", "date": "2025-12-16", "hour": 0}}, {"type": "Feature", "geometry": {"type": "Point", "coordinates": [5.0, 53.5]}, "properties": {"value": 1.139, "time": "2025-12-16T00:00:00", "date": "2025-12-16", "hour": 0}}, {"type": "Feature", "geometry": {"type": "Point", "coordinates": [5.5, 53.5]}, "properties": {"value": 0.985, "time": "2025-12-16T00:00:00", "date": "2025-12-16", "hour": 0}}, {"type": "Feature", "geometry": {"type": "Point", "coordinates": [6.0, 53.5]}, "properties": {"value": 0.841, "time": "2025-12-16T00:00:00", "date": "2025-12-16", "hour": 0}}, {"type": "Feature", "geometry": {"type": "Point", "coordinates": [7.0, 53.5]}, "properties": {"value": 0.609, "time": "2025-12-16T00:00:00", "date": "2025-12-16", "hour": 0}}, {"type": "Feature", "geometry": {"type": "Point", "coordinates": [7.5, 53.5]}, "properties": {"value": 0.42, "time": "2025-12-16T00:00:00", "date": "2025-12-16", "hour": 0}}, {"type": "Feature", "geometry": {"type": "Point", "coordinates": [8.5, 53.5]}, "properties": {"value": 0.235, "time": "2025-12-16T00:00:00", "date": "2025-12-16", "hour": 0}}, {"type": "Feature", "geometry": {"type": "Point", "coordinates": [5.0, 54.0]}, "properties": {"value": 1.539, "time": "2025-12-16T00:00:00", "date": "2025-12-16", "hour": 0}}, {"type": "Feature", "geometry": {"type": "Point", "coordinates": [5.5, 54.0]}, "properties": {"value": 1.446, "time": "2025-12-16T00:00:00", "date": "2025-12-16", "hour": 0}}, {"type": "Feature", "geometry": {"type": "Point", "coordinates": [6.0, 54.0]}, "properties": {"value": 1.306, "time": "2025-12-16T00:00:00", "date": "2025-12-16", "hour": 0}}, {"type": "Feature", "geometry": {"type": "Point", "coordinates": [6.5, 54.0]}, "properties": {"value": 1.191, "time": "2025-12-16T00:00:00", "date": "2025-12-16", "hour": 0}}, {"type": "Feature", "geometry": {"type": "Point", "coordinates": [7.0, 54.0]}, "properties": {"value": 1.085, "time": "2025-12-16T00:00:00", "date": "2025-12-16", "hour": 0}}, {"type": "Feature", "geometry": {"type": "Point", "coordinates": [7.5, 54.0]}, "properties": {"value": 0.99, "time": "2025-12-16T00:00:00", "date": "2025-12-16", "hour": 0}}, {"type": "Feature", "geometry": {"type": "Point", "coordinates": [8.0, 54.0]}, "properties": {"value": 0.915, "time": "2025-12-16T00:00:00", "date": "2025-12-16", "hour": 0}}, {"type": "Feature", "geometry": {"type": "Point", "coordinates": [8.5, 54.0]}, "properties": {"value": 0.798, "time": "2025-12-16T00:00:00", "date": "2025-12-16", "hour": 0}}, {"type": "Feature", "geometry": {"type": "Point", "coordinates": [11.0, 54.0]}, "properties": {"value": 0.172, "time": "2025-12-16T00:00:00", "date": "2025-12-16", "hour": 0}}, {"type": "Feature", "geometry": {"type": "Point", "coordinates": [14.0, 54.0]}, "properties": {"value": 0.264, "time": "2025-12-16T00:00:00", "date": "2025-12-16", "hour": 0}}, {"type": "Feature", "geometry": {"type": "Point", "coordinates": [14.5, 54.0]}, "properties": {"value": 0.357, "time": "2025-12-16T00:00:00", "date": "2025-12-16", "hour": 0}}, {"type": "Feature", "geometry": {"type": "Point", "coordinates": [15.0, 54.0]}, "properties": {"value": 0.4, "time": "2025-12-16T00:00:00", "date": "2025-12-16", "hour": 0}}, {"type": "Feature", "geometry": {"type": "Point", "coordinates": [5.0, 54.5]}, "properties": {"value": 1.771, "time": "2025-12-16T00:00:00", "date": "2025-12-16", "hour": 0}}, {"type": "Feature", "geometry": {"type": "Point", "coordinates": [5.5, 54.5]}, "properties": {"value": 1.76, "time": "2025-12-16T00:00:00", "date": "2025-12-16", "hour": 0}}, {"type": "Feature", "geometry": {"type": "Point", "coordinates": [6.0, 54.5]}, "properties": {"value": 1.716, "time": "2025-12-16T00:00:00", "date": "2025-12-16", "hour": 0}}, {"type": "Feature", "geometry": {"type": "Point", "coordinates": [6.5, 54.5]}, "properties": {"value": 1.647, "time": "2025-12-16T00:00:00", "date": "2025-12-16", "hour": 0}}, {"type": "Feature", "geometry": {"type": "Point", "coordinates": [7.0, 54.5]}, "properties": {"value": 1.553, "time": "2025-12-16T00:00:00", "date": "2025-12-16", "hour": 0}}, {"type": "Feature", "geometry": {"type": "Point", "coordinates": [7.5, 54.5]}, "properties": {"value": 1.412, "time": "2025-12-16T00:00:00", "date": "2025-12-16", "hour": 0}}, {"type": "Feature", "geometry": {"type": "Point", "coordinates": [8.0, 54.5]}, "properties": {"value": 1.233, "time": "2025-12-16T00:00:00", "date": "2025-12-16", "hour": 0}}, {"type": "Feature", "geometry": {"type": "Point", "coordinates": [8.5, 54.5]}, "properties": {"value": 0.94, "time": "2025-12-16T00:00:00", "date": "2025-12-16", "hour": 0}}, {"type": "Feature", "geometry": {"type": "Point", "coordinates": [11.0, 54.5]}, "properties": {"value": 0.452, "time": "2025-12-16T00:00:00", "date": "2025-12-16", "hour": 0}}, {"type": "Feature", "geometry": {"type": "Point", "coordinates": [11.5, 54.5]}, "properties": {"value": 0.442, "time": "2025-12-16T00:00:00", "date": "2025-12-16", "hour": 0}}, {"type": "Feature", "geometry": {"type": "Point", "coordinates": [12.0, 54.5]}, "properties": {"value": 0.352, "time": "2025-12-16T00:00:00", "date": "2025-12-16", "hour": 0}}, {"type": "Feature", "geometry": {"type": "Point", "coordinates": [12.5, 54.5]}, "properties": {"value": 0.331, "time": "2025-12-16T00:00:00", "date": "2025-12-16", "hour": 0}}, {"type": "Feature", "geometry": {"type": "Point", "coordinates": [13.0, 54.5]}, "properties": {"value": 0.261, "time": "2025-12-16T00:00:00", "date": "2025-12-16", "hour": 0}}, {"type": "Feature", "geometry": {"type": "Point", "coordinates": [13.5, 54.5]}, "properties": {"value": 0.369, "time": "2025-12-16T00:00:00", "date": "2025-12-16", "hour": 0}}, {"type": "Feature", "geometry": {"type": "Point", "coordinates": [14.0, 54.5]}, "properties": {"value": 0.511, "time": "2025-12-16T00:00:00", "date": "2025-12-16", "hour": 0}}, {"type": "Feature", "geometry": {"type": "Point", "coordinates": [14.5, 54.5]}, "properties": {"value": 0.67, "time": "2025-12-16T00:00:00", "date": "2025-12-16", "hour": 0}}, {"type": "Feature", "geometry": {"type": "Point", "coordinates": [15.0, 54.5]}, "properties": {"value": 0.764, "time": "2025-12-16T00:00:00", "date": "2025-12-16", "hour": 0}}, {"type": "Feature", "geometry": {"type": "Point", "coordinates": [5.0, 55.0]}, "properties": {"value": 1.946, "time": "2025-12-16T00:00:00", "date": "2025-12-16", "hour": 0}}, {"type": "Feature", "geometry": {"type": "Point", "coordinates": [5.5, 55.0]}, "properties": {"value": 1.953, "time": "2025-12-16T00:00:00", "date": "2025-12-16", "hour": 0}}, {"type": "Feature", "geometry": {"type": "Point", "coordinates": [6.0, 55.0]}, "properties": {"value": 1.942, "time": "2025-12-16T00:00:00", "date": "2025-12-16", "hour": 0}}, {"type": "Feature", "geometry": {"type": "Point", "coordinates": [6.5, 55.0]}, "properties": {"value": 1.901, "time": "2025-12-16T00:00:00", "date": "2025-12-16", "hour": 0}}, {"type": "Feature", "geometry": {"type": "Point", "coordinates": [7.0, 55.0]}, "properties": {"value": 1.819, "time": "2025-12-16T00:00:00", "date": "2025-12-16", "hour": 0}}, {"type": "Feature", "geometry": {"type": "Point", "coordinates": [7.5, 55.0]}, "properties": {"value": 1.675, "time": "2025-12-16T00:00:00", "date": "2025-12-16", "hour": 0}}, {"type": "Feature", "geometry": {"type": "Point", "coordinates": [8.0, 55.0]}, "properties": {"value": 1.444, "time": "2025-12-16T00:00:00", "date": "2025-12-16", "hour": 0}}, {"type": "Feature", "geometry": {"type": "Point", "coordinates": [8.5, 55.0]}, "properties": {"value": 1.129, "time": "2025-12-16T00:00:00", "date": "2025-12-16", "hour": 0}}, {"type": "Feature", "geometry": {"type": "Point", "coordinates": [10.0, 55.0]}, "properties": {"value": 0.181, "time": "2025-12-16T00:00:00", "date": "2025-12-16", "hour": 0}}, {"type": "Feature", "geometry": {"type": "Point", "coordinates": [10.5, 55.0]}, "properties": {"value": 0.306, "time": "2025-12-16T00:00:00", "date": "2025-12-16", "hour": 0}}, {"type": "Feature", "geometry": {"type": "Point", "coordinates": [11.0, 55.0]}, "properties": {"value": 0.372, "time": "2025-12-16T00:00:00", "date": "2025-12-16", "hour": 0}}, {"type": "Feature", "geometry": {"type": "Point", "coordinates": [11.5, 55.0]}, "properties": {"value": 0.394, "time": "2025-12-16T00:00:00", "date": "2025-12-16", "hour": 0}}, {"type": "Feature", "geometry": {"type": "Point", "coordinates": [12.5, 55.0]}, "properties": {"value": 0.492, "time": "2025-12-16T00:00:00", "date": "2025-12-16", "hour": 0}}, {"type": "Feature", "geometry": {"type": "Point", "coordinates": [13.0, 55.0]}, "properties": {"value": 0.546, "time": "2025-12-16T00:00:00", "date": "2025-12-16", "hour": 0}}, {"type": "Feature", "geometry": {"type": "Point", "coordinates": [13.5, 55.0]}, "properties": {"value": 0.613, "time": "2025-12-16T00:00:00", "date": "2025-12-16", "hour": 0}}, {"type": "Feature", "geometry": {"type": "Point", "coordinates": [14.0, 55.0]}, "properties": {"value": 0.724, "time": "2025-12-16T00:00:00", "date": "2025-12-16", "hour": 0}}, {"type": "Feature", "geometry": {"type": "Point", "coordinates": [14.5, 55.0]}, "properties": {"value": 0.854, "time": "2025-12-16T00:00:00", "date": "2025-12-16", "hour": 0}}, {"type": "Feature", "geometry": {"type": "Point", "coordinates": [15.0, 55.0]}, "properties": {"value": 0.952, "time": "2025-12-16T00:00:00", "date": "2025-12-16", "hour": 0}}, {"type": "Feature", "geometry": {"type": "Point", "coordinates": [5.0, 53.0]}, "properties": {"value": 0.843, "time": "2025-12-16T01:00:00", "date": "2025-12-16", "hour": 1}}, {"type": "Feature", "geometry": {"type": "Point", "coordinates": [5.0, 53.5]}, "properties": {"value": 1.065, "time": "2025-12-16T01:00:00", "date": "2025-12-16", "hour": 1}}, {"type": "Feature", "geometry": {"type": "Point", "coordinates": [5.5, 53.5]}, "properties": {"value": 0.924, "time": "2025-12-16T01:00:00", "date": "2025-12-16", "hour": 1}}, {"type": "Feature", "geometry": {"type": "Point", "coordinates": [6.0, 53.5]}, "properties": {"value": 0.797, "time": "2025-12-16T01:00:00", "date": "2025-12-16", "hour": 1}}, {"type": "Feature", "geometry": {"type": "Point", "coordinates": [7.0, 53.5]}, "properties": {"value": 0.574, "time": "2025-12-16T01:00:00", "date": "2025-12-16", "hour": 1}}, {"type": "Feature", "geometry": {"type": "Point", "coordinates": [7.5, 53.5]}, "properties": {"value": 0.397, "time": "2025-12-16T01:00:00", "date": "2025-12-16", "hour": 1}}, {"type": "Feature", "geometry": {"type": "Point", "coordinates": [8.5, 53.5]}, "properties": {"value": 0.225, "time": "2025-12-16T01:00:00", "date": "2025-12-16", "hour": 1}}, {"type": "Feature", "geometry": {"type": "Point", "coordinates": [5.0, 54.0]}, "properties": {"value": 1.437, "time": "2025-12-16T01:00:00", "date": "2025-12-16", "hour": 1}}, {"type": "Feature", "geometry": {"type": "Point", "coordinates": [5.5, 54.0]}, "properties": {"value": 1.353, "time": "2025-12-16T01:00:00", "date": "2025-12-16", "hour": 1}}, {"type": "Feature", "geometry": {"type": "Point", "coordinates": [6.0, 54.0]}, "properties": {"value": 1.229, "time": "2025-12-16T01:00:00", "date": "2025-12-16", "hour": 1}}, {"type": "Feature", "geometry": {"type": "Point", "coordinates": [6.5, 54.0]}, "properties": {"value": 1.124, "time": "2025-12-16T01:00:00", "date": "2025-12-16", "hour": 1}}, {"type": "Feature", "geometry": {"type": "Point", "coordinates": [7.0, 54.0]}, "properties": {"value": 1.027, "time": "2025-12-16T01:00:00", "date": "2025-12-16", "hour": 1}}, {"type": "Feature", "geometry": {"type": "Point", "coordinates": [7.5, 54.0]}, "properties": {"value": 0.942, "time": "2025-12-16T01:00:00", "date": "2025-12-16", "hour": 1}}, {"type": "Feature", "geometry": {"type": "Point", "coordinates": [8.0, 54.0]}, "properties": {"value": 0.873, "time": "2025-12-16T01:00:00", "date": "2025-12-16", "hour": 1}}, {"type": "Feature", "geometry": {"type": "Point", "coordinates": [8.5, 54.0]}, "properties": {"value": 0.765, "time": "2025-12-16T01:00:00", "date": "2025-12-16", "hour": 1}}, {"type": "Feature", "geometry": {"type": "Point", "coordinates": [11.0, 54.0]}, "properties": {"value": 0.175, "time": "2025-12-16T01:00:00", "date": "2025-12-16", "hour": 1}}, {"type": "Feature", "geometry": {"type": "Point", "coordinates": [14.0, 54.0]}, "properties": {"value": 0.265, "time": "2025-12-16T01:00:00", "date": "2025-12-16", "hour": 1}}, {"type": "Feature", "geometry": {"type": "Point", "coordinates": [14.5, 54.0]}, "properties": {"value": 0.352, "time": "2025-12-16T01:00:00", "date": "2025-12-16", "hour": 1}}, {"type": "Feature", "geometry": {"type": "Point", "coordinates": [15.0, 54.0]}, "properties": {"value": 0.393, "time": "2025-12-16T01:00:00", "date": "2025-12-16", "hour": 1}}, {"type": "Feature", "geometry": {"type": "Point", "coordinates": [5.0, 54.5]}, "properties": {"value": 1.659, "time": "2025-12-16T01:00:00", "date": "2025-12-16", "hour": 1}}, {"type": "Feature", "geometry": {"type": "Point", "coordinates": [5.5, 54.5]}, "properties": {"value": 1.647, "time": "2025-12-16T01:00:00", "date": "2025-12-16", "hour": 1}}, {"type": "Feature", "geometry": {"type": "Point", "coordinates": [6.0, 54.5]}, "properties": {"value": 1.619, "time": "2025-12-16T01:00:00", "date": "2025-12-16", "hour": 1}}, {"type": "Feature", "geometry": {"type": "Point", "coordinates": [6.5, 54.5]}, "properties": {"value": 1.565, "time": "2025-12-16T01:00:00", "date": "2025-12-16", "hour": 1}}, {"type": "Feature", "geometry": {"type": "Point", "coordinates": [7.0, 54.5]}, "properties": {"value": 1.484, "time": "2025-12-16T01:00:00", "date": "2025-12-16", "hour": 1}}, {"type": "Feature", "geometry": {"type": "Point", "coordinates": [7.5, 54.5]}, "properties": {"value": 1.355, "time": "2025-12-16T01:00:00", "date": "2025-12-16", "hour": 1}}, {"type": "Feature", "geometry": {"type": "Point", "coordinates": [8.0, 54.5]}, "properties": {"value": 1.189, "time": "2025-12-16T01:00:00", "date": "2025-12-16", "hour": 1}}, {"type": "Feature", "geometry": {"type": "Point", "coordinates": [8.5, 54.5]}, "properties": {"value": 0.91, "time": "2025-12-16T01:00:00", "date": "2025-12-16", "hour": 1}}, {"type": "Feature", "geometry": {"type": "Point", "coordinates": [11.0, 54.5]}, "properties": {"value": 0.447, "time": "2025-12-16T01:00:00", "date": "2025-12-16", "hour": 1}}, {"type": "Feature", "geometry": {"type": "Point", "coordinates": [11.5, 54.5]}, "properties": {"value": 0.437, "time": "2025-12-16T01:00:00", "date": "2025-12-16", "hour": 1}}, {"type": "Feature", "geometry": {"type": "Point", "coordinates": [12.0, 54.5]}, "properties": {"value": 0.349, "time": "2025-12-16T01:00:00", "date": "2025-12-16", "hour": 1}}, {"type": "Feature", "geometry": {"type": "Point", "coordinates": [12.5, 54.5]}, "properties": {"value": 0.324, "time": "2025-12-16T01:00:00", "date": "2025-12-16", "hour": 1}}, {"type": "Feature", "geometry": {"type": "Point", "coordinates": [13.0, 54.5]}, "properties": {"value": 0.253, "time": "2025-12-16T01:00:00", "date": "2025-12-16", "hour": 1}}, {"type": "Feature", "geometry": {"type": "Point", "coordinates": [13.5, 54.5]}, "properties": {"value": 0.36, "time": "2025-12-16T01:00:00", "date": "2025-12-16", "hour": 1}}, {"type": "Feature", "geometry": {"type": "Point", "coordinates": [14.0, 54.5]}, "properties": {"value": 0.495, "time": "2025-12-16T01:00:00", "date": "2025-12-16", "hour": 1}}, {"type": "Feature", "geometry": {"type": "Point", "coordinates": [14.5, 54.5]}, "properties": {"value": 0.636, "time": "2025-12-16T01:00:00", "date": "2025-12-16", "hour": 1}}, {"type": "Feature", "geometry": {"type": "Point", "coordinates": [15.0, 54.5]}, "properties": {"value": 0.72, "time": "2025-12-16T01:00:00", "date": "2025-12-16", "hour": 1}}, {"type": "Feature", "geometry": {"type": "Point", "coordinates": [5.0, 55.0]}, "properties": {"value": 1.824, "time": "2025-12-16T01:00:00", "date": "2025-12-16", "hour": 1}}, {"type": "Feature", "geometry": {"type": "Point", "coordinates": [5.5, 55.0]}, "properties": {"value": 1.83, "time": "2025-12-16T01:00:00", "date": "2025-12-16", "hour": 1}}, {"type": "Feature", "geometry": {"type": "Point", "coordinates": [6.0, 55.0]}, "properties": {"value": 1.837, "time": "2025-12-16T01:00:00", "date": "2025-12-16", "hour": 1}}, {"type": "Feature", "geometry": {"type": "Point", "coordinates": [6.5, 55.0]}, "properties": {"value": 1.817, "time": "2025-12-16T01:00:00", "date": "2025-12-16", "hour": 1}}, {"type": "Feature", "geometry": {"type": "Point", "coordinates": [7.0, 55.0]}, "properties": {"value": 1.752, "time": "2025-12-16T01:00:00", "date": "2025-12-16", "hour": 1}}, {"type": "Feature", "geometry": {"type": "Point", "coordinates": [7.5, 55.0]}, "properties": {"value": 1.618, "time": "2025-12-16T01:00:00", "date": "2025-12-16", "hour": 1}}, {"type": "Feature", "geometry": {"type": "Point", "coordinates": [8.0, 55.0]}, "properties": {"value": 1.395, "time": "2025-12-16T01:00:00", "date": "2025-12-16", "hour": 1}}, {"type": "Feature", "geometry": {"type": "Point", "coordinates": [8.5, 55.0]}, "properties": {"value": 1.092, "time": "2025-12-16T01:00:00", "date": "2025-12-16", "hour": 1}}, {"type": "Feature", "geometry": {"type": "Point", "coordinates": [10.0, 55.0]}, "properties": {"value": 0.178, "time": "2025-12-16T01:00:00", "date": "2025-12-16", "hour": 1}}, {"type": "Feature", "geometry": {"type": "Point", "coordinates": [10.5, 55.0]}, "properties": {"value": 0.295, "time": "2025-12-16T01:00:00", "date": "2025-12-16", "hour": 1}}, {"type": "Feature", "geometry": {"type": "Point", "coordinates": [11.0, 55.0]}, "properties": {"value": 0.353, "time": "2025-12-16T01:00:00", "date": "2025-12-16", "hour": 1}}, {"type": "Feature", "geometry": {"type": "Point", "coordinates": [11.5, 55.0]}, "properties": {"value": 0.37, "time": "2025-12-16T01:00:00", "date": "2025-12-16", "hour": 1}}, {"type": "Feature", "geometry": {"type": "Point", "coordinates": [12.5, 55.0]}, "properties": {"value": 0.468, "time": "2025-12-16T01:00:00", "date": "2025-12-16", "hour": 1}}, {"type": "Feature", "geometry": {"type": "Point", "coordinates": [13.0, 55.0]}, "properties": {"value": 0.517, "time": "2025-12-16T01:00:00", "date": "2025-12-16", "hour": 1}}, {"type": "Feature", "geometry": {"type": "Point", "coordinates": [13.5, 55.0]}, "properties": {"value": 0.576, "time": "2025-12-16T01:00:00", "date": "2025-12-16", "hour": 1}}, {"type": "Feature", "geometry": {"type": "Point", "coordinates": [14.0, 55.0]}, "properties": {"value": 0.674, "time": "2025-12-16T01:00:00", "date": "2025-12-16", "hour": 1}}, {"type": "Feature", "geometry": {"type": "Point", "coordinates": [14.5, 55.0]}, "properties": {"value": 0.791, "time": "2025-12-16T01:00:00", "date": "2025-12-16", "hour": 1}}, {"type": "Feature", "geometry": {"type": "Point", "coordinates": [15.0, 55.0]}, "properties": {"value": 0.882, "time": "2025-12-16T01:00:00", "date": "2025-12-16", "hour": 1}}, {"type": "Feature", "geometry": {"type": "Point", "coordinates": [5.0, 53.0]}, "properties": {"value": 0.791, "time": "2025-12-16T02:00:00", "date": "2025-12-16", "hour": 2}}, {"type": "Feature", "geometry": {"type": "Point", "coordinates": [5.0, 53.5]}, "properties": {"value": 1.004, "time": "2025-12-16T02:00:00", "date": "2025-12-16", "hour": 2}}, {"type": "Feature", "geometry": {"type": "Point", "coordinates": [5.5, 53.5]}, "properties": {"value": 0.877, "time": "2025-12-16T02:00:00", "date": "2025-12-16", "hour": 2}}, {"type": "Feature", "geometry": {"type": "Point", "coordinates": [6.0, 53.5]}, "properties": {"value": 0.766, "time": "2025-12-16T02:00:00", "date": "2025-12-16", "hour": 2}}, {"type": "Feature", "geometry": {"type": "Point", "coordinates": [7.0, 53.5]}, "properties": {"value": 0.549, "time": "2025-12-16T02:00:00", "date": "2025-12-16", "hour": 2}}, {"type": "Feature", "geometry": {"type": "Point", "coordinates": [7.5, 53.5]}, "properties": {"value": 0.377, "time": "2025-12-16T02:00:00", "date": "2025-12-16", "hour": 2}}, {"type": "Feature", "geometry": {"type": "Point", "coordinates": [8.5, 53.5]}, "properties": {"value": 0.215, "time": "2025-12-16T02:00:00", "date": "2025-12-16", "hour": 2}}, {"type": "Feature", "geometry": {"type": "Point", "coordinates": [5.0, 54.0]}, "properties": {"value": 1.355, "time": "2025-12-16T02:00:00", "date": "2025-12-16", "hour": 2}}, {"type": "Feature", "geometry": {"type": "Point", "coordinates": [5.5, 54.0]}, "properties": {"value": 1.273, "time": "2025-12-16T02:00:00", "date": "2025-12-16", "hour": 2}}, {"type": "Feature", "geometry": {"type": "Point", "coordinates": [6.0, 54.0]}, "properties": {"value": 1.16, "time": "2025-12-16T02:00:00", "date": "2025-12-16", "hour": 2}}, {"type": "Feature", "geometry": {"type": "Point", "coordinates": [6.5, 54.0]}, "properties": {"value": 1.062, "time": "2025-12-16T02:00:00", "date": "2025-12-16", "hour": 2}}, {"type": "Feature", "geometry": {"type": "Point", "coordinates": [7.0, 54.0]}, "properties": {"value": 0.974, "time": "2025-12-16T02:00:00", "date": "2025-12-16", "hour": 2}}, {"type": "Feature", "geometry": {"type": "Point", "coordinates": [7.5, 54.0]}, "properties": {"value": 0.898, "time": "2025-12-16T02:00:00", "date": "2025-12-16", "hour": 2}}, {"type": "Feature", "geometry": {"type": "Point", "coordinates": [8.0, 54.0]}, "properties": {"value": 0.839, "time": "2025-12-16T02:00:00", "date": "2025-12-16", "hour": 2}}, {"type": "Feature", "geometry": {"type": "Point", "coordinates": [8.5, 54.0]}, "properties": {"value": 0.738, "time": "2025-12-16T02:00:00", "date": "2025-12-16", "hour": 2}}, {"type": "Feature", "geometry": {"type": "Point", "coordinates": [11.0, 54.0]}, "properties": {"value": 0.176, "time": "2025-12-16T02:00:00", "date": "2025-12-16", "hour": 2}}, {"type": "Feature", "geometry": {"type": "Point", "coordinates": [14.0, 54.0]}, "properties": {"value": 0.294, "time": "2025-12-16T02:00:00", "date": "2025-12-16", "hour": 2}}, {"type": "Feature", "geometry": {"type": "Point", "coordinates": [14.5, 54.0]}, "properties": {"value": 0.383, "time": "2025-12-16T02:00:00", "date": "2025-12-16", "hour": 2}}, {"type": "Feature", "geometry": {"type": "Point", "coordinates": [15.0, 54.0]}, "properties": {"value": 0.424, "time": "2025-12-16T02:00:00", "date": "2025-12-16", "hour": 2}}, {"type": "Feature", "geometry": {"type": "Point", "coordinates": [5.0, 54.5]}, "properties": {"value": 1.562, "time": "2025-12-16T02:00:00", "date": "2025-12-16", "hour": 2}}, {"type": "Feature", "geometry": {"type": "Point", "coordinates": [5.5, 54.5]}, "properties": {"value": 1.54, "time": "2025-12-16T02:00:00", "date": "2025-12-16", "hour": 2}}, {"type": "Feature", "geometry": {"type": "Point", "coordinates": [6.0, 54.5]}, "properties": {"value": 1.513, "time": "2025-12-16T02:00:00", "date": "2025-12-16", "hour": 2}}, {"type": "Feature", "geometry": {"type": "Point", "coordinates": [6.5, 54.5]}, "properties": {"value": 1.475, "time": "2025-12-16T02:00:00", "date": "2025-12-16", "hour": 2}}, {"type": "Feature", "geometry": {"type": "Point", "coordinates": [7.0, 54.5]}, "properties": {"value": 1.405, "time": "2025-12-16T02:00:00", "date": "2025-12-16", "hour": 2}}, {"type": "Feature", "geometry": {"type": "Point", "coordinates": [7.5, 54.5]}, "properties": {"value": 1.293, "time": "2025-12-16T02:00:00", "date": "2025-12-16", "hour": 2}}, {"type": "Feature", "geometry": {"type": "Point", "coordinates": [8.0, 54.5]}, "properties": {"value": 1.145, "time": "2025-12-16T02:00:00", "date": "2025-12-16", "hour": 2}}, {"type": "Feature", "geometry": {"type": "Point", "coordinates": [8.5, 54.5]}, "properties": {"value": 0.883, "time": "2025-12-16T02:00:00", "date": "2025-12-16", "hour": 2}}, {"type": "Feature", "geometry": {"type": "Point", "coordinates": [11.0, 54.5]}, "properties": {"value": 0.464, "time": "2025-12-16T02:00:00", "date": "2025-12-16", "hour": 2}}, {"type": "Feature", "geometry": {"type": "Point", "coordinates": [11.5, 54.5]}, "properties": {"value": 0.453, "time": "2025-12-16T02:00:00", "date": "2025-12-16", "hour": 2}}, {"type": "Feature", "geometry": {"type": "Point", "coordinates": [12.0, 54.5]}, "properties": {"value": 0.358, "time": "2025-12-16T02:00:00", "date": "2025-12-16", "hour": 2}}, {"type": "Feature", "geometry": {"type": "Point", "coordinates": [12.5, 54.5]}, "properties": {"value": 0.336, "time": "2025-12-16T02:00:00", "date": "2025-12-16", "hour": 2}}, {"type": "Feature", "geometry": {"type": "Point", "coordinates": [13.0, 54.5]}, "properties": {"value": 0.259, "time": "2025-12-16T02:00:00", "date": "2025-12-16", "hour": 2}}, {"type": "Feature", "geometry": {"type": "Point", "coordinates": [13.5, 54.5]}, "properties": {"value": 0.382, "time": "2025-12-16T02:00:00", "date": "2025-12-16", "hour": 2}}, {"type": "Feature", "geometry": {"type": "Point", "coordinates": [14.0, 54.5]}, "properties": {"value": 0.528, "time": "2025-12-16T02:00:00", "date": "2025-12-16", "hour": 2}}, {"type": "Feature", "geometry": {"type": "Point", "coordinates": [14.5, 54.5]}, "properties": {"value": 0.652, "time": "2025-12-16T02:00:00", "date": "2025-12-16", "hour": 2}}, {"type": "Feature", "geometry": {"type": "Point", "coordinates": [15.0, 54.5]}, "properties": {"value": 0.714, "time": "2025-12-16T02:00:00", "date": "2025-12-16", "hour": 2}}, {"type": "Feature", "geometry": {"type": "Point", "coordinates": [5.0, 55.0]}, "properties": {"value": 1.722, "time": "2025-12-16T02:00:00", "date": "2025-12-16", "hour": 2}}, {"type": "Feature", "geometry": {"type": "Point", "coordinates": [5.5, 55.0]}, "properties": {"value": 1.719, "time": "2025-12-16T02:00:00", "date": "2025-12-16", "hour": 2}}, {"type": "Feature", "geometry": {"type": "Point", "coordinates": [6.0, 55.0]}, "properties": {"value": 1.736, "time": "2025-12-16T02:00:00", "date": "2025-12-16", "hour": 2}}, {"type": "Feature", "geometry": {"type": "Point", "coordinates": [6.5, 55.0]}, "properties": {"value": 1.73, "time": "2025-12-16T02:00:00", "date": "2025-12-16", "hour": 2}}, {"type": "Feature", "geometry": {"type": "Point", "coordinates": [7.0, 55.0]}, "properties": {"value": 1.678, "time": "2025-12-16T02:00:00", "date": "2025-12-16", "hour": 2}}, {"type": "Feature", "geometry": {"type": "Point", "coordinates": [7.5, 55.0]}, "properties": {"value": 1.567, "time": "2025-12-16T02:00:00", "date": "2025-12-16", "hour": 2}}, {"type": "Feature", "geometry": {"type": "Point", "coordinates": [8.0, 55.0]}, "properties": {"value": 1.36, "time": "2025-12-16T02:00:00", "date": "2025-12-16", "hour": 2}}, {"type": "Feature", "geometry": {"type": "Point", "coordinates": [8.5, 55.0]}, "properties": {"value": 1.069, "time": "2025-12-16T02:00:00", "date": "2025-12-16", "hour": 2}}, {"type": "Feature", "geometry": {"type": "Point", "coordinates": [10.0, 55.0]}, "properties": {"value": 0.184, "time": "2025-12-16T02:00:00", "date": "2025-12-16", "hour": 2}}, {"type": "Feature", "geometry": {"type": "Point", "coordinates": [10.5, 55.0]}, "properties": {"value": 0.299, "time": "2025-12-16T02:00:00", "date": "2025-12-16", "hour": 2}}, {"type": "Feature", "geometry": {"type": "Point", "coordinates": [11.0, 55.0]}, "properties": {"value": 0.355, "time": "2025-12-16T02:00:00", "date": "2025-12-16", "hour": 2}}, {"type": "Feature", "geometry": {"type": "Point", "coordinates": [11.5, 55.0]}, "properties": {"value": 0.37, "time": "2025-12-16T02:00:00", "date": "2025-12-16", "hour": 2}}, {"type": "Feature", "geometry": {"type": "Point", "coordinates": [12.5, 55.0]}, "properties": {"value": 0.471, "time": "2025-12-16T02:00:00", "date": "2025-12-16", "hour": 2}}, {"type": "Feature", "geometry": {"type": "Point", "coordinates": [13.0, 55.0]}, "properties": {"value": 0.515, "time": "2025-12-16T02:00:00", "date": "2025-12-16", "hour": 2}}, {"type": "Feature", "geometry": {"type": "Point", "coordinates": [13.5, 55.0]}, "properties": {"value": 0.57, "time": "2025-12-16T02:00:00", "date": "2025-12-16", "hour": 2}}, {"type": "Feature", "geometry": {"type": "Point", "coordinates": [14.0, 55.0]}, "properties": {"value": 0.654, "time": "2025-12-16T02:00:00", "date": "2025-12-16", "hour": 2}}, {"type": "Feature", "geometry": {"type": "Point", "coordinates": [14.5, 55.0]}, "properties": {"value": 0.753, "time": "2025-12-16T02:00:00", "date": "2025-12-16", "hour": 2}}, {"type": "Feature", "geometry": {"type": "Point", "coordinates": [15.0, 55.0]}, "properties": {"value": 0.825, "time": "2025-12-16T02:00:00", "date": "2025-12-16", "hour": 2}}, {"type": "Feature", "geometry": {"type": "Point", "coordinates": [5.0, 53.0]}, "properties": {"value": 0.743, "time": "2025-12-16T03:00:00", "date": "2025-12-16", "hour": 3}}, {"type": "Feature", "geometry": {"type": "Point", "coordinates": [5.0, 53.5]}, "properties": {"value": 0.944, "time": "2025-12-16T03:00:00", "date": "2025-12-16", "hour": 3}}, {"type": "Feature", "geometry": {"type": "Point", "coordinates": [5.5, 53.5]}, "properties": {"value": 0.831, "time": "2025-12-16T03:00:00", "date": "2025-12-16", "hour": 3}}, {"type": "Feature", "geometry": {"type": "Point", "coordinates": [6.0, 53.5]}, "properties": {"value": 0.736, "time": "2025-12-16T03:00:00", "date": "2025-12-16", "hour": 3}}, {"type": "Feature", "geometry": {"type": "Point", "coordinates": [7.0, 53.5]}, "properties": {"value": 0.529, "time": "2025-12-16T03:00:00", "date": "2025-12-16", "hour": 3}}, {"type": "Feature", "geometry": {"type": "Point", "coordinates": [7.5, 53.5]}, "properties": {"value": 0.361, "time": "2025-12-16T03:00:00", "date": "2025-12-16", "hour": 3}}, {"type": "Feature", "geometry": {"type": "Point", "coordinates": [8.5, 53.5]}, "properties": {"value": 0.207, "time": "2025-12-16T03:00:00", "date": "2025-12-16", "hour": 3}}, {"type": "Feature", "geometry": {"type": "Point", "coordinates": [5.0, 54.0]}, "properties": {"value": 1.284, "time": "2025-12-16T03:00:00", "date": "2025-12-16", "hour": 3}}, {"type": "Feature", "geometry": {"type": "Point", "coordinates": [5.5, 54.0]}, "properties": {"value": 1.205, "time": "2025-12-16T03:00:00", "date": "2025-12-16", "hour": 3}}, {"type": "Feature", "geometry": {"type": "Point", "coordinates": [6.0, 54.0]}, "properties": {"value": 1.102, "time": "2025-12-16T03:00:00", "date": "2025-12-16", "hour": 3}}, {"type": "Feature", "geometry": {"type": "Point", "coordinates": [6.5, 54.0]}, "properties": {"value": 1.013, "time": "2025-12-16T03:00:00", "date": "2025-12-16", "hour": 3}}, {"type": "Feature", "geometry": {"type": "Point", "coordinates": [7.0, 54.0]}, "properties": {"value": 0.932, "time": "2025-12-16T03:00:00", "date": "2025-12-16", "hour": 3}}, {"type": "Feature", "geometry": {"type": "Point", "coordinates": [7.5, 54.0]}, "properties": {"value": 0.864, "time": "2025-12-16T03:00:00", "date": "2025-12-16", "hour": 3}}, {"type": "Feature", "geometry": {"type": "Point", "coordinates": [8.0, 54.0]}, "properties": {"value": 0.812, "time": "2025-12-16T03:00:00", "date": "2025-12-16", "hour": 3}}, {"type": "Feature", "geometry": {"type": "Point", "coordinates": [8.5, 54.0]}, "properties": {"value": 0.713, "time": "2025-12-16T03:00:00", "date": "2025-12-16", "hour": 3}}, {"type": "Feature", "geometry": {"type": "Point", "coordinates": [11.0, 54.0]}, "properties": {"value": 0.169, "time": "2025-12-16T03:00:00", "date": "2025-12-16", "hour": 3}}, {"type": "Feature", "geometry": {"type": "Point", "coordinates": [14.0, 54.0]}, "properties": {"value": 0.313, "time": "2025-12-16T03:00:00", "date": "2025-12-16", "hour": 3}}, {"type": "Feature", "geometry": {"type": "Point", "coordinates": [14.5, 54.0]}, "properties": {"value": 0.411, "time": "2025-12-16T03:00:00", "date": "2025-12-16", "hour": 3}}, {"type": "Feature", "geometry": {"type": "Point", "coordinates": [15.0, 54.0]}, "properties": {"value": 0.457, "time": "2025-12-16T03:00:00", "date": "2025-12-16", "hour": 3}}, {"type": "Feature", "geometry": {"type": "Point", "coordinates": [5.0, 54.5]}, "properties": {"value": 1.483, "time": "2025-12-16T03:00:00", "date": "2025-12-16", "hour": 3}}, {"type": "Feature", "geometry": {"type": "Point", "coordinates": [5.5, 54.5]}, "properties": {"value": 1.452, "time": "2025-12-16T03:00:00", "date": "2025-12-16", "hour": 3}}, {"type": "Feature", "geometry": {"type": "Point", "coordinates": [6.0, 54.5]}, "properties": {"value": 1.423, "time": "2025-12-16T03:00:00", "date": "2025-12-16", "hour": 3}}, {"type": "Feature", "geometry": {"type": "Point", "coordinates": [6.5, 54.5]}, "properties": {"value": 1.391, "time": "2025-12-16T03:00:00", "date": "2025-12-16", "hour": 3}}, {"type": "Feature", "geometry": {"type": "Point", "coordinates": [7.0, 54.5]}, "properties": {"value": 1.33, "time": "2025-12-16T03:00:00", "date": "2025-12-16", "hour": 3}}, {"type": "Feature", "geometry": {"type": "Point", "coordinates": [7.5, 54.5]}, "properties": {"value": 1.232, "time": "2025-12-16T03:00:00", "date": "2025-12-16", "hour": 3}}, {"type": "Feature", "geometry": {"type": "Point", "coordinates": [8.0, 54.5]}, "properties": {"value": 1.102, "time": "2025-12-16T03:00:00", "date": "2025-12-16", "hour": 3}}, {"type": "Feature", "geometry": {"type": "Point", "coordinates": [8.5, 54.5]}, "properties": {"value": 0.854, "time": "2025-12-16T03:00:00", "date": "2025-12-16", "hour": 3}}, {"type": "Feature", "geometry": {"type": "Point", "coordinates": [11.0, 54.5]}, "properties": {"value": 0.473, "time": "2025-12-16T03:00:00", "date": "2025-12-16", "hour": 3}}, {"type": "Feature", "geometry": {"type": "Point", "coordinates": [11.5, 54.5]}, "properties": {"value": 0.461, "time": "2025-12-16T03:00:00", "date": "2025-12-16", "hour": 3}}, {"type": "Feature", "geometry": {"type": "Point", "coordinates": [12.0, 54.5]}, "properties": {"value": 0.362, "time": "2025-12-16T03:00:00", "date": "2025-12-16", "hour": 3}}, {"type": "Feature", "geometry": {"type": "Point", "coordinates": [12.5, 54.5]}, "properties": {"value": 0.343, "time": "2025-12-16T03:00:00", "date": "2025-12-16", "hour": 3}}, {"type": "Feature", "geometry": {"type": "Point", "coordinates": [13.0, 54.5]}, "properties": {"value": 0.263, "time": "2025-12-16T03:00:00", "date": "2025-12-16", "hour": 3}}, {"type": "Feature", "geometry": {"type": "Point", "coordinates": [13.5, 54.5]}, "properties": {"value": 0.4, "time": "2025-12-16T03:00:00", "date": "2025-12-16", "hour": 3}}, {"type": "Feature", "geometry": {"type": "Point", "coordinates": [14.0, 54.5]}, "properties": {"value": 0.569, "time": "2025-12-16T03:00:00", "date": "2025-12-16", "hour": 3}}, {"type": "Feature", "geometry": {"type": "Point", "coordinates": [14.5, 54.5]}, "properties": {"value": 0.7, "time": "2025-12-16T03:00:00", "date": "2025-12-16", "hour": 3}}, {"type": "Feature", "geometry": {"type": "Point", "coordinates": [15.0, 54.5]}, "properties": {"value": 0.756, "time": "2025-12-16T03:00:00", "date": "2025-12-16", "hour": 3}}, {"type": "Feature", "geometry": {"type": "Point", "coordinates": [5.0, 55.0]}, "properties": {"value": 1.637, "time": "2025-12-16T03:00:00", "date": "2025-12-16", "hour": 3}}, {"type": "Feature", "geometry": {"type": "Point", "coordinates": [5.5, 55.0]}, "properties": {"value": 1.632, "time": "2025-12-16T03:00:00", "date": "2025-12-16", "hour": 3}}, {"type": "Feature", "geometry": {"type": "Point", "coordinates": [6.0, 55.0]}, "properties": {"value": 1.652, "time": "2025-12-16T03:00:00", "date": "2025-12-16", "hour": 3}}, {"type": "Feature", "geometry": {"type": "Point", "coordinates": [6.5, 55.0]}, "properties": {"value": 1.651, "time": "2025-12-16T03:00:00", "date": "2025-12-16", "hour": 3}}, {"type": "Feature", "geometry": {"type": "Point", "coordinates": [7.0, 55.0]}, "properties": {"value": 1.599, "time": "2025-12-16T03:00:00", "date": "2025-12-16", "hour": 3}}, {"type": "Feature", "geometry": {"type": "Point", "coordinates": [7.5, 55.0]}, "properties": {"value": 1.496, "time": "2025-12-16T03:00:00", "date": "2025-12-16", "hour": 3}}, {"type": "Feature", "geometry": {"type": "Point", "coordinates": [8.0, 55.0]}, "properties": {"value": 1.311, "time": "2025-12-16T03:00:00", "date": "2025-12-16", "hour": 3}}, {"type": "Feature", "geometry": {"type": "Point", "coordinates": [8.5, 55.0]}, "properties": {"value": 1.036, "time": "2025-12-16T03:00:00", "date": "2025-12-16", "hour": 3}}, {"type": "Feature", "geometry": {"type": "Point", "coordinates": [10.0, 55.0]}, "properties": {"value": 0.184, "time": "2025-12-16T03:00:00", "date": "2025-12-16", "hour": 3}}, {"type": "Feature", "geometry": {"type": "Point", "coordinates": [10.5, 55.0]}, "properties": {"value": 0.31, "time": "2025-12-16T03:00:00", "date": "2025-12-16", "hour": 3}}, {"type": "Feature", "geometry": {"type": "Point", "coordinates": [11.0, 55.0]}, "properties": {"value": 0.367, "time": "2025-12-16T03:00:00", "date": "2025-12-16", "hour": 3}}, {"type": "Feature", "geometry": {"type": "Point", "coordinates": [11.5, 55.0]}, "properties": {"value": 0.38, "time": "2025-12-16T03:00:00", "date": "2025-12-16", "hour": 3}}, {"type": "Feature", "geometry": {"type": "Point", "coordinates": [12.5, 55.0]}, "properties": {"value": 0.479, "time": "2025-12-16T03:00:00", "date": "2025-12-16", "hour": 3}}, {"type": "Feature", "geometry": {"type": "Point", "coordinates": [13.0, 55.0]}, "properties": {"value": 0.524, "time": "2025-12-16T03:00:00", "date": "2025-12-16", "hour": 3}}, {"type": "Feature", "geometry": {"type": "Point", "coordinates": [13.5, 55.0]}, "properties": {"value": 0.582, "time": "2025-12-16T03:00:00", "date": "2025-12-16", "hour": 3}}, {"type": "Feature", "geometry": {"type": "Point", "coordinates": [14.0, 55.0]}, "properties": {"value": 0.664, "time": "2025-12-16T03:00:00", "date": "2025-12-16", "hour": 3}}, {"type": "Feature", "geometry": {"type": "Point", "coordinates": [14.5, 55.0]}, "properties": {"value": 0.761, "time": "2025-12-16T03:00:00", "date": "2025-12-16", "hour": 3}}, {"type": "Feature", "geometry": {"type": "Point", "coordinates": [15.0, 55.0]}, "properties": {"value": 0.823, "time": "2025-12-16T03:00:00", "date": "2025-12-16", "hour": 3}}, {"type": "Feature", "geometry": {"type": "Point", "coordinates": [5.0, 53.0]}, "properties": {"value": 0.705, "time": "2025-12-16T04:00:00", "date": "2025-12-16", "hour": 4}}, {"type": "Feature", "geometry": {"type": "Point", "coordinates": [5.0, 53.5]}, "properties": {"value": 0.892, "time": "2025-12-16T04:00:00", "date": "2025-12-16", "hour": 4}}, {"type": "Feature", "geometry": {"type": "Point", "coordinates": [5.5, 53.5]}, "properties": {"value": 0.788, "time": "2025-12-16T04:00:00", "date": "2025-12-16", "hour": 4}}, {"type": "Feature", "geometry": {"type": "Point", "coordinates": [6.0, 53.5]}, "properties": {"value": 0.703, "time": "2025-12-16T04:00:00", "date": "2025-12-16", "hour": 4}}, {"type": "Feature", "geometry": {"type": "Point", "coordinates": [7.0, 53.5]}, "properties": {"value": 0.513, "time": "2025-12-16T04:00:00", "date": "2025-12-16", "hour": 4}}, {"type": "Feature", "geometry": {"type": "Point", "coordinates": [7.5, 53.5]}, "properties": {"value": 0.348, "time": "2025-12-16T04:00:00", "date": "2025-12-16", "hour": 4}}, {"type": "Feature", "geometry": {"type": "Point", "coordinates": [8.5, 53.5]}, "properties": {"value": 0.202, "time": "2025-12-16T04:00:00", "date": "2025-12-16", "hour": 4}}, {"type": "Feature", "geometry": {"type": "Point", "coordinates": [5.0, 54.0]}, "properties": {"value": 1.211, "time": "2025-12-16T04:00:00", "date": "2025-12-16", "hour": 4}}, {"type": "Feature", "geometry": {"type": "Point", "coordinates": [5.5, 54.0]}, "properties": {"value": 1.138, "time": "2025-12-16T04:00:00", "date": "2025-12-16", "hour": 4}}, {"type": "Feature", "geometry": {"type": "Point", "coordinates": [6.0, 54.0]}, "properties": {"value": 1.045, "time": "2025-12-16T04:00:00", "date": "2025-12-16", "hour": 4}}, {"type": "Feature", "geometry": {"type": "Point", "coordinates": [6.5, 54.0]}, "properties": {"value": 0.967, "time": "2025-12-16T04:00:00", "date": "2025-12-16", "hour": 4}}, {"type": "Feature", "geometry": {"type": "Point", "coordinates": [7.0, 54.0]}, "properties": {"value": 0.897, "time": "2025-12-16T04:00:00", "date": "2025-12-16", "hour": 4}}, {"type": "Feature", "geometry": {"type": "Point", "coordinates": [7.5, 54.0]}, "properties": {"value": 0.839, "time": "2025-12-16T04:00:00", "date": "2025-12-16", "hour": 4}}, {"type": "Feature", "geometry": {"type": "Point", "coordinates": [8.0, 54.0]}, "properties": {"value": 0.796, "time": "2025-12-16T04:00:00", "date": "2025-12-16", "hour": 4}}, {"type": "Feature", "geometry": {"type": "Point", "coordinates": [8.5, 54.0]}, "properties": {"value": 0.7, "time": "2025-12-16T04:00:00", "date": "2025-12-16", "hour": 4}}, {"type": "Feature", "geometry": {"type": "Point", "coordinates": [11.0, 54.0]}, "properties": {"value": 0.165, "time": "2025-12-16T04:00:00", "date": "2025-12-16", "hour": 4}}, {"type": "Feature", "geometry": {"type": "Point", "coordinates": [14.0, 54.0]}, "properties": {"value": 0.312, "time": "2025-12-16T04:00:00", "date": "2025-12-16", "hour": 4}}, {"type": "Feature", "geometry": {"type": "Point", "coordinates": [14.5, 54.0]}, "properties": {"value": 0.413, "time": "2025-12-16T04:00:00", "date": "2025-12-16", "hour": 4}}, {"type": "Feature", "geometry": {"type": "Point", "coordinates": [15.0, 54.0]}, "properties": {"value": 0.46, "time": "2025-12-16T04:00:00", "date": "2025-12-16", "hour": 4}}, {"type": "Feature", "geometry": {"type": "Point", "coordinates": [5.0, 54.5]}, "properties": {"value": 1.413, "time": "2025-12-16T04:00:00", "date": "2025-12-16", "hour": 4}}, {"type": "Feature", "geometry": {"type": "Point", "coordinates": [5.5, 54.5]}, "properties": {"value": 1.38, "time": "2025-12-16T04:00:00", "date": "2025-12-16", "hour": 4}}, {"type": "Feature", "geometry": {"type": "Point", "coordinates": [6.0, 54.5]}, "properties": {"value": 1.347, "time": "2025-12-16T04:00:00", "date": "2025-12-16", "hour": 4}}, {"type": "Feature", "geometry": {"type": "Point", "coordinates": [6.5, 54.5]}, "properties": {"value": 1.315, "time": "2025-12-16T04:00:00", "date": "2025-12-16", "hour": 4}}, {"type": "Feature", "geometry": {"type": "Point", "coordinates": [7.0, 54.5]}, "properties": {"value": 1.267, "time": "2025-12-16T04:00:00", "date": "2025-12-16", "hour": 4}}, {"type": "Feature", "geometry": {"type": "Point", "coordinates": [7.5, 54.5]}, "properties": {"value": 1.184, "time": "2025-12-16T04:00:00", "date": "2025-12-16", "hour": 4}}, {"type": "Feature", "geometry": {"type": "Point", "coordinates": [8.0, 54.5]}, "properties": {"value": 1.077, "time": "2025-12-16T04:00:00", "date": "2025-12-16", "hour": 4}}, {"type": "Feature", "geometry": {"type": "Point", "coordinates": [8.5, 54.5]}, "properties": {"value": 0.835, "time": "2025-12-16T04:00:00", "date": "2025-12-16", "hour": 4}}, {"type": "Feature", "geometry": {"type": "Point", "coordinates": [11.0, 54.5]}, "properties": {"value": 0.471, "time": "2025-12-16T04:00:00", "date": "2025-12-16", "hour": 4}}, {"type": "Feature", "geometry": {"type": "Point", "coordinates": [11.5, 54.5]}, "properties": {"value": 0.465, "time": "2025-12-16T04:00:00", "date": "2025-12-16", "hour": 4}}, {"type": "Feature", "geometry": {"type": "Point", "coordinates": [12.0, 54.5]}, "properties": {"value": 0.364, "time": "2025-12-16T04:00:00", "date": "2025-12-16", "hour": 4}}, {"type": "Feature", "geometry": {"type": "Point", "coordinates": [12.5, 54.5]}, "properties": {"value": 0.345, "time": "2025-12-16T04:00:00", "date": "2025-12-16", "hour": 4}}, {"type": "Feature", "geometry": {"type": "Point", "coordinates": [13.0, 54.5]}, "properties": {"value": 0.262, "time": "2025-12-16T04:00:00", "date": "2025-12-16", "hour": 4}}, {"type": "Feature", "geometry": {"type": "Point", "coordinates": [13.5, 54.5]}, "properties": {"value": 0.397, "time": "2025-12-16T04:00:00", "date": "2025-12-16", "hour": 4}}, {"type": "Feature", "geometry": {"type": "Point", "coordinates": [14.0, 54.5]}, "properties": {"value": 0.566, "time": "2025-12-16T04:00:00", "date": "2025-12-16", "hour": 4}}, {"type": "Feature", "geometry": {"type": "Point", "coordinates": [14.5, 54.5]}, "properties": {"value": 0.708, "time": "2025-12-16T04:00:00", "date": "2025-12-16", "hour": 4}}, {"type": "Feature", "geometry": {"type": "Point", "coordinates": [15.0, 54.5]}, "properties": {"value": 0.77, "time": "2025-12-16T04:00:00", "date": "2025-12-16", "hour": 4}}, {"type": "Feature", "geometry": {"type": "Point", "coordinates": [5.0, 55.0]}, "properties": {"value": 1.572, "time": "2025-12-16T04:00:00", "date": "2025-12-16", "hour": 4}}, {"type": "Feature", "geometry": {"type": "Point", "coordinates": [5.5, 55.0]}, "properties": {"value": 1.565, "time": "2025-12-16T04:00:00", "date": "2025-12-16", "hour": 4}}, {"type": "Feature", "geometry": {"type": "Point", "coordinates": [6.0, 55.0]}, "properties": {"value": 1.571, "time": "2025-12-16T04:00:00", "date": "2025-12-16", "hour": 4}}, {"type": "Feature", "geometry": {"type": "Point", "coordinates": [6.5, 55.0]}, "properties": {"value": 1.567, "time": "2025-12-16T04:00:00", "date": "2025-12-16", "hour": 4}}, {"type": "Feature", "geometry": {"type": "Point", "coordinates": [7.0, 55.0]}, "properties": {"value": 1.529, "time": "2025-12-16T04:00:00", "date": "2025-12-16", "hour": 4}}, {"type": "Feature", "geometry": {"type": "Point", "coordinates": [7.5, 55.0]}, "properties": {"value": 1.434, "time": "2025-12-16T04:00:00", "date": "2025-12-16", "hour": 4}}, {"type": "Feature", "geometry": {"type": "Point", "coordinates": [8.0, 55.0]}, "properties": {"value": 1.271, "time": "2025-12-16T04:00:00", "date": "2025-12-16", "hour": 4}}, {"type": "Feature", "geometry": {"type": "Point", "coordinates": [8.5, 55.0]}, "properties": {"value": 1.01, "time": "2025-12-16T04:00:00", "date": "2025-12-16", "hour": 4}}, {"type": "Feature", "geometry": {"type": "Point", "coordinates": [10.0, 55.0]}, "properties": {"value": 0.183, "time": "2025-12-16T04:00:00", "date": "2025-12-16", "hour": 4}}, {"type": "Feature", "geometry": {"type": "Point", "coordinates": [10.5, 55.0]}, "properties": {"value": 0.313, "time": "2025-12-16T04:00:00", "date": "2025-12-16", "hour": 4}}, {"type": "Feature", "geometry": {"type": "Point", "coordinates": [11.0, 55.0]}, "properties": {"value": 0.377, "time": "2025-12-16T04:00:00", "date": "2025-12-16", "hour": 4}}, {"type": "Feature", "geometry": {"type": "Point", "coordinates": [11.5, 55.0]}, "properties": {"value": 0.393, "time": "2025-12-16T04:00:00", "date": "2025-12-16", "hour": 4}}, {"type": "Feature", "geometry": {"type": "Point", "coordinates": [12.5, 55.0]}, "properties": {"value": 0.481, "time": "2025-12-16T04:00:00", "date": "2025-12-16", "hour": 4}}, {"type": "Feature", "geometry": {"type": "Point", "coordinates": [13.0, 55.0]}, "properties": {"value": 0.519, "time": "2025-12-16T04:00:00", "date": "2025-12-16", "hour": 4}}, {"type": "Feature", "geometry": {"type": "Point", "coordinates": [13.5, 55.0]}, "properties": {"value": 0.573, "time": "2025-12-16T04:00:00", "date": "2025-12-16", "hour": 4}}, {"type": "Feature", "geometry": {"type": "Point", "coordinates": [14.0, 55.0]}, "properties": {"value": 0.66, "time": "2025-12-16T04:00:00", "date": "2025-12-16", "hour": 4}}, {"type": "Feature", "geometry": {"type": "Point", "coordinates": [14.5, 55.0]}, "properties": {"value": 0.764, "time": "2025-12-16T04:00:00", "date": "2025-12-16", "hour": 4}}, {"type": "Feature", "geometry": {"type": "Point", "coordinates": [15.0, 55.0]}, "properties": {"value": 0.835, "time": "2025-12-16T04:00:00", "date": "2025-12-16", "hour": 4}}, {"type": "Feature", "geometry": {"type": "Point", "coordinates": [5.0, 53.0]}, "properties": {"value": 0.682, "time": "2025-12-16T05:00:00", "date": "2025-12-16", "hour": 5}}, {"type": "Feature", "geometry": {"type": "Point", "coordinates": [5.0, 53.5]}, "properties": {"value": 0.862, "time": "2025-12-16T05:00:00", "date": "2025-12-16", "hour": 5}}, {"type": "Feature", "geometry": {"type": "Point", "coordinates": [5.5, 53.5]}, "properties": {"value": 0.757, "time": "2025-12-16T05:00:00", "date": "2025-12-16", "hour": 5}}, {"type": "Feature", "geometry": {"type": "Point", "coordinates": [6.0, 53.5]}, "properties": {"value": 0.674, "time": "2025-12-16T05:00:00", "date": "2025-12-16", "hour": 5}}, {"type": "Feature", "geometry": {"type": "Point", "coordinates": [7.0, 53.5]}, "properties": {"value": 0.496, "time": "2025-12-16T05:00:00", "date": "2025-12-16", "hour": 5}}, {"type": "Feature", "geometry": {"type": "Point", "coordinates": [7.5, 53.5]}, "properties": {"value": 0.336, "time": "2025-12-16T05:00:00", "date": "2025-12-16", "hour": 5}}, {"type": "Feature", "geometry": {"type": "Point", "coordinates": [8.5, 53.5]}, "properties": {"value": 0.196, "time": "2025-12-16T05:00:00", "date": "2025-12-16", "hour": 5}}, {"type": "Feature", "geometry": {"type": "Point", "coordinates": [5.0, 54.0]}, "properties": {"value": 1.155, "time": "2025-12-16T05:00:00", "date": "2025-12-16", "hour": 5}}, {"type": "Feature", "geometry": {"type": "Point", "coordinates": [5.5, 54.0]}, "properties": {"value": 1.086, "time": "2025-12-16T05:00:00", "date": "2025-12-16", "hour": 5}}, {"type": "Feature", "geometry": {"type": "Point", "coordinates": [6.0, 54.0]}, "properties": {"value": 0.998, "time": "2025-12-16T05:00:00", "date": "2025-12-16", "hour": 5}}, {"type": "Feature", "geometry": {"type": "Point", "coordinates": [6.5, 54.0]}, "properties": {"value": 0.928, "time": "2025-12-16T05:00:00", "date": "2025-12-16", "hour": 5}}, {"type": "Feature", "geometry": {"type": "Point", "coordinates": [7.0, 54.0]}, "properties": {"value": 0.865, "time": "2025-12-16T05:00:00", "date": "2025-12-16", "hour": 5}}, {"type": "Feature", "geometry": {"type": "Point", "coordinates": [7.5, 54.0]}, "properties": {"value": 0.813, "time": "2025-12-16T05:00:00", "date": "2025-12-16", "hour": 5}}, {"type": "Feature", "geometry": {"type": "Point", "coordinates": [8.0, 54.0]}, "properties": {"value": 0.776, "time": "2025-12-16T05:00:00", "date": "2025-12-16", "hour": 5}}, {"type": "Feature", "geometry": {"type": "Point", "coordinates": [8.5, 54.0]}, "properties": {"value": 0.683, "time": "2025-12-16T05:00:00", "date": "2025-12-16", "hour": 5}}, {"type": "Feature", "geometry": {"type": "Point", "coordinates": [11.0, 54.0]}, "properties": {"value": 0.165, "time": "2025-12-16T05:00:00", "date": "2025-12-16", "hour": 5}}, {"type": "Feature", "geometry": {"type": "Point", "coordinates": [14.0, 54.0]}, "properties": {"value": 0.303, "time": "2025-12-16T05:00:00", "date": "2025-12-16", "hour": 5}}, {"type": "Feature", "geometry": {"type": "Point", "coordinates": [14.5, 54.0]}, "properties": {"value": 0.404, "time": "2025-12-16T05:00:00", "date": "2025-12-16", "hour": 5}}, {"type": "Feature", "geometry": {"type": "Point", "coordinates": [15.0, 54.0]}, "properties": {"value": 0.451, "time": "2025-12-16T05:00:00", "date": "2025-12-16", "hour": 5}}, {"type": "Feature", "geometry": {"type": "Point", "coordinates": [5.0, 54.5]}, "properties": {"value": 1.345, "time": "2025-12-16T05:00:00", "date": "2025-12-16", "hour": 5}}, {"type": "Feature", "geometry": {"type": "Point", "coordinates": [5.5, 54.5]}, "properties": {"value": 1.31, "time": "2025-12-16T05:00:00", "date": "2025-12-16", "hour": 5}}, {"type": "Feature", "geometry": {"type": "Point", "coordinates": [6.0, 54.5]}, "properties": {"value": 1.276, "time": "2025-12-16T05:00:00", "date": "2025-12-16", "hour": 5}}, {"type": "Feature", "geometry": {"type": "Point", "coordinates": [6.5, 54.5]}, "properties": {"value": 1.246, "time": "2025-12-16T05:00:00", "date": "2025-12-16", "hour": 5}}, {"type": "Feature", "geometry": {"type": "Point", "coordinates": [7.0, 54.5]}, "properties": {"value": 1.206, "time": "2025-12-16T05:00:00", "date": "2025-12-16", "hour": 5}}, {"type": "Feature", "geometry": {"type": "Point", "coordinates": [7.5, 54.5]}, "properties": {"value": 1.137, "time": "2025-12-16T05:00:00", "date": "2025-12-16", "hour": 5}}, {"type": "Feature", "geometry": {"type": "Point", "coordinates": [8.0, 54.5]}, "properties": {"value": 1.049, "time": "2025-12-16T05:00:00", "date": "2025-12-16", "hour": 5}}, {"type": "Feature", "geometry": {"type": "Point", "coordinates": [8.5, 54.5]}, "properties": {"value": 0.817, "time": "2025-12-16T05:00:00", "date": "2025-12-16", "hour": 5}}, {"type": "Feature", "geometry": {"type": "Point", "coordinates": [11.0, 54.5]}, "properties": {"value": 0.476, "time": "2025-12-16T05:00:00", "date": "2025-12-16", "hour": 5}}, {"type": "Feature", "geometry": {"type": "Point", "coordinates": [11.5, 54.5]}, "properties": {"value": 0.466, "time": "2025-12-16T05:00:00", "date": "2025-12-16", "hour": 5}}, {"type": "Feature", "geometry": {"type": "Point", "coordinates": [12.0, 54.5]}, "properties": {"value": 0.364, "time": "2025-12-16T05:00:00", "date": "2025-12-16", "hour": 5}}, {"type": "Feature", "geometry": {"type": "Point", "coordinates": [12.5, 54.5]}, "properties": {"value": 0.347, "time": "2025-12-16T05:00:00", "date": "2025-12-16", "hour": 5}}, {"type": "Feature", "geometry": {"type": "Point", "coordinates": [13.0, 54.5]}, "properties": {"value": 0.261, "time": "2025-12-16T05:00:00", "date": "2025-12-16", "hour": 5}}, {"type": "Feature", "geometry": {"type": "Point", "coordinates": [13.5, 54.5]}, "properties": {"value": 0.389, "time": "2025-12-16T05:00:00", "date": "2025-12-16", "hour": 5}}, {"type": "Feature", "geometry": {"type": "Point", "coordinates": [14.0, 54.5]}, "properties": {"value": 0.55, "time": "2025-12-16T05:00:00", "date": "2025-12-16", "hour": 5}}, {"type": "Feature", "geometry": {"type": "Point", "coordinates": [14.5, 54.5]}, "properties": {"value": 0.693, "time": "2025-12-16T05:00:00", "date": "2025-12-16", "hour": 5}}, {"type": "Feature", "geometry": {"type": "Point", "coordinates": [15.0, 54.5]}, "properties": {"value": 0.756, "time": "2025-12-16T05:00:00", "date": "2025-12-16", "hour": 5}}, {"type": "Feature", "geometry": {"type": "Point", "coordinates": [5.0, 55.0]}, "properties": {"value": 1.512, "time": "2025-12-16T05:00:00", "date": "2025-12-16", "hour": 5}}, {"type": "Feature", "geometry": {"type": "Point", "coordinates": [5.5, 55.0]}, "properties": {"value": 1.499, "time": "2025-12-16T05:00:00", "date": "2025-12-16", "hour": 5}}, {"type": "Feature", "geometry": {"type": "Point", "coordinates": [6.0, 55.0]}, "properties": {"value": 1.493, "time": "2025-12-16T05:00:00", "date": "2025-12-16", "hour": 5}}, {"type": "Feature", "geometry": {"type": "Point", "coordinates": [6.5, 55.0]}, "properties": {"value": 1.484, "time": "2025-12-16T05:00:00", "date": "2025-12-16", "hour": 5}}, {"type": "Feature", "geometry": {"type": "Point", "coordinates": [7.0, 55.0]}, "properties": {"value": 1.457, "time": "2025-12-16T05:00:00", "date": "2025-12-16", "hour": 5}}, {"type": "Feature", "geometry": {"type": "Point", "coordinates": [7.5, 55.0]}, "properties": {"value": 1.376, "time": "2025-12-16T05:00:00", "date": "2025-12-16", "hour": 5}}, {"type": "Feature", "geometry": {"type": "Point", "coordinates": [8.0, 55.0]}, "properties": {"value": 1.237, "time": "2025-12-16T05:00:00", "date": "2025-12-16", "hour": 5}}, {"type": "Feature", "geometry": {"type": "Point", "coordinates": [8.5, 55.0]}, "properties": {"value": 0.991, "time": "2025-12-16T05:00:00", "date": "2025-12-16", "hour": 5}}, {"type": "Feature", "geometry": {"type": "Point", "coordinates": [10.0, 55.0]}, "properties": {"value": 0.192, "time": "2025-12-16T05:00:00", "date": "2025-12-16", "hour": 5}}, {"type": "Feature", "geometry": {"type": "Point", "coordinates": [10.5, 55.0]}, "properties": {"value": 0.321, "time": "2025-12-16T05:00:00", "date": "2025-12-16", "hour": 5}}, {"type": "Feature", "geometry": {"type": "Point", "coordinates": [11.0, 55.0]}, "properties": {"value": 0.385, "time": "2025-12-16T05:00:00", "date": "2025-12-16", "hour": 5}}, {"type": "Feature", "geometry": {"type": "Point", "coordinates": [11.5, 55.0]}, "properties": {"value": 0.401, "time": "2025-12-16T05:00:00", "date": "2025-12-16", "hour": 5}}, {"type": "Feature", "geometry": {"type": "Point", "coordinates": [12.5, 55.0]}, "properties": {"value": 0.492, "time": "2025-12-16T05:00:00", "date": "2025-12-16", "hour": 5}}, {"type": "Feature", "geometry": {"type": "Point", "coordinates": [13.0, 55.0]}, "properties": {"value": 0.522, "time": "2025-12-16T05:00:00", "date": "2025-12-16", "hour": 5}}, {"type": "Feature", "geometry": {"type": "Point", "coordinates": [13.5, 55.0]}, "properties": {"value": 0.565, "time": "2025-12-16T05:00:00", "date": "2025-12-16", "hour": 5}}, {"type": "Feature", "geometry": {"type": "Point", "coordinates": [14.0, 55.0]}, "properties": {"value": 0.644, "time": "2025-12-16T05:00:00", "date": "2025-12-16", "hour": 5}}, {"type": "Feature", "geometry": {"type": "Point", "coordinates": [14.5, 55.0]}, "properties": {"value": 0.744, "time": "2025-12-16T05:00:00", "date": "2025-12-16", "hour": 5}}, {"type": "Feature", "geometry": {"type": "Point", "coordinates": [15.0, 55.0]}, "properties": {"value": 0.816, "time": "2025-12-16T05:00:00", "date": "2025-12-16", "hour": 5}}, {"type": "Feature", "geometry": {"type": "Point", "coordinates": [5.0, 53.0]}, "properties": {"value": 0.676, "time": "2025-12-16T06:00:00", "date": "2025-12-16", "hour": 6}}, {"type": "Feature", "geometry": {"type": "Point", "coordinates": [5.0, 53.5]}, "properties": {"value": 0.858, "time": "2025-12-16T06:00:00", "date": "2025-12-16", "hour": 6}}, {"type": "Feature", "geometry": {"type": "Point", "coordinates": [5.5, 53.5]}, "properties": {"value": 0.745, "time": "2025-12-16T06:00:00", "date": "2025-12-16", "hour": 6}}, {"type": "Feature", "geometry": {"type": "Point", "coordinates": [6.0, 53.5]}, "properties": {"value": 0.662, "time": "2025-12-16T06:00:00", "date": "2025-12-16", "hour": 6}}, {"type": "Feature", "geometry": {"type": "Point", "coordinates": [7.0, 53.5]}, "properties": {"value": 0.488, "time": "2025-12-16T06:00:00", "date": "2025-12-16", "hour": 6}}, {"type": "Feature", "geometry": {"type": "Point", "coordinates": [7.5, 53.5]}, "properties": {"value": 0.328, "time": "2025-12-16T06:00:00", "date": "2025-12-16", "hour": 6}}, {"type": "Feature", "geometry": {"type": "Point", "coordinates": [8.5, 53.5]}, "properties": {"value": 0.195, "time": "2025-12-16T06:00:00", "date": "2025-12-16", "hour": 6}}, {"type": "Feature", "geometry": {"type": "Point", "coordinates": [5.0, 54.0]}, "properties": {"value": 1.14, "time": "2025-12-16T06:00:00", "date": "2025-12-16", "hour": 6}}, {"type": "Feature", "geometry": {"type": "Point", "coordinates": [5.5, 54.0]}, "properties": {"value": 1.061, "time": "2025-12-16T06:00:00", "date": "2025-12-16", "hour": 6}}, {"type": "Feature", "geometry": {"type": "Point", "coordinates": [6.0, 54.0]}, "properties": {"value": 0.97, "time": "2025-12-16T06:00:00", "date": "2025-12-16", "hour": 6}}, {"type": "Feature", "geometry": {"type": "Point", "coordinates": [6.5, 54.0]}, "properties": {"value": 0.9, "time": "2025-12-16T06:00:00", "date": "2025-12-16", "hour": 6}}, {"type": "Feature", "geometry": {"type": "Point", "coordinates": [7.0, 54.0]}, "properties": {"value": 0.837, "time": "2025-12-16T06:00:00", "date": "2025-12-16", "hour": 6}}, {"type": "Feature", "geometry": {"type": "Point", "coordinates": [7.5, 54.0]}, "properties": {"value": 0.784, "time": "2025-12-16T06:00:00", "date": "2025-12-16", "hour": 6}}, {"type": "Feature", "geometry": {"type": "Point", "coordinates": [8.0, 54.0]}, "properties": {"value": 0.747, "time": "2025-12-16T06:00:00", "date": "2025-12-16", "hour": 6}}, {"type": "Feature", "geometry": {"type": "Point", "coordinates": [8.5, 54.0]}, "properties": {"value": 0.656, "time": "2025-12-16T06:00:00", "date": "2025-12-16", "hour": 6}}, {"type": "Feature", "geometry": {"type": "Point", "coordinates": [11.0, 54.0]}, "properties": {"value": 0.164, "time": "2025-12-16T06:00:00", "date": "2025-12-16", "hour": 6}}, {"type": "Feature", "geometry": {"type": "Point", "coordinates": [14.0, 54.0]}, "properties": {"value": 0.284, "time": "2025-12-16T06:00:00", "date": "2025-12-16", "hour": 6}}, {"type": "Feature", "geometry": {"type": "Point", "coordinates": [14.5, 54.0]}, "properties": {"value": 0.385, "time": "2025-12-16T06:00:00", "date": "2025-12-16", "hour": 6}}, {"type": "Feature", "geometry": {"type": "Point", "coordinates": [15.0, 54.0]}, "properties": {"value": 0.432, "time": "2025-12-16T06:00:00", "date": "2025-12-16", "hour": 6}}, {"type": "Feature", "geometry": {"type": "Point", "coordinates": [5.0, 54.5]}, "properties": {"value": 1.297, "time": "2025-12-16T06:00:00", "date": "2025-12-16", "hour": 6}}, {"type": "Feature", "geometry": {"type": "Point", "coordinates": [5.5, 54.5]}, "properties": {"value": 1.258, "time": "2025-12-16T06:00:00", "date": "2025-12-16", "hour": 6}}, {"type": "Feature", "geometry": {"type": "Point", "coordinates": [6.0, 54.5]}, "properties": {"value": 1.22, "time": "2025-12-16T06:00:00", "date": "2025-12-16", "hour": 6}}, {"type": "Feature", "geometry": {"type": "Point", "coordinates": [6.5, 54.5]}, "properties": {"value": 1.188, "time": "2025-12-16T06:00:00", "date": "2025-12-16", "hour": 6}}, {"type": "Feature", "geometry": {"type": "Point", "coordinates": [7.0, 54.5]}, "properties": {"value": 1.149, "time": "2025-12-16T06:00:00", "date": "2025-12-16", "hour": 6}}, {"type": "Feature", "geometry": {"type": "Point", "coordinates": [7.5, 54.5]}, "properties": {"value": 1.084, "time": "2025-12-16T06:00:00", "date": "2025-12-16", "hour": 6}}, {"type": "Feature", "geometry": {"type": "Point", "coordinates": [8.0, 54.5]}, "properties": {"value": 1.005, "time": "2025-12-16T06:00:00", "date": "2025-12-16", "hour": 6}}, {"type": "Feature", "geometry": {"type": "Point", "coordinates": [8.5, 54.5]}, "properties": {"value": 0.786, "time": "2025-12-16T06:00:00", "date": "2025-12-16", "hour": 6}}, {"type": "Feature", "geometry": {"type": "Point", "coordinates": [11.0, 54.5]}, "properties": {"value": 0.483, "time": "2025-12-16T06:00:00", "date": "2025-12-16", "hour": 6}}, {"type": "Feature", "geometry": {"type": "Point", "coordinates": [11.5, 54.5]}, "properties": {"value": 0.472, "time": "2025-12-16T06:00:00", "date": "2025-12-16", "hour": 6}}, {"type": "Feature", "geometry": {"type": "Point", "coordinates": [12.0, 54.5]}, "properties": {"value": 0.364, "time": "2025-12-16T06:00:00", "date": "2025-12-16", "hour": 6}}, {"type": "Feature", "geometry": {"type": "Point", "coordinates": [12.5, 54.5]}, "properties": {"value": 0.346, "time": "2025-12-16T06:00:00", "date": "2025-12-16", "hour": 6}}, {"type": "Feature", "geometry": {"type": "Point", "coordinates": [13.0, 54.5]}, "properties": {"value": 0.263, "time": "2025-12-16T06:00:00", "date": "2025-12-16", "hour": 6}}, {"type": "Feature", "geometry": {"type": "Point", "coordinates": [13.5, 54.5]}, "properties": {"value": 0.379, "time": "2025-12-16T06:00:00", "date": "2025-12-16", "hour": 6}}, {"type": "Feature", "geometry": {"type": "Point", "coordinates": [14.0, 54.5]}, "properties": {"value": 0.528, "time": "2025-12-16T06:00:00", "date": "2025-12-16", "hour": 6}}, {"type": "Feature", "geometry": {"type": "Point", "coordinates": [14.5, 54.5]}, "properties": {"value": 0.668, "time": "2025-12-16T06:00:00", "date": "2025-12-16", "hour": 6}}, {"type": "Feature", "geometry": {"type": "Point", "coordinates": [15.0, 54.5]}, "properties": {"value": 0.73, "time": "2025-12-16T06:00:00", "date": "2025-12-16", "hour": 6}}, {"type": "Feature", "geometry": {"type": "Point", "coordinates": [5.0, 55.0]}, "properties": {"value": 1.449, "time": "2025-12-16T06:00:00", "date": "2025-12-16", "hour": 6}}, {"type": "Feature", "geometry": {"type": "Point", "coordinates": [5.5, 55.0]}, "properties": {"value": 1.432, "time": "2025-12-16T06:00:00", "date": "2025-12-16", "hour": 6}}, {"type": "Feature", "geometry": {"type": "Point", "coordinates": [6.0, 55.0]}, "properties": {"value": 1.42, "time": "2025-12-16T06:00:00", "date": "2025-12-16", "hour": 6}}, {"type": "Feature", "geometry": {"type": "Point", "coordinates": [6.5, 55.0]}, "properties": {"value": 1.406, "time": "2025-12-16T06:00:00", "date": "2025-12-16", "hour": 6}}, {"type": "Feature", "geometry": {"type": "Point", "coordinates": [7.0, 55.0]}, "properties": {"value": 1.381, "time": "2025-12-16T06:00:00", "date": "2025-12-16", "hour": 6}}, {"type": "Feature", "geometry": {"type": "Point", "coordinates": [7.5, 55.0]}, "properties": {"value": 1.308, "time": "2025-12-16T06:00:00", "date": "2025-12-16", "hour": 6}}, {"type": "Feature", "geometry": {"type": "Point", "coordinates": [8.0, 55.0]}, "properties": {"value": 1.186, "time": "2025-12-16T06:00:00", "date": "2025-12-16", "hour": 6}}, {"type": "Feature", "geometry": {"type": "Point", "coordinates": [8.5, 55.0]}, "properties": {"value": 0.956, "time": "2025-12-16T06:00:00", "date": "2025-12-16", "hour": 6}}, {"type": "Feature", "geometry": {"type": "Point", "coordinates": [10.0, 55.0]}, "properties": {"value": 0.191, "time": "2025-12-16T06:00:00", "date": "2025-12-16", "hour": 6}}, {"type": "Feature", "geometry": {"type": "Point", "coordinates": [10.5, 55.0]}, "properties": {"value": 0.33, "time": "2025-12-16T06:00:00", "date": "2025-12-16", "hour": 6}}, {"type": "Feature", "geometry": {"type": "Point", "coordinates": [11.0, 55.0]}, "properties": {"value": 0.4, "time": "2025-12-16T06:00:00", "date": "2025-12-16", "hour": 6}}, {"type": "Feature", "geometry": {"type": "Point", "coordinates": [11.5, 55.0]}, "properties": {"value": 0.419, "time": "2025-12-16T06:00:00", "date": "2025-12-16", "hour": 6}}, {"type": "Feature", "geometry": {"type": "Point", "coordinates": [12.5, 55.0]}, "properties": {"value": 0.502, "time": "2025-12-16T06:00:00", "date": "2025-12-16", "hour": 6}}, {"type": "Feature", "geometry": {"type": "Point", "coordinates": [13.0, 55.0]}, "properties": {"value": 0.534, "time": "2025-12-16T06:00:00", "date": "2025-12-16", "hour": 6}}, {"type": "Feature", "geometry": {"type": "Point", "coordinates": [13.5, 55.0]}, "properties": {"value": 0.571, "time": "2025-12-16T06:00:00", "date": "2025-12-16", "hour": 6}}, {"type": "Feature", "geometry": {"type": "Point", "coordinates": [14.0, 55.0]}, "properties": {"value": 0.64, "time": "2025-12-16T06:00:00", "date": "2025-12-16", "hour": 6}}, {"type": "Feature", "geometry": {"type": "Point", "coordinates": [14.5, 55.0]}, "properties": {"value": 0.73, "time": "2025-12-16T06:00:00", "date": "2025-12-16", "hour": 6}}, {"type": "Feature", "geometry": {"type": "Point", "coordinates": [15.0, 55.0]}, "properties": {"value": 0.795, "time": "2025-12-16T06:00:00", "date": "2025-12-16", "hour": 6}}, {"type": "Feature", "geometry": {"type": "Point", "coordinates": [5.0, 53.0]}, "properties": {"value": 0.672, "time": "2025-12-16T07:00:00", "date": "2025-12-16", "hour": 7}}, {"type": "Feature", "geometry": {"type": "Point", "coordinates": [5.0, 53.5]}, "properties": {"value": 0.859, "time": "2025-12-16T07:00:00", "date": "2025-12-16", "hour": 7}}, {"type": "Feature", "geometry": {"type": "Point", "coordinates": [5.5, 53.5]}, "properties": {"value": 0.743, "time": "2025-12-16T07:00:00", "date": "2025-12-16", "hour": 7}}, {"type": "Feature", "geometry": {"type": "Point", "coordinates": [6.0, 53.5]}, "properties": {"value": 0.667, "time": "2025-12-16T07:00:00", "date": "2025-12-16", "hour": 7}}, {"type": "Feature", "geometry": {"type": "Point", "coordinates": [7.0, 53.5]}, "properties": {"value": 0.502, "time": "2025-12-16T07:00:00", "date": "2025-12-16", "hour": 7}}, {"type": "Feature", "geometry": {"type": "Point", "coordinates": [7.5, 53.5]}, "properties": {"value": 0.332, "time": "2025-12-16T07:00:00", "date": "2025-12-16", "hour": 7}}, {"type": "Feature", "geometry": {"type": "Point", "coordinates": [8.5, 53.5]}, "properties": {"value": 0.199, "time": "2025-12-16T07:00:00", "date": "2025-12-16", "hour": 7}}, {"type": "Feature", "geometry": {"type": "Point", "coordinates": [5.0, 54.0]}, "properties": {"value": 1.145, "time": "2025-12-16T07:00:00", "date": "2025-12-16", "hour": 7}}, {"type": "Feature", "geometry": {"type": "Point", "coordinates": [5.5, 54.0]}, "properties": {"value": 1.056, "time": "2025-12-16T07:00:00", "date": "2025-12-16", "hour": 7}}, {"type": "Feature", "geometry": {"type": "Point", "coordinates": [6.0, 54.0]}, "properties": {"value": 0.962, "time": "2025-12-16T07:00:00", "date": "2025-12-16", "hour": 7}}, {"type": "Feature", "geometry": {"type": "Point", "coordinates": [6.5, 54.0]}, "properties": {"value": 0.896, "time": "2025-12-16T07:00:00", "date": "2025-12-16", "hour": 7}}, {"type": "Feature", "geometry": {"type": "Point", "coordinates": [7.0, 54.0]}, "properties": {"value": 0.834, "time": "2025-12-16T07:00:00", "date": "2025-12-16", "hour": 7}}, {"type": "Feature", "geometry": {"type": "Point", "coordinates": [7.5, 54.0]}, "properties": {"value": 0.779, "time": "2025-12-16T07:00:00", "date": "2025-12-16", "hour": 7}}, {"type": "Feature", "geometry": {"type": "Point", "coordinates": [8.0, 54.0]}, "properties": {"value": 0.742, "time": "2025-12-16T07:00:00", "date": "2025-12-16", "hour": 7}}, {"type": "Feature", "geometry": {"type": "Point", "coordinates": [8.5, 54.0]}, "properties": {"value": 0.643, "time": "2025-12-16T07:00:00", "date": "2025-12-16", "hour": 7}}, {"type": "Feature", "geometry": {"type": "Point", "coordinates": [11.0, 54.0]}, "properties": {"value": 0.156, "time": "2025-12-16T07:00:00", "date": "2025-12-16", "hour": 7}}, {"type": "Feature", "geometry": {"type": "Point", "coordinates": [14.0, 54.0]}, "properties": {"value": 0.265, "time": "2025-12-16T07:00:00", "date": "2025-12-16", "hour": 7}}, {"type": "Feature", "geometry": {"type": "Point", "coordinates": [14.5, 54.0]}, "properties": {"value": 0.367, "time": "2025-12-16T07:00:00", "date": "2025-12-16", "hour": 7}}, {"type": "Feature", "geometry": {"type": "Point", "coordinates": [15.0, 54.0]}, "properties": {"value": 0.413, "time": "2025-12-16T07:00:00", "date": "2025-12-16", "hour": 7}}, {"type": "Feature", "geometry": {"type": "Point", "coordinates": [5.0, 54.5]}, "properties": {"value": 1.281, "time": "2025-12-16T07:00:00", "date": "2025-12-16", "hour": 7}}, {"type": "Feature", "geometry": {"type": "Point", "coordinates": [5.5, 54.5]}, "properties": {"value": 1.233, "time": "2025-12-16T07:00:00", "date": "2025-12-16", "hour": 7}}, {"type": "Feature", "geometry": {"type": "Point", "coordinates": [6.0, 54.5]}, "properties": {"value": 1.187, "time": "2025-12-16T07:00:00", "date": "2025-12-16", "hour": 7}}, {"type": "Feature", "geometry": {"type": "Point", "coordinates": [6.5, 54.5]}, "properties": {"value": 1.15, "time": "2025-12-16T07:00:00", "date": "2025-12-16", "hour": 7}}, {"type": "Feature", "geometry": {"type": "Point", "coordinates": [7.0, 54.5]}, "properties": {"value": 1.109, "time": "2025-12-16T07:00:00", "date": "2025-12-16", "hour": 7}}, {"type": "Feature", "geometry": {"type": "Point", "coordinates": [7.5, 54.5]}, "properties": {"value": 1.045, "time": "2025-12-16T07:00:00", "date": "2025-12-16", "hour": 7}}, {"type": "Feature", "geometry": {"type": "Point", "coordinates": [8.0, 54.5]}, "properties": {"value": 0.968, "time": "2025-12-16T07:00:00", "date": "2025-12-16", "hour": 7}}, {"type": "Feature", "geometry": {"type": "Point", "coordinates": [8.5, 54.5]}, "properties": {"value": 0.755, "time": "2025-12-16T07:00:00", "date": "2025-12-16", "hour": 7}}, {"type": "Feature", "geometry": {"type": "Point", "coordinates": [11.0, 54.5]}, "properties": {"value": 0.463, "time": "2025-12-16T07:00:00", "date": "2025-12-16", "hour": 7}}, {"type": "Feature", "geometry": {"type": "Point", "coordinates": [11.5, 54.5]}, "properties": {"value": 0.452, "time": "2025-12-16T07:00:00", "date": "2025-12-16", "hour": 7}}, {"type": "Feature", "geometry": {"type": "Point", "coordinates": [12.0, 54.5]}, "properties": {"value": 0.352, "time": "2025-12-16T07:00:00", "date": "2025-12-16", "hour": 7}}, {"type": "Feature", "geometry": {"type": "Point", "coordinates": [12.5, 54.5]}, "properties": {"value": 0.331, "time": "2025-12-16T07:00:00", "date": "2025-12-16", "hour": 7}}, {"type": "Feature", "geometry": {"type": "Point", "coordinates": [13.0, 54.5]}, "properties": {"value": 0.255, "time": "2025-12-16T07:00:00", "date": "2025-12-16", "hour": 7}}, {"type": "Feature", "geometry": {"type": "Point", "coordinates": [13.5, 54.5]}, "properties": {"value": 0.358, "time": "2025-12-16T07:00:00", "date": "2025-12-16", "hour": 7}}, {"type": "Feature", "geometry": {"type": "Point", "coordinates": [14.0, 54.5]}, "properties": {"value": 0.497, "time": "2025-12-16T07:00:00", "date": "2025-12-16", "hour": 7}}, {"type": "Feature", "geometry": {"type": "Point", "coordinates": [14.5, 54.5]}, "properties": {"value": 0.636, "time": "2025-12-16T07:00:00", "date": "2025-12-16", "hour": 7}}, {"type": "Feature", "geometry": {"type": "Point", "coordinates": [15.0, 54.5]}, "properties": {"value": 0.699, "time": "2025-12-16T07:00:00", "date": "2025-12-16", "hour": 7}}, {"type": "Feature", "geometry": {"type": "Point", "coordinates": [5.0, 55.0]}, "properties": {"value": 1.399, "time": "2025-12-16T07:00:00", "date": "2025-12-16", "hour": 7}}, {"type": "Feature", "geometry": {"type": "Point", "coordinates": [5.5, 55.0]}, "properties": {"value": 1.376, "time": "2025-12-16T07:00:00", "date": "2025-12-16", "hour": 7}}, {"type": "Feature", "geometry": {"type": "Point", "coordinates": [6.0, 55.0]}, "properties": {"value": 1.358, "time": "2025-12-16T07:00:00", "date": "2025-12-16", "hour": 7}}, {"type": "Feature", "geometry": {"type": "Point", "coordinates": [6.5, 55.0]}, "properties": {"value": 1.338, "time": "2025-12-16T07:00:00", "date": "2025-12-16", "hour": 7}}, {"type": "Feature", "geometry": {"type": "Point", "coordinates": [7.0, 55.0]}, "properties": {"value": 1.311, "time": "2025-12-16T07:00:00", "date": "2025-12-16", "hour": 7}}, {"type": "Feature", "geometry": {"type": "Point", "coordinates": [7.5, 55.0]}, "properties": {"value": 1.242, "time": "2025-12-16T07:00:00", "date": "2025-12-16", "hour": 7}}, {"type": "Feature", "geometry": {"type": "Point", "coordinates": [8.0, 55.0]}, "properties": {"value": 1.127, "time": "2025-12-16T07:00:00", "date": "2025-12-16", "hour": 7}}, {"type": "Feature", "geometry": {"type": "Point", "coordinates": [8.5, 55.0]}, "properties": {"value": 0.91, "time": "2025-12-16T07:00:00", "date": "2025-12-16", "hour": 7}}, {"type": "Feature", "geometry": {"type": "Point", "coordinates": [10.0, 55.0]}, "properties": {"value": 0.18, "time": "2025-12-16T07:00:00", "date": "2025-12-16", "hour": 7}}, {"type": "Feature", "geometry": {"type": "Point", "coordinates": [10.5, 55.0]}, "properties": {"value": 0.318, "time": "2025-12-16T07:00:00", "date": "2025-12-16", "hour": 7}}, {"type": "Feature", "geometry": {"type": "Point", "coordinates": [11.0, 55.0]}, "properties": {"value": 0.39, "time": "2025-12-16T07:00:00", "date": "2025-12-16", "hour": 7}}, {"type": "Feature", "geometry": {"type": "Point", "coordinates": [11.5, 55.0]}, "properties": {"value": 0.411, "time": "2025-12-16T07:00:00", "date": "2025-12-16", "hour": 7}}, {"type": "Feature", "geometry": {"type": "Point", "coordinates": [12.5, 55.0]}, "properties": {"value": 0.494, "time": "2025-12-16T07:00:00", "date": "2025-12-16", "hour": 7}}, {"type": "Feature", "geometry": {"type": "Point", "coordinates": [13.0, 55.0]}, "properties": {"value": 0.528, "time": "2025-12-16T07:00:00", "date": "2025-12-16", "hour": 7}}, {"type": "Feature", "geometry": {"type": "Point", "coordinates": [13.5, 55.0]}, "properties": {"value": 0.564, "time": "2025-12-16T07:00:00", "date": "2025-12-16", "hour": 7}}, {"type": "Feature", "geometry": {"type": "Point", "coordinates": [14.0, 55.0]}, "properties": {"value": 0.63, "time": "2025-12-16T07:00:00", "date": "2025-12-16", "hour": 7}}, {"type": "Feature", "geometry": {"type": "Point", "coordinates": [14.5, 55.0]}, "properties": {"value": 0.714, "time": "2025-12-16T07:00:00", "date": "2025-12-16", "hour": 7}}, {"type": "Feature", "geometry": {"type": "Point", "coordinates": [15.0, 55.0]}, "properties": {"value": 0.772, "time": "2025-12-16T07:00:00", "date": "2025-12-16", "hour": 7}}, {"type": "Feature", "geometry": {"type": "Point", "coordinates": [5.0, 53.0]}, "properties": {"value": 0.666, "time": "2025-12-16T08:00:00", "date": "2025-12-16", "hour": 8}}, {"type": "Feature", "geometry": {"type": "Point", "coordinates": [5.0, 53.5]}, "properties": {"value": 0.852, "time": "2025-12-16T08:00:00", "date": "2025-12-16", "hour": 8}}, {"type": "Feature", "geometry": {"type": "Point", "coordinates": [5.5, 53.5]}, "properties": {"value": 0.742, "time": "2025-12-16T08:00:00", "date": "2025-12-16", "hour": 8}}, {"type": "Feature", "geometry": {"type": "Point", "coordinates": [6.0, 53.5]}, "properties": {"value": 0.67, "time": "2025-12-16T08:00:00", "date": "2025-12-16", "hour": 8}}, {"type": "Feature", "geometry": {"type": "Point", "coordinates": [7.0, 53.5]}, "properties": {"value": 0.515, "time": "2025-12-16T08:00:00", "date": "2025-12-16", "hour": 8}}, {"type": "Feature", "geometry": {"type": "Point", "coordinates": [7.5, 53.5]}, "properties": {"value": 0.333, "time": "2025-12-16T08:00:00", "date": "2025-12-16", "hour": 8}}, {"type": "Feature", "geometry": {"type": "Point", "coordinates": [8.5, 53.5]}, "properties": {"value": 0.203, "time": "2025-12-16T08:00:00", "date": "2025-12-16", "hour": 8}}, {"type": "Feature", "geometry": {"type": "Point", "coordinates": [5.0, 54.0]}, "properties": {"value": 1.134, "time": "2025-12-16T08:00:00", "date": "2025-12-16", "hour": 8}}, {"type": "Feature", "geometry": {"type": "Point", "coordinates": [5.5, 54.0]}, "properties": {"value": 1.049, "time": "2025-12-16T08:00:00", "date": "2025-12-16", "hour": 8}}, {"type": "Feature", "geometry": {"type": "Point", "coordinates": [6.0, 54.0]}, "properties": {"value": 0.96, "time": "2025-12-16T08:00:00", "date": "2025-12-16", "hour": 8}}, {"type": "Feature", "geometry": {"type": "Point", "coordinates": [6.5, 54.0]}, "properties": {"value": 0.903, "time": "2025-12-16T08:00:00", "date": "2025-12-16", "hour": 8}}, {"type": "Feature", "geometry": {"type": "Point", "coordinates": [7.0, 54.0]}, "properties": {"value": 0.846, "time": "2025-12-16T08:00:00", "date": "2025-12-16", "hour": 8}}, {"type": "Feature", "geometry": {"type": "Point", "coordinates": [7.5, 54.0]}, "properties": {"value": 0.791, "time": "2025-12-16T08:00:00", "date": "2025-12-16", "hour": 8}}, {"type": "Feature", "geometry": {"type": "Point", "coordinates": [8.0, 54.0]}, "properties": {"value": 0.757, "time": "2025-12-16T08:00:00", "date": "2025-12-16", "hour": 8}}, {"type": "Feature", "geometry": {"type": "Point", "coordinates": [8.5, 54.0]}, "properties": {"value": 0.647, "time": "2025-12-16T08:00:00", "date": "2025-12-16", "hour": 8}}, {"type": "Feature", "geometry": {"type": "Point", "coordinates": [11.0, 54.0]}, "properties": {"value": 0.163, "time": "2025-12-16T08:00:00", "date": "2025-12-16", "hour": 8}}, {"type": "Feature", "geometry": {"type": "Point", "coordinates": [14.0, 54.0]}, "properties": {"value": 0.261, "time": "2025-12-16T08:00:00", "date": "2025-12-16", "hour": 8}}, {"type": "Feature", "geometry": {"type": "Point", "coordinates": [14.5, 54.0]}, "properties": {"value": 0.36, "time": "2025-12-16T08:00:00", "date": "2025-12-16", "hour": 8}}, {"type": "Feature", "geometry": {"type": "Point", "coordinates": [15.0, 54.0]}, "properties": {"value": 0.407, "time": "2025-12-16T08:00:00", "date": "2025-12-16", "hour": 8}}, {"type": "Feature", "geometry": {"type": "Point", "coordinates": [5.0, 54.5]}, "properties": {"value": 1.274, "time": "2025-12-16T08:00:00", "date": "2025-12-16", "hour": 8}}, {"type": "Feature", "geometry": {"type": "Point", "coordinates": [5.5, 54.5]}, "properties": {"value": 1.223, "time": "2025-12-16T08:00:00", "date": "2025-12-16", "hour": 8}}, {"type": "Feature", "geometry": {"type": "Point", "coordinates": [6.0, 54.5]}, "properties": {"value": 1.175, "time": "2025-12-16T08:00:00", "date": "2025-12-16", "hour": 8}}, {"type": "Feature", "geometry": {"type": "Point", "coordinates": [6.5, 54.5]}, "properties": {"value": 1.141, "time": "2025-12-16T08:00:00", "date": "2025-12-16", "hour": 8}}, {"type": "Feature", "geometry": {"type": "Point", "coordinates": [7.0, 54.5]}, "properties": {"value": 1.099, "time": "2025-12-16T08:00:00", "date": "2025-12-16", "hour": 8}}, {"type": "Feature", "geometry": {"type": "Point", "coordinates": [7.5, 54.5]}, "properties": {"value": 1.038, "time": "2025-12-16T08:00:00", "date": "2025-12-16", "hour": 8}}, {"type": "Feature", "geometry": {"type": "Point", "coordinates": [8.0, 54.5]}, "properties": {"value": 0.964, "time": "2025-12-16T08:00:00", "date": "2025-12-16", "hour": 8}}, {"type": "Feature", "geometry": {"type": "Point", "coordinates": [8.5, 54.5]}, "properties": {"value": 0.74, "time": "2025-12-16T08:00:00", "date": "2025-12-16", "hour": 8}}, {"type": "Feature", "geometry": {"type": "Point", "coordinates": [11.0, 54.5]}, "properties": {"value": 0.448, "time": "2025-12-16T08:00:00", "date": "2025-12-16", "hour": 8}}, {"type": "Feature", "geometry": {"type": "Point", "coordinates": [11.5, 54.5]}, "properties": {"value": 0.433, "time": "2025-12-16T08:00:00", "date": "2025-12-16", "hour": 8}}, {"type": "Feature", "geometry": {"type": "Point", "coordinates": [12.0, 54.5]}, "properties": {"value": 0.34, "time": "2025-12-16T08:00:00", "date": "2025-12-16", "hour": 8}}, {"type": "Feature", "geometry": {"type": "Point", "coordinates": [12.5, 54.5]}, "properties": {"value": 0.316, "time": "2025-12-16T08:00:00", "date": "2025-12-16", "hour": 8}}, {"type": "Feature", "geometry": {"type": "Point", "coordinates": [13.0, 54.5]}, "properties": {"value": 0.247, "time": "2025-12-16T08:00:00", "date": "2025-12-16", "hour": 8}}, {"type": "Feature", "geometry": {"type": "Point", "coordinates": [13.5, 54.5]}, "properties": {"value": 0.342, "time": "2025-12-16T08:00:00", "date": "2025-12-16", "hour": 8}}, {"type": "Feature", "geometry": {"type": "Point", "coordinates": [14.0, 54.5]}, "properties": {"value": 0.476, "time": "2025-12-16T08:00:00", "date": "2025-12-16", "hour": 8}}, {"type": "Feature", "geometry": {"type": "Point", "coordinates": [14.5, 54.5]}, "properties": {"value": 0.615, "time": "2025-12-16T08:00:00", "date": "2025-12-16", "hour": 8}}, {"type": "Feature", "geometry": {"type": "Point", "coordinates": [15.0, 54.5]}, "properties": {"value": 0.681, "time": "2025-12-16T08:00:00", "date": "2025-12-16", "hour": 8}}, {"type": "Feature", "geometry": {"type": "Point", "coordinates": [5.0, 55.0]}, "properties": {"value": 1.37, "time": "2025-12-16T08:00:00", "date": "2025-12-16", "hour": 8}}, {"type": "Feature", "geometry": {"type": "Point", "coordinates": [5.5, 55.0]}, "properties": {"value": 1.341, "time": "2025-12-16T08:00:00", "date": "2025-12-16", "hour": 8}}, {"type": "Feature", "geometry": {"type": "Point", "coordinates": [6.0, 55.0]}, "properties": {"value": 1.32, "time": "2025-12-16T08:00:00", "date": "2025-12-16", "hour": 8}}, {"type": "Feature", "geometry": {"type": "Point", "coordinates": [6.5, 55.0]}, "properties": {"value": 1.297, "time": "2025-12-16T08:00:00", "date": "2025-12-16", "hour": 8}}, {"type": "Feature", "geometry": {"type": "Point", "coordinates": [7.0, 55.0]}, "properties": {"value": 1.264, "time": "2025-12-16T08:00:00", "date": "2025-12-16", "hour": 8}}, {"type": "Feature", "geometry": {"type": "Point", "coordinates": [7.5, 55.0]}, "properties": {"value": 1.198, "time": "2025-12-16T08:00:00", "date": "2025-12-16", "hour": 8}}, {"type": "Feature", "geometry": {"type": "Point", "coordinates": [8.0, 55.0]}, "properties": {"value": 1.089, "time": "2025-12-16T08:00:00", "date": "2025-12-16", "hour": 8}}, {"type": "Feature", "geometry": {"type": "Point", "coordinates": [8.5, 55.0]}, "properties": {"value": 0.878, "time": "2025-12-16T08:00:00", "date": "2025-12-16", "hour": 8}}, {"type": "Feature", "geometry": {"type": "Point", "coordinates": [10.0, 55.0]}, "properties": {"value": 0.171, "time": "2025-12-16T08:00:00", "date": "2025-12-16", "hour": 8}}, {"type": "Feature", "geometry": {"type": "Point", "coordinates": [10.5, 55.0]}, "properties": {"value": 0.305, "time": "2025-12-16T08:00:00", "date": "2025-12-16", "hour": 8}}, {"type": "Feature", "geometry": {"type": "Point", "coordinates": [11.0, 55.0]}, "properties": {"value": 0.373, "time": "2025-12-16T08:00:00", "date": "2025-12-16", "hour": 8}}, {"type": "Feature", "geometry": {"type": "Point", "coordinates": [11.5, 55.0]}, "properties": {"value": 0.393, "time": "2025-12-16T08:00:00", "date": "2025-12-16", "hour": 8}}, {"type": "Feature", "geometry": {"type": "Point", "coordinates": [12.5, 55.0]}, "properties": {"value": 0.47, "time": "2025-12-16T08:00:00", "date": "2025-12-16", "hour": 8}}, {"type": "Feature", "geometry": {"type": "Point", "coordinates": [13.0, 55.0]}, "properties": {"value": 0.507, "time": "2025-12-16T08:00:00", "date": "2025-12-16", "hour": 8}}, {"type": "Feature", "geometry": {"type": "Point", "coordinates": [13.5, 55.0]}, "properties": {"value": 0.544, "time": "2025-12-16T08:00:00", "date": "2025-12-16", "hour": 8}}, {"type": "Feature", "geometry": {"type": "Point", "coordinates": [14.0, 55.0]}, "properties": {"value": 0.611, "time": "2025-12-16T08:00:00", "date": "2025-12-16", "hour": 8}}, {"type": "Feature", "geometry": {"type": "Point", "coordinates": [14.5, 55.0]}, "properties": {"value": 0.697, "time": "2025-12-16T08:00:00", "date": "2025-12-16", "hour": 8}}, {"type": "Feature", "geometry": {"type": "Point", "coordinates": [15.0, 55.0]}, "properties": {"value": 0.759, "time": "2025-12-16T08:00:00", "date": "2025-12-16", "hour": 8}}, {"type": "Feature", "geometry": {"type": "Point", "coordinates": [5.0, 53.0]}, "properties": {"value": 0.674, "time": "2025-12-16T09:00:00", "date": "2025-12-16", "hour": 9}}, {"type": "Feature", "geometry": {"type": "Point", "coordinates": [5.0, 53.5]}, "properties": {"value": 0.853, "time": "2025-12-16T09:00:00", "date": "2025-12-16", "hour": 9}}, {"type": "Feature", "geometry": {"type": "Point", "coordinates": [5.5, 53.5]}, "properties": {"value": 0.755, "time": "2025-12-16T09:00:00", "date": "2025-12-16", "hour": 9}}, {"type": "Feature", "geometry": {"type": "Point", "coordinates": [6.0, 53.5]}, "properties": {"value": 0.677, "time": "2025-12-16T09:00:00", "date": "2025-12-16", "hour": 9}}, {"type": "Feature", "geometry": {"type": "Point", "coordinates": [7.0, 53.5]}, "properties": {"value": 0.525, "time": "2025-12-16T09:00:00", "date": "2025-12-16", "hour": 9}}, {"type": "Feature", "geometry": {"type": "Point", "coordinates": [7.5, 53.5]}, "properties": {"value": 0.338, "time": "2025-12-16T09:00:00", "date": "2025-12-16", "hour": 9}}, {"type": "Feature", "geometry": {"type": "Point", "coordinates": [8.5, 53.5]}, "properties": {"value": 0.203, "time": "2025-12-16T09:00:00", "date": "2025-12-16", "hour": 9}}, {"type": "Feature", "geometry": {"type": "Point", "coordinates": [5.0, 54.0]}, "properties": {"value": 1.116, "time": "2025-12-16T09:00:00", "date": "2025-12-16", "hour": 9}}, {"type": "Feature", "geometry": {"type": "Point", "coordinates": [5.5, 54.0]}, "properties": {"value": 1.043, "time": "2025-12-16T09:00:00", "date": "2025-12-16", "hour": 9}}, {"type": "Feature", "geometry": {"type": "Point", "coordinates": [6.0, 54.0]}, "properties": {"value": 0.961, "time": "2025-12-16T09:00:00", "date": "2025-12-16", "hour": 9}}, {"type": "Feature", "geometry": {"type": "Point", "coordinates": [6.5, 54.0]}, "properties": {"value": 0.907, "time": "2025-12-16T09:00:00", "date": "2025-12-16", "hour": 9}}, {"type": "Feature", "geometry": {"type": "Point", "coordinates": [7.0, 54.0]}, "properties": {"value": 0.851, "time": "2025-12-16T09:00:00", "date": "2025-12-16", "hour": 9}}, {"type": "Feature", "geometry": {"type": "Point", "coordinates": [7.5, 54.0]}, "properties": {"value": 0.796, "time": "2025-12-16T09:00:00", "date": "2025-12-16", "hour": 9}}, {"type": "Feature", "geometry": {"type": "Point", "coordinates": [8.0, 54.0]}, "properties": {"value": 0.758, "time": "2025-12-16T09:00:00", "date": "2025-12-16", "hour": 9}}, {"type": "Feature", "geometry": {"type": "Point", "coordinates": [8.5, 54.0]}, "properties": {"value": 0.64, "time": "2025-12-16T09:00:00", "date": "2025-12-16", "hour": 9}}, {"type": "Feature", "geometry": {"type": "Point", "coordinates": [11.0, 54.0]}, "properties": {"value": 0.165, "time": "2025-12-16T09:00:00", "date": "2025-12-16", "hour": 9}}, {"type": "Feature", "geometry": {"type": "Point", "coordinates": [14.0, 54.0]}, "properties": {"value": 0.262, "time": "2025-12-16T09:00:00", "date": "2025-12-16", "hour": 9}}, {"type": "Feature", "geometry": {"type": "Point", "coordinates": [14.5, 54.0]}, "properties": {"value": 0.357, "time": "2025-12-16T09:00:00", "date": "2025-12-16", "hour": 9}}, {"type": "Feature", "geometry": {"type": "Point", "coordinates": [15.0, 54.0]}, "properties": {"value": 0.401, "time": "2025-12-16T09:00:00", "date": "2025-12-16", "hour": 9}}, {"type": "Feature", "geometry": {"type": "Point", "coordinates": [5.0, 54.5]}, "properties": {"value": 1.246, "time": "2025-12-16T09:00:00", "date": "2025-12-16", "hour": 9}}, {"type": "Feature", "geometry": {"type": "Point", "coordinates": [5.5, 54.5]}, "properties": {"value": 1.204, "time": "2025-12-16T09:00:00", "date": "2025-12-16", "hour": 9}}, {"type": "Feature", "geometry": {"type": "Point", "coordinates": [6.0, 54.5]}, "properties": {"value": 1.165, "time": "2025-12-16T09:00:00", "date": "2025-12-16", "hour": 9}}, {"type": "Feature", "geometry": {"type": "Point", "coordinates": [6.5, 54.5]}, "properties": {"value": 1.135, "time": "2025-12-16T09:00:00", "date": "2025-12-16", "hour": 9}}, {"type": "Feature", "geometry": {"type": "Point", "coordinates": [7.0, 54.5]}, "properties": {"value": 1.095, "time": "2025-12-16T09:00:00", "date": "2025-12-16", "hour": 9}}, {"type": "Feature", "geometry": {"type": "Point", "coordinates": [7.5, 54.5]}, "properties": {"value": 1.032, "time": "2025-12-16T09:00:00", "date": "2025-12-16", "hour": 9}}, {"type": "Feature", "geometry": {"type": "Point", "coordinates": [8.0, 54.5]}, "properties": {"value": 0.959, "time": "2025-12-16T09:00:00", "date": "2025-12-16", "hour": 9}}, {"type": "Feature", "geometry": {"type": "Point", "coordinates": [8.5, 54.5]}, "properties": {"value": 0.73, "time": "2025-12-16T09:00:00", "date": "2025-12-16", "hour": 9}}, {"type": "Feature", "geometry": {"type": "Point", "coordinates": [11.0, 54.5]}, "properties": {"value": 0.444, "time": "2025-12-16T09:00:00", "date": "2025-12-16", "hour": 9}}, {"type": "Feature", "geometry": {"type": "Point", "coordinates": [11.5, 54.5]}, "properties": {"value": 0.425, "time": "2025-12-16T09:00:00", "date": "2025-12-16", "hour": 9}}, {"type": "Feature", "geometry": {"type": "Point", "coordinates": [12.0, 54.5]}, "properties": {"value": 0.332, "time": "2025-12-16T09:00:00", "date": "2025-12-16", "hour": 9}}, {"type": "Feature", "geometry": {"type": "Point", "coordinates": [12.5, 54.5]}, "properties": {"value": 0.308, "time": "2025-12-16T09:00:00", "date": "2025-12-16", "hour": 9}}, {"type": "Feature", "geometry": {"type": "Point", "coordinates": [13.0, 54.5]}, "properties": {"value": 0.242, "time": "2025-12-16T09:00:00", "date": "2025-12-16", "hour": 9}}, {"type": "Feature", "geometry": {"type": "Point", "coordinates": [13.5, 54.5]}, "properties": {"value": 0.337, "time": "2025-12-16T09:00:00", "date": "2025-12-16", "hour": 9}}, {"type": "Feature", "geometry": {"type": "Point", "coordinates": [14.0, 54.5]}, "properties": {"value": 0.475, "time": "2025-12-16T09:00:00", "date": "2025-12-16", "hour": 9}}, {"type": "Feature", "geometry": {"type": "Point", "coordinates": [14.5, 54.5]}, "properties": {"value": 0.607, "time": "2025-12-16T09:00:00", "date": "2025-12-16", "hour": 9}}, {"type": "Feature", "geometry": {"type": "Point", "coordinates": [15.0, 54.5]}, "properties": {"value": 0.671, "time": "2025-12-16T09:00:00", "date": "2025-12-16", "hour": 9}}, {"type": "Feature", "geometry": {"type": "Point", "coordinates": [5.0, 55.0]}, "properties": {"value": 1.337, "time": "2025-12-16T09:00:00", "date": "2025-12-16", "hour": 9}}, {"type": "Feature", "geometry": {"type": "Point", "coordinates": [5.5, 55.0]}, "properties": {"value": 1.311, "time": "2025-12-16T09:00:00", "date": "2025-12-16", "hour": 9}}, {"type": "Feature", "geometry": {"type": "Point", "coordinates": [6.0, 55.0]}, "properties": {"value": 1.294, "time": "2025-12-16T09:00:00", "date": "2025-12-16", "hour": 9}}, {"type": "Feature", "geometry": {"type": "Point", "coordinates": [6.5, 55.0]}, "properties": {"value": 1.274, "time": "2025-12-16T09:00:00", "date": "2025-12-16", "hour": 9}}, {"type": "Feature", "geometry": {"type": "Point", "coordinates": [7.0, 55.0]}, "properties": {"value": 1.239, "time": "2025-12-16T09:00:00", "date": "2025-12-16", "hour": 9}}, {"type": "Feature", "geometry": {"type": "Point", "coordinates": [7.5, 55.0]}, "properties": {"value": 1.174, "time": "2025-12-16T09:00:00", "date": "2025-12-16", "hour": 9}}, {"type": "Feature", "geometry": {"type": "Point", "coordinates": [8.0, 55.0]}, "properties": {"value": 1.067, "time": "2025-12-16T09:00:00", "date": "2025-12-16", "hour": 9}}, {"type": "Feature", "geometry": {"type": "Point", "coordinates": [8.5, 55.0]}, "properties": {"value": 0.857, "time": "2025-12-16T09:00:00", "date": "2025-12-16", "hour": 9}}, {"type": "Feature", "geometry": {"type": "Point", "coordinates": [10.0, 55.0]}, "properties": {"value": 0.168, "time": "2025-12-16T09:00:00", "date": "2025-12-16", "hour": 9}}, {"type": "Feature", "geometry": {"type": "Point", "coordinates": [10.5, 55.0]}, "properties": {"value": 0.3, "time": "2025-12-16T09:00:00", "date": "2025-12-16", "hour": 9}}, {"type": "Feature", "geometry": {"type": "Point", "coordinates": [11.0, 55.0]}, "properties": {"value": 0.368, "time": "2025-12-16T09:00:00", "date": "2025-12-16", "hour": 9}}, {"type": "Feature", "geometry": {"type": "Point", "coordinates": [11.5, 55.0]}, "properties": {"value": 0.389, "time": "2025-12-16T09:00:00", "date": "2025-12-16", "hour": 9}}, {"type": "Feature", "geometry": {"type": "Point", "coordinates": [12.5, 55.0]}, "properties": {"value": 0.455, "time": "2025-12-16T09:00:00", "date": "2025-12-16", "hour": 9}}, {"type": "Feature", "geometry": {"type": "Point", "coordinates": [13.0, 55.0]}, "properties": {"value": 0.49, "time": "2025-12-16T09:00:00", "date": "2025-12-16", "hour": 9}}, {"type": "Feature", "geometry": {"type": "Point", "coordinates": [13.5, 55.0]}, "properties": {"value": 0.528, "time": "2025-12-16T09:00:00", "date": "2025-12-16", "hour": 9}}, {"type": "Feature", "geometry": {"type": "Point", "coordinates": [14.0, 55.0]}, "properties": {"value": 0.597, "time": "2025-12-16T09:00:00", "date": "2025-12-16", "hour": 9}}, {"type": "Feature", "geometry": {"type": "Point", "coordinates": [14.5, 55.0]}, "properties": {"value": 0.685, "time": "2025-12-16T09:00:00", "date": "2025-12-16", "hour": 9}}, {"type": "Feature", "geometry": {"type": "Point", "coordinates": [15.0, 55.0]}, "properties": {"value": 0.754, "time": "2025-12-16T09:00:00", "date": "2025-12-16", "hour": 9}}, {"type": "Feature", "geometry": {"type": "Point", "coordinates": [5.0, 53.0]}, "properties": {"value": 0.7, "time": "2025-12-16T10:00:00", "date": "2025-12-16", "hour": 10}}, {"type": "Feature", "geometry": {"type": "Point", "coordinates": [5.0, 53.5]}, "properties": {"value": 0.859, "time": "2025-12-16T10:00:00", "date": "2025-12-16", "hour": 10}}, {"type": "Feature", "geometry": {"type": "Point", "coordinates": [5.5, 53.5]}, "properties": {"value": 0.767, "time": "2025-12-16T10:00:00", "date": "2025-12-16", "hour": 10}}, {"type": "Feature", "geometry": {"type": "Point", "coordinates": [6.0, 53.5]}, "properties": {"value": 0.678, "time": "2025-12-16T10:00:00", "date": "2025-12-16", "hour": 10}}, {"type": "Feature", "geometry": {"type": "Point", "coordinates": [7.0, 53.5]}, "properties": {"value": 0.521, "time": "2025-12-16T10:00:00", "date": "2025-12-16", "hour": 10}}, {"type": "Feature", "geometry": {"type": "Point", "coordinates": [7.5, 53.5]}, "properties": {"value": 0.331, "time": "2025-12-16T10:00:00", "date": "2025-12-16", "hour": 10}}, {"type": "Feature", "geometry": {"type": "Point", "coordinates": [8.5, 53.5]}, "properties": {"value": 0.188, "time": "2025-12-16T10:00:00", "date": "2025-12-16", "hour": 10}}, {"type": "Feature", "geometry": {"type": "Point", "coordinates": [5.0, 54.0]}, "properties": {"value": 1.083, "time": "2025-12-16T10:00:00", "date": "2025-12-16", "hour": 10}}, {"type": "Feature", "geometry": {"type": "Point", "coordinates": [5.5, 54.0]}, "properties": {"value": 1.015, "time": "2025-12-16T10:00:00", "date": "2025-12-16", "hour": 10}}, {"type": "Feature", "geometry": {"type": "Point", "coordinates": [6.0, 54.0]}, "properties": {"value": 0.936, "time": "2025-12-16T10:00:00", "date": "2025-12-16", "hour": 10}}, {"type": "Feature", "geometry": {"type": "Point", "coordinates": [6.5, 54.0]}, "properties": {"value": 0.889, "time": "2025-12-16T10:00:00", "date": "2025-12-16", "hour": 10}}, {"type": "Feature", "geometry": {"type": "Point", "coordinates": [7.0, 54.0]}, "properties": {"value": 0.83, "time": "2025-12-16T10:00:00", "date": "2025-12-16", "hour": 10}}, {"type": "Feature", "geometry": {"type": "Point", "coordinates": [7.5, 54.0]}, "properties": {"value": 0.764, "time": "2025-12-16T10:00:00", "date": "2025-12-16", "hour": 10}}, {"type": "Feature", "geometry": {"type": "Point", "coordinates": [8.0, 54.0]}, "properties": {"value": 0.716, "time": "2025-12-16T10:00:00", "date": "2025-12-16", "hour": 10}}, {"type": "Feature", "geometry": {"type": "Point", "coordinates": [8.5, 54.0]}, "properties": {"value": 0.598, "time": "2025-12-16T10:00:00", "date": "2025-12-16", "hour": 10}}, {"type": "Feature", "geometry": {"type": "Point", "coordinates": [11.0, 54.0]}, "properties": {"value": 0.157, "time": "2025-12-16T10:00:00", "date": "2025-12-16", "hour": 10}}, {"type": "Feature", "geometry": {"type": "Point", "coordinates": [14.0, 54.0]}, "properties": {"value": 0.24, "time": "2025-12-16T10:00:00", "date": "2025-12-16", "hour": 10}}, {"type": "Feature", "geometry": {"type": "Point", "coordinates": [14.5, 54.0]}, "properties": {"value": 0.331, "time": "2025-12-16T10:00:00", "date": "2025-12-16", "hour": 10}}, {"type": "Feature", "geometry": {"type": "Point", "coordinates": [15.0, 54.0]}, "properties": {"value": 0.373, "time": "2025-12-16T10:00:00", "date": "2025-12-16", "hour": 10}}, {"type": "Feature", "geometry": {"type": "Point", "coordinates": [5.0, 54.5]}, "properties": {"value": 1.206, "time": "2025-12-16T10:00:00", "date": "2025-12-16", "hour": 10}}, {"type": "Feature", "geometry": {"type": "Point", "coordinates": [5.5, 54.5]}, "properties": {"value": 1.171, "time": "2025-12-16T10:00:00", "date": "2025-12-16", "hour": 10}}, {"type": "Feature", "geometry": {"type": "Point", "coordinates": [6.0, 54.5]}, "properties": {"value": 1.131, "time": "2025-12-16T10:00:00", "date": "2025-12-16", "hour": 10}}, {"type": "Feature", "geometry": {"type": "Point", "coordinates": [6.5, 54.5]}, "properties": {"value": 1.1, "time": "2025-12-16T10:00:00", "date": "2025-12-16", "hour": 10}}, {"type": "Feature", "geometry": {"type": "Point", "coordinates": [7.0, 54.5]}, "properties": {"value": 1.057, "time": "2025-12-16T10:00:00", "date": "2025-12-16", "hour": 10}}, {"type": "Feature", "geometry": {"type": "Point", "coordinates": [7.5, 54.5]}, "properties": {"value": 0.993, "time": "2025-12-16T10:00:00", "date": "2025-12-16", "hour": 10}}, {"type": "Feature", "geometry": {"type": "Point", "coordinates": [8.0, 54.5]}, "properties": {"value": 0.918, "time": "2025-12-16T10:00:00", "date": "2025-12-16", "hour": 10}}, {"type": "Feature", "geometry": {"type": "Point", "coordinates": [8.5, 54.5]}, "properties": {"value": 0.697, "time": "2025-12-16T10:00:00", "date": "2025-12-16", "hour": 10}}, {"type": "Feature", "geometry": {"type": "Point", "coordinates": [11.0, 54.5]}, "properties": {"value": 0.391, "time": "2025-12-16T10:00:00", "date": "2025-12-16", "hour": 10}}, {"type": "Feature", "geometry": {"type": "Point", "coordinates": [11.5, 54.5]}, "properties": {"value": 0.377, "time": "2025-12-16T10:00:00", "date": "2025-12-16", "hour": 10}}, {"type": "Feature", "geometry": {"type": "Point", "coordinates": [12.0, 54.5]}, "properties": {"value": 0.304, "time": "2025-12-16T10:00:00", "date": "2025-12-16", "hour": 10}}, {"type": "Feature", "geometry": {"type": "Point", "coordinates": [12.5, 54.5]}, "properties": {"value": 0.279, "time": "2025-12-16T10:00:00", "date": "2025-12-16", "hour": 10}}, {"type": "Feature", "geometry": {"type": "Point", "coordinates": [13.0, 54.5]}, "properties": {"value": 0.222, "time": "2025-12-16T10:00:00", "date": "2025-12-16", "hour": 10}}, {"type": "Feature", "geometry": {"type": "Point", "coordinates": [13.5, 54.5]}, "properties": {"value": 0.309, "time": "2025-12-16T10:00:00", "date": "2025-12-16", "hour": 10}}, {"type": "Feature", "geometry": {"type": "Point", "coordinates": [14.0, 54.5]}, "properties": {"value": 0.447, "time": "2025-12-16T10:00:00", "date": "2025-12-16", "hour": 10}}, {"type": "Feature", "geometry": {"type": "Point", "coordinates": [14.5, 54.5]}, "properties": {"value": 0.582, "time": "2025-12-16T10:00:00", "date": "2025-12-16", "hour": 10}}, {"type": "Feature", "geometry": {"type": "Point", "coordinates": [15.0, 54.5]}, "properties": {"value": 0.649, "time": "2025-12-16T10:00:00", "date": "2025-12-16", "hour": 10}}, {"type": "Feature", "geometry": {"type": "Point", "coordinates": [5.0, 55.0]}, "properties": {"value": 1.295, "time": "2025-12-16T10:00:00", "date": "2025-12-16", "hour": 10}}, {"type": "Feature", "geometry": {"type": "Point", "coordinates": [5.5, 55.0]}, "properties": {"value": 1.278, "time": "2025-12-16T10:00:00", "date": "2025-12-16", "hour": 10}}, {"type": "Feature", "geometry": {"type": "Point", "coordinates": [6.0, 55.0]}, "properties": {"value": 1.262, "time": "2025-12-16T10:00:00", "date": "2025-12-16", "hour": 10}}, {"type": "Feature", "geometry": {"type": "Point", "coordinates": [6.5, 55.0]}, "properties": {"value": 1.238, "time": "2025-12-16T10:00:00", "date": "2025-12-16", "hour": 10}}, {"type": "Feature", "geometry": {"type": "Point", "coordinates": [7.0, 55.0]}, "properties": {"value": 1.195, "time": "2025-12-16T10:00:00", "date": "2025-12-16", "hour": 10}}, {"type": "Feature", "geometry": {"type": "Point", "coordinates": [7.5, 55.0]}, "properties": {"value": 1.126, "time": "2025-12-16T10:00:00", "date": "2025-12-16", "hour": 10}}, {"type": "Feature", "geometry": {"type": "Point", "coordinates": [8.0, 55.0]}, "properties": {"value": 1.017, "time": "2025-12-16T10:00:00", "date": "2025-12-16", "hour": 10}}, {"type": "Feature", "geometry": {"type": "Point", "coordinates": [8.5, 55.0]}, "properties": {"value": 0.817, "time": "2025-12-16T10:00:00", "date": "2025-12-16", "hour": 10}}, {"type": "Feature", "geometry": {"type": "Point", "coordinates": [10.0, 55.0]}, "properties": {"value": 0.159, "time": "2025-12-16T10:00:00", "date": "2025-12-16", "hour": 10}}, {"type": "Feature", "geometry": {"type": "Point", "coordinates": [10.5, 55.0]}, "properties": {"value": 0.273, "time": "2025-12-16T10:00:00", "date": "2025-12-16", "hour": 10}}, {"type": "Feature", "geometry": {"type": "Point", "coordinates": [11.0, 55.0]}, "properties": {"value": 0.336, "time": "2025-12-16T10:00:00", "date": "2025-12-16", "hour": 10}}, {"type": "Feature", "geometry": {"type": "Point", "coordinates": [11.5, 55.0]}, "properties": {"value": 0.356, "time": "2025-12-16T10:00:00", "date": "2025-12-16", "hour": 10}}, {"type": "Feature", "geometry": {"type": "Point", "coordinates": [12.5, 55.0]}, "properties": {"value": 0.416, "time": "2025-12-16T10:00:00", "date": "2025-12-16", "hour": 10}}, {"type": "Feature", "geometry": {"type": "Point", "coordinates": [13.0, 55.0]}, "properties": {"value": 0.454, "time": "2025-12-16T10:00:00", "date": "2025-12-16", "hour": 10}}, {"type": "Feature", "geometry": {"type": "Point", "coordinates": [13.5, 55.0]}, "properties": {"value": 0.496, "time": "2025-12-16T10:00:00", "date": "2025-12-16", "hour": 10}}, {"type": "Feature", "geometry": {"type": "Point", "coordinates": [14.0, 55.0]}, "properties": {"value": 0.572, "time": "2025-12-16T10:00:00", "date": "2025-12-16", "hour": 10}}, {"type": "Feature", "geometry": {"type": "Point", "coordinates": [14.5, 55.0]}, "properties": {"value": 0.667, "time": "2025-12-16T10:00:00", "date": "2025-12-16", "hour": 10}}, {"type": "Feature", "geometry": {"type": "Point", "coordinates": [15.0, 55.0]}, "properties": {"value": 0.739, "time": "2025-12-16T10:00:00", "date": "2025-12-16", "hour": 10}}, {"type": "Feature", "geometry": {"type": "Point", "coordinates": [5.0, 53.0]}, "properties": {"value": 0.71, "time": "2025-12-16T11:00:00", "date": "2025-12-16", "hour": 11}}, {"type": "Feature", "geometry": {"type": "Point", "coordinates": [5.0, 53.5]}, "properties": {"value": 0.881, "time": "2025-12-16T11:00:00", "date": "2025-12-16", "hour": 11}}, {"type": "Feature", "geometry": {"type": "Point", "coordinates": [5.5, 53.5]}, "properties": {"value": 0.791, "time": "2025-12-16T11:00:00", "date": "2025-12-16", "hour": 11}}, {"type": "Feature", "geometry": {"type": "Point", "coordinates": [6.0, 53.5]}, "properties": {"value": 0.674, "time": "2025-12-16T11:00:00", "date": "2025-12-16", "hour": 11}}, {"type": "Feature", "geometry": {"type": "Point", "coordinates": [7.0, 53.5]}, "properties": {"value": 0.496, "time": "2025-12-16T11:00:00", "date": "2025-12-16", "hour": 11}}, {"type": "Feature", "geometry": {"type": "Point", "coordinates": [7.5, 53.5]}, "properties": {"value": 0.317, "time": "2025-12-16T11:00:00", "date": "2025-12-16", "hour": 11}}, {"type": "Feature", "geometry": {"type": "Point", "coordinates": [8.5, 53.5]}, "properties": {"value": 0.177, "time": "2025-12-16T11:00:00", "date": "2025-12-16", "hour": 11}}, {"type": "Feature", "geometry": {"type": "Point", "coordinates": [5.0, 54.0]}, "properties": {"value": 1.083, "time": "2025-12-16T11:00:00", "date": "2025-12-16", "hour": 11}}, {"type": "Feature", "geometry": {"type": "Point", "coordinates": [5.5, 54.0]}, "properties": {"value": 1.014, "time": "2025-12-16T11:00:00", "date": "2025-12-16", "hour": 11}}, {"type": "Feature", "geometry": {"type": "Point", "coordinates": [6.0, 54.0]}, "properties": {"value": 0.921, "time": "2025-12-16T11:00:00", "date": "2025-12-16", "hour": 11}}, {"type": "Feature", "geometry": {"type": "Point", "coordinates": [6.5, 54.0]}, "properties": {"value": 0.861, "time": "2025-12-16T11:00:00", "date": "2025-12-16", "hour": 11}}, {"type": "Feature", "geometry": {"type": "Point", "coordinates": [7.0, 54.0]}, "properties": {"value": 0.795, "time": "2025-12-16T11:00:00", "date": "2025-12-16", "hour": 11}}, {"type": "Feature", "geometry": {"type": "Point", "coordinates": [7.5, 54.0]}, "properties": {"value": 0.725, "time": "2025-12-16T11:00:00", "date": "2025-12-16", "hour": 11}}, {"type": "Feature", "geometry": {"type": "Point", "coordinates": [8.0, 54.0]}, "properties": {"value": 0.675, "time": "2025-12-16T11:00:00", "date": "2025-12-16", "hour": 11}}, {"type": "Feature", "geometry": {"type": "Point", "coordinates": [8.5, 54.0]}, "properties": {"value": 0.562, "time": "2025-12-16T11:00:00", "date": "2025-12-16", "hour": 11}}, {"type": "Feature", "geometry": {"type": "Point", "coordinates": [11.0, 54.0]}, "properties": {"value": 0.165, "time": "2025-12-16T11:00:00", "date": "2025-12-16", "hour": 11}}, {"type": "Feature", "geometry": {"type": "Point", "coordinates": [14.0, 54.0]}, "properties": {"value": 0.225, "time": "2025-12-16T11:00:00", "date": "2025-12-16", "hour": 11}}, {"type": "Feature", "geometry": {"type": "Point", "coordinates": [14.5, 54.0]}, "properties": {"value": 0.311, "time": "2025-12-16T11:00:00", "date": "2025-12-16", "hour": 11}}, {"type": "Feature", "geometry": {"type": "Point", "coordinates": [15.0, 54.0]}, "properties": {"value": 0.35, "time": "2025-12-16T11:00:00", "date": "2025-12-16", "hour": 11}}, {"type": "Feature", "geometry": {"type": "Point", "coordinates": [5.0, 54.5]}, "properties": {"value": 1.179, "time": "2025-12-16T11:00:00", "date": "2025-12-16", "hour": 11}}, {"type": "Feature", "geometry": {"type": "Point", "coordinates": [5.5, 54.5]}, "properties": {"value": 1.152, "time": "2025-12-16T11:00:00", "date": "2025-12-16", "hour": 11}}, {"type": "Feature", "geometry": {"type": "Point", "coordinates": [6.0, 54.5]}, "properties": {"value": 1.108, "time": "2025-12-16T11:00:00", "date": "2025-12-16", "hour": 11}}, {"type": "Feature", "geometry": {"type": "Point", "coordinates": [6.5, 54.5]}, "properties": {"value": 1.072, "time": "2025-12-16T11:00:00", "date": "2025-12-16", "hour": 11}}, {"type": "Feature", "geometry": {"type": "Point", "coordinates": [7.0, 54.5]}, "properties": {"value": 1.024, "time": "2025-12-16T11:00:00", "date": "2025-12-16", "hour": 11}}, {"type": "Feature", "geometry": {"type": "Point", "coordinates": [7.5, 54.5]}, "properties": {"value": 0.958, "time": "2025-12-16T11:00:00", "date": "2025-12-16", "hour": 11}}, {"type": "Feature", "geometry": {"type": "Point", "coordinates": [8.0, 54.5]}, "properties": {"value": 0.879, "time": "2025-12-16T11:00:00", "date": "2025-12-16", "hour": 11}}, {"type": "Feature", "geometry": {"type": "Point", "coordinates": [8.5, 54.5]}, "properties": {"value": 0.666, "time": "2025-12-16T11:00:00", "date": "2025-12-16", "hour": 11}}, {"type": "Feature", "geometry": {"type": "Point", "coordinates": [11.0, 54.5]}, "properties": {"value": 0.357, "time": "2025-12-16T11:00:00", "date": "2025-12-16", "hour": 11}}, {"type": "Feature", "geometry": {"type": "Point", "coordinates": [11.5, 54.5]}, "properties": {"value": 0.345, "time": "2025-12-16T11:00:00", "date": "2025-12-16", "hour": 11}}, {"type": "Feature", "geometry": {"type": "Point", "coordinates": [12.0, 54.5]}, "properties": {"value": 0.288, "time": "2025-12-16T11:00:00", "date": "2025-12-16", "hour": 11}}, {"type": "Feature", "geometry": {"type": "Point", "coordinates": [12.5, 54.5]}, "properties": {"value": 0.261, "time": "2025-12-16T11:00:00", "date": "2025-12-16", "hour": 11}}, {"type": "Feature", "geometry": {"type": "Point", "coordinates": [13.0, 54.5]}, "properties": {"value": 0.212, "time": "2025-12-16T11:00:00", "date": "2025-12-16", "hour": 11}}, {"type": "Feature", "geometry": {"type": "Point", "coordinates": [13.5, 54.5]}, "properties": {"value": 0.285, "time": "2025-12-16T11:00:00", "date": "2025-12-16", "hour": 11}}, {"type": "Feature", "geometry": {"type": "Point", "coordinates": [14.0, 54.5]}, "properties": {"value": 0.421, "time": "2025-12-16T11:00:00", "date": "2025-12-16", "hour": 11}}, {"type": "Feature", "geometry": {"type": "Point", "coordinates": [14.5, 54.5]}, "properties": {"value": 0.552, "time": "2025-12-16T11:00:00", "date": "2025-12-16", "hour": 11}}, {"type": "Feature", "geometry": {"type": "Point", "coordinates": [15.0, 54.5]}, "properties": {"value": 0.619, "time": "2025-12-16T11:00:00", "date": "2025-12-16", "hour": 11}}, {"type": "Feature", "geometry": {"type": "Point", "coordinates": [5.0, 55.0]}, "properties": {"value": 1.26, "time": "2025-12-16T11:00:00", "date": "2025-12-16", "hour": 11}}, {"type": "Feature", "geometry": {"type": "Point", "coordinates": [5.5, 55.0]}, "properties": {"value": 1.25, "time": "2025-12-16T11:00:00", "date": "2025-12-16", "hour": 11}}, {"type": "Feature", "geometry": {"type": "Point", "coordinates": [6.0, 55.0]}, "properties": {"value": 1.238, "time": "2025-12-16T11:00:00", "date": "2025-12-16", "hour": 11}}, {"type": "Feature", "geometry": {"type": "Point", "coordinates": [6.5, 55.0]}, "properties": {"value": 1.214, "time": "2025-12-16T11:00:00", "date": "2025-12-16", "hour": 11}}, {"type": "Feature", "geometry": {"type": "Point", "coordinates": [7.0, 55.0]}, "properties": {"value": 1.167, "time": "2025-12-16T11:00:00", "date": "2025-12-16", "hour": 11}}, {"type": "Feature", "geometry": {"type": "Point", "coordinates": [7.5, 55.0]}, "properties": {"value": 1.094, "time": "2025-12-16T11:00:00", "date": "2025-12-16", "hour": 11}}, {"type": "Feature", "geometry": {"type": "Point", "coordinates": [8.0, 55.0]}, "properties": {"value": 0.981, "time": "2025-12-16T11:00:00", "date": "2025-12-16", "hour": 11}}, {"type": "Feature", "geometry": {"type": "Point", "coordinates": [8.5, 55.0]}, "properties": {"value": 0.786, "time": "2025-12-16T11:00:00", "date": "2025-12-16", "hour": 11}}, {"type": "Feature", "geometry": {"type": "Point", "coordinates": [10.0, 55.0]}, "properties": {"value": 0.152, "time": "2025-12-16T11:00:00", "date": "2025-12-16", "hour": 11}}, {"type": "Feature", "geometry": {"type": "Point", "coordinates": [10.5, 55.0]}, "properties": {"value": 0.252, "time": "2025-12-16T11:00:00", "date": "2025-12-16", "hour": 11}}, {"type": "Feature", "geometry": {"type": "Point", "coordinates": [11.0, 55.0]}, "properties": {"value": 0.305, "time": "2025-12-16T11:00:00", "date": "2025-12-16", "hour": 11}}, {"type": "Feature", "geometry": {"type": "Point", "coordinates": [11.5, 55.0]}, "properties": {"value": 0.32, "time": "2025-12-16T11:00:00", "date": "2025-12-16", "hour": 11}}, {"type": "Feature", "geometry": {"type": "Point", "coordinates": [12.5, 55.0]}, "properties": {"value": 0.376, "time": "2025-12-16T11:00:00", "date": "2025-12-16", "hour": 11}}, {"type": "Feature", "geometry": {"type": "Point", "coordinates": [13.0, 55.0]}, "properties": {"value": 0.415, "time": "2025-12-16T11:00:00", "date": "2025-12-16", "hour": 11}}, {"type": "Feature", "geometry": {"type": "Point", "coordinates": [13.5, 55.0]}, "properties": {"value": 0.461, "time": "2025-12-16T11:00:00", "date": "2025-12-16", "hour": 11}}, {"type": "Feature", "geometry": {"type": "Point", "coordinates": [14.0, 55.0]}, "properties": {"value": 0.542, "time": "2025-12-16T11:00:00", "date": "2025-12-16", "hour": 11}}, {"type": "Feature", "geometry": {"type": "Point", "coordinates": [14.5, 55.0]}, "properties": {"value": 0.638, "time": "2025-12-16T11:00:00", "date": "2025-12-16", "hour": 11}}, {"type": "Feature", "geometry": {"type": "Point", "coordinates": [15.0, 55.0]}, "properties": {"value": 0.712, "time": "2025-12-16T11:00:00", "date": "2025-12-16", "hour": 11}}, {"type": "Feature", "geometry": {"type": "Point", "coordinates": [5.0, 53.0]}, "properties": {"value": 0.698, "time": "2025-12-16T12:00:00", "date": "2025-12-16", "hour": 12}}, {"type": "Feature", "geometry": {"type": "Point", "coordinates": [5.0, 53.5]}, "properties": {"value": 0.881, "time": "2025-12-16T12:00:00", "date": "2025-12-16", "hour": 12}}, {"type": "Feature", "geometry": {"type": "Point", "coordinates": [5.5, 53.5]}, "properties": {"value": 0.805, "time": "2025-12-16T12:00:00", "date": "2025-12-16", "hour": 12}}, {"type": "Feature", "geometry": {"type": "Point", "coordinates": [6.0, 53.5]}, "properties": {"value": 0.685, "time": "2025-12-16T12:00:00", "date": "2025-12-16", "hour": 12}}, {"type": "Feature", "geometry": {"type": "Point", "coordinates": [7.0, 53.5]}, "properties": {"value": 0.482, "time": "2025-12-16T12:00:00", "date": "2025-12-16", "hour": 12}}, {"type": "Feature", "geometry": {"type": "Point", "coordinates": [7.5, 53.5]}, "properties": {"value": 0.306, "time": "2025-12-16T12:00:00", "date": "2025-12-16", "hour": 12}}, {"type": "Feature", "geometry": {"type": "Point", "coordinates": [8.5, 53.5]}, "properties": {"value": 0.169, "time": "2025-12-16T12:00:00", "date": "2025-12-16", "hour": 12}}, {"type": "Feature", "geometry": {"type": "Point", "coordinates": [5.0, 54.0]}, "properties": {"value": 1.08, "time": "2025-12-16T12:00:00", "date": "2025-12-16", "hour": 12}}, {"type": "Feature", "geometry": {"type": "Point", "coordinates": [5.5, 54.0]}, "properties": {"value": 1.025, "time": "2025-12-16T12:00:00", "date": "2025-12-16", "hour": 12}}, {"type": "Feature", "geometry": {"type": "Point", "coordinates": [6.0, 54.0]}, "properties": {"value": 0.923, "time": "2025-12-16T12:00:00", "date": "2025-12-16", "hour": 12}}, {"type": "Feature", "geometry": {"type": "Point", "coordinates": [6.5, 54.0]}, "properties": {"value": 0.845, "time": "2025-12-16T12:00:00", "date": "2025-12-16", "hour": 12}}, {"type": "Feature", "geometry": {"type": "Point", "coordinates": [7.0, 54.0]}, "properties": {"value": 0.761, "time": "2025-12-16T12:00:00", "date": "2025-12-16", "hour": 12}}, {"type": "Feature", "geometry": {"type": "Point", "coordinates": [7.5, 54.0]}, "properties": {"value": 0.681, "time": "2025-12-16T12:00:00", "date": "2025-12-16", "hour": 12}}, {"type": "Feature", "geometry": {"type": "Point", "coordinates": [8.0, 54.0]}, "properties": {"value": 0.627, "time": "2025-12-16T12:00:00", "date": "2025-12-16", "hour": 12}}, {"type": "Feature", "geometry": {"type": "Point", "coordinates": [8.5, 54.0]}, "properties": {"value": 0.526, "time": "2025-12-16T12:00:00", "date": "2025-12-16", "hour": 12}}, {"type": "Feature", "geometry": {"type": "Point", "coordinates": [11.0, 54.0]}, "properties": {"value": 0.161, "time": "2025-12-16T12:00:00", "date": "2025-12-16", "hour": 12}}, {"type": "Feature", "geometry": {"type": "Point", "coordinates": [14.0, 54.0]}, "properties": {"value": 0.206, "time": "2025-12-16T12:00:00", "date": "2025-12-16", "hour": 12}}, {"type": "Feature", "geometry": {"type": "Point", "coordinates": [14.5, 54.0]}, "properties": {"value": 0.281, "time": "2025-12-16T12:00:00", "date": "2025-12-16", "hour": 12}}, {"type": "Feature", "geometry": {"type": "Point", "coordinates": [15.0, 54.0]}, "properties": {"value": 0.316, "time": "2025-12-16T12:00:00", "date": "2025-12-16", "hour": 12}}, {"type": "Feature", "geometry": {"type": "Point", "coordinates": [5.0, 54.5]}, "properties": {"value": 1.168, "time": "2025-12-16T12:00:00", "date": "2025-12-16", "hour": 12}}, {"type": "Feature", "geometry": {"type": "Point", "coordinates": [5.5, 54.5]}, "properties": {"value": 1.143, "time": "2025-12-16T12:00:00", "date": "2025-12-16", "hour": 12}}, {"type": "Feature", "geometry": {"type": "Point", "coordinates": [6.0, 54.5]}, "properties": {"value": 1.088, "time": "2025-12-16T12:00:00", "date": "2025-12-16", "hour": 12}}, {"type": "Feature", "geometry": {"type": "Point", "coordinates": [6.5, 54.5]}, "properties": {"value": 1.038, "time": "2025-12-16T12:00:00", "date": "2025-12-16", "hour": 12}}, {"type": "Feature", "geometry": {"type": "Point", "coordinates": [7.0, 54.5]}, "properties": {"value": 0.982, "time": "2025-12-16T12:00:00", "date": "2025-12-16", "hour": 12}}, {"type": "Feature", "geometry": {"type": "Point", "coordinates": [7.5, 54.5]}, "properties": {"value": 0.915, "time": "2025-12-16T12:00:00", "date": "2025-12-16", "hour": 12}}, {"type": "Feature", "geometry": {"type": "Point", "coordinates": [8.0, 54.5]}, "properties": {"value": 0.838, "time": "2025-12-16T12:00:00", "date": "2025-12-16", "hour": 12}}, {"type": "Feature", "geometry": {"type": "Point", "coordinates": [8.5, 54.5]}, "properties": {"value": 0.638, "time": "2025-12-16T12:00:00", "date": "2025-12-16", "hour": 12}}, {"type": "Feature", "geometry": {"type": "Point", "coordinates": [11.0, 54.5]}, "properties": {"value": 0.344, "time": "2025-12-16T12:00:00", "date": "2025-12-16", "hour": 12}}, {"type": "Feature", "geometry": {"type": "Point", "coordinates": [11.5, 54.5]}, "properties": {"value": 0.326, "time": "2025-12-16T12:00:00", "date": "2025-12-16", "hour": 12}}, {"type": "Feature", "geometry": {"type": "Point", "coordinates": [12.0, 54.5]}, "properties": {"value": 0.274, "time": "2025-12-16T12:00:00", "date": "2025-12-16", "hour": 12}}, {"type": "Feature", "geometry": {"type": "Point", "coordinates": [12.5, 54.5]}, "properties": {"value": 0.246, "time": "2025-12-16T12:00:00", "date": "2025-12-16", "hour": 12}}, {"type": "Feature", "geometry": {"type": "Point", "coordinates": [13.0, 54.5]}, "properties": {"value": 0.202, "time": "2025-12-16T12:00:00", "date": "2025-12-16", "hour": 12}}, {"type": "Feature", "geometry": {"type": "Point", "coordinates": [13.5, 54.5]}, "properties": {"value": 0.267, "time": "2025-12-16T12:00:00", "date": "2025-12-16", "hour": 12}}, {"type": "Feature", "geometry": {"type": "Point", "coordinates": [14.0, 54.5]}, "properties": {"value": 0.395, "time": "2025-12-16T12:00:00", "date": "2025-12-16", "hour": 12}}, {"type": "Feature", "geometry": {"type": "Point", "coordinates": [14.5, 54.5]}, "properties": {"value": 0.516, "time": "2025-12-16T12:00:00", "date": "2025-12-16", "hour": 12}}, {"type": "Feature", "geometry": {"type": "Point", "coordinates": [15.0, 54.5]}, "properties": {"value": 0.575, "time": "2025-12-16T12:00:00", "date": "2025-12-16", "hour": 12}}, {"type": "Feature", "geometry": {"type": "Point", "coordinates": [5.0, 55.0]}, "properties": {"value": 1.232, "time": "2025-12-16T12:00:00", "date": "2025-12-16", "hour": 12}}, {"type": "Feature", "geometry": {"type": "Point", "coordinates": [5.5, 55.0]}, "properties": {"value": 1.222, "time": "2025-12-16T12:00:00", "date": "2025-12-16", "hour": 12}}, {"type": "Feature", "geometry": {"type": "Point", "coordinates": [6.0, 55.0]}, "properties": {"value": 1.204, "time": "2025-12-16T12:00:00", "date": "2025-12-16", "hour": 12}}, {"type": "Feature", "geometry": {"type": "Point", "coordinates": [6.5, 55.0]}, "properties": {"value": 1.178, "time": "2025-12-16T12:00:00", "date": "2025-12-16", "hour": 12}}, {"type": "Feature", "geometry": {"type": "Point", "coordinates": [7.0, 55.0]}, "properties": {"value": 1.133, "time": "2025-12-16T12:00:00", "date": "2025-12-16", "hour": 12}}, {"type": "Feature", "geometry": {"type": "Point", "coordinates": [7.5, 55.0]}, "properties": {"value": 1.068, "time": "2025-12-16T12:00:00", "date": "2025-12-16", "hour": 12}}, {"type": "Feature", "geometry": {"type": "Point", "coordinates": [8.0, 55.0]}, "properties": {"value": 0.957, "time": "2025-12-16T12:00:00", "date": "2025-12-16", "hour": 12}}, {"type": "Feature", "geometry": {"type": "Point", "coordinates": [8.5, 55.0]}, "properties": {"value": 0.766, "time": "2025-12-16T12:00:00", "date": "2025-12-16", "hour": 12}}, {"type": "Feature", "geometry": {"type": "Point", "coordinates": [10.0, 55.0]}, "properties": {"value": 0.151, "time": "2025-12-16T12:00:00", "date": "2025-12-16", "hour": 12}}, {"type": "Feature", "geometry": {"type": "Point", "coordinates": [10.5, 55.0]}, "properties": {"value": 0.244, "time": "2025-12-16T12:00:00", "date": "2025-12-16", "hour": 12}}, {"type": "Feature", "geometry": {"type": "Point", "coordinates": [11.0, 55.0]}, "properties": {"value": 0.289, "time": "2025-12-16T12:00:00", "date": "2025-12-16", "hour": 12}}, {"type": "Feature", "geometry": {"type": "Point", "coordinates": [11.5, 55.0]}, "properties": {"value": 0.298, "time": "2025-12-16T12:00:00", "date": "2025-12-16", "hour": 12}}, {"type": "Feature", "geometry": {"type": "Point", "coordinates": [12.5, 55.0]}, "properties": {"value": 0.344, "time": "2025-12-16T12:00:00", "date": "2025-12-16", "hour": 12}}, {"type": "Feature", "geometry": {"type": "Point", "coordinates": [13.0, 55.0]}, "properties": {"value": 0.382, "time": "2025-12-16T12:00:00", "date": "2025-12-16", "hour": 12}}, {"type": "Feature", "geometry": {"type": "Point", "coordinates": [13.5, 55.0]}, "properties": {"value": 0.429, "time": "2025-12-16T12:00:00", "date": "2025-12-16", "hour": 12}}, {"type": "Feature", "geometry": {"type": "Point", "coordinates": [14.0, 55.0]}, "properties": {"value": 0.51, "time": "2025-12-16T12:00:00", "date": "2025-12-16", "hour": 12}}, {"type": "Feature", "geometry": {"type": "Point", "coordinates": [14.5, 55.0]}, "properties": {"value": 0.606, "time": "2025-12-16T12:00:00", "date": "2025-12-16", "hour": 12}}, {"type": "Feature", "geometry": {"type": "Point", "coordinates": [15.0, 55.0]}, "properties": {"value": 0.673, "time": "2025-12-16T12:00:00", "date": "2025-12-16", "hour": 12}}, {"type": "Feature", "geometry": {"type": "Point", "coordinates": [5.0, 53.0]}, "properties": {"value": 0.672, "time": "2025-12-16T13:00:00", "date": "2025-12-16", "hour": 13}}, {"type": "Feature", "geometry": {"type": "Point", "coordinates": [5.0, 53.5]}, "properties": {"value": 0.853, "time": "2025-12-16T13:00:00", "date": "2025-12-16", "hour": 13}}, {"type": "Feature", "geometry": {"type": "Point", "coordinates": [5.5, 53.5]}, "properties": {"value": 0.788, "time": "2025-12-16T13:00:00", "date": "2025-12-16", "hour": 13}}, {"type": "Feature", "geometry": {"type": "Point", "coordinates": [6.0, 53.5]}, "properties": {"value": 0.68, "time": "2025-12-16T13:00:00", "date": "2025-12-16", "hour": 13}}, {"type": "Feature", "geometry": {"type": "Point", "coordinates": [7.0, 53.5]}, "properties": {"value": 0.475, "time": "2025-12-16T13:00:00", "date": "2025-12-16", "hour": 13}}, {"type": "Feature", "geometry": {"type": "Point", "coordinates": [7.5, 53.5]}, "properties": {"value": 0.301, "time": "2025-12-16T13:00:00", "date": "2025-12-16", "hour": 13}}, {"type": "Feature", "geometry": {"type": "Point", "coordinates": [8.5, 53.5]}, "properties": {"value": 0.168, "time": "2025-12-16T13:00:00", "date": "2025-12-16", "hour": 13}}, {"type": "Feature", "geometry": {"type": "Point", "coordinates": [5.0, 54.0]}, "properties": {"value": 1.051, "time": "2025-12-16T13:00:00", "date": "2025-12-16", "hour": 13}}, {"type": "Feature", "geometry": {"type": "Point", "coordinates": [5.5, 54.0]}, "properties": {"value": 1.016, "time": "2025-12-16T13:00:00", "date": "2025-12-16", "hour": 13}}, {"type": "Feature", "geometry": {"type": "Point", "coordinates": [6.0, 54.0]}, "properties": {"value": 0.923, "time": "2025-12-16T13:00:00", "date": "2025-12-16", "hour": 13}}, {"type": "Feature", "geometry": {"type": "Point", "coordinates": [6.5, 54.0]}, "properties": {"value": 0.845, "time": "2025-12-16T13:00:00", "date": "2025-12-16", "hour": 13}}, {"type": "Feature", "geometry": {"type": "Point", "coordinates": [7.0, 54.0]}, "properties": {"value": 0.755, "time": "2025-12-16T13:00:00", "date": "2025-12-16", "hour": 13}}, {"type": "Feature", "geometry": {"type": "Point", "coordinates": [7.5, 54.0]}, "properties": {"value": 0.667, "time": "2025-12-16T13:00:00", "date": "2025-12-16", "hour": 13}}, {"type": "Feature", "geometry": {"type": "Point", "coordinates": [8.0, 54.0]}, "properties": {"value": 0.61, "time": "2025-12-16T13:00:00", "date": "2025-12-16", "hour": 13}}, {"type": "Feature", "geometry": {"type": "Point", "coordinates": [8.5, 54.0]}, "properties": {"value": 0.509, "time": "2025-12-16T13:00:00", "date": "2025-12-16", "hour": 13}}, {"type": "Feature", "geometry": {"type": "Point", "coordinates": [11.0, 54.0]}, "properties": {"value": 0.152, "time": "2025-12-16T13:00:00", "date": "2025-12-16", "hour": 13}}, {"type": "Feature", "geometry": {"type": "Point", "coordinates": [14.0, 54.0]}, "properties": {"value": 0.198, "time": "2025-12-16T13:00:00", "date": "2025-12-16", "hour": 13}}, {"type": "Feature", "geometry": {"type": "Point", "coordinates": [14.5, 54.0]}, "properties": {"value": 0.257, "time": "2025-12-16T13:00:00", "date": "2025-12-16", "hour": 13}}, {"type": "Feature", "geometry": {"type": "Point", "coordinates": [15.0, 54.0]}, "properties": {"value": 0.284, "time": "2025-12-16T13:00:00", "date": "2025-12-16", "hour": 13}}, {"type": "Feature", "geometry": {"type": "Point", "coordinates": [5.0, 54.5]}, "properties": {"value": 1.136, "time": "2025-12-16T13:00:00", "date": "2025-12-16", "hour": 13}}, {"type": "Feature", "geometry": {"type": "Point", "coordinates": [5.5, 54.5]}, "properties": {"value": 1.122, "time": "2025-12-16T13:00:00", "date": "2025-12-16", "hour": 13}}, {"type": "Feature", "geometry": {"type": "Point", "coordinates": [6.0, 54.5]}, "properties": {"value": 1.075, "time": "2025-12-16T13:00:00", "date": "2025-12-16", "hour": 13}}, {"type": "Feature", "geometry": {"type": "Point", "coordinates": [6.5, 54.5]}, "properties": {"value": 1.024, "time": "2025-12-16T13:00:00", "date": "2025-12-16", "hour": 13}}, {"type": "Feature", "geometry": {"type": "Point", "coordinates": [7.0, 54.5]}, "properties": {"value": 0.959, "time": "2025-12-16T13:00:00", "date": "2025-12-16", "hour": 13}}, {"type": "Feature", "geometry": {"type": "Point", "coordinates": [7.5, 54.5]}, "properties": {"value": 0.891, "time": "2025-12-16T13:00:00", "date": "2025-12-16", "hour": 13}}, {"type": "Feature", "geometry": {"type": "Point", "coordinates": [8.0, 54.5]}, "properties": {"value": 0.82, "time": "2025-12-16T13:00:00", "date": "2025-12-16", "hour": 13}}, {"type": "Feature", "geometry": {"type": "Point", "coordinates": [8.5, 54.5]}, "properties": {"value": 0.623, "time": "2025-12-16T13:00:00", "date": "2025-12-16", "hour": 13}}, {"type": "Feature", "geometry": {"type": "Point", "coordinates": [11.0, 54.5]}, "properties": {"value": 0.338, "time": "2025-12-16T13:00:00", "date": "2025-12-16", "hour": 13}}, {"type": "Feature", "geometry": {"type": "Point", "coordinates": [11.5, 54.5]}, "properties": {"value": 0.312, "time": "2025-12-16T13:00:00", "date": "2025-12-16", "hour": 13}}, {"type": "Feature", "geometry": {"type": "Point", "coordinates": [12.0, 54.5]}, "properties": {"value": 0.259, "time": "2025-12-16T13:00:00", "date": "2025-12-16", "hour": 13}}, {"type": "Feature", "geometry": {"type": "Point", "coordinates": [12.5, 54.5]}, "properties": {"value": 0.233, "time": "2025-12-16T13:00:00", "date": "2025-12-16", "hour": 13}}, {"type": "Feature", "geometry": {"type": "Point", "coordinates": [13.0, 54.5]}, "properties": {"value": 0.193, "time": "2025-12-16T13:00:00", "date": "2025-12-16", "hour": 13}}, {"type": "Feature", "geometry": {"type": "Point", "coordinates": [13.5, 54.5]}, "properties": {"value": 0.255, "time": "2025-12-16T13:00:00", "date": "2025-12-16", "hour": 13}}, {"type": "Feature", "geometry": {"type": "Point", "coordinates": [14.0, 54.5]}, "properties": {"value": 0.373, "time": "2025-12-16T13:00:00", "date": "2025-12-16", "hour": 13}}, {"type": "Feature", "geometry": {"type": "Point", "coordinates": [14.5, 54.5]}, "properties": {"value": 0.479, "time": "2025-12-16T13:00:00", "date": "2025-12-16", "hour": 13}}, {"type": "Feature", "geometry": {"type": "Point", "coordinates": [15.0, 54.5]}, "properties": {"value": 0.526, "time": "2025-12-16T13:00:00", "date": "2025-12-16", "hour": 13}}, {"type": "Feature", "geometry": {"type": "Point", "coordinates": [5.0, 55.0]}, "properties": {"value": 1.203, "time": "2025-12-16T13:00:00", "date": "2025-12-16", "hour": 13}}, {"type": "Feature", "geometry": {"type": "Point", "coordinates": [5.5, 55.0]}, "properties": {"value": 1.197, "time": "2025-12-16T13:00:00", "date": "2025-12-16", "hour": 13}}, {"type": "Feature", "geometry": {"type": "Point", "coordinates": [6.0, 55.0]}, "properties": {"value": 1.174, "time": "2025-12-16T13:00:00", "date": "2025-12-16", "hour": 13}}, {"type": "Feature", "geometry": {"type": "Point", "coordinates": [6.5, 55.0]}, "properties": {"value": 1.138, "time": "2025-12-16T13:00:00", "date": "2025-12-16", "hour": 13}}, {"type": "Feature", "geometry": {"type": "Point", "coordinates": [7.0, 55.0]}, "properties": {"value": 1.089, "time": "2025-12-16T13:00:00", "date": "2025-12-16", "hour": 13}}, {"type": "Feature", "geometry": {"type": "Point", "coordinates": [7.5, 55.0]}, "properties": {"value": 1.034, "time": "2025-12-16T13:00:00", "date": "2025-12-16", "hour": 13}}, {"type": "Feature", "geometry": {"type": "Point", "coordinates": [8.0, 55.0]}, "properties": {"value": 0.932, "time": "2025-12-16T13:00:00", "date": "2025-12-16", "hour": 13}}, {"type": "Feature", "geometry": {"type": "Point", "coordinates": [8.5, 55.0]}, "properties": {"value": 0.747, "time": "2025-12-16T13:00:00", "date": "2025-12-16", "hour": 13}}, {"type": "Feature", "geometry": {"type": "Point", "coordinates": [10.0, 55.0]}, "properties": {"value": 0.164, "time": "2025-12-16T13:00:00", "date": "2025-12-16", "hour": 13}}, {"type": "Feature", "geometry": {"type": "Point", "coordinates": [10.5, 55.0]}, "properties": {"value": 0.251, "time": "2025-12-16T13:00:00", "date": "2025-12-16", "hour": 13}}, {"type": "Feature", "geometry": {"type": "Point", "coordinates": [11.0, 55.0]}, "properties": {"value": 0.291, "time": "2025-12-16T13:00:00", "date": "2025-12-16", "hour": 13}}, {"type": "Feature", "geometry": {"type": "Point", "coordinates": [11.5, 55.0]}, "properties": {"value": 0.296, "time": "2025-12-16T13:00:00", "date": "2025-12-16", "hour": 13}}, {"type": "Feature", "geometry": {"type": "Point", "coordinates": [12.5, 55.0]}, "properties": {"value": 0.328, "time": "2025-12-16T13:00:00", "date": "2025-12-16", "hour": 13}}, {"type": "Feature", "geometry": {"type": "Point", "coordinates": [13.0, 55.0]}, "properties": {"value": 0.361, "time": "2025-12-16T13:00:00", "date": "2025-12-16", "hour": 13}}, {"type": "Feature", "geometry": {"type": "Point", "coordinates": [13.5, 55.0]}, "properties": {"value": 0.407, "time": "2025-12-16T13:00:00", "date": "2025-12-16", "hour": 13}}, {"type": "Feature", "geometry": {"type": "Point", "coordinates": [14.0, 55.0]}, "properties": {"value": 0.485, "time": "2025-12-16T13:00:00", "date": "2025-12-16", "hour": 13}}, {"type": "Feature", "geometry": {"type": "Point", "coordinates": [14.5, 55.0]}, "properties": {"value": 0.574, "time": "2025-12-16T13:00:00", "date": "2025-12-16", "hour": 13}}, {"type": "Feature", "geometry": {"type": "Point", "coordinates": [15.0, 55.0]}, "properties": {"value": 0.63, "time": "2025-12-16T13:00:00", "date": "2025-12-16", "hour": 13}}, {"type": "Feature", "geometry": {"type": "Point", "coordinates": [5.0, 53.0]}, "properties": {"value": 0.637, "time": "2025-12-16T14:00:00", "date": "2025-12-16", "hour": 14}}, {"type": "Feature", "geometry": {"type": "Point", "coordinates": [5.0, 53.5]}, "properties": {"value": 0.816, "time": "2025-12-16T14:00:00", "date": "2025-12-16", "hour": 14}}, {"type": "Feature", "geometry": {"type": "Point", "coordinates": [5.5, 53.5]}, "properties": {"value": 0.751, "time": "2025-12-16T14:00:00", "date": "2025-12-16", "hour": 14}}, {"type": "Feature", "geometry": {"type": "Point", "coordinates": [6.0, 53.5]}, "properties": {"value": 0.652, "time": "2025-12-16T14:00:00", "date": "2025-12-16", "hour": 14}}, {"type": "Feature", "geometry": {"type": "Point", "coordinates": [7.0, 53.5]}, "properties": {"value": 0.448, "time": "2025-12-16T14:00:00", "date": "2025-12-16", "hour": 14}}, {"type": "Feature", "geometry": {"type": "Point", "coordinates": [7.5, 53.5]}, "properties": {"value": 0.286, "time": "2025-12-16T14:00:00", "date": "2025-12-16", "hour": 14}}, {"type": "Feature", "geometry": {"type": "Point", "coordinates": [8.5, 53.5]}, "properties": {"value": 0.162, "time": "2025-12-16T14:00:00", "date": "2025-12-16", "hour": 14}}, {"type": "Feature", "geometry": {"type": "Point", "coordinates": [5.0, 54.0]}, "properties": {"value": 1.021, "time": "2025-12-16T14:00:00", "date": "2025-12-16", "hour": 14}}, {"type": "Feature", "geometry": {"type": "Point", "coordinates": [5.5, 54.0]}, "properties": {"value": 0.992, "time": "2025-12-16T14:00:00", "date": "2025-12-16", "hour": 14}}, {"type": "Feature", "geometry": {"type": "Point", "coordinates": [6.0, 54.0]}, "properties": {"value": 0.905, "time": "2025-12-16T14:00:00", "date": "2025-12-16", "hour": 14}}, {"type": "Feature", "geometry": {"type": "Point", "coordinates": [6.5, 54.0]}, "properties": {"value": 0.824, "time": "2025-12-16T14:00:00", "date": "2025-12-16", "hour": 14}}, {"type": "Feature", "geometry": {"type": "Point", "coordinates": [7.0, 54.0]}, "properties": {"value": 0.73, "time": "2025-12-16T14:00:00", "date": "2025-12-16", "hour": 14}}, {"type": "Feature", "geometry": {"type": "Point", "coordinates": [7.5, 54.0]}, "properties": {"value": 0.641, "time": "2025-12-16T14:00:00", "date": "2025-12-16", "hour": 14}}, {"type": "Feature", "geometry": {"type": "Point", "coordinates": [8.0, 54.0]}, "properties": {"value": 0.585, "time": "2025-12-16T14:00:00", "date": "2025-12-16", "hour": 14}}, {"type": "Feature", "geometry": {"type": "Point", "coordinates": [8.5, 54.0]}, "properties": {"value": 0.495, "time": "2025-12-16T14:00:00", "date": "2025-12-16", "hour": 14}}, {"type": "Feature", "geometry": {"type": "Point", "coordinates": [11.0, 54.0]}, "properties": {"value": 0.161, "time": "2025-12-16T14:00:00", "date": "2025-12-16", "hour": 14}}, {"type": "Feature", "geometry": {"type": "Point", "coordinates": [14.0, 54.0]}, "properties": {"value": 0.2, "time": "2025-12-16T14:00:00", "date": "2025-12-16", "hour": 14}}, {"type": "Feature", "geometry": {"type": "Point", "coordinates": [14.5, 54.0]}, "properties": {"value": 0.248, "time": "2025-12-16T14:00:00", "date": "2025-12-16", "hour": 14}}, {"type": "Feature", "geometry": {"type": "Point", "coordinates": [15.0, 54.0]}, "properties": {"value": 0.27, "time": "2025-12-16T14:00:00", "date": "2025-12-16", "hour": 14}}, {"type": "Feature", "geometry": {"type": "Point", "coordinates": [5.0, 54.5]}, "properties": {"value": 1.099, "time": "2025-12-16T14:00:00", "date": "2025-12-16", "hour": 14}}, {"type": "Feature", "geometry": {"type": "Point", "coordinates": [5.5, 54.5]}, "properties": {"value": 1.092, "time": "2025-12-16T14:00:00", "date": "2025-12-16", "hour": 14}}, {"type": "Feature", "geometry": {"type": "Point", "coordinates": [6.0, 54.5]}, "properties": {"value": 1.054, "time": "2025-12-16T14:00:00", "date": "2025-12-16", "hour": 14}}, {"type": "Feature", "geometry": {"type": "Point", "coordinates": [6.5, 54.5]}, "properties": {"value": 1.008, "time": "2025-12-16T14:00:00", "date": "2025-12-16", "hour": 14}}, {"type": "Feature", "geometry": {"type": "Point", "coordinates": [7.0, 54.5]}, "properties": {"value": 0.945, "time": "2025-12-16T14:00:00", "date": "2025-12-16", "hour": 14}}, {"type": "Feature", "geometry": {"type": "Point", "coordinates": [7.5, 54.5]}, "properties": {"value": 0.881, "time": "2025-12-16T14:00:00", "date": "2025-12-16", "hour": 14}}, {"type": "Feature", "geometry": {"type": "Point", "coordinates": [8.0, 54.5]}, "properties": {"value": 0.816, "time": "2025-12-16T14:00:00", "date": "2025-12-16", "hour": 14}}, {"type": "Feature", "geometry": {"type": "Point", "coordinates": [8.5, 54.5]}, "properties": {"value": 0.618, "time": "2025-12-16T14:00:00", "date": "2025-12-16", "hour": 14}}, {"type": "Feature", "geometry": {"type": "Point", "coordinates": [11.0, 54.5]}, "properties": {"value": 0.353, "time": "2025-12-16T14:00:00", "date": "2025-12-16", "hour": 14}}, {"type": "Feature", "geometry": {"type": "Point", "coordinates": [11.5, 54.5]}, "properties": {"value": 0.312, "time": "2025-12-16T14:00:00", "date": "2025-12-16", "hour": 14}}, {"type": "Feature", "geometry": {"type": "Point", "coordinates": [12.0, 54.5]}, "properties": {"value": 0.252, "time": "2025-12-16T14:00:00", "date": "2025-12-16", "hour": 14}}, {"type": "Feature", "geometry": {"type": "Point", "coordinates": [12.5, 54.5]}, "properties": {"value": 0.227, "time": "2025-12-16T14:00:00", "date": "2025-12-16", "hour": 14}}, {"type": "Feature", "geometry": {"type": "Point", "coordinates": [13.0, 54.5]}, "properties": {"value": 0.188, "time": "2025-12-16T14:00:00", "date": "2025-12-16", "hour": 14}}, {"type": "Feature", "geometry": {"type": "Point", "coordinates": [13.5, 54.5]}, "properties": {"value": 0.252, "time": "2025-12-16T14:00:00", "date": "2025-12-16", "hour": 14}}, {"type": "Feature", "geometry": {"type": "Point", "coordinates": [14.0, 54.5]}, "properties": {"value": 0.369, "time": "2025-12-16T14:00:00", "date": "2025-12-16", "hour": 14}}, {"type": "Feature", "geometry": {"type": "Point", "coordinates": [14.5, 54.5]}, "properties": {"value": 0.457, "time": "2025-12-16T14:00:00", "date": "2025-12-16", "hour": 14}}, {"type": "Feature", "geometry": {"type": "Point", "coordinates": [15.0, 54.5]}, "properties": {"value": 0.486, "time": "2025-12-16T14:00:00", "date": "2025-12-16", "hour": 14}}, {"type": "Feature", "geometry": {"type": "Point", "coordinates": [5.0, 55.0]}, "properties": {"value": 1.161, "time": "2025-12-16T14:00:00", "date": "2025-12-16", "hour": 14}}, {"type": "Feature", "geometry": {"type": "Point", "coordinates": [5.5, 55.0]}, "properties": {"value": 1.162, "time": "2025-12-16T14:00:00", "date": "2025-12-16", "hour": 14}}, {"type": "Feature", "geometry": {"type": "Point", "coordinates": [6.0, 55.0]}, "properties": {"value": 1.142, "time": "2025-12-16T14:00:00", "date": "2025-12-16", "hour": 14}}, {"type": "Feature", "geometry": {"type": "Point", "coordinates": [6.5, 55.0]}, "properties": {"value": 1.107, "time": "2025-12-16T14:00:00", "date": "2025-12-16", "hour": 14}}, {"type": "Feature", "geometry": {"type": "Point", "coordinates": [7.0, 55.0]}, "properties": {"value": 1.066, "time": "2025-12-16T14:00:00", "date": "2025-12-16", "hour": 14}}, {"type": "Feature", "geometry": {"type": "Point", "coordinates": [7.5, 55.0]}, "properties": {"value": 1.019, "time": "2025-12-16T14:00:00", "date": "2025-12-16", "hour": 14}}, {"type": "Feature", "geometry": {"type": "Point", "coordinates": [8.0, 55.0]}, "properties": {"value": 0.925, "time": "2025-12-16T14:00:00", "date": "2025-12-16", "hour": 14}}, {"type": "Feature", "geometry": {"type": "Point", "coordinates": [8.5, 55.0]}, "properties": {"value": 0.741, "time": "2025-12-16T14:00:00", "date": "2025-12-16", "hour": 14}}, {"type": "Feature", "geometry": {"type": "Point", "coordinates": [10.0, 55.0]}, "properties": {"value": 0.173, "time": "2025-12-16T14:00:00", "date": "2025-12-16", "hour": 14}}, {"type": "Feature", "geometry": {"type": "Point", "coordinates": [10.5, 55.0]}, "properties": {"value": 0.261, "time": "2025-12-16T14:00:00", "date": "2025-12-16", "hour": 14}}, {"type": "Feature", "geometry": {"type": "Point", "coordinates": [11.0, 55.0]}, "properties": {"value": 0.297, "time": "2025-12-16T14:00:00", "date": "2025-12-16", "hour": 14}}, {"type": "Feature", "geometry": {"type": "Point", "coordinates": [11.5, 55.0]}, "properties": {"value": 0.298, "time": "2025-12-16T14:00:00", "date": "2025-12-16", "hour": 14}}, {"type": "Feature", "geometry": {"type": "Point", "coordinates": [12.5, 55.0]}, "properties": {"value": 0.317, "time": "2025-12-16T14:00:00", "date": "2025-12-16", "hour": 14}}, {"type": "Feature", "geometry": {"type": "Point", "coordinates": [13.0, 55.0]}, "properties": {"value": 0.348, "time": "2025-12-16T14:00:00", "date": "2025-12-16", "hour": 14}}, {"type": "Feature", "geometry": {"type": "Point", "coordinates": [13.5, 55.0]}, "properties": {"value": 0.395, "time": "2025-12-16T14:00:00", "date": "2025-12-16", "hour": 14}}, {"type": "Feature", "geometry": {"type": "Point", "coordinates": [14.0, 55.0]}, "properties": {"value": 0.466, "time": "2025-12-16T14:00:00", "date": "2025-12-16", "hour": 14}}, {"type": "Feature", "geometry": {"type": "Point", "coordinates": [14.5, 55.0]}, "properties": {"value": 0.548, "time": "2025-12-16T14:00:00", "date": "2025-12-16", "hour": 14}}, {"type": "Feature", "geometry": {"type": "Point", "coordinates": [15.0, 55.0]}, "properties": {"value": 0.589, "time": "2025-12-16T14:00:00", "date": "2025-12-16", "hour": 14}}, {"type": "Feature", "geometry": {"type": "Point", "coordinates": [5.0, 53.0]}, "properties": {"value": 0.589, "time": "2025-12-16T15:00:00", "date": "2025-12-16", "hour": 15}}, {"type": "Feature", "geometry": {"type": "Point", "coordinates": [5.0, 53.5]}, "properties": {"value": 0.767, "time": "2025-12-16T15:00:00", "date": "2025-12-16", "hour": 15}}, {"type": "Feature", "geometry": {"type": "Point", "coordinates": [5.5, 53.5]}, "properties": {"value": 0.697, "time": "2025-12-16T15:00:00", "date": "2025-12-16", "hour": 15}}, {"type": "Feature", "geometry": {"type": "Point", "coordinates": [6.0, 53.5]}, "properties": {"value": 0.613, "time": "2025-12-16T15:00:00", "date": "2025-12-16", "hour": 15}}, {"type": "Feature", "geometry": {"type": "Point", "coordinates": [7.0, 53.5]}, "properties": {"value": 0.418, "time": "2025-12-16T15:00:00", "date": "2025-12-16", "hour": 15}}, {"type": "Feature", "geometry": {"type": "Point", "coordinates": [7.5, 53.5]}, "properties": {"value": 0.271, "time": "2025-12-16T15:00:00", "date": "2025-12-16", "hour": 15}}, {"type": "Feature", "geometry": {"type": "Point", "coordinates": [8.5, 53.5]}, "properties": {"value": 0.157, "time": "2025-12-16T15:00:00", "date": "2025-12-16", "hour": 15}}, {"type": "Feature", "geometry": {"type": "Point", "coordinates": [5.0, 54.0]}, "properties": {"value": 0.985, "time": "2025-12-16T15:00:00", "date": "2025-12-16", "hour": 15}}, {"type": "Feature", "geometry": {"type": "Point", "coordinates": [5.5, 54.0]}, "properties": {"value": 0.953, "time": "2025-12-16T15:00:00", "date": "2025-12-16", "hour": 15}}, {"type": "Feature", "geometry": {"type": "Point", "coordinates": [6.0, 54.0]}, "properties": {"value": 0.874, "time": "2025-12-16T15:00:00", "date": "2025-12-16", "hour": 15}}, {"type": "Feature", "geometry": {"type": "Point", "coordinates": [6.5, 54.0]}, "properties": {"value": 0.789, "time": "2025-12-16T15:00:00", "date": "2025-12-16", "hour": 15}}, {"type": "Feature", "geometry": {"type": "Point", "coordinates": [7.0, 54.0]}, "properties": {"value": 0.694, "time": "2025-12-16T15:00:00", "date": "2025-12-16", "hour": 15}}, {"type": "Feature", "geometry": {"type": "Point", "coordinates": [7.5, 54.0]}, "properties": {"value": 0.607, "time": "2025-12-16T15:00:00", "date": "2025-12-16", "hour": 15}}, {"type": "Feature", "geometry": {"type": "Point", "coordinates": [8.0, 54.0]}, "properties": {"value": 0.555, "time": "2025-12-16T15:00:00", "date": "2025-12-16", "hour": 15}}, {"type": "Feature", "geometry": {"type": "Point", "coordinates": [8.5, 54.0]}, "properties": {"value": 0.475, "time": "2025-12-16T15:00:00", "date": "2025-12-16", "hour": 15}}, {"type": "Feature", "geometry": {"type": "Point", "coordinates": [11.0, 54.0]}, "properties": {"value": 0.163, "time": "2025-12-16T15:00:00", "date": "2025-12-16", "hour": 15}}, {"type": "Feature", "geometry": {"type": "Point", "coordinates": [14.0, 54.0]}, "properties": {"value": 0.203, "time": "2025-12-16T15:00:00", "date": "2025-12-16", "hour": 15}}, {"type": "Feature", "geometry": {"type": "Point", "coordinates": [14.5, 54.0]}, "properties": {"value": 0.246, "time": "2025-12-16T15:00:00", "date": "2025-12-16", "hour": 15}}, {"type": "Feature", "geometry": {"type": "Point", "coordinates": [15.0, 54.0]}, "properties": {"value": 0.267, "time": "2025-12-16T15:00:00", "date": "2025-12-16", "hour": 15}}, {"type": "Feature", "geometry": {"type": "Point", "coordinates": [5.0, 54.5]}, "properties": {"value": 1.069, "time": "2025-12-16T15:00:00", "date": "2025-12-16", "hour": 15}}, {"type": "Feature", "geometry": {"type": "Point", "coordinates": [5.5, 54.5]}, "properties": {"value": 1.061, "time": "2025-12-16T15:00:00", "date": "2025-12-16", "hour": 15}}, {"type": "Feature", "geometry": {"type": "Point", "coordinates": [6.0, 54.5]}, "properties": {"value": 1.027, "time": "2025-12-16T15:00:00", "date": "2025-12-16", "hour": 15}}, {"type": "Feature", "geometry": {"type": "Point", "coordinates": [6.5, 54.5]}, "properties": {"value": 0.981, "time": "2025-12-16T15:00:00", "date": "2025-12-16", "hour": 15}}, {"type": "Feature", "geometry": {"type": "Point", "coordinates": [7.0, 54.5]}, "properties": {"value": 0.917, "time": "2025-12-16T15:00:00", "date": "2025-12-16", "hour": 15}}, {"type": "Feature", "geometry": {"type": "Point", "coordinates": [7.5, 54.5]}, "properties": {"value": 0.85, "time": "2025-12-16T15:00:00", "date": "2025-12-16", "hour": 15}}, {"type": "Feature", "geometry": {"type": "Point", "coordinates": [8.0, 54.5]}, "properties": {"value": 0.784, "time": "2025-12-16T15:00:00", "date": "2025-12-16", "hour": 15}}, {"type": "Feature", "geometry": {"type": "Point", "coordinates": [8.5, 54.5]}, "properties": {"value": 0.598, "time": "2025-12-16T15:00:00", "date": "2025-12-16", "hour": 15}}, {"type": "Feature", "geometry": {"type": "Point", "coordinates": [11.0, 54.5]}, "properties": {"value": 0.391, "time": "2025-12-16T15:00:00", "date": "2025-12-16", "hour": 15}}, {"type": "Feature", "geometry": {"type": "Point", "coordinates": [11.5, 54.5]}, "properties": {"value": 0.341, "time": "2025-12-16T15:00:00", "date": "2025-12-16", "hour": 15}}, {"type": "Feature", "geometry": {"type": "Point", "coordinates": [12.0, 54.5]}, "properties": {"value": 0.259, "time": "2025-12-16T15:00:00", "date": "2025-12-16", "hour": 15}}, {"type": "Feature", "geometry": {"type": "Point", "coordinates": [12.5, 54.5]}, "properties": {"value": 0.232, "time": "2025-12-16T15:00:00", "date": "2025-12-16", "hour": 15}}, {"type": "Feature", "geometry": {"type": "Point", "coordinates": [13.0, 54.5]}, "properties": {"value": 0.186, "time": "2025-12-16T15:00:00", "date": "2025-12-16", "hour": 15}}, {"type": "Feature", "geometry": {"type": "Point", "coordinates": [13.5, 54.5]}, "properties": {"value": 0.263, "time": "2025-12-16T15:00:00", "date": "2025-12-16", "hour": 15}}, {"type": "Feature", "geometry": {"type": "Point", "coordinates": [14.0, 54.5]}, "properties": {"value": 0.382, "time": "2025-12-16T15:00:00", "date": "2025-12-16", "hour": 15}}, {"type": "Feature", "geometry": {"type": "Point", "coordinates": [14.5, 54.5]}, "properties": {"value": 0.456, "time": "2025-12-16T15:00:00", "date": "2025-12-16", "hour": 15}}, {"type": "Feature", "geometry": {"type": "Point", "coordinates": [15.0, 54.5]}, "properties": {"value": 0.469, "time": "2025-12-16T15:00:00", "date": "2025-12-16", "hour": 15}}, {"type": "Feature", "geometry": {"type": "Point", "coordinates": [5.0, 55.0]}, "properties": {"value": 1.123, "time": "2025-12-16T15:00:00", "date": "2025-12-16", "hour": 15}}, {"type": "Feature", "geometry": {"type": "Point", "coordinates": [5.5, 55.0]}, "properties": {"value": 1.131, "time": "2025-12-16T15:00:00", "date": "2025-12-16", "hour": 15}}, {"type": "Feature", "geometry": {"type": "Point", "coordinates": [6.0, 55.0]}, "properties": {"value": 1.114, "time": "2025-12-16T15:00:00", "date": "2025-12-16", "hour": 15}}, {"type": "Feature", "geometry": {"type": "Point", "coordinates": [6.5, 55.0]}, "properties": {"value": 1.081, "time": "2025-12-16T15:00:00", "date": "2025-12-16", "hour": 15}}, {"type": "Feature", "geometry": {"type": "Point", "coordinates": [7.0, 55.0]}, "properties": {"value": 1.045, "time": "2025-12-16T15:00:00", "date": "2025-12-16", "hour": 15}}, {"type": "Feature", "geometry": {"type": "Point", "coordinates": [7.5, 55.0]}, "properties": {"value": 1.002, "time": "2025-12-16T15:00:00", "date": "2025-12-16", "hour": 15}}, {"type": "Feature", "geometry": {"type": "Point", "coordinates": [8.0, 55.0]}, "properties": {"value": 0.911, "time": "2025-12-16T15:00:00", "date": "2025-12-16", "hour": 15}}, {"type": "Feature", "geometry": {"type": "Point", "coordinates": [8.5, 55.0]}, "properties": {"value": 0.73, "time": "2025-12-16T15:00:00", "date": "2025-12-16", "hour": 15}}, {"type": "Feature", "geometry": {"type": "Point", "coordinates": [10.0, 55.0]}, "properties": {"value": 0.177, "time": "2025-12-16T15:00:00", "date": "2025-12-16", "hour": 15}}, {"type": "Feature", "geometry": {"type": "Point", "coordinates": [10.5, 55.0]}, "properties": {"value": 0.279, "time": "2025-12-16T15:00:00", "date": "2025-12-16", "hour": 15}}, {"type": "Feature", "geometry": {"type": "Point", "coordinates": [11.0, 55.0]}, "properties": {"value": 0.319, "time": "2025-12-16T15:00:00", "date": "2025-12-16", "hour": 15}}, {"type": "Feature", "geometry": {"type": "Point", "coordinates": [11.5, 55.0]}, "properties": {"value": 0.317, "time": "2025-12-16T15:00:00", "date": "2025-12-16", "hour": 15}}, {"type": "Feature", "geometry": {"type": "Point", "coordinates": [12.5, 55.0]}, "properties": {"value": 0.32, "time": "2025-12-16T15:00:00", "date": "2025-12-16", "hour": 15}}, {"type": "Feature", "geometry": {"type": "Point", "coordinates": [13.0, 55.0]}, "properties": {"value": 0.346, "time": "2025-12-16T15:00:00", "date": "2025-12-16", "hour": 15}}, {"type": "Feature", "geometry": {"type": "Point", "coordinates": [13.5, 55.0]}, "properties": {"value": 0.394, "time": "2025-12-16T15:00:00", "date": "2025-12-16", "hour": 15}}, {"type": "Feature", "geometry": {"type": "Point", "coordinates": [14.0, 55.0]}, "properties": {"value": 0.466, "time": "2025-12-16T15:00:00", "date": "2025-12-16", "hour": 15}}, {"type": "Feature", "geometry": {"type": "Point", "coordinates": [14.5, 55.0]}, "properties": {"value": 0.541, "time": "2025-12-16T15:00:00", "date": "2025-12-16", "hour": 15}}, {"type": "Feature", "geometry": {"type": "Point", "coordinates": [15.0, 55.0]}, "properties": {"value": 0.566, "time": "2025-12-16T15:00:00", "date": "2025-12-16", "hour": 15}}, {"type": "Feature", "geometry": {"type": "Point", "coordinates": [5.0, 53.0]}, "properties": {"value": 0.544, "time": "2025-12-16T16:00:00", "date": "2025-12-16", "hour": 16}}, {"type": "Feature", "geometry": {"type": "Point", "coordinates": [5.0, 53.5]}, "properties": {"value": 0.714, "time": "2025-12-16T16:00:00", "date": "2025-12-16", "hour": 16}}, {"type": "Feature", "geometry": {"type": "Point", "coordinates": [5.5, 53.5]}, "properties": {"value": 0.643, "time": "2025-12-16T16:00:00", "date": "2025-12-16", "hour": 16}}, {"type": "Feature", "geometry": {"type": "Point", "coordinates": [6.0, 53.5]}, "properties": {"value": 0.572, "time": "2025-12-16T16:00:00", "date": "2025-12-16", "hour": 16}}, {"type": "Feature", "geometry": {"type": "Point", "coordinates": [7.0, 53.5]}, "properties": {"value": 0.392, "time": "2025-12-16T16:00:00", "date": "2025-12-16", "hour": 16}}, {"type": "Feature", "geometry": {"type": "Point", "coordinates": [7.5, 53.5]}, "properties": {"value": 0.26, "time": "2025-12-16T16:00:00", "date": "2025-12-16", "hour": 16}}, {"type": "Feature", "geometry": {"type": "Point", "coordinates": [8.5, 53.5]}, "properties": {"value": 0.152, "time": "2025-12-16T16:00:00", "date": "2025-12-16", "hour": 16}}, {"type": "Feature", "geometry": {"type": "Point", "coordinates": [5.0, 54.0]}, "properties": {"value": 0.933, "time": "2025-12-16T16:00:00", "date": "2025-12-16", "hour": 16}}, {"type": "Feature", "geometry": {"type": "Point", "coordinates": [5.5, 54.0]}, "properties": {"value": 0.901, "time": "2025-12-16T16:00:00", "date": "2025-12-16", "hour": 16}}, {"type": "Feature", "geometry": {"type": "Point", "coordinates": [6.0, 54.0]}, "properties": {"value": 0.828, "time": "2025-12-16T16:00:00", "date": "2025-12-16", "hour": 16}}, {"type": "Feature", "geometry": {"type": "Point", "coordinates": [6.5, 54.0]}, "properties": {"value": 0.747, "time": "2025-12-16T16:00:00", "date": "2025-12-16", "hour": 16}}, {"type": "Feature", "geometry": {"type": "Point", "coordinates": [7.0, 54.0]}, "properties": {"value": 0.658, "time": "2025-12-16T16:00:00", "date": "2025-12-16", "hour": 16}}, {"type": "Feature", "geometry": {"type": "Point", "coordinates": [7.5, 54.0]}, "properties": {"value": 0.577, "time": "2025-12-16T16:00:00", "date": "2025-12-16", "hour": 16}}, {"type": "Feature", "geometry": {"type": "Point", "coordinates": [8.0, 54.0]}, "properties": {"value": 0.529, "time": "2025-12-16T16:00:00", "date": "2025-12-16", "hour": 16}}, {"type": "Feature", "geometry": {"type": "Point", "coordinates": [8.5, 54.0]}, "properties": {"value": 0.456, "time": "2025-12-16T16:00:00", "date": "2025-12-16", "hour": 16}}, {"type": "Feature", "geometry": {"type": "Point", "coordinates": [11.0, 54.0]}, "properties": {"value": 0.165, "time": "2025-12-16T16:00:00", "date": "2025-12-16", "hour": 16}}, {"type": "Feature", "geometry": {"type": "Point", "coordinates": [14.0, 54.0]}, "properties": {"value": 0.212, "time": "2025-12-16T16:00:00", "date": "2025-12-16", "hour": 16}}, {"type": "Feature", "geometry": {"type": "Point", "coordinates": [14.5, 54.0]}, "properties": {"value": 0.254, "time": "2025-12-16T16:00:00", "date": "2025-12-16", "hour": 16}}, {"type": "Feature", "geometry": {"type": "Point", "coordinates": [15.0, 54.0]}, "properties": {"value": 0.273, "time": "2025-12-16T16:00:00", "date": "2025-12-16", "hour": 16}}, {"type": "Feature", "geometry": {"type": "Point", "coordinates": [5.0, 54.5]}, "properties": {"value": 1.028, "time": "2025-12-16T16:00:00", "date": "2025-12-16", "hour": 16}}, {"type": "Feature", "geometry": {"type": "Point", "coordinates": [5.5, 54.5]}, "properties": {"value": 1.019, "time": "2025-12-16T16:00:00", "date": "2025-12-16", "hour": 16}}, {"type": "Feature", "geometry": {"type": "Point", "coordinates": [6.0, 54.5]}, "properties": {"value": 0.987, "time": "2025-12-16T16:00:00", "date": "2025-12-16", "hour": 16}}, {"type": "Feature", "geometry": {"type": "Point", "coordinates": [6.5, 54.5]}, "properties": {"value": 0.944, "time": "2025-12-16T16:00:00", "date": "2025-12-16", "hour": 16}}, {"type": "Feature", "geometry": {"type": "Point", "coordinates": [7.0, 54.5]}, "properties": {"value": 0.885, "time": "2025-12-16T16:00:00", "date": "2025-12-16", "hour": 16}}, {"type": "Feature", "geometry": {"type": "Point", "coordinates": [7.5, 54.5]}, "properties": {"value": 0.817, "time": "2025-12-16T16:00:00", "date": "2025-12-16", "hour": 16}}, {"type": "Feature", "geometry": {"type": "Point", "coordinates": [8.0, 54.5]}, "properties": {"value": 0.749, "time": "2025-12-16T16:00:00", "date": "2025-12-16", "hour": 16}}, {"type": "Feature", "geometry": {"type": "Point", "coordinates": [8.5, 54.5]}, "properties": {"value": 0.574, "time": "2025-12-16T16:00:00", "date": "2025-12-16", "hour": 16}}, {"type": "Feature", "geometry": {"type": "Point", "coordinates": [11.0, 54.5]}, "properties": {"value": 0.415, "time": "2025-12-16T16:00:00", "date": "2025-12-16", "hour": 16}}, {"type": "Feature", "geometry": {"type": "Point", "coordinates": [11.5, 54.5]}, "properties": {"value": 0.37, "time": "2025-12-16T16:00:00", "date": "2025-12-16", "hour": 16}}, {"type": "Feature", "geometry": {"type": "Point", "coordinates": [12.0, 54.5]}, "properties": {"value": 0.27, "time": "2025-12-16T16:00:00", "date": "2025-12-16", "hour": 16}}, {"type": "Feature", "geometry": {"type": "Point", "coordinates": [12.5, 54.5]}, "properties": {"value": 0.245, "time": "2025-12-16T16:00:00", "date": "2025-12-16", "hour": 16}}, {"type": "Feature", "geometry": {"type": "Point", "coordinates": [13.0, 54.5]}, "properties": {"value": 0.189, "time": "2025-12-16T16:00:00", "date": "2025-12-16", "hour": 16}}, {"type": "Feature", "geometry": {"type": "Point", "coordinates": [13.5, 54.5]}, "properties": {"value": 0.27, "time": "2025-12-16T16:00:00", "date": "2025-12-16", "hour": 16}}, {"type": "Feature", "geometry": {"type": "Point", "coordinates": [14.0, 54.5]}, "properties": {"value": 0.389, "time": "2025-12-16T16:00:00", "date": "2025-12-16", "hour": 16}}, {"type": "Feature", "geometry": {"type": "Point", "coordinates": [14.5, 54.5]}, "properties": {"value": 0.455, "time": "2025-12-16T16:00:00", "date": "2025-12-16", "hour": 16}}, {"type": "Feature", "geometry": {"type": "Point", "coordinates": [15.0, 54.5]}, "properties": {"value": 0.458, "time": "2025-12-16T16:00:00", "date": "2025-12-16", "hour": 16}}, {"type": "Feature", "geometry": {"type": "Point", "coordinates": [5.0, 55.0]}, "properties": {"value": 1.086, "time": "2025-12-16T16:00:00", "date": "2025-12-16", "hour": 16}}, {"type": "Feature", "geometry": {"type": "Point", "coordinates": [5.5, 55.0]}, "properties": {"value": 1.097, "time": "2025-12-16T16:00:00", "date": "2025-12-16", "hour": 16}}, {"type": "Feature", "geometry": {"type": "Point", "coordinates": [6.0, 55.0]}, "properties": {"value": 1.083, "time": "2025-12-16T16:00:00", "date": "2025-12-16", "hour": 16}}, {"type": "Feature", "geometry": {"type": "Point", "coordinates": [6.5, 55.0]}, "properties": {"value": 1.052, "time": "2025-12-16T16:00:00", "date": "2025-12-16", "hour": 16}}, {"type": "Feature", "geometry": {"type": "Point", "coordinates": [7.0, 55.0]}, "properties": {"value": 1.015, "time": "2025-12-16T16:00:00", "date": "2025-12-16", "hour": 16}}, {"type": "Feature", "geometry": {"type": "Point", "coordinates": [7.5, 55.0]}, "properties": {"value": 0.968, "time": "2025-12-16T16:00:00", "date": "2025-12-16", "hour": 16}}, {"type": "Feature", "geometry": {"type": "Point", "coordinates": [8.0, 55.0]}, "properties": {"value": 0.876, "time": "2025-12-16T16:00:00", "date": "2025-12-16", "hour": 16}}, {"type": "Feature", "geometry": {"type": "Point", "coordinates": [8.5, 55.0]}, "properties": {"value": 0.703, "time": "2025-12-16T16:00:00", "date": "2025-12-16", "hour": 16}}, {"type": "Feature", "geometry": {"type": "Point", "coordinates": [10.0, 55.0]}, "properties": {"value": 0.17, "time": "2025-12-16T16:00:00", "date": "2025-12-16", "hour": 16}}, {"type": "Feature", "geometry": {"type": "Point", "coordinates": [10.5, 55.0]}, "properties": {"value": 0.282, "time": "2025-12-16T16:00:00", "date": "2025-12-16", "hour": 16}}, {"type": "Feature", "geometry": {"type": "Point", "coordinates": [11.0, 55.0]}, "properties": {"value": 0.338, "time": "2025-12-16T16:00:00", "date": "2025-12-16", "hour": 16}}, {"type": "Feature", "geometry": {"type": "Point", "coordinates": [11.5, 55.0]}, "properties": {"value": 0.339, "time": "2025-12-16T16:00:00", "date": "2025-12-16", "hour": 16}}, {"type": "Feature", "geometry": {"type": "Point", "coordinates": [12.5, 55.0]}, "properties": {"value": 0.335, "time": "2025-12-16T16:00:00", "date": "2025-12-16", "hour": 16}}, {"type": "Feature", "geometry": {"type": "Point", "coordinates": [13.0, 55.0]}, "properties": {"value": 0.35, "time": "2025-12-16T16:00:00", "date": "2025-12-16", "hour": 16}}, {"type": "Feature", "geometry": {"type": "Point", "coordinates": [13.5, 55.0]}, "properties": {"value": 0.392, "time": "2025-12-16T16:00:00", "date": "2025-12-16", "hour": 16}}, {"type": "Feature", "geometry": {"type": "Point", "coordinates": [14.0, 55.0]}, "properties": {"value": 0.458, "time": "2025-12-16T16:00:00", "date": "2025-12-16", "hour": 16}}, {"type": "Feature", "geometry": {"type": "Point", "coordinates": [14.5, 55.0]}, "properties": {"value": 0.534, "time": "2025-12-16T16:00:00", "date": "2025-12-16", "hour": 16}}, {"type": "Feature", "geometry": {"type": "Point", "coordinates": [15.0, 55.0]}, "properties": {"value": 0.552, "time": "2025-12-16T16:00:00", "date": "2025-12-16", "hour": 16}}, {"type": "Feature", "geometry": {"type": "Point", "coordinates": [5.0, 53.0]}, "properties": {"value": 0.513, "time": "2025-12-16T17:00:00", "date": "2025-12-16", "hour": 17}}, {"type": "Feature", "geometry": {"type": "Point", "coordinates": [5.0, 53.5]}, "properties": {"value": 0.674, "time": "2025-12-16T17:00:00", "date": "2025-12-16", "hour": 17}}, {"type": "Feature", "geometry": {"type": "Point", "coordinates": [5.5, 53.5]}, "properties": {"value": 0.607, "time": "2025-12-16T17:00:00", "date": "2025-12-16", "hour": 17}}, {"type": "Feature", "geometry": {"type": "Point", "coordinates": [6.0, 53.5]}, "properties": {"value": 0.544, "time": "2025-12-16T17:00:00", "date": "2025-12-16", "hour": 17}}, {"type": "Feature", "geometry": {"type": "Point", "coordinates": [7.0, 53.5]}, "properties": {"value": 0.378, "time": "2025-12-16T17:00:00", "date": "2025-12-16", "hour": 17}}, {"type": "Feature", "geometry": {"type": "Point", "coordinates": [7.5, 53.5]}, "properties": {"value": 0.255, "time": "2025-12-16T17:00:00", "date": "2025-12-16", "hour": 17}}, {"type": "Feature", "geometry": {"type": "Point", "coordinates": [8.5, 53.5]}, "properties": {"value": 0.157, "time": "2025-12-16T17:00:00", "date": "2025-12-16", "hour": 17}}, {"type": "Feature", "geometry": {"type": "Point", "coordinates": [5.0, 54.0]}, "properties": {"value": 0.888, "time": "2025-12-16T17:00:00", "date": "2025-12-16", "hour": 17}}, {"type": "Feature", "geometry": {"type": "Point", "coordinates": [5.5, 54.0]}, "properties": {"value": 0.856, "time": "2025-12-16T17:00:00", "date": "2025-12-16", "hour": 17}}, {"type": "Feature", "geometry": {"type": "Point", "coordinates": [6.0, 54.0]}, "properties": {"value": 0.788, "time": "2025-12-16T17:00:00", "date": "2025-12-16", "hour": 17}}, {"type": "Feature", "geometry": {"type": "Point", "coordinates": [6.5, 54.0]}, "properties": {"value": 0.714, "time": "2025-12-16T17:00:00", "date": "2025-12-16", "hour": 17}}, {"type": "Feature", "geometry": {"type": "Point", "coordinates": [7.0, 54.0]}, "properties": {"value": 0.633, "time": "2025-12-16T17:00:00", "date": "2025-12-16", "hour": 17}}, {"type": "Feature", "geometry": {"type": "Point", "coordinates": [7.5, 54.0]}, "properties": {"value": 0.562, "time": "2025-12-16T17:00:00", "date": "2025-12-16", "hour": 17}}, {"type": "Feature", "geometry": {"type": "Point", "coordinates": [8.0, 54.0]}, "properties": {"value": 0.519, "time": "2025-12-16T17:00:00", "date": "2025-12-16", "hour": 17}}, {"type": "Feature", "geometry": {"type": "Point", "coordinates": [8.5, 54.0]}, "properties": {"value": 0.448, "time": "2025-12-16T17:00:00", "date": "2025-12-16", "hour": 17}}, {"type": "Feature", "geometry": {"type": "Point", "coordinates": [11.0, 54.0]}, "properties": {"value": 0.188, "time": "2025-12-16T17:00:00", "date": "2025-12-16", "hour": 17}}, {"type": "Feature", "geometry": {"type": "Point", "coordinates": [14.0, 54.0]}, "properties": {"value": 0.248, "time": "2025-12-16T17:00:00", "date": "2025-12-16", "hour": 17}}, {"type": "Feature", "geometry": {"type": "Point", "coordinates": [14.5, 54.0]}, "properties": {"value": 0.282, "time": "2025-12-16T17:00:00", "date": "2025-12-16", "hour": 17}}, {"type": "Feature", "geometry": {"type": "Point", "coordinates": [15.0, 54.0]}, "properties": {"value": 0.297, "time": "2025-12-16T17:00:00", "date": "2025-12-16", "hour": 17}}, {"type": "Feature", "geometry": {"type": "Point", "coordinates": [5.0, 54.5]}, "properties": {"value": 0.985, "time": "2025-12-16T17:00:00", "date": "2025-12-16", "hour": 17}}, {"type": "Feature", "geometry": {"type": "Point", "coordinates": [5.5, 54.5]}, "properties": {"value": 0.976, "time": "2025-12-16T17:00:00", "date": "2025-12-16", "hour": 17}}, {"type": "Feature", "geometry": {"type": "Point", "coordinates": [6.0, 54.5]}, "properties": {"value": 0.948, "time": "2025-12-16T17:00:00", "date": "2025-12-16", "hour": 17}}, {"type": "Feature", "geometry": {"type": "Point", "coordinates": [6.5, 54.5]}, "properties": {"value": 0.907, "time": "2025-12-16T17:00:00", "date": "2025-12-16", "hour": 17}}, {"type": "Feature", "geometry": {"type": "Point", "coordinates": [7.0, 54.5]}, "properties": {"value": 0.852, "time": "2025-12-16T17:00:00", "date": "2025-12-16", "hour": 17}}, {"type": "Feature", "geometry": {"type": "Point", "coordinates": [7.5, 54.5]}, "properties": {"value": 0.789, "time": "2025-12-16T17:00:00", "date": "2025-12-16", "hour": 17}}, {"type": "Feature", "geometry": {"type": "Point", "coordinates": [8.0, 54.5]}, "properties": {"value": 0.727, "time": "2025-12-16T17:00:00", "date": "2025-12-16", "hour": 17}}, {"type": "Feature", "geometry": {"type": "Point", "coordinates": [8.5, 54.5]}, "properties": {"value": 0.558, "time": "2025-12-16T17:00:00", "date": "2025-12-16", "hour": 17}}, {"type": "Feature", "geometry": {"type": "Point", "coordinates": [11.0, 54.5]}, "properties": {"value": 0.432, "time": "2025-12-16T17:00:00", "date": "2025-12-16", "hour": 17}}, {"type": "Feature", "geometry": {"type": "Point", "coordinates": [11.5, 54.5]}, "properties": {"value": 0.4, "time": "2025-12-16T17:00:00", "date": "2025-12-16", "hour": 17}}, {"type": "Feature", "geometry": {"type": "Point", "coordinates": [12.0, 54.5]}, "properties": {"value": 0.292, "time": "2025-12-16T17:00:00", "date": "2025-12-16", "hour": 17}}, {"type": "Feature", "geometry": {"type": "Point", "coordinates": [12.5, 54.5]}, "properties": {"value": 0.273, "time": "2025-12-16T17:00:00", "date": "2025-12-16", "hour": 17}}, {"type": "Feature", "geometry": {"type": "Point", "coordinates": [13.0, 54.5]}, "properties": {"value": 0.207, "time": "2025-12-16T17:00:00", "date": "2025-12-16", "hour": 17}}, {"type": "Feature", "geometry": {"type": "Point", "coordinates": [13.5, 54.5]}, "properties": {"value": 0.3, "time": "2025-12-16T17:00:00", "date": "2025-12-16", "hour": 17}}, {"type": "Feature", "geometry": {"type": "Point", "coordinates": [14.0, 54.5]}, "properties": {"value": 0.42, "time": "2025-12-16T17:00:00", "date": "2025-12-16", "hour": 17}}, {"type": "Feature", "geometry": {"type": "Point", "coordinates": [14.5, 54.5]}, "properties": {"value": 0.468, "time": "2025-12-16T17:00:00", "date": "2025-12-16", "hour": 17}}, {"type": "Feature", "geometry": {"type": "Point", "coordinates": [15.0, 54.5]}, "properties": {"value": 0.457, "time": "2025-12-16T17:00:00", "date": "2025-12-16", "hour": 17}}, {"type": "Feature", "geometry": {"type": "Point", "coordinates": [5.0, 55.0]}, "properties": {"value": 1.044, "time": "2025-12-16T17:00:00", "date": "2025-12-16", "hour": 17}}, {"type": "Feature", "geometry": {"type": "Point", "coordinates": [5.5, 55.0]}, "properties": {"value": 1.055, "time": "2025-12-16T17:00:00", "date": "2025-12-16", "hour": 17}}, {"type": "Feature", "geometry": {"type": "Point", "coordinates": [6.0, 55.0]}, "properties": {"value": 1.044, "time": "2025-12-16T17:00:00", "date": "2025-12-16", "hour": 17}}, {"type": "Feature", "geometry": {"type": "Point", "coordinates": [6.5, 55.0]}, "properties": {"value": 1.017, "time": "2025-12-16T17:00:00", "date": "2025-12-16", "hour": 17}}, {"type": "Feature", "geometry": {"type": "Point", "coordinates": [7.0, 55.0]}, "properties": {"value": 0.981, "time": "2025-12-16T17:00:00", "date": "2025-12-16", "hour": 17}}, {"type": "Feature", "geometry": {"type": "Point", "coordinates": [7.5, 55.0]}, "properties": {"value": 0.932, "time": "2025-12-16T17:00:00", "date": "2025-12-16", "hour": 17}}, {"type": "Feature", "geometry": {"type": "Point", "coordinates": [8.0, 55.0]}, "properties": {"value": 0.847, "time": "2025-12-16T17:00:00", "date": "2025-12-16", "hour": 17}}, {"type": "Feature", "geometry": {"type": "Point", "coordinates": [8.5, 55.0]}, "properties": {"value": 0.683, "time": "2025-12-16T17:00:00", "date": "2025-12-16", "hour": 17}}, {"type": "Feature", "geometry": {"type": "Point", "coordinates": [10.0, 55.0]}, "properties": {"value": 0.168, "time": "2025-12-16T17:00:00", "date": "2025-12-16", "hour": 17}}, {"type": "Feature", "geometry": {"type": "Point", "coordinates": [10.5, 55.0]}, "properties": {"value": 0.279, "time": "2025-12-16T17:00:00", "date": "2025-12-16", "hour": 17}}, {"type": "Feature", "geometry": {"type": "Point", "coordinates": [11.0, 55.0]}, "properties": {"value": 0.35, "time": "2025-12-16T17:00:00", "date": "2025-12-16", "hour": 17}}, {"type": "Feature", "geometry": {"type": "Point", "coordinates": [11.5, 55.0]}, "properties": {"value": 0.361, "time": "2025-12-16T17:00:00", "date": "2025-12-16", "hour": 17}}, {"type": "Feature", "geometry": {"type": "Point", "coordinates": [12.5, 55.0]}, "properties": {"value": 0.367, "time": "2025-12-16T17:00:00", "date": "2025-12-16", "hour": 17}}, {"type": "Feature", "geometry": {"type": "Point", "coordinates": [13.0, 55.0]}, "properties": {"value": 0.37, "time": "2025-12-16T17:00:00", "date": "2025-12-16", "hour": 17}}, {"type": "Feature", "geometry": {"type": "Point", "coordinates": [13.5, 55.0]}, "properties": {"value": 0.401, "time": "2025-12-16T17:00:00", "date": "2025-12-16", "hour": 17}}, {"type": "Feature", "geometry": {"type": "Point", "coordinates": [14.0, 55.0]}, "properties": {"value": 0.452, "time": "2025-12-16T17:00:00", "date": "2025-12-16", "hour": 17}}, {"type": "Feature", "geometry": {"type": "Point", "coordinates": [14.5, 55.0]}, "properties": {"value": 0.517, "time": "2025-12-16T17:00:00", "date": "2025-12-16", "hour": 17}}, {"type": "Feature", "geometry": {"type": "Point", "coordinates": [15.0, 55.0]}, "properties": {"value": 0.531, "time": "2025-12-16T17:00:00", "date": "2025-12-16", "hour": 17}}, {"type": "Feature", "geometry": {"type": "Point", "coordinates": [5.0, 53.0]}, "properties": {"value": 0.491, "time": "2025-12-16T18:00:00", "date": "2025-12-16", "hour": 18}}, {"type": "Feature", "geometry": {"type": "Point", "coordinates": [5.0, 53.5]}, "properties": {"value": 0.655, "time": "2025-12-16T18:00:00", "date": "2025-12-16", "hour": 18}}, {"type": "Feature", "geometry": {"type": "Point", "coordinates": [5.5, 53.5]}, "properties": {"value": 0.591, "time": "2025-12-16T18:00:00", "date": "2025-12-16", "hour": 18}}, {"type": "Feature", "geometry": {"type": "Point", "coordinates": [6.0, 53.5]}, "properties": {"value": 0.533, "time": "2025-12-16T18:00:00", "date": "2025-12-16", "hour": 18}}, {"type": "Feature", "geometry": {"type": "Point", "coordinates": [7.0, 53.5]}, "properties": {"value": 0.373, "time": "2025-12-16T18:00:00", "date": "2025-12-16", "hour": 18}}, {"type": "Feature", "geometry": {"type": "Point", "coordinates": [7.5, 53.5]}, "properties": {"value": 0.253, "time": "2025-12-16T18:00:00", "date": "2025-12-16", "hour": 18}}, {"type": "Feature", "geometry": {"type": "Point", "coordinates": [8.5, 53.5]}, "properties": {"value": 0.154, "time": "2025-12-16T18:00:00", "date": "2025-12-16", "hour": 18}}, {"type": "Feature", "geometry": {"type": "Point", "coordinates": [5.0, 54.0]}, "properties": {"value": 0.863, "time": "2025-12-16T18:00:00", "date": "2025-12-16", "hour": 18}}, {"type": "Feature", "geometry": {"type": "Point", "coordinates": [5.5, 54.0]}, "properties": {"value": 0.832, "time": "2025-12-16T18:00:00", "date": "2025-12-16", "hour": 18}}, {"type": "Feature", "geometry": {"type": "Point", "coordinates": [6.0, 54.0]}, "properties": {"value": 0.77, "time": "2025-12-16T18:00:00", "date": "2025-12-16", "hour": 18}}, {"type": "Feature", "geometry": {"type": "Point", "coordinates": [6.5, 54.0]}, "properties": {"value": 0.701, "time": "2025-12-16T18:00:00", "date": "2025-12-16", "hour": 18}}, {"type": "Feature", "geometry": {"type": "Point", "coordinates": [7.0, 54.0]}, "properties": {"value": 0.628, "time": "2025-12-16T18:00:00", "date": "2025-12-16", "hour": 18}}, {"type": "Feature", "geometry": {"type": "Point", "coordinates": [7.5, 54.0]}, "properties": {"value": 0.566, "time": "2025-12-16T18:00:00", "date": "2025-12-16", "hour": 18}}, {"type": "Feature", "geometry": {"type": "Point", "coordinates": [8.0, 54.0]}, "properties": {"value": 0.528, "time": "2025-12-16T18:00:00", "date": "2025-12-16", "hour": 18}}, {"type": "Feature", "geometry": {"type": "Point", "coordinates": [8.5, 54.0]}, "properties": {"value": 0.451, "time": "2025-12-16T18:00:00", "date": "2025-12-16", "hour": 18}}, {"type": "Feature", "geometry": {"type": "Point", "coordinates": [11.0, 54.0]}, "properties": {"value": 0.201, "time": "2025-12-16T18:00:00", "date": "2025-12-16", "hour": 18}}, {"type": "Feature", "geometry": {"type": "Point", "coordinates": [14.0, 54.0]}, "properties": {"value": 0.302, "time": "2025-12-16T18:00:00", "date": "2025-12-16", "hour": 18}}, {"type": "Feature", "geometry": {"type": "Point", "coordinates": [14.5, 54.0]}, "properties": {"value": 0.33, "time": "2025-12-16T18:00:00", "date": "2025-12-16", "hour": 18}}, {"type": "Feature", "geometry": {"type": "Point", "coordinates": [15.0, 54.0]}, "properties": {"value": 0.344, "time": "2025-12-16T18:00:00", "date": "2025-12-16", "hour": 18}}, {"type": "Feature", "geometry": {"type": "Point", "coordinates": [5.0, 54.5]}, "properties": {"value": 0.957, "time": "2025-12-16T18:00:00", "date": "2025-12-16", "hour": 18}}, {"type": "Feature", "geometry": {"type": "Point", "coordinates": [5.5, 54.5]}, "properties": {"value": 0.947, "time": "2025-12-16T18:00:00", "date": "2025-12-16", "hour": 18}}, {"type": "Feature", "geometry": {"type": "Point", "coordinates": [6.0, 54.5]}, "properties": {"value": 0.924, "time": "2025-12-16T18:00:00", "date": "2025-12-16", "hour": 18}}, {"type": "Feature", "geometry": {"type": "Point", "coordinates": [6.5, 54.5]}, "properties": {"value": 0.889, "time": "2025-12-16T18:00:00", "date": "2025-12-16", "hour": 18}}, {"type": "Feature", "geometry": {"type": "Point", "coordinates": [7.0, 54.5]}, "properties": {"value": 0.842, "time": "2025-12-16T18:00:00", "date": "2025-12-16", "hour": 18}}, {"type": "Feature", "geometry": {"type": "Point", "coordinates": [7.5, 54.5]}, "properties": {"value": 0.789, "time": "2025-12-16T18:00:00", "date": "2025-12-16", "hour": 18}}, {"type": "Feature", "geometry": {"type": "Point", "coordinates": [8.0, 54.5]}, "properties": {"value": 0.736, "time": "2025-12-16T18:00:00", "date": "2025-12-16", "hour": 18}}, {"type": "Feature", "geometry": {"type": "Point", "coordinates": [8.5, 54.5]}, "properties": {"value": 0.562, "time": "2025-12-16T18:00:00", "date": "2025-12-16", "hour": 18}}, {"type": "Feature", "geometry": {"type": "Point", "coordinates": [11.0, 54.5]}, "properties": {"value": 0.481, "time": "2025-12-16T18:00:00", "date": "2025-12-16", "hour": 18}}, {"type": "Feature", "geometry": {"type": "Point", "coordinates": [11.5, 54.5]}, "properties": {"value": 0.467, "time": "2025-12-16T18:00:00", "date": "2025-12-16", "hour": 18}}, {"type": "Feature", "geometry": {"type": "Point", "coordinates": [12.0, 54.5]}, "properties": {"value": 0.345, "time": "2025-12-16T18:00:00", "date": "2025-12-16", "hour": 18}}, {"type": "Feature", "geometry": {"type": "Point", "coordinates": [12.5, 54.5]}, "properties": {"value": 0.329, "time": "2025-12-16T18:00:00", "date": "2025-12-16", "hour": 18}}, {"type": "Feature", "geometry": {"type": "Point", "coordinates": [13.0, 54.5]}, "properties": {"value": 0.239, "time": "2025-12-16T18:00:00", "date": "2025-12-16", "hour": 18}}, {"type": "Feature", "geometry": {"type": "Point", "coordinates": [13.5, 54.5]}, "properties": {"value": 0.371, "time": "2025-12-16T18:00:00", "date": "2025-12-16", "hour": 18}}, {"type": "Feature", "geometry": {"type": "Point", "coordinates": [14.0, 54.5]}, "properties": {"value": 0.514, "time": "2025-12-16T18:00:00", "date": "2025-12-16", "hour": 18}}, {"type": "Feature", "geometry": {"type": "Point", "coordinates": [14.5, 54.5]}, "properties": {"value": 0.543, "time": "2025-12-16T18:00:00", "date": "2025-12-16", "hour": 18}}, {"type": "Feature", "geometry": {"type": "Point", "coordinates": [15.0, 54.5]}, "properties": {"value": 0.498, "time": "2025-12-16T18:00:00", "date": "2025-12-16", "hour": 18}}, {"type": "Feature", "geometry": {"type": "Point", "coordinates": [5.0, 55.0]}, "properties": {"value": 1.007, "time": "2025-12-16T18:00:00", "date": "2025-12-16", "hour": 18}}, {"type": "Feature", "geometry": {"type": "Point", "coordinates": [5.5, 55.0]}, "properties": {"value": 1.02, "time": "2025-12-16T18:00:00", "date": "2025-12-16", "hour": 18}}, {"type": "Feature", "geometry": {"type": "Point", "coordinates": [6.0, 55.0]}, "properties": {"value": 1.014, "time": "2025-12-16T18:00:00", "date": "2025-12-16", "hour": 18}}, {"type": "Feature", "geometry": {"type": "Point", "coordinates": [6.5, 55.0]}, "properties": {"value": 0.993, "time": "2025-12-16T18:00:00", "date": "2025-12-16", "hour": 18}}, {"type": "Feature", "geometry": {"type": "Point", "coordinates": [7.0, 55.0]}, "properties": {"value": 0.963, "time": "2025-12-16T18:00:00", "date": "2025-12-16", "hour": 18}}, {"type": "Feature", "geometry": {"type": "Point", "coordinates": [7.5, 55.0]}, "properties": {"value": 0.919, "time": "2025-12-16T18:00:00", "date": "2025-12-16", "hour": 18}}, {"type": "Feature", "geometry": {"type": "Point", "coordinates": [8.0, 55.0]}, "properties": {"value": 0.847, "time": "2025-12-16T18:00:00", "date": "2025-12-16", "hour": 18}}, {"type": "Feature", "geometry": {"type": "Point", "coordinates": [8.5, 55.0]}, "properties": {"value": 0.685, "time": "2025-12-16T18:00:00", "date": "2025-12-16", "hour": 18}}, {"type": "Feature", "geometry": {"type": "Point", "coordinates": [10.0, 55.0]}, "properties": {"value": 0.18, "time": "2025-12-16T18:00:00", "date": "2025-12-16", "hour": 18}}, {"type": "Feature", "geometry": {"type": "Point", "coordinates": [10.5, 55.0]}, "properties": {"value": 0.296, "time": "2025-12-16T18:00:00", "date": "2025-12-16", "hour": 18}}, {"type": "Feature", "geometry": {"type": "Point", "coordinates": [11.0, 55.0]}, "properties": {"value": 0.384, "time": "2025-12-16T18:00:00", "date": "2025-12-16", "hour": 18}}, {"type": "Feature", "geometry": {"type": "Point", "coordinates": [11.5, 55.0]}, "properties": {"value": 0.41, "time": "2025-12-16T18:00:00", "date": "2025-12-16", "hour": 18}}, {"type": "Feature", "geometry": {"type": "Point", "coordinates": [12.5, 55.0]}, "properties": {"value": 0.439, "time": "2025-12-16T18:00:00", "date": "2025-12-16", "hour": 18}}, {"type": "Feature", "geometry": {"type": "Point", "coordinates": [13.0, 55.0]}, "properties": {"value": 0.426, "time": "2025-12-16T18:00:00", "date": "2025-12-16", "hour": 18}}, {"type": "Feature", "geometry": {"type": "Point", "coordinates": [13.5, 55.0]}, "properties": {"value": 0.456, "time": "2025-12-16T18:00:00", "date": "2025-12-16", "hour": 18}}, {"type": "Feature", "geometry": {"type": "Point", "coordinates": [14.0, 55.0]}, "properties": {"value": 0.497, "time": "2025-12-16T18:00:00", "date": "2025-12-16", "hour": 18}}, {"type": "Feature", "geometry": {"type": "Point", "coordinates": [14.5, 55.0]}, "properties": {"value": 0.548, "time": "2025-12-16T18:00:00", "date": "2025-12-16", "hour": 18}}, {"type": "Feature", "geometry": {"type": "Point", "coordinates": [15.0, 55.0]}, "properties": {"value": 0.537, "time": "2025-12-16T18:00:00", "date": "2025-12-16", "hour": 18}}, {"type": "Feature", "geometry": {"type": "Point", "coordinates": [5.0, 53.0]}, "properties": {"value": 0.467, "time": "2025-12-16T19:00:00", "date": "2025-12-16", "hour": 19}}, {"type": "Feature", "geometry": {"type": "Point", "coordinates": [5.0, 53.5]}, "properties": {"value": 0.638, "time": "2025-12-16T19:00:00", "date": "2025-12-16", "hour": 19}}, {"type": "Feature", "geometry": {"type": "Point", "coordinates": [5.5, 53.5]}, "properties": {"value": 0.577, "time": "2025-12-16T19:00:00", "date": "2025-12-16", "hour": 19}}, {"type": "Feature", "geometry": {"type": "Point", "coordinates": [6.0, 53.5]}, "properties": {"value": 0.522, "time": "2025-12-16T19:00:00", "date": "2025-12-16", "hour": 19}}, {"type": "Feature", "geometry": {"type": "Point", "coordinates": [7.0, 53.5]}, "properties": {"value": 0.366, "time": "2025-12-16T19:00:00", "date": "2025-12-16", "hour": 19}}, {"type": "Feature", "geometry": {"type": "Point", "coordinates": [7.5, 53.5]}, "properties": {"value": 0.246, "time": "2025-12-16T19:00:00", "date": "2025-12-16", "hour": 19}}, {"type": "Feature", "geometry": {"type": "Point", "coordinates": [8.5, 53.5]}, "properties": {"value": 0.152, "time": "2025-12-16T19:00:00", "date": "2025-12-16", "hour": 19}}, {"type": "Feature", "geometry": {"type": "Point", "coordinates": [5.0, 54.0]}, "properties": {"value": 0.856, "time": "2025-12-16T19:00:00", "date": "2025-12-16", "hour": 19}}, {"type": "Feature", "geometry": {"type": "Point", "coordinates": [5.5, 54.0]}, "properties": {"value": 0.828, "time": "2025-12-16T19:00:00", "date": "2025-12-16", "hour": 19}}, {"type": "Feature", "geometry": {"type": "Point", "coordinates": [6.0, 54.0]}, "properties": {"value": 0.764, "time": "2025-12-16T19:00:00", "date": "2025-12-16", "hour": 19}}, {"type": "Feature", "geometry": {"type": "Point", "coordinates": [6.5, 54.0]}, "properties": {"value": 0.696, "time": "2025-12-16T19:00:00", "date": "2025-12-16", "hour": 19}}, {"type": "Feature", "geometry": {"type": "Point", "coordinates": [7.0, 54.0]}, "properties": {"value": 0.626, "time": "2025-12-16T19:00:00", "date": "2025-12-16", "hour": 19}}, {"type": "Feature", "geometry": {"type": "Point", "coordinates": [7.5, 54.0]}, "properties": {"value": 0.566, "time": "2025-12-16T19:00:00", "date": "2025-12-16", "hour": 19}}, {"type": "Feature", "geometry": {"type": "Point", "coordinates": [8.0, 54.0]}, "properties": {"value": 0.523, "time": "2025-12-16T19:00:00", "date": "2025-12-16", "hour": 19}}, {"type": "Feature", "geometry": {"type": "Point", "coordinates": [8.5, 54.0]}, "properties": {"value": 0.437, "time": "2025-12-16T19:00:00", "date": "2025-12-16", "hour": 19}}, {"type": "Feature", "geometry": {"type": "Point", "coordinates": [11.0, 54.0]}, "properties": {"value": 0.188, "time": "2025-12-16T19:00:00", "date": "2025-12-16", "hour": 19}}, {"type": "Feature", "geometry": {"type": "Point", "coordinates": [14.0, 54.0]}, "properties": {"value": 0.322, "time": "2025-12-16T19:00:00", "date": "2025-12-16", "hour": 19}}, {"type": "Feature", "geometry": {"type": "Point", "coordinates": [14.5, 54.0]}, "properties": {"value": 0.357, "time": "2025-12-16T19:00:00", "date": "2025-12-16", "hour": 19}}, {"type": "Feature", "geometry": {"type": "Point", "coordinates": [15.0, 54.0]}, "properties": {"value": 0.374, "time": "2025-12-16T19:00:00", "date": "2025-12-16", "hour": 19}}, {"type": "Feature", "geometry": {"type": "Point", "coordinates": [5.0, 54.5]}, "properties": {"value": 0.948, "time": "2025-12-16T19:00:00", "date": "2025-12-16", "hour": 19}}, {"type": "Feature", "geometry": {"type": "Point", "coordinates": [5.5, 54.5]}, "properties": {"value": 0.944, "time": "2025-12-16T19:00:00", "date": "2025-12-16", "hour": 19}}, {"type": "Feature", "geometry": {"type": "Point", "coordinates": [6.0, 54.5]}, "properties": {"value": 0.921, "time": "2025-12-16T19:00:00", "date": "2025-12-16", "hour": 19}}, {"type": "Feature", "geometry": {"type": "Point", "coordinates": [6.5, 54.5]}, "properties": {"value": 0.887, "time": "2025-12-16T19:00:00", "date": "2025-12-16", "hour": 19}}, {"type": "Feature", "geometry": {"type": "Point", "coordinates": [7.0, 54.5]}, "properties": {"value": 0.846, "time": "2025-12-16T19:00:00", "date": "2025-12-16", "hour": 19}}, {"type": "Feature", "geometry": {"type": "Point", "coordinates": [7.5, 54.5]}, "properties": {"value": 0.799, "time": "2025-12-16T19:00:00", "date": "2025-12-16", "hour": 19}}, {"type": "Feature", "geometry": {"type": "Point", "coordinates": [8.0, 54.5]}, "properties": {"value": 0.75, "time": "2025-12-16T19:00:00", "date": "2025-12-16", "hour": 19}}, {"type": "Feature", "geometry": {"type": "Point", "coordinates": [8.5, 54.5]}, "properties": {"value": 0.566, "time": "2025-12-16T19:00:00", "date": "2025-12-16", "hour": 19}}, {"type": "Feature", "geometry": {"type": "Point", "coordinates": [11.0, 54.5]}, "properties": {"value": 0.499, "time": "2025-12-16T19:00:00", "date": "2025-12-16", "hour": 19}}, {"type": "Feature", "geometry": {"type": "Point", "coordinates": [11.5, 54.5]}, "properties": {"value": 0.504, "time": "2025-12-16T19:00:00", "date": "2025-12-16", "hour": 19}}, {"type": "Feature", "geometry": {"type": "Point", "coordinates": [12.0, 54.5]}, "properties": {"value": 0.383, "time": "2025-12-16T19:00:00", "date": "2025-12-16", "hour": 19}}, {"type": "Feature", "geometry": {"type": "Point", "coordinates": [12.5, 54.5]}, "properties": {"value": 0.375, "time": "2025-12-16T19:00:00", "date": "2025-12-16", "hour": 19}}, {"type": "Feature", "geometry": {"type": "Point", "coordinates": [13.0, 54.5]}, "properties": {"value": 0.268, "time": "2025-12-16T19:00:00", "date": "2025-12-16", "hour": 19}}, {"type": "Feature", "geometry": {"type": "Point", "coordinates": [13.5, 54.5]}, "properties": {"value": 0.436, "time": "2025-12-16T19:00:00", "date": "2025-12-16", "hour": 19}}, {"type": "Feature", "geometry": {"type": "Point", "coordinates": [14.0, 54.5]}, "properties": {"value": 0.611, "time": "2025-12-16T19:00:00", "date": "2025-12-16", "hour": 19}}, {"type": "Feature", "geometry": {"type": "Point", "coordinates": [14.5, 54.5]}, "properties": {"value": 0.641, "time": "2025-12-16T19:00:00", "date": "2025-12-16", "hour": 19}}, {"type": "Feature", "geometry": {"type": "Point", "coordinates": [15.0, 54.5]}, "properties": {"value": 0.567, "time": "2025-12-16T19:00:00", "date": "2025-12-16", "hour": 19}}, {"type": "Feature", "geometry": {"type": "Point", "coordinates": [5.0, 55.0]}, "properties": {"value": 0.976, "time": "2025-12-16T19:00:00", "date": "2025-12-16", "hour": 19}}, {"type": "Feature", "geometry": {"type": "Point", "coordinates": [5.5, 55.0]}, "properties": {"value": 1.001, "time": "2025-12-16T19:00:00", "date": "2025-12-16", "hour": 19}}, {"type": "Feature", "geometry": {"type": "Point", "coordinates": [6.0, 55.0]}, "properties": {"value": 1.003, "time": "2025-12-16T19:00:00", "date": "2025-12-16", "hour": 19}}, {"type": "Feature", "geometry": {"type": "Point", "coordinates": [6.5, 55.0]}, "properties": {"value": 0.987, "time": "2025-12-16T19:00:00", "date": "2025-12-16", "hour": 19}}, {"type": "Feature", "geometry": {"type": "Point", "coordinates": [7.0, 55.0]}, "properties": {"value": 0.967, "time": "2025-12-16T19:00:00", "date": "2025-12-16", "hour": 19}}, {"type": "Feature", "geometry": {"type": "Point", "coordinates": [7.5, 55.0]}, "properties": {"value": 0.934, "time": "2025-12-16T19:00:00", "date": "2025-12-16", "hour": 19}}, {"type": "Feature", "geometry": {"type": "Point", "coordinates": [8.0, 55.0]}, "properties": {"value": 0.87, "time": "2025-12-16T19:00:00", "date": "2025-12-16", "hour": 19}}, {"type": "Feature", "geometry": {"type": "Point", "coordinates": [8.5, 55.0]}, "properties": {"value": 0.706, "time": "2025-12-16T19:00:00", "date": "2025-12-16", "hour": 19}}, {"type": "Feature", "geometry": {"type": "Point", "coordinates": [10.0, 55.0]}, "properties": {"value": 0.184, "time": "2025-12-16T19:00:00", "date": "2025-12-16", "hour": 19}}, {"type": "Feature", "geometry": {"type": "Point", "coordinates": [10.5, 55.0]}, "properties": {"value": 0.31, "time": "2025-12-16T19:00:00", "date": "2025-12-16", "hour": 19}}, {"type": "Feature", "geometry": {"type": "Point", "coordinates": [11.0, 55.0]}, "properties": {"value": 0.415, "time": "2025-12-16T19:00:00", "date": "2025-12-16", "hour": 19}}, {"type": "Feature", "geometry": {"type": "Point", "coordinates": [11.5, 55.0]}, "properties": {"value": 0.458, "time": "2025-12-16T19:00:00", "date": "2025-12-16", "hour": 19}}, {"type": "Feature", "geometry": {"type": "Point", "coordinates": [12.5, 55.0]}, "properties": {"value": 0.54, "time": "2025-12-16T19:00:00", "date": "2025-12-16", "hour": 19}}, {"type": "Feature", "geometry": {"type": "Point", "coordinates": [13.0, 55.0]}, "properties": {"value": 0.519, "time": "2025-12-16T19:00:00", "date": "2025-12-16", "hour": 19}}, {"type": "Feature", "geometry": {"type": "Point", "coordinates": [13.5, 55.0]}, "properties": {"value": 0.551, "time": "2025-12-16T19:00:00", "date": "2025-12-16", "hour": 19}}, {"type": "Feature", "geometry": {"type": "Point", "coordinates": [14.0, 55.0]}, "properties": {"value": 0.595, "time": "2025-12-16T19:00:00", "date": "2025-12-16", "hour": 19}}, {"type": "Feature", "geometry": {"type": "Point", "coordinates": [14.5, 55.0]}, "properties": {"value": 0.642, "time": "2025-12-16T19:00:00", "date": "2025-12-16", "hour": 19}}, {"type": "Feature", "geometry": {"type": "Point", "coordinates": [15.0, 55.0]}, "properties": {"value": 0.597, "time": "2025-12-16T19:00:00", "date": "2025-12-16", "hour": 19}}, {"type": "Feature", "geometry": {"type": "Point", "coordinates": [5.0, 53.0]}, "properties": {"value": 0.441, "time": "2025-12-16T20:00:00", "date": "2025-12-16", "hour": 20}}, {"type": "Feature", "geometry": {"type": "Point", "coordinates": [5.0, 53.5]}, "properties": {"value": 0.608, "time": "2025-12-16T20:00:00", "date": "2025-12-16", "hour": 20}}, {"type": "Feature", "geometry": {"type": "Point", "coordinates": [5.5, 53.5]}, "properties": {"value": 0.558, "time": "2025-12-16T20:00:00", "date": "2025-12-16", "hour": 20}}, {"type": "Feature", "geometry": {"type": "Point", "coordinates": [6.0, 53.5]}, "properties": {"value": 0.508, "time": "2025-12-16T20:00:00", "date": "2025-12-16", "hour": 20}}, {"type": "Feature", "geometry": {"type": "Point", "coordinates": [7.0, 53.5]}, "properties": {"value": 0.356, "time": "2025-12-16T20:00:00", "date": "2025-12-16", "hour": 20}}, {"type": "Feature", "geometry": {"type": "Point", "coordinates": [7.5, 53.5]}, "properties": {"value": 0.239, "time": "2025-12-16T20:00:00", "date": "2025-12-16", "hour": 20}}, {"type": "Feature", "geometry": {"type": "Point", "coordinates": [8.5, 53.5]}, "properties": {"value": 0.147, "time": "2025-12-16T20:00:00", "date": "2025-12-16", "hour": 20}}, {"type": "Feature", "geometry": {"type": "Point", "coordinates": [5.0, 54.0]}, "properties": {"value": 0.836, "time": "2025-12-16T20:00:00", "date": "2025-12-16", "hour": 20}}, {"type": "Feature", "geometry": {"type": "Point", "coordinates": [5.5, 54.0]}, "properties": {"value": 0.819, "time": "2025-12-16T20:00:00", "date": "2025-12-16", "hour": 20}}, {"type": "Feature", "geometry": {"type": "Point", "coordinates": [6.0, 54.0]}, "properties": {"value": 0.754, "time": "2025-12-16T20:00:00", "date": "2025-12-16", "hour": 20}}, {"type": "Feature", "geometry": {"type": "Point", "coordinates": [6.5, 54.0]}, "properties": {"value": 0.686, "time": "2025-12-16T20:00:00", "date": "2025-12-16", "hour": 20}}, {"type": "Feature", "geometry": {"type": "Point", "coordinates": [7.0, 54.0]}, "properties": {"value": 0.616, "time": "2025-12-16T20:00:00", "date": "2025-12-16", "hour": 20}}, {"type": "Feature", "geometry": {"type": "Point", "coordinates": [7.5, 54.0]}, "properties": {"value": 0.554, "time": "2025-12-16T20:00:00", "date": "2025-12-16", "hour": 20}}, {"type": "Feature", "geometry": {"type": "Point", "coordinates": [8.0, 54.0]}, "properties": {"value": 0.504, "time": "2025-12-16T20:00:00", "date": "2025-12-16", "hour": 20}}, {"type": "Feature", "geometry": {"type": "Point", "coordinates": [8.5, 54.0]}, "properties": {"value": 0.415, "time": "2025-12-16T20:00:00", "date": "2025-12-16", "hour": 20}}, {"type": "Feature", "geometry": {"type": "Point", "coordinates": [11.0, 54.0]}, "properties": {"value": 0.176, "time": "2025-12-16T20:00:00", "date": "2025-12-16", "hour": 20}}, {"type": "Feature", "geometry": {"type": "Point", "coordinates": [14.0, 54.0]}, "properties": {"value": 0.32, "time": "2025-12-16T20:00:00", "date": "2025-12-16", "hour": 20}}, {"type": "Feature", "geometry": {"type": "Point", "coordinates": [14.5, 54.0]}, "properties": {"value": 0.356, "time": "2025-12-16T20:00:00", "date": "2025-12-16", "hour": 20}}, {"type": "Feature", "geometry": {"type": "Point", "coordinates": [15.0, 54.0]}, "properties": {"value": 0.374, "time": "2025-12-16T20:00:00", "date": "2025-12-16", "hour": 20}}, {"type": "Feature", "geometry": {"type": "Point", "coordinates": [5.0, 54.5]}, "properties": {"value": 0.927, "time": "2025-12-16T20:00:00", "date": "2025-12-16", "hour": 20}}, {"type": "Feature", "geometry": {"type": "Point", "coordinates": [5.5, 54.5]}, "properties": {"value": 0.95, "time": "2025-12-16T20:00:00", "date": "2025-12-16", "hour": 20}}, {"type": "Feature", "geometry": {"type": "Point", "coordinates": [6.0, 54.5]}, "properties": {"value": 0.928, "time": "2025-12-16T20:00:00", "date": "2025-12-16", "hour": 20}}, {"type": "Feature", "geometry": {"type": "Point", "coordinates": [6.5, 54.5]}, "properties": {"value": 0.886, "time": "2025-12-16T20:00:00", "date": "2025-12-16", "hour": 20}}, {"type": "Feature", "geometry": {"type": "Point", "coordinates": [7.0, 54.5]}, "properties": {"value": 0.841, "time": "2025-12-16T20:00:00", "date": "2025-12-16", "hour": 20}}, {"type": "Feature", "geometry": {"type": "Point", "coordinates": [7.5, 54.5]}, "properties": {"value": 0.794, "time": "2025-12-16T20:00:00", "date": "2025-12-16", "hour": 20}}, {"type": "Feature", "geometry": {"type": "Point", "coordinates": [8.0, 54.5]}, "properties": {"value": 0.736, "time": "2025-12-16T20:00:00", "date": "2025-12-16", "hour": 20}}, {"type": "Feature", "geometry": {"type": "Point", "coordinates": [8.5, 54.5]}, "properties": {"value": 0.555, "time": "2025-12-16T20:00:00", "date": "2025-12-16", "hour": 20}}, {"type": "Feature", "geometry": {"type": "Point", "coordinates": [11.0, 54.5]}, "properties": {"value": 0.476, "time": "2025-12-16T20:00:00", "date": "2025-12-16", "hour": 20}}, {"type": "Feature", "geometry": {"type": "Point", "coordinates": [11.5, 54.5]}, "properties": {"value": 0.489, "time": "2025-12-16T20:00:00", "date": "2025-12-16", "hour": 20}}, {"type": "Feature", "geometry": {"type": "Point", "coordinates": [12.0, 54.5]}, "properties": {"value": 0.382, "time": "2025-12-16T20:00:00", "date": "2025-12-16", "hour": 20}}, {"type": "Feature", "geometry": {"type": "Point", "coordinates": [12.5, 54.5]}, "properties": {"value": 0.377, "time": "2025-12-16T20:00:00", "date": "2025-12-16", "hour": 20}}, {"type": "Feature", "geometry": {"type": "Point", "coordinates": [13.0, 54.5]}, "properties": {"value": 0.276, "time": "2025-12-16T20:00:00", "date": "2025-12-16", "hour": 20}}, {"type": "Feature", "geometry": {"type": "Point", "coordinates": [13.5, 54.5]}, "properties": {"value": 0.457, "time": "2025-12-16T20:00:00", "date": "2025-12-16", "hour": 20}}, {"type": "Feature", "geometry": {"type": "Point", "coordinates": [14.0, 54.5]}, "properties": {"value": 0.642, "time": "2025-12-16T20:00:00", "date": "2025-12-16", "hour": 20}}, {"type": "Feature", "geometry": {"type": "Point", "coordinates": [14.5, 54.5]}, "properties": {"value": 0.688, "time": "2025-12-16T20:00:00", "date": "2025-12-16", "hour": 20}}, {"type": "Feature", "geometry": {"type": "Point", "coordinates": [15.0, 54.5]}, "properties": {"value": 0.611, "time": "2025-12-16T20:00:00", "date": "2025-12-16", "hour": 20}}, {"type": "Feature", "geometry": {"type": "Point", "coordinates": [5.0, 55.0]}, "properties": {"value": 0.939, "time": "2025-12-16T20:00:00", "date": "2025-12-16", "hour": 20}}, {"type": "Feature", "geometry": {"type": "Point", "coordinates": [5.5, 55.0]}, "properties": {"value": 1.001, "time": "2025-12-16T20:00:00", "date": "2025-12-16", "hour": 20}}, {"type": "Feature", "geometry": {"type": "Point", "coordinates": [6.0, 55.0]}, "properties": {"value": 1.013, "time": "2025-12-16T20:00:00", "date": "2025-12-16", "hour": 20}}, {"type": "Feature", "geometry": {"type": "Point", "coordinates": [6.5, 55.0]}, "properties": {"value": 0.997, "time": "2025-12-16T20:00:00", "date": "2025-12-16", "hour": 20}}, {"type": "Feature", "geometry": {"type": "Point", "coordinates": [7.0, 55.0]}, "properties": {"value": 0.975, "time": "2025-12-16T20:00:00", "date": "2025-12-16", "hour": 20}}, {"type": "Feature", "geometry": {"type": "Point", "coordinates": [7.5, 55.0]}, "properties": {"value": 0.94, "time": "2025-12-16T20:00:00", "date": "2025-12-16", "hour": 20}}, {"type": "Feature", "geometry": {"type": "Point", "coordinates": [8.0, 55.0]}, "properties": {"value": 0.87, "time": "2025-12-16T20:00:00", "date": "2025-12-16", "hour": 20}}, {"type": "Feature", "geometry": {"type": "Point", "coordinates": [8.5, 55.0]}, "properties": {"value": 0.705, "time": "2025-12-16T20:00:00", "date": "2025-12-16", "hour": 20}}, {"type": "Feature", "geometry": {"type": "Point", "coordinates": [10.0, 55.0]}, "properties": {"value": 0.18, "time": "2025-12-16T20:00:00", "date": "2025-12-16", "hour": 20}}, {"type": "Feature", "geometry": {"type": "Point", "coordinates": [10.5, 55.0]}, "properties": {"value": 0.303, "time": "2025-12-16T20:00:00", "date": "2025-12-16", "hour": 20}}, {"type": "Feature", "geometry": {"type": "Point", "coordinates": [11.0, 55.0]}, "properties": {"value": 0.404, "time": "2025-12-16T20:00:00", "date": "2025-12-16", "hour": 20}}, {"type": "Feature", "geometry": {"type": "Point", "coordinates": [11.5, 55.0]}, "properties": {"value": 0.453, "time": "2025-12-16T20:00:00", "date": "2025-12-16", "hour": 20}}, {"type": "Feature", "geometry": {"type": "Point", "coordinates": [12.5, 55.0]}, "properties": {"value": 0.576, "time": "2025-12-16T20:00:00", "date": "2025-12-16", "hour": 20}}, {"type": "Feature", "geometry": {"type": "Point", "coordinates": [13.0, 55.0]}, "properties": {"value": 0.567, "time": "2025-12-16T20:00:00", "date": "2025-12-16", "hour": 20}}, {"type": "Feature", "geometry": {"type": "Point", "coordinates": [13.5, 55.0]}, "properties": {"value": 0.61, "time": "2025-12-16T20:00:00", "date": "2025-12-16", "hour": 20}}, {"type": "Feature", "geometry": {"type": "Point", "coordinates": [14.0, 55.0]}, "properties": {"value": 0.67, "time": "2025-12-16T20:00:00", "date": "2025-12-16", "hour": 20}}, {"type": "Feature", "geometry": {"type": "Point", "coordinates": [14.5, 55.0]}, "properties": {"value": 0.73, "time": "2025-12-16T20:00:00", "date": "2025-12-16", "hour": 20}}, {"type": "Feature", "geometry": {"type": "Point", "coordinates": [15.0, 55.0]}, "properties": {"value": 0.669, "time": "2025-12-16T20:00:00", "date": "2025-12-16", "hour": 20}}, {"type": "Feature", "geometry": {"type": "Point", "coordinates": [5.0, 53.0]}, "properties": {"value": 0.419, "time": "2025-12-16T21:00:00", "date": "2025-12-16", "hour": 21}}, {"type": "Feature", "geometry": {"type": "Point", "coordinates": [5.0, 53.5]}, "properties": {"value": 0.574, "time": "2025-12-16T21:00:00", "date": "2025-12-16", "hour": 21}}, {"type": "Feature", "geometry": {"type": "Point", "coordinates": [5.5, 53.5]}, "properties": {"value": 0.537, "time": "2025-12-16T21:00:00", "date": "2025-12-16", "hour": 21}}, {"type": "Feature", "geometry": {"type": "Point", "coordinates": [6.0, 53.5]}, "properties": {"value": 0.497, "time": "2025-12-16T21:00:00", "date": "2025-12-16", "hour": 21}}, {"type": "Feature", "geometry": {"type": "Point", "coordinates": [7.0, 53.5]}, "properties": {"value": 0.348, "time": "2025-12-16T21:00:00", "date": "2025-12-16", "hour": 21}}, {"type": "Feature", "geometry": {"type": "Point", "coordinates": [7.5, 53.5]}, "properties": {"value": 0.234, "time": "2025-12-16T21:00:00", "date": "2025-12-16", "hour": 21}}, {"type": "Feature", "geometry": {"type": "Point", "coordinates": [8.5, 53.5]}, "properties": {"value": 0.142, "time": "2025-12-16T21:00:00", "date": "2025-12-16", "hour": 21}}, {"type": "Feature", "geometry": {"type": "Point", "coordinates": [5.0, 54.0]}, "properties": {"value": 0.794, "time": "2025-12-16T21:00:00", "date": "2025-12-16", "hour": 21}}, {"type": "Feature", "geometry": {"type": "Point", "coordinates": [5.5, 54.0]}, "properties": {"value": 0.797, "time": "2025-12-16T21:00:00", "date": "2025-12-16", "hour": 21}}, {"type": "Feature", "geometry": {"type": "Point", "coordinates": [6.0, 54.0]}, "properties": {"value": 0.743, "time": "2025-12-16T21:00:00", "date": "2025-12-16", "hour": 21}}, {"type": "Feature", "geometry": {"type": "Point", "coordinates": [6.5, 54.0]}, "properties": {"value": 0.678, "time": "2025-12-16T21:00:00", "date": "2025-12-16", "hour": 21}}, {"type": "Feature", "geometry": {"type": "Point", "coordinates": [7.0, 54.0]}, "properties": {"value": 0.609, "time": "2025-12-16T21:00:00", "date": "2025-12-16", "hour": 21}}, {"type": "Feature", "geometry": {"type": "Point", "coordinates": [7.5, 54.0]}, "properties": {"value": 0.545, "time": "2025-12-16T21:00:00", "date": "2025-12-16", "hour": 21}}, {"type": "Feature", "geometry": {"type": "Point", "coordinates": [8.0, 54.0]}, "properties": {"value": 0.495, "time": "2025-12-16T21:00:00", "date": "2025-12-16", "hour": 21}}, {"type": "Feature", "geometry": {"type": "Point", "coordinates": [8.5, 54.0]}, "properties": {"value": 0.406, "time": "2025-12-16T21:00:00", "date": "2025-12-16", "hour": 21}}, {"type": "Feature", "geometry": {"type": "Point", "coordinates": [11.0, 54.0]}, "properties": {"value": 0.173, "time": "2025-12-16T21:00:00", "date": "2025-12-16", "hour": 21}}, {"type": "Feature", "geometry": {"type": "Point", "coordinates": [14.0, 54.0]}, "properties": {"value": 0.316, "time": "2025-12-16T21:00:00", "date": "2025-12-16", "hour": 21}}, {"type": "Feature", "geometry": {"type": "Point", "coordinates": [14.5, 54.0]}, "properties": {"value": 0.352, "time": "2025-12-16T21:00:00", "date": "2025-12-16", "hour": 21}}, {"type": "Feature", "geometry": {"type": "Point", "coordinates": [15.0, 54.0]}, "properties": {"value": 0.369, "time": "2025-12-16T21:00:00", "date": "2025-12-16", "hour": 21}}, {"type": "Feature", "geometry": {"type": "Point", "coordinates": [5.0, 54.5]}, "properties": {"value": 0.881, "time": "2025-12-16T21:00:00", "date": "2025-12-16", "hour": 21}}, {"type": "Feature", "geometry": {"type": "Point", "coordinates": [5.5, 54.5]}, "properties": {"value": 0.942, "time": "2025-12-16T21:00:00", "date": "2025-12-16", "hour": 21}}, {"type": "Feature", "geometry": {"type": "Point", "coordinates": [6.0, 54.5]}, "properties": {"value": 0.937, "time": "2025-12-16T21:00:00", "date": "2025-12-16", "hour": 21}}, {"type": "Feature", "geometry": {"type": "Point", "coordinates": [6.5, 54.5]}, "properties": {"value": 0.896, "time": "2025-12-16T21:00:00", "date": "2025-12-16", "hour": 21}}, {"type": "Feature", "geometry": {"type": "Point", "coordinates": [7.0, 54.5]}, "properties": {"value": 0.844, "time": "2025-12-16T21:00:00", "date": "2025-12-16", "hour": 21}}, {"type": "Feature", "geometry": {"type": "Point", "coordinates": [7.5, 54.5]}, "properties": {"value": 0.788, "time": "2025-12-16T21:00:00", "date": "2025-12-16", "hour": 21}}, {"type": "Feature", "geometry": {"type": "Point", "coordinates": [8.0, 54.5]}, "properties": {"value": 0.717, "time": "2025-12-16T21:00:00", "date": "2025-12-16", "hour": 21}}, {"type": "Feature", "geometry": {"type": "Point", "coordinates": [8.5, 54.5]}, "properties": {"value": 0.541, "time": "2025-12-16T21:00:00", "date": "2025-12-16", "hour": 21}}, {"type": "Feature", "geometry": {"type": "Point", "coordinates": [11.0, 54.5]}, "properties": {"value": 0.477, "time": "2025-12-16T21:00:00", "date": "2025-12-16", "hour": 21}}, {"type": "Feature", "geometry": {"type": "Point", "coordinates": [11.5, 54.5]}, "properties": {"value": 0.487, "time": "2025-12-16T21:00:00", "date": "2025-12-16", "hour": 21}}, {"type": "Feature", "geometry": {"type": "Point", "coordinates": [12.0, 54.5]}, "properties": {"value": 0.386, "time": "2025-12-16T21:00:00", "date": "2025-12-16", "hour": 21}}, {"type": "Feature", "geometry": {"type": "Point", "coordinates": [12.5, 54.5]}, "properties": {"value": 0.382, "time": "2025-12-16T21:00:00", "date": "2025-12-16", "hour": 21}}, {"type": "Feature", "geometry": {"type": "Point", "coordinates": [13.0, 54.5]}, "properties": {"value": 0.281, "time": "2025-12-16T21:00:00", "date": "2025-12-16", "hour": 21}}, {"type": "Feature", "geometry": {"type": "Point", "coordinates": [13.5, 54.5]}, "properties": {"value": 0.455, "time": "2025-12-16T21:00:00", "date": "2025-12-16", "hour": 21}}, {"type": "Feature", "geometry": {"type": "Point", "coordinates": [14.0, 54.5]}, "properties": {"value": 0.634, "time": "2025-12-16T21:00:00", "date": "2025-12-16", "hour": 21}}, {"type": "Feature", "geometry": {"type": "Point", "coordinates": [14.5, 54.5]}, "properties": {"value": 0.692, "time": "2025-12-16T21:00:00", "date": "2025-12-16", "hour": 21}}, {"type": "Feature", "geometry": {"type": "Point", "coordinates": [15.0, 54.5]}, "properties": {"value": 0.617, "time": "2025-12-16T21:00:00", "date": "2025-12-16", "hour": 21}}, {"type": "Feature", "geometry": {"type": "Point", "coordinates": [5.0, 55.0]}, "properties": {"value": 0.905, "time": "2025-12-16T21:00:00", "date": "2025-12-16", "hour": 21}}, {"type": "Feature", "geometry": {"type": "Point", "coordinates": [5.5, 55.0]}, "properties": {"value": 0.999, "time": "2025-12-16T21:00:00", "date": "2025-12-16", "hour": 21}}, {"type": "Feature", "geometry": {"type": "Point", "coordinates": [6.0, 55.0]}, "properties": {"value": 1.035, "time": "2025-12-16T21:00:00", "date": "2025-12-16", "hour": 21}}, {"type": "Feature", "geometry": {"type": "Point", "coordinates": [6.5, 55.0]}, "properties": {"value": 1.027, "time": "2025-12-16T21:00:00", "date": "2025-12-16", "hour": 21}}, {"type": "Feature", "geometry": {"type": "Point", "coordinates": [7.0, 55.0]}, "properties": {"value": 0.994, "time": "2025-12-16T21:00:00", "date": "2025-12-16", "hour": 21}}, {"type": "Feature", "geometry": {"type": "Point", "coordinates": [7.5, 55.0]}, "properties": {"value": 0.943, "time": "2025-12-16T21:00:00", "date": "2025-12-16", "hour": 21}}, {"type": "Feature", "geometry": {"type": "Point", "coordinates": [8.0, 55.0]}, "properties": {"value": 0.858, "time": "2025-12-16T21:00:00", "date": "2025-12-16", "hour": 21}}, {"type": "Feature", "geometry": {"type": "Point", "coordinates": [8.5, 55.0]}, "properties": {"value": 0.691, "time": "2025-12-16T21:00:00", "date": "2025-12-16", "hour": 21}}, {"type": "Feature", "geometry": {"type": "Point", "coordinates": [10.0, 55.0]}, "properties": {"value": 0.173, "time": "2025-12-16T21:00:00", "date": "2025-12-16", "hour": 21}}, {"type": "Feature", "geometry": {"type": "Point", "coordinates": [10.5, 55.0]}, "properties": {"value": 0.296, "time": "2025-12-16T21:00:00", "date": "2025-12-16", "hour": 21}}, {"type": "Feature", "geometry": {"type": "Point", "coordinates": [11.0, 55.0]}, "properties": {"value": 0.399, "time": "2025-12-16T21:00:00", "date": "2025-12-16", "hour": 21}}, {"type": "Feature", "geometry": {"type": "Point", "coordinates": [11.5, 55.0]}, "properties": {"value": 0.451, "time": "2025-12-16T21:00:00", "date": "2025-12-16", "hour": 21}}, {"type": "Feature", "geometry": {"type": "Point", "coordinates": [12.5, 55.0]}, "properties": {"value": 0.598, "time": "2025-12-16T21:00:00", "date": "2025-12-16", "hour": 21}}, {"type": "Feature", "geometry": {"type": "Point", "coordinates": [13.0, 55.0]}, "properties": {"value": 0.593, "time": "2025-12-16T21:00:00", "date": "2025-12-16", "hour": 21}}, {"type": "Feature", "geometry": {"type": "Point", "coordinates": [13.5, 55.0]}, "properties": {"value": 0.635, "time": "2025-12-16T21:00:00", "date": "2025-12-16", "hour": 21}}, {"type": "Feature", "geometry": {"type": "Point", "coordinates": [14.0, 55.0]}, "properties": {"value": 0.708, "time": "2025-12-16T21:00:00", "date": "2025-12-16", "hour": 21}}, {"type": "Feature", "geometry": {"type": "Point", "coordinates": [14.5, 55.0]}, "properties": {"value": 0.781, "time": "2025-12-16T21:00:00", "date": "2025-12-16", "hour": 21}}, {"type": "Feature", "geometry": {"type": "Point", "coordinates": [15.0, 55.0]}, "properties": {"value": 0.722, "time": "2025-12-16T21:00:00", "date": "2025-12-16", "hour": 21}}, {"type": "Feature", "geometry": {"type": "Point", "coordinates": [5.0, 53.0]}, "properties": {"value": 0.397, "time": "2025-12-16T22:00:00", "date": "2025-12-16", "hour": 22}}, {"type": "Feature", "geometry": {"type": "Point", "coordinates": [5.0, 53.5]}, "properties": {"value": 0.541, "time": "2025-12-16T22:00:00", "date": "2025-12-16", "hour": 22}}, {"type": "Feature", "geometry": {"type": "Point", "coordinates": [5.5, 53.5]}, "properties": {"value": 0.508, "time": "2025-12-16T22:00:00", "date": "2025-12-16", "hour": 22}}, {"type": "Feature", "geometry": {"type": "Point", "coordinates": [6.0, 53.5]}, "properties": {"value": 0.471, "time": "2025-12-16T22:00:00", "date": "2025-12-16", "hour": 22}}, {"type": "Feature", "geometry": {"type": "Point", "coordinates": [7.0, 53.5]}, "properties": {"value": 0.329, "time": "2025-12-16T22:00:00", "date": "2025-12-16", "hour": 22}}, {"type": "Feature", "geometry": {"type": "Point", "coordinates": [7.5, 53.5]}, "properties": {"value": 0.226, "time": "2025-12-16T22:00:00", "date": "2025-12-16", "hour": 22}}, {"type": "Feature", "geometry": {"type": "Point", "coordinates": [8.5, 53.5]}, "properties": {"value": 0.138, "time": "2025-12-16T22:00:00", "date": "2025-12-16", "hour": 22}}, {"type": "Feature", "geometry": {"type": "Point", "coordinates": [5.0, 54.0]}, "properties": {"value": 0.747, "time": "2025-12-16T22:00:00", "date": "2025-12-16", "hour": 22}}, {"type": "Feature", "geometry": {"type": "Point", "coordinates": [5.5, 54.0]}, "properties": {"value": 0.755, "time": "2025-12-16T22:00:00", "date": "2025-12-16", "hour": 22}}, {"type": "Feature", "geometry": {"type": "Point", "coordinates": [6.0, 54.0]}, "properties": {"value": 0.705, "time": "2025-12-16T22:00:00", "date": "2025-12-16", "hour": 22}}, {"type": "Feature", "geometry": {"type": "Point", "coordinates": [6.5, 54.0]}, "properties": {"value": 0.648, "time": "2025-12-16T22:00:00", "date": "2025-12-16", "hour": 22}}, {"type": "Feature", "geometry": {"type": "Point", "coordinates": [7.0, 54.0]}, "properties": {"value": 0.584, "time": "2025-12-16T22:00:00", "date": "2025-12-16", "hour": 22}}, {"type": "Feature", "geometry": {"type": "Point", "coordinates": [7.5, 54.0]}, "properties": {"value": 0.524, "time": "2025-12-16T22:00:00", "date": "2025-12-16", "hour": 22}}, {"type": "Feature", "geometry": {"type": "Point", "coordinates": [8.0, 54.0]}, "properties": {"value": 0.472, "time": "2025-12-16T22:00:00", "date": "2025-12-16", "hour": 22}}, {"type": "Feature", "geometry": {"type": "Point", "coordinates": [8.5, 54.0]}, "properties": {"value": 0.388, "time": "2025-12-16T22:00:00", "date": "2025-12-16", "hour": 22}}, {"type": "Feature", "geometry": {"type": "Point", "coordinates": [11.0, 54.0]}, "properties": {"value": 0.167, "time": "2025-12-16T22:00:00", "date": "2025-12-16", "hour": 22}}, {"type": "Feature", "geometry": {"type": "Point", "coordinates": [14.0, 54.0]}, "properties": {"value": 0.286, "time": "2025-12-16T22:00:00", "date": "2025-12-16", "hour": 22}}, {"type": "Feature", "geometry": {"type": "Point", "coordinates": [14.5, 54.0]}, "properties": {"value": 0.33, "time": "2025-12-16T22:00:00", "date": "2025-12-16", "hour": 22}}, {"type": "Feature", "geometry": {"type": "Point", "coordinates": [15.0, 54.0]}, "properties": {"value": 0.35, "time": "2025-12-16T22:00:00", "date": "2025-12-16", "hour": 22}}, {"type": "Feature", "geometry": {"type": "Point", "coordinates": [5.0, 54.5]}, "properties": {"value": 0.83, "time": "2025-12-16T22:00:00", "date": "2025-12-16", "hour": 22}}, {"type": "Feature", "geometry": {"type": "Point", "coordinates": [5.5, 54.5]}, "properties": {"value": 0.884, "time": "2025-12-16T22:00:00", "date": "2025-12-16", "hour": 22}}, {"type": "Feature", "geometry": {"type": "Point", "coordinates": [6.0, 54.5]}, "properties": {"value": 0.883, "time": "2025-12-16T22:00:00", "date": "2025-12-16", "hour": 22}}, {"type": "Feature", "geometry": {"type": "Point", "coordinates": [6.5, 54.5]}, "properties": {"value": 0.856, "time": "2025-12-16T22:00:00", "date": "2025-12-16", "hour": 22}}, {"type": "Feature", "geometry": {"type": "Point", "coordinates": [7.0, 54.5]}, "properties": {"value": 0.814, "time": "2025-12-16T22:00:00", "date": "2025-12-16", "hour": 22}}, {"type": "Feature", "geometry": {"type": "Point", "coordinates": [7.5, 54.5]}, "properties": {"value": 0.766, "time": "2025-12-16T22:00:00", "date": "2025-12-16", "hour": 22}}, {"type": "Feature", "geometry": {"type": "Point", "coordinates": [8.0, 54.5]}, "properties": {"value": 0.702, "time": "2025-12-16T22:00:00", "date": "2025-12-16", "hour": 22}}, {"type": "Feature", "geometry": {"type": "Point", "coordinates": [8.5, 54.5]}, "properties": {"value": 0.531, "time": "2025-12-16T22:00:00", "date": "2025-12-16", "hour": 22}}, {"type": "Feature", "geometry": {"type": "Point", "coordinates": [11.0, 54.5]}, "properties": {"value": 0.466, "time": "2025-12-16T22:00:00", "date": "2025-12-16", "hour": 22}}, {"type": "Feature", "geometry": {"type": "Point", "coordinates": [11.5, 54.5]}, "properties": {"value": 0.478, "time": "2025-12-16T22:00:00", "date": "2025-12-16", "hour": 22}}, {"type": "Feature", "geometry": {"type": "Point", "coordinates": [12.0, 54.5]}, "properties": {"value": 0.382, "time": "2025-12-16T22:00:00", "date": "2025-12-16", "hour": 22}}, {"type": "Feature", "geometry": {"type": "Point", "coordinates": [12.5, 54.5]}, "properties": {"value": 0.377, "time": "2025-12-16T22:00:00", "date": "2025-12-16", "hour": 22}}, {"type": "Feature", "geometry": {"type": "Point", "coordinates": [13.0, 54.5]}, "properties": {"value": 0.278, "time": "2025-12-16T22:00:00", "date": "2025-12-16", "hour": 22}}, {"type": "Feature", "geometry": {"type": "Point", "coordinates": [13.5, 54.5]}, "properties": {"value": 0.429, "time": "2025-12-16T22:00:00", "date": "2025-12-16", "hour": 22}}, {"type": "Feature", "geometry": {"type": "Point", "coordinates": [14.0, 54.5]}, "properties": {"value": 0.582, "time": "2025-12-16T22:00:00", "date": "2025-12-16", "hour": 22}}, {"type": "Feature", "geometry": {"type": "Point", "coordinates": [14.5, 54.5]}, "properties": {"value": 0.655, "time": "2025-12-16T22:00:00", "date": "2025-12-16", "hour": 22}}, {"type": "Feature", "geometry": {"type": "Point", "coordinates": [15.0, 54.5]}, "properties": {"value": 0.601, "time": "2025-12-16T22:00:00", "date": "2025-12-16", "hour": 22}}, {"type": "Feature", "geometry": {"type": "Point", "coordinates": [5.0, 55.0]}, "properties": {"value": 0.881, "time": "2025-12-16T22:00:00", "date": "2025-12-16", "hour": 22}}, {"type": "Feature", "geometry": {"type": "Point", "coordinates": [5.5, 55.0]}, "properties": {"value": 0.943, "time": "2025-12-16T22:00:00", "date": "2025-12-16", "hour": 22}}, {"type": "Feature", "geometry": {"type": "Point", "coordinates": [6.0, 55.0]}, "properties": {"value": 0.978, "time": "2025-12-16T22:00:00", "date": "2025-12-16", "hour": 22}}, {"type": "Feature", "geometry": {"type": "Point", "coordinates": [6.5, 55.0]}, "properties": {"value": 0.984, "time": "2025-12-16T22:00:00", "date": "2025-12-16", "hour": 22}}, {"type": "Feature", "geometry": {"type": "Point", "coordinates": [7.0, 55.0]}, "properties": {"value": 0.961, "time": "2025-12-16T22:00:00", "date": "2025-12-16", "hour": 22}}, {"type": "Feature", "geometry": {"type": "Point", "coordinates": [7.5, 55.0]}, "properties": {"value": 0.913, "time": "2025-12-16T22:00:00", "date": "2025-12-16", "hour": 22}}, {"type": "Feature", "geometry": {"type": "Point", "coordinates": [8.0, 55.0]}, "properties": {"value": 0.834, "time": "2025-12-16T22:00:00", "date": "2025-12-16", "hour": 22}}, {"type": "Feature", "geometry": {"type": "Point", "coordinates": [8.5, 55.0]}, "properties": {"value": 0.674, "time": "2025-12-16T22:00:00", "date": "2025-12-16", "hour": 22}}, {"type": "Feature", "geometry": {"type": "Point", "coordinates": [10.0, 55.0]}, "properties": {"value": 0.171, "time": "2025-12-16T22:00:00", "date": "2025-12-16", "hour": 22}}, {"type": "Feature", "geometry": {"type": "Point", "coordinates": [10.5, 55.0]}, "properties": {"value": 0.293, "time": "2025-12-16T22:00:00", "date": "2025-12-16", "hour": 22}}, {"type": "Feature", "geometry": {"type": "Point", "coordinates": [11.0, 55.0]}, "properties": {"value": 0.395, "time": "2025-12-16T22:00:00", "date": "2025-12-16", "hour": 22}}, {"type": "Feature", "geometry": {"type": "Point", "coordinates": [11.5, 55.0]}, "properties": {"value": 0.449, "time": "2025-12-16T22:00:00", "date": "2025-12-16", "hour": 22}}, {"type": "Feature", "geometry": {"type": "Point", "coordinates": [12.5, 55.0]}, "properties": {"value": 0.602, "time": "2025-12-16T22:00:00", "date": "2025-12-16", "hour": 22}}, {"type": "Feature", "geometry": {"type": "Point", "coordinates": [13.0, 55.0]}, "properties": {"value": 0.603, "time": "2025-12-16T22:00:00", "date": "2025-12-16", "hour": 22}}, {"type": "Feature", "geometry": {"type": "Point", "coordinates": [13.5, 55.0]}, "properties": {"value": 0.637, "time": "2025-12-16T22:00:00", "date": "2025-12-16", "hour": 22}}, {"type": "Feature", "geometry": {"type": "Point", "coordinates": [14.0, 55.0]}, "properties": {"value": 0.708, "time": "2025-12-16T22:00:00", "date": "2025-12-16", "hour": 22}}, {"type": "Feature", "geometry": {"type": "Point", "coordinates": [14.5, 55.0]}, "properties": {"value": 0.784, "time": "2025-12-16T22:00:00", "date": "2025-12-16", "hour": 22}}, {"type": "Feature", "geometry": {"type": "Point", "coordinates": [15.0, 55.0]}, "properties": {"value": 0.736, "time": "2025-12-16T22:00:00", "date": "2025-12-16", "hour": 22}}, {"type": "Feature", "geometry": {"type": "Point", "coordinates": [5.0, 53.0]}, "properties": {"value": 0.381, "time": "2025-12-16T23:00:00", "date": "2025-12-16", "hour": 23}}, {"type": "Feature", "geometry": {"type": "Point", "coordinates": [5.0, 53.5]}, "properties": {"value": 0.51, "time": "2025-12-16T23:00:00", "date": "2025-12-16", "hour": 23}}, {"type": "Feature", "geometry": {"type": "Point", "coordinates": [5.5, 53.5]}, "properties": {"value": 0.48, "time": "2025-12-16T23:00:00", "date": "2025-12-16", "hour": 23}}, {"type": "Feature", "geometry": {"type": "Point", "coordinates": [6.0, 53.5]}, "properties": {"value": 0.447, "time": "2025-12-16T23:00:00", "date": "2025-12-16", "hour": 23}}, {"type": "Feature", "geometry": {"type": "Point", "coordinates": [7.0, 53.5]}, "properties": {"value": 0.317, "time": "2025-12-16T23:00:00", "date": "2025-12-16", "hour": 23}}, {"type": "Feature", "geometry": {"type": "Point", "coordinates": [7.5, 53.5]}, "properties": {"value": 0.221, "time": "2025-12-16T23:00:00", "date": "2025-12-16", "hour": 23}}, {"type": "Feature", "geometry": {"type": "Point", "coordinates": [8.5, 53.5]}, "properties": {"value": 0.133, "time": "2025-12-16T23:00:00", "date": "2025-12-16", "hour": 23}}, {"type": "Feature", "geometry": {"type": "Point", "coordinates": [5.0, 54.0]}, "properties": {"value": 0.699, "time": "2025-12-16T23:00:00", "date": "2025-12-16", "hour": 23}}, {"type": "Feature", "geometry": {"type": "Point", "coordinates": [5.5, 54.0]}, "properties": {"value": 0.71, "time": "2025-12-16T23:00:00", "date": "2025-12-16", "hour": 23}}, {"type": "Feature", "geometry": {"type": "Point", "coordinates": [6.0, 54.0]}, "properties": {"value": 0.669, "time": "2025-12-16T23:00:00", "date": "2025-12-16", "hour": 23}}, {"type": "Feature", "geometry": {"type": "Point", "coordinates": [6.5, 54.0]}, "properties": {"value": 0.622, "time": "2025-12-16T23:00:00", "date": "2025-12-16", "hour": 23}}, {"type": "Feature", "geometry": {"type": "Point", "coordinates": [7.0, 54.0]}, "properties": {"value": 0.565, "time": "2025-12-16T23:00:00", "date": "2025-12-16", "hour": 23}}, {"type": "Feature", "geometry": {"type": "Point", "coordinates": [7.5, 54.0]}, "properties": {"value": 0.508, "time": "2025-12-16T23:00:00", "date": "2025-12-16", "hour": 23}}, {"type": "Feature", "geometry": {"type": "Point", "coordinates": [8.0, 54.0]}, "properties": {"value": 0.454, "time": "2025-12-16T23:00:00", "date": "2025-12-16", "hour": 23}}, {"type": "Feature", "geometry": {"type": "Point", "coordinates": [8.5, 54.0]}, "properties": {"value": 0.374, "time": "2025-12-16T23:00:00", "date": "2025-12-16", "hour": 23}}, {"type": "Feature", "geometry": {"type": "Point", "coordinates": [11.0, 54.0]}, "properties": {"value": 0.158, "time": "2025-12-16T23:00:00", "date": "2025-12-16", "hour": 23}}, {"type": "Feature", "geometry": {"type": "Point", "coordinates": [14.0, 54.0]}, "properties": {"value": 0.279, "time": "2025-12-16T23:00:00", "date": "2025-12-16", "hour": 23}}, {"type": "Feature", "geometry": {"type": "Point", "coordinates": [14.5, 54.0]}, "properties": {"value": 0.325, "time": "2025-12-16T23:00:00", "date": "2025-12-16", "hour": 23}}, {"type": "Feature", "geometry": {"type": "Point", "coordinates": [15.0, 54.0]}, "properties": {"value": 0.346, "time": "2025-12-16T23:00:00", "date": "2025-12-16", "hour": 23}}, {"type": "Feature", "geometry": {"type": "Point", "coordinates": [5.0, 54.5]}, "properties": {"value": 0.795, "time": "2025-12-16T23:00:00", "date": "2025-12-16", "hour": 23}}, {"type": "Feature", "geometry": {"type": "Point", "coordinates": [5.5, 54.5]}, "properties": {"value": 0.835, "time": "2025-12-16T23:00:00", "date": "2025-12-16", "hour": 23}}, {"type": "Feature", "geometry": {"type": "Point", "coordinates": [6.0, 54.5]}, "properties": {"value": 0.841, "time": "2025-12-16T23:00:00", "date": "2025-12-16", "hour": 23}}, {"type": "Feature", "geometry": {"type": "Point", "coordinates": [6.5, 54.5]}, "properties": {"value": 0.826, "time": "2025-12-16T23:00:00", "date": "2025-12-16", "hour": 23}}, {"type": "Feature", "geometry": {"type": "Point", "coordinates": [7.0, 54.5]}, "properties": {"value": 0.791, "time": "2025-12-16T23:00:00", "date": "2025-12-16", "hour": 23}}, {"type": "Feature", "geometry": {"type": "Point", "coordinates": [7.5, 54.5]}, "properties": {"value": 0.747, "time": "2025-12-16T23:00:00", "date": "2025-12-16", "hour": 23}}, {"type": "Feature", "geometry": {"type": "Point", "coordinates": [8.0, 54.5]}, "properties": {"value": 0.684, "time": "2025-12-16T23:00:00", "date": "2025-12-16", "hour": 23}}, {"type": "Feature", "geometry": {"type": "Point", "coordinates": [8.5, 54.5]}, "properties": {"value": 0.519, "time": "2025-12-16T23:00:00", "date": "2025-12-16", "hour": 23}}, {"type": "Feature", "geometry": {"type": "Point", "coordinates": [11.0, 54.5]}, "properties": {"value": 0.445, "time": "2025-12-16T23:00:00", "date": "2025-12-16", "hour": 23}}, {"type": "Feature", "geometry": {"type": "Point", "coordinates": [11.5, 54.5]}, "properties": {"value": 0.452, "time": "2025-12-16T23:00:00", "date": "2025-12-16", "hour": 23}}, {"type": "Feature", "geometry": {"type": "Point", "coordinates": [12.0, 54.5]}, "properties": {"value": 0.368, "time": "2025-12-16T23:00:00", "date": "2025-12-16", "hour": 23}}, {"type": "Feature", "geometry": {"type": "Point", "coordinates": [12.5, 54.5]}, "properties": {"value": 0.363, "time": "2025-12-16T23:00:00", "date": "2025-12-16", "hour": 23}}, {"type": "Feature", "geometry": {"type": "Point", "coordinates": [13.0, 54.5]}, "properties": {"value": 0.276, "time": "2025-12-16T23:00:00", "date": "2025-12-16", "hour": 23}}, {"type": "Feature", "geometry": {"type": "Point", "coordinates": [13.5, 54.5]}, "properties": {"value": 0.423, "time": "2025-12-16T23:00:00", "date": "2025-12-16", "hour": 23}}, {"type": "Feature", "geometry": {"type": "Point", "coordinates": [14.0, 54.5]}, "properties": {"value": 0.561, "time": "2025-12-16T23:00:00", "date": "2025-12-16", "hour": 23}}, {"type": "Feature", "geometry": {"type": "Point", "coordinates": [14.5, 54.5]}, "properties": {"value": 0.635, "time": "2025-12-16T23:00:00", "date": "2025-12-16", "hour": 23}}, {"type": "Feature", "geometry": {"type": "Point", "coordinates": [15.0, 54.5]}, "properties": {"value": 0.595, "time": "2025-12-16T23:00:00", "date": "2025-12-16", "hour": 23}}, {"type": "Feature", "geometry": {"type": "Point", "coordinates": [5.0, 55.0]}, "properties": {"value": 0.868, "time": "2025-12-16T23:00:00", "date": "2025-12-16", "hour": 23}}, {"type": "Feature", "geometry": {"type": "Point", "coordinates": [5.5, 55.0]}, "properties": {"value": 0.905, "time": "2025-12-16T23:00:00", "date": "2025-12-16", "hour": 23}}, {"type": "Feature", "geometry": {"type": "Point", "coordinates": [6.0, 55.0]}, "properties": {"value": 0.937, "time": "2025-12-16T23:00:00", "date": "2025-12-16", "hour": 23}}, {"type": "Feature", "geometry": {"type": "Point", "coordinates": [6.5, 55.0]}, "properties": {"value": 0.946, "time": "2025-12-16T23:00:00", "date": "2025-12-16", "hour": 23}}, {"type": "Feature", "geometry": {"type": "Point", "coordinates": [7.0, 55.0]}, "properties": {"value": 0.936, "time": "2025-12-16T23:00:00", "date": "2025-12-16", "hour": 23}}, {"type": "Feature", "geometry": {"type": "Point", "coordinates": [7.5, 55.0]}, "properties": {"value": 0.89, "time": "2025-12-16T23:00:00", "date": "2025-12-16", "hour": 23}}, {"type": "Feature", "geometry": {"type": "Point", "coordinates": [8.0, 55.0]}, "properties": {"value": 0.814, "time": "2025-12-16T23:00:00", "date": "2025-12-16", "hour": 23}}, {"type": "Feature", "geometry": {"type": "Point", "coordinates": [8.5, 55.0]}, "properties": {"value": 0.659, "time": "2025-12-16T23:00:00", "date": "2025-12-16", "hour": 23}}, {"type": "Feature", "geometry": {"type": "Point", "coordinates": [10.0, 55.0]}, "properties": {"value": 0.169, "time": "2025-12-16T23:00:00", "date": "2025-12-16", "hour": 23}}, {"type": "Feature", "geometry": {"type": "Point", "coordinates": [10.5, 55.0]}, "properties": {"value": 0.289, "time": "2025-12-16T23:00:00", "date": "2025-12-16", "hour": 23}}, {"type": "Feature", "geometry": {"type": "Point", "coordinates": [11.0, 55.0]}, "properties": {"value": 0.383, "time": "2025-12-16T23:00:00", "date": "2025-12-16", "hour": 23}}, {"type": "Feature", "geometry": {"type": "Point", "coordinates": [11.5, 55.0]}, "properties": {"value": 0.434, "time": "2025-12-16T23:00:00", "date": "2025-12-16", "hour": 23}}, {"type": "Feature", "geometry": {"type": "Point", "coordinates": [12.5, 55.0]}, "properties": {"value": 0.574, "time": "2025-12-16T23:00:00", "date": "2025-12-16", "hour": 23}}, {"type": "Feature", "geometry": {"type": "Point", "coordinates": [13.0, 55.0]}, "properties": {"value": 0.586, "time": "2025-12-16T23:00:00", "date": "2025-12-16", "hour": 23}}, {"type": "Feature", "geometry": {"type": "Point", "coordinates": [13.5, 55.0]}, "properties": {"value": 0.62, "time": "2025-12-16T23:00:00", "date": "2025-12-16", "hour": 23}}, {"type": "Feature", "geometry": {"type": "Point", "coordinates": [14.0, 55.0]}, "properties": {"value": 0.688, "time": "2025-12-16T23:00:00", "date": "2025-12-16", "hour": 23}}, {"type": "Feature", "geometry": {"type": "Point", "coordinates": [14.5, 55.0]}, "properties": {"value": 0.76, "time": "2025-12-16T23:00:00", "date": "2025-12-16", "hour": 23}}, {"type": "Feature", "geometry": {"type": "Point", "coordinates": [15.0, 55.0]}, "properties": {"value": 0.724, "time": "2025-12-16T23:00:00", "date": "2025-12-16", "hour": 23}}]}